ISO-10303-21;
HEADER;
FILE_DESCRIPTION (( 'STEP AP214' ),
    '1' );
FILE_NAME ('MT29F4G01ABAFD12-AAT_F.STEP',
    '2025-05-28T11:51:08',
    ( '' ),
    ( '' ),
    'SwSTEP 2.0',
    'SolidWorks 2024',
    '' );
FILE_SCHEMA (( 'AUTOMOTIVE_DESIGN' ));
ENDSEC;

DATA;
#1 =( BOUNDED_SURFACE ( )  B_SPLINE_SURFACE ( 3, 3, ( 
 ( #1166, #1633, #1944, #756 ),
 ( #3226, #445, #4065, #4826 ),
 ( #4848, #2822, #3965, #391 ),
 ( #49, #2389, #2775, #1133 ) ),
 .UNSPECIFIED., .F., .F., .F. ) 
 B_SPLINE_SURFACE_WITH_KNOTS ( ( 4, 4 ),
 ( 4, 4 ),
 ( 0.000000000000000000, 1.000000000000000000 ),
 ( 0.000000000000000000, 1.000000000000000000 ),
 .UNSPECIFIED. ) 
 GEOMETRIC_REPRESENTATION_ITEM ( )  RATIONAL_B_SPLINE_SURFACE ( (
 ( 1.000000000000000000, 0.3333333333333334259, 0.3333333333333334259, 1.000000000000000000),
 ( 0.3333333333333333703, 0.1111111111111111605, 0.1111111111111111605, 0.3333333333333333703),
 ( 0.3333333333333333703, 0.1111111111111111605, 0.1111111111111111605, 0.3333333333333333703),
 ( 1.000000000000000000, 0.3333333333333334259, 0.3333333333333334259, 1.000000000000000000) ) ) 
 REPRESENTATION_ITEM ( '' )  SURFACE ( )  );
#2 = VERTEX_POINT ( 'NONE', #2026 ) ;
#3 = CARTESIAN_POINT ( 'NONE',  ( 2.200000000000011280, 0.2000000000000028699, 1.000000000000003775 ) ) ;
#4 = CARTESIAN_POINT ( 'NONE',  ( 3.000000000000002665, 0.3000000000000020428, -4.336808689942017736E-16 ) ) ;
#5 = CARTESIAN_POINT ( 'NONE',  ( 0.1570245032850228761, 0.3000000000000003775, -1.924375179897317212 ) ) ;
#6 = CARTESIAN_POINT ( 'NONE',  ( -1.890501046776031702, 0.2999999999999987677, -0.1355942007990180442 ) ) ;
#7 = CARTESIAN_POINT ( 'NONE',  ( -0.9799448313702516788, 0.2999999999999991007, -2.172040083152829926 ) ) ;
#8 = ORIENTED_EDGE ( 'NONE', *, *, #1841, .T. ) ;
#9 = CARTESIAN_POINT ( 'NONE',  ( -0.7999999999999934941, 1.000000000000003109, 2.400000000000006573 ) ) ;
#10 = FACE_OUTER_BOUND ( 'NONE', #483, .T. ) ;
#11 =( LENGTH_UNIT ( ) NAMED_UNIT ( * ) SI_UNIT ( .MILLI., .METRE. ) );
#12 = PRODUCT_DEFINITION_CONTEXT ( 'detailed design', #1749, 'design' ) ;
#13 =( NAMED_UNIT ( * ) PLANE_ANGLE_UNIT ( ) SI_UNIT ( $, .RADIAN. ) );
#14 = CARTESIAN_POINT ( 'NONE',  ( -1.199999999999994404, 0.2000000000000007883, 1.000000000000003775 ) ) ;
#15 = PRODUCT_DEFINITION_SHAPE ( 'NONE', 'NONE',  #5244 ) ;
#16 = CARTESIAN_POINT ( 'NONE',  ( -0.8267949192431048866, 0.2999999999999991007, 2.000000000000005773 ) ) ;
#17 = CARTESIAN_POINT ( 'NONE',  ( 0.8647492450987638302, 0.3000000000000006550, 0.8918000309674569692 ) ) ;
#18 = B_SPLINE_CURVE_WITH_KNOTS ( 'NONE', 3,
 ( #2017, #1289, #2044, #3669, #4010, #2846, #39, #2498, #1238, #4841, #3589, #3194, #2901, #1992, #1267, #2815, #885, #2874, #4428, #1963, #799, #2411, #1574, #1628, #410, #3643, #4817, #3247, #830, #4490, #1725 ),
 .UNSPECIFIED., .F., .F.,
 ( 4, 3, 3, 3, 3, 3, 3, 3, 3, 3, 4 ),
 ( 0.0005414071114497592948, 0.0005995644190492004175, 0.0006577217266486416487, 0.0007158790342480346328, 0.0007740363418475238941, 0.0008321936494469653420, 0.0008903509570464066816, 0.0009485082646458479127, 0.001006665572245544040, 0.001064822879844730267, 0.001082814222899518156 ),
 .UNSPECIFIED. ) ;
#19 = SURFACE_SIDE_STYLE ('',( #417 ) ) ;
#20 = CARTESIAN_POINT ( 'NONE',  ( -1.108249887643472542, 0.2999999999999817257, -0.1365934474000988219 ) ) ;
#21 = DIRECTION ( 'NONE',  ( 0.000000000000000000, 1.000000000000000000, 1.224646799147353207E-16 ) ) ;
#22 = SHAPE_REPRESENTATION_RELATIONSHIP ( 'NONE' , 'NONE' ,  #209, #1020 ) ;
#23 = PRODUCT_RELATED_PRODUCT_CATEGORY ( 'part', '', ( #3826 ) ) ;
#24 = CARTESIAN_POINT ( 'NONE',  ( 0.8267949192431185423, 0.3000000000000004885, 2.000000000000005329 ) ) ;
#25 = CARTESIAN_POINT ( 'NONE',  ( -1.842975496714978956, 0.2999999999999987121, 1.075624820102685231 ) ) ;
#26 = CARTESIAN_POINT ( 'NONE',  ( -2.136766436603459773, 0.2999999999999984901, 0.1080312448612138765 ) ) ;
#27 = ADVANCED_FACE ( 'NONE', ( #2779, #734 ), #3253, .T. ) ;
#28 = DIRECTION ( 'NONE',  ( 1.000000000000000000, 0.000000000000000000, 0.000000000000000000 ) ) ;
#29 = CARTESIAN_POINT ( 'NONE',  ( 1.941556073514236092, 0.3000000000000012657, 0.1641953577431325417 ) ) ;
#30 =( BOUNDED_SURFACE ( )  B_SPLINE_SURFACE ( 3, 3, ( 
 ( #856, #71, #4037, #2465 ),
 ( #4926, #2437, #5221, #3698 ),
 ( #3218, #9, #3278, #1207 ),
 ( #4902, #2855, #4869, #2069 ) ),
 .UNSPECIFIED., .F., .F., .F. ) 
 B_SPLINE_SURFACE_WITH_KNOTS ( ( 4, 4 ),
 ( 4, 4 ),
 ( 0.000000000000000000, 1.000000000000000000 ),
 ( 0.000000000000000000, 1.000000000000000000 ),
 .UNSPECIFIED. ) 
 GEOMETRIC_REPRESENTATION_ITEM ( )  RATIONAL_B_SPLINE_SURFACE ( (
 ( 1.000000000000000000, 0.3333333333333332038, 0.3333333333333332038, 1.000000000000000000),
 ( 0.3333333333333333703, 0.1111111111111110772, 0.1111111111111110772, 0.3333333333333333703),
 ( 0.3333333333333333703, 0.1111111111111110772, 0.1111111111111110772, 0.3333333333333333703),
 ( 1.000000000000000000, 0.3333333333333332038, 0.3333333333333332038, 1.000000000000000000) ) ) 
 REPRESENTATION_ITEM ( '' )  SURFACE ( )  );
#31 = DIRECTION ( 'NONE',  ( 6.866613759074861087E-16, -1.000000000000000000, 0.000000000000000000 ) ) ;
#32 = CARTESIAN_POINT ( 'NONE',  ( -0.0007997903778774453562, 0.2999999999999999889, -1.825715266351809474 ) ) ;
#33 = CARTESIAN_POINT ( 'NONE',  ( -1.799999999999994493, 0.1999999999999999833, 3.011273146976464912E-15 ) ) ;
#34 = CLOSED_SHELL ( 'NONE', ( #4966, #3971, #3979 ) ) ;
#35 = CARTESIAN_POINT ( 'NONE',  ( -0.8297907643179004422, 0.2999999999999988787, -2.037478315543573615 ) ) ;
#36 = ORIENTED_EDGE ( 'NONE', *, *, #3231, .T. ) ;
#37 = STYLED_ITEM ( 'NONE', ( #176 ), #1018 ) ;
#38 = FILL_AREA_STYLE_COLOUR ( '', #1730 ) ;
#39 = CARTESIAN_POINT ( 'NONE',  ( 0.1352507549012509358, 0.3000000000000002109, 1.108199969032550580 ) ) ;
#40 =( REPRESENTATION_RELATIONSHIP ('NONE','NONE', #2642, #654 ) REPRESENTATION_RELATIONSHIP_WITH_TRANSFORMATION ( #2503 )SHAPE_REPRESENTATION_RELATIONSHIP( ) );
#41 = SURFACE_SIDE_STYLE ('',( #4061 ) ) ;
#42 = CARTESIAN_POINT ( 'NONE',  ( -0.1231406042178721516, 0.2999999999999999334, 1.876662253789350032 ) ) ;
#43 = AXIS2_PLACEMENT_3D ( 'NONE', #3691, #2461, #1231 ) ;
#44 = ITEM_DEFINED_TRANSFORMATION ( 'NONE', 'NONE', #1335,  #1744 ) ;
#45 = CARTESIAN_POINT ( 'NONE',  ( -1.199999999999994182, 1.000000000000001554, -1.399999999999997913 ) ) ;
#46 = CIRCLE ( 'NONE', #4961, 0.2000000000000005107 ) ;
#47 = CARTESIAN_POINT ( 'NONE',  ( 1.200000000000008393, 0.2000000000000021483, 1.000000000000003997 ) ) ;
#48 = CARTESIAN_POINT ( 'NONE',  ( 0.1231406042178864041, 0.3000000000000000999, 2.123337746210660182 ) ) ;
#49 = CARTESIAN_POINT ( 'NONE',  ( -1.799999999999994271, 0.2000000000000000666, 2.000000000000005329 ) ) ;
#50 = CARTESIAN_POINT ( 'NONE',  ( -0.8267949192431048866, 0.2999999999999993228, 3.062871137271550026E-15 ) ) ;
#51 = COLOUR_RGB ( '',0.7921568627450980005, 0.8196078431372548767, 0.9333333333333333481 ) ;
#52 = VERTEX_POINT ( 'NONE', #3683 ) ;
#53 = VERTEX_POINT ( 'NONE', #1217 ) ;
#54 = DIRECTION ( 'NONE',  ( 0.7071067811865474617, 0.000000000000000000, -0.7071067811865474617 ) ) ;
#55 = CARTESIAN_POINT ( 'NONE',  ( 2.200000000000011280, 0.2000000000000028422, 3.060259018942359918E-15 ) ) ;
#56 = PRESENTATION_LAYER_ASSIGNMENT (  '', '', ( #2323 ) ) ;
#57 = CARTESIAN_POINT ( 'NONE',  ( 2.039310546881611508, 0.3000000000000014322, -2.169795432657471324 ) ) ;
#58 = VERTEX_POINT ( 'NONE', #4828 ) ;
#59 = DIRECTION ( 'NONE',  ( 0.000000000000000000, 0.000000000000000000, 1.000000000000000000 ) ) ;
#60 = PLANE ( 'NONE',  #3342 ) ;
#61 = CARTESIAN_POINT ( 'NONE',  ( 0.8517911963808557640, 0.2999999999992785105, 2.091705826299779414 ) ) ;
#62 = FILL_AREA_STYLE ('',( #2036 ) ) ;
#63 = FACE_OUTER_BOUND ( 'NONE', #2788, .T. ) ;
#64 = EDGE_CURVE ( 'NONE', #3885, #3033, #2800, .T. ) ;
#65 = CARTESIAN_POINT ( 'NONE',  ( -0.8768673050863129426, 0.2999999999999998224, -2.121812722830148434 ) ) ;
#66 = PRODUCT_DEFINITION_CONTEXT ( 'detailed design', #2454, 'design' ) ;
#67 = ORIENTED_EDGE ( 'NONE', *, *, #2551, .F. ) ;
#68 = PRODUCT_DEFINITION_FORMATION_WITH_SPECIFIED_SOURCE ( 'ANY', '', #4897, .NOT_KNOWN. ) ;
#69 = APPLICATION_CONTEXT ( 'automotive_design' ) ;
#70 =( LENGTH_UNIT ( ) NAMED_UNIT ( * ) SI_UNIT ( .MILLI., .METRE. ) );
#71 = CARTESIAN_POINT ( 'NONE',  ( -1.199999999999994627, 0.2000000000000007883, 2.000000000000005329 ) ) ;
#72 = CARTESIAN_POINT ( 'NONE',  ( 2.200000000000011280, 0.2000000000000028422, -0.9999999999999978906 ) ) ;
#73 = CARTESIAN_POINT ( 'NONE',  ( -0.1352507549012370025, 0.2999999999999999334, 1.891800030967458301 ) ) ;
#74 = EDGE_CURVE ( 'NONE', #3822, #1975, #2266, .T. ) ;
#75 = PLANE ( 'NONE',  #4787 ) ;
#76 = CARTESIAN_POINT ( 'NONE',  ( 1.093297801430830107, 0.3000000000000005995, -2.147211848353464347 ) ) ;
#77 = CARTESIAN_POINT ( 'NONE',  ( -0.05844392648576798160, 0.3000000000000000999, 2.164195357743134984 ) ) ;
#78 = FILL_AREA_STYLE_COLOUR ( '', #3451 ) ;
#79 = CARTESIAN_POINT ( 'NONE',  ( 1.979944831370268554, 0.3000000000000014877, 1.172040083152835477 ) ) ;
#80 =( LENGTH_UNIT ( ) NAMED_UNIT ( * ) SI_UNIT ( .MILLI., .METRE. ) );
#81 = UNCERTAINTY_MEASURE_WITH_UNIT (LENGTH_MEASURE( 1.000000000000000082E-05 ), #2607, 'distance_accuracy_value', 'NONE');
#82 = EDGE_LOOP ( 'NONE', ( #1368, #2724 ) ) ;
#83 = PRODUCT_DEFINITION_CONTEXT ( 'detailed design', #1325, 'design' ) ;
#84 = PLANE ( 'NONE',  #881 ) ;
#85 = CARTESIAN_POINT ( 'NONE',  ( -2.199999999999994849, 0.2000000000000000666, 0.6000000000000028644 ) ) ;
#86 = CARTESIAN_POINT ( 'NONE',  ( -1.891750112356516134, 0.2999999999999810041, 1.136593447400105594 ) ) ;
#87 = CARTESIAN_POINT ( 'NONE',  ( 0.000000000000000000, 0.000000000000000000, 0.000000000000000000 ) ) ;
#88 = CARTESIAN_POINT ( 'NONE',  ( 3.000000000000002665, 0.3000000000000020428, 2.000000000000001332 ) ) ;
#89 = ORIENTED_EDGE ( 'NONE', *, *, #591, .T. ) ;
#90 = SHAPE_DEFINITION_REPRESENTATION ( #1745, #3592 ) ;
#91 = CARTESIAN_POINT ( 'NONE',  ( 2.169858099265515428, 0.3000000000000014322, 0.03903888012455385831 ) ) ;
#92 = CARTESIAN_POINT ( 'NONE',  ( 2.163441301275270678, 0.3000000000000017653, -0.9426681498863815900 ) ) ;
#93 = CARTESIAN_POINT ( 'NONE',  ( 1.200000000000008393, 0.2000000000000022315, -2.400000000000000355 ) ) ;
#94 = DIRECTION ( 'NONE',  ( 6.930918406685709091E-16, -1.000000000000000000, 0.000000000000000000 ) ) ;
#95 = ORIENTED_EDGE ( 'NONE', *, *, #288, .F. ) ;
#96 = CARTESIAN_POINT ( 'NONE',  ( -1.199999999999994182, 0.2000000000000007327, -0.5999999999999967581 ) ) ;
#97 =( NAMED_UNIT ( * ) PLANE_ANGLE_UNIT ( ) SI_UNIT ( $, .RADIAN. ) );
#98 = FACE_BOUND ( 'NONE', #4683, .T. ) ;
#99 = ADVANCED_FACE ( 'NONE', ( #4936, #2888 ), #3653, .T. ) ;
#100 = CONTEXT_DEPENDENT_SHAPE_REPRESENTATION ( #1400, #272 ) ;
#101 = CARTESIAN_POINT ( 'NONE',  ( -1.199999999999994627, 1.000000000000002887, 0.6000000000000028644 ) ) ;
#102 = CARTESIAN_POINT ( 'NONE',  ( -2.400000000000000799, 1.099999999999998090, -3.399999999999999467 ) ) ;
#103 = CARTESIAN_POINT ( 'NONE',  ( 0.9246264638598128416, 0.2999999999999831690, 0.8428547229561358378 ) ) ;
#104 = SURFACE_STYLE_FILL_AREA ( #3707 ) ;
#105 = CARTESIAN_POINT ( 'NONE',  ( -1.147360905584612345, 0.2999999999999991007, -0.09306219185442368702 ) ) ;
#106 =( NAMED_UNIT ( * ) SI_UNIT ( $, .STERADIAN. ) SOLID_ANGLE_UNIT ( ) );
#107 = VERTEX_POINT ( 'NONE', #2970 ) ;
#108 = DIRECTION ( 'NONE',  ( 1.000000000000000000, 6.866613759074861087E-16, 0.000000000000000000 ) ) ;
#109 = CARTESIAN_POINT ( 'NONE',  ( 0.2000000000000074218, -0.6000000000000004219, -2.399999999999999911 ) ) ;
#110 = DIRECTION ( 'NONE',  ( 0.000000000000000000, 1.000000000000000000, 1.224646799147353207E-16 ) ) ;
#111 = DIRECTION ( 'NONE',  ( 0.000000000000000000, 0.000000000000000000, 1.000000000000000000 ) ) ;
#112 = CARTESIAN_POINT ( 'NONE',  ( 1.800000000000010481, 0.2000000000000028422, -1.999999999999998668 ) ) ;
#113 = EDGE_LOOP ( 'NONE', ( #1175, #820 ) ) ;
#114 = PRODUCT_CONTEXT ( 'NONE', #1551, 'mechanical' ) ;
#115 = SHAPE_REPRESENTATION ( 'MT25QL256ABA8E12-1SIT TR_23', ( #1744 ), #4284 ) ;
#116 = CARTESIAN_POINT ( 'NONE',  ( -3.000000000000000444, 1.199999999999997957, -4.000000000000000000 ) ) ;
#117 = CARTESIAN_POINT ( 'NONE',  ( -0.07587086395829192864, 0.2999999999999996558, -1.844296396951701222 ) ) ;
#118 = CARTESIAN_POINT ( 'NONE',  ( 0.8000000000000072609, 1.000000000000004663, -2.400000000000000355 ) ) ;
#119 = DIRECTION ( 'NONE',  ( 6.866613759074861087E-16, -1.000000000000000000, 0.000000000000000000 ) ) ;
#120 = CARTESIAN_POINT ( 'NONE',  ( -0.1999999999999935718, 0.2000000000000014266, 2.000000000000005329 ) ) ;
#121 = ORIENTED_EDGE ( 'NONE', *, *, #5131, .T. ) ;
#122 = CARTESIAN_POINT ( 'NONE',  ( -0.01910867362816131426, 0.2999999999999997669, 0.8267641300433430374 ) ) ;
#123 = CARTESIAN_POINT ( 'NONE',  ( -0.1473609055846113736, 0.2999999999999999334, 1.906937808145578561 ) ) ;
#124 = CARTESIAN_POINT ( 'NONE',  ( -1.876859395782115802, 0.2999999999999987677, 2.123337746210661070 ) ) ;
#125 = PRODUCT_DEFINITION ( 'UNKNOWN', '', #3109, #660 ) ;
#126 = AXIS2_PLACEMENT_3D ( 'NONE', #4504, #2993, #108 ) ;
#127 = CARTESIAN_POINT ( 'NONE',  ( 2.200000000000008171, -0.5999999999999989786, 1.600000000000004530 ) ) ;
#128 = CARTESIAN_POINT ( 'NONE',  ( -0.8351843064735195998, 0.2999999999992769006, -1.056670938009931060 ) ) ;
#129 = CIRCLE ( 'NONE', #43, 0.2000000000000005107 ) ;
#130 = DIRECTION ( 'NONE',  ( 0.000000000000000000, -1.000000000000000000, 0.000000000000000000 ) ) ;
#131 =( NAMED_UNIT ( * ) PLANE_ANGLE_UNIT ( ) SI_UNIT ( $, .RADIAN. ) );
#132 = ADVANCED_FACE ( 'NONE', ( #2913 ), #84, .F. ) ;
#133 = UNCERTAINTY_MEASURE_WITH_UNIT (LENGTH_MEASURE( 1.000000000000000082E-05 ), #5075, 'distance_accuracy_value', 'NONE');
#134 = AXIS2_PLACEMENT_3D ( 'NONE', #5042, #4673, #5124 ) ;
#135 = CARTESIAN_POINT ( 'NONE',  ( 2.200000000000010836, 0.2000000000000029254, -1.399999999999998135 ) ) ;
#136 = CARTESIAN_POINT ( 'NONE',  ( -0.1999999999999935996, 0.2000000000000014266, -2.399999999999999911 ) ) ;
#137 = CARTESIAN_POINT ( 'NONE',  ( 1.164815693526482177, 0.2999999999992786215, -0.05667093800993041469 ) ) ;
#138 = DIRECTION ( 'NONE',  ( 1.000000000000000000, 0.000000000000000000, 0.000000000000000000 ) ) ;
#139 = CARTESIAN_POINT ( 'NONE',  ( 1.800000000000010258, -0.5999999999999989786, -1.599999999999997646 ) ) ;
#140 = COLOUR_RGB ( '',0.7921568627450980005, 0.8196078431372548767, 0.9333333333333333481 ) ;
#141 = VERTEX_POINT ( 'NONE', #160 ) ;
#142 = SHAPE_DEFINITION_REPRESENTATION ( #4648, #1924 ) ;
#143 = AXIS2_PLACEMENT_3D ( 'NONE', #1912, #1937, #356 ) ;
#144 = CARTESIAN_POINT ( 'NONE',  ( -2.199999999999994849, 1.000000000000000888, -1.399999999999997913 ) ) ;
#145 = CARTESIAN_POINT ( 'NONE',  ( -0.1094989532239564745, 0.2999999999999998224, 0.1355942007990241227 ) ) ;
#146 = CARTESIAN_POINT ( 'NONE',  ( -1.799999999999994271, 0.2000000000000000666, 3.011273146976464912E-15 ) ) ;
#147 = CARTESIAN_POINT ( 'NONE',  ( -2.169858099265499440, 0.2999999999999984901, 0.9609611198754530736 ) ) ;
#148 = STYLED_ITEM ( 'NONE', ( #4127 ), #4488 ) ;
#149 = EDGE_LOOP ( 'NONE', ( #493, #2274, #3540 ) ) ;
#150 = CARTESIAN_POINT ( 'NONE',  ( -2.199999999999995293, 0.2000000000000000666, 2.000000000000005329 ) ) ;
#151 = COLOUR_RGB ( '',0.7921568627450980005, 0.8196078431372548767, 0.9333333333333333481 ) ;
#152 = CARTESIAN_POINT ( 'NONE',  ( 0.1702092356821002517, 0.3000000000000002665, 0.9625216844564289387 ) ) ;
#153 = CARTESIAN_POINT ( 'NONE',  ( 1.173205080756897001, 0.3000000000000007661, 3.062871137271550026E-15 ) ) ;
#154 = EDGE_CURVE ( 'NONE', #3504, #3556, #4887, .T. ) ;
#155 = CARTESIAN_POINT ( 'NONE',  ( 2.093297801430832994, 0.3000000000000013767, -0.1472118483534627098 ) ) ;
#156 = CARTESIAN_POINT ( 'NONE',  ( 1.800000000000006484, 0.2000000000000027589, 2.400000000000006128 ) ) ;
#157 = CARTESIAN_POINT ( 'NONE',  ( -0.1732050807568822903, 0.3000000000000000444, 2.006075034922779388 ) ) ;
#158 =( LENGTH_UNIT ( ) NAMED_UNIT ( * ) SI_UNIT ( .MILLI., .METRE. ) );
#159 = CARTESIAN_POINT ( 'NONE',  ( -1.979944831370252567, 0.2999999999999986011, 1.827959916847174071 ) ) ;
#160 = CARTESIAN_POINT ( 'NONE',  ( -1.826794919243105664, 0.2999999999999987121, 3.062871137271550026E-15 ) ) ;
#161 = DIRECTION ( 'NONE',  ( 0.000000000000000000, 1.000000000000000000, 1.224646799147353207E-16 ) ) ;
#162 = ADVANCED_FACE ( 'NONE', ( #4131 ), #3290, .F. ) ;
#163 = CARTESIAN_POINT ( 'NONE',  ( 0.8647492450987636081, 0.3000000000000004885, -0.1081999690325438357 ) ) ;
#164 = CARTESIAN_POINT ( 'NONE',  ( -0.8647492450987500634, 0.2999999999999992673, -0.8918000309674509740 ) ) ;
#165 = ORIENTED_EDGE ( 'NONE', *, *, #4606, .T. ) ;
#166 = CARTESIAN_POINT ( 'NONE',  ( 0.000000000000000000, 0.000000000000000000, 0.000000000000000000 ) ) ;
#167 = EDGE_CURVE ( 'NONE', #2733, #1902, #4704, .T. ) ;
#168 =( BOUNDED_SURFACE ( )  B_SPLINE_SURFACE ( 3, 3, ( 
 ( #1932, #4402, #3188, #3978 ),
 ( #2351, #4742, #1526, #3538 ),
 ( #1181, #5141, #303, #2759 ),
 ( #3618, #3615, #4346, #4814 ) ),
 .UNSPECIFIED., .F., .F., .F. ) 
 B_SPLINE_SURFACE_WITH_KNOTS ( ( 4, 4 ),
 ( 4, 4 ),
 ( 0.000000000000000000, 1.000000000000000000 ),
 ( 0.000000000000000000, 1.000000000000000000 ),
 .UNSPECIFIED. ) 
 GEOMETRIC_REPRESENTATION_ITEM ( )  RATIONAL_B_SPLINE_SURFACE ( (
 ( 1.000000000000000000, 0.3333333333333334259, 0.3333333333333334259, 1.000000000000000000),
 ( 0.3333333333333333703, 0.1111111111111111605, 0.1111111111111111605, 0.3333333333333333703),
 ( 0.3333333333333333703, 0.1111111111111111605, 0.1111111111111111605, 0.3333333333333333703),
 ( 1.000000000000000000, 0.3333333333333334259, 0.3333333333333334259, 1.000000000000000000) ) ) 
 REPRESENTATION_ITEM ( '' )  SURFACE ( )  );
#169 = CARTESIAN_POINT ( 'NONE',  ( 0.8000000000000073719, 1.000000000000004663, 1.600000000000004752 ) ) ;
#170 = CARTESIAN_POINT ( 'NONE',  ( -1.199999999999994404, 0.2000000000000007605, 1.000000000000003997 ) ) ;
#171 = CARTESIAN_POINT ( 'NONE',  ( 1.173205080756897001, 0.3000000000000005440, -1.980614230800184838 ) ) ;
#172 = CARTESIAN_POINT ( 'NONE',  ( -1.941556073514219438, 0.2999999999999985456, 0.8358046422568745637 ) ) ;
#173 = VERTEX_POINT ( 'NONE', #3340 ) ;
#174 = CARTESIAN_POINT ( 'NONE',  ( -1.199999999999994404, 0.2000000000000007605, 3.035766082959412415E-15 ) ) ;
#175 = FACE_OUTER_BOUND ( 'NONE', #4130, .T. ) ;
#176 = PRESENTATION_STYLE_ASSIGNMENT (( #2231 ) ) ;
#177 = CARTESIAN_POINT ( 'NONE',  ( 1.876859395782131790, 0.3000000000000013212, 0.8766622537893486999 ) ) ;
#178 = DIRECTION ( 'NONE',  ( -1.000000000000000000, 0.000000000000000000, 0.000000000000000000 ) ) ;
#179 =( NAMED_UNIT ( * ) PLANE_ANGLE_UNIT ( ) SI_UNIT ( $, .RADIAN. ) );
#180 = CARTESIAN_POINT ( 'NONE',  ( -1.136766436603459551, 0.2999999999999992117, 2.108031244861215736 ) ) ;
#181 = CARTESIAN_POINT ( 'NONE',  ( -0.1722462334691329255, 0.2999999999999996558, 2.018199864166946078 ) ) ;
#182 = SURFACE_STYLE_FILL_AREA ( #3807 ) ;
#183 = CARTESIAN_POINT ( 'NONE',  ( -2.019108673628163153, 0.2999999999999982125, 1.826764130043344370 ) ) ;
#184 = UNCERTAINTY_MEASURE_WITH_UNIT (LENGTH_MEASURE( 1.000000000000000082E-05 ), #1950, 'distance_accuracy_value', 'NONE');
#185 = CARTESIAN_POINT ( 'NONE',  ( 2.200000000000011280, 0.2000000000000028699, -1.999999999999998668 ) ) ;
#186 = DIRECTION ( 'NONE',  ( 0.000000000000000000, -0.000000000000000000, -1.000000000000000000 ) ) ;
#187 =( NAMED_UNIT ( * ) SI_UNIT ( $, .STERADIAN. ) SOLID_ANGLE_UNIT ( ) );
#188 = CARTESIAN_POINT ( 'NONE',  ( 1.999200209622127078, 0.3000000000000012657, -0.8257152663518081415 ) ) ;
#189 = CARTESIAN_POINT ( 'NONE',  ( 2.200000000000011724, 0.2000000000000028144, -1.599999999999997424 ) ) ;
#190 = PRODUCT_DEFINITION ( 'UNKNOWN', '', #488, #3228 ) ;
#191 = B_SPLINE_CURVE_WITH_KNOTS ( 'NONE', 3,
 ( #891, #2967, #1295, #1322, #4466, #3648, #17, #945, #3675, #2079, #103, #2881, #2022, #1708, #2047, #1685, #4150, #2935, #4953, #444, #4562, #4987, #922, #2443, #4497, #2533, #1732, #522, #2134, #3705, #474 ),
 .UNSPECIFIED., .F., .F.,
 ( 4, 3, 3, 3, 3, 3, 3, 3, 3, 3, 4 ),
 ( 0.000000000000000000, 5.815730759944133277E-05, 0.0001163146151988827198, 0.0001744719227982761782, 0.0002326292303977652769, 0.0002907865379972067519, 0.0003489438455966478204, 0.0004071011531960888889, 0.0004652584607957852871, 0.0005234157683949718391, 0.0005414071114497595117 ),
 .UNSPECIFIED. ) ;
#192 = VERTEX_POINT ( 'NONE', #948 ) ;
#193 = APPLICATION_PROTOCOL_DEFINITION ( 'draft international standard', 'automotive_design', 1998, #472 ) ;
#194 = CARTESIAN_POINT ( 'NONE',  ( 0.8000000000000072609, 0.2000000000000022593, 1.600000000000004086 ) ) ;
#195 = CARTESIAN_POINT ( 'NONE',  ( -0.03931054688159396626, 0.2999999999999999889, -1.830204567342526012 ) ) ;
#196 = CARTESIAN_POINT ( 'NONE',  ( 1.108249887643486309, 0.2999999999999828360, -1.863406552599896848 ) ) ;
#197 = EDGE_CURVE ( 'NONE', #4185, #763, #4962, .T. ) ;
#198 = VERTEX_POINT ( 'NONE', #926 ) ;
#199 = FILL_AREA_STYLE_COLOUR ( '', #140 ) ;
#200 = CARTESIAN_POINT ( 'NONE',  ( -2.400000000000000799, 1.099999999999998090, -3.399999999999999467 ) ) ;
#201 = CARTESIAN_POINT ( 'NONE',  ( -0.1999999999999935718, 0.2000000000000014544, 3.035766082959412415E-15 ) ) ;
#202 = CARTESIAN_POINT ( 'NONE',  ( 1.891750112356532343, 0.2999999999999838352, 0.8634065525999019552 ) ) ;
#203 = CARTESIAN_POINT ( 'NONE',  ( 2.000799790377891352, 0.3000000000000012101, 1.825715266351815691 ) ) ;
#204 = APPLICATION_CONTEXT ( 'automotive_design' ) ;
#205 = ORIENTED_EDGE ( 'NONE', *, *, #452, .T. ) ;
#206 = CARTESIAN_POINT ( 'NONE',  ( 2.020055168629752984, 0.3000000000000013212, -0.1720400831528282604 ) ) ;
#207 = CARTESIAN_POINT ( 'NONE',  ( 1.800000000000006484, 0.2000000000000028422, 2.000000000000005329 ) ) ;
#208 = CARTESIAN_POINT ( 'NONE',  ( -1.039310546881595299, 0.2999999999999992673, -1.830204567342526012 ) ) ;
#209 = SHAPE_REPRESENTATION ( 'MT25QL256ABA8E12-1SIT TR_1', ( #1744 ), #4647 ) ;
#210 =( NAMED_UNIT ( * ) SI_UNIT ( $, .STERADIAN. ) SOLID_ANGLE_UNIT ( ) );
#211 = AXIS2_PLACEMENT_3D ( 'NONE', #2095, #404, #4420 ) ;
#212 = B_SPLINE_CURVE_WITH_KNOTS ( 'NONE', 3,
 ( #3073, #4700, #1868, #3990, #1890, #360, #3495, #2268, #3170, #1582, #1968, #1942, #2773, #4310, #662, #3199, #3546, #681, #3936, #3143, #1102, #729, #4748, #1081, #3518, #5153, #3597, #1511, #4725, #5230, #5126 ),
 .UNSPECIFIED., .F., .F.,
 ( 4, 3, 3, 3, 3, 3, 3, 3, 3, 3, 4 ),
 ( 0.000000000000000000, 5.815730759944121080E-05, 0.0001163146151988822996, 0.0001744719227982759072, 0.0002326292303977649245, 0.0002907865379972063725, 0.0003489438455966477662, 0.0004071011531960886721, 0.0004652584607957850702, 0.0005234157683949711886, 0.0005414071114497594032 ),
 .UNSPECIFIED. ) ;
#213 = CARTESIAN_POINT ( 'NONE',  ( 1.999200209622123081, 0.3000000000000012657, 2.174284733648195189 ) ) ;
#214 = COLOUR_RGB ( '',0.7921568627450980005, 0.8196078431372548767, 0.9333333333333333481 ) ;
#215 = CARTESIAN_POINT ( 'NONE',  ( 1.020055168629750320, 0.3000000000000006550, -0.1720400831528282604 ) ) ;
#216 = DIRECTION ( 'NONE',  ( 1.000000000000000000, 0.000000000000000000, 0.000000000000000000 ) ) ;
#217 = CARTESIAN_POINT ( 'NONE',  ( -2.172246233469134591, 0.2999999999999984346, -0.9818001358330575856 ) ) ;
#218 = FACE_OUTER_BOUND ( 'NONE', #4667, .T. ) ;
#219 =( REPRESENTATION_RELATIONSHIP ('NONE','NONE', #2642, #3115 ) REPRESENTATION_RELATIONSHIP_WITH_TRANSFORMATION ( #3702 )SHAPE_REPRESENTATION_RELATIONSHIP( ) );
#220 = VECTOR ( 'NONE', #2904, 1000.000000000000000 ) ;
#221 = ORIENTED_EDGE ( 'NONE', *, *, #3791, .F. ) ;
#222 = APPLICATION_PROTOCOL_DEFINITION ( 'draft international standard', 'automotive_design', 1998, #2496 ) ;
#223 = MECHANICAL_DESIGN_GEOMETRIC_PRESENTATION_REPRESENTATION (  '', ( #4021 ), #2399 ) ;
#224 = CARTESIAN_POINT ( 'NONE',  ( -0.1648156935264674106, 0.2999999999992777333, -1.943329061990065609 ) ) ;
#225 = VERTEX_POINT ( 'NONE', #4593 ) ;
#226 = CARTESIAN_POINT ( 'NONE',  ( -0.7999999999999934941, 0.2000000000000007327, 3.011273146976464912E-15 ) ) ;
#227 = EDGE_CURVE ( 'NONE', #674, #2624, #2074, .T. ) ;
#228 = CARTESIAN_POINT ( 'NONE',  ( 1.924626463859815839, 0.2999999999999835021, -1.157145277043865716 ) ) ;
#229 = PLANE ( 'NONE',  #1505 ) ;
#230 = VECTOR ( 'NONE', #1246, 1000.000000000000000 ) ;
#231 = ORIENTED_EDGE ( 'NONE', *, *, #4703, .F. ) ;
#232 =( GEOMETRIC_REPRESENTATION_CONTEXT ( 3 ) GLOBAL_UNCERTAINTY_ASSIGNED_CONTEXT ( ( #4735 ) ) GLOBAL_UNIT_ASSIGNED_CONTEXT ( ( #2396, #4596, #929 ) ) REPRESENTATION_CONTEXT ( 'NONE', 'WORKASPACE' ) );
#233 = MECHANICAL_DESIGN_GEOMETRIC_PRESENTATION_REPRESENTATION (  '', ( #4549 ), #2844 ) ;
#234 = ITEM_DEFINED_TRANSFORMATION ( 'NONE', 'NONE', #1577,  #1744 ) ;
#235 = CARTESIAN_POINT ( 'NONE',  ( 1.891750112356532343, 0.2999999999999837241, -0.1365934474000987942 ) ) ;
#236 = ADVANCED_FACE ( 'NONE', ( #4690 ), #3950, .T. ) ;
#237 = CARTESIAN_POINT ( 'NONE',  ( -0.9808913263718256337, 0.2999999999999989897, 2.173235869956666289 ) ) ;
#238 = CARTESIAN_POINT ( 'NONE',  ( -1.170209235682087456, 0.2999999999999992673, -1.962521684456424387 ) ) ;
#239 = CARTESIAN_POINT ( 'NONE',  ( -1.799999999999994493, 0.2000000000000000944, 3.060259018942360313E-15 ) ) ;
#240 =( NAMED_UNIT ( * ) PLANE_ANGLE_UNIT ( ) SI_UNIT ( $, .RADIAN. ) );
#241 = AXIS2_PLACEMENT_3D ( 'NONE', #4091, #518, #917 ) ;
#242 = PRODUCT_DEFINITION_CONTEXT ( 'detailed design', #3581, 'design' ) ;
#243 = CARTESIAN_POINT ( 'NONE',  ( 2.173205080756896113, 0.3000000000000012101, 2.019385769199818714 ) ) ;
#244 = DIRECTION ( 'NONE',  ( 0.000000000000000000, -0.000000000000000000, 1.000000000000000000 ) ) ;
#245 =( NAMED_UNIT ( * ) PLANE_ANGLE_UNIT ( ) SI_UNIT ( $, .RADIAN. ) );
#246 = CARTESIAN_POINT ( 'NONE',  ( 1.924129136041712096, 0.3000000000000012657, -0.8442963969517002232 ) ) ;
#247 = CARTESIAN_POINT ( 'NONE',  ( 1.200000000000008393, 0.2000000000000021483, 1.000000000000003997 ) ) ;
#248 = EDGE_LOOP ( 'NONE', ( #1313, #1336, #1665, #787 ) ) ;
#249 = SHAPE_DEFINITION_REPRESENTATION ( #1205, #654 ) ;
#250 = B_SPLINE_CURVE_WITH_KNOTS ( 'NONE', 3,
 ( #1409, #243, #3788, #1379, #3836, #3023, #1028, #4594, #2994, #2267, #1845, #3892, #4652, #2167, #213, #1004, #1053, #2613, #1461, #4617, #4233, #2665, #606, #1816, #3447, #5081, #1439, #3048, #661, #265, #1867 ),
 .UNSPECIFIED., .F., .F.,
 ( 4, 3, 3, 3, 3, 3, 3, 3, 3, 3, 4 ),
 ( 0.0005414071114497590780, 0.0005995644190491998754, 0.0006577217266486413234, 0.0007158790342480350665, 0.0007740363418475238941, 0.0008321936494469652336, 0.0008903509570464066816, 0.0009485082646458481296, 0.001006665572245544473, 0.001064822879844730483, 0.001082814222899518590 ),
 .UNSPECIFIED. ) ;
#251 = CARTESIAN_POINT ( 'NONE',  ( -2.199999999999995293, 0.2000000000000000666, -0.9999999999999978906 ) ) ;
#252 = CARTESIAN_POINT ( 'NONE',  ( 1.200000000000008171, -0.5999999999999998668, 1.600000000000004530 ) ) ;
#253 = EDGE_LOOP ( 'NONE', ( #4419, #2324, #450, #2398 ) ) ;
#254 = CARTESIAN_POINT ( 'NONE',  ( -0.1352507549012375021, 0.2999999999999994893, -2.108199969032545251 ) ) ;
#255 = CARTESIAN_POINT ( 'NONE',  ( 1.826794919243121651, 0.3000000000000014322, -1.019385769199811609 ) ) ;
#256 = CARTESIAN_POINT ( 'NONE',  ( 2.173205080756900109, 0.3000000000000016542, 0.9939249650772301603 ) ) ;
#257 = CARTESIAN_POINT ( 'NONE',  ( -2.148208803619146678, 0.2999999999992763455, 2.091705826299779414 ) ) ;
#258 = CARTESIAN_POINT ( 'NONE',  ( -0.9241291360416951095, 0.2999999999999991562, 0.8442963969517064404 ) ) ;
#259 = ADVANCED_BREP_SHAPE_REPRESENTATION ( '', ( #1071, #1744 ), #1986 ) ;
#260 = EDGE_CURVE ( 'NONE', #318, #2235, #4684, .T. ) ;
#261 = ORIENTED_EDGE ( 'NONE', *, *, #4579, .F. ) ;
#262 = CARTESIAN_POINT ( 'NONE',  ( -1.843487751427146382, 0.2999999999992766231, -1.074188382154777299 ) ) ;
#263 = CARTESIAN_POINT ( 'NONE',  ( -0.9246264638597991858, 0.2999999999999815037, -1.842854722956130731 ) ) ;
#264 = ADVANCED_FACE ( 'NONE', ( #2704 ), #4320, .F. ) ;
#265 = CARTESIAN_POINT ( 'NONE',  ( 1.826794919243117876, 0.3000000000000014322, 2.006075034922779388 ) ) ;
#266 = CARTESIAN_POINT ( 'NONE',  ( 0.8365586987247477513, 0.3000000000000005440, -2.057331850113614635 ) ) ;
#267 = CARTESIAN_POINT ( 'NONE',  ( -1.864749245098750841, 0.2999999999999988787, -0.8918000309674508630 ) ) ;
#268 = CARTESIAN_POINT ( 'NONE',  ( 1.200000000000008393, 0.2000000000000021483, 0.6000000000000028644 ) ) ;
#269 = ORIENTED_EDGE ( 'NONE', *, *, #5070, .T. ) ;
#270 = CARTESIAN_POINT ( 'NONE',  ( 0.8000000000000072609, 0.2000000000000021483, 3.035766082959412415E-15 ) ) ;
#271 = CARTESIAN_POINT ( 'NONE',  ( 0.8517911963808555420, 0.2999999999992788435, -1.908294173700224139 ) ) ;
#272 = PRODUCT_DEFINITION_SHAPE ( 'NONE', 'NONE',  #5250 ) ;
#273 = ORIENTED_EDGE ( 'NONE', *, *, #2004, .T. ) ;
#274 = CARTESIAN_POINT ( 'NONE',  ( 0.03931054688160723343, 0.3000000000000000444, -2.169795432657471324 ) ) ;
#275 = CARTESIAN_POINT ( 'NONE',  ( -1.135250754901238279, 0.2999999999999992117, 1.891800030967458524 ) ) ;
#276 = CARTESIAN_POINT ( 'NONE',  ( -2.173205080756884122, 0.2999999999999984346, 3.062871137271550026E-15 ) ) ;
#277 = CARTESIAN_POINT ( 'NONE',  ( 1.800000000000006262, 0.2000000000000028699, 2.000000000000005329 ) ) ;
#278 = CARTESIAN_POINT ( 'NONE',  ( -0.8271154203003583394, 0.2999999999999995448, 0.9878415399250718432 ) ) ;
#279 = EDGE_LOOP ( 'NONE', ( #4302, #1258 ) ) ;
#280 = CARTESIAN_POINT ( 'NONE',  ( -2.750000000000000000, 1.177817459305200654, -3.749999999999999112 ) ) ;
#281 = CARTESIAN_POINT ( 'NONE',  ( 1.800000000000010258, 0.2000000000000028422, 1.000000000000003997 ) ) ;
#282 = CARTESIAN_POINT ( 'NONE',  ( 1.123140604217887306, 0.3000000000000007105, 1.123337746210658850 ) ) ;
#283 = FILL_AREA_STYLE ('',( #3490 ) ) ;
#284 = PRODUCT_RELATED_PRODUCT_CATEGORY ( 'part', '', ( #2041 ) ) ;
#285 = CARTESIAN_POINT ( 'NONE',  ( -1.199999999999994627, 0.2000000000000007327, 2.000000000000005329 ) ) ;
#286 = CARTESIAN_POINT ( 'NONE',  ( 0.8267949192431185423, 0.3000000000000007661, -2.019385769199812497 ) ) ;
#287 = DIRECTION ( 'NONE',  ( 0.000000000000000000, 1.000000000000000000, 1.224646799147353207E-16 ) ) ;
#288 = EDGE_CURVE ( 'NONE', #4317, #344, #1041, .T. ) ;
#289 = CARTESIAN_POINT ( 'NONE',  ( -1.039310546881594632, 0.2999999999999992673, 1.169795432657477097 ) ) ;
#290 = DIRECTION ( 'NONE',  ( -1.000000000000000000, 0.000000000000000000, 0.000000000000000000 ) ) ;
#291 = STYLED_ITEM ( 'NONE', ( #3725 ), #963 ) ;
#292 = ORIENTED_EDGE ( 'NONE', *, *, #3138, .T. ) ;
#293 = CARTESIAN_POINT ( 'NONE',  ( 1.200000000000007949, 1.000000000000003109, -1.399999999999997913 ) ) ;
#294 = CARTESIAN_POINT ( 'NONE',  ( 1.842975496714994499, 0.3000000000000013212, -2.075624820102679902 ) ) ;
#295 = CARTESIAN_POINT ( 'NONE',  ( 0.1732050807568960293, 0.3000000000000002665, -0.9999999999999976685 ) ) ;
#296 = AXIS2_PLACEMENT_3D ( 'NONE', #1262, #430, #2522 ) ;
#297 = ORIENTED_EDGE ( 'NONE', *, *, #2059, .T. ) ;
#298 =( GEOMETRIC_REPRESENTATION_CONTEXT ( 3 ) GLOBAL_UNCERTAINTY_ASSIGNED_CONTEXT ( ( #81 ) ) GLOBAL_UNIT_ASSIGNED_CONTEXT ( ( #2607, #179, #5098 ) ) REPRESENTATION_CONTEXT ( 'NONE', 'WORKASPACE' ) );
#299 = CARTESIAN_POINT ( 'NONE',  ( 1.800000000000010481, 0.2000000000000028422, 3.035766082959412415E-15 ) ) ;
#300 = CARTESIAN_POINT ( 'NONE',  ( -1.173205080756883012, 0.2999999999999993228, 1.980614230800191278 ) ) ;
#301 = CARTESIAN_POINT ( 'NONE',  ( -0.1473609055846115956, 0.2999999999999997113, -0.09306219185442368702 ) ) ;
#302 = CARTESIAN_POINT ( 'NONE',  ( -2.199999999999995293, 0.2000000000000000666, 2.000000000000005329 ) ) ;
#303 = CARTESIAN_POINT ( 'NONE',  ( 0.2000000000000074218, -0.6000000000000004219, 1.400000000000005462 ) ) ;
#304 = AXIS2_PLACEMENT_3D ( 'NONE', #1332, #4536, #2426 ) ;
#305 = ORIENTED_EDGE ( 'NONE', *, *, #1956, .F. ) ;
#306 =( GEOMETRIC_REPRESENTATION_CONTEXT ( 3 ) GLOBAL_UNCERTAINTY_ASSIGNED_CONTEXT ( ( #4403 ) ) GLOBAL_UNIT_ASSIGNED_CONTEXT ( ( #3119, #1100, #3445 ) ) REPRESENTATION_CONTEXT ( 'NONE', 'WORKASPACE' ) );
#307 = FILL_AREA_STYLE ('',( #4816 ) ) ;
#308 = CIRCLE ( 'NONE', #4364, 0.2999999999999999334 ) ;
#309 = CARTESIAN_POINT ( 'NONE',  ( 1.800000000000010258, 0.2000000000000028422, 1.000000000000003997 ) ) ;
#310 = CARTESIAN_POINT ( 'NONE',  ( 1.038021594828139715, 0.3000000000000004885, 1.168980348936576652 ) ) ;
#311 =( REPRESENTATION_RELATIONSHIP ('NONE','NONE', #2642, #5066 ) REPRESENTATION_RELATIONSHIP_WITH_TRANSFORMATION ( #4226 )SHAPE_REPRESENTATION_RELATIONSHIP( ) );
#312 = CARTESIAN_POINT ( 'NONE',  ( 1.108249887643486531, 0.2999999999999831690, -0.8634065525998959600 ) ) ;
#313 = PRODUCT ( 'MT25QL256ABA8E12-1SIT TR_22', 'MT25QL256ABA8E12-1SIT TR_22', '', ( #2793 ) ) ;
#314 = CARTESIAN_POINT ( 'NONE',  ( 0.8267949192431185423, 0.3000000000000007661, -1.999999999999998668 ) ) ;
#315 = CARTESIAN_POINT ( 'NONE',  ( -1.147360905584612567, 0.2999999999999992117, -1.093062191854424325 ) ) ;
#316 = CARTESIAN_POINT ( 'NONE',  ( -1.109498953223957196, 0.2999999999999991007, 1.135594200799024955 ) ) ;
#317 = CARTESIAN_POINT ( 'NONE',  ( 0.2000000000000074496, 0.2000000000000014544, 2.000000000000005329 ) ) ;
#318 = VERTEX_POINT ( 'NONE', #1066 ) ;
#319 = SURFACE_SIDE_STYLE ('',( #3944 ) ) ;
#320 = UNCERTAINTY_MEASURE_WITH_UNIT (LENGTH_MEASURE( 1.000000000000000082E-05 ), #2992, 'distance_accuracy_value', 'NONE');
#321 = CARTESIAN_POINT ( 'NONE',  ( 1.826794919243121651, 0.3000000000000014322, -2.019385769199812497 ) ) ;
#322 = CARTESIAN_POINT ( 'NONE',  ( 0.1082498876434852819, 0.2999999999999823919, -0.8634065525998959600 ) ) ;
#323 = ADVANCED_FACE ( 'NONE', ( #4295 ), #2912, .T. ) ;
#324 = VERTEX_POINT ( 'NONE', #1177 ) ;
#325 = UNCERTAINTY_MEASURE_WITH_UNIT (LENGTH_MEASURE( 1.000000000000000082E-05 ), #3321, 'distance_accuracy_value', 'NONE');
#326 = CARTESIAN_POINT ( 'NONE',  ( 0.1231326949136876542, 0.2999999999999999889, -2.121812722830148434 ) ) ;
#327 = CARTESIAN_POINT ( 'NONE',  ( -0.8434877514271454935, 0.2999999999992772337, 1.925811617845225809 ) ) ;
#328 = CARTESIAN_POINT ( 'NONE',  ( -0.03802159482812508817, 0.2999999999999997669, -0.1689803489365697409 ) ) ;
#329 = CARTESIAN_POINT ( 'NONE',  ( -0.1732050807568822903, 0.3000000000000000444, -0.9999999999999978906 ) ) ;
#330 = DIRECTION ( 'NONE',  ( 0.000000000000000000, -1.000000000000000000, 0.000000000000000000 ) ) ;
#331 = EDGE_LOOP ( 'NONE', ( #2428, #3274 ) ) ;
#332 = CARTESIAN_POINT ( 'NONE',  ( -1.960689453118394709, 0.2999999999999986011, -1.169795432657470879 ) ) ;
#333 =( BOUNDED_SURFACE ( )  B_SPLINE_SURFACE ( 3, 3, ( 
 ( #251, #3079, #2675, #1852 ),
 ( #3479, #709, #4732, #1061 ),
 ( #1874, #345, #3501, #4291 ),
 ( #1469, #3552, #666, #1951 ) ),
 .UNSPECIFIED., .F., .F., .F. ) 
 B_SPLINE_SURFACE_WITH_KNOTS ( ( 4, 4 ),
 ( 4, 4 ),
 ( 0.000000000000000000, 1.000000000000000000 ),
 ( 0.000000000000000000, 1.000000000000000000 ),
 .UNSPECIFIED. ) 
 GEOMETRIC_REPRESENTATION_ITEM ( )  RATIONAL_B_SPLINE_SURFACE ( (
 ( 1.000000000000000000, 0.3333333333333334259, 0.3333333333333334259, 1.000000000000000000),
 ( 0.3333333333333333703, 0.1111111111111111605, 0.1111111111111111605, 0.3333333333333333703),
 ( 0.3333333333333333703, 0.1111111111111111605, 0.1111111111111111605, 0.3333333333333333703),
 ( 1.000000000000000000, 0.3333333333333334259, 0.3333333333333334259, 1.000000000000000000) ) ) 
 REPRESENTATION_ITEM ( '' )  SURFACE ( )  );
#334 = CARTESIAN_POINT ( 'NONE',  ( 0.8000000000000072609, 0.2000000000000021483, 3.035766082959412415E-15 ) ) ;
#335 =( NAMED_UNIT ( * ) SI_UNIT ( $, .STERADIAN. ) SOLID_ANGLE_UNIT ( ) );
#336 = APPLICATION_CONTEXT ( 'automotive_design' ) ;
#337 = PRODUCT_CONTEXT ( 'NONE', #1432, 'mechanical' ) ;
#338 = CARTESIAN_POINT ( 'NONE',  ( 0.8632335633965423360, 0.3000000000000003775, -0.8919687551387870394 ) ) ;
#339 = CARTESIAN_POINT ( 'NONE',  ( -0.1999999999999935996, 0.2000000000000014266, 1.000000000000003775 ) ) ;
#340 = CARTESIAN_POINT ( 'NONE',  ( 1.038021594828139715, 0.3000000000000004885, 0.1689803489365757916 ) ) ;
#341 = B_SPLINE_CURVE_WITH_KNOTS ( 'NONE', 3,
 ( #16, #1631, #1684, #443, #4931, #4524, #1659, #3284, #1272, #890, #3393, #3860, #521, #237, #545, #2966, #3751, #997, #1761, #2989, #2237, #4986, #180, #3363, #1842, #3413, #2133, #1022, #944, #601, #627 ),
 .UNSPECIFIED., .F., .F.,
 ( 4, 3, 3, 3, 3, 3, 3, 3, 3, 3, 4 ),
 ( 0.0005414071114497595117, 0.0005995644190491998754, 0.0006577217266486409981, 0.0007158790342480352833, 0.0007740363418475240025, 0.0008321936494469652336, 0.0008903509570464066816, 0.0009485082646458483464, 0.001006665572245544473, 0.001064822879844731134, 0.001082814222899518806 ),
 .UNSPECIFIED. ) ;
#342 =( NAMED_UNIT ( * ) SI_UNIT ( $, .STERADIAN. ) SOLID_ANGLE_UNIT ( ) );
#343 = CARTESIAN_POINT ( 'NONE',  ( -0.9999999999999940048, 0.2000000000000007883, -1.999999999999998668 ) ) ;
#344 = VERTEX_POINT ( 'NONE', #2895 ) ;
#345 = CARTESIAN_POINT ( 'NONE',  ( -1.799999999999994271, -0.6000000000000019762, -1.399999999999999245 ) ) ;
#346 = VERTEX_POINT ( 'NONE', #2809 ) ;
#347 = DIRECTION ( 'NONE',  ( 0.000000000000000000, 0.000000000000000000, 1.000000000000000000 ) ) ;
#348 = CARTESIAN_POINT ( 'NONE',  ( 0.1482088036191586133, 0.2999999999992781774, -2.091705826299774085 ) ) ;
#349 = CARTESIAN_POINT ( 'NONE',  ( 1.200000000000008171, -0.5999999999999998668, -1.599999999999997646 ) ) ;
#350 = CARTESIAN_POINT ( 'NONE',  ( -2.200000000000000178, 1.177817459305200876, -3.749999999999999112 ) ) ;
#351 = EDGE_CURVE ( 'NONE', #3425, #2926, #3841, .T. ) ;
#352 = CARTESIAN_POINT ( 'NONE',  ( -0.1999999999999935996, 0.2000000000000015654, -2.400000000000000355 ) ) ;
#353 = PRODUCT_DEFINITION_SHAPE ( 'NONE', 'NONE',  #4990 ) ;
#354 = ORIENTED_EDGE ( 'NONE', *, *, #4455, .F. ) ;
#355 = CARTESIAN_POINT ( 'NONE',  ( -0.7999999999999933831, 0.2000000000000009270, -1.599999999999997424 ) ) ;
#356 = DIRECTION ( 'NONE',  ( -6.930918406685709091E-16, 1.000000000000000000, 0.000000000000000000 ) ) ;
#357 = CARTESIAN_POINT ( 'NONE',  ( 0.8000000000000072609, 0.2000000000000021483, 3.035766082959412415E-15 ) ) ;
#358 = ITEM_DEFINED_TRANSFORMATION ( 'NONE', 'NONE', #1424,  #1744 ) ;
#359 = CARTESIAN_POINT ( 'NONE',  ( 0.8517911963808557640, 0.2999999999992783994, -0.9082941737002229177 ) ) ;
#360 = CARTESIAN_POINT ( 'NONE',  ( 0.8526390944153892093, 0.3000000000000005440, -1.093062191854424325 ) ) ;
#361 = CARTESIAN_POINT ( 'NONE',  ( 0.8267949192431185423, 0.3000000000000004885, 0.006075034922776980685 ) ) ;
#362 = SURFACE_STYLE_USAGE ( .BOTH. , #4467 ) ;
#363 = DIRECTION ( 'NONE',  ( -0.7071067811865474617, -0.000000000000000000, 0.7071067811865474617 ) ) ;
#364 = CARTESIAN_POINT ( 'NONE',  ( -1.039310546881594854, 0.2999999999999992673, 0.1697954326574759309 ) ) ;
#365 = CARTESIAN_POINT ( 'NONE',  ( 0.2000000000000074496, 0.2000000000000014544, 3.011273146976464912E-15 ) ) ;
#366 = FACE_OUTER_BOUND ( 'NONE', #747, .T. ) ;
#367 = CARTESIAN_POINT ( 'NONE',  ( 2.093297801430832550, 0.3000000000000017097, -2.147211848353464791 ) ) ;
#368 =( BOUNDED_SURFACE ( )  B_SPLINE_SURFACE ( 3, 3, ( 
 ( #4559, #4522, #1293, #1271 ),
 ( #920, #889, #45, #520 ),
 ( #2131, #4062, #1243, #3673 ),
 ( #3282, #4905, #4148, #2879 ) ),
 .UNSPECIFIED., .F., .F., .T. ) 
 B_SPLINE_SURFACE_WITH_KNOTS ( ( 4, 4 ),
 ( 4, 4 ),
 ( 0.000000000000000000, 1.000000000000000000 ),
 ( 0.000000000000000000, 1.000000000000000000 ),
 .UNSPECIFIED. ) 
 GEOMETRIC_REPRESENTATION_ITEM ( )  RATIONAL_B_SPLINE_SURFACE ( (
 ( 1.000000000000000000, 0.3333333333333332038, 0.3333333333333332038, 1.000000000000000000),
 ( 0.3333333333333339810, 0.1111111111111112854, 0.1111111111111112854, 0.3333333333333339810),
 ( 0.3333333333333339810, 0.1111111111111112854, 0.1111111111111112854, 0.3333333333333339810),
 ( 1.000000000000000000, 0.3333333333333332038, 0.3333333333333332038, 1.000000000000000000) ) ) 
 REPRESENTATION_ITEM ( '' )  SURFACE ( )  );
#369 = AXIS2_PLACEMENT_3D ( 'NONE', #2430, #4054, #4080 ) ;
#370 = EDGE_LOOP ( 'NONE', ( #980, #3846 ) ) ;
#371 = CARTESIAN_POINT ( 'NONE',  ( 0.000000000000000000, 0.000000000000000000, 0.000000000000000000 ) ) ;
#372 = FACE_BOUND ( 'NONE', #3067, .T. ) ;
#373 = PRESENTATION_LAYER_ASSIGNMENT (  '', '', ( #1141 ) ) ;
#374 = CARTESIAN_POINT ( 'NONE',  ( 1.200000000000008393, 0.2000000000000021483, -2.399999999999999911 ) ) ;
#375 = CARTESIAN_POINT ( 'NONE',  ( -1.173205080756883012, 0.2999999999999993228, -1.999999999999998668 ) ) ;
#376 = CARTESIAN_POINT ( 'NONE',  ( -2.700000000000000622, 1.099999999999997868, -3.399999999999999467 ) ) ;
#377 = UNCERTAINTY_MEASURE_WITH_UNIT (LENGTH_MEASURE( 1.000000000000000082E-05 ), #2692, 'distance_accuracy_value', 'NONE');
#378 = AXIS2_PLACEMENT_3D ( 'NONE', #3341, #1303, #1279 ) ;
#379 = ORIENTED_EDGE ( 'NONE', *, *, #2746, .F. ) ;
#380 = ADVANCED_FACE ( 'NONE', ( #372, #1672 ), #2352, .T. ) ;
#381 = CARTESIAN_POINT ( 'NONE',  ( -0.7999999999999933831, 0.2000000000000008438, -2.400000000000000355 ) ) ;
#382 = PLANE ( 'NONE',  #2481 ) ;
#383 = CARTESIAN_POINT ( 'NONE',  ( 2.108249887643489640, 0.2999999999999841682, -1.863406552599897070 ) ) ;
#384 =( GEOMETRIC_REPRESENTATION_CONTEXT ( 3 ) GLOBAL_UNCERTAINTY_ASSIGNED_CONTEXT ( ( #1354 ) ) GLOBAL_UNIT_ASSIGNED_CONTEXT ( ( #3511, #3541, #4349 ) ) REPRESENTATION_CONTEXT ( 'NONE', 'WORKASPACE' ) );
#385 = AXIS2_PLACEMENT_3D ( 'NONE', #1790, #3448, #2243 ) ;
#386 = ADVANCED_FACE ( 'NONE', ( #2784 ), #3638, .F. ) ;
#387 = PRODUCT_CONTEXT ( 'NONE', #1590, 'mechanical' ) ;
#388 = CARTESIAN_POINT ( 'NONE',  ( 1.075373536140202813, 0.2999999999999831690, -0.8428547229561299536 ) ) ;
#389 = CARTESIAN_POINT ( 'NONE',  ( 1.164815693526482177, 0.2999999999992786215, -2.056670938009931948 ) ) ;
#390 = DIRECTION ( 'NONE',  ( 6.866613759074861087E-16, -1.000000000000000000, 0.000000000000000000 ) ) ;
#391 = CARTESIAN_POINT ( 'NONE',  ( -1.799999999999994493, 0.1999999999999999833, 2.400000000000006128 ) ) ;
#392 = CARTESIAN_POINT ( 'NONE',  ( -0.8365586987247338735, 0.2999999999999995448, 1.057331850113619964 ) ) ;
#393 = FACE_OUTER_BOUND ( 'NONE', #5211, .T. ) ;
#394 = PRESENTATION_LAYER_ASSIGNMENT (  '', '', ( #4553 ) ) ;
#395 = CARTESIAN_POINT ( 'NONE',  ( 0.9619784051718757167, 0.3000000000000000999, 1.831019651063432452 ) ) ;
#396 = AXIS2_PLACEMENT_3D ( 'NONE', #788, #1225, #1620 ) ;
#397 = CARTESIAN_POINT ( 'NONE',  ( 1.800000000000010258, 0.2000000000000028422, 3.035766082959412415E-15 ) ) ;
#398 =( NAMED_UNIT ( * ) SI_UNIT ( $, .STERADIAN. ) SOLID_ANGLE_UNIT ( ) );
#399 = FACE_OUTER_BOUND ( 'NONE', #1777, .T. ) ;
#400 = PRODUCT_DEFINITION_SHAPE ( 'NONE', 'NONE',  #5242 ) ;
#401 = CARTESIAN_POINT ( 'NONE',  ( 2.200000000000011724, 1.000000000000004885, -0.3999999999999978018 ) ) ;
#402 = ORIENTED_EDGE ( 'NONE', *, *, #3166, .T. ) ;
#403 = CARTESIAN_POINT ( 'NONE',  ( 0.000000000000000000, 0.000000000000000000, 0.000000000000000000 ) ) ;
#404 = DIRECTION ( 'NONE',  ( 0.000000000000000000, 1.000000000000000000, 1.224646799147353207E-16 ) ) ;
#405 = CARTESIAN_POINT ( 'NONE',  ( 0.8768673050863263763, 0.3000000000000002665, 2.121812722830154652 ) ) ;
#406 =( NAMED_UNIT ( * ) PLANE_ANGLE_UNIT ( ) SI_UNIT ( $, .RADIAN. ) );
#407 = CARTESIAN_POINT ( 'NONE',  ( -1.924129136041696331, 0.2999999999999986566, -0.1557036030482946143 ) ) ;
#408 = CARTESIAN_POINT ( 'NONE',  ( 1.800000000000006706, 1.000000000000005551, 1.600000000000004752 ) ) ;
#409 = ORIENTED_EDGE ( 'NONE', *, *, #1956, .T. ) ;
#410 = CARTESIAN_POINT ( 'NONE',  ( -0.1565122485728415447, 0.2999999999992778443, 1.074188382154783516 ) ) ;
#411 =( NAMED_UNIT ( * ) SI_UNIT ( $, .STERADIAN. ) SOLID_ANGLE_UNIT ( ) );
#412 = CARTESIAN_POINT ( 'NONE',  ( 1.924129136041712096, 0.3000000000000010436, -1.844296396951701222 ) ) ;
#413 = PRODUCT_RELATED_PRODUCT_CATEGORY ( 'part', '', ( #1618 ) ) ;
#414 = DIRECTION ( 'NONE',  ( 6.866613759074861087E-16, -1.000000000000000000, 0.000000000000000000 ) ) ;
#415 = CARTESIAN_POINT ( 'NONE',  ( 0.9808913263718395115, 0.3000000000000000999, -2.173235869956659627 ) ) ;
#416 = CARTESIAN_POINT ( 'NONE',  ( 0.1082498876434856011, 0.2999999999999823919, 2.136593447400107149 ) ) ;
#417 = SURFACE_STYLE_FILL_AREA ( #1970 ) ;
#418 = CARTESIAN_POINT ( 'NONE',  ( 2.169858099265515428, 0.3000000000000015432, 1.039038880124554698 ) ) ;
#419 = CARTESIAN_POINT ( 'NONE',  ( -0.8365586987247338735, 0.2999999999999993228, 0.05733185011361918715 ) ) ;
#420 = CARTESIAN_POINT ( 'NONE',  ( 0.1698580992655111810, 0.3000000000000000444, -0.9609611198754469674 ) ) ;
#421 = ADVANCED_FACE ( 'NONE', ( #1621 ), #60, .F. ) ;
#422 = CARTESIAN_POINT ( 'NONE',  ( 1.039310546881608621, 0.3000000000000006550, 1.830204567342532229 ) ) ;
#423 = CARTESIAN_POINT ( 'NONE',  ( 0.1732050807568961681, 0.2999999999999998224, -1.999999999999998668 ) ) ;
#424 = CARTESIAN_POINT ( 'NONE',  ( 1.800000000000010481, 0.2000000000000028422, 3.035766082959412415E-15 ) ) ;
#425 = CARTESIAN_POINT ( 'NONE',  ( -1.876859395782115802, 0.2999999999999987677, 0.1233377462106581834 ) ) ;
#426 = EDGE_LOOP ( 'NONE', ( #5030, #89 ) ) ;
#427 = CARTESIAN_POINT ( 'NONE',  ( 0.000000000000000000, 0.000000000000000000, 0.000000000000000000 ) ) ;
#428 = CARTESIAN_POINT ( 'NONE',  ( 1.999200209622127078, 0.3000000000000013767, 0.1742847336481926357 ) ) ;
#429 = CARTESIAN_POINT ( 'NONE',  ( -0.8267949192431048866, 0.2999999999999991007, 1.993924965077231493 ) ) ;
#430 = DIRECTION ( 'NONE',  ( -1.000000000000000000, -6.776263578034401726E-16, 0.000000000000000000 ) ) ;
#431 = CARTESIAN_POINT ( 'NONE',  ( 0.8000000000000072609, 0.2000000000000021483, -1.999999999999998668 ) ) ;
#432 = CARTESIAN_POINT ( 'NONE',  ( 1.800000000000006484, 0.2000000000000026479, 2.400000000000006128 ) ) ;
#433 = ORIENTED_EDGE ( 'NONE', *, *, #4829, .F. ) ;
#434 = PRESENTATION_STYLE_ASSIGNMENT (( #2378 ) ) ;
#435 = PRODUCT ( 'MT25QL256ABA8E12-1SIT TR', 'MT25QL256ABA8E12-1SIT TR', '', ( #5023 ) ) ;
#436 = CARTESIAN_POINT ( 'NONE',  ( 4.000000000000005329, 0.3000000000000028200, 1.000000000000000444 ) ) ;
#437 = CARTESIAN_POINT ( 'NONE',  ( -0.1732050807568822903, 0.3000000000000000444, 2.000000000000005329 ) ) ;
#438 =( LENGTH_UNIT ( ) NAMED_UNIT ( * ) SI_UNIT ( .MILLI., .METRE. ) );
#439 = B_SPLINE_CURVE_WITH_KNOTS ( 'NONE', 3,
 ( #1512, #700, #3123, #4360, #3937, #315, #3547, #4017, #5177, #1534, #1188, #2000, #3144, #730, #2339, #4390, #3964, #5231, #1583, #2796, #5203, #3628, #1257, #3285, #4908, #128, #1273, #837, #1351, #4877, #3336 ),
 .UNSPECIFIED., .F., .F.,
 ( 4, 3, 3, 3, 3, 3, 3, 3, 3, 3, 4 ),
 ( 0.000000000000000000, 5.815730759944117014E-05, 0.0001163146151988822183, 0.0001744719227982759343, 0.0002326292303977650329, 0.0002907865379972063183, 0.0003489438455966474952, 0.0004071011531960886721, 0.0004652584607957850702, 0.0005234157683949714054, 0.0005414071114497591864 ),
 .UNSPECIFIED. ) ;
#440 = ITEM_DEFINED_TRANSFORMATION ( 'NONE', 'NONE', #4118,  #1744 ) ;
#441 = CARTESIAN_POINT ( 'NONE',  ( -0.7999999999999933831, 0.2000000000000009270, 1.400000000000005018 ) ) ;
#442 = PRODUCT ( 'MT25QL256ABA8E12-1SIT TR_13', 'MT25QL256ABA8E12-1SIT TR_13', '', ( #387 ) ) ;
#443 = CARTESIAN_POINT ( 'NONE',  ( -0.8365586987247337625, 0.2999999999999991007, 2.057331850113620852 ) ) ;
#444 = CARTESIAN_POINT ( 'NONE',  ( 1.093297801430829885, 0.3000000000000007105, 0.8527881516465380951 ) ) ;
#445 = CARTESIAN_POINT ( 'NONE',  ( -2.199999999999995293, -0.6000000000000019762, 1.600000000000004530 ) ) ;
#446 = CARTESIAN_POINT ( 'NONE',  ( -0.8297907643179006643, 0.2999999999999994338, -0.03747831554357217154 ) ) ;
#447 = CARTESIAN_POINT ( 'NONE',  ( 0.2000000000000074496, 0.2000000000000014544, -0.9999999999999980016 ) ) ;
#448 = UNCERTAINTY_MEASURE_WITH_UNIT (LENGTH_MEASURE( 1.000000000000000082E-05 ), #1499, 'distance_accuracy_value', 'NONE');
#449 = ORIENTED_EDGE ( 'NONE', *, *, #798, .T. ) ;
#450 = ORIENTED_EDGE ( 'NONE', *, *, #2845, .T. ) ;
#451 = CARTESIAN_POINT ( 'NONE',  ( -2.199999999999995737, 0.2000000000000000666, 1.000000000000003997 ) ) ;
#452 = EDGE_CURVE ( 'NONE', #3510, #1301, #3476, .T. ) ;
#453 = CARTESIAN_POINT ( 'NONE',  ( 1.800000000000010481, 0.2000000000000028422, 3.035766082959412415E-15 ) ) ;
#454 = CARTESIAN_POINT ( 'NONE',  ( -2.170209235682088345, 0.2999999999999985456, 0.03747831554357847900 ) ) ;
#455 = ORIENTED_EDGE ( 'NONE', *, *, #4107, .T. ) ;
#456 = ADVANCED_FACE ( 'NONE', ( #3764, #4574 ), #2316, .T. ) ;
#457 = DIRECTION ( 'NONE',  ( -1.000000000000000000, 0.000000000000000000, -0.000000000000000000 ) ) ;
#458 = CARTESIAN_POINT ( 'NONE',  ( 1.091811711891857772, 0.2999999999999830580, 2.146869362221981881 ) ) ;
#459 = CARTESIAN_POINT ( 'NONE',  ( 0.1732050807568961681, 0.2999999999999998224, -1.999999999999998668 ) ) ;
#460 = DIRECTION ( 'NONE',  ( 0.000000000000000000, -1.000000000000000000, 0.000000000000000000 ) ) ;
#461 = CARTESIAN_POINT ( 'NONE',  ( -0.9606894531183933772, 0.2999999999999991007, -2.169795432657471324 ) ) ;
#462 = ORIENTED_EDGE ( 'NONE', *, *, #516, .F. ) ;
#463 = AXIS2_PLACEMENT_3D ( 'NONE', #1164, #3598, #1891 ) ;
#464 = FACE_BOUND ( 'NONE', #1058, .T. ) ;
#465 = DIRECTION ( 'NONE',  ( 6.866613759074861087E-16, -1.000000000000000000, 0.000000000000000000 ) ) ;
#466 = CARTESIAN_POINT ( 'NONE',  ( -2.750000000000000000, 0.3999999999999981348, -3.749999999999999112 ) ) ;
#467 =( NAMED_UNIT ( * ) SI_UNIT ( $, .STERADIAN. ) SOLID_ANGLE_UNIT ( ) );
#468 = AXIS2_PLACEMENT_3D ( 'NONE', #2245, #4702, #1105 ) ;
#469 = CONTEXT_DEPENDENT_SHAPE_REPRESENTATION ( #40, #4724 ) ;
#470 = SURFACE_SIDE_STYLE ('',( #859 ) ) ;
#471 = CIRCLE ( 'NONE', #1895, 0.2000000000000005107 ) ;
#472 = APPLICATION_CONTEXT ( 'automotive_design' ) ;
#473 = CARTESIAN_POINT ( 'NONE',  ( 1.200000000000008393, 0.2000000000000026201, 1.000000000000003775 ) ) ;
#474 = CARTESIAN_POINT ( 'NONE',  ( 1.173205080756897001, 0.3000000000000007661, 1.000000000000003997 ) ) ;
#475 =( NAMED_UNIT ( * ) PLANE_ANGLE_UNIT ( ) SI_UNIT ( $, .RADIAN. ) );
#476 = CARTESIAN_POINT ( 'NONE',  ( -0.9415560735142188831, 0.2999999999999992673, -0.1641953577431264077 ) ) ;
#477 = ORIENTED_EDGE ( 'NONE', *, *, #4296, .T. ) ;
#478 = CARTESIAN_POINT ( 'NONE',  ( -1.056934516028104731, 0.2999999999999992673, 0.8352751720835225324 ) ) ;
#479 = CARTESIAN_POINT ( 'NONE',  ( -3.000000000000000888, 0.2999999999999979905, 4.000000000000000000 ) ) ;
#480 = AXIS2_PLACEMENT_3D ( 'NONE', #4, #31, #791 ) ;
#481 = CARTESIAN_POINT ( 'NONE',  ( 2.000799790377895349, 0.3000000000000014322, -2.174284733648188084 ) ) ;
#482 = ADVANCED_FACE ( 'NONE', ( #4217, #590 ), #1989, .T. ) ;
#483 = EDGE_LOOP ( 'NONE', ( #2679, #409 ) ) ;
#484 =( REPRESENTATION_RELATIONSHIP ('NONE','NONE', #2642, #848 ) REPRESENTATION_RELATIONSHIP_WITH_TRANSFORMATION ( #1729 )SHAPE_REPRESENTATION_RELATIONSHIP( ) );
#485 = PRODUCT_CONTEXT ( 'NONE', #1487, 'mechanical' ) ;
#486 = CARTESIAN_POINT ( 'NONE',  ( 1.890501046776047689, 0.3000000000000014322, 0.1355942007990241782 ) ) ;
#487 = CARTESIAN_POINT ( 'NONE',  ( -1.943065483971883722, 0.2999999999999981015, -0.8352751720835166482 ) ) ;
#488 = PRODUCT_DEFINITION_FORMATION_WITH_SPECIFIED_SOURCE ( 'ANY', '', #2983, .NOT_KNOWN. ) ;
#489 = CARTESIAN_POINT ( 'NONE',  ( -2.199999999999995293, -0.6000000000000018652, -0.3999999999999979683 ) ) ;
#490 = AXIS2_PLACEMENT_3D ( 'NONE', #776, #2071, #3749 ) ;
#491 = CARTESIAN_POINT ( 'NONE',  ( -3.000000000000000888, 1.199999999999997957, 4.000000000000000000 ) ) ;
#492 = EDGE_CURVE ( 'NONE', #3696, #4251, #4187, .T. ) ;
#493 = ORIENTED_EDGE ( 'NONE', *, *, #1770, .T. ) ;
#494 = CARTESIAN_POINT ( 'NONE',  ( -0.7999999999999933831, 0.2000000000000007605, -1.399999999999998801 ) ) ;
#495 = FILL_AREA_STYLE ('',( #4458 ) ) ;
#496 = CARTESIAN_POINT ( 'NONE',  ( 0.1722462334691467478, 0.3000000000000000444, 1.981800135833065024 ) ) ;
#497 = CARTESIAN_POINT ( 'NONE',  ( 2.200000000000011280, 0.2000000000000028422, 3.060259018942359918E-15 ) ) ;
#498 = CARTESIAN_POINT ( 'NONE',  ( 0.9619784051718757167, 0.3000000000000000999, -2.168980348936571545 ) ) ;
#499 = CARTESIAN_POINT ( 'NONE',  ( 0.1732050807568959738, 0.3000000000000002665, 2.019385769199818714 ) ) ;
#500 = CARTESIAN_POINT ( 'NONE',  ( -1.172246233469133925, 0.2999999999999991562, 1.018199864166944302 ) ) ;
#501 =( LENGTH_UNIT ( ) NAMED_UNIT ( * ) SI_UNIT ( .MILLI., .METRE. ) );
#502 = UNCERTAINTY_MEASURE_WITH_UNIT (LENGTH_MEASURE( 1.000000000000000082E-05 ), #4090, 'distance_accuracy_value', 'NONE');
#503 = ORIENTED_EDGE ( 'NONE', *, *, #2382, .F. ) ;
#504 = CARTESIAN_POINT ( 'NONE',  ( 1.164815693526481954, 0.2999999999992788435, 1.943329061990071827 ) ) ;
#505 = DIRECTION ( 'NONE',  ( 1.000000000000000000, 6.866613759074861087E-16, 0.000000000000000000 ) ) ;
#506 = CARTESIAN_POINT ( 'NONE',  ( -1.864749245098750841, 0.2999999999999987677, 1.108199969032550580 ) ) ;
#507 = ADVANCED_BREP_SHAPE_REPRESENTATION ( '', ( #1121, #1744 ), #2673 ) ;
#508 = EDGE_LOOP ( 'NONE', ( #2958, #865 ) ) ;
#509 = PRODUCT_CONTEXT ( 'NONE', #2630, 'mechanical' ) ;
#510 = CARTESIAN_POINT ( 'NONE',  ( -1.799999999999994715, 0.2000000000000001776, -1.399999999999998135 ) ) ;
#511 = CARTESIAN_POINT ( 'NONE',  ( -0.7999999999999934941, 0.2000000000000008160, 1.000000000000003997 ) ) ;
#512 = CARTESIAN_POINT ( 'NONE',  ( -2.199999999999995737, 0.2000000000000000666, 3.035766082959412415E-15 ) ) ;
#513 = DIRECTION ( 'NONE',  ( -1.000000000000000000, 0.000000000000000000, 0.000000000000000000 ) ) ;
#514 = ORIENTED_EDGE ( 'NONE', *, *, #3306, .F. ) ;
#515 = CARTESIAN_POINT ( 'NONE',  ( -2.199999999999995293, 1.000000000000002665, 1.600000000000004752 ) ) ;
#516 = EDGE_CURVE ( 'NONE', #1306, #1600, #4264, .T. ) ;
#517 = CARTESIAN_POINT ( 'NONE',  ( -0.05693451602810409989, 0.2999999999999997669, 0.8352751720835226434 ) ) ;
#518 = DIRECTION ( 'NONE',  ( -6.938893903907227392E-16, 1.000000000000000000, -0.000000000000000000 ) ) ;
#519 = CONTEXT_DEPENDENT_SHAPE_REPRESENTATION ( #1300, #818 ) ;
#520 = CARTESIAN_POINT ( 'NONE',  ( -1.199999999999993960, 0.2000000000000008993, -1.399999999999998135 ) ) ;
#521 = CARTESIAN_POINT ( 'NONE',  ( -0.9619784051718619500, 0.2999999999999989897, 2.168980348936578206 ) ) ;
#522 = CARTESIAN_POINT ( 'NONE',  ( 1.172246233469147469, 0.3000000000000006550, 0.9818001358330634698 ) ) ;
#523 = SURFACE_SIDE_STYLE ('',( #104 ) ) ;
#524 = CARTESIAN_POINT ( 'NONE',  ( -0.8351843064735197109, 0.2999999999992772337, -0.05667093800993028979 ) ) ;
#525 = EDGE_LOOP ( 'NONE', ( #273, #95, #2975, #1702 ) ) ;
#526 = CARTESIAN_POINT ( 'NONE',  ( -1.163441301275254247, 0.2999999999999992117, 0.9426681498863875852 ) ) ;
#527 = FACE_OUTER_BOUND ( 'NONE', #739, .T. ) ;
#528 = CARTESIAN_POINT ( 'NONE',  ( 0.8301419007345034462, 0.3000000000000005440, -0.03903888012454770351 ) ) ;
#529 = CARTESIAN_POINT ( 'NONE',  ( 0.000000000000000000, 0.000000000000000000, 0.000000000000000000 ) ) ;
#530 = CARTESIAN_POINT ( 'NONE',  ( 2.000000000000011102, 0.2000000000000028422, 1.000000000000003997 ) ) ;
#531 = ORIENTED_EDGE ( 'NONE', *, *, #1438, .F. ) ;
#532 = APPLICATION_PROTOCOL_DEFINITION ( 'draft international standard', 'automotive_design', 1998, #2561 ) ;
#533 = CARTESIAN_POINT ( 'NONE',  ( 1.135250754901251824, 0.3000000000000008216, 0.1081999690325499280 ) ) ;
#534 = CARTESIAN_POINT ( 'NONE',  ( 0.1082498876434853374, 0.2999999999999823919, 0.1365934474001049836 ) ) ;
#535 = CARTESIAN_POINT ( 'NONE',  ( -2.199999999999995737, 0.2000000000000000666, 3.035766082959412810E-15 ) ) ;
#536 = LINE ( 'NONE', #2149, #3765 ) ;
#537 = ORIENTED_EDGE ( 'NONE', *, *, #870, .T. ) ;
#538 = CARTESIAN_POINT ( 'NONE',  ( -2.199999999999994849, 0.2000000000000001499, 1.600000000000004086 ) ) ;
#539 = CLOSED_SHELL ( 'NONE', ( #3271, #1926, #4996 ) ) ;
#540 = CARTESIAN_POINT ( 'NONE',  ( -0.07537353614018818537, 0.2999999999999823919, 0.8428547229561359488 ) ) ;
#541 = CARTESIAN_POINT ( 'NONE',  ( 0.2000000000000074218, -0.6000000000000001998, -0.3999999999999979683 ) ) ;
#542 = CARTESIAN_POINT ( 'NONE',  ( 0.1565122485728556168, 0.2999999999992780664, 1.925811617845226031 ) ) ;
#543 = CARTESIAN_POINT ( 'NONE',  ( 1.830141900734502558, 0.3000000000000012101, 1.960961119875454406 ) ) ;
#544 =( BOUNDED_SURFACE ( )  B_SPLINE_SURFACE ( 3, 3, ( 
 ( #3987, #698, #285, #3093 ),
 ( #4723, #1916, #1888, #2739 ),
 ( #1580, #3962, #1941, #4822 ),
 ( #3567, #5201, #1554, #3168 ) ),
 .UNSPECIFIED., .F., .F., .T. ) 
 B_SPLINE_SURFACE_WITH_KNOTS ( ( 4, 4 ),
 ( 4, 4 ),
 ( 0.000000000000000000, 1.000000000000000000 ),
 ( 0.000000000000000000, 1.000000000000000000 ),
 .UNSPECIFIED. ) 
 GEOMETRIC_REPRESENTATION_ITEM ( )  RATIONAL_B_SPLINE_SURFACE ( (
 ( 1.000000000000000000, 0.3333333333333334259, 0.3333333333333334259, 1.000000000000000000),
 ( 0.3333333333333333703, 0.1111111111111111605, 0.1111111111111111605, 0.3333333333333333703),
 ( 0.3333333333333333703, 0.1111111111111111605, 0.1111111111111111605, 0.3333333333333333703),
 ( 1.000000000000000000, 0.3333333333333334259, 0.3333333333333334259, 1.000000000000000000) ) ) 
 REPRESENTATION_ITEM ( '' )  SURFACE ( )  );
#545 = CARTESIAN_POINT ( 'NONE',  ( -1.000799790377878029, 0.2999999999999992673, 2.174284733648195189 ) ) ;
#546 = CARTESIAN_POINT ( 'NONE',  ( -1.799999999999994493, 0.2000000000000001776, 1.400000000000005018 ) ) ;
#547 = FACE_OUTER_BOUND ( 'NONE', #2720, .T. ) ;
#548 = CIRCLE ( 'NONE', #4623, 0.2000000000000005107 ) ;
#549 = CARTESIAN_POINT ( 'NONE',  ( -2.108249887643473652, 0.2999999999999810041, 1.863406552599903288 ) ) ;
#550 =( NAMED_UNIT ( * ) SI_UNIT ( $, .STERADIAN. ) SOLID_ANGLE_UNIT ( ) );
#551 = EDGE_CURVE ( 'NONE', #1850, #1565, #877, .T. ) ;
#552 = AXIS2_PLACEMENT_3D ( 'NONE', #1320, #4042, #834 ) ;
#553 = CARTESIAN_POINT ( 'NONE',  ( 1.173205080756897001, 0.3000000000000005440, 1.993924965077231048 ) ) ;
#554 = CARTESIAN_POINT ( 'NONE',  ( 1.800000000000010481, 0.2000000000000028699, -1.999999999999998668 ) ) ;
#555 = CARTESIAN_POINT ( 'NONE',  ( 0.9081882881081578818, 0.2999999999999830580, -0.1468693622219736927 ) ) ;
#556 =( NAMED_UNIT ( * ) SI_UNIT ( $, .STERADIAN. ) SOLID_ANGLE_UNIT ( ) );
#557 = CARTESIAN_POINT ( 'NONE',  ( -1.075870863958292789, 0.2999999999999990452, -0.8442963969517002232 ) ) ;
#558 = ORIENTED_EDGE ( 'NONE', *, *, #3434, .T. ) ;
#559 = SHAPE_DEFINITION_REPRESENTATION ( #4372, #4473 ) ;
#560 = CARTESIAN_POINT ( 'NONE',  ( 1.835184306473536253, 0.2999999999992792321, 0.05667093800993631275 ) ) ;
#561 = B_SPLINE_CURVE_WITH_KNOTS ( 'NONE', 3,
 ( #5001, #1720, #1750, #2598, #3036, #4576, #1012, #4189, #534, #5054, #2146, #592, #984, #1364, #2622, #3766, #4218, #3058, #1388, #1419, #145, #2978, #1037, #4601, #2175, #1798, #955, #2120, #3428, #2571, #1774 ),
 .UNSPECIFIED., .F., .F.,
 ( 4, 3, 3, 3, 3, 3, 3, 3, 3, 3, 4 ),
 ( 0.0005414071114497592948, 0.0005995644190492004175, 0.0006577217266486416487, 0.0007158790342480350665, 0.0007740363418475238941, 0.0008321936494469651252, 0.0008903509570464063563, 0.0009485082646458475875, 0.001006665572245543823, 0.001064822879844730050, 0.001082814222899517939 ),
 .UNSPECIFIED. ) ;
#562 = CARTESIAN_POINT ( 'NONE',  ( 1.200000000000008393, 0.2000000000000021483, -0.9999999999999978906 ) ) ;
#563 = CARTESIAN_POINT ( 'NONE',  ( 1.200000000000008393, 0.2000000000000021483, 2.000000000000005329 ) ) ;
#564 = CARTESIAN_POINT ( 'NONE',  ( -1.979944831370252123, 0.2999999999999984901, 0.8279599168471727388 ) ) ;
#565 = MECHANICAL_DESIGN_GEOMETRIC_PRESENTATION_REPRESENTATION (  '', ( #905 ), #1159 ) ;
#566 = EDGE_LOOP ( 'NONE', ( #695, #1171 ) ) ;
#567 = CARTESIAN_POINT ( 'NONE',  ( -1.199999999999994404, 0.2000000000000007327, -0.9999999999999978906 ) ) ;
#568 = CARTESIAN_POINT ( 'NONE',  ( 0.2000000000000074496, 0.2000000000000014544, 3.060259018942359918E-15 ) ) ;
#569 = CARTESIAN_POINT ( 'NONE',  ( 2.020055168629752984, 0.3000000000000012101, 0.8279599168471727388 ) ) ;
#570 = CARTESIAN_POINT ( 'NONE',  ( -2.156512248572843404, 0.2999999999992763455, 2.074188382154784183 ) ) ;
#571 = CARTESIAN_POINT ( 'NONE',  ( 0.8365586987247476403, 0.3000000000000004885, 1.942668149886389140 ) ) ;
#572 = ADVANCED_BREP_SHAPE_REPRESENTATION ( '', ( #973, #1744 ), #4109 ) ;
#573 = CARTESIAN_POINT ( 'NONE',  ( 2.173205080756900109, 0.3000000000000015432, 3.062871137271550026E-15 ) ) ;
#574 = FACE_OUTER_BOUND ( 'NONE', #3972, .T. ) ;
#575 = CARTESIAN_POINT ( 'NONE',  ( -0.8267949192431047756, 0.2999999999999991007, -1.999999999999998668 ) ) ;
#576 = CARTESIAN_POINT ( 'NONE',  ( -2.147360905584613011, 0.2999999999999987121, 1.906937808145578561 ) ) ;
#577 =( BOUNDED_SURFACE ( )  B_SPLINE_SURFACE ( 3, 3, ( 
 ( #4920, #3662, #2754, #1596 ),
 ( #4378, #4001, #2348, #2402 ),
 ( #374, #3975, #349, #1957 ),
 ( #4036, #1201, #2010, #1230 ) ),
 .UNSPECIFIED., .F., .F., .T. ) 
 B_SPLINE_SURFACE_WITH_KNOTS ( ( 4, 4 ),
 ( 4, 4 ),
 ( 0.000000000000000000, 1.000000000000000000 ),
 ( 0.000000000000000000, 1.000000000000000000 ),
 .UNSPECIFIED. ) 
 GEOMETRIC_REPRESENTATION_ITEM ( )  RATIONAL_B_SPLINE_SURFACE ( (
 ( 1.000000000000000000, 0.3333333333333334259, 0.3333333333333334259, 1.000000000000000000),
 ( 0.3333333333333333703, 0.1111111111111111605, 0.1111111111111111605, 0.3333333333333333703),
 ( 0.3333333333333333703, 0.1111111111111111605, 0.1111111111111111605, 0.3333333333333333703),
 ( 1.000000000000000000, 0.3333333333333334259, 0.3333333333333334259, 1.000000000000000000) ) ) 
 REPRESENTATION_ITEM ( '' )  SURFACE ( )  );
#578 = PRODUCT_DEFINITION_SHAPE ( 'NONE', 'NONE',  #4523 ) ;
#579 = CARTESIAN_POINT ( 'NONE',  ( -1.147360905584612345, 0.2999999999999991007, 0.9069378081455771179 ) ) ;
#580 = DIRECTION ( 'NONE',  ( -1.448400965878979610E-47, 1.000000000000000000, 1.001935572513122293E-31 ) ) ;
#581 = B_SPLINE_CURVE_WITH_KNOTS ( 'NONE', 3,
 ( #329, #3613, #3243, #4003, #769, #744, #2757, #1093, #2374, #4785, #2707, #1905, #4323, #1931, #4345, #5167, #3787, #3155, #4380, #2302, #3537, #1569, #1117, #3925, #2786, #3135, #2728, #2328, #4401, #4422, #1598 ),
 .UNSPECIFIED., .F., .F.,
 ( 4, 3, 3, 3, 3, 3, 3, 3, 3, 3, 4 ),
 ( 0.000000000000000000, 5.815730759944121080E-05, 0.0001163146151988822183, 0.0001744719227982760427, 0.0002326292303977648432, 0.0002907865379972062641, 0.0003489438455966475494, 0.0004071011531960887805, 0.0004652584607957851786, 0.0005234157683949715138, 0.0005414071114497592948 ),
 .UNSPECIFIED. ) ;
#582 = CARTESIAN_POINT ( 'NONE',  ( 1.173205080756897001, 0.3000000000000007661, -0.006075034922770967266 ) ) ;
#583 = DIRECTION ( 'NONE',  ( 0.000000000000000000, 0.000000000000000000, 1.000000000000000000 ) ) ;
#584 = EDGE_CURVE ( 'NONE', #4143, #987, #4521, .T. ) ;
#585 = CARTESIAN_POINT ( 'NONE',  ( 1.829790764317917207, 0.3000000000000011546, -0.9625216844564228325 ) ) ;
#586 = CARTESIAN_POINT ( 'NONE',  ( -0.9808913263718256337, 0.2999999999999989897, -0.8267641300433371532 ) ) ;
#587 =( REPRESENTATION_RELATIONSHIP ('NONE','NONE', #2642, #1924 ) REPRESENTATION_RELATIONSHIP_WITH_TRANSFORMATION ( #1783 )SHAPE_REPRESENTATION_RELATIONSHIP( ) );
#588 = ORIENTED_EDGE ( 'NONE', *, *, #2845, .F. ) ;
#589 = APPLICATION_PROTOCOL_DEFINITION ( 'draft international standard', 'automotive_design', 1998, #1551 ) ;
#590 = FACE_OUTER_BOUND ( 'NONE', #5058, .T. ) ;
#591 = EDGE_CURVE ( 'NONE', #5136, #1192, #630, .T. ) ;
#592 = CARTESIAN_POINT ( 'NONE',  ( 0.05693451602811783890, 0.2999999999999997113, 0.1647248279164842399 ) ) ;
#593 = CARTESIAN_POINT ( 'NONE',  ( 0.8000000000000072609, 0.2000000000000021483, -0.9999999999999978906 ) ) ;
#594 = EDGE_LOOP ( 'NONE', ( #4245, #4078 ) ) ;
#595 = CARTESIAN_POINT ( 'NONE',  ( -1.199999999999994404, -0.6000000000000009770, 0.4000000000000039080 ) ) ;
#596 = CARTESIAN_POINT ( 'NONE',  ( 2.999999999999999112, 0.3000000000000010436, 4.000000000000000888 ) ) ;
#597 =( NAMED_UNIT ( * ) SI_UNIT ( $, .STERADIAN. ) SOLID_ANGLE_UNIT ( ) );
#598 = CARTESIAN_POINT ( 'NONE',  ( 2.164815693526485507, 0.2999999999992794542, 0.9433290619900707163 ) ) ;
#599 = CARTESIAN_POINT ( 'NONE',  ( 2.093297801430829441, 0.3000000000000014877, 1.852788151646539427 ) ) ;
#600 = PLANE ( 'NONE',  #304 ) ;
#601 = CARTESIAN_POINT ( 'NONE',  ( -1.173205080756883012, 0.2999999999999993228, 2.006075034922778944 ) ) ;
#602 = CARTESIAN_POINT ( 'NONE',  ( -0.8526390944153758866, 0.2999999999999998224, -1.906937808145571678 ) ) ;
#603 = CARTESIAN_POINT ( 'NONE',  ( -2.199999999999994849, 0.2000000000000000111, 0.4000000000000040190 ) ) ;
#604 = DIRECTION ( 'NONE',  ( 1.000000000000000000, 6.866613759074861087E-16, 0.000000000000000000 ) ) ;
#605 =( NAMED_UNIT ( * ) PLANE_ANGLE_UNIT ( ) SI_UNIT ( $, .RADIAN. ) );
#606 = CARTESIAN_POINT ( 'NONE',  ( 1.863233563396541337, 0.3000000000000010991, 2.108031244861215736 ) ) ;
#607 = APPLICATION_CONTEXT ( 'automotive_design' ) ;
#608 = CARTESIAN_POINT ( 'NONE',  ( 0.8365586987247476403, 0.3000000000000005440, -0.05733185011361308092 ) ) ;
#609 = CARTESIAN_POINT ( 'NONE',  ( 0.000000000000000000, 0.000000000000000000, 0.000000000000000000 ) ) ;
#610 = CARTESIAN_POINT ( 'NONE',  ( -2.148208803619146678, 0.2999999999992765121, -0.9082941737002231397 ) ) ;
#611 = CARTESIAN_POINT ( 'NONE',  ( -1.000799790377878029, 0.2999999999999992673, -0.8257152663518081415 ) ) ;
#612 = EDGE_CURVE ( 'NONE', #2733, #1902, #1557, .T. ) ;
#613 = ORIENTED_EDGE ( 'NONE', *, *, #3943, .F. ) ;
#614 = CARTESIAN_POINT ( 'NONE',  ( -2.199999999999994849, 0.2000000000000001776, -1.399999999999998135 ) ) ;
#615 = CARTESIAN_POINT ( 'NONE',  ( -1.199999999999994627, 0.2000000000000007605, 1.000000000000003997 ) ) ;
#616 = DIRECTION ( 'NONE',  ( -1.000000000000000000, 0.000000000000000000, 0.000000000000000000 ) ) ;
#617 = ADVANCED_FACE ( 'NONE', ( #3225 ), #1132, .F. ) ;
#618 = VERTEX_POINT ( 'NONE', #1103 ) ;
#619 =( NAMED_UNIT ( * ) PLANE_ANGLE_UNIT ( ) SI_UNIT ( $, .RADIAN. ) );
#620 = CARTESIAN_POINT ( 'NONE',  ( -0.8632335633965285693, 0.2999999999999994893, 1.891968755138794478 ) ) ;
#621 = FACE_OUTER_BOUND ( 'NONE', #4313, .T. ) ;
#622 = CARTESIAN_POINT ( 'NONE',  ( 2.136766436603476205, 0.3000000000000015987, 0.8919687551387932567 ) ) ;
#623 = CARTESIAN_POINT ( 'NONE',  ( -1.999999999999994893, 0.2000000000000000666, 2.000000000000005329 ) ) ;
#624 = EDGE_LOOP ( 'NONE', ( #1266, #2197 ) ) ;
#625 = CONTEXT_DEPENDENT_SHAPE_REPRESENTATION ( #1664, #3904 ) ;
#626 = LINE ( 'NONE', #280, #5142 ) ;
#627 = CARTESIAN_POINT ( 'NONE',  ( -1.173205080756883012, 0.2999999999999993228, 2.000000000000005329 ) ) ;
#628 = CARTESIAN_POINT ( 'NONE',  ( -1.172884579699629892, 0.2999999999999992673, -1.987841539925067069 ) ) ;
#629 = CARTESIAN_POINT ( 'NONE',  ( -1.799999999999994493, 0.2000000000000000111, 0.4000000000000040190 ) ) ;
#630 = CIRCLE ( 'NONE', #1052, 0.2000000000000005107 ) ;
#631 = CARTESIAN_POINT ( 'NONE',  ( 1.800000000000010481, 0.2000000000000030087, -1.599999999999997424 ) ) ;
#632 = MECHANICAL_DESIGN_GEOMETRIC_PRESENTATION_REPRESENTATION (  '', ( #1314 ), #884 ) ;
#633 = CARTESIAN_POINT ( 'NONE',  ( 1.172884579699643437, 0.3000000000000007661, -0.01215846007492925492 ) ) ;
#634 = CARTESIAN_POINT ( 'NONE',  ( 2.038021594828142824, 0.3000000000000012101, -0.8310196510634251243 ) ) ;
#635 = CARTESIAN_POINT ( 'NONE',  ( 0.8000000000000072609, 0.2000000000000021483, -0.9999999999999978906 ) ) ;
#636 = AXIS2_PLACEMENT_3D ( 'NONE', #1532, #4746, #3517 ) ;
#637 = VERTEX_POINT ( 'NONE', #3519 ) ;
#638 = APPLICATION_PROTOCOL_DEFINITION ( 'draft international standard', 'automotive_design', 1998, #1432 ) ;
#639 =( GEOMETRIC_REPRESENTATION_CONTEXT ( 3 ) GLOBAL_UNCERTAINTY_ASSIGNED_CONTEXT ( ( #4099 ) ) GLOBAL_UNIT_ASSIGNED_CONTEXT ( ( #1883, #3906, #3161 ) ) REPRESENTATION_CONTEXT ( 'NONE', 'WORKASPACE' ) );
#640 = CARTESIAN_POINT ( 'NONE',  ( 1.200000000000008393, 0.2000000000000021483, 3.060259018942359918E-15 ) ) ;
#641 = FACE_OUTER_BOUND ( 'NONE', #4070, .T. ) ;
#642 = ADVANCED_FACE ( 'NONE', ( #3171 ), #1556, .F. ) ;
#643 = CIRCLE ( 'NONE', #1417, 0.2000000000000005107 ) ;
#644 = EDGE_LOOP ( 'NONE', ( #613, #3562 ) ) ;
#645 = CARTESIAN_POINT ( 'NONE',  ( -0.1634413012752534144, 0.2999999999999999334, -2.057331850113614635 ) ) ;
#646 = CARTESIAN_POINT ( 'NONE',  ( 2.020055168629752984, 0.3000000000000014322, -1.172040083152829038 ) ) ;
#647 = CARTESIAN_POINT ( 'NONE',  ( -0.7999999999999933831, 0.2000000000000007327, 0.4000000000000040190 ) ) ;
#648 =( GEOMETRIC_REPRESENTATION_CONTEXT ( 3 ) GLOBAL_UNCERTAINTY_ASSIGNED_CONTEXT ( ( #1249 ) ) GLOBAL_UNIT_ASSIGNED_CONTEXT ( ( #923, #4151, #4988 ) ) REPRESENTATION_CONTEXT ( 'NONE', 'WORKASPACE' ) );
#649 = EDGE_CURVE ( 'NONE', #52, #4100, #439, .T. ) ;
#650 = CARTESIAN_POINT ( 'NONE',  ( 2.164815693526481510, 0.2999999999992794542, 1.943329061990072049 ) ) ;
#651 = ORIENTED_EDGE ( 'NONE', *, *, #2262, .F. ) ;
#652 = AXIS2_PLACEMENT_3D ( 'NONE', #350, #1959, #3584 ) ;
#653 = FILL_AREA_STYLE ('',( #3044 ) ) ;
#654 = SHAPE_REPRESENTATION ( 'MT25QL256ABA8E12-1SIT TR_19', ( #1744 ), #2682 ) ;
#655 = CARTESIAN_POINT ( 'NONE',  ( -1.835184306473520710, 0.2999999999992766231, -1.056670938009931282 ) ) ;
#656 = CARTESIAN_POINT ( 'NONE',  ( -1.020055168629736997, 0.2999999999999992673, -1.827959916847167632 ) ) ;
#657 = CARTESIAN_POINT ( 'NONE',  ( -1.799999999999994271, 1.000000000000001776, -0.3999999999999978018 ) ) ;
#658 =( NAMED_UNIT ( * ) PLANE_ANGLE_UNIT ( ) SI_UNIT ( $, .RADIAN. ) );
#659 = ADVANCED_BREP_SHAPE_REPRESENTATION ( '', ( #1038, #1744 ), #1826 ) ;
#660 = PRODUCT_DEFINITION_CONTEXT ( 'detailed design', #2015, 'design' ) ;
#661 = CARTESIAN_POINT ( 'NONE',  ( 1.827115420300371218, 0.3000000000000010436, 2.012158460074937150 ) ) ;
#662 = CARTESIAN_POINT ( 'NONE',  ( 1.000799790377892018, 0.3000000000000006550, -1.174284733648187418 ) ) ;
#663 = CARTESIAN_POINT ( 'NONE',  ( -2.075870863958293899, 0.2999999999999986566, -0.8442963969517002232 ) ) ;
#664 = CARTESIAN_POINT ( 'NONE',  ( 1.200000000000008393, 0.2000000000000021483, 1.000000000000003997 ) ) ;
#665 = ORIENTED_EDGE ( 'NONE', *, *, #2480, .F. ) ;
#666 = CARTESIAN_POINT ( 'NONE',  ( -1.799999999999994493, 0.2000000000000000111, -0.9999999999999978906 ) ) ;
#667 = CARTESIAN_POINT ( 'NONE',  ( 0.9241291360417087652, 0.3000000000000004885, -1.844296396951701222 ) ) ;
#668 = VERTEX_POINT ( 'NONE', #3310 ) ;
#669 = PRODUCT_RELATED_PRODUCT_CATEGORY ( 'part', '', ( #4161 ) ) ;
#670 = CARTESIAN_POINT ( 'NONE',  ( -0.1732050807568822903, 0.3000000000000000444, -1.999999999999998668 ) ) ;
#671 = CARTESIAN_POINT ( 'NONE',  ( 2.172884579699646768, 0.3000000000000013212, -1.012158460074930044 ) ) ;
#672 = SURFACE_STYLE_FILL_AREA ( #1474 ) ;
#673 = CARTESIAN_POINT ( 'NONE',  ( 2.123132694913691942, 0.3000000000000015987, 0.8781872771698544522 ) ) ;
#674 = VERTEX_POINT ( 'NONE', #2108 ) ;
#675 = EDGE_CURVE ( 'NONE', #4705, #346, #4095, .T. ) ;
#676 = CARTESIAN_POINT ( 'NONE',  ( -1.199999999999994404, 0.2000000000000007883, -1.999999999999998668 ) ) ;
#677 = CARTESIAN_POINT ( 'NONE',  ( 2.200000000000011280, 0.2000000000000028422, 1.000000000000003997 ) ) ;
#678 = CARTESIAN_POINT ( 'NONE',  ( 1.135250754901252268, 0.3000000000000007105, 1.108199969032550358 ) ) ;
#679 = DIRECTION ( 'NONE',  ( 6.866613759074861087E-16, -1.000000000000000000, 0.000000000000000000 ) ) ;
#680 = CARTESIAN_POINT ( 'NONE',  ( 1.173205080756897001, 0.3000000000000009881, -0.9806142308001839503 ) ) ;
#681 = CARTESIAN_POINT ( 'NONE',  ( 1.058443926485783004, 0.3000000000000005995, -1.164195357743127213 ) ) ;
#682 = CARTESIAN_POINT ( 'NONE',  ( -1.020055168629736331, 0.2999999999999992673, 1.172040083152835477 ) ) ;
#683 = PLANE ( 'NONE',  #468 ) ;
#684 = ORIENTED_EDGE ( 'NONE', *, *, #3047, .T. ) ;
#685 = CARTESIAN_POINT ( 'NONE',  ( -0.1999999999999935996, 0.2000000000000014266, -1.399999999999998801 ) ) ;
#686 = CARTESIAN_POINT ( 'NONE',  ( 1.200000000000008393, 0.2000000000000021760, 3.060259018942359918E-15 ) ) ;
#687 = CARTESIAN_POINT ( 'NONE',  ( 0.03802159482813898678, 0.2999999999999996003, -0.8310196510634253464 ) ) ;
#688 = PRODUCT_DEFINITION_SHAPE ( 'NONE', 'NONE',  #5247 ) ;
#689 = VERTEX_POINT ( 'NONE', #4932 ) ;
#690 = CARTESIAN_POINT ( 'NONE',  ( 2.000000000000001776, 0.3000000000000013767, 1.000000000000000444 ) ) ;
#691 = CARTESIAN_POINT ( 'NONE',  ( -0.9992002096221099805, 0.2999999999999993228, 1.825715266351815691 ) ) ;
#692 = CARTESIAN_POINT ( 'NONE',  ( -0.09181171189184302028, 0.2999999999999822808, -0.1468693622219737205 ) ) ;
#693 = CARTESIAN_POINT ( 'NONE',  ( -1.906702198569172779, 0.2999999999999986566, -0.1472118483534627653 ) ) ;
#694 = DIRECTION ( 'NONE',  ( 0.000000000000000000, 1.000000000000000000, 1.224646799147353207E-16 ) ) ;
#695 = ORIENTED_EDGE ( 'NONE', *, *, #2192, .F. ) ;
#696 = CARTESIAN_POINT ( 'NONE',  ( 1.800000000000010258, -0.5999999999999989786, 0.6000000000000029754 ) ) ;
#697 = CARTESIAN_POINT ( 'NONE',  ( 1.147360905584626334, 0.3000000000000007105, 1.093062191854430321 ) ) ;
#698 = CARTESIAN_POINT ( 'NONE',  ( -1.199999999999994627, 0.2000000000000007605, 2.000000000000005329 ) ) ;
#699 = CARTESIAN_POINT ( 'NONE',  ( -0.1999999999999935718, 0.2000000000000014821, 1.000000000000003775 ) ) ;
#700 = CARTESIAN_POINT ( 'NONE',  ( -1.173205080756883012, 0.2999999999999993228, -1.019385769199811609 ) ) ;
#701 =( NAMED_UNIT ( * ) PLANE_ANGLE_UNIT ( ) SI_UNIT ( $, .RADIAN. ) );
#702 = CLOSED_SHELL ( 'NONE', ( #482, #5162, #132 ) ) ;
#703 = CARTESIAN_POINT ( 'NONE',  ( -1.000799790377877807, 0.2999999999999992673, 1.174284733648193635 ) ) ;
#704 = LINE ( 'NONE', #4776, #3008 ) ;
#705 = EDGE_CURVE ( 'NONE', #5119, #1496, #191, .T. ) ;
#706 = MECHANICAL_DESIGN_GEOMETRIC_PRESENTATION_REPRESENTATION (  '', ( #37 ), #4782 ) ;
#707 = VERTEX_POINT ( 'NONE', #861 ) ;
#708 = DIRECTION ( 'NONE',  ( 0.000000000000000000, 0.000000000000000000, -1.000000000000000000 ) ) ;
#709 = CARTESIAN_POINT ( 'NONE',  ( -2.199999999999995293, -0.6000000000000019762, -1.399999999999999245 ) ) ;
#710 = MECHANICAL_DESIGN_GEOMETRIC_PRESENTATION_REPRESENTATION (  '', ( #1974 ), #2919 ) ;
#711 = ORIENTED_EDGE ( 'NONE', *, *, #1996, .T. ) ;
#712 = AXIS2_PLACEMENT_3D ( 'NONE', #1234, #119, #3641 ) ;
#713 = CARTESIAN_POINT ( 'NONE',  ( -0.03802159482812548369, 0.2999999999999996558, -2.168980348936571545 ) ) ;
#714 = CARTESIAN_POINT ( 'NONE',  ( -0.9067021985691717800, 0.2999999999999993783, 1.852788151646539427 ) ) ;
#715 = CARTESIAN_POINT ( 'NONE',  ( -1.843487751427146382, 0.2999999999992766231, -0.07418838215477659148 ) ) ;
#716 = CARTESIAN_POINT ( 'NONE',  ( 0.2000000000000073941, 1.000000000000003775, -2.400000000000000355 ) ) ;
#717 = STYLED_ITEM ( 'NONE', ( #3563 ), #2783 ) ;
#718 = EDGE_LOOP ( 'NONE', ( #67, #3666 ) ) ;
#719 = PRESENTATION_STYLE_ASSIGNMENT (( #2789 ) ) ;
#720 = AXIS2_PLACEMENT_3D ( 'NONE', #2790, #1602, #4060 ) ;
#721 = CARTESIAN_POINT ( 'NONE',  ( 1.800000000000010258, -0.5999999999999989786, 1.400000000000005462 ) ) ;
#722 = CARTESIAN_POINT ( 'NONE',  ( 0.8267949192431185423, 0.3000000000000005440, 1.000000000000003997 ) ) ;
#723 =( NAMED_UNIT ( * ) SI_UNIT ( $, .STERADIAN. ) SOLID_ANGLE_UNIT ( ) );
#724 =( GEOMETRIC_REPRESENTATION_CONTEXT ( 3 ) GLOBAL_UNCERTAINTY_ASSIGNED_CONTEXT ( ( #2940 ) ) GLOBAL_UNIT_ASSIGNED_CONTEXT ( ( #1078, #4797, #3992 ) ) REPRESENTATION_CONTEXT ( 'NONE', 'WORKASPACE' ) );
#725 = SHAPE_DEFINITION_REPRESENTATION ( #2715, #3289 ) ;
#726 = FACE_OUTER_BOUND ( 'NONE', #3715, .T. ) ;
#727 = PRODUCT_DEFINITION ( 'UNKNOWN', '', #2769, #242 ) ;
#728 = PRODUCT_DEFINITION_SHAPE ( 'NONE', 'NONE',  #1765 ) ;
#729 = CARTESIAN_POINT ( 'NONE',  ( 1.123132694913688834, 0.3000000000000007105, -1.121812722830147324 ) ) ;
#730 = CARTESIAN_POINT ( 'NONE',  ( -1.019108673628162043, 0.2999999999999989342, -1.173235869956658961 ) ) ;
#731 = CARTESIAN_POINT ( 'NONE',  ( -0.8768593957821145812, 0.2999999999999992673, 1.123337746210658850 ) ) ;
#732 = CARTESIAN_POINT ( 'NONE',  ( 1.200000000000008393, 0.2000000000000021760, 1.000000000000003997 ) ) ;
#733 = APPLICATION_CONTEXT ( 'automotive_design' ) ;
#734 = FACE_OUTER_BOUND ( 'NONE', #3709, .T. ) ;
#735 = EDGE_CURVE ( 'NONE', #4136, #1197, #3355, .T. ) ;
#736 = CARTESIAN_POINT ( 'NONE',  ( 0.8000000000000077049, 0.2000000000000022593, -1.399999999999998135 ) ) ;
#737 = CARTESIAN_POINT ( 'NONE',  ( 1.826794919243121651, 0.3000000000000014322, -1.999999999999998668 ) ) ;
#738 = SHAPE_REPRESENTATION ( 'MT25QL256ABA8E12-1SIT TR_13', ( #1744 ), #1986 ) ;
#739 = EDGE_LOOP ( 'NONE', ( #3107, #874 ) ) ;
#740 = ADVANCED_FACE ( 'NONE', ( #2635, #4613 ), #3626, .T. ) ;
#741 = B_SPLINE_CURVE_WITH_KNOTS ( 'NONE', 3,
 ( #3385, #1344, #147, #5003, #957, #936, #2981, #2548, #4168, #3768, #1753, #4603, #2574, #4191, #2178, #564, #3797, #172, #1776, #4631, #3406, #5028, #3005, #2601, #2957, #4578, #4476, #2516, #2914, #1667, #4963 ),
 .UNSPECIFIED., .F., .F.,
 ( 4, 3, 3, 3, 3, 3, 3, 3, 3, 3, 4 ),
 ( 0.000000000000000000, 5.815730759944139376E-05, 0.0001163146151988826926, 0.0001744719227982759343, 0.0002326292303977651956, 0.0002907865379972064809, 0.0003489438455966476578, 0.0004071011531960888889, 0.0004652584607957852871, 0.0005234157683949714054, 0.0005414071114497594032 ),
 .UNSPECIFIED. ) ;
#742 = CARTESIAN_POINT ( 'NONE',  ( -0.1999999999999935996, -0.6000000000000004219, 2.400000000000006573 ) ) ;
#743 = CARTESIAN_POINT ( 'NONE',  ( 1.056934516028118720, 0.3000000000000002665, 2.164724827916486571 ) ) ;
#744 = CARTESIAN_POINT ( 'NONE',  ( -0.1473609055846116789, 0.2999999999999998224, -1.093062191854424325 ) ) ;
#745 = CARTESIAN_POINT ( 'NONE',  ( 1.000000000000007772, 0.2000000000000021760, -1.999999999999998668 ) ) ;
#746 =( REPRESENTATION_RELATIONSHIP ('NONE','NONE', #2642, #3057 ) REPRESENTATION_RELATIONSHIP_WITH_TRANSFORMATION ( #4494 )SHAPE_REPRESENTATION_RELATIONSHIP( ) );
#747 = EDGE_LOOP ( 'NONE', ( #3043, #2271, #2701, #952 ) ) ;
#748 = CARTESIAN_POINT ( 'NONE',  ( -1.199999999999994627, 1.000000000000002442, -1.599999999999997868 ) ) ;
#749 = CARTESIAN_POINT ( 'NONE',  ( -2.173205080756884122, 0.2999999999999983791, -1.019385769199811609 ) ) ;
#750 = CARTESIAN_POINT ( 'NONE',  ( 0.9067021985691856578, 0.3000000000000004885, 1.147211848353469676 ) ) ;
#751 = CARTESIAN_POINT ( 'NONE',  ( 1.835184306473536475, 0.2999999999992790101, -1.943329061990065387 ) ) ;
#752 = SHAPE_DEFINITION_REPRESENTATION ( #1386, #848 ) ;
#753 = CARTESIAN_POINT ( 'NONE',  ( -2.173205080756884122, 0.2999999999999984346, 3.062871137271550026E-15 ) ) ;
#754 = CARTESIAN_POINT ( 'NONE',  ( -0.1999999999999935996, 0.2000000000000015654, 0.6000000000000026423 ) ) ;
#755 = CARTESIAN_POINT ( 'NONE',  ( 0.8768673050863263763, 0.3000000000000005440, 0.1218127228301524034 ) ) ;
#756 = CARTESIAN_POINT ( 'NONE',  ( -2.199999999999995293, 0.2000000000000000389, 2.000000000000005329 ) ) ;
#757 = DIRECTION ( 'NONE',  ( 6.866613759074861087E-16, -1.000000000000000000, 0.000000000000000000 ) ) ;
#758 = CARTESIAN_POINT ( 'NONE',  ( -1.172246233469133925, 0.2999999999999991562, 0.01819986416694342746 ) ) ;
#759 = EDGE_LOOP ( 'NONE', ( #1277, #2672 ) ) ;
#760 = CARTESIAN_POINT ( 'NONE',  ( 0.8000000000000072609, 0.2000000000000021205, -0.9999999999999978906 ) ) ;
#761 = CARTESIAN_POINT ( 'NONE',  ( -1.842975496714978734, 0.2999999999999986011, 0.07562482010268459232 ) ) ;
#762 = EDGE_CURVE ( 'NONE', #4633, #4856, #1392, .T. ) ;
#763 = VERTEX_POINT ( 'NONE', #4177 ) ;
#764 = DIRECTION ( 'NONE',  ( 0.000000000000000000, 0.000000000000000000, 1.000000000000000000 ) ) ;
#765 = CARTESIAN_POINT ( 'NONE',  ( 2.147360905584628998, 0.3000000000000015987, 0.09306219185442970998 ) ) ;
#766 = APPLICATION_CONTEXT ( 'automotive_design' ) ;
#767 = CARTESIAN_POINT ( 'NONE',  ( -2.750000000000000000, 0.2999999999999982125, -3.749999999999999112 ) ) ;
#768 = CARTESIAN_POINT ( 'NONE',  ( -0.1732050807568822903, 0.2999999999999999334, 3.062871137271550026E-15 ) ) ;
#769 = CARTESIAN_POINT ( 'NONE',  ( -0.1570245032850091094, 0.2999999999999998224, -1.075624820102679235 ) ) ;
#770 = ADVANCED_FACE ( 'NONE', ( #2736 ), #5051, .T. ) ;
#771 = PRODUCT ( 'MT25QL256ABA8E12-1SIT TR_24', 'MT25QL256ABA8E12-1SIT TR_24', '', ( #3843 ) ) ;
#772 = VERTEX_POINT ( 'NONE', #1575 ) ;
#773 = CARTESIAN_POINT ( 'NONE',  ( -1.199999999999994627, 1.000000000000002887, -2.400000000000000355 ) ) ;
#774 = PLANE ( 'NONE',  #3097 ) ;
#775 = CARTESIAN_POINT ( 'NONE',  ( 0.8271154203003719951, 0.3000000000000005995, 1.012158460074936261 ) ) ;
#776 = CARTESIAN_POINT ( 'NONE',  ( -0.9999999999999940048, 0.2000000000000007883, 1.000000000000003997 ) ) ;
#777 = PRODUCT_CONTEXT ( 'NONE', #5225, 'mechanical' ) ;
#778 = CARTESIAN_POINT ( 'NONE',  ( 0.9992002096221237473, 0.3000000000000005995, -0.8257152663518081415 ) ) ;
#779 = CARTESIAN_POINT ( 'NONE',  ( 0.8000000000000073719, 0.2000000000000021760, 1.000000000000003775 ) ) ;
#780 = CARTESIAN_POINT ( 'NONE',  ( 0.8351843064735333666, 0.2999999999992783994, 0.05667093800993624336 ) ) ;
#781 = CARTESIAN_POINT ( 'NONE',  ( -0.8267949192431048866, 0.2999999999999995448, 1.000000000000003997 ) ) ;
#782 = CARTESIAN_POINT ( 'NONE',  ( -0.1999999999999931277, 1.000000000000001998, -0.5999999999999972022 ) ) ;
#783 = CARTESIAN_POINT ( 'NONE',  ( -2.059984127722458425E-16, 0.2999999999999999889, 4.000000000000000888 ) ) ;
#784 = CARTESIAN_POINT ( 'NONE',  ( -0.1999999999999935718, 0.2000000000000014544, -0.9999999999999978906 ) ) ;
#785 = CARTESIAN_POINT ( 'NONE',  ( 2.172884579699646324, 0.3000000000000015432, -2.012158460074931376 ) ) ;
#786 = VECTOR ( 'NONE', #5206, 1000.000000000000000 ) ;
#787 = ORIENTED_EDGE ( 'NONE', *, *, #288, .T. ) ;
#788 = CARTESIAN_POINT ( 'NONE',  ( 0.000000000000000000, 0.000000000000000000, 0.000000000000000000 ) ) ;
#789 = CARTESIAN_POINT ( 'NONE',  ( 1.800000000000010481, 0.2000000000000032863, 1.000000000000003775 ) ) ;
#790 = COLOUR_RGB ( '',0.7921568627450980005, 0.8196078431372548767, 0.9333333333333333481 ) ;
#791 = DIRECTION ( 'NONE',  ( 1.000000000000000000, 6.866613759074861087E-16, 0.000000000000000000 ) ) ;
#792 = CARTESIAN_POINT ( 'NONE',  ( 0.1698580992655111532, 0.3000000000000003775, -1.960961119875447967 ) ) ;
#793 = CARTESIAN_POINT ( 'NONE',  ( -2.199999999999995293, 0.2000000000000000666, 3.035766082959412415E-15 ) ) ;
#794 = CARTESIAN_POINT ( 'NONE',  ( 2.200000000000007727, 0.2000000000000029809, 1.600000000000004086 ) ) ;
#795 = COLOUR_RGB ( '',0.7921568627450980005, 0.8196078431372548767, 0.9333333333333333481 ) ;
#796 = EDGE_LOOP ( 'NONE', ( #4736, #2887, #1019, #1361 ) ) ;
#797 = CARTESIAN_POINT ( 'NONE',  ( -0.7999999999999932720, 1.000000000000002442, -1.599999999999997868 ) ) ;
#798 = EDGE_CURVE ( 'NONE', #1496, #5119, #1823, .T. ) ;
#799 = CARTESIAN_POINT ( 'NONE',  ( -0.1094989532239564883, 0.2999999999999999334, 1.135594200799025177 ) ) ;
#800 = SURFACE_SIDE_STYLE ('',( #2104 ) ) ;
#801 = PRESENTATION_LAYER_ASSIGNMENT (  '', '', ( #717 ) ) ;
#802 = CIRCLE ( 'NONE', #3775, 0.2999999999999999334 ) ;
#803 = CONTEXT_DEPENDENT_SHAPE_REPRESENTATION ( #1923, #4410 ) ;
#804 = CARTESIAN_POINT ( 'NONE',  ( -0.7999999999999933831, 0.2000000000000012601, 1.000000000000003775 ) ) ;
#805 = B_SPLINE_CURVE_WITH_KNOTS ( 'NONE', 3,
 ( #2892, #872, #1174, #902, #4655, #4967, #164, #3345, #3840, #3400, #2116, #1007, #930, #586, #611, #1742, #3814, #4213, #557, #3737, #2541, #4160, #1383, #2518, #3378, #5020, #3424, #1820, #951, #2918, #5047 ),
 .UNSPECIFIED., .F., .F.,
 ( 4, 3, 3, 3, 3, 3, 3, 3, 3, 3, 4 ),
 ( 0.0005414071114497591864, 0.0005995644190492005260, 0.0006577217266486418655, 0.0007158790342480352833, 0.0007740363418475240025, 0.0008321936494469654505, 0.0008903509570464068984, 0.0009485082646458481296, 0.001006665572245544473, 0.001064822879844730700, 0.001082814222899518373 ),
 .UNSPECIFIED. ) ;
#806 = CARTESIAN_POINT ( 'NONE',  ( 1.123132694913689056, 0.3000000000000005995, -2.121812722830147990 ) ) ;
#807 = DIRECTION ( 'NONE',  ( 0.000000000000000000, -1.000000000000000000, 0.000000000000000000 ) ) ;
#808 = CARTESIAN_POINT ( 'NONE',  ( -0.8434877514271454935, 0.2999999999992772337, -0.07418838215477641107 ) ) ;
#809 = CARTESIAN_POINT ( 'NONE',  ( 0.2000000000000074496, 0.2000000000000014544, -0.9999999999999980016 ) ) ;
#810 = CARTESIAN_POINT ( 'NONE',  ( -0.05844392648576819671, 0.2999999999999996558, -0.8358046422568683465 ) ) ;
#811 = COLOUR_RGB ( '',0.7921568627450980005, 0.8196078431372548767, 0.9333333333333333481 ) ;
#812 = CARTESIAN_POINT ( 'NONE',  ( 0.9808913263718395115, 0.3000000000000000999, 1.826764130043344370 ) ) ;
#813 = AXIS2_PLACEMENT_3D ( 'NONE', #4570, #3790, #138 ) ;
#814 = CARTESIAN_POINT ( 'NONE',  ( -0.1999999999999935718, 0.2000000000000014266, -1.999999999999998668 ) ) ;
#815 = PRESENTATION_LAYER_ASSIGNMENT (  '', '', ( #3614 ) ) ;
#816 = CARTESIAN_POINT ( 'NONE',  ( -1.943065483971883500, 0.2999999999999984901, 1.164724827916485239 ) ) ;
#817 = CARTESIAN_POINT ( 'NONE',  ( -2.039310546881595521, 0.2999999999999984346, 0.1697954326574760142 ) ) ;
#818 = PRODUCT_DEFINITION_SHAPE ( 'NONE', 'NONE',  #5255 ) ;
#819 = CARTESIAN_POINT ( 'NONE',  ( 0.2000000000000070333, 1.000000000000001998, -0.5999999999999972022 ) ) ;
#820 = ORIENTED_EDGE ( 'NONE', *, *, #1741, .F. ) ;
#821 = DIRECTION ( 'NONE',  ( 1.000000000000000000, 0.000000000000000000, 0.000000000000000000 ) ) ;
#822 = CARTESIAN_POINT ( 'NONE',  ( 1.800000000000010481, 0.2000000000000028699, 1.000000000000003775 ) ) ;
#823 = CARTESIAN_POINT ( 'NONE',  ( 0.8297907643179143200, 0.3000000000000005995, 2.037478315543580276 ) ) ;
#824 = CARTESIAN_POINT ( 'NONE',  ( 0.03802159482813877167, 0.2999999999999998224, -1.831019651063426235 ) ) ;
#825 = DIRECTION ( 'NONE',  ( 1.000000000000000000, 6.866613759074861087E-16, 0.000000000000000000 ) ) ;
#826 = CARTESIAN_POINT ( 'NONE',  ( -2.199999999999999734, 0.2999999999999982681, -3.749999999999999112 ) ) ;
#827 = PRODUCT_DEFINITION ( 'UNKNOWN', '', #3454, #4155 ) ;
#828 = ORIENTED_EDGE ( 'NONE', *, *, #3910, .F. ) ;
#829 = FILL_AREA_STYLE_COLOUR ( '', #4111 ) ;
#830 = CARTESIAN_POINT ( 'NONE',  ( -0.1728845796996288375, 0.2999999999999999889, 1.012158460074936261 ) ) ;
#831 = CARTESIAN_POINT ( 'NONE',  ( 1.800000000000010481, 0.2000000000000028422, -0.9999999999999978906 ) ) ;
#832 = CARTESIAN_POINT ( 'NONE',  ( 2.091811711891860881, 0.2999999999999841682, -1.853130637778022116 ) ) ;
#833 = ADVANCED_FACE ( 'NONE', ( #3513 ), #382, .T. ) ;
#834 = DIRECTION ( 'NONE',  ( -1.000000000000000000, 0.000000000000000000, 0.000000000000000000 ) ) ;
#835 = APPLICATION_CONTEXT ( 'automotive_design' ) ;
#836 = CARTESIAN_POINT ( 'NONE',  ( 0.8000000000000072609, 0.2000000000000021483, 3.035766082959412415E-15 ) ) ;
#837 = CARTESIAN_POINT ( 'NONE',  ( -0.8277537665308541959, 0.2999999999999993228, -1.018199864166938307 ) ) ;
#838 = CARTESIAN_POINT ( 'NONE',  ( -1.056934516028104953, 0.2999999999999990452, -0.1647248279164781615 ) ) ;
#839 = CARTESIAN_POINT ( 'NONE',  ( -0.8301419007344896794, 0.2999999999999993228, 0.03903888012455382361 ) ) ;
#840 = CARTESIAN_POINT ( 'NONE',  ( 0.2000000000000074496, 0.2000000000000014544, 2.000000000000005329 ) ) ;
#841 = EDGE_LOOP ( 'NONE', ( #1236, #2067 ) ) ;
#842 = CARTESIAN_POINT ( 'NONE',  ( 1.148208803619159779, 0.2999999999992788435, 1.908294173700230356 ) ) ;
#843 = CARTESIAN_POINT ( 'NONE',  ( -0.7999999999999933831, 0.2000000000000007605, -0.9999999999999978906 ) ) ;
#844 = CARTESIAN_POINT ( 'NONE',  ( -2.172246233469134591, 0.2999999999999983236, 1.018199864166944302 ) ) ;
#845 = CARTESIAN_POINT ( 'NONE',  ( -2.058443926485769904, 0.2999999999999984346, 0.1641953577431325972 ) ) ;
#846 = ORIENTED_EDGE ( 'NONE', *, *, #5131, .F. ) ;
#847 =( REPRESENTATION_RELATIONSHIP ('NONE','NONE', #2642, #3592 ) REPRESENTATION_RELATIONSHIP_WITH_TRANSFORMATION ( #2582 )SHAPE_REPRESENTATION_RELATIONSHIP( ) );
#848 = SHAPE_REPRESENTATION ( 'MT25QL256ABA8E12-1SIT TR_9', ( #1744 ), #4970 ) ;
#849 = CARTESIAN_POINT ( 'NONE',  ( 1.876867305086329596, 0.3000000000000014322, 0.1218127228301524867 ) ) ;
#850 = CARTESIAN_POINT ( 'NONE',  ( 1.147360905584625890, 0.3000000000000009326, 2.093062191854432541 ) ) ;
#851 = DIRECTION ( 'NONE',  ( 0.000000000000000000, -1.000000000000000000, 0.000000000000000000 ) ) ;
#852 = CARTESIAN_POINT ( 'NONE',  ( -1.799999999999994493, 0.2000000000000000111, 0.4000000000000040190 ) ) ;
#853 = CARTESIAN_POINT ( 'NONE',  ( -1.038021594828126393, 0.2999999999999990452, -2.168980348936571545 ) ) ;
#854 = VERTEX_POINT ( 'NONE', #1885 ) ;
#855 = FILL_AREA_STYLE ('',( #829 ) ) ;
#856 = CARTESIAN_POINT ( 'NONE',  ( -1.199999999999994404, 0.2000000000000007605, 2.000000000000005329 ) ) ;
#857 = CARTESIAN_POINT ( 'NONE',  ( 2.200000000000011724, 0.2000000000000028144, -0.5999999999999967581 ) ) ;
#858 = CARTESIAN_POINT ( 'NONE',  ( -0.09181171189184289538, 0.2999999999999823919, 1.853130637778028555 ) ) ;
#859 = SURFACE_STYLE_FILL_AREA ( #1607 ) ;
#860 = CARTESIAN_POINT ( 'NONE',  ( 0.8000000000000072609, 0.2000000000000023148, 1.400000000000005018 ) ) ;
#861 = CARTESIAN_POINT ( 'NONE',  ( 0.2000000000000074496, 0.2000000000000014544, -0.9999999999999978906 ) ) ;
#862 = CARTESIAN_POINT ( 'NONE',  ( 2.163441301275271123, 0.3000000000000015432, 1.057331850113619964 ) ) ;
#863 = CARTESIAN_POINT ( 'NONE',  ( 0.1732050807568960016, 0.3000000000000002665, -0.9806142308001839503 ) ) ;
#864 = UNCERTAINTY_MEASURE_WITH_UNIT (LENGTH_MEASURE( 1.000000000000000082E-05 ), #3201, 'distance_accuracy_value', 'NONE');
#865 = ORIENTED_EDGE ( 'NONE', *, *, #3951, .T. ) ;
#866 = PRODUCT_DEFINITION_CONTEXT ( 'detailed design', #472, 'design' ) ;
#867 = CARTESIAN_POINT ( 'NONE',  ( 2.200000000000011280, 0.2000000000000028422, -0.9999999999999978906 ) ) ;
#868 = FACE_OUTER_BOUND ( 'NONE', #4839, .T. ) ;
#869 = CARTESIAN_POINT ( 'NONE',  ( -2.093297801430817007, 0.2999999999999986566, 1.147211848353469676 ) ) ;
#870 = EDGE_CURVE ( 'NONE', #4162, #3126, #2573, .T. ) ;
#871 =( BOUNDED_SURFACE ( )  B_SPLINE_SURFACE ( 3, 3, ( 
 ( #2442, #779, #2906, #4464 ),
 ( #860, #1187, #4063, #1999 ),
 ( #3627, #4433, #4094, #1751 ),
 ( #47, #3729, #473, #2021 ) ),
 .UNSPECIFIED., .F., .F., .F. ) 
 B_SPLINE_SURFACE_WITH_KNOTS ( ( 4, 4 ),
 ( 4, 4 ),
 ( 0.000000000000000000, 1.000000000000000000 ),
 ( 0.000000000000000000, 1.000000000000000000 ),
 .UNSPECIFIED. ) 
 GEOMETRIC_REPRESENTATION_ITEM ( )  RATIONAL_B_SPLINE_SURFACE ( (
 ( 1.000000000000000000, 0.3333333333333335369, 0.3333333333333335369, 1.000000000000000000),
 ( 0.3333333333333333703, 0.1111111111111111882, 0.1111111111111111882, 0.3333333333333333703),
 ( 0.3333333333333333703, 0.1111111111111111882, 0.1111111111111111882, 0.3333333333333333703),
 ( 1.000000000000000000, 0.3333333333333335369, 0.3333333333333335369, 1.000000000000000000) ) ) 
 REPRESENTATION_ITEM ( '' )  SURFACE ( )  );
#872 = CARTESIAN_POINT ( 'NONE',  ( -0.8267949192431048866, 0.2999999999999995448, -0.9806142308001841723 ) ) ;
#873 = APPLICATION_CONTEXT ( 'automotive_design' ) ;
#874 = ORIENTED_EDGE ( 'NONE', *, *, #4066, .F. ) ;
#875 = DIRECTION ( 'NONE',  ( 0.000000000000000000, 0.000000000000000000, 1.000000000000000000 ) ) ;
#876 = CARTESIAN_POINT ( 'NONE',  ( 2.200000000000011280, 1.000000000000004885, 0.6000000000000029754 ) ) ;
#877 = B_SPLINE_CURVE_WITH_KNOTS ( 'NONE', 3,
 ( #1339, #3403, #5052, #2954, #2145, #3818, #533, #5024, #1418, #3427, #2621, #4796, #340, #2418, #1212, #4412, #2312, #4774, #4825, #1609, #3200, #755, #2821, #4847, #1943, #780, #3991, #2360, #4435, #361, #2717 ),
 .UNSPECIFIED., .F., .F.,
 ( 4, 3, 3, 3, 3, 3, 3, 3, 3, 3, 4 ),
 ( 0.0005414071114497594032, 0.0005995644190492006344, 0.0006577217266486418655, 0.0007158790342480350665, 0.0007740363418475241109, 0.0008321936494469655589, 0.0008903509570464067900, 0.0009485082646458479127, 0.001006665572245544040, 0.001064822879844730267, 0.001082814222899517939 ),
 .UNSPECIFIED. ) ;
#878 = LINE ( 'NONE', #977, #894 ) ;
#879 = SURFACE_SIDE_STYLE ('',( #672 ) ) ;
#880 = CARTESIAN_POINT ( 'NONE',  ( -2.750000000000000888, 0.2999999999999984901, -3.749999999999999112 ) ) ;
#881 = AXIS2_PLACEMENT_3D ( 'NONE', #1690, #3734, #4913 ) ;
#882 = CARTESIAN_POINT ( 'NONE',  ( -1.075373536140189268, 0.2999999999999817257, -2.157145277043866827 ) ) ;
#883 = ORIENTED_EDGE ( 'NONE', *, *, #1711, .F. ) ;
#884 =( GEOMETRIC_REPRESENTATION_CONTEXT ( 3 ) GLOBAL_UNCERTAINTY_ASSIGNED_CONTEXT ( ( #4471 ) ) GLOBAL_UNIT_ASSIGNED_CONTEXT ( ( #2403, #406, #1699 ) ) REPRESENTATION_CONTEXT ( 'NONE', 'WORKASPACE' ) );
#885 = CARTESIAN_POINT ( 'NONE',  ( -0.03931054688159378585, 0.2999999999999998779, 1.169795432657476875 ) ) ;
#886 = FILL_AREA_STYLE_COLOUR ( '', #5210 ) ;
#887 = CARTESIAN_POINT ( 'NONE',  ( 0.09329780143082944122, 0.2999999999999998779, 1.852788151646539427 ) ) ;
#888 = AXIS2_PLACEMENT_3D ( 'NONE', #3744, #3352, #986 ) ;
#889 = CARTESIAN_POINT ( 'NONE',  ( -1.199999999999994182, 1.000000000000001332, -0.5999999999999972022 ) ) ;
#890 = CARTESIAN_POINT ( 'NONE',  ( -0.9081882881081442260, 0.2999999999999818368, 2.146869362221981881 ) ) ;
#891 = CARTESIAN_POINT ( 'NONE',  ( 0.8267949192431185423, 0.3000000000000005440, 1.000000000000003997 ) ) ;
#892 = CARTESIAN_POINT ( 'NONE',  ( 2.019108673628179140, 0.3000000000000012101, 1.173235869956664734 ) ) ;
#893 = SHAPE_REPRESENTATION_RELATIONSHIP ( 'NONE' , 'NONE' ,  #2732, #1531 ) ;
#894 = VECTOR ( 'NONE', #4113, 1000.000000000000000 ) ;
#895 = ORIENTED_EDGE ( 'NONE', *, *, #3207, .F. ) ;
#896 = PRODUCT_RELATED_PRODUCT_CATEGORY ( 'part', '', ( #3738 ) ) ;
#897 = CARTESIAN_POINT ( 'NONE',  ( 1.800000000000010258, 0.2000000000000028977, -0.9999999999999980016 ) ) ;
#898 = CARTESIAN_POINT ( 'NONE',  ( -2.199999999999995293, -0.6000000000000019762, 1.400000000000005462 ) ) ;
#899 = CARTESIAN_POINT ( 'NONE',  ( -1.876859395782115580, 0.2999999999999987677, 1.123337746210658850 ) ) ;
#900 = CARTESIAN_POINT ( 'NONE',  ( 0.000000000000000000, 0.000000000000000000, 0.000000000000000000 ) ) ;
#901 = VECTOR ( 'NONE', #3162, 1000.000000000000000 ) ;
#902 = CARTESIAN_POINT ( 'NONE',  ( -0.8365586987247338735, 0.2999999999999993228, -0.9426681498863817010 ) ) ;
#903 = B_SPLINE_CURVE_WITH_KNOTS ( 'NONE', 3,
 ( #1661, #3286, #418, #862, #4909, #4849, #2883, #2081, #1709, #1214, #4957, #4499, #2023, #892, #3650, #79, #3708, #2475, #924, #3629, #3227, #2823, #2611, #2586, #3754, #4646, #1353, #4591, #1376, #1000, #2213 ),
 .UNSPECIFIED., .F., .F.,
 ( 4, 3, 3, 3, 3, 3, 3, 3, 3, 3, 4 ),
 ( 0.0005414071114497590780, 0.0005995644190492002007, 0.0006577217266486417571, 0.0007158790342480350665, 0.0007740363418475243278, 0.0008321936494469652336, 0.0008903509570464066816, 0.0009485082646458480211, 0.001006665572245544473, 0.001064822879844730917, 0.001082814222899518806 ),
 .UNSPECIFIED. ) ;
#904 = AXIS2_PLACEMENT_3D ( 'NONE', #1030, #1441, #1818 ) ;
#905 = STYLED_ITEM ( 'NONE', ( #3072 ), #4539 ) ;
#906 = EDGE_CURVE ( 'NONE', #3238, #1979, #1641, .T. ) ;
#907 = VERTEX_POINT ( 'NONE', #1156 ) ;
#908 = CARTESIAN_POINT ( 'NONE',  ( 1.200000000000008393, 0.2000000000000021483, 2.000000000000005329 ) ) ;
#909 = UNCERTAINTY_MEASURE_WITH_UNIT (LENGTH_MEASURE( 1.000000000000000082E-05 ), #5178, 'distance_accuracy_value', 'NONE');
#910 = FACE_OUTER_BOUND ( 'NONE', #4959, .T. ) ;
#911 = AXIS2_PLACEMENT_3D ( 'NONE', #1310, #1263, #825 ) ;
#912 = CARTESIAN_POINT ( 'NONE',  ( -0.8517911963808421083, 0.2999999999992766786, -2.091705826299773641 ) ) ;
#913 = EDGE_LOOP ( 'NONE', ( #2982, #503, #2549, #2377 ) ) ;
#914 = CARTESIAN_POINT ( 'NONE',  ( -1.799999999999994715, 0.2000000000000000389, 2.000000000000005329 ) ) ;
#915 = DIRECTION ( 'NONE',  ( -1.445602896647339163E-16, -1.001935572513122293E-31, 1.000000000000000000 ) ) ;
#916 =( NAMED_UNIT ( * ) PLANE_ANGLE_UNIT ( ) SI_UNIT ( $, .RADIAN. ) );
#917 = DIRECTION ( 'NONE',  ( -1.000000000000000000, -7.228014483236697541E-16, 0.000000000000000000 ) ) ;
#918 =( BOUNDED_SURFACE ( )  B_SPLINE_SURFACE ( 3, 3, ( 
 ( #4228, #4149, #2634, #207 ),
 ( #2158, #3779, #4253, #156 ),
 ( #4952, #127, #2210, #1731 ),
 ( #1811, #4643, #4669, #3442 ) ),
 .UNSPECIFIED., .F., .F., .F. ) 
 B_SPLINE_SURFACE_WITH_KNOTS ( ( 4, 4 ),
 ( 4, 4 ),
 ( 0.000000000000000000, 1.000000000000000000 ),
 ( 0.000000000000000000, 1.000000000000000000 ),
 .UNSPECIFIED. ) 
 GEOMETRIC_REPRESENTATION_ITEM ( )  RATIONAL_B_SPLINE_SURFACE ( (
 ( 1.000000000000000000, 0.3333333333333334259, 0.3333333333333334259, 1.000000000000000000),
 ( 0.3333333333333333703, 0.1111111111111111605, 0.1111111111111111605, 0.3333333333333333703),
 ( 0.3333333333333333703, 0.1111111111111111605, 0.1111111111111111605, 0.3333333333333333703),
 ( 1.000000000000000000, 0.3333333333333334259, 0.3333333333333334259, 1.000000000000000000) ) ) 
 REPRESENTATION_ITEM ( '' )  SURFACE ( )  );
#919 = CONTEXT_DEPENDENT_SHAPE_REPRESENTATION ( #4660, #1796 ) ;
#920 = CARTESIAN_POINT ( 'NONE',  ( -1.199999999999993960, 0.2000000000000005107, -0.5999999999999976463 ) ) ;
#921 = CARTESIAN_POINT ( 'NONE',  ( 2.000000000000011102, 0.2000000000000028422, 3.035766082959412415E-15 ) ) ;
#922 = CARTESIAN_POINT ( 'NONE',  ( 1.136766436603473096, 0.3000000000000009326, 0.8919687551387931457 ) ) ;
#923 =( LENGTH_UNIT ( ) NAMED_UNIT ( * ) SI_UNIT ( .MILLI., .METRE. ) );
#924 = CARTESIAN_POINT ( 'NONE',  ( 1.924129136041712318, 0.3000000000000013767, 1.155703603048301442 ) ) ;
#925 = EDGE_LOOP ( 'NONE', ( #4890, #3920 ) ) ;
#926 = CARTESIAN_POINT ( 'NONE',  ( 0.8000000000000072609, 0.2000000000000021483, -1.999999999999998668 ) ) ;
#927 = CARTESIAN_POINT ( 'NONE',  ( 0.2000000000000074218, -0.6000000000000004219, -1.599999999999997646 ) ) ;
#928 = CARTESIAN_POINT ( 'NONE',  ( -2.170209235682088345, 0.2999999999999983236, 1.037478315543579166 ) ) ;
#929 =( NAMED_UNIT ( * ) SI_UNIT ( $, .STERADIAN. ) SOLID_ANGLE_UNIT ( ) );
#930 = CARTESIAN_POINT ( 'NONE',  ( -0.9619784051718619500, 0.2999999999999989897, -0.8310196510634253464 ) ) ;
#931 = PRODUCT_DEFINITION ( 'UNKNOWN', '', #4807, #4308 ) ;
#932 = EDGE_LOOP ( 'NONE', ( #1771, #4729 ) ) ;
#933 = SHAPE_DEFINITION_REPRESENTATION ( #4840, #2270 ) ;
#934 = CARTESIAN_POINT ( 'NONE',  ( -0.1094989532239565855, 0.2999999999999999334, -1.864405799200977709 ) ) ;
#935 = CARTESIAN_POINT ( 'NONE',  ( -1.799999999999994493, 0.2000000000000000666, -0.3999999999999979683 ) ) ;
#936 = CARTESIAN_POINT ( 'NONE',  ( -2.147360905584613011, 0.2999999999999984901, 0.9069378081455771179 ) ) ;
#937 = ORIENTED_EDGE ( 'NONE', *, *, #1063, .F. ) ;
#938 = CARTESIAN_POINT ( 'NONE',  ( 0.1231326949136881399, 0.2999999999999999889, 0.8781872771698545632 ) ) ;
#939 = CARTESIAN_POINT ( 'NONE',  ( -0.1732050807568822903, 0.3000000000000000444, 1.980614230800191278 ) ) ;
#940 = EDGE_CURVE ( 'NONE', #5113, #58, #2229, .T. ) ;
#941 = CARTESIAN_POINT ( 'NONE',  ( -1.058443926485769015, 0.2999999999999992673, 0.1641953577431325417 ) ) ;
#942 = APPLICATION_CONTEXT ( 'automotive_design' ) ;
#943 = ITEM_DEFINED_TRANSFORMATION ( 'NONE', 'NONE', #2083,  #1744 ) ;
#944 = CARTESIAN_POINT ( 'NONE',  ( -1.172884579699629892, 0.2999999999999991562, 2.012158460074937150 ) ) ;
#945 = CARTESIAN_POINT ( 'NONE',  ( 0.8768593957821286811, 0.3000000000000006550, 0.8766622537893486999 ) ) ;
#946 = ADVANCED_BREP_SHAPE_REPRESENTATION ( '', ( #4525, #1744 ), #2408 ) ;
#947 = DIRECTION ( 'NONE',  ( -1.000000000000000000, 0.000000000000000000, 0.000000000000000000 ) ) ;
#948 = CARTESIAN_POINT ( 'NONE',  ( 2.200000000000011280, 0.2000000000000028422, 1.000000000000003997 ) ) ;
#949 = FACE_BOUND ( 'NONE', #1746, .T. ) ;
#950 = CARTESIAN_POINT ( 'NONE',  ( 0.8267949192431185423, 0.3000000000000004885, -0.01938576919981068944 ) ) ;
#951 = CARTESIAN_POINT ( 'NONE',  ( -1.172884579699629892, 0.2999999999999996003, -0.9878415399250657369 ) ) ;
#952 = ORIENTED_EDGE ( 'NONE', *, *, #1589, .F. ) ;
#953 = SHAPE_DEFINITION_REPRESENTATION ( #1256, #3371 ) ;
#954 = CARTESIAN_POINT ( 'NONE',  ( 1.200000000000008393, 0.2000000000000022593, 1.600000000000004086 ) ) ;
#955 = CARTESIAN_POINT ( 'NONE',  ( -0.1702092356820865404, 0.2999999999999997669, 0.03747831554357823614 ) ) ;
#956 = CARTESIAN_POINT ( 'NONE',  ( 0.9799448313702648905, 0.3000000000000004885, -1.827959916847167632 ) ) ;
#957 = CARTESIAN_POINT ( 'NONE',  ( -2.157024503285010830, 0.2999999999999984901, 0.9243751798973222078 ) ) ;
#958 = ORIENTED_EDGE ( 'NONE', *, *, #492, .F. ) ;
#959 = PRODUCT_DEFINITION ( 'UNKNOWN', '', #3706, #3539 ) ;
#960 = CARTESIAN_POINT ( 'NONE',  ( -1.199999999999994404, -0.6000000000000010880, -0.5999999999999970912 ) ) ;
#961 = CARTESIAN_POINT ( 'NONE',  ( 0.2000000000000074218, 0.2000000000000013989, 0.4000000000000040190 ) ) ;
#962 = CARTESIAN_POINT ( 'NONE',  ( 1.836558698724746641, 0.3000000000000012101, 1.942668149886389140 ) ) ;
#963 = MANIFOLD_SOLID_BREP ( 'Sketch-Pattern1[15]', #3083 ) ;
#964 = VECTOR ( 'NONE', #2902, 1000.000000000000000 ) ;
#965 = EDGE_CURVE ( 'NONE', #763, #4580, #3248, .T. ) ;
#966 = CARTESIAN_POINT ( 'NONE',  ( 2.170209235682104332, 0.3000000000000015432, -0.03747831554357206052 ) ) ;
#967 = CARTESIAN_POINT ( 'NONE',  ( -3.000000000000000888, 1.199999999999997957, -4.000000000000000000 ) ) ;
#968 = CARTESIAN_POINT ( 'NONE',  ( -0.1482088036191450131, 0.2999999999992778443, 2.091705826299780302 ) ) ;
#969 =( GEOMETRIC_REPRESENTATION_CONTEXT ( 3 ) GLOBAL_UNCERTAINTY_ASSIGNED_CONTEXT ( ( #448 ) ) GLOBAL_UNIT_ASSIGNED_CONTEXT ( ( #1499, #1068, #4298 ) ) REPRESENTATION_CONTEXT ( 'NONE', 'WORKASPACE' ) );
#970 = CARTESIAN_POINT ( 'NONE',  ( -1.941556073514219660, 0.2999999999999984346, 1.835804642256875674 ) ) ;
#971 = PRESENTATION_LAYER_ASSIGNMENT (  '', '', ( #4875 ) ) ;
#972 = CARTESIAN_POINT ( 'NONE',  ( 2.200000000000010836, 0.2000000000000026479, -0.5999999999999976463 ) ) ;
#973 = MANIFOLD_SOLID_BREP ( 'Sketch-Pattern1[6]', #5043 ) ;
#974 = DIRECTION ( 'NONE',  ( -1.000000000000000000, -6.938893903907227392E-16, 0.000000000000000000 ) ) ;
#975 = CARTESIAN_POINT ( 'NONE',  ( 1.172246233469147469, 0.3000000000000007661, -0.01819986416693764042 ) ) ;
#976 = DIRECTION ( 'NONE',  ( 1.000000000000000000, 0.000000000000000000, 0.000000000000000000 ) ) ;
#977 = CARTESIAN_POINT ( 'NONE',  ( -2.750000000000000000, 0.3999999999999981348, -3.749999999999999112 ) ) ;
#978 = CARTESIAN_POINT ( 'NONE',  ( 2.200000000000011280, 0.2000000000000028422, -1.999999999999998668 ) ) ;
#979 = AXIS2_PLACEMENT_3D ( 'NONE', #4853, #1669, #4915 ) ;
#980 = ORIENTED_EDGE ( 'NONE', *, *, #4765, .F. ) ;
#981 = APPLICATION_PROTOCOL_DEFINITION ( 'draft international standard', 'automotive_design', 1998, #733 ) ;
#982 = VECTOR ( 'NONE', #4993, 1000.000000000000000 ) ;
#983 = CARTESIAN_POINT ( 'NONE',  ( 1.827753766530870960, 0.3000000000000013767, 0.01819986416694353501 ) ) ;
#984 = CARTESIAN_POINT ( 'NONE',  ( 0.03802159482813881330, 0.2999999999999997113, 0.1689803489365757916 ) ) ;
#985 = CARTESIAN_POINT ( 'NONE',  ( 0.8434877514271590382, 0.2999999999992788435, -1.925811617845219592 ) ) ;
#986 = DIRECTION ( 'NONE',  ( -1.000000000000000000, 0.000000000000000000, 0.000000000000000000 ) ) ;
#987 = VERTEX_POINT ( 'NONE', #1726 ) ;
#988 = CARTESIAN_POINT ( 'NONE',  ( -1.799999999999994937, 1.000000000000002220, 2.400000000000006573 ) ) ;
#989 =( GEOMETRIC_REPRESENTATION_CONTEXT ( 3 ) GLOBAL_UNCERTAINTY_ASSIGNED_CONTEXT ( ( #320 ) ) GLOBAL_UNIT_ASSIGNED_CONTEXT ( ( #2992, #131, #4530 ) ) REPRESENTATION_CONTEXT ( 'NONE', 'WORKASPACE' ) );
#990 = CARTESIAN_POINT ( 'NONE',  ( -0.1231406042178723736, 0.2999999999999998224, 0.8766622537893486999 ) ) ;
#991 = CARTESIAN_POINT ( 'NONE',  ( 1.836558698724750638, 0.3000000000000012101, 0.9426681498863878073 ) ) ;
#992 = CARTESIAN_POINT ( 'NONE',  ( 1.924626463859811842, 0.2999999999999838352, 1.842854722956137170 ) ) ;
#993 = PRODUCT_RELATED_PRODUCT_CATEGORY ( 'part', '', ( #3418 ) ) ;
#994 = CARTESIAN_POINT ( 'NONE',  ( -1.164815693526468410, 0.2999999999992770117, 1.056670938009937055 ) ) ;
#995 = CONTEXT_DEPENDENT_SHAPE_REPRESENTATION ( #847, #3528 ) ;
#996 = CARTESIAN_POINT ( 'NONE',  ( 1.864749245098766828, 0.3000000000000012101, -0.1081999690325438634 ) ) ;
#997 = CARTESIAN_POINT ( 'NONE',  ( -1.058443926485768793, 0.2999999999999992673, 2.164195357743134984 ) ) ;
#998 = CARTESIAN_POINT ( 'NONE',  ( -0.1732050807568822903, 0.3000000000000000444, 2.000000000000005329 ) ) ;
#999 = CARTESIAN_POINT ( 'NONE',  ( -2.199999999999995293, 0.2000000000000000666, 3.035766082959412415E-15 ) ) ;
#1000 = CARTESIAN_POINT ( 'NONE',  ( 1.826794919243121651, 0.3000000000000012657, 1.006075034922777833 ) ) ;
#1001 =( LENGTH_UNIT ( ) NAMED_UNIT ( * ) SI_UNIT ( .MILLI., .METRE. ) );
#1002 = ADVANCED_FACE ( 'NONE', ( #10 ), #3461, .T. ) ;
#1003 = PRODUCT_DEFINITION_SHAPE ( 'NONE', 'NONE',  #5249 ) ;
#1004 = CARTESIAN_POINT ( 'NONE',  ( 1.979944831370264779, 0.3000000000000012657, 2.172040083152836587 ) ) ;
#1005 = DIRECTION ( 'NONE',  ( 0.000000000000000000, -1.000000000000000000, 0.000000000000000000 ) ) ;
#1006 = CARTESIAN_POINT ( 'NONE',  ( 1.906702198569188322, 0.3000000000000012657, -0.8527881516465322109 ) ) ;
#1007 = CARTESIAN_POINT ( 'NONE',  ( -0.9430654839718829452, 0.2999999999999989897, -0.8352751720835168703 ) ) ;
#1008 = EDGE_CURVE ( 'NONE', #2920, #346, #1681, .T. ) ;
#1009 = VERTEX_POINT ( 'NONE', #1804 ) ;
#1010 = APPLICATION_PROTOCOL_DEFINITION ( 'draft international standard', 'automotive_design', 1998, #2124 ) ;
#1011 = CARTESIAN_POINT ( 'NONE',  ( 0.8000000000000072609, 0.2000000000000021483, 2.000000000000005329 ) ) ;
#1012 = CARTESIAN_POINT ( 'NONE',  ( 0.1352507549012508803, 0.3000000000000002109, 0.1081999690325499280 ) ) ;
#1013 = CARTESIAN_POINT ( 'NONE',  ( 0.8000000000000072609, 0.2000000000000020650, 2.400000000000006128 ) ) ;
#1014 = EDGE_LOOP ( 'NONE', ( #5235, #4117 ) ) ;
#1015 = DIRECTION ( 'NONE',  ( 0.000000000000000000, -1.000000000000000000, 0.000000000000000000 ) ) ;
#1016 = CARTESIAN_POINT ( 'NONE',  ( -2.075373536140189490, 0.2999999999999808931, -0.1571452770438649671 ) ) ;
#1017 = CARTESIAN_POINT ( 'NONE',  ( -2.164815693526469520, 0.2999999999992763455, 2.056670938009938165 ) ) ;
#1018 = MANIFOLD_SOLID_BREP ( 'Sketch-Pattern1[16]', #34 ) ;
#1019 = ORIENTED_EDGE ( 'NONE', *, *, #2686, .F. ) ;
#1020 = ADVANCED_BREP_SHAPE_REPRESENTATION ( '', ( #2818, #1744 ), #4647 ) ;
#1021 =( REPRESENTATION_RELATIONSHIP ('NONE','NONE', #2642, #4473 ) REPRESENTATION_RELATIONSHIP_WITH_TRANSFORMATION ( #2076 )SHAPE_REPRESENTATION_RELATIONSHIP( ) );
#1022 = CARTESIAN_POINT ( 'NONE',  ( -1.172246233469133925, 0.2999999999999991562, 2.018199864166945634 ) ) ;
#1023 = CARTESIAN_POINT ( 'NONE',  ( -1.172246233469133925, 0.2999999999999992673, -1.981800135833058807 ) ) ;
#1024 =( NAMED_UNIT ( * ) PLANE_ANGLE_UNIT ( ) SI_UNIT ( $, .RADIAN. ) );
#1025 = PRODUCT_DEFINITION_CONTEXT ( 'detailed design', #4129, 'design' ) ;
#1026 = CARTESIAN_POINT ( 'NONE',  ( -0.9606894531183930441, 0.2999999999999992117, 0.8302045673425311190 ) ) ;
#1027 = MANIFOLD_SOLID_BREP ( 'Sketch-Pattern1[9]', #5041 ) ;
#1028 = CARTESIAN_POINT ( 'NONE',  ( 2.135250754901251380, 0.3000000000000015987, 2.108199969032551913 ) ) ;
#1029 = CARTESIAN_POINT ( 'NONE',  ( 0.8267949192431185423, 0.3000000000000004885, -0.9999999999999978906 ) ) ;
#1030 = CARTESIAN_POINT ( 'NONE',  ( 0.000000000000000000, 0.000000000000000000, 0.000000000000000000 ) ) ;
#1031 =( NAMED_UNIT ( * ) PLANE_ANGLE_UNIT ( ) SI_UNIT ( $, .RADIAN. ) );
#1032 = CARTESIAN_POINT ( 'NONE',  ( 1.890501046776047689, 0.3000000000000015432, -0.8644057992009769320 ) ) ;
#1033 = CARTESIAN_POINT ( 'NONE',  ( 0.8000000000000072609, 0.2000000000000021483, 2.000000000000005329 ) ) ;
#1034 = VERTEX_POINT ( 'NONE', #5007 ) ;
#1035 = SHAPE_DEFINITION_REPRESENTATION ( #353, #3115 ) ;
#1036 = ADVANCED_FACE ( 'NONE', ( #1371 ), #4886, .T. ) ;
#1037 = CARTESIAN_POINT ( 'NONE',  ( -0.1367664366034586354, 0.2999999999999998224, 0.1080312448612137377 ) ) ;
#1038 = MANIFOLD_SOLID_BREP ( 'Sketch-Pattern1[19]', #4615 ) ;
#1039 = CARTESIAN_POINT ( 'NONE',  ( -0.1999999999999935718, 0.2000000000000014544, 2.000000000000005329 ) ) ;
#1040 = ORIENTED_EDGE ( 'NONE', *, *, #4765, .T. ) ;
#1041 = LINE ( 'NONE', #2681, #1887 ) ;
#1042 = CARTESIAN_POINT ( 'NONE',  ( 2.058443926485785891, 0.3000000000000014877, -1.164195357743127213 ) ) ;
#1043 = PRESENTATION_STYLE_ASSIGNMENT (( #1451 ) ) ;
#1044 = CARTESIAN_POINT ( 'NONE',  ( 1.943065483971899710, 0.3000000000000011546, 0.8352751720835226434 ) ) ;
#1045 = CARTESIAN_POINT ( 'NONE',  ( 2.136766436603472652, 0.3000000000000012657, 1.891968755138794700 ) ) ;
#1046 = MANIFOLD_SOLID_BREP ( 'Sketch-Pattern1[7]', #4004 ) ;
#1047 = APPLICATION_CONTEXT ( 'automotive_design' ) ;
#1048 = ORIENTED_EDGE ( 'NONE', *, *, #2649, .F. ) ;
#1049 = CONTEXT_DEPENDENT_SHAPE_REPRESENTATION ( #3221, #3568 ) ;
#1050 = CARTESIAN_POINT ( 'NONE',  ( -1.829790764317901663, 0.2999999999999989342, -1.037478315543573171 ) ) ;
#1051 = CARTESIAN_POINT ( 'NONE',  ( -2.199999999999995293, 1.000000000000001776, 1.400000000000004574 ) ) ;
#1052 = AXIS2_PLACEMENT_3D ( 'NONE', #1969, #807, #2774 ) ;
#1053 = CARTESIAN_POINT ( 'NONE',  ( 1.960689453118406256, 0.3000000000000012657, 2.169795432657478429 ) ) ;
#1054 = CARTESIAN_POINT ( 'NONE',  ( 0.8526390944153892093, 0.3000000000000004885, -0.09306219185442367314 ) ) ;
#1055 = CARTESIAN_POINT ( 'NONE',  ( 1.960689453118410253, 0.3000000000000012657, -0.8302045673425246797 ) ) ;
#1056 = PLANE ( 'NONE',  #3432 ) ;
#1057 = PRESENTATION_LAYER_ASSIGNMENT (  '', '', ( #1143 ) ) ;
#1058 = EDGE_LOOP ( 'NONE', ( #2709, #3205 ) ) ;
#1059 = APPLICATION_PROTOCOL_DEFINITION ( 'draft international standard', 'automotive_design', 1998, #2666 ) ;
#1060 =( GEOMETRIC_REPRESENTATION_CONTEXT ( 3 ) GLOBAL_UNCERTAINTY_ASSIGNED_CONTEXT ( ( #3314 ) ) GLOBAL_UNIT_ASSIGNED_CONTEXT ( ( #4008, #2873, #4518 ) ) REPRESENTATION_CONTEXT ( 'NONE', 'WORKASPACE' ) );
#1061 = CARTESIAN_POINT ( 'NONE',  ( -2.199999999999994849, 0.2000000000000000111, -0.5999999999999967581 ) ) ;
#1062 = CARTESIAN_POINT ( 'NONE',  ( 1.169858099265512097, 0.3000000000000009881, -1.960961119875447967 ) ) ;
#1063 = EDGE_CURVE ( 'NONE', #1527, #3061, #3727, .T. ) ;
#1064 = VECTOR ( 'NONE', #1707, 1000.000000000000114 ) ;
#1065 = EDGE_LOOP ( 'NONE', ( #4540, #588 ) ) ;
#1066 = CARTESIAN_POINT ( 'NONE',  ( -0.1732050807568822903, 0.3000000000000000444, -1.999999999999998668 ) ) ;
#1067 = CARTESIAN_POINT ( 'NONE',  ( 2.109498953223974294, 0.3000000000000011546, -1.135594200799019182 ) ) ;
#1068 =( NAMED_UNIT ( * ) PLANE_ANGLE_UNIT ( ) SI_UNIT ( $, .RADIAN. ) );
#1069 = CARTESIAN_POINT ( 'NONE',  ( 1.961978405171878714, 0.3000000000000011546, 0.8310196510634311196 ) ) ;
#1070 = CARTESIAN_POINT ( 'NONE',  ( -2.039310546881595965, 0.2999999999999983236, 2.169795432657477985 ) ) ;
#1071 = MANIFOLD_SOLID_BREP ( 'Sketch-Pattern1[5]', #4092 ) ;
#1072 = VERTEX_POINT ( 'NONE', #4513 ) ;
#1073 = AXIS2_PLACEMENT_3D ( 'NONE', #166, #3034, #5050 ) ;
#1074 = CIRCLE ( 'NONE', #1995, 0.2000000000000005107 ) ;
#1075 = CARTESIAN_POINT ( 'NONE',  ( 2.200000000000011724, -0.5999999999999989786, 1.400000000000005462 ) ) ;
#1076 = CARTESIAN_POINT ( 'NONE',  ( 0.8768673050863265983, 0.3000000000000006550, 1.121812722830153319 ) ) ;
#1077 = DIRECTION ( 'NONE',  ( 0.000000000000000000, 1.000000000000000000, 1.224646799147353207E-16 ) ) ;
#1078 =( LENGTH_UNIT ( ) NAMED_UNIT ( * ) SI_UNIT ( .MILLI., .METRE. ) );
#1079 = PRODUCT_DEFINITION_CONTEXT ( 'detailed design', #1688, 'design' ) ;
#1080 = CARTESIAN_POINT ( 'NONE',  ( 2.000000000000001776, 0.3000000000000013767, 4.000000000000003553 ) ) ;
#1081 = CARTESIAN_POINT ( 'NONE',  ( 1.148208803619159779, 0.2999999999992788435, -1.091705826299772530 ) ) ;
#1082 =( LENGTH_UNIT ( ) NAMED_UNIT ( * ) SI_UNIT ( .MILLI., .METRE. ) );
#1083 = CARTESIAN_POINT ( 'NONE',  ( -1.199999999999994404, -0.6000000000000010880, -2.399999999999999911 ) ) ;
#1084 = CARTESIAN_POINT ( 'NONE',  ( 0.8000000000000072609, -0.5999999999999998668, 1.400000000000005462 ) ) ;
#1085 =( BOUNDED_SURFACE ( )  B_SPLINE_SURFACE ( 3, 3, ( 
 ( #2916, #424, #453, #397 ),
 ( #1715, #2056, #4964, #3685 ),
 ( #4133, #2006, #401, #2114 ),
 ( #55, #1616, #3233, #1280 ) ),
 .UNSPECIFIED., .F., .F., .F. ) 
 B_SPLINE_SURFACE_WITH_KNOTS ( ( 4, 4 ),
 ( 4, 4 ),
 ( 0.000000000000000000, 1.000000000000000000 ),
 ( 0.000000000000000000, 1.000000000000000000 ),
 .UNSPECIFIED. ) 
 GEOMETRIC_REPRESENTATION_ITEM ( )  RATIONAL_B_SPLINE_SURFACE ( (
 ( 1.000000000000000000, 0.3333333333333334259, 0.3333333333333334259, 1.000000000000000000),
 ( 0.3333333333333333703, 0.1111111111111111605, 0.1111111111111111605, 0.3333333333333333703),
 ( 0.3333333333333333703, 0.1111111111111111605, 0.1111111111111111605, 0.3333333333333333703),
 ( 1.000000000000000000, 0.3333333333333334259, 0.3333333333333334259, 1.000000000000000000) ) ) 
 REPRESENTATION_ITEM ( '' )  SURFACE ( )  );
#1086 = EDGE_LOOP ( 'NONE', ( #1288, #2346 ) ) ;
#1087 = CARTESIAN_POINT ( 'NONE',  ( -1.829790764317901663, 0.2999999999999989342, 1.962521684456429938 ) ) ;
#1088 = CARTESIAN_POINT ( 'NONE',  ( 1.200000000000008393, 0.2000000000000020928, 0.4000000000000040190 ) ) ;
#1089 = EDGE_LOOP ( 'NONE', ( #2251, #2542 ) ) ;
#1090 = CARTESIAN_POINT ( 'NONE',  ( 0.1732050807568961681, 0.2999999999999998224, -2.006075034922773170 ) ) ;
#1091 = ADVANCED_FACE ( 'NONE', ( #3213 ), #4379, .F. ) ;
#1092 = CARTESIAN_POINT ( 'NONE',  ( -1.019108673628162265, 0.2999999999999990452, 1.826764130043344370 ) ) ;
#1093 = CARTESIAN_POINT ( 'NONE',  ( -0.1231406042178724985, 0.2999999999999998224, -1.123337746210653076 ) ) ;
#1094 = FACE_OUTER_BOUND ( 'NONE', #3209, .T. ) ;
#1095 = EDGE_LOOP ( 'NONE', ( #514, #846 ) ) ;
#1096 = B_SPLINE_CURVE_WITH_KNOTS ( 'NONE', 3,
 ( #1692, #4883, #3633, #3320, #25, #3292, #506, #899, #86, #2028, #3712, #816, #2862, #4477, #1639, #2517, #1218, #3264, #2482, #869, #2948, #3343, #4938, #4073, #4569, #2828, #928, #844, #2452, #4441, #1304 ),
 .UNSPECIFIED., .F., .F.,
 ( 4, 3, 3, 3, 3, 3, 3, 3, 3, 3, 4 ),
 ( 0.0005414071114497594032, 0.0005995644190492004175, 0.0006577217266486416487, 0.0007158790342480347412, 0.0007740363418475237857, 0.0008321936494469655589, 0.0008903509570464070069, 0.0009485082646458476959, 0.001006665572245543606, 0.001064822879844730483, 0.001082814222899518156 ),
 .UNSPECIFIED. ) ;
#1097 = EDGE_CURVE ( 'NONE', #4945, #707, #4347, .T. ) ;
#1098 = CARTESIAN_POINT ( 'NONE',  ( -2.019108673628163597, 0.2999999999999982125, -1.173235869956658739 ) ) ;
#1099 = CARTESIAN_POINT ( 'NONE',  ( 1.200000000000008393, 0.2000000000000020928, 3.060259018942359918E-15 ) ) ;
#1100 =( NAMED_UNIT ( * ) PLANE_ANGLE_UNIT ( ) SI_UNIT ( $, .RADIAN. ) );
#1101 = CARTESIAN_POINT ( 'NONE',  ( 0.8434877514271591492, 0.2999999999992783994, -0.9258116178452183709 ) ) ;
#1102 = CARTESIAN_POINT ( 'NONE',  ( 1.109498953223971185, 0.3000000000000007105, -1.135594200799018960 ) ) ;
#1103 = CARTESIAN_POINT ( 'NONE',  ( 1.826794919243121651, 0.3000000000000012657, 1.000000000000003997 ) ) ;
#1104 = CARTESIAN_POINT ( 'NONE',  ( -0.7999999999999933831, 0.2000000000000007605, -1.999999999999998668 ) ) ;
#1105 = DIRECTION ( 'NONE',  ( -1.000000000000000000, 0.000000000000000000, -1.445602896647339163E-16 ) ) ;
#1106 = APPLICATION_CONTEXT ( 'automotive_design' ) ;
#1107 = ORIENTED_EDGE ( 'NONE', *, *, #1191, .T. ) ;
#1108 = FACE_OUTER_BOUND ( 'NONE', #3816, .T. ) ;
#1109 = CARTESIAN_POINT ( 'NONE',  ( 1.908188288108160213, 0.2999999999999832800, -2.146869362221975219 ) ) ;
#1110 = CARTESIAN_POINT ( 'NONE',  ( -0.07587086395829188701, 0.2999999999999996558, -0.8442963969517002232 ) ) ;
#1111 =( BOUNDED_SURFACE ( )  B_SPLINE_SURFACE ( 3, 3, ( 
 ( #784, #2781, #3918, #4314 ),
 ( #685, #4830, #2721, #1193 ),
 ( #1490, #3996, #2395, #2801 ),
 ( #1976, #3525, #5132, #4023 ) ),
 .UNSPECIFIED., .F., .F., .F. ) 
 B_SPLINE_SURFACE_WITH_KNOTS ( ( 4, 4 ),
 ( 4, 4 ),
 ( 0.000000000000000000, 1.000000000000000000 ),
 ( 0.000000000000000000, 1.000000000000000000 ),
 .UNSPECIFIED. ) 
 GEOMETRIC_REPRESENTATION_ITEM ( )  RATIONAL_B_SPLINE_SURFACE ( (
 ( 1.000000000000000000, 0.3333333333333334259, 0.3333333333333334259, 1.000000000000000000),
 ( 0.3333333333333333703, 0.1111111111111111605, 0.1111111111111111605, 0.3333333333333333703),
 ( 0.3333333333333333703, 0.1111111111111111605, 0.1111111111111111605, 0.3333333333333333703),
 ( 1.000000000000000000, 0.3333333333333334259, 0.3333333333333334259, 1.000000000000000000) ) ) 
 REPRESENTATION_ITEM ( '' )  SURFACE ( )  );
#1112 = PRODUCT ( 'MT25QL256ABA8E12-1SIT TR_6', 'MT25QL256ABA8E12-1SIT TR_6', '', ( #4240 ) ) ;
#1113 = ORIENTED_EDGE ( 'NONE', *, *, #2951, .T. ) ;
#1114 = CARTESIAN_POINT ( 'NONE',  ( 2.200000000000011724, 0.2000000000000028977, -0.3999999999999979683 ) ) ;
#1115 = CARTESIAN_POINT ( 'NONE',  ( 2.172246233469150578, 0.3000000000000013212, -1.018199864166938307 ) ) ;
#1116 = CARTESIAN_POINT ( 'NONE',  ( -0.1634413012752532757, 0.2999999999999998224, -0.05733185011361310174 ) ) ;
#1117 = CARTESIAN_POINT ( 'NONE',  ( 0.1367664366034724022, 0.2999999999999998779, -1.108031244861208409 ) ) ;
#1118 = CARTESIAN_POINT ( 'NONE',  ( -0.1999999999999935996, 0.2000000000000014266, -1.999999999999998668 ) ) ;
#1119 = APPLICATION_CONTEXT ( 'automotive_design' ) ;
#1120 = B_SPLINE_CURVE_WITH_KNOTS ( 'NONE', 3,
 ( #2524, #3244, #1701, #2463, #2434, #2840, #2122, #4034, #1722, #3665, #882, #2013, #853, #1286, #2925, #7, #461, #4451, #4548, #2066, #4058, #65, #4896, #912, #1677, #3330, #35, #1648, #4115, #3272, #2899 ),
 .UNSPECIFIED., .F., .F.,
 ( 4, 3, 3, 3, 3, 3, 3, 3, 3, 3, 4 ),
 ( 0.000000000000000000, 5.815730759944117014E-05, 0.0001163146151988824894, 0.0001744719227982757174, 0.0002326292303977645450, 0.0002907865379972060472, 0.0003489438455966474410, 0.0004071011531960884011, 0.0004652584607957849618, 0.0005234157683949715138, 0.0005414071114497590780 ),
 .UNSPECIFIED. ) ;
#1121 = MANIFOLD_SOLID_BREP ( 'Sketch-Pattern1[17]', #1971 ) ;
#1122 = CARTESIAN_POINT ( 'NONE',  ( -0.8297907643179006643, 0.2999999999999995448, 0.9625216844564289387 ) ) ;
#1123 = VERTEX_POINT ( 'NONE', #1597 ) ;
#1124 = FACE_OUTER_BOUND ( 'NONE', #4780, .T. ) ;
#1125 = CARTESIAN_POINT ( 'NONE',  ( -1.906702198569172779, 0.2999999999999986566, -1.147211848353463681 ) ) ;
#1126 = CARTESIAN_POINT ( 'NONE',  ( 2.000000000000011102, 0.2000000000000028422, -0.9999999999999978906 ) ) ;
#1127 = FILL_AREA_STYLE_COLOUR ( '', #151 ) ;
#1128 =( LENGTH_UNIT ( ) NAMED_UNIT ( * ) SI_UNIT ( .MILLI., .METRE. ) );
#1129 = EDGE_CURVE ( 'NONE', #3033, #3696, #4484, .T. ) ;
#1130 = CARTESIAN_POINT ( 'NONE',  ( 0.8267949192431185423, 0.3000000000000004885, -0.9939249650772238320 ) ) ;
#1131 = CARTESIAN_POINT ( 'NONE',  ( 0.9081882881081578818, 0.2999999999999831690, -2.146869362221975663 ) ) ;
#1132 = PLANE ( 'NONE',  #3922 ) ;
#1133 = CARTESIAN_POINT ( 'NONE',  ( -1.799999999999994271, 0.2000000000000000389, 2.000000000000005329 ) ) ;
#1134 = AXIS2_PLACEMENT_3D ( 'NONE', #4332, #287, #4749 ) ;
#1135 = FACE_OUTER_BOUND ( 'NONE', #4509, .T. ) ;
#1136 = FACE_OUTER_BOUND ( 'NONE', #4487, .T. ) ;
#1137 =( GEOMETRIC_REPRESENTATION_CONTEXT ( 3 ) GLOBAL_UNCERTAINTY_ASSIGNED_CONTEXT ( ( #502 ) ) GLOBAL_UNIT_ASSIGNED_CONTEXT ( ( #4090, #97, #411 ) ) REPRESENTATION_CONTEXT ( 'NONE', 'WORKASPACE' ) );
#1138 = CARTESIAN_POINT ( 'NONE',  ( 1.000799790377892018, 0.3000000000000006550, 1.825715266351815691 ) ) ;
#1139 = DIRECTION ( 'NONE',  ( -1.000000000000000000, 0.000000000000000000, -0.000000000000000000 ) ) ;
#1140 = FACE_BOUND ( 'NONE', #4808, .T. ) ;
#1141 = STYLED_ITEM ( 'NONE', ( #3154 ), #1046 ) ;
#1142 = ORIENTED_EDGE ( 'NONE', *, *, #1191, .F. ) ;
#1143 = STYLED_ITEM ( 'NONE', ( #2209 ), #2768 ) ;
#1144 = CARTESIAN_POINT ( 'NONE',  ( 0.1722462334691464703, 0.3000000000000001554, -2.018199864166939861 ) ) ;
#1145 = APPLICATION_CONTEXT ( 'automotive_design' ) ;
#1146 = CARTESIAN_POINT ( 'NONE',  ( 1.826794919243121651, 0.3000000000000014322, -0.9999999999999978906 ) ) ;
#1147 = CARTESIAN_POINT ( 'NONE',  ( 0.1732050807568960293, 0.3000000000000001554, -0.006075034922770936041 ) ) ;
#1148 = DIRECTION ( 'NONE',  ( -1.000000000000000000, 0.000000000000000000, 0.000000000000000000 ) ) ;
#1149 = DIRECTION ( 'NONE',  ( 0.000000000000000000, -1.000000000000000000, 0.000000000000000000 ) ) ;
#1150 = CIRCLE ( 'NONE', #1822, 0.2000000000000005107 ) ;
#1151 = PRODUCT_DEFINITION_CONTEXT ( 'detailed design', #5015, 'design' ) ;
#1152 = ORIENTED_EDGE ( 'NONE', *, *, #4579, .T. ) ;
#1153 = SURFACE_STYLE_FILL_AREA ( #1862 ) ;
#1154 = CIRCLE ( 'NONE', #2751, 0.2000000000000005107 ) ;
#1155 = CARTESIAN_POINT ( 'NONE',  ( -1.941556073514219882, 0.2999999999999986566, -1.164195357743127435 ) ) ;
#1156 = CARTESIAN_POINT ( 'NONE',  ( -0.7999999999999933831, 0.2000000000000007605, 3.060259018942359918E-15 ) ) ;
#1157 = CARTESIAN_POINT ( 'NONE',  ( 1.863233563396545334, 0.3000000000000010991, -1.891968755138788039 ) ) ;
#1158 = AXIS2_PLACEMENT_3D ( 'NONE', #403, #3973, #4079 ) ;
#1159 =( GEOMETRIC_REPRESENTATION_CONTEXT ( 3 ) GLOBAL_UNCERTAINTY_ASSIGNED_CONTEXT ( ( #1710 ) ) GLOBAL_UNIT_ASSIGNED_CONTEXT ( ( #1787, #1886, #3020 ) ) REPRESENTATION_CONTEXT ( 'NONE', 'WORKASPACE' ) );
#1160 = APPLICATION_PROTOCOL_DEFINITION ( 'draft international standard', 'automotive_design', 1998, #2770 ) ;
#1161 = CARTESIAN_POINT ( 'NONE',  ( 1.169858099265512319, 0.3000000000000004885, -0.9609611198754470784 ) ) ;
#1162 = PRODUCT_DEFINITION_SHAPE ( 'NONE', 'NONE',  #4325 ) ;
#1163 = CARTESIAN_POINT ( 'NONE',  ( 0.2000000000000074496, 0.2000000000000014266, 1.000000000000003775 ) ) ;
#1164 = CARTESIAN_POINT ( 'NONE',  ( -0.9999999999999940048, 0.2000000000000007327, 2.000000000000005329 ) ) ;
#1165 = PRODUCT_DEFINITION_FORMATION_WITH_SPECIFIED_SOURCE ( 'ANY', '', #3418, .NOT_KNOWN. ) ;
#1166 = CARTESIAN_POINT ( 'NONE',  ( -2.199999999999995293, 0.2000000000000000666, 2.000000000000005329 ) ) ;
#1167 = CIRCLE ( 'NONE', #2254, 0.2000000000000005107 ) ;
#1168 = EDGE_CURVE ( 'NONE', #198, #1391, #129, .T. ) ;
#1169 = CARTESIAN_POINT ( 'NONE',  ( -0.9619784051718617279, 0.2999999999999992117, 1.168980348936576652 ) ) ;
#1170 = CARTESIAN_POINT ( 'NONE',  ( -0.8526390944153755536, 0.2999999999999994893, 0.09306219185442972386 ) ) ;
#1171 = ORIENTED_EDGE ( 'NONE', *, *, #4649, .T. ) ;
#1172 = CARTESIAN_POINT ( 'NONE',  ( -1.835184306473520710, 0.2999999999992768451, 1.943329061990071827 ) ) ;
#1173 = EDGE_CURVE ( 'NONE', #2235, #318, #2132, .T. ) ;
#1174 = CARTESIAN_POINT ( 'NONE',  ( -0.8301419007344896794, 0.2999999999999993228, -0.9609611198754469674 ) ) ;
#1175 = ORIENTED_EDGE ( 'NONE', *, *, #4361, .F. ) ;
#1176 = CARTESIAN_POINT ( 'NONE',  ( 0.000000000000000000, 0.000000000000000000, 0.000000000000000000 ) ) ;
#1177 = CARTESIAN_POINT ( 'NONE',  ( -0.1999999999999935718, 0.2000000000000014544, 3.035766082959412415E-15 ) ) ;
#1178 = CARTESIAN_POINT ( 'NONE',  ( 0.8905010467760442472, 0.3000000000000002665, 2.135594200799026066 ) ) ;
#1179 = CARTESIAN_POINT ( 'NONE',  ( 0.1482088036191587521, 0.2999999999992780664, -0.09170582629977175326 ) ) ;
#1180 = CARTESIAN_POINT ( 'NONE',  ( -1.835184306473520488, 0.2999999999992766231, -0.05667093800993042857 ) ) ;
#1181 = CARTESIAN_POINT ( 'NONE',  ( 0.2000000000000074218, 0.2000000000000014266, 0.6000000000000028644 ) ) ;
#1182 = EDGE_LOOP ( 'NONE', ( #36, #2761 ) ) ;
#1183 = FACE_OUTER_BOUND ( 'NONE', #2900, .T. ) ;
#1184 = CARTESIAN_POINT ( 'NONE',  ( 0.9415560735142328719, 0.3000000000000004885, 1.164195357743133430 ) ) ;
#1185 = CARTESIAN_POINT ( 'NONE',  ( 2.173205080756900109, 0.3000000000000012101, -1.999999999999998668 ) ) ;
#1186 = CARTESIAN_POINT ( 'NONE',  ( 1.000000000000000666, 0.3000000000000006550, 1.000000000000000444 ) ) ;
#1187 = CARTESIAN_POINT ( 'NONE',  ( 0.8000000000000072609, 1.000000000000003775, 1.400000000000004574 ) ) ;
#1188 = CARTESIAN_POINT ( 'NONE',  ( -1.075373536140189046, 0.2999999999999817257, -1.157145277043865939 ) ) ;
#1189 = DIRECTION ( 'NONE',  ( -6.938893903907227392E-16, 1.000000000000000000, -0.000000000000000000 ) ) ;
#1190 = CARTESIAN_POINT ( 'NONE',  ( -0.1999999999999935718, 0.2000000000000014544, -0.9999999999999980016 ) ) ;
#1191 = EDGE_CURVE ( 'NONE', #3061, #1527, #561, .T. ) ;
#1192 = VERTEX_POINT ( 'NONE', #562 ) ;
#1193 = CARTESIAN_POINT ( 'NONE',  ( -0.1999999999999935996, 0.2000000000000013989, -0.5999999999999967581 ) ) ;
#1194 = CARTESIAN_POINT ( 'NONE',  ( -1.830141900734490346, 0.2999999999999986011, 0.03903888012455383055 ) ) ;
#1195 = ADVANCED_FACE ( 'NONE', ( #4243 ), #1265, .T. ) ;
#1196 = PRODUCT_DEFINITION_SHAPE ( 'NONE', 'NONE',  #4734 ) ;
#1197 = VERTEX_POINT ( 'NONE', #5111 ) ;
#1198 = CARTESIAN_POINT ( 'NONE',  ( 0.000000000000000000, 0.000000000000000000, 0.000000000000000000 ) ) ;
#1199 = ADVANCED_BREP_SHAPE_REPRESENTATION ( '', ( #2877, #1744 ), #3774 ) ;
#1200 = CARTESIAN_POINT ( 'NONE',  ( 2.200000000000011280, 0.2000000000000028422, 3.060259018942359918E-15 ) ) ;
#1201 = CARTESIAN_POINT ( 'NONE',  ( 1.200000000000008393, 0.2000000000000021483, -1.999999999999998668 ) ) ;
#1202 = CARTESIAN_POINT ( 'NONE',  ( -3.000000000000000444, 0.2999999999999979350, 0.000000000000000000 ) ) ;
#1203 = FACE_OUTER_BOUND ( 'NONE', #248, .T. ) ;
#1204 = DIRECTION ( 'NONE',  ( -1.000000000000000000, 0.000000000000000000, 0.000000000000000000 ) ) ;
#1205 = PRODUCT_DEFINITION_SHAPE ( 'NONE', 'NONE',  #2156 ) ;
#1206 = EDGE_LOOP ( 'NONE', ( #2051, #1107 ) ) ;
#1207 = CARTESIAN_POINT ( 'NONE',  ( -0.7999999999999933831, 0.2000000000000008993, 1.600000000000004086 ) ) ;
#1208 = CARTESIAN_POINT ( 'NONE',  ( 1.800000000000010481, 0.2000000000000028422, -0.9999999999999978906 ) ) ;
#1209 = CARTESIAN_POINT ( 'NONE',  ( 2.038021594828142824, 0.3000000000000009881, -1.831019651063426235 ) ) ;
#1210 = CARTESIAN_POINT ( 'NONE',  ( -2.059984127722458425E-16, 0.2999999999999999889, -4.000000000000000000 ) ) ;
#1211 = CARTESIAN_POINT ( 'NONE',  ( 1.172246233469147469, 0.3000000000000009881, -2.018199864166939417 ) ) ;
#1212 = CARTESIAN_POINT ( 'NONE',  ( 0.9992002096221235252, 0.3000000000000004885, 0.1742847336481926912 ) ) ;
#1213 = FILL_AREA_STYLE_COLOUR ( '', #3606 ) ;
#1214 = CARTESIAN_POINT ( 'NONE',  ( 2.091811711891860881, 0.2999999999999839462, 1.146869362221980770 ) ) ;
#1215 = CARTESIAN_POINT ( 'NONE',  ( -1.908188288108145558, 0.2999999999999810041, 2.146869362221982325 ) ) ;
#1216 = DIRECTION ( 'NONE',  ( 1.000000000000000000, 0.000000000000000000, 0.000000000000000000 ) ) ;
#1217 = CARTESIAN_POINT ( 'NONE',  ( 2.173205080756900109, 0.3000000000000012101, -1.999999999999998668 ) ) ;
#1218 = CARTESIAN_POINT ( 'NONE',  ( -2.039310546881595965, 0.2999999999999984346, 1.169795432657476875 ) ) ;
#1219 =( LENGTH_UNIT ( ) NAMED_UNIT ( * ) SI_UNIT ( .MILLI., .METRE. ) );
#1220 = CARTESIAN_POINT ( 'NONE',  ( 2.020055168629753428, 0.3000000000000014322, -2.172040083152829926 ) ) ;
#1221 = PRODUCT_DEFINITION ( 'UNKNOWN', '', #4122, #1025 ) ;
#1222 = B_SPLINE_CURVE_WITH_KNOTS ( 'NONE', 3,
 ( #2089, #950, #528, #608, #4183, #1054, #163, #2639, #2564, #555, #2995, #2140, #1768, #4619, #2215, #215, #1462, #2972, #2614, #4259, #4158, #1846, #5082, #3473, #3399, #137, #5044, #975, #633, #582, #3050 ),
 .UNSPECIFIED., .F., .F.,
 ( 4, 3, 3, 3, 3, 3, 3, 3, 3, 3, 4 ),
 ( 0.000000000000000000, 5.815730759944125823E-05, 0.0001163146151988825436, 0.0001744719227982760427, 0.0002326292303977649245, 0.0002907865379972064809, 0.0003489438455966476578, 0.0004071011531960887805, 0.0004652584607957850702, 0.0005234157683949714054, 0.0005414071114497594032 ),
 .UNSPECIFIED. ) ;
#1223 =( GEOMETRIC_REPRESENTATION_CONTEXT ( 3 ) GLOBAL_UNCERTAINTY_ASSIGNED_CONTEXT ( ( #2085 ) ) GLOBAL_UNIT_ASSIGNED_CONTEXT ( ( #4842, #916, #3644 ) ) REPRESENTATION_CONTEXT ( 'NONE', 'WORKASPACE' ) );
#1224 = EDGE_LOOP ( 'NONE', ( #3722, #2697 ) ) ;
#1225 = DIRECTION ( 'NONE',  ( 0.000000000000000000, 0.000000000000000000, 1.000000000000000000 ) ) ;
#1226 = SHAPE_REPRESENTATION ( 'MT25QL256ABA8E12-1SIT TR_12', ( #1744 ), #2673 ) ;
#1227 =( REPRESENTATION_RELATIONSHIP ('NONE','NONE', #2642, #4508 ) REPRESENTATION_RELATIONSHIP_WITH_TRANSFORMATION ( #234 )SHAPE_REPRESENTATION_RELATIONSHIP( ) );
#1228 = CARTESIAN_POINT ( 'NONE',  ( 2.135250754901254933, 0.3000000000000015987, 0.1081999690325498864 ) ) ;
#1229 =( GEOMETRIC_REPRESENTATION_CONTEXT ( 3 ) GLOBAL_UNCERTAINTY_ASSIGNED_CONTEXT ( ( #4958 ) ) GLOBAL_UNIT_ASSIGNED_CONTEXT ( ( #1958, #5189, #4739 ) ) REPRESENTATION_CONTEXT ( 'NONE', 'WORKASPACE' ) );
#1230 = CARTESIAN_POINT ( 'NONE',  ( 1.200000000000008393, 0.2000000000000021760, -1.999999999999998668 ) ) ;
#1231 = DIRECTION ( 'NONE',  ( -1.000000000000000000, 0.000000000000000000, 0.000000000000000000 ) ) ;
#1232 = CARTESIAN_POINT ( 'NONE',  ( -2.400000000000000355, 0.2514718625761414583, -3.399999999999999467 ) ) ;
#1233 = ADVANCED_FACE ( 'NONE', ( #3970 ), #1517, .F. ) ;
#1234 = CARTESIAN_POINT ( 'NONE',  ( -2.059984127722458425E-16, 0.2999999999999999889, 4.000000000000003553 ) ) ;
#1235 = CIRCLE ( 'NONE', #636, 0.2000000000000005107 ) ;
#1236 = ORIENTED_EDGE ( 'NONE', *, *, #2106, .F. ) ;
#1237 = CARTESIAN_POINT ( 'NONE',  ( -0.7999999999999932720, 1.000000000000002887, -2.400000000000000355 ) ) ;
#1238 = CARTESIAN_POINT ( 'NONE',  ( 0.1082498876434855872, 0.2999999999999822808, 1.136593447400105372 ) ) ;
#1239 = CARTESIAN_POINT ( 'NONE',  ( 2.019108673628179140, 0.3000000000000009881, -1.826764130043338152 ) ) ;
#1240 =( LENGTH_UNIT ( ) NAMED_UNIT ( * ) SI_UNIT ( .MILLI., .METRE. ) );
#1241 = CIRCLE ( 'NONE', #3859, 0.2000000000000005107 ) ;
#1242 = CONTEXT_DEPENDENT_SHAPE_REPRESENTATION ( #2203, #688 ) ;
#1243 = CARTESIAN_POINT ( 'NONE',  ( -0.7999999999999940492, 1.000000000000001554, -1.399999999999997913 ) ) ;
#1244 = LINE ( 'NONE', #4496, #1064 ) ;
#1245 = CARTESIAN_POINT ( 'NONE',  ( -0.0007997903778771607531, 0.2999999999999998779, 2.174284733648195189 ) ) ;
#1246 = DIRECTION ( 'NONE',  ( -6.776263578034401726E-16, 1.000000000000000000, -0.000000000000000000 ) ) ;
#1247 = CARTESIAN_POINT ( 'NONE',  ( -1.164815693526468410, 0.2999999999992771227, 0.05667093800993628500 ) ) ;
#1248 = CARTESIAN_POINT ( 'NONE',  ( 0.07537353614020195214, 0.2999999999999823919, -0.8428547229561299536 ) ) ;
#1249 = UNCERTAINTY_MEASURE_WITH_UNIT (LENGTH_MEASURE( 1.000000000000000082E-05 ), #923, 'distance_accuracy_value', 'NONE');
#1250 = CARTESIAN_POINT ( 'NONE',  ( 1.136766436603473096, 0.3000000000000005995, 1.891968755138794478 ) ) ;
#1251 = CARTESIAN_POINT ( 'NONE',  ( -0.1999999999999935996, -0.6000000000000004219, -2.399999999999999911 ) ) ;
#1252 =( GEOMETRIC_REPRESENTATION_CONTEXT ( 3 ) GLOBAL_UNCERTAINTY_ASSIGNED_CONTEXT ( ( #4954 ) ) GLOBAL_UNIT_ASSIGNED_CONTEXT ( ( #11, #4584, #467 ) ) REPRESENTATION_CONTEXT ( 'NONE', 'WORKASPACE' ) );
#1253 = CARTESIAN_POINT ( 'NONE',  ( 1.200000000000008393, 0.2000000000000021483, 3.060259018942359918E-15 ) ) ;
#1254 =( BOUNDED_SURFACE ( )  B_SPLINE_SURFACE ( 3, 3, ( 
 ( #5217, #1599, #1118, #2376 ),
 ( #5191, #3114, #2730, #352 ),
 ( #2708, #1545, #716, #4381 ),
 ( #4324, #3215, #1570, #4837 ) ),
 .UNSPECIFIED., .F., .F., .F. ) 
 B_SPLINE_SURFACE_WITH_KNOTS ( ( 4, 4 ),
 ( 4, 4 ),
 ( 0.000000000000000000, 1.000000000000000000 ),
 ( 0.000000000000000000, 1.000000000000000000 ),
 .UNSPECIFIED. ) 
 GEOMETRIC_REPRESENTATION_ITEM ( )  RATIONAL_B_SPLINE_SURFACE ( (
 ( 1.000000000000000000, 0.3333333333333335369, 0.3333333333333335369, 1.000000000000000000),
 ( 0.3333333333333333703, 0.1111111111111111882, 0.1111111111111111882, 0.3333333333333333703),
 ( 0.3333333333333333703, 0.1111111111111111882, 0.1111111111111111882, 0.3333333333333333703),
 ( 1.000000000000000000, 0.3333333333333335369, 0.3333333333333335369, 1.000000000000000000) ) ) 
 REPRESENTATION_ITEM ( '' )  SURFACE ( )  );
#1255 = CARTESIAN_POINT ( 'NONE',  ( -2.148208803619146678, 0.2999999999992764566, 0.09170582629977805378 ) ) ;
#1256 = PRODUCT_DEFINITION_SHAPE ( 'NONE', 'NONE',  #3935 ) ;
#1257 = CARTESIAN_POINT ( 'NONE',  ( -0.8632335633965285693, 0.2999999999999994893, -1.108031244861208631 ) ) ;
#1258 = ORIENTED_EDGE ( 'NONE', *, *, #1438, .T. ) ;
#1259 = DIRECTION ( 'NONE',  ( 1.000000000000000000, 0.000000000000000000, 0.000000000000000000 ) ) ;
#1260 = CARTESIAN_POINT ( 'NONE',  ( 1.924129136041712318, 0.3000000000000012657, 0.1557036030483006372 ) ) ;
#1261 = CARTESIAN_POINT ( 'NONE',  ( 1.108249887643486309, 0.2999999999999830580, 2.136593447400107593 ) ) ;
#1262 = CARTESIAN_POINT ( 'NONE',  ( -2.750000000000000000, 0.3999999999999981348, -3.199999999999998845 ) ) ;
#1263 = DIRECTION ( 'NONE',  ( 6.866613759074861087E-16, -1.000000000000000000, 0.000000000000000000 ) ) ;
#1264 = CARTESIAN_POINT ( 'NONE',  ( 1.800000000000006484, 0.2000000000000029809, 1.600000000000004086 ) ) ;
#1265 =( BOUNDED_SURFACE ( )  B_SPLINE_SURFACE ( 3, 3, ( 
 ( #170, #615, #3404, #5025 ),
 ( #2223, #3819, #3002, #2201 ),
 ( #4628, #3844, #3458, #5088 ),
 ( #1446, #4681, #511, #3577 ) ),
 .UNSPECIFIED., .F., .F., .F. ) 
 B_SPLINE_SURFACE_WITH_KNOTS ( ( 4, 4 ),
 ( 4, 4 ),
 ( 0.000000000000000000, 1.000000000000000000 ),
 ( 0.000000000000000000, 1.000000000000000000 ),
 .UNSPECIFIED. ) 
 GEOMETRIC_REPRESENTATION_ITEM ( )  RATIONAL_B_SPLINE_SURFACE ( (
 ( 1.000000000000000000, 0.3333333333333334259, 0.3333333333333334259, 1.000000000000000000),
 ( 0.3333333333333333703, 0.1111111111111111605, 0.1111111111111111605, 0.3333333333333333703),
 ( 0.3333333333333333703, 0.1111111111111111605, 0.1111111111111111605, 0.3333333333333333703),
 ( 1.000000000000000000, 0.3333333333333334259, 0.3333333333333334259, 1.000000000000000000) ) ) 
 REPRESENTATION_ITEM ( '' )  SURFACE ( )  );
#1266 = ORIENTED_EDGE ( 'NONE', *, *, #1996, .F. ) ;
#1267 = CARTESIAN_POINT ( 'NONE',  ( -0.0007997903778772216853, 0.2999999999999998779, 1.174284733648193413 ) ) ;
#1268 = CARTESIAN_POINT ( 'NONE',  ( 0.1094989532239703800, 0.2999999999999998779, 1.864405799200984148 ) ) ;
#1269 = ADVANCED_FACE ( 'NONE', ( #3527 ), #333, .T. ) ;
#1270 = CONTEXT_DEPENDENT_SHAPE_REPRESENTATION ( #1831, #5152 ) ;
#1271 = CARTESIAN_POINT ( 'NONE',  ( -1.199999999999994404, 0.2000000000000007883, -0.9999999999999978906 ) ) ;
#1272 = CARTESIAN_POINT ( 'NONE',  ( -0.8917501123565154675, 0.2999999999999818368, 2.136593447400107149 ) ) ;
#1273 = CARTESIAN_POINT ( 'NONE',  ( -0.8297907643179005532, 0.2999999999999993228, -1.037478315543572949 ) ) ;
#1274 = FILL_AREA_STYLE ('',( #78 ) ) ;
#1275 = CARTESIAN_POINT ( 'NONE',  ( -1.157024503285009942, 0.2999999999999991007, -0.07562482010267848609 ) ) ;
#1276 = CARTESIAN_POINT ( 'NONE',  ( -0.1999999999999935996, 0.2000000000000015099, 1.600000000000004086 ) ) ;
#1277 = ORIENTED_EDGE ( 'NONE', *, *, #4649, .F. ) ;
#1278 = CARTESIAN_POINT ( 'NONE',  ( -1.091811711891843784, 0.2999999999999816147, 0.8531306377780270012 ) ) ;
#1279 = DIRECTION ( 'NONE',  ( 1.000000000000000000, 6.866613759074861087E-16, 0.000000000000000000 ) ) ;
#1280 = CARTESIAN_POINT ( 'NONE',  ( 2.200000000000011280, 0.2000000000000028422, 3.011273146976464912E-15 ) ) ;
#1281 = CARTESIAN_POINT ( 'NONE',  ( 2.173205080756900109, 0.3000000000000016542, 1.000000000000003997 ) ) ;
#1282 = B_SPLINE_CURVE_WITH_KNOTS ( 'NONE', 3,
 ( #3898, #171, #1062, #4268, #2676, #2600, #4602, #4244, #196, #3480, #5055, #2250, #1365, #1389, #3059, #956, #3459, #2224, #667, #2648, #1775, #5089, #3405, #271, #985, #1853, #3003, #4219, #2202, #2979, #2273 ),
 .UNSPECIFIED., .F., .F.,
 ( 4, 3, 3, 3, 3, 3, 3, 3, 3, 3, 4 ),
 ( 0.0005414071114497589696, 0.0005995644190492004175, 0.0006577217266486416487, 0.0007158790342480350665, 0.0007740363418475241109, 0.0008321936494469656673, 0.0008903509570464067900, 0.0009485082646458483464, 0.001006665572245544257, 0.001064822879844730483, 0.001082814222899517939 ),
 .UNSPECIFIED. ) ;
#1283 = CARTESIAN_POINT ( 'NONE',  ( 1.906702198569188544, 0.3000000000000012657, 0.1472118483534687883 ) ) ;
#1284 = CARTESIAN_POINT ( 'NONE',  ( -1.961978405171862727, 0.2999999999999981015, -0.8310196510634251243 ) ) ;
#1285 = CARTESIAN_POINT ( 'NONE',  ( 1.200000000000008171, 1.000000000000004663, -2.400000000000000355 ) ) ;
#1286 = CARTESIAN_POINT ( 'NONE',  ( -1.019108673628162487, 0.2999999999999990452, -2.173235869956659627 ) ) ;
#1287 = APPLICATION_CONTEXT ( 'automotive_design' ) ;
#1288 = ORIENTED_EDGE ( 'NONE', *, *, #4863, .F. ) ;
#1289 = CARTESIAN_POINT ( 'NONE',  ( 0.1732050807568960293, 0.3000000000000002665, 1.019385769199817604 ) ) ;
#1290 = CARTESIAN_POINT ( 'NONE',  ( 0.05844392648578217858, 0.2999999999999998779, 1.835804642256875896 ) ) ;
#1291 = PRODUCT_DEFINITION ( 'UNKNOWN', '', #2001, #1508 ) ;
#1292 = ITEM_DEFINED_TRANSFORMATION ( 'NONE', 'NONE', #3612,  #1744 ) ;
#1293 = CARTESIAN_POINT ( 'NONE',  ( -1.199999999999994627, 0.2000000000000007883, -0.9999999999999980016 ) ) ;
#1294 = CARTESIAN_POINT ( 'NONE',  ( 1.058443926485783004, 0.3000000000000005995, -2.164195357743128323 ) ) ;
#1295 = CARTESIAN_POINT ( 'NONE',  ( 0.8301419007345034462, 0.3000000000000004885, 0.9609611198754530736 ) ) ;
#1296 = PRESENTATION_STYLE_ASSIGNMENT (( #2474 ) ) ;
#1297 = CARTESIAN_POINT ( 'NONE',  ( -1.169858099265498330, 0.2999999999999991007, -0.03903888012454770351 ) ) ;
#1298 = ADVANCED_FACE ( 'NONE', ( #2272, #1539 ), #1563, .F. ) ;
#1299 = UNCERTAINTY_MEASURE_WITH_UNIT (LENGTH_MEASURE( 1.000000000000000082E-05 ), #158, 'distance_accuracy_value', 'NONE');
#1300 =( REPRESENTATION_RELATIONSHIP ('NONE','NONE', #2642, #3371 ) REPRESENTATION_RELATIONSHIP_WITH_TRANSFORMATION ( #1319 )SHAPE_REPRESENTATION_RELATIONSHIP( ) );
#1301 = VERTEX_POINT ( 'NONE', #4338 ) ;
#1302 = CARTESIAN_POINT ( 'NONE',  ( 1.800000000000010703, 1.000000000000003331, -0.5999999999999973133 ) ) ;
#1303 = DIRECTION ( 'NONE',  ( 6.866613759074861087E-16, -1.000000000000000000, 0.000000000000000000 ) ) ;
#1304 = CARTESIAN_POINT ( 'NONE',  ( -2.173205080756884122, 0.2999999999999984901, 1.000000000000003997 ) ) ;
#1305 = CARTESIAN_POINT ( 'NONE',  ( 0.8000000000000072609, 0.2000000000000021483, 0.6000000000000028644 ) ) ;
#1306 = VERTEX_POINT ( 'NONE', #3150 ) ;
#1307 = APPLICATION_PROTOCOL_DEFINITION ( 'draft international standard', 'automotive_design', 1998, #2092 ) ;
#1308 = CARTESIAN_POINT ( 'NONE',  ( 0.8000000000000072609, 0.2000000000000021483, 2.000000000000005329 ) ) ;
#1309 = CARTESIAN_POINT ( 'NONE',  ( 0.1473609055846252236, 0.2999999999999997669, -1.906937808145571900 ) ) ;
#1310 = CARTESIAN_POINT ( 'NONE',  ( 2.000000000000001776, 0.3000000000000013767, 3.000000000000002220 ) ) ;
#1311 = PRESENTATION_LAYER_ASSIGNMENT (  '', '', ( #291 ) ) ;
#1312 = CARTESIAN_POINT ( 'NONE',  ( 2.200000000000007727, 0.2000000000000026479, 2.400000000000006128 ) ) ;
#1313 = ORIENTED_EDGE ( 'NONE', *, *, #2262, .T. ) ;
#1314 = STYLED_ITEM ( 'NONE', ( #3328 ), #1071 ) ;
#1315 = SURFACE_STYLE_FILL_AREA ( #855 ) ;
#1316 = CARTESIAN_POINT ( 'NONE',  ( 0.1482088036191588631, 0.2999999999992778443, 0.9082941737002292459 ) ) ;
#1317 = FACE_OUTER_BOUND ( 'NONE', #4566, .T. ) ;
#1318 = AXIS2_PLACEMENT_3D ( 'NONE', #491, #3720, #94 ) ;
#1319 = ITEM_DEFINED_TRANSFORMATION ( 'NONE', 'NONE', #4205,  #1744 ) ;
#1320 = CARTESIAN_POINT ( 'NONE',  ( 6.938893903907228378E-15, 0.2000000000000014544, 1.000000000000003997 ) ) ;
#1321 = CARTESIAN_POINT ( 'NONE',  ( 0.1732050807568960293, 0.3000000000000002665, -0.9999999999999976685 ) ) ;
#1322 = CARTESIAN_POINT ( 'NONE',  ( 0.8365586987247476403, 0.3000000000000004885, 0.9426681498863876962 ) ) ;
#1323 = SURFACE_STYLE_USAGE ( .BOTH. , #4955 ) ;
#1324 = CARTESIAN_POINT ( 'NONE',  ( -1.172884579699629892, 0.2999999999999991562, 1.012158460074936039 ) ) ;
#1325 = APPLICATION_CONTEXT ( 'automotive_design' ) ;
#1326 =( NAMED_UNIT ( * ) PLANE_ANGLE_UNIT ( ) SI_UNIT ( $, .RADIAN. ) );
#1327 = CIRCLE ( 'NONE', #2406, 0.2000000000000005107 ) ;
#1328 = EDGE_LOOP ( 'NONE', ( #3878, #4604, #4382, #1515 ) ) ;
#1329 = CARTESIAN_POINT ( 'NONE',  ( 1.173205080756897001, 0.3000000000000005440, 2.000000000000005329 ) ) ;
#1330 = CARTESIAN_POINT ( 'NONE',  ( -0.1999999999999935996, 0.2000000000000013989, -1.599999999999997424 ) ) ;
#1331 = ADVANCED_FACE ( 'NONE', ( #1140, #2249 ), #3795, .T. ) ;
#1332 = CARTESIAN_POINT ( 'NONE',  ( -2.199999999999999734, 0.3999999999999985789, -3.749999999999999112 ) ) ;
#1333 = DIRECTION ( 'NONE',  ( 1.000000000000000000, 0.000000000000000000, 0.000000000000000000 ) ) ;
#1334 = DIRECTION ( 'NONE',  ( -6.938893903907227392E-16, 1.000000000000000000, -0.000000000000000000 ) ) ;
#1335 = AXIS2_PLACEMENT_3D ( 'NONE', #2949, #5083, #2216 ) ;
#1336 = ORIENTED_EDGE ( 'NONE', *, *, #1589, .T. ) ;
#1337 = SHAPE_DEFINITION_REPRESENTATION ( #1196, #5199 ) ;
#1338 = EDGE_CURVE ( 'NONE', #1619, #53, #1873, .T. ) ;
#1339 = CARTESIAN_POINT ( 'NONE',  ( 1.173205080756897001, 0.3000000000000007661, 3.062871137271550026E-15 ) ) ;
#1340 = CARTESIAN_POINT ( 'NONE',  ( -0.1367664366034587187, 0.2999999999999999334, -1.891968755138788039 ) ) ;
#1341 = PRODUCT_DEFINITION_FORMATION_WITH_SPECIFIED_SOURCE ( 'ANY', '', #2410, .NOT_KNOWN. ) ;
#1342 = CARTESIAN_POINT ( 'NONE',  ( 1.200000000000008393, 0.2000000000000021483, -1.999999999999998668 ) ) ;
#1343 =( GEOMETRIC_REPRESENTATION_CONTEXT ( 3 ) GLOBAL_UNCERTAINTY_ASSIGNED_CONTEXT ( ( #3372 ) ) GLOBAL_UNIT_ASSIGNED_CONTEXT ( ( #5076, #4232, #3863 ) ) REPRESENTATION_CONTEXT ( 'NONE', 'WORKASPACE' ) );
#1344 = CARTESIAN_POINT ( 'NONE',  ( -2.173205080756884122, 0.2999999999999984901, 0.9806142308001900565 ) ) ;
#1345 = ORIENTED_EDGE ( 'NONE', *, *, #5108, .T. ) ;
#1346 = CARTESIAN_POINT ( 'NONE',  ( -1.799999999999994715, 0.2000000000000000389, 2.000000000000005329 ) ) ;
#1347 = DIRECTION ( 'NONE',  ( 1.000000000000000000, 0.000000000000000000, 1.445602896647339163E-16 ) ) ;
#1348 = SURFACE_STYLE_USAGE ( .BOTH. , #3848 ) ;
#1349 = CARTESIAN_POINT ( 'NONE',  ( 0.2000000000000070610, 0.2000000000000011768, -0.5999999999999976463 ) ) ;
#1350 = CARTESIAN_POINT ( 'NONE',  ( -0.1732050807568822903, 0.3000000000000000444, -0.9999999999999978906 ) ) ;
#1351 = CARTESIAN_POINT ( 'NONE',  ( -0.8271154203003582284, 0.2999999999999993228, -1.012158460074930044 ) ) ;
#1352 = FILL_AREA_STYLE_COLOUR ( '', #3277 ) ;
#1353 = CARTESIAN_POINT ( 'NONE',  ( 1.829790764317917207, 0.3000000000000011546, 1.037478315543578944 ) ) ;
#1354 = UNCERTAINTY_MEASURE_WITH_UNIT (LENGTH_MEASURE( 1.000000000000000082E-05 ), #3511, 'distance_accuracy_value', 'NONE');
#1355 = PRODUCT_DEFINITION_CONTEXT ( 'detailed design', #69, 'design' ) ;
#1356 = UNCERTAINTY_MEASURE_WITH_UNIT (LENGTH_MEASURE( 1.000000000000000082E-05 ), #3755, 'distance_accuracy_value', 'NONE');
#1357 = DIRECTION ( 'NONE',  ( 0.000000000000000000, -1.000000000000000000, 0.000000000000000000 ) ) ;
#1358 = CARTESIAN_POINT ( 'NONE',  ( 0.2000000000000074496, 0.2000000000000014544, -1.999999999999998668 ) ) ;
#1359 = DIRECTION ( 'NONE',  ( -1.000000000000000000, 0.000000000000000000, 0.000000000000000000 ) ) ;
#1360 = CARTESIAN_POINT ( 'NONE',  ( 2.200000000000011724, -0.5999999999999989786, -1.599999999999997646 ) ) ;
#1361 = ORIENTED_EDGE ( 'NONE', *, *, #492, .T. ) ;
#1362 = APPLICATION_PROTOCOL_DEFINITION ( 'draft international standard', 'automotive_design', 1998, #1947 ) ;
#1363 = CARTESIAN_POINT ( 'NONE',  ( -2.199999999999995293, 0.2000000000000000944, -0.9999999999999978906 ) ) ;
#1364 = CARTESIAN_POINT ( 'NONE',  ( 0.01910867362817508450, 0.2999999999999997113, 0.1732358699566638738 ) ) ;
#1365 = CARTESIAN_POINT ( 'NONE',  ( 1.038021594828139493, 0.3000000000000002665, -1.831019651063426013 ) ) ;
#1366 = CARTESIAN_POINT ( 'NONE',  ( -0.8267949192431048866, 0.2999999999999991007, 2.000000000000005773 ) ) ;
#1367 = ADVANCED_FACE ( 'NONE', ( #399 ), #2366, .F. ) ;
#1368 = ORIENTED_EDGE ( 'NONE', *, *, #260, .T. ) ;
#1369 =( NAMED_UNIT ( * ) PLANE_ANGLE_UNIT ( ) SI_UNIT ( $, .RADIAN. ) );
#1370 = CARTESIAN_POINT ( 'NONE',  ( -1.199999999999994627, 0.2000000000000007327, -0.9999999999999978906 ) ) ;
#1371 = FACE_OUTER_BOUND ( 'NONE', #1014, .T. ) ;
#1372 = CARTESIAN_POINT ( 'NONE',  ( -2.020055168629737441, 0.2999999999999983236, 2.172040083152836143 ) ) ;
#1373 = CARTESIAN_POINT ( 'NONE',  ( 2.148208803619163110, 0.2999999999992792321, -0.09170582629977168387 ) ) ;
#1374 = DIRECTION ( 'NONE',  ( 6.866613759074861087E-16, -1.000000000000000000, 0.000000000000000000 ) ) ;
#1375 = CARTESIAN_POINT ( 'NONE',  ( -0.8768593957821151363, 0.2999999999999998224, -1.876662253789343371 ) ) ;
#1376 = CARTESIAN_POINT ( 'NONE',  ( 1.827115420300374993, 0.3000000000000011546, 1.012158460074936039 ) ) ;
#1377 = PRODUCT_DEFINITION_SHAPE ( 'NONE', 'NONE',  #2772 ) ;
#1378 = CARTESIAN_POINT ( 'NONE',  ( 1.172246233469147469, 0.3000000000000010991, 1.981800135833064580 ) ) ;
#1379 = CARTESIAN_POINT ( 'NONE',  ( 2.163441301275267126, 0.3000000000000012101, 2.057331850113620852 ) ) ;
#1380 = DIRECTION ( 'NONE',  ( 6.899468370362298344E-16, -1.000000000000000000, 0.000000000000000000 ) ) ;
#1381 =( NAMED_UNIT ( * ) PLANE_ANGLE_UNIT ( ) SI_UNIT ( $, .RADIAN. ) );
#1382 = CARTESIAN_POINT ( 'NONE',  ( -2.173205080756884122, 0.2999999999999983791, -0.9939249650772240541 ) ) ;
#1383 = CARTESIAN_POINT ( 'NONE',  ( -1.136766436603459773, 0.2999999999999992117, -0.8919687551387870394 ) ) ;
#1384 = VERTEX_POINT ( 'NONE', #1281 ) ;
#1385 = APPLICATION_PROTOCOL_DEFINITION ( 'draft international standard', 'automotive_design', 1998, #204 ) ;
#1386 = PRODUCT_DEFINITION_SHAPE ( 'NONE', 'NONE',  #1673 ) ;
#1387 = CARTESIAN_POINT ( 'NONE',  ( 1.863233563396545334, 0.3000000000000014322, 0.1080312448612137655 ) ) ;
#1388 = CARTESIAN_POINT ( 'NONE',  ( -0.07587086395829180374, 0.2999999999999998779, 0.1557036030483006372 ) ) ;
#1389 = CARTESIAN_POINT ( 'NONE',  ( 1.019108673628175810, 0.3000000000000002665, -1.826764130043337930 ) ) ;
#1390 = DIRECTION ( 'NONE',  ( -6.938893903907227392E-16, 1.000000000000000000, -0.000000000000000000 ) ) ;
#1391 = VERTEX_POINT ( 'NONE', #4106 ) ;
#1392 = B_SPLINE_CURVE_WITH_KNOTS ( 'NONE', 3,
 ( #575, #5038, #1404, #3889, #4644, #602, #5120, #1375, #1843, #3834, #263, #3071, #3861, #2264, #1457, #656, #208, #4695, #2662, #3089, #4670, #3780, #3443, #4721, #5074, #1436, #238, #1023, #628, #5100, #4281 ),
 .UNSPECIFIED., .F., .F.,
 ( 4, 3, 3, 3, 3, 3, 3, 3, 3, 3, 4 ),
 ( 0.0005414071114497590780, 0.0005995644190492005260, 0.0006577217266486420823, 0.0007158790342480353917, 0.0007740363418475243278, 0.0008321936494469661010, 0.0008903509570464073321, 0.0009485082646458487801, 0.001006665572245545124, 0.001064822879844731568, 0.001082814222899518806 ),
 .UNSPECIFIED. ) ;
#1393 = EDGE_CURVE ( 'NONE', #141, #2631, #4865, .T. ) ;
#1394 = CLOSED_SHELL ( 'NONE', ( #2980, #323, #4174 ) ) ;
#1395 = CARTESIAN_POINT ( 'NONE',  ( -0.03802159482812503960, 0.2999999999999997669, 0.8310196510634311196 ) ) ;
#1396 = CARTESIAN_POINT ( 'NONE',  ( -0.1999999999999935718, 0.2000000000000014544, 3.035766082959412415E-15 ) ) ;
#1397 = DIRECTION ( 'NONE',  ( 1.000000000000000000, 6.899468370362298344E-16, 0.000000000000000000 ) ) ;
#1398 = CARTESIAN_POINT ( 'NONE',  ( -2.058443926485770348, 0.2999999999999984346, 2.164195357743134984 ) ) ;
#1399 = CLOSED_SHELL ( 'NONE', ( #1962, #2255, #1649 ) ) ;
#1400 =( REPRESENTATION_RELATIONSHIP ('NONE','NONE', #2642, #1562 ) REPRESENTATION_RELATIONSHIP_WITH_TRANSFORMATION ( #4462 )SHAPE_REPRESENTATION_RELATIONSHIP( ) );
#1401 = ITEM_DEFINED_TRANSFORMATION ( 'NONE', 'NONE', #396,  #1744 ) ;
#1402 = EDGE_CURVE ( 'NONE', #4100, #52, #805, .T. ) ;
#1403 = FACE_OUTER_BOUND ( 'NONE', #913, .T. ) ;
#1404 = CARTESIAN_POINT ( 'NONE',  ( -0.8301419007344897905, 0.2999999999999996558, -1.960961119875447967 ) ) ;
#1405 = FACE_OUTER_BOUND ( 'NONE', #718, .T. ) ;
#1406 = AXIS2_PLACEMENT_3D ( 'NONE', #1514, #3967, #290 ) ;
#1407 = CARTESIAN_POINT ( 'NONE',  ( -1.890501046776031480, 0.2999999999999987677, 1.864405799200984148 ) ) ;
#1408 = CIRCLE ( 'NONE', #2489, 0.2999999999999999334 ) ;
#1409 = CARTESIAN_POINT ( 'NONE',  ( 2.173205080756896113, 0.3000000000000012101, 2.000000000000005329 ) ) ;
#1410 = DIRECTION ( 'NONE',  ( -1.000000000000000000, 0.000000000000000000, 0.000000000000000000 ) ) ;
#1411 = CARTESIAN_POINT ( 'NONE',  ( 0.000000000000000000, 0.000000000000000000, 0.000000000000000000 ) ) ;
#1412 = CARTESIAN_POINT ( 'NONE',  ( 1.876867305086329596, 0.3000000000000015432, -0.8781872771698485680 ) ) ;
#1413 = CARTESIAN_POINT ( 'NONE',  ( 2.200000000000011280, 0.2000000000000028699, -1.999999999999998668 ) ) ;
#1414 = CIRCLE ( 'NONE', #2320, 0.2000000000000005107 ) ;
#1415 = ORIENTED_EDGE ( 'NONE', *, *, #1806, .T. ) ;
#1416 = APPLICATION_PROTOCOL_DEFINITION ( 'draft international standard', 'automotive_design', 1998, #1106 ) ;
#1417 = AXIS2_PLACEMENT_3D ( 'NONE', #2556, #4202, #5011 ) ;
#1418 = CARTESIAN_POINT ( 'NONE',  ( 1.108249887643486531, 0.2999999999999830580, 0.1365934474001049559 ) ) ;
#1419 = CARTESIAN_POINT ( 'NONE',  ( -0.09329780143081545241, 0.2999999999999998779, 0.1472118483534687883 ) ) ;
#1420 = CARTESIAN_POINT ( 'NONE',  ( -0.7999999999999933831, 0.2000000000000007605, -1.999999999999998668 ) ) ;
#1421 =( GEOMETRIC_REPRESENTATION_CONTEXT ( 3 ) GLOBAL_UNCERTAINTY_ASSIGNED_CONTEXT ( ( #184 ) ) GLOBAL_UNIT_ASSIGNED_CONTEXT ( ( #1950, #3576, #398 ) ) REPRESENTATION_CONTEXT ( 'NONE', 'WORKASPACE' ) );
#1422 = MECHANICAL_DESIGN_GEOMETRIC_PRESENTATION_REPRESENTATION (  '', ( #4553 ), #2510 ) ;
#1423 = EDGE_LOOP ( 'NONE', ( #3486, #2407, #4294, #4154 ) ) ;
#1424 = AXIS2_PLACEMENT_3D ( 'NONE', #87, #1693, #2090 ) ;
#1425 = FACE_OUTER_BOUND ( 'NONE', #1519, .T. ) ;
#1426 = CARTESIAN_POINT ( 'NONE',  ( 0.1728845796996425488, 0.3000000000000002665, 0.9878415399250718432 ) ) ;
#1427 = CARTESIAN_POINT ( 'NONE',  ( 2.170209235682104332, 0.3000000000000016542, 0.9625216844564289387 ) ) ;
#1428 = CARTESIAN_POINT ( 'NONE',  ( 2.173205080756896113, 0.3000000000000012101, 2.000000000000005329 ) ) ;
#1429 =( BOUNDED_SURFACE ( )  B_SPLINE_SURFACE ( 3, 3, ( 
 ( #4083, #4895, #2147, #431 ),
 ( #4057, #4167, #118, #4547 ),
 ( #3692, #4114, #1285, #93 ),
 ( #3767, #3329, #2839, #1342 ) ),
 .UNSPECIFIED., .F., .F., .T. ) 
 B_SPLINE_SURFACE_WITH_KNOTS ( ( 4, 4 ),
 ( 4, 4 ),
 ( 0.000000000000000000, 1.000000000000000000 ),
 ( 0.000000000000000000, 1.000000000000000000 ),
 .UNSPECIFIED. ) 
 GEOMETRIC_REPRESENTATION_ITEM ( )  RATIONAL_B_SPLINE_SURFACE ( (
 ( 1.000000000000000000, 0.3333333333333335369, 0.3333333333333335369, 1.000000000000000000),
 ( 0.3333333333333333703, 0.1111111111111111882, 0.1111111111111111882, 0.3333333333333333703),
 ( 0.3333333333333333703, 0.1111111111111111882, 0.1111111111111111882, 0.3333333333333333703),
 ( 1.000000000000000000, 0.3333333333333335369, 0.3333333333333335369, 1.000000000000000000) ) ) 
 REPRESENTATION_ITEM ( '' )  SURFACE ( )  );
#1430 = PRODUCT_DEFINITION_FORMATION_WITH_SPECIFIED_SOURCE ( 'ANY', '', #4077, .NOT_KNOWN. ) ;
#1431 = EDGE_CURVE ( 'NONE', #3126, #1538, #2196, .T. ) ;
#1432 = APPLICATION_CONTEXT ( 'automotive_design' ) ;
#1433 = ORIENTED_EDGE ( 'NONE', *, *, #1871, .F. ) ;
#1434 = SURFACE_STYLE_USAGE ( .BOTH. , #1810 ) ;
#1435 = CARTESIAN_POINT ( 'NONE',  ( 4.000000000000005329, 0.3000000000000028200, 3.000000000000002220 ) ) ;
#1436 = CARTESIAN_POINT ( 'NONE',  ( -1.164815693526468188, 0.2999999999992769006, -1.943329061990066275 ) ) ;
#1437 = CARTESIAN_POINT ( 'NONE',  ( -2.199999999999995293, 1.000000000000001776, 0.4000000000000040745 ) ) ;
#1438 = EDGE_CURVE ( 'NONE', #3642, #192, #1644, .T. ) ;
#1439 = CARTESIAN_POINT ( 'NONE',  ( 1.829790764317913654, 0.3000000000000010436, 2.037478315543580720 ) ) ;
#1440 = LINE ( 'NONE', #3377, #982 ) ;
#1441 = DIRECTION ( 'NONE',  ( 0.000000000000000000, 0.000000000000000000, 1.000000000000000000 ) ) ;
#1442 = CARTESIAN_POINT ( 'NONE',  ( -2.173205080756884122, 0.2999999999999983791, -0.9999999999999978906 ) ) ;
#1443 = CARTESIAN_POINT ( 'NONE',  ( 0.8000000000000072609, 0.2000000000000020928, -0.5999999999999967581 ) ) ;
#1444 = EDGE_LOOP ( 'NONE', ( #2485, #3798 ) ) ;
#1445 = PRODUCT_CONTEXT ( 'NONE', #1561, 'mechanical' ) ;
#1446 = CARTESIAN_POINT ( 'NONE',  ( -0.7999999999999933831, 0.2000000000000007605, 1.000000000000003997 ) ) ;
#1447 = CARTESIAN_POINT ( 'NONE',  ( -0.1999999999999935718, 0.2000000000000014544, 2.000000000000005329 ) ) ;
#1448 = ORIENTED_EDGE ( 'NONE', *, *, #4676, .F. ) ;
#1449 = CARTESIAN_POINT ( 'NONE',  ( -0.7999999999999936051, -0.6000000000000009770, -0.3999999999999979683 ) ) ;
#1450 = CARTESIAN_POINT ( 'NONE',  ( 2.075870863958309442, 0.3000000000000014877, -1.155703603048295447 ) ) ;
#1451 = SURFACE_STYLE_USAGE ( .BOTH. , #5092 ) ;
#1452 = CARTESIAN_POINT ( 'NONE',  ( -1.999200209622110425, 0.2999999999999986011, -0.1742847336481865850 ) ) ;
#1453 = CARTESIAN_POINT ( 'NONE',  ( 2.020055168629749875, 0.3000000000000012101, 1.827959916847174071 ) ) ;
#1454 = ORIENTED_EDGE ( 'NONE', *, *, #1806, .F. ) ;
#1455 = FILL_AREA_STYLE_COLOUR ( '', #795 ) ;
#1456 = CARTESIAN_POINT ( 'NONE',  ( -2.123140604217874650, 0.2999999999999984901, -1.123337746210652854 ) ) ;
#1457 = CARTESIAN_POINT ( 'NONE',  ( -1.000799790377878695, 0.2999999999999992673, -1.825715266351809252 ) ) ;
#1458 = DIRECTION ( 'NONE',  ( 1.000000000000000000, 6.866613759074861087E-16, 0.000000000000000000 ) ) ;
#1459 = PRODUCT_DEFINITION_CONTEXT ( 'detailed design', #2561, 'design' ) ;
#1460 = ADVANCED_BREP_SHAPE_REPRESENTATION ( '', ( #2859, #1744 ), #1343 ) ;
#1461 = CARTESIAN_POINT ( 'NONE',  ( 1.924129136041708321, 0.3000000000000014877, 2.155703603048302774 ) ) ;
#1462 = CARTESIAN_POINT ( 'NONE',  ( 1.039310546881608399, 0.3000000000000006550, -0.1697954326574699080 ) ) ;
#1463 = EDGE_CURVE ( 'NONE', #4898, #3681, #548, .T. ) ;
#1464 = CARTESIAN_POINT ( 'NONE',  ( -1.836558698724734873, 0.2999999999999986011, -0.9426681498863817010 ) ) ;
#1465 = CARTESIAN_POINT ( 'NONE',  ( 0.8000000000000072609, -0.5999999999999998668, 0.6000000000000029754 ) ) ;
#1466 =( BOUNDED_SURFACE ( )  B_SPLINE_SURFACE ( 3, 3, ( 
 ( #5232, #1536, #3993, #3095 ),
 ( #4798, #1083, #5204, #3966 ),
 ( #1893, #1484, #1558, #5155 ),
 ( #1104, #3599, #3521, #1513 ) ),
 .UNSPECIFIED., .F., .F., .F. ) 
 B_SPLINE_SURFACE_WITH_KNOTS ( ( 4, 4 ),
 ( 4, 4 ),
 ( 0.000000000000000000, 1.000000000000000000 ),
 ( 0.000000000000000000, 1.000000000000000000 ),
 .UNSPECIFIED. ) 
 GEOMETRIC_REPRESENTATION_ITEM ( )  RATIONAL_B_SPLINE_SURFACE ( (
 ( 1.000000000000000000, 0.3333333333333334259, 0.3333333333333334259, 1.000000000000000000),
 ( 0.3333333333333333703, 0.1111111111111111605, 0.1111111111111111605, 0.3333333333333333703),
 ( 0.3333333333333333703, 0.1111111111111111605, 0.1111111111111111605, 0.3333333333333333703),
 ( 1.000000000000000000, 0.3333333333333334259, 0.3333333333333334259, 1.000000000000000000) ) ) 
 REPRESENTATION_ITEM ( '' )  SURFACE ( )  );
#1467 = EDGE_LOOP ( 'NONE', ( #3439, #3607 ) ) ;
#1468 = APPLICATION_PROTOCOL_DEFINITION ( 'draft international standard', 'automotive_design', 1998, #1325 ) ;
#1469 = CARTESIAN_POINT ( 'NONE',  ( -1.799999999999994271, 0.2000000000000000666, -0.9999999999999978906 ) ) ;
#1470 = FACE_OUTER_BOUND ( 'NONE', #3087, .T. ) ;
#1471 = EDGE_LOOP ( 'NONE', ( #4597, #1152 ) ) ;
#1472 = CARTESIAN_POINT ( 'NONE',  ( 0.09329780143082884447, 0.3000000000000003220, -2.147211848353464791 ) ) ;
#1473 = CARTESIAN_POINT ( 'NONE',  ( 1.000000000000007772, 0.2000000000000021483, 1.000000000000003997 ) ) ;
#1474 = FILL_AREA_STYLE ('',( #5116 ) ) ;
#1475 = CARTESIAN_POINT ( 'NONE',  ( -1.199999999999994404, 1.000000000000002665, -0.3999999999999978018 ) ) ;
#1476 = CARTESIAN_POINT ( 'NONE',  ( 2.172884579699642771, 0.3000000000000013212, 1.987841539925073064 ) ) ;
#1477 = EDGE_LOOP ( 'NONE', ( #221, #4912 ) ) ;
#1478 =( NAMED_UNIT ( * ) SI_UNIT ( $, .STERADIAN. ) SOLID_ANGLE_UNIT ( ) );
#1479 = CARTESIAN_POINT ( 'NONE',  ( 1.800000000000010258, 0.2000000000000028699, 1.000000000000003997 ) ) ;
#1480 = CARTESIAN_POINT ( 'NONE',  ( -0.1702092356820864572, 0.2999999999999996558, 2.037478315543580720 ) ) ;
#1481 = B_SPLINE_CURVE_WITH_KNOTS ( 'NONE', 3,
 ( #2683, #300, #3901, #3153, #1498, #1522, #275, #3847, #1878, #4247, #3111, #4738, #1904, #1092, #691, #3535, #3923, #4760, #4343, #714, #2326, #3953, #620, #5188, #327, #1929, #3557, #1543, #4783, #429, #2431 ),
 .UNSPECIFIED., .F., .F.,
 ( 4, 3, 3, 3, 3, 3, 3, 3, 3, 3, 4 ),
 ( 0.000000000000000000, 5.815730759944118369E-05, 0.0001163146151988822454, 0.0001744719227982759614, 0.0002326292303977647890, 0.0002907865379972061556, 0.0003489438455966475494, 0.0004071011531960887805, 0.0004652584607957850702, 0.0005234157683949711886, 0.0005414071114497595117 ),
 .UNSPECIFIED. ) ;
#1482 = CARTESIAN_POINT ( 'NONE',  ( 1.800000000000010481, 0.2000000000000028699, -1.999999999999998668 ) ) ;
#1483 = AXIS2_PLACEMENT_3D ( 'NONE', #3897, #5182, #3179 ) ;
#1484 = CARTESIAN_POINT ( 'NONE',  ( -0.7999999999999936051, -0.6000000000000010880, -2.399999999999999911 ) ) ;
#1485 = PLANE ( 'NONE',  #2063 ) ;
#1486 = AXIS2_PLACEMENT_3D ( 'NONE', #1186, #1998, #3545 ) ;
#1487 = APPLICATION_CONTEXT ( 'automotive_design' ) ;
#1488 = ADVANCED_FACE ( 'NONE', ( #218 ), #2019, .T. ) ;
#1489 = VERTEX_POINT ( 'NONE', #4939 ) ;
#1490 = CARTESIAN_POINT ( 'NONE',  ( 0.2000000000000074218, 0.2000000000000014266, -1.399999999999998801 ) ) ;
#1491 = MECHANICAL_DESIGN_GEOMETRIC_PRESENTATION_REPRESENTATION (  '', ( #3091 ), #1899 ) ;
#1492 = CARTESIAN_POINT ( 'NONE',  ( 0.8000000000000072609, 0.2000000000000020928, 0.4000000000000040190 ) ) ;
#1493 = CARTESIAN_POINT ( 'NONE',  ( -0.1367664366034587742, 0.2999999999999996003, -0.8919687551387872615 ) ) ;
#1494 = CIRCLE ( 'NONE', #5227, 0.2000000000000005107 ) ;
#1495 = ADVANCED_FACE ( 'NONE', ( #2974 ), #4165, .T. ) ;
#1496 = VERTEX_POINT ( 'NONE', #3895 ) ;
#1497 = CARTESIAN_POINT ( 'NONE',  ( 0.2000000000000074218, 0.2000000000000013434, 2.400000000000006128 ) ) ;
#1498 = CARTESIAN_POINT ( 'NONE',  ( -1.157024503285009942, 0.2999999999999991007, 1.924375179897323873 ) ) ;
#1499 =( LENGTH_UNIT ( ) NAMED_UNIT ( * ) SI_UNIT ( .MILLI., .METRE. ) );
#1500 = CARTESIAN_POINT ( 'NONE',  ( 1.864749245098766828, 0.3000000000000013212, 0.8918000309674569692 ) ) ;
#1501 = COLOUR_RGB ( '',0.7921568627450980005, 0.8196078431372548767, 0.9333333333333333481 ) ;
#1502 = CARTESIAN_POINT ( 'NONE',  ( 2.000000000000007105, 0.2000000000000028422, 2.000000000000005329 ) ) ;
#1503 = PRODUCT ( 'MT25QL256ABA8E12-1SIT TR_3', 'MT25QL256ABA8E12-1SIT TR_3', '', ( #4625 ) ) ;
#1504 = ORIENTED_EDGE ( 'NONE', *, *, #551, .T. ) ;
#1505 = AXIS2_PLACEMENT_3D ( 'NONE', #5033, #5117, #1397 ) ;
#1506 = CARTESIAN_POINT ( 'NONE',  ( 2.200000000000011724, 0.2000000000000028144, 1.400000000000005018 ) ) ;
#1507 = CARTESIAN_POINT ( 'NONE',  ( 0.8000000000000072609, 0.2000000000000021483, -0.3999999999999979683 ) ) ;
#1508 = PRODUCT_DEFINITION_CONTEXT ( 'detailed design', #4086, 'design' ) ;
#1509 = PRODUCT_DEFINITION_FORMATION_WITH_SPECIFIED_SOURCE ( 'ANY', '', #3738, .NOT_KNOWN. ) ;
#1510 = CARTESIAN_POINT ( 'NONE',  ( 1.157024503285023931, 0.3000000000000004885, -0.9243751798973164346 ) ) ;
#1511 = CARTESIAN_POINT ( 'NONE',  ( 1.172246233469147469, 0.3000000000000005440, -1.018199864166938529 ) ) ;
#1512 = CARTESIAN_POINT ( 'NONE',  ( -1.173205080756883012, 0.2999999999999993228, -0.9999999999999978906 ) ) ;
#1513 = CARTESIAN_POINT ( 'NONE',  ( -0.7999999999999933831, 0.2000000000000007883, -1.999999999999998668 ) ) ;
#1514 = CARTESIAN_POINT ( 'NONE',  ( 6.938893903907228378E-15, 0.2000000000000014544, 2.000000000000005329 ) ) ;
#1515 = ORIENTED_EDGE ( 'NONE', *, *, #4709, .F. ) ;
#1516 = CARTESIAN_POINT ( 'NONE',  ( 1.200000000000008393, 0.2000000000000021483, -0.9999999999999980016 ) ) ;
#1517 = CYLINDRICAL_SURFACE ( 'NONE', #2151, 0.2999999999999999334 ) ;
#1518 = CARTESIAN_POINT ( 'NONE',  ( 0.01910867362817521634, 0.2999999999999996003, -0.8267641300433371532 ) ) ;
#1519 = EDGE_LOOP ( 'NONE', ( #3602, #3532 ) ) ;
#1520 = ADVANCED_BREP_SHAPE_REPRESENTATION ( '', ( #2768, #1744 ), #232 ) ;
#1521 = CARTESIAN_POINT ( 'NONE',  ( 1.800000000000010258, -0.5999999999999989786, -0.3999999999999980238 ) ) ;
#1522 = CARTESIAN_POINT ( 'NONE',  ( -1.147360905584612567, 0.2999999999999992117, 1.906937808145578783 ) ) ;
#1523 = CARTESIAN_POINT ( 'NONE',  ( 0.09329780143082919142, 0.2999999999999999889, -0.1472118483534627098 ) ) ;
#1524 = CARTESIAN_POINT ( 'NONE',  ( -1.827753766530855195, 0.2999999999999987121, -0.01819986416693754674 ) ) ;
#1525 = ADVANCED_FACE ( 'NONE', ( #3125 ), #1824, .T. ) ;
#1526 = CARTESIAN_POINT ( 'NONE',  ( -0.1999999999999935996, -0.6000000000000004219, 1.400000000000005462 ) ) ;
#1527 = VERTEX_POINT ( 'NONE', #2696 ) ;
#1528 = CARTESIAN_POINT ( 'NONE',  ( 2.999999999999999112, 1.199999999999997957, -3.999999999999999112 ) ) ;
#1529 = CARTESIAN_POINT ( 'NONE',  ( 0.8351843064735333666, 0.2999999999992783994, 1.056670938009937277 ) ) ;
#1530 = PRESENTATION_STYLE_ASSIGNMENT (( #2413 ) ) ;
#1531 = ADVANCED_BREP_SHAPE_REPRESENTATION ( '', ( #2778, #1744 ), #3530 ) ;
#1532 = CARTESIAN_POINT ( 'NONE',  ( -1.999999999999994893, 0.2000000000000000666, 3.035766082959412415E-15 ) ) ;
#1533 = CARTESIAN_POINT ( 'NONE',  ( 0.8647492450987634971, 0.3000000000000001554, -2.108199969032545251 ) ) ;
#1534 = CARTESIAN_POINT ( 'NONE',  ( -1.091811711891844006, 0.2999999999999817257, -1.146869362221974553 ) ) ;
#1535 =( LENGTH_UNIT ( ) NAMED_UNIT ( * ) SI_UNIT ( .MILLI., .METRE. ) );
#1536 = CARTESIAN_POINT ( 'NONE',  ( -1.199999999999994627, 0.2000000000000007605, -1.999999999999998668 ) ) ;
#1537 = CARTESIAN_POINT ( 'NONE',  ( 1.200000000000008393, 0.2000000000000021205, -0.9999999999999978906 ) ) ;
#1538 = VERTEX_POINT ( 'NONE', #1870 ) ;
#1539 = FACE_BOUND ( 'NONE', #1065, .T. ) ;
#1540 = PRODUCT_DEFINITION_SHAPE ( 'NONE', 'NONE',  #5257 ) ;
#1541 = VERTEX_POINT ( 'NONE', #4335 ) ;
#1542 = CARTESIAN_POINT ( 'NONE',  ( 0.2000000000000074218, -0.6000000000000004219, 1.600000000000004530 ) ) ;
#1543 = CARTESIAN_POINT ( 'NONE',  ( -0.8277537665308541959, 0.2999999999999993228, 1.981800135833064580 ) ) ;
#1544 = CARTESIAN_POINT ( 'NONE',  ( 1.000000000000007772, 0.2000000000000021205, -0.9999999999999978906 ) ) ;
#1545 = CARTESIAN_POINT ( 'NONE',  ( 0.2000000000000073941, 1.000000000000002887, -1.599999999999997868 ) ) ;
#1546 = ORIENTED_EDGE ( 'NONE', *, *, #4141, .F. ) ;
#1547 = ADVANCED_FACE ( 'NONE', ( #3096 ), #683, .T. ) ;
#1548 = DIRECTION ( 'NONE',  ( 6.866613759074861087E-16, -1.000000000000000000, 0.000000000000000000 ) ) ;
#1549 = DIRECTION ( 'NONE',  ( 0.000000000000000000, 1.000000000000000000, 1.224646799147353207E-16 ) ) ;
#1550 = CARTESIAN_POINT ( 'NONE',  ( 2.123140604217890193, 0.3000000000000015987, -1.876662253789343815 ) ) ;
#1551 = APPLICATION_CONTEXT ( 'automotive_design' ) ;
#1552 = SHAPE_REPRESENTATION_RELATIONSHIP ( 'NONE' , 'NONE' ,  #1562, #2142 ) ;
#1553 = ADVANCED_FACE ( 'NONE', ( #1136 ), #1056, .F. ) ;
#1554 = CARTESIAN_POINT ( 'NONE',  ( -0.7999999999999934941, 0.2000000000000007327, 2.000000000000005329 ) ) ;
#1555 = DIRECTION ( 'NONE',  ( -6.938893903907227392E-16, 1.000000000000000000, -0.000000000000000000 ) ) ;
#1556 = PLANE ( 'NONE',  #2058 ) ;
#1557 = CIRCLE ( 'NONE', #463, 0.2000000000000005107 ) ;
#1558 = CARTESIAN_POINT ( 'NONE',  ( -0.7999999999999936051, -0.6000000000000010880, -1.599999999999997646 ) ) ;
#1559 = CARTESIAN_POINT ( 'NONE',  ( -1.924626463859800518, 0.2999999999999810041, 2.157145277043873488 ) ) ;
#1560 = CARTESIAN_POINT ( 'NONE',  ( -0.1999999999999935996, 0.2000000000000013989, 0.4000000000000040190 ) ) ;
#1561 = APPLICATION_CONTEXT ( 'automotive_design' ) ;
#1562 = SHAPE_REPRESENTATION ( 'MT25QL256ABA8E12-1SIT TR_21', ( #1744 ), #4289 ) ;
#1563 = PLANE ( 'NONE',  #1483 ) ;
#1564 = CIRCLE ( 'NONE', #2581, 0.2000000000000005107 ) ;
#1565 = VERTEX_POINT ( 'NONE', #5128 ) ;
#1566 = DIRECTION ( 'NONE',  ( 1.000000000000000000, 0.000000000000000000, 0.000000000000000000 ) ) ;
#1567 = CARTESIAN_POINT ( 'NONE',  ( 0.1732050807568961681, 0.2999999999999998224, -1.999999999999998668 ) ) ;
#1568 = DIRECTION ( 'NONE',  ( -6.938893903907229364E-16, 1.000000000000000000, 0.000000000000000000 ) ) ;
#1569 = CARTESIAN_POINT ( 'NONE',  ( 0.1231326949136881399, 0.2999999999999998779, -1.121812722830147102 ) ) ;
#1570 = CARTESIAN_POINT ( 'NONE',  ( 0.2000000000000074496, 0.2000000000000014266, -1.999999999999998668 ) ) ;
#1571 = CIRCLE ( 'NONE', #3180, 0.2000000000000005107 ) ;
#1572 = EDGE_LOOP ( 'NONE', ( #462, #3346 ) ) ;
#1573 = SURFACE_SIDE_STYLE ('',( #3193 ) ) ;
#1574 = CARTESIAN_POINT ( 'NONE',  ( -0.1367664366034586076, 0.2999999999999999334, 1.108031244861214848 ) ) ;
#1575 = CARTESIAN_POINT ( 'NONE',  ( 2.200000000000011280, 0.2000000000000028422, -1.999999999999998668 ) ) ;
#1576 = DIRECTION ( 'NONE',  ( 0.000000000000000000, -1.000000000000000000, 0.000000000000000000 ) ) ;
#1577 = AXIS2_PLACEMENT_3D ( 'NONE', #4053, #2832, #4510 ) ;
#1578 = AXIS2_PLACEMENT_3D ( 'NONE', #3571, #2420, #1585 ) ;
#1579 = APPLICATION_PROTOCOL_DEFINITION ( 'draft international standard', 'automotive_design', 1998, #3581 ) ;
#1580 = CARTESIAN_POINT ( 'NONE',  ( -0.7999999999999933831, 0.2000000000000007605, 1.600000000000004086 ) ) ;
#1581 = PRODUCT_DEFINITION_SHAPE ( 'NONE', 'NONE',  #2440 ) ;
#1582 = CARTESIAN_POINT ( 'NONE',  ( 0.9081882881081577708, 0.2999999999999831690, -1.146869362221974553 ) ) ;
#1583 = CARTESIAN_POINT ( 'NONE',  ( -0.9241291360416953315, 0.2999999999999993783, -1.155703603048295447 ) ) ;
#1584 = PRODUCT_DEFINITION_FORMATION_WITH_SPECIFIED_SOURCE ( 'ANY', '', #2456, .NOT_KNOWN. ) ;
#1585 = DIRECTION ( 'NONE',  ( -1.000000000000000000, 0.000000000000000000, 0.000000000000000000 ) ) ;
#1586 = AXIS2_PLACEMENT_3D ( 'NONE', #4577, #2869, #2924 ) ;
#1587 = CARTESIAN_POINT ( 'NONE',  ( -0.8267949192431048866, 0.2999999999999995448, -0.9999999999999978906 ) ) ;
#1588 = CARTESIAN_POINT ( 'NONE',  ( -1.172884579699629892, 0.2999999999999991562, 0.01215846007493515298 ) ) ;
#1589 = EDGE_CURVE ( 'NONE', #2060, #5086, #704, .T. ) ;
#1590 = APPLICATION_CONTEXT ( 'automotive_design' ) ;
#1591 = CARTESIAN_POINT ( 'NONE',  ( 0.2000000000000074218, 0.2000000000000015099, -0.3999999999999979683 ) ) ;
#1592 = CARTESIAN_POINT ( 'NONE',  ( -1.826794919243105664, 0.2999999999999989342, 2.000000000000005329 ) ) ;
#1593 = CARTESIAN_POINT ( 'NONE',  ( -1.943065483971884166, 0.2999999999999983791, 0.1647248279164842399 ) ) ;
#1594 = CARTESIAN_POINT ( 'NONE',  ( 0.000000000000000000, 0.000000000000000000, 0.000000000000000000 ) ) ;
#1595 = CARTESIAN_POINT ( 'NONE',  ( 1.800000000000010481, 0.2000000000000029809, 0.6000000000000026423 ) ) ;
#1596 = CARTESIAN_POINT ( 'NONE',  ( 0.8000000000000072609, 0.2000000000000021760, -1.999999999999998668 ) ) ;
#1597 = CARTESIAN_POINT ( 'NONE',  ( -1.799999999999994271, 0.2000000000000000666, -0.9999999999999978906 ) ) ;
#1598 = CARTESIAN_POINT ( 'NONE',  ( 0.1732050807568960293, 0.3000000000000002665, -0.9999999999999976685 ) ) ;
#1599 = CARTESIAN_POINT ( 'NONE',  ( -0.1999999999999935996, 0.2000000000000014266, -1.999999999999998668 ) ) ;
#1600 = VERTEX_POINT ( 'NONE', #3453 ) ;
#1601 = PRESENTATION_STYLE_ASSIGNMENT (( #3217 ) ) ;
#1602 = DIRECTION ( 'NONE',  ( 6.866613759074861087E-16, -1.000000000000000000, 0.000000000000000000 ) ) ;
#1603 = DIRECTION ( 'NONE',  ( 6.776263578034402713E-16, -1.000000000000000000, 0.000000000000000000 ) ) ;
#1604 = CARTESIAN_POINT ( 'NONE',  ( 1.851791196380858873, 0.2999999999992790101, -1.908294173700223917 ) ) ;
#1605 =( LENGTH_UNIT ( ) NAMED_UNIT ( * ) SI_UNIT ( .MILLI., .METRE. ) );
#1606 = APPLICATION_PROTOCOL_DEFINITION ( 'draft international standard', 'automotive_design', 1998, #1119 ) ;
#1607 = FILL_AREA_STYLE ('',( #1706 ) ) ;
#1608 = CARTESIAN_POINT ( 'NONE',  ( 3.000000000000002665, 0.3000000000000020428, 3.000000000000002220 ) ) ;
#1609 = CARTESIAN_POINT ( 'NONE',  ( 0.9067021985691853248, 0.3000000000000005995, 0.1472118483534687328 ) ) ;
#1610 = SURFACE_STYLE_FILL_AREA ( #4436 ) ;
#1611 = CARTESIAN_POINT ( 'NONE',  ( -1.173205080756883234, 0.2999999999999991562, -0.01938576919981068944 ) ) ;
#1612 = CARTESIAN_POINT ( 'NONE',  ( -1.836558698724734873, 0.2999999999999989342, 2.057331850113621741 ) ) ;
#1613 = DIRECTION ( 'NONE',  ( 0.000000000000000000, 0.000000000000000000, 1.000000000000000000 ) ) ;
#1614 = CARTESIAN_POINT ( 'NONE',  ( -0.1999999999999935996, 1.000000000000003331, -0.3999999999999978018 ) ) ;
#1615 = EDGE_CURVE ( 'NONE', #4730, #1651, #3682, .T. ) ;
#1616 = CARTESIAN_POINT ( 'NONE',  ( 2.200000000000011724, 0.2000000000000029254, 3.060259018942359918E-15 ) ) ;
#1617 = CARTESIAN_POINT ( 'NONE',  ( -1.864749245098750841, 0.2999999999999987677, 0.1081999690325498864 ) ) ;
#1618 = PRODUCT ( 'MT25QL256ABA8E12-1SIT TR_23', 'MT25QL256ABA8E12-1SIT TR_23', '', ( #3347 ) ) ;
#1619 = VERTEX_POINT ( 'NONE', #3871 ) ;
#1620 = DIRECTION ( 'NONE',  ( 1.000000000000000000, 0.000000000000000000, 0.000000000000000000 ) ) ;
#1621 = FACE_OUTER_BOUND ( 'NONE', #1423, .T. ) ;
#1622 = LINE ( 'NONE', #5214, #2502 ) ;
#1623 = CARTESIAN_POINT ( 'NONE',  ( -1.829790764317901663, 0.2999999999999987121, -0.03747831554357222705 ) ) ;
#1624 = DIRECTION ( 'NONE',  ( -1.000000000000000000, 0.000000000000000000, 0.000000000000000000 ) ) ;
#1625 =( BOUNDED_SURFACE ( )  B_SPLINE_SURFACE ( 3, 3, ( 
 ( #3409, #3799, #2625, #174 ),
 ( #5005, #3009, #595, #4635 ),
 ( #3825, #1449, #1801, #3433 ),
 ( #2228, #226, #1835, #3062 ) ),
 .UNSPECIFIED., .F., .F., .F. ) 
 B_SPLINE_SURFACE_WITH_KNOTS ( ( 4, 4 ),
 ( 4, 4 ),
 ( 0.000000000000000000, 1.000000000000000000 ),
 ( 0.000000000000000000, 1.000000000000000000 ),
 .UNSPECIFIED. ) 
 GEOMETRIC_REPRESENTATION_ITEM ( )  RATIONAL_B_SPLINE_SURFACE ( (
 ( 1.000000000000000000, 0.3333333333333334259, 0.3333333333333334259, 1.000000000000000000),
 ( 0.3333333333333333703, 0.1111111111111111605, 0.1111111111111111605, 0.3333333333333333703),
 ( 0.3333333333333333703, 0.1111111111111111605, 0.1111111111111111605, 0.3333333333333333703),
 ( 1.000000000000000000, 0.3333333333333334259, 0.3333333333333334259, 1.000000000000000000) ) ) 
 REPRESENTATION_ITEM ( '' )  SURFACE ( )  );
#1626 = PRODUCT_DEFINITION_SHAPE ( 'NONE', 'NONE',  #5252 ) ;
#1627 = EDGE_LOOP ( 'NONE', ( #5158, #2172, #651 ) ) ;
#1628 = CARTESIAN_POINT ( 'NONE',  ( -0.1482088036191449854, 0.2999999999992778443, 1.091705826299778970 ) ) ;
#1629 = CARTESIAN_POINT ( 'NONE',  ( 1.800000000000010258, 0.2000000000000028422, -0.9999999999999978906 ) ) ;
#1630 = CARTESIAN_POINT ( 'NONE',  ( -1.199999999999994182, 0.2000000000000008438, 0.6000000000000026423 ) ) ;
#1631 = CARTESIAN_POINT ( 'NONE',  ( -0.8267949192431048866, 0.2999999999999991007, 2.019385769199819158 ) ) ;
#1632 = CARTESIAN_POINT ( 'NONE',  ( 0.09181171189185680093, 0.2999999999999823919, 2.146869362221981881 ) ) ;
#1633 = CARTESIAN_POINT ( 'NONE',  ( -2.199999999999995737, 0.2000000000000000666, 2.000000000000005329 ) ) ;
#1634 = CARTESIAN_POINT ( 'NONE',  ( -1.163441301275254247, 0.2999999999999991007, -0.05733185011361308786 ) ) ;
#1635 = CARTESIAN_POINT ( 'NONE',  ( -0.1999999999999931277, 1.000000000000002220, -1.399999999999997913 ) ) ;
#1636 = CARTESIAN_POINT ( 'NONE',  ( 0.2000000000000074496, 0.2000000000000014544, 2.000000000000005329 ) ) ;
#1637 = CARTESIAN_POINT ( 'NONE',  ( 1.075870863958306556, 0.3000000000000005995, 1.844296396951707662 ) ) ;
#1638 = CARTESIAN_POINT ( 'NONE',  ( -0.1999999999999935718, 0.2000000000000014266, -1.999999999999998668 ) ) ;
#1639 = CARTESIAN_POINT ( 'NONE',  ( -2.000799790377879361, 0.2999999999999984346, 1.174284733648193413 ) ) ;
#1640 = CARTESIAN_POINT ( 'NONE',  ( 1.961978405171878714, 0.3000000000000013767, -2.168980348936571545 ) ) ;
#1641 = CIRCLE ( 'NONE', #3588, 0.2000000000000005107 ) ;
#1642 = ORIENTED_EDGE ( 'NONE', *, *, #5226, .F. ) ;
#1643 = CARTESIAN_POINT ( 'NONE',  ( 2.200000000000011724, 0.2000000000000030087, 1.400000000000005018 ) ) ;
#1644 = CIRCLE ( 'NONE', #1814, 0.2000000000000005107 ) ;
#1645 = CARTESIAN_POINT ( 'NONE',  ( 1.157024503285023709, 0.3000000000000009881, 2.075624820102687451 ) ) ;
#1646 = CARTESIAN_POINT ( 'NONE',  ( 0.1634413012752670147, 0.3000000000000003775, -1.942668149886382478 ) ) ;
#1647 = CARTESIAN_POINT ( 'NONE',  ( -3.000000000000000888, 1.200000000000001954, 4.000000000000000000 ) ) ;
#1648 = CARTESIAN_POINT ( 'NONE',  ( -0.8277537665308540848, 0.2999999999999988787, -2.018199864166938973 ) ) ;
#1649 = ADVANCED_FACE ( 'NONE', ( #3475 ), #1485, .F. ) ;
#1650 = VECTOR ( 'NONE', #3776, 1000.000000000000000 ) ;
#1651 = VERTEX_POINT ( 'NONE', #317 ) ;
#1652 = CARTESIAN_POINT ( 'NONE',  ( -0.7999999999999933831, 0.2000000000000007883, -1.999999999999998668 ) ) ;
#1653 = CARTESIAN_POINT ( 'NONE',  ( -2.100000000000000533, 1.099999999999998312, -3.399999999999999467 ) ) ;
#1654 = CARTESIAN_POINT ( 'NONE',  ( 1.800000000000010481, 0.2000000000000028977, -1.399999999999998801 ) ) ;
#1655 = CARTESIAN_POINT ( 'NONE',  ( -0.05693451602810397499, 0.2999999999999998779, 1.835275172083524087 ) ) ;
#1656 =( BOUNDED_SURFACE ( )  B_SPLINE_SURFACE ( 3, 3, ( 
 ( #793, #512, #535, #1676 ),
 ( #4140, #489, #3664, #4485 ),
 ( #935, #1700, #3719, #852 ),
 ( #146, #33, #2547, #2121 ) ),
 .UNSPECIFIED., .F., .F., .F. ) 
 B_SPLINE_SURFACE_WITH_KNOTS ( ( 4, 4 ),
 ( 4, 4 ),
 ( 0.000000000000000000, 1.000000000000000000 ),
 ( 0.000000000000000000, 1.000000000000000000 ),
 .UNSPECIFIED. ) 
 GEOMETRIC_REPRESENTATION_ITEM ( )  RATIONAL_B_SPLINE_SURFACE ( (
 ( 1.000000000000000000, 0.3333333333333334259, 0.3333333333333334259, 1.000000000000000000),
 ( 0.3333333333333333703, 0.1111111111111111605, 0.1111111111111111605, 0.3333333333333333703),
 ( 0.3333333333333333703, 0.1111111111111111605, 0.1111111111111111605, 0.3333333333333333703),
 ( 1.000000000000000000, 0.3333333333333334259, 0.3333333333333334259, 1.000000000000000000) ) ) 
 REPRESENTATION_ITEM ( '' )  SURFACE ( )  );
#1657 = AXIS2_PLACEMENT_3D ( 'NONE', #1473, #3506, #2705 ) ;
#1658 = CARTESIAN_POINT ( 'NONE',  ( -0.7999999999999933831, 0.2000000000000007883, 1.000000000000003775 ) ) ;
#1659 = CARTESIAN_POINT ( 'NONE',  ( -0.8647492450987496193, 0.2999999999999992673, 2.108199969032551468 ) ) ;
#1660 = CARTESIAN_POINT ( 'NONE',  ( 0.01910867362817526491, 0.2999999999999996003, 2.173235869956666289 ) ) ;
#1661 = CARTESIAN_POINT ( 'NONE',  ( 2.173205080756900109, 0.3000000000000016542, 1.000000000000003997 ) ) ;
#1662 = STYLED_ITEM ( 'NONE', ( #2936 ), #4525 ) ;
#1663 = UNCERTAINTY_MEASURE_WITH_UNIT (LENGTH_MEASURE( 1.000000000000000082E-05 ), #1675, 'distance_accuracy_value', 'NONE');
#1664 =( REPRESENTATION_RELATIONSHIP ('NONE','NONE', #2642, #4135 ) REPRESENTATION_RELATIONSHIP_WITH_TRANSFORMATION ( #3068 )SHAPE_REPRESENTATION_RELATIONSHIP( ) );
#1665 = ORIENTED_EDGE ( 'NONE', *, *, #3407, .T. ) ;
#1666 = DIRECTION ( 'NONE',  ( -1.000000000000000000, 0.000000000000000000, 0.000000000000000000 ) ) ;
#1667 = CARTESIAN_POINT ( 'NONE',  ( -1.826794919243105664, 0.2999999999999987121, 0.9939249650772301603 ) ) ;
#1668 = CIRCLE ( 'NONE', #5236, 0.2000000000000005107 ) ;
#1669 = DIRECTION ( 'NONE',  ( 0.000000000000000000, -1.000000000000000000, 0.000000000000000000 ) ) ;
#1670 = ORIENTED_EDGE ( 'NONE', *, *, #2375, .F. ) ;
#1671 = DIRECTION ( 'NONE',  ( 0.000000000000000000, 0.000000000000000000, 1.000000000000000000 ) ) ;
#1672 = FACE_OUTER_BOUND ( 'NONE', #3137, .T. ) ;
#1673 = PRODUCT_DEFINITION ( 'UNKNOWN', '', #3374, #2560 ) ;
#1674 = CARTESIAN_POINT ( 'NONE',  ( 0.9415560735142325388, 0.3000000000000004885, 2.164195357743134984 ) ) ;
#1675 =( LENGTH_UNIT ( ) NAMED_UNIT ( * ) SI_UNIT ( .MILLI., .METRE. ) );
#1676 = CARTESIAN_POINT ( 'NONE',  ( -2.199999999999995293, 0.2000000000000000666, 3.035766082959412810E-15 ) ) ;
#1677 = CARTESIAN_POINT ( 'NONE',  ( -0.8434877514271454935, 0.2999999999992766786, -2.074188382154777965 ) ) ;
#1678 = ORIENTED_EDGE ( 'NONE', *, *, #1615, .T. ) ;
#1679 = EDGE_CURVE ( 'NONE', #2477, #3885, #2745, .T. ) ;
#1680 = FACE_OUTER_BOUND ( 'NONE', #2369, .T. ) ;
#1681 = LINE ( 'NONE', #3304, #964 ) ;
#1682 = CARTESIAN_POINT ( 'NONE',  ( -0.07537353614018804659, 0.2999999999999823919, 1.842854722956137170 ) ) ;
#1683 = ITEM_DEFINED_TRANSFORMATION ( 'NONE', 'NONE', #4894,  #1744 ) ;
#1684 = CARTESIAN_POINT ( 'NONE',  ( -0.8301419007344897905, 0.2999999999999991007, 2.039038880124555586 ) ) ;
#1685 = CARTESIAN_POINT ( 'NONE',  ( 1.020055168629750542, 0.3000000000000006550, 0.8279599168471727388 ) ) ;
#1686 = SURFACE_STYLE_USAGE ( .BOTH. , #523 ) ;
#1687 = CARTESIAN_POINT ( 'NONE',  ( -1.091811711891844006, 0.2999999999999817257, -0.1468693622219736927 ) ) ;
#1688 = APPLICATION_CONTEXT ( 'automotive_design' ) ;
#1689 = VERTEX_POINT ( 'NONE', #1033 ) ;
#1690 = CARTESIAN_POINT ( 'NONE',  ( 3.000000000000002665, 0.3000000000000020428, 4.000000000000003553 ) ) ;
#1691 = CARTESIAN_POINT ( 'NONE',  ( 0.2000000000000074774, 0.2000000000000014266, -1.999999999999998668 ) ) ;
#1692 = CARTESIAN_POINT ( 'NONE',  ( -1.826794919243105664, 0.2999999999999987121, 1.000000000000004219 ) ) ;
#1693 = DIRECTION ( 'NONE',  ( 0.000000000000000000, 0.000000000000000000, 1.000000000000000000 ) ) ;
#1694 = CARTESIAN_POINT ( 'NONE',  ( -2.156512248572842960, 0.2999999999992764566, 0.07418838215478271159 ) ) ;
#1695 = ORIENTED_EDGE ( 'NONE', *, *, #2986, .F. ) ;
#1696 = APPLICATION_PROTOCOL_DEFINITION ( 'draft international standard', 'automotive_design', 1998, #1287 ) ;
#1697 = CARTESIAN_POINT ( 'NONE',  ( 1.826794919243121651, 0.3000000000000013212, 3.062871137271550026E-15 ) ) ;
#1698 = CARTESIAN_POINT ( 'NONE',  ( 1.941556073514235869, 0.3000000000000012657, -0.8358046422568683465 ) ) ;
#1699 =( NAMED_UNIT ( * ) SI_UNIT ( $, .STERADIAN. ) SOLID_ANGLE_UNIT ( ) );
#1700 = CARTESIAN_POINT ( 'NONE',  ( -1.799999999999994271, -0.6000000000000018652, -0.3999999999999979683 ) ) ;
#1701 = CARTESIAN_POINT ( 'NONE',  ( -1.169858099265498330, 0.2999999999999992117, -2.039038880124549813 ) ) ;
#1702 = ORIENTED_EDGE ( 'NONE', *, *, #2780, .F. ) ;
#1703 = CARTESIAN_POINT ( 'NONE',  ( -0.1570245032850091094, 0.2999999999999998224, 0.9243751798973224298 ) ) ;
#1704 = EDGE_CURVE ( 'NONE', #1935, #854, #3526, .T. ) ;
#1705 = CONTEXT_DEPENDENT_SHAPE_REPRESENTATION ( #484, #1003 ) ;
#1706 = FILL_AREA_STYLE_COLOUR ( '', #3515 ) ;
#1707 = DIRECTION ( 'NONE',  ( -0.7071067811865474617, -4.878660871265279959E-16, 0.7071067811865474617 ) ) ;
#1708 = CARTESIAN_POINT ( 'NONE',  ( 0.9808913263718397335, 0.3000000000000005995, 0.8267641300433429263 ) ) ;
#1709 = CARTESIAN_POINT ( 'NONE',  ( 2.108249887643489640, 0.2999999999999839462, 1.136593447400105816 ) ) ;
#1710 = UNCERTAINTY_MEASURE_WITH_UNIT (LENGTH_MEASURE( 1.000000000000000082E-05 ), #1787, 'distance_accuracy_value', 'NONE');
#1711 = EDGE_CURVE ( 'NONE', #1689, #3315, #5053, .T. ) ;
#1712 = ORIENTED_EDGE ( 'NONE', *, *, #735, .T. ) ;
#1713 = CARTESIAN_POINT ( 'NONE',  ( 2.200000000000010836, 1.000000000000003331, -0.5999999999999973133 ) ) ;
#1714 = CARTESIAN_POINT ( 'NONE',  ( -1.799999999999994271, -0.6000000000000019762, 0.6000000000000029754 ) ) ;
#1715 = CARTESIAN_POINT ( 'NONE',  ( 1.800000000000010481, 0.2000000000000028144, 0.4000000000000040190 ) ) ;
#1716 = CARTESIAN_POINT ( 'NONE',  ( 1.800000000000010258, -0.5999999999999989786, -2.399999999999999911 ) ) ;
#1717 = ORIENTED_EDGE ( 'NONE', *, *, #1679, .T. ) ;
#1718 = PRODUCT_CONTEXT ( 'NONE', #3721, 'mechanical' ) ;
#1719 = DIRECTION ( 'NONE',  ( -1.000000000000000000, 0.000000000000000000, 0.000000000000000000 ) ) ;
#1720 = CARTESIAN_POINT ( 'NONE',  ( 0.1732050807568960293, 0.3000000000000001554, 0.01938576919981681995 ) ) ;
#1721 = DIRECTION ( 'NONE',  ( -1.000000000000000000, 0.000000000000000000, -0.000000000000000000 ) ) ;
#1722 = CARTESIAN_POINT ( 'NONE',  ( -1.108249887643472542, 0.2999999999999817257, -2.136593447400100931 ) ) ;
#1723 = EDGE_LOOP ( 'NONE', ( #2298, #3831 ) ) ;
#1724 = STYLED_ITEM ( 'NONE', ( #1043 ), #1038 ) ;
#1725 = CARTESIAN_POINT ( 'NONE',  ( -0.1732050807568823181, 0.2999999999999998779, 1.000000000000003997 ) ) ;
#1726 = CARTESIAN_POINT ( 'NONE',  ( 0.2000000000000074496, 0.2000000000000014544, -1.999999999999998668 ) ) ;
#1727 = CARTESIAN_POINT ( 'NONE',  ( 0.1702092356821003627, 0.3000000000000000444, 1.962521684456430382 ) ) ;
#1728 = CARTESIAN_POINT ( 'NONE',  ( -0.9808913263718258557, 0.2999999999999991007, 0.1732358699566638738 ) ) ;
#1729 = ITEM_DEFINED_TRANSFORMATION ( 'NONE', 'NONE', #904,  #1744 ) ;
#1730 = COLOUR_RGB ( '',0.7921568627450980005, 0.8196078431372548767, 0.9333333333333333481 ) ;
#1731 = CARTESIAN_POINT ( 'NONE',  ( 2.200000000000007727, 0.2000000000000027589, 2.400000000000006128 ) ) ;
#1732 = CARTESIAN_POINT ( 'NONE',  ( 1.170209235682101223, 0.3000000000000006550, 0.9625216844564287166 ) ) ;
#1733 = DIRECTION ( 'NONE',  ( 1.000000000000000000, 6.899468370362298344E-16, 0.000000000000000000 ) ) ;
#1734 = ADVANCED_FACE ( 'NONE', ( #3630, #393 ), #4193, .T. ) ;
#1735 = FACE_OUTER_BOUND ( 'NONE', #3617, .T. ) ;
#1736 = CARTESIAN_POINT ( 'NONE',  ( -1.173205080756883012, 0.2999999999999993228, 1.000000000000003997 ) ) ;
#1737 = CARTESIAN_POINT ( 'NONE',  ( 0.2000000000000074218, 0.2000000000000014266, -2.399999999999999911 ) ) ;
#1738 = LINE ( 'NONE', #4674, #2671 ) ;
#1739 =( GEOMETRIC_REPRESENTATION_CONTEXT ( 3 ) GLOBAL_UNCERTAINTY_ASSIGNED_CONTEXT ( ( #4085 ) ) GLOBAL_UNIT_ASSIGNED_CONTEXT ( ( #3634, #240, #4074 ) ) REPRESENTATION_CONTEXT ( 'NONE', 'WORKASPACE' ) );
#1740 =( GEOMETRIC_REPRESENTATION_CONTEXT ( 3 ) GLOBAL_UNCERTAINTY_ASSIGNED_CONTEXT ( ( #1299 ) ) GLOBAL_UNIT_ASSIGNED_CONTEXT ( ( #158, #3311, #2160 ) ) REPRESENTATION_CONTEXT ( 'NONE', 'WORKASPACE' ) );
#1741 = EDGE_CURVE ( 'NONE', #1541, #3842, #2575, .T. ) ;
#1742 = CARTESIAN_POINT ( 'NONE',  ( -1.020055168629736331, 0.2999999999999992673, -0.8279599168471664106 ) ) ;
#1743 = AXIS2_PLACEMENT_3D ( 'NONE', #2591, #583, #4965 ) ;
#1744 = AXIS2_PLACEMENT_3D ( 'NONE', #5183, #1613, #1216 ) ;
#1745 = PRODUCT_DEFINITION_SHAPE ( 'NONE', 'NONE',  #3491 ) ;
#1746 = EDGE_LOOP ( 'NONE', ( #2042, #165 ) ) ;
#1747 = PRODUCT_CONTEXT ( 'NONE', #2092, 'mechanical' ) ;
#1748 = CARTESIAN_POINT ( 'NONE',  ( -1.799999999999994271, 0.2000000000000000389, -0.9999999999999978906 ) ) ;
#1749 = APPLICATION_CONTEXT ( 'automotive_design' ) ;
#1750 = CARTESIAN_POINT ( 'NONE',  ( 0.1698580992655111532, 0.3000000000000000444, 0.03903888012455384443 ) ) ;
#1751 = CARTESIAN_POINT ( 'NONE',  ( 1.200000000000008393, 0.2000000000000022315, 0.6000000000000026423 ) ) ;
#1752 = CARTESIAN_POINT ( 'NONE',  ( -0.1999999999999935718, 0.2000000000000014544, -0.9999999999999978906 ) ) ;
#1753 = CARTESIAN_POINT ( 'NONE',  ( -2.075373536140189490, 0.2999999999999810041, 0.8428547229561358378 ) ) ;
#1754 = ORIENTED_EDGE ( 'NONE', *, *, #4009, .F. ) ;
#1755 = CARTESIAN_POINT ( 'NONE',  ( -1.799999999999994271, 0.2000000000000000666, 2.000000000000005329 ) ) ;
#1756 = FACE_OUTER_BOUND ( 'NONE', #4239, .T. ) ;
#1757 = FILL_AREA_STYLE_COLOUR ( '', #2657 ) ;
#1758 = CARTESIAN_POINT ( 'NONE',  ( -2.136766436603460217, 0.2999999999999982681, 2.108031244861215736 ) ) ;
#1759 = CONTEXT_DEPENDENT_SHAPE_REPRESENTATION ( #3493, #2805 ) ;
#1760 = CARTESIAN_POINT ( 'NONE',  ( -1.199999999999994404, 0.2000000000000007605, 2.000000000000005329 ) ) ;
#1761 = CARTESIAN_POINT ( 'NONE',  ( -1.075870863958292567, 0.2999999999999992673, 2.155703603048302774 ) ) ;
#1762 = CARTESIAN_POINT ( 'NONE',  ( -1.799999999999994271, 0.2000000000000000389, 1.000000000000003775 ) ) ;
#1763 =( LENGTH_UNIT ( ) NAMED_UNIT ( * ) SI_UNIT ( .MILLI., .METRE. ) );
#1764 = CARTESIAN_POINT ( 'NONE',  ( -2.173205080756884122, 0.2999999999999983791, 2.000000000000005329 ) ) ;
#1765 = PRODUCT_DEFINITION ( 'UNKNOWN', '', #68, #4257 ) ;
#1766 = CARTESIAN_POINT ( 'NONE',  ( -1.169858099265498330, 0.2999999999999992117, 0.9609611198754530736 ) ) ;
#1767 = LINE ( 'NONE', #3420, #2397 ) ;
#1768 = CARTESIAN_POINT ( 'NONE',  ( 0.9619784051718757167, 0.3000000000000004885, -0.1689803489365697131 ) ) ;
#1769 = CARTESIAN_POINT ( 'NONE',  ( 1.800000000000010481, 0.2000000000000028144, -1.599999999999997424 ) ) ;
#1770 = EDGE_CURVE ( 'NONE', #346, #4580, #5009, .T. ) ;
#1771 = ORIENTED_EDGE ( 'NONE', *, *, #2106, .T. ) ;
#1772 = APPLICATION_PROTOCOL_DEFINITION ( 'draft international standard', 'automotive_design', 1998, #1487 ) ;
#1773 = CARTESIAN_POINT ( 'NONE',  ( 1.843487751427162147, 0.2999999999992792321, 0.07418838215478244791 ) ) ;
#1774 = CARTESIAN_POINT ( 'NONE',  ( -0.1732050807568822903, 0.2999999999999999334, 3.062871137271550026E-15 ) ) ;
#1775 = CARTESIAN_POINT ( 'NONE',  ( 0.8905010467760440251, 0.3000000000000001554, -1.864405799200977931 ) ) ;
#1776 = CARTESIAN_POINT ( 'NONE',  ( -1.924129136041696109, 0.2999999999999985456, 0.8442963969517063294 ) ) ;
#1777 = EDGE_LOOP ( 'NONE', ( #4550, #4764 ) ) ;
#1778 = CARTESIAN_POINT ( 'NONE',  ( -2.199999999999995293, 0.2000000000000000389, 2.000000000000005329 ) ) ;
#1779 = CARTESIAN_POINT ( 'NONE',  ( 0.05844392648578191490, 0.2999999999999999889, 0.8358046422568744527 ) ) ;
#1780 = FACE_OUTER_BOUND ( 'NONE', #3524, .T. ) ;
#1781 = CARTESIAN_POINT ( 'NONE',  ( 1.842975496714990946, 0.3000000000000012101, 1.924375179897323873 ) ) ;
#1782 =( BOUNDED_SURFACE ( )  B_SPLINE_SURFACE ( 3, 3, ( 
 ( #2689, #676, #2284, #3957 ),
 ( #1936, #748, #773, #2354 ),
 ( #355, #797, #1237, #381 ),
 ( #2843, #1652, #3619, #2436 ) ),
 .UNSPECIFIED., .F., .F., .T. ) 
 B_SPLINE_SURFACE_WITH_KNOTS ( ( 4, 4 ),
 ( 4, 4 ),
 ( 0.000000000000000000, 1.000000000000000000 ),
 ( 0.000000000000000000, 1.000000000000000000 ),
 .UNSPECIFIED. ) 
 GEOMETRIC_REPRESENTATION_ITEM ( )  RATIONAL_B_SPLINE_SURFACE ( (
 ( 1.000000000000000000, 0.3333333333333335369, 0.3333333333333335369, 1.000000000000000000),
 ( 0.3333333333333333703, 0.1111111111111111882, 0.1111111111111111882, 0.3333333333333333703),
 ( 0.3333333333333333703, 0.1111111111111111882, 0.1111111111111111882, 0.3333333333333333703),
 ( 1.000000000000000000, 0.3333333333333335369, 0.3333333333333335369, 1.000000000000000000) ) ) 
 REPRESENTATION_ITEM ( '' )  SURFACE ( )  );
#1783 = ITEM_DEFINED_TRANSFORMATION ( 'NONE', 'NONE', #3450,  #1744 ) ;
#1784 = CARTESIAN_POINT ( 'NONE',  ( 1.908188288108160879, 0.2999999999999837241, -0.1468693622219736650 ) ) ;
#1785 = DIRECTION ( 'NONE',  ( -6.938893903907227392E-16, 1.000000000000000000, 0.000000000000000000 ) ) ;
#1786 = CARTESIAN_POINT ( 'NONE',  ( -2.199999999999994849, 0.2000000000000001776, 1.400000000000005018 ) ) ;
#1787 =( LENGTH_UNIT ( ) NAMED_UNIT ( * ) SI_UNIT ( .MILLI., .METRE. ) );
#1788 = CARTESIAN_POINT ( 'NONE',  ( -2.169858099265499440, 0.2999999999999982681, 1.960961119875454406 ) ) ;
#1789 = CARTESIAN_POINT ( 'NONE',  ( 2.200000000000011280, 0.2000000000000028422, -1.999999999999998668 ) ) ;
#1790 = CARTESIAN_POINT ( 'NONE',  ( -0.9999999999999940048, 0.2000000000000007605, 3.035766082959412415E-15 ) ) ;
#1791 =( LENGTH_UNIT ( ) NAMED_UNIT ( * ) SI_UNIT ( .MILLI., .METRE. ) );
#1792 = CARTESIAN_POINT ( 'NONE',  ( 1.979944831370268554, 0.3000000000000012657, -0.8279599168471664106 ) ) ;
#1793 = CARTESIAN_POINT ( 'NONE',  ( 1.800000000000010481, 0.2000000000000028977, -2.399999999999999911 ) ) ;
#1794 = VERTEX_POINT ( 'NONE', #5035 ) ;
#1795 = PRODUCT_CONTEXT ( 'NONE', #3457, 'mechanical' ) ;
#1796 = PRODUCT_DEFINITION_SHAPE ( 'NONE', 'NONE',  #5243 ) ;
#1797 = CARTESIAN_POINT ( 'NONE',  ( 1.200000000000008393, 1.000000000000004663, 1.600000000000004752 ) ) ;
#1798 = CARTESIAN_POINT ( 'NONE',  ( -0.1648156935264674383, 0.2999999999992778443, 0.05667093800993632663 ) ) ;
#1799 = CARTESIAN_POINT ( 'NONE',  ( 1.200000000000008393, 0.2000000000000021483, 2.000000000000005329 ) ) ;
#1800 = ORIENTED_EDGE ( 'NONE', *, *, #3441, .F. ) ;
#1801 = CARTESIAN_POINT ( 'NONE',  ( -0.7999999999999936051, -0.6000000000000009770, 0.4000000000000039080 ) ) ;
#1802 = CLOSED_SHELL ( 'NONE', ( #27, #1036, #162 ) ) ;
#1803 = CARTESIAN_POINT ( 'NONE',  ( 0.1367664366034724022, 0.2999999999999999889, 0.8919687551387933677 ) ) ;
#1804 = CARTESIAN_POINT ( 'NONE',  ( -1.199999999999994404, 0.2000000000000007605, -1.999999999999998668 ) ) ;
#1805 = CARTESIAN_POINT ( 'NONE',  ( -0.7999999999999933831, 0.2000000000000008993, -0.3999999999999979683 ) ) ;
#1806 = EDGE_CURVE ( 'NONE', #4945, #707, #2747, .T. ) ;
#1807 = CARTESIAN_POINT ( 'NONE',  ( 2.123132694913688390, 0.3000000000000012657, 1.878187277169856007 ) ) ;
#1808 = VECTOR ( 'NONE', #5085, 1000.000000000000000 ) ;
#1809 = EDGE_LOOP ( 'NONE', ( #4425, #1113 ) ) ;
#1810 = SURFACE_SIDE_STYLE ('',( #2236 ) ) ;
#1811 = CARTESIAN_POINT ( 'NONE',  ( 2.200000000000007283, 0.2000000000000028422, 2.000000000000005329 ) ) ;
#1812 = CARTESIAN_POINT ( 'NONE',  ( -1.799999999999994493, 0.2000000000000001776, 0.6000000000000026423 ) ) ;
#1813 = CARTESIAN_POINT ( 'NONE',  ( 1.000000000000007772, 0.2000000000000021760, 1.000000000000003997 ) ) ;
#1814 = AXIS2_PLACEMENT_3D ( 'NONE', #530, #4538, #2593 ) ;
#1815 = AXIS2_PLACEMENT_3D ( 'NONE', #4944, #4142, #513 ) ;
#1816 = CARTESIAN_POINT ( 'NONE',  ( 1.851791196380854876, 0.2999999999992791211, 2.091705826299779858 ) ) ;
#1817 = DIRECTION ( 'NONE',  ( 1.000000000000000000, 6.899468370362298344E-16, 0.000000000000000000 ) ) ;
#1818 = DIRECTION ( 'NONE',  ( 1.000000000000000000, 0.000000000000000000, 0.000000000000000000 ) ) ;
#1819 = CARTESIAN_POINT ( 'NONE',  ( -2.172884579699630780, 0.2999999999999984346, -0.9878415399250657369 ) ) ;
#1820 = CARTESIAN_POINT ( 'NONE',  ( -1.172246233469133925, 0.2999999999999996003, -0.9818001358330573636 ) ) ;
#1821 =( GEOMETRIC_REPRESENTATION_CONTEXT ( 3 ) GLOBAL_UNCERTAINTY_ASSIGNED_CONTEXT ( ( #4960 ) ) GLOBAL_UNIT_ASSIGNED_CONTEXT ( ( #1128, #658, #210 ) ) REPRESENTATION_CONTEXT ( 'NONE', 'WORKASPACE' ) );
#1822 = AXIS2_PLACEMENT_3D ( 'NONE', #4246, #4194, #4662 ) ;
#1823 = B_SPLINE_CURVE_WITH_KNOTS ( 'NONE', 3,
 ( #4329, #3163, #2599, #5196, #3590, #697, #678, #282, #3219, #2306, #4351, #2356, #310, #4305, #3983, #3930, #1938, #1184, #4818, #750, #3543, #1076, #1993, #2791, #5172, #1529, #4406, #2380, #775, #4011, #722 ),
 .UNSPECIFIED., .F., .F.,
 ( 4, 3, 3, 3, 3, 3, 3, 3, 3, 3, 4 ),
 ( 0.0005414071114497595117, 0.0005995644190492004175, 0.0006577217266486414318, 0.0007158790342480352833, 0.0007740363418475243278, 0.0008321936494469656673, 0.0008903509570464068984, 0.0009485082646458481296, 0.001006665572245544473, 0.001064822879844730483, 0.001082814222899518373 ),
 .UNSPECIFIED. ) ;
#1824 =( BOUNDED_SURFACE ( )  B_SPLINE_SURFACE ( 3, 3, ( 
 ( #635, #3053, #3939, #2341 ),
 ( #2719, #5180, #5107, #1443 ),
 ( #4312, #3075, #4728, #3915 ),
 ( #4752, #3147, #2315, #1537 ) ),
 .UNSPECIFIED., .F., .F., .F. ) 
 B_SPLINE_SURFACE_WITH_KNOTS ( ( 4, 4 ),
 ( 4, 4 ),
 ( 0.000000000000000000, 1.000000000000000000 ),
 ( 0.000000000000000000, 1.000000000000000000 ),
 .UNSPECIFIED. ) 
 GEOMETRIC_REPRESENTATION_ITEM ( )  RATIONAL_B_SPLINE_SURFACE ( (
 ( 1.000000000000000000, 0.3333333333333334259, 0.3333333333333334259, 1.000000000000000000),
 ( 0.3333333333333333703, 0.1111111111111111605, 0.1111111111111111605, 0.3333333333333333703),
 ( 0.3333333333333333703, 0.1111111111111111605, 0.1111111111111111605, 0.3333333333333333703),
 ( 1.000000000000000000, 0.3333333333333334259, 0.3333333333333334259, 1.000000000000000000) ) ) 
 REPRESENTATION_ITEM ( '' )  SURFACE ( )  );
#1825 = ORIENTED_EDGE ( 'NONE', *, *, #64, .T. ) ;
#1826 =( GEOMETRIC_REPRESENTATION_CONTEXT ( 3 ) GLOBAL_UNCERTAINTY_ASSIGNED_CONTEXT ( ( #2185 ) ) GLOBAL_UNIT_ASSIGNED_CONTEXT ( ( #4333, #701, #2668 ) ) REPRESENTATION_CONTEXT ( 'NONE', 'WORKASPACE' ) );
#1827 = APPLICATION_PROTOCOL_DEFINITION ( 'draft international standard', 'automotive_design', 1998, #1145 ) ;
#1828 = AXIS2_PLACEMENT_3D ( 'NONE', #4653, #1005, #1359 ) ;
#1829 = CARTESIAN_POINT ( 'NONE',  ( -0.1722462334691330643, 0.2999999999999998779, -1.981800135833058585 ) ) ;
#1830 = CARTESIAN_POINT ( 'NONE',  ( -0.1999999999999935718, 0.2000000000000014544, 2.000000000000005329 ) ) ;
#1831 =( REPRESENTATION_RELATIONSHIP ('NONE','NONE', #2642, #5234 ) REPRESENTATION_RELATIONSHIP_WITH_TRANSFORMATION ( #1292 )SHAPE_REPRESENTATION_RELATIONSHIP( ) );
#1832 = ORIENTED_EDGE ( 'NONE', *, *, #584, .F. ) ;
#1833 = PRODUCT_RELATED_PRODUCT_CATEGORY ( 'part', '', ( #2456 ) ) ;
#1834 = PRODUCT_DEFINITION_FORMATION_WITH_SPECIFIED_SOURCE ( 'ANY', '', #3826, .NOT_KNOWN. ) ;
#1835 = CARTESIAN_POINT ( 'NONE',  ( -0.7999999999999934941, 0.2000000000000007327, 3.060259018942359918E-15 ) ) ;
#1836 = CARTESIAN_POINT ( 'NONE',  ( 1.961978405171878270, 0.3000000000000010436, -1.168980348936570657 ) ) ;
#1837 = CARTESIAN_POINT ( 'NONE',  ( -0.1999999999999935718, 0.2000000000000014266, 3.035766082959412415E-15 ) ) ;
#1838 = CARTESIAN_POINT ( 'NONE',  ( 1.924626463859815839, 0.2999999999999838352, 0.8428547229561359488 ) ) ;
#1839 = CARTESIAN_POINT ( 'NONE',  ( -1.961978405171863615, 0.2999999999999983791, 2.168980348936578206 ) ) ;
#1840 = ORIENTED_EDGE ( 'NONE', *, *, #1338, .F. ) ;
#1841 = EDGE_CURVE ( 'NONE', #4265, #3216, #2637, .T. ) ;
#1842 = CARTESIAN_POINT ( 'NONE',  ( -1.156512248572842516, 0.2999999999992770117, 2.074188382154784627 ) ) ;
#1843 = CARTESIAN_POINT ( 'NONE',  ( -0.8917501123565159116, 0.2999999999999815037, -1.863406552599896848 ) ) ;
#1844 =( NAMED_UNIT ( * ) SI_UNIT ( $, .STERADIAN. ) SOLID_ANGLE_UNIT ( ) );
#1845 = CARTESIAN_POINT ( 'NONE',  ( 2.075373536140202368, 0.2999999999999838352, 2.157145277043873044 ) ) ;
#1846 = CARTESIAN_POINT ( 'NONE',  ( 1.123132694913688834, 0.3000000000000005995, -0.1218127228301464915 ) ) ;
#1847 =( NAMED_UNIT ( * ) SI_UNIT ( $, .STERADIAN. ) SOLID_ANGLE_UNIT ( ) );
#1848 = CARTESIAN_POINT ( 'NONE',  ( 1.843487751427162147, 0.2999999999992792321, -0.9258116178452185929 ) ) ;
#1849 = CARTESIAN_POINT ( 'NONE',  ( 1.200000000000008171, -0.5999999999999998668, 0.6000000000000029754 ) ) ;
#1850 = VERTEX_POINT ( 'NONE', #153 ) ;
#1851 = APPLICATION_PROTOCOL_DEFINITION ( 'draft international standard', 'automotive_design', 1998, #3323 ) ;
#1852 = CARTESIAN_POINT ( 'NONE',  ( -2.199999999999995293, 0.2000000000000000389, -0.9999999999999978906 ) ) ;
#1853 = CARTESIAN_POINT ( 'NONE',  ( 0.8351843064735332556, 0.2999999999992788435, -1.943329061990065831 ) ) ;
#1854 = APPLICATION_CONTEXT ( 'automotive_design' ) ;
#1855 = ORIENTED_EDGE ( 'NONE', *, *, #3054, .F. ) ;
#1856 = CARTESIAN_POINT ( 'NONE',  ( 0.1367664366034719581, 0.2999999999999999889, -2.108031244861209519 ) ) ;
#1857 = CARTESIAN_POINT ( 'NONE',  ( 1.876859395782131790, 0.3000000000000009881, -1.123337746210653076 ) ) ;
#1858 = CARTESIAN_POINT ( 'NONE',  ( 0.1732050807568960293, 0.3000000000000001554, 3.062871137271550026E-15 ) ) ;
#1859 = CARTESIAN_POINT ( 'NONE',  ( 2.172246233469150578, 0.3000000000000016542, 0.9818001358330636918 ) ) ;
#1860 = CARTESIAN_POINT ( 'NONE',  ( -2.173205080756884122, 0.2999999999999983791, 2.000000000000005329 ) ) ;
#1861 = ORIENTED_EDGE ( 'NONE', *, *, #4041, .T. ) ;
#1862 = FILL_AREA_STYLE ('',( #3887 ) ) ;
#1863 = CARTESIAN_POINT ( 'NONE',  ( -1.890501046776031702, 0.2999999999999987677, -1.135594200799018960 ) ) ;
#1864 = CARTESIAN_POINT ( 'NONE',  ( -0.1565122485728415447, 0.2999999999992778443, 2.074188382154785071 ) ) ;
#1865 = FACE_BOUND ( 'NONE', #149, .T. ) ;
#1866 = PRODUCT_DEFINITION_CONTEXT ( 'detailed design', #2770, 'design' ) ;
#1867 = CARTESIAN_POINT ( 'NONE',  ( 1.826794919243117876, 0.3000000000000014322, 2.000000000000005329 ) ) ;
#1868 = CARTESIAN_POINT ( 'NONE',  ( 0.8301419007345034462, 0.3000000000000004885, -1.039038880124548703 ) ) ;
#1869 = CARTESIAN_POINT ( 'NONE',  ( -2.170209235682088345, 0.2999999999999984346, -0.9625216844564229435 ) ) ;
#1870 = CARTESIAN_POINT ( 'NONE',  ( -2.700000000000001066, 1.199999999999997957, -3.399999999999999467 ) ) ;
#1871 = EDGE_CURVE ( 'NONE', #58, #5113, #1408, .T. ) ;
#1872 = ORIENTED_EDGE ( 'NONE', *, *, #1463, .F. ) ;
#1873 = B_SPLINE_CURVE_WITH_KNOTS ( 'NONE', 3,
 ( #737, #321, #3919, #2344, #294, #5160, #3128, #4756, #4805, #1109, #2722, #2646, #1640, #2091, #481, #1220, #57, #4885, #3265, #367, #2031, #4418, #5238, #2453, #3234, #4443, #3714, #3605, #785, #2864, #4507 ),
 .UNSPECIFIED., .F., .F.,
 ( 4, 3, 3, 3, 3, 3, 3, 3, 3, 3, 4 ),
 ( 0.000000000000000000, 5.815730759944119047E-05, 0.0001163146151988825707, 0.0001744719227982754464, 0.0002326292303977651413, 0.0002907865379972070230, 0.0003489438455966475494, 0.0004071011531960892142, 0.0004652584607957853955, 0.0005234157683949717307, 0.0005414071114497601622 ),
 .UNSPECIFIED. ) ;
#1874 = CARTESIAN_POINT ( 'NONE',  ( -1.799999999999994493, 0.2000000000000000666, -1.399999999999998801 ) ) ;
#1875 = CARTESIAN_POINT ( 'NONE',  ( -0.1648156935264675216, 0.2999999999992774002, -0.9433290619900647211 ) ) ;
#1876 = ORIENTED_EDGE ( 'NONE', *, *, #3407, .F. ) ;
#1877 = CARTESIAN_POINT ( 'NONE',  ( 0.07587086395830519581, 0.3000000000000003220, -2.155703603048296557 ) ) ;
#1878 = CARTESIAN_POINT ( 'NONE',  ( -1.108249887643472542, 0.2999999999999817257, 1.863406552599903288 ) ) ;
#1879 = FILL_AREA_STYLE_COLOUR ( '', #214 ) ;
#1880 = CARTESIAN_POINT ( 'NONE',  ( 1.842975496714994721, 0.3000000000000012101, 0.9243751798973223188 ) ) ;
#1881 = FACE_OUTER_BOUND ( 'NONE', #1444, .T. ) ;
#1882 = ORIENTED_EDGE ( 'NONE', *, *, #906, .T. ) ;
#1883 =( LENGTH_UNIT ( ) NAMED_UNIT ( * ) SI_UNIT ( .MILLI., .METRE. ) );
#1884 = CARTESIAN_POINT ( 'NONE',  ( 1.000000000000000666, 0.3000000000000006550, 4.000000000000003553 ) ) ;
#1885 = CARTESIAN_POINT ( 'NONE',  ( -1.173205080756883234, 0.2999999999999991562, 3.062871137271550026E-15 ) ) ;
#1886 =( NAMED_UNIT ( * ) PLANE_ANGLE_UNIT ( ) SI_UNIT ( $, .RADIAN. ) );
#1887 = VECTOR ( 'NONE', #1928, 1000.000000000000000 ) ;
#1888 = CARTESIAN_POINT ( 'NONE',  ( -1.199999999999994404, -0.6000000000000010880, 2.400000000000006573 ) ) ;
#1889 = PRODUCT_RELATED_PRODUCT_CATEGORY ( 'part', '', ( #4502 ) ) ;
#1890 = CARTESIAN_POINT ( 'NONE',  ( 0.8429754967149917233, 0.3000000000000004885, -1.075624820102679235 ) ) ;
#1891 = DIRECTION ( 'NONE',  ( -1.000000000000000000, 0.000000000000000000, 0.000000000000000000 ) ) ;
#1892 = SHAPE_REPRESENTATION_RELATIONSHIP ( 'NONE' , 'NONE' ,  #3371, #4354 ) ;
#1893 = CARTESIAN_POINT ( 'NONE',  ( -0.7999999999999933831, 0.2000000000000007605, -2.399999999999999911 ) ) ;
#1894 = DIRECTION ( 'NONE',  ( 6.866613759074861087E-16, -1.000000000000000000, 0.000000000000000000 ) ) ;
#1895 = AXIS2_PLACEMENT_3D ( 'NONE', #745, #694, #1204 ) ;
#1896 = EDGE_LOOP ( 'NONE', ( #2526, #1712 ) ) ;
#1897 = EDGE_CURVE ( 'NONE', #4898, #3681, #3596, .T. ) ;
#1898 = CARTESIAN_POINT ( 'NONE',  ( 1.200000000000007949, 0.2000000000000022593, -1.399999999999998135 ) ) ;
#1899 =( GEOMETRIC_REPRESENTATION_CONTEXT ( 3 ) GLOBAL_UNCERTAINTY_ASSIGNED_CONTEXT ( ( #2511 ) ) GLOBAL_UNIT_ASSIGNED_CONTEXT ( ( #2550, #1369, #4144 ) ) REPRESENTATION_CONTEXT ( 'NONE', 'WORKASPACE' ) );
#1900 = CARTESIAN_POINT ( 'NONE',  ( 1.200000000000008393, 0.2000000000000021483, 3.011273146976464912E-15 ) ) ;
#1901 = COLOUR_RGB ( '',1.000000000000000000, 1.000000000000000000, 1.000000000000000000 ) ;
#1902 = VERTEX_POINT ( 'NONE', #1906 ) ;
#1903 = CARTESIAN_POINT ( 'NONE',  ( 1.800000000000010258, 0.2000000000000028422, 3.035766082959412415E-15 ) ) ;
#1904 = CARTESIAN_POINT ( 'NONE',  ( -1.038021594828126171, 0.2999999999999990452, 1.831019651063432452 ) ) ;
#1905 = CARTESIAN_POINT ( 'NONE',  ( -0.05693451602810409296, 0.2999999999999996558, -1.164724827916479022 ) ) ;
#1906 = CARTESIAN_POINT ( 'NONE',  ( -0.7999999999999933831, 0.2000000000000007605, 2.000000000000005329 ) ) ;
#1907 = CARTESIAN_POINT ( 'NONE',  ( -0.8632335633965283472, 0.2999999999999994893, 0.8919687551387933677 ) ) ;
#1908 = PRODUCT ( 'MT25QL256ABA8E12-1SIT TR_12', 'MT25QL256ABA8E12-1SIT TR_12', '', ( #1747 ) ) ;
#1909 = VERTEX_POINT ( 'NONE', #3926 ) ;
#1910 = AXIS2_PLACEMENT_3D ( 'NONE', #1980, #1954, #2033 ) ;
#1911 = DIRECTION ( 'NONE',  ( 0.000000000000000000, 1.000000000000000000, 0.000000000000000000 ) ) ;
#1912 = CARTESIAN_POINT ( 'NONE',  ( 2.999999999999999112, 1.200000000000001954, 4.000000000000000888 ) ) ;
#1913 = CARTESIAN_POINT ( 'NONE',  ( 0.8000000000000072609, -0.5999999999999996447, 0.4000000000000039080 ) ) ;
#1914 = CARTESIAN_POINT ( 'NONE',  ( 1.826794919243121651, 0.3000000000000014322, -1.993924965077224609 ) ) ;
#1915 = CARTESIAN_POINT ( 'NONE',  ( 0.8277537665308680737, 0.3000000000000008216, -0.9818001358330571415 ) ) ;
#1916 = CARTESIAN_POINT ( 'NONE',  ( -1.199999999999994404, -0.6000000000000010880, 1.600000000000004530 ) ) ;
#1917 = CARTESIAN_POINT ( 'NONE',  ( 0.8526390944153892093, 0.3000000000000001554, -2.093062191854425436 ) ) ;
#1918 = DIRECTION ( 'NONE',  ( 6.866613759074861087E-16, -1.000000000000000000, 0.000000000000000000 ) ) ;
#1919 = CARTESIAN_POINT ( 'NONE',  ( -2.750000000000000000, 0.3999999999999983569, -3.199999999999998845 ) ) ;
#1920 = CARTESIAN_POINT ( 'NONE',  ( 2.000000000000001776, 0.3000000000000013767, -4.336808689942017736E-16 ) ) ;
#1921 = ORIENTED_EDGE ( 'NONE', *, *, #4801, .F. ) ;
#1922 = SURFACE_STYLE_USAGE ( .BOTH. , #319 ) ;
#1923 =( REPRESENTATION_RELATIONSHIP ('NONE','NONE', #2642, #2732 ) REPRESENTATION_RELATIONSHIP_WITH_TRANSFORMATION ( #358 )SHAPE_REPRESENTATION_RELATIONSHIP( ) );
#1924 = SHAPE_REPRESENTATION ( 'MT25QL256ABA8E12-1SIT TR_20', ( #1744 ), #1826 ) ;
#1925 = DIRECTION ( 'NONE',  ( -6.938893903907227392E-16, 1.000000000000000000, -0.000000000000000000 ) ) ;
#1926 = ADVANCED_FACE ( 'NONE', ( #1985 ), #168, .T. ) ;
#1927 = VERTEX_POINT ( 'NONE', #3955 ) ;
#1928 = DIRECTION ( 'NONE',  ( 3.388131789017200370E-16, -1.000000000000000000, 3.388131789017200370E-16 ) ) ;
#1929 = CARTESIAN_POINT ( 'NONE',  ( -0.8351843064735197109, 0.2999999999992772337, 1.943329061990071827 ) ) ;
#1930 = CARTESIAN_POINT ( 'NONE',  ( 0.1565122485728553114, 0.2999999999992780664, -0.07418838215477634168 ) ) ;
#1931 = CARTESIAN_POINT ( 'NONE',  ( -0.01910867362816133508, 0.2999999999999996558, -1.173235869956658739 ) ) ;
#1932 = CARTESIAN_POINT ( 'NONE',  ( -0.1999999999999935718, 0.2000000000000014544, 1.000000000000003997 ) ) ;
#1933 = EDGE_CURVE ( 'NONE', #3116, #668, #1564, .T. ) ;
#1934 = CARTESIAN_POINT ( 'NONE',  ( -0.8267949192431048866, 0.2999999999999995448, 1.000000000000003997 ) ) ;
#1935 = VERTEX_POINT ( 'NONE', #3156 ) ;
#1936 = CARTESIAN_POINT ( 'NONE',  ( -1.199999999999994182, 0.2000000000000009270, -1.599999999999997424 ) ) ;
#1937 = DIRECTION ( 'NONE',  ( 1.000000000000000000, 6.930918406685709091E-16, 0.000000000000000000 ) ) ;
#1938 = CARTESIAN_POINT ( 'NONE',  ( 0.9606894531184070329, 0.3000000000000004885, 1.169795432657476875 ) ) ;
#1939 = SHAPE_REPRESENTATION_RELATIONSHIP ( 'NONE' , 'NONE' ,  #5234, #1199 ) ;
#1940 = ITEM_DEFINED_TRANSFORMATION ( 'NONE', 'NONE', #3783,  #1744 ) ;
#1941 = CARTESIAN_POINT ( 'NONE',  ( -0.7999999999999936051, -0.6000000000000010880, 2.400000000000006573 ) ) ;
#1942 = CARTESIAN_POINT ( 'NONE',  ( 0.9430654839718967120, 0.3000000000000000999, -1.164724827916479022 ) ) ;
#1943 = CARTESIAN_POINT ( 'NONE',  ( 0.8434877514271591492, 0.2999999999992783994, 0.07418838215478239240 ) ) ;
#1944 = CARTESIAN_POINT ( 'NONE',  ( -2.199999999999995737, 0.2000000000000000111, 2.000000000000005329 ) ) ;
#1945 = LINE ( 'NONE', #4827, #3446 ) ;
#1946 = CARTESIAN_POINT ( 'NONE',  ( -1.826794919243105664, 0.2999999999999989342, 2.000000000000005329 ) ) ;
#1947 = APPLICATION_CONTEXT ( 'automotive_design' ) ;
#1948 = CARTESIAN_POINT ( 'NONE',  ( -0.1999999999999935996, 0.2000000000000015099, -0.3999999999999979683 ) ) ;
#1949 = CARTESIAN_POINT ( 'NONE',  ( 1.200000000000007949, 0.2000000000000018985, -0.5999999999999976463 ) ) ;
#1950 =( LENGTH_UNIT ( ) NAMED_UNIT ( * ) SI_UNIT ( .MILLI., .METRE. ) );
#1951 = CARTESIAN_POINT ( 'NONE',  ( -1.799999999999994271, 0.2000000000000000389, -0.9999999999999978906 ) ) ;
#1952 = PRODUCT ( 'MT25QL256ABA8E12-1SIT TR_1', 'MT25QL256ABA8E12-1SIT TR_1', '', ( #2336 ) ) ;
#1953 = ORIENTED_EDGE ( 'NONE', *, *, #2813, .T. ) ;
#1954 = DIRECTION ( 'NONE',  ( 0.000000000000000000, 0.000000000000000000, 1.000000000000000000 ) ) ;
#1955 = CARTESIAN_POINT ( 'NONE',  ( 0.1094989532239696861, 0.2999999999999999889, -2.135594200799019848 ) ) ;
#1956 = EDGE_CURVE ( 'NONE', #3238, #1979, #2830, .T. ) ;
#1957 = CARTESIAN_POINT ( 'NONE',  ( 1.200000000000008393, 0.2000000000000021483, -1.599999999999997424 ) ) ;
#1958 =( LENGTH_UNIT ( ) NAMED_UNIT ( * ) SI_UNIT ( .MILLI., .METRE. ) );
#1959 = DIRECTION ( 'NONE',  ( 0.7071067811865475727, 4.791541927135543504E-16, 0.7071067811865475727 ) ) ;
#1960 = LINE ( 'NONE', #3585, #2494 ) ;
#1961 = ORIENTED_EDGE ( 'NONE', *, *, #1933, .F. ) ;
#1962 = ADVANCED_FACE ( 'NONE', ( #2787, #1094 ), #1254, .T. ) ;
#1963 = CARTESIAN_POINT ( 'NONE',  ( -0.09329780143081539689, 0.2999999999999998779, 1.147211848353469676 ) ) ;
#1964 = CARTESIAN_POINT ( 'NONE',  ( 1.200000000000008393, 0.2000000000000020928, 3.011273146976464912E-15 ) ) ;
#1965 = CARTESIAN_POINT ( 'NONE',  ( 1.906702198569188544, 0.3000000000000010436, -1.852788151646532988 ) ) ;
#1966 = APPLICATION_PROTOCOL_DEFINITION ( 'draft international standard', 'automotive_design', 1998, #4946 ) ;
#1967 = CARTESIAN_POINT ( 'NONE',  ( -1.199999999999994404, 0.2000000000000007605, 3.035766082959412415E-15 ) ) ;
#1968 = CARTESIAN_POINT ( 'NONE',  ( 0.9246264638598126195, 0.2999999999999831690, -1.157145277043865939 ) ) ;
#1969 = CARTESIAN_POINT ( 'NONE',  ( 1.000000000000007772, 0.2000000000000021483, -0.9999999999999978906 ) ) ;
#1970 = FILL_AREA_STYLE ('',( #4018 ) ) ;
#1971 = CLOSED_SHELL ( 'NONE', ( #2415, #1488, #2313 ) ) ;
#1972 = CARTESIAN_POINT ( 'NONE',  ( -0.8526390944153754425, 0.2999999999999992673, 1.093062191854430543 ) ) ;
#1973 = CARTESIAN_POINT ( 'NONE',  ( -1.000799790377878251, 0.2999999999999992673, 0.1742847336481926357 ) ) ;
#1974 = STYLED_ITEM ( 'NONE', ( #3882 ), #1027 ) ;
#1975 = VERTEX_POINT ( 'NONE', #2329 ) ;
#1976 = CARTESIAN_POINT ( 'NONE',  ( 0.2000000000000074496, 0.2000000000000014544, -0.9999999999999978906 ) ) ;
#1977 = CARTESIAN_POINT ( 'NONE',  ( -1.924626463859800074, 0.2999999999999810041, 0.1571452770438711011 ) ) ;
#1978 = AXIS2_PLACEMENT_3D ( 'NONE', #3711, #4132, #505 ) ;
#1979 = VERTEX_POINT ( 'NONE', #3903 ) ;
#1980 = CARTESIAN_POINT ( 'NONE',  ( 0.000000000000000000, 0.000000000000000000, 0.000000000000000000 ) ) ;
#1981 = CARTESIAN_POINT ( 'NONE',  ( 2.200000000000011280, 1.000000000000004663, 1.400000000000004574 ) ) ;
#1982 = CARTESIAN_POINT ( 'NONE',  ( 0.8267949192431185423, 0.3000000000000004885, 2.006075034922778944 ) ) ;
#1983 =( NAMED_UNIT ( * ) SI_UNIT ( $, .STERADIAN. ) SOLID_ANGLE_UNIT ( ) );
#1984 = CARTESIAN_POINT ( 'NONE',  ( -1.826794919243105664, 0.2999999999999987121, -0.006075034922770936041 ) ) ;
#1985 = FACE_OUTER_BOUND ( 'NONE', #1477, .T. ) ;
#1986 =( GEOMETRIC_REPRESENTATION_CONTEXT ( 3 ) GLOBAL_UNCERTAINTY_ASSIGNED_CONTEXT ( ( #1356 ) ) GLOBAL_UNIT_ASSIGNED_CONTEXT ( ( #3755, #2162, #550 ) ) REPRESENTATION_CONTEXT ( 'NONE', 'WORKASPACE' ) );
#1987 = AXIS2_PLACEMENT_3D ( 'NONE', #4824, #1555, #2694 ) ;
#1988 = PRODUCT_RELATED_PRODUCT_CATEGORY ( 'part', '', ( #771 ) ) ;
#1989 =( BOUNDED_SURFACE ( )  B_SPLINE_SURFACE ( 3, 3, ( 
 ( #1011, #1308, #3326, #4164 ),
 ( #4544, #2977, #169, #194 ),
 ( #4599, #4942, #1797, #954 ),
 ( #2200, #908, #2570, #2521 ) ),
 .UNSPECIFIED., .F., .F., .F. ) 
 B_SPLINE_SURFACE_WITH_KNOTS ( ( 4, 4 ),
 ( 4, 4 ),
 ( 0.000000000000000000, 1.000000000000000000 ),
 ( 0.000000000000000000, 1.000000000000000000 ),
 .UNSPECIFIED. ) 
 GEOMETRIC_REPRESENTATION_ITEM ( )  RATIONAL_B_SPLINE_SURFACE ( (
 ( 1.000000000000000000, 0.3333333333333332038, 0.3333333333333332038, 1.000000000000000000),
 ( 0.3333333333333333703, 0.1111111111111110772, 0.1111111111111110772, 0.3333333333333333703),
 ( 0.3333333333333333703, 0.1111111111111110772, 0.1111111111111110772, 0.3333333333333333703),
 ( 1.000000000000000000, 0.3333333333333332038, 0.3333333333333332038, 1.000000000000000000) ) ) 
 REPRESENTATION_ITEM ( '' )  SURFACE ( )  );
#1990 = ORIENTED_EDGE ( 'NONE', *, *, #584, .T. ) ;
#1991 = PRESENTATION_LAYER_ASSIGNMENT (  '', '', ( #905 ) ) ;
#1992 = CARTESIAN_POINT ( 'NONE',  ( 0.01910867362817523715, 0.2999999999999998224, 1.173235869956664734 ) ) ;
#1993 = CARTESIAN_POINT ( 'NONE',  ( 0.8632335633965423360, 0.3000000000000006550, 1.108031244861214626 ) ) ;
#1994 = CARTESIAN_POINT ( 'NONE',  ( 1.826794919243121651, 0.3000000000000014322, -1.999999999999998668 ) ) ;
#1995 = AXIS2_PLACEMENT_3D ( 'NONE', #1544, #2350, #3214 ) ;
#1996 = EDGE_CURVE ( 'NONE', #198, #1391, #471, .T. ) ;
#1997 = APPLICATION_PROTOCOL_DEFINITION ( 'draft international standard', 'automotive_design', 1998, #69 ) ;
#1998 = DIRECTION ( 'NONE',  ( 6.866613759074861087E-16, -1.000000000000000000, 0.000000000000000000 ) ) ;
#1999 = CARTESIAN_POINT ( 'NONE',  ( 0.8000000000000072609, 0.2000000000000022315, 0.6000000000000026423 ) ) ;
#2000 = CARTESIAN_POINT ( 'NONE',  ( -1.056934516028104953, 0.2999999999999989342, -1.164724827916479244 ) ) ;
#2001 = PRODUCT_DEFINITION_FORMATION_WITH_SPECIFIED_SOURCE ( 'ANY', '', #435, .NOT_KNOWN. ) ;
#2002 =( NAMED_UNIT ( * ) SI_UNIT ( $, .STERADIAN. ) SOLID_ANGLE_UNIT ( ) );
#2003 = CARTESIAN_POINT ( 'NONE',  ( -0.8267949192431048866, 0.2999999999999993228, 0.01938576919981680260 ) ) ;
#2004 = EDGE_CURVE ( 'NONE', #3949, #344, #1960, .T. ) ;
#2005 = CARTESIAN_POINT ( 'NONE',  ( 1.020055168629750320, 0.3000000000000006550, 1.827959916847174071 ) ) ;
#2006 = CARTESIAN_POINT ( 'NONE',  ( 2.200000000000011724, 1.000000000000004663, 0.4000000000000040745 ) ) ;
#2007 = SHAPE_REPRESENTATION_RELATIONSHIP ( 'NONE' , 'NONE' ,  #2270, #4040 ) ;
#2008 = CARTESIAN_POINT ( 'NONE',  ( -1.852639094415376775, 0.2999999999999987677, 0.09306219185442969610 ) ) ;
#2009 = CARTESIAN_POINT ( 'NONE',  ( 2.200000000000011724, 0.2000000000000029809, 0.6000000000000026423 ) ) ;
#2010 = CARTESIAN_POINT ( 'NONE',  ( 1.200000000000008393, 0.2000000000000021760, -1.999999999999998668 ) ) ;
#2011 = CARTESIAN_POINT ( 'NONE',  ( 6.938893903907228378E-15, 0.2000000000000014544, -0.9999999999999978906 ) ) ;
#2012 = CARTESIAN_POINT ( 'NONE',  ( -0.9999999999999940048, 0.2000000000000007605, -0.9999999999999978906 ) ) ;
#2013 = CARTESIAN_POINT ( 'NONE',  ( -1.056934516028105175, 0.2999999999999990452, -2.164724827916479910 ) ) ;
#2014 = UNCERTAINTY_MEASURE_WITH_UNIT (LENGTH_MEASURE( 1.000000000000000082E-05 ), #438, 'distance_accuracy_value', 'NONE');
#2015 = APPLICATION_CONTEXT ( 'automotive_design' ) ;
#2016 = VERTEX_POINT ( 'NONE', #376 ) ;
#2017 = CARTESIAN_POINT ( 'NONE',  ( 0.1732050807568960293, 0.3000000000000002665, 1.000000000000003997 ) ) ;
#2018 = PRESENTATION_STYLE_ASSIGNMENT (( #4039 ) ) ;
#2019 =( BOUNDED_SURFACE ( )  B_SPLINE_SURFACE ( 3, 3, ( 
 ( #4622, #112, #2141, #3760 ),
 ( #1793, #1716, #139, #1769 ),
 ( #2218, #4238, #1360, #189 ),
 ( #978, #2950, #2170, #1413 ) ),
 .UNSPECIFIED., .F., .F., .F. ) 
 B_SPLINE_SURFACE_WITH_KNOTS ( ( 4, 4 ),
 ( 4, 4 ),
 ( 0.000000000000000000, 1.000000000000000000 ),
 ( 0.000000000000000000, 1.000000000000000000 ),
 .UNSPECIFIED. ) 
 GEOMETRIC_REPRESENTATION_ITEM ( )  RATIONAL_B_SPLINE_SURFACE ( (
 ( 1.000000000000000000, 0.3333333333333334259, 0.3333333333333334259, 1.000000000000000000),
 ( 0.3333333333333333703, 0.1111111111111111605, 0.1111111111111111605, 0.3333333333333333703),
 ( 0.3333333333333333703, 0.1111111111111111605, 0.1111111111111111605, 0.3333333333333333703),
 ( 1.000000000000000000, 0.3333333333333334259, 0.3333333333333334259, 1.000000000000000000) ) ) 
 REPRESENTATION_ITEM ( '' )  SURFACE ( )  );
#2020 = LINE ( 'NONE', #1210, #220 ) ;
#2021 = CARTESIAN_POINT ( 'NONE',  ( 1.200000000000008393, 0.2000000000000021760, 1.000000000000003775 ) ) ;
#2022 = CARTESIAN_POINT ( 'NONE',  ( 0.9619784051718760498, 0.3000000000000005995, 0.8310196510634310085 ) ) ;
#2023 = CARTESIAN_POINT ( 'NONE',  ( 2.038021594828142380, 0.3000000000000012101, 1.168980348936576652 ) ) ;
#2024 = CARTESIAN_POINT ( 'NONE',  ( -1.075870863958292789, 0.2999999999999992673, 0.1557036030483006372 ) ) ;
#2025 = CARTESIAN_POINT ( 'NONE',  ( -0.09329780143081556343, 0.2999999999999996558, -0.8527881516465322109 ) ) ;
#2026 = CARTESIAN_POINT ( 'NONE',  ( 1.800000000000010258, 0.2000000000000028422, -1.999999999999998668 ) ) ;
#2027 = CARTESIAN_POINT ( 'NONE',  ( -0.1999999999999935996, -0.6000000000000004219, -1.599999999999997646 ) ) ;
#2028 = CARTESIAN_POINT ( 'NONE',  ( -1.908188288108144670, 0.2999999999999810041, 1.146869362221980548 ) ) ;
#2029 =( LENGTH_UNIT ( ) NAMED_UNIT ( * ) SI_UNIT ( .MILLI., .METRE. ) );
#2030 = ADVANCED_FACE ( 'NONE', ( #4300, #1881 ), #4545, .T. ) ;
#2031 = CARTESIAN_POINT ( 'NONE',  ( 2.109498953223973849, 0.3000000000000013767, -2.135594200799019848 ) ) ;
#2032 = VERTEX_POINT ( 'NONE', #2870 ) ;
#2033 = DIRECTION ( 'NONE',  ( 1.000000000000000000, 0.000000000000000000, 0.000000000000000000 ) ) ;
#2034 = CARTESIAN_POINT ( 'NONE',  ( 1.960689453118410253, 0.3000000000000013767, 0.1697954326574759865 ) ) ;
#2035 = CARTESIAN_POINT ( 'NONE',  ( 0.8434877514271591492, 0.2999999999992785105, 2.074188382154784183 ) ) ;
#2036 = FILL_AREA_STYLE_COLOUR ( '', #790 ) ;
#2037 = DIRECTION ( 'NONE',  ( -1.000000000000000000, 0.000000000000000000, 0.000000000000000000 ) ) ;
#2038 = B_SPLINE_CURVE_WITH_KNOTS ( 'NONE', 3,
 ( #4495, #3069, #2633, #4693, #4611, #2965, #996, #2184, #235, #1784, #4252, #4985, #3392, #5072, #4587, #206, #4227, #2660, #4668, #155, #2555, #5010, #2261, #1373, #3858, #2988, #966, #4201, #4175, #2583, #573 ),
 .UNSPECIFIED., .F., .F.,
 ( 4, 3, 3, 3, 3, 3, 3, 3, 3, 3, 4 ),
 ( 0.000000000000000000, 5.815730759944128534E-05, 0.0001163146151988826113, 0.0001744719227982760427, 0.0002326292303977654395, 0.0002907865379972063183, 0.0003489438455966477120, 0.0004071011531960892684, 0.0004652584607957855039, 0.0005234157683949717307, 0.0005414071114497595117 ),
 .UNSPECIFIED. ) ;
#2039 = PLANE ( 'NONE',  #712 ) ;
#2040 = CARTESIAN_POINT ( 'NONE',  ( -0.1999999999999935718, 0.2000000000000013989, 2.000000000000005329 ) ) ;
#2041 = PRODUCT ( 'MT25QL256ABA8E12-1SIT TR_7', 'MT25QL256ABA8E12-1SIT TR_7', '', ( #777 ) ) ;
#2042 = ORIENTED_EDGE ( 'NONE', *, *, #1338, .T. ) ;
#2043 = SURFACE_SIDE_STYLE ('',( #4868 ) ) ;
#2044 = CARTESIAN_POINT ( 'NONE',  ( 0.1698580992655111810, 0.3000000000000001554, 1.039038880124554476 ) ) ;
#2045 = CARTESIAN_POINT ( 'NONE',  ( -0.7999999999999933831, 0.2000000000000008438, 0.6000000000000026423 ) ) ;
#2046 = CARTESIAN_POINT ( 'NONE',  ( 1.020055168629750320, 0.3000000000000007661, -2.172040083152829926 ) ) ;
#2047 = CARTESIAN_POINT ( 'NONE',  ( 1.000799790377892240, 0.3000000000000006550, 0.8257152663518142477 ) ) ;
#2048 = CARTESIAN_POINT ( 'NONE',  ( -0.8632335633965284583, 0.2999999999999993783, -0.1080312448612076731 ) ) ;
#2049 = CARTESIAN_POINT ( 'NONE',  ( -1.830141900734490568, 0.2999999999999989342, 2.039038880124556030 ) ) ;
#2050 = CARTESIAN_POINT ( 'NONE',  ( 0.2000000000000074218, 0.2000000000000015099, 1.600000000000004086 ) ) ;
#2051 = ORIENTED_EDGE ( 'NONE', *, *, #1063, .T. ) ;
#2052 = PRODUCT_RELATED_PRODUCT_CATEGORY ( 'part', '', ( #3283 ) ) ;
#2053 = CARTESIAN_POINT ( 'NONE',  ( -0.1999999999999935996, 1.000000000000003331, 0.4000000000000040745 ) ) ;
#2054 = CARTESIAN_POINT ( 'NONE',  ( -2.199999999999995293, 0.2000000000000000944, 1.000000000000003997 ) ) ;
#2055 = CLOSED_SHELL ( 'NONE', ( #2878, #4461, #2099 ) ) ;
#2056 = CARTESIAN_POINT ( 'NONE',  ( 1.800000000000010258, 1.000000000000004663, 0.4000000000000040745 ) ) ;
#2057 = CARTESIAN_POINT ( 'NONE',  ( -2.172246233469134591, 0.2999999999999985456, 0.01819986416694380563 ) ) ;
#2058 = AXIS2_PLACEMENT_3D ( 'NONE', #5154, #390, #3570 ) ;
#2059 = EDGE_CURVE ( 'NONE', #2495, #907, #46, .T. ) ;
#2060 = VERTEX_POINT ( 'NONE', #826 ) ;
#2061 = DIRECTION ( 'NONE',  ( 0.000000000000000000, 0.000000000000000000, 1.000000000000000000 ) ) ;
#2062 = CARTESIAN_POINT ( 'NONE',  ( 2.200000000000011724, -0.5999999999999989786, -0.3999999999999980238 ) ) ;
#2063 = AXIS2_PLACEMENT_3D ( 'NONE', #1920, #1894, #3522 ) ;
#2064 = CARTESIAN_POINT ( 'NONE',  ( 0.9606894531184069219, 0.3000000000000004330, 2.169795432657477985 ) ) ;
#2065 = FACE_OUTER_BOUND ( 'NONE', #2101, .T. ) ;
#2066 = CARTESIAN_POINT ( 'NONE',  ( -0.9067021985691718911, 0.2999999999999991562, -2.147211848353464347 ) ) ;
#2067 = ORIENTED_EDGE ( 'NONE', *, *, #762, .F. ) ;
#2068 = CARTESIAN_POINT ( 'NONE',  ( -0.7999999999999933831, 0.2000000000000007605, 1.000000000000003997 ) ) ;
#2069 = CARTESIAN_POINT ( 'NONE',  ( -0.7999999999999933831, 0.2000000000000007605, 2.000000000000005329 ) ) ;
#2070 = CARTESIAN_POINT ( 'NONE',  ( 2.200000000000011724, 0.2000000000000028422, -0.9999999999999978906 ) ) ;
#2071 = DIRECTION ( 'NONE',  ( 0.000000000000000000, 1.000000000000000000, 1.224646799147353207E-16 ) ) ;
#2072 = PRESENTATION_LAYER_ASSIGNMENT (  '', '', ( #2833 ) ) ;
#2073 =( NAMED_UNIT ( * ) PLANE_ANGLE_UNIT ( ) SI_UNIT ( $, .RADIAN. ) );
#2074 = B_SPLINE_CURVE_WITH_KNOTS ( 'NONE', 3,
 ( #1736, #4156, #1766, #526, #4991, #579, #2562, #4180, #3397, #1278, #4103, #478, #5016, #4616, #2588, #4208, #1026, #4762, #258, #5143, #2330, #4301, #1907, #2281, #3853, #5095, #1122, #2656, #278, #2731, #1934 ),
 .UNSPECIFIED., .F., .F.,
 ( 4, 3, 3, 3, 3, 3, 3, 3, 3, 3, 4 ),
 ( 0.000000000000000000, 5.815730759944139376E-05, 0.0001163146151988827875, 0.0001744719227982762053, 0.0002326292303977650329, 0.0002907865379972064809, 0.0003489438455966477120, 0.0004071011531960889974, 0.0004652584607957849618, 0.0005234157683949715138, 0.0005414071114497590780 ),
 .UNSPECIFIED. ) ;
#2075 = AXIS2_PLACEMENT_3D ( 'NONE', #1608, #2107, #3647 ) ;
#2076 = ITEM_DEFINED_TRANSFORMATION ( 'NONE', 'NONE', #3529,  #1744 ) ;
#2077 = SURFACE_STYLE_USAGE ( .BOTH. , #470 ) ;
#2078 = CARTESIAN_POINT ( 'NONE',  ( 0.9430654839718967120, 0.3000000000000000999, -2.164724827916479910 ) ) ;
#2079 = CARTESIAN_POINT ( 'NONE',  ( 0.9081882881081579928, 0.2999999999999831690, 0.8531306377780271122 ) ) ;
#2080 = FILL_AREA_STYLE_COLOUR ( '', #3026 ) ;
#2081 = CARTESIAN_POINT ( 'NONE',  ( 2.123140604217890193, 0.3000000000000015987, 1.123337746210659072 ) ) ;
#2082 =( NAMED_UNIT ( * ) PLANE_ANGLE_UNIT ( ) SI_UNIT ( $, .RADIAN. ) );
#2083 = AXIS2_PLACEMENT_3D ( 'NONE', #4917, #3688, #4376 ) ;
#2084 = STYLED_ITEM ( 'NONE', ( #3649 ), #4454 ) ;
#2085 = UNCERTAINTY_MEASURE_WITH_UNIT (LENGTH_MEASURE( 1.000000000000000082E-05 ), #4842, 'distance_accuracy_value', 'NONE');
#2086 = EDGE_LOOP ( 'NONE', ( #4220, #3038 ) ) ;
#2087 = CARTESIAN_POINT ( 'NONE',  ( 1.172884579699643437, 0.3000000000000010991, 1.987841539925073064 ) ) ;
#2088 = CARTESIAN_POINT ( 'NONE',  ( 0.2000000000000074496, 0.2000000000000014821, -1.999999999999998668 ) ) ;
#2089 = CARTESIAN_POINT ( 'NONE',  ( 0.8267949192431185423, 0.3000000000000004885, 3.062871137271550026E-15 ) ) ;
#2090 = DIRECTION ( 'NONE',  ( 1.000000000000000000, 0.000000000000000000, 0.000000000000000000 ) ) ;
#2091 = CARTESIAN_POINT ( 'NONE',  ( 1.980891326371842620, 0.3000000000000013767, -2.173235869956659627 ) ) ;
#2092 = APPLICATION_CONTEXT ( 'automotive_design' ) ;
#2093 = ORIENTED_EDGE ( 'NONE', *, *, #798, .F. ) ;
#2094 = SHAPE_DEFINITION_REPRESENTATION ( #1377, #4508 ) ;
#2095 = CARTESIAN_POINT ( 'NONE',  ( 1.000000000000007772, 0.2000000000000021483, 3.035766082959412415E-15 ) ) ;
#2096 = CARTESIAN_POINT ( 'NONE',  ( -2.123132694913676399, 0.2999999999999982681, -0.8781872771698483460 ) ) ;
#2097 = CARTESIAN_POINT ( 'NONE',  ( 0.1732050807568961681, 0.2999999999999998224, -1.980614230800184838 ) ) ;
#2098 = FACE_BOUND ( 'NONE', #3499, .T. ) ;
#2099 = ADVANCED_FACE ( 'NONE', ( #4862 ), #2039, .F. ) ;
#2100 = CARTESIAN_POINT ( 'NONE',  ( -0.9999999999999940048, 0.2000000000000007605, 3.035766082959412415E-15 ) ) ;
#2101 = EDGE_LOOP ( 'NONE', ( #3288, #3856, #3099, #1642 ) ) ;
#2102 = DIRECTION ( 'NONE',  ( -1.000000000000000000, 0.000000000000000000, 0.000000000000000000 ) ) ;
#2103 = DIRECTION ( 'NONE',  ( -1.000000000000000000, 0.000000000000000000, 0.000000000000000000 ) ) ;
#2104 = SURFACE_STYLE_FILL_AREA ( #495 ) ;
#2105 = CARTESIAN_POINT ( 'NONE',  ( 0.1732050807568959738, 0.3000000000000002665, 2.000000000000005329 ) ) ;
#2106 = EDGE_CURVE ( 'NONE', #4856, #4633, #1120, .T. ) ;
#2107 = DIRECTION ( 'NONE',  ( 6.866613759074861087E-16, -1.000000000000000000, 0.000000000000000000 ) ) ;
#2108 = CARTESIAN_POINT ( 'NONE',  ( -1.173205080756883012, 0.2999999999999993228, 1.000000000000003997 ) ) ;
#2109 = PLANE ( 'NONE',  #3100 ) ;
#2110 = CARTESIAN_POINT ( 'NONE',  ( -0.9992002096221098695, 0.2999999999999992117, -0.1742847336481866127 ) ) ;
#2111 = ORIENTED_EDGE ( 'NONE', *, *, #154, .T. ) ;
#2112 = CARTESIAN_POINT ( 'NONE',  ( 1.170209235682101223, 0.3000000000000010991, 1.962521684456429938 ) ) ;
#2113 = CARTESIAN_POINT ( 'NONE',  ( -2.199999999999995737, 0.2000000000000000666, 1.000000000000003997 ) ) ;
#2114 = CARTESIAN_POINT ( 'NONE',  ( 2.200000000000011724, 0.2000000000000029809, -0.3999999999999979683 ) ) ;
#2115 = DIRECTION ( 'NONE',  ( 0.000000000000000000, 0.000000000000000000, 1.000000000000000000 ) ) ;
#2116 = CARTESIAN_POINT ( 'NONE',  ( -0.9246264638597989638, 0.2999999999999818368, -0.8428547229561299536 ) ) ;
#2117 = ORIENTED_EDGE ( 'NONE', *, *, #3850, .F. ) ;
#2118 = SHAPE_DEFINITION_REPRESENTATION ( #3370, #4135 ) ;
#2119 = CARTESIAN_POINT ( 'NONE',  ( -1.799999999999994271, 0.2000000000000000944, -0.9999999999999978906 ) ) ;
#2120 = CARTESIAN_POINT ( 'NONE',  ( -0.1722462334691329533, 0.2999999999999997669, 0.01819986416694361828 ) ) ;
#2121 = CARTESIAN_POINT ( 'NONE',  ( -1.799999999999994271, 0.2000000000000000666, 3.060259018942360313E-15 ) ) ;
#2122 = CARTESIAN_POINT ( 'NONE',  ( -1.135250754901237835, 0.2999999999999994338, -2.108199969032545251 ) ) ;
#2123 = ORIENTED_EDGE ( 'NONE', *, *, #1615, .F. ) ;
#2124 = APPLICATION_CONTEXT ( 'automotive_design' ) ;
#2125 = CARTESIAN_POINT ( 'NONE',  ( -2.199999999999995293, 0.2000000000000000389, 2.000000000000005329 ) ) ;
#2126 = PRODUCT_DEFINITION_SHAPE ( 'NONE', 'NONE',  #959 ) ;
#2127 = PLANE ( 'NONE',  #2164 ) ;
#2128 = CARTESIAN_POINT ( 'NONE',  ( -0.03802159482812491470, 0.2999999999999998779, 1.831019651063432452 ) ) ;
#2129 = ADVANCED_FACE ( 'NONE', ( #3300 ), #4923, .T. ) ;
#2130 = ITEM_DEFINED_TRANSFORMATION ( 'NONE', 'NONE', #5068,  #1744 ) ;
#2131 = CARTESIAN_POINT ( 'NONE',  ( -0.7999999999999939382, 0.2000000000000005107, -0.5999999999999976463 ) ) ;
#2132 = B_SPLINE_CURVE_WITH_KNOTS ( 'NONE', 3,
 ( #459, #2097, #792, #1646, #5, #1309, #3663, #3242, #3298, #2838, #2868, #4447, #824, #2432, #32, #2897, #195, #2546, #117, #3350, #934, #4166, #1340, #4139, #4973, #224, #3382, #1829, #2955, #3742, #4658 ),
 .UNSPECIFIED., .F., .F.,
 ( 4, 3, 3, 3, 3, 3, 3, 3, 3, 3, 4 ),
 ( 0.0005414071114497597285, 0.0005995644190492010681, 0.0006577217266486421908, 0.0007158790342480356086, 0.0007740363418475244362, 0.0008321936494469659926, 0.0008903509570464072237, 0.0009485082646458483464, 0.001006665572245544473, 0.001064822879844731134, 0.001082814222899518590 ),
 .UNSPECIFIED. ) ;
#2133 = CARTESIAN_POINT ( 'NONE',  ( -1.170209235682087456, 0.2999999999999991562, 2.037478315543580276 ) ) ;
#2134 = CARTESIAN_POINT ( 'NONE',  ( 1.172884579699643437, 0.3000000000000006550, 0.9878415399250718432 ) ) ;
#2135 = CARTESIAN_POINT ( 'NONE',  ( -1.863233563396529568, 0.2999999999999987677, 1.891968755138794478 ) ) ;
#2136 = UNCERTAINTY_MEASURE_WITH_UNIT (LENGTH_MEASURE( 1.000000000000000082E-05 ), #4778, 'distance_accuracy_value', 'NONE');
#2137 = EDGE_LOOP ( 'NONE', ( #1840, #2318 ) ) ;
#2138 = CARTESIAN_POINT ( 'NONE',  ( 1.800000000000010703, 0.2000000000000029254, -1.399999999999998135 ) ) ;
#2139 = DIRECTION ( 'NONE',  ( 1.000000000000000000, 6.866613759074861087E-16, 0.000000000000000000 ) ) ;
#2140 = CARTESIAN_POINT ( 'NONE',  ( 0.9430654839718967120, 0.3000000000000004885, -0.1647248279164781615 ) ) ;
#2141 = CARTESIAN_POINT ( 'NONE',  ( 1.800000000000010481, 0.2000000000000028977, -1.999999999999998668 ) ) ;
#2142 = ADVANCED_BREP_SHAPE_REPRESENTATION ( '', ( #2713, #1744 ), #4289 ) ;
#2143 = ORIENTED_EDGE ( 'NONE', *, *, #1704, .T. ) ;
#2144 = APPLICATION_PROTOCOL_DEFINITION ( 'draft international standard', 'automotive_design', 1998, #3108 ) ;
#2145 = CARTESIAN_POINT ( 'NONE',  ( 1.157024503285023709, 0.3000000000000007661, 0.07562482010268459232 ) ) ;
#2146 = CARTESIAN_POINT ( 'NONE',  ( 0.07537353614020189663, 0.2999999999999823919, 0.1571452770438710733 ) ) ;
#2147 = CARTESIAN_POINT ( 'NONE',  ( 0.8000000000000073719, 0.2000000000000021760, -1.999999999999998668 ) ) ;
#2148 = STYLED_ITEM ( 'NONE', ( #4928 ), #973 ) ;
#2149 = CARTESIAN_POINT ( 'NONE',  ( -2.100000000000000977, 1.099999999999998312, -3.399999999999999467 ) ) ;
#2150 = ORIENTED_EDGE ( 'NONE', *, *, #1129, .T. ) ;
#2151 = AXIS2_PLACEMENT_3D ( 'NONE', #5209, #1925, #4707 ) ;
#2152 = CARTESIAN_POINT ( 'NONE',  ( 0.8267949192431185423, 0.3000000000000004885, 2.000000000000005329 ) ) ;
#2153 = CARTESIAN_POINT ( 'NONE',  ( 0.2000000000000074774, 0.2000000000000013434, 3.011273146976464912E-15 ) ) ;
#2154 = CARTESIAN_POINT ( 'NONE',  ( -1.199999999999994404, 0.2000000000000007605, 3.035766082959412415E-15 ) ) ;
#2155 = CARTESIAN_POINT ( 'NONE',  ( -2.123132694913676399, 0.2999999999999982681, 2.121812722830154652 ) ) ;
#2156 = PRODUCT_DEFINITION ( 'UNKNOWN', '', #1430, #1866 ) ;
#2157 = AXIS2_PLACEMENT_3D ( 'NONE', #4282, #161, #2191 ) ;
#2158 = CARTESIAN_POINT ( 'NONE',  ( 1.800000000000006484, 0.2000000000000028977, 1.600000000000004086 ) ) ;
#2159 = CARTESIAN_POINT ( 'NONE',  ( -0.1648156935264674106, 0.2999999999992778443, 2.056670938009939054 ) ) ;
#2160 =( NAMED_UNIT ( * ) SI_UNIT ( $, .STERADIAN. ) SOLID_ANGLE_UNIT ( ) );
#2161 = CARTESIAN_POINT ( 'NONE',  ( -2.135250754901238945, 0.2999999999999987121, 1.891800030967458301 ) ) ;
#2162 =( NAMED_UNIT ( * ) PLANE_ANGLE_UNIT ( ) SI_UNIT ( $, .RADIAN. ) );
#2163 = EDGE_CURVE ( 'NONE', #4730, #1651, #2663, .T. ) ;
#2164 = AXIS2_PLACEMENT_3D ( 'NONE', #3800, #915, #1347 ) ;
#2165 =( BOUNDED_SURFACE ( )  B_SPLINE_SURFACE ( 3, 3, ( 
 ( #150, #2125, #1778, #4605 ),
 ( #2577, #3039, #515, #538 ),
 ( #4978, #988, #5031, #3462 ),
 ( #3771, #1346, #914, #1755 ) ),
 .UNSPECIFIED., .F., .F., .F. ) 
 B_SPLINE_SURFACE_WITH_KNOTS ( ( 4, 4 ),
 ( 4, 4 ),
 ( 0.000000000000000000, 1.000000000000000000 ),
 ( 0.000000000000000000, 1.000000000000000000 ),
 .UNSPECIFIED. ) 
 GEOMETRIC_REPRESENTATION_ITEM ( )  RATIONAL_B_SPLINE_SURFACE ( (
 ( 1.000000000000000000, 0.3333333333333332038, 0.3333333333333332038, 1.000000000000000000),
 ( 0.3333333333333333703, 0.1111111111111110772, 0.1111111111111110772, 0.3333333333333333703),
 ( 0.3333333333333333703, 0.1111111111111110772, 0.1111111111111110772, 0.3333333333333333703),
 ( 1.000000000000000000, 0.3333333333333332038, 0.3333333333333332038, 1.000000000000000000) ) ) 
 REPRESENTATION_ITEM ( '' )  SURFACE ( )  );
#2166 = CARTESIAN_POINT ( 'NONE',  ( 2.200000000000010836, 1.000000000000003775, -1.399999999999997913 ) ) ;
#2167 = CARTESIAN_POINT ( 'NONE',  ( 2.019108673628175143, 0.3000000000000012101, 2.173235869956666289 ) ) ;
#2168 = CARTESIAN_POINT ( 'NONE',  ( 6.938893903907228378E-15, 0.2000000000000014544, 3.035766082959412415E-15 ) ) ;
#2169 = STYLED_ITEM ( 'NONE', ( #3514 ), #4561 ) ;
#2170 = CARTESIAN_POINT ( 'NONE',  ( 2.200000000000011724, 0.2000000000000028977, -1.999999999999998668 ) ) ;
#2171 = PRODUCT ( 'MT25QL256ABA8E12-1SIT TR_4', 'MT25QL256ABA8E12-1SIT TR_4', '', ( #509 ) ) ;
#2172 = ORIENTED_EDGE ( 'NONE', *, *, #5034, .F. ) ;
#2173 = APPLICATION_PROTOCOL_DEFINITION ( 'draft international standard', 'automotive_design', 1998, #4575 ) ;
#2174 = CARTESIAN_POINT ( 'NONE',  ( -1.999999999999994893, 0.2000000000000000666, 3.035766082959412810E-15 ) ) ;
#2175 = CARTESIAN_POINT ( 'NONE',  ( -0.1565122485728416279, 0.2999999999992778443, 0.07418838215478244791 ) ) ;
#2176 = PRODUCT_DEFINITION_FORMATION_WITH_SPECIFIED_SOURCE ( 'ANY', '', #1908, .NOT_KNOWN. ) ;
#2177 = CARTESIAN_POINT ( 'NONE',  ( 1.200000000000008393, 0.2000000000000020928, 2.000000000000005329 ) ) ;
#2178 = CARTESIAN_POINT ( 'NONE',  ( -1.999200209622110425, 0.2999999999999984901, 0.8257152663518142477 ) ) ;
#2179 = EDGE_LOOP ( 'NONE', ( #1345, #958, #3578, #402 ) ) ;
#2180 = CARTESIAN_POINT ( 'NONE',  ( 0.0007997903778911096646, 0.3000000000000000444, 0.8257152663518142477 ) ) ;
#2181 = FILL_AREA_STYLE_COLOUR ( '', #2484 ) ;
#2182 = CARTESIAN_POINT ( 'NONE',  ( 1.852639094415392540, 0.3000000000000013212, 0.9069378081455771179 ) ) ;
#2183 = CARTESIAN_POINT ( 'NONE',  ( 6.938893903907228378E-15, 0.2000000000000014266, -0.9999999999999978906 ) ) ;
#2184 = CARTESIAN_POINT ( 'NONE',  ( 1.876859395782131568, 0.3000000000000012101, -0.1233377462106521327 ) ) ;
#2185 = UNCERTAINTY_MEASURE_WITH_UNIT (LENGTH_MEASURE( 1.000000000000000082E-05 ), #4333, 'distance_accuracy_value', 'NONE');
#2186 = PLANE ( 'NONE',  #3022 ) ;
#2187 = CARTESIAN_POINT ( 'NONE',  ( -0.1367664366034585244, 0.3000000000000000444, 2.108031244861215736 ) ) ;
#2188 = CARTESIAN_POINT ( 'NONE',  ( -2.157024503285010830, 0.2999999999999982681, 1.924375179897323651 ) ) ;
#2189 = PRODUCT_DEFINITION_CONTEXT ( 'detailed design', #2905, 'design' ) ;
#2190 = CARTESIAN_POINT ( 'NONE',  ( 2.200000000000011280, 0.2000000000000028699, -0.9999999999999978906 ) ) ;
#2191 = DIRECTION ( 'NONE',  ( -1.000000000000000000, 0.000000000000000000, 0.000000000000000000 ) ) ;
#2192 = EDGE_CURVE ( 'NONE', #3899, #2807, #4353, .T. ) ;
#2193 = FACE_OUTER_BOUND ( 'NONE', #1627, .T. ) ;
#2194 = CARTESIAN_POINT ( 'NONE',  ( 0.000000000000000000, 0.000000000000000000, 0.000000000000000000 ) ) ;
#2195 = CARTESIAN_POINT ( 'NONE',  ( -1.830141900734490568, 0.2999999999999986011, -0.9609611198754469674 ) ) ;
#2196 = LINE ( 'NONE', #4184, #2826 ) ;
#2197 = ORIENTED_EDGE ( 'NONE', *, *, #1168, .T. ) ;
#2198 = APPLICATION_PROTOCOL_DEFINITION ( 'draft international standard', 'automotive_design', 1998, #2015 ) ;
#2199 = EDGE_CURVE ( 'NONE', #4162, #2842, #536, .T. ) ;
#2200 = CARTESIAN_POINT ( 'NONE',  ( 1.200000000000008393, 0.2000000000000021483, 2.000000000000005329 ) ) ;
#2201 = CARTESIAN_POINT ( 'NONE',  ( -1.199999999999994182, 0.2000000000000007605, 1.400000000000005018 ) ) ;
#2202 = CARTESIAN_POINT ( 'NONE',  ( 0.8271154203003719951, 0.3000000000000005995, -1.987841539925066625 ) ) ;
#2203 =( REPRESENTATION_RELATIONSHIP ('NONE','NONE', #2642, #2871 ) REPRESENTATION_RELATIONSHIP_WITH_TRANSFORMATION ( #44 )SHAPE_REPRESENTATION_RELATIONSHIP( ) );
#2204 = VERTEX_POINT ( 'NONE', #1366 ) ;
#2205 = CARTESIAN_POINT ( 'NONE',  ( -1.199999999999994627, 0.2000000000000007605, -0.9999999999999978906 ) ) ;
#2206 = CARTESIAN_POINT ( 'NONE',  ( -0.1999999999999935996, 0.2000000000000014266, -0.3999999999999979683 ) ) ;
#2207 = CARTESIAN_POINT ( 'NONE',  ( -0.7999999999999934941, 0.2000000000000008160, 3.011273146976464912E-15 ) ) ;
#2208 = CARTESIAN_POINT ( 'NONE',  ( 2.109498953223970297, 0.3000000000000012657, 1.864405799200984148 ) ) ;
#2209 = PRESENTATION_STYLE_ASSIGNMENT (( #1434 ) ) ;
#2210 = CARTESIAN_POINT ( 'NONE',  ( 2.200000000000008171, -0.5999999999999990896, 2.400000000000006573 ) ) ;
#2211 = CARTESIAN_POINT ( 'NONE',  ( -0.1231326949136744286, 0.3000000000000000444, 2.121812722830154652 ) ) ;
#2212 = SURFACE_STYLE_USAGE ( .BOTH. , #3931 ) ;
#2213 = CARTESIAN_POINT ( 'NONE',  ( 1.826794919243121651, 0.3000000000000012657, 1.000000000000003997 ) ) ;
#2214 = CARTESIAN_POINT ( 'NONE',  ( 2.200000000000011724, 0.2000000000000030087, -1.599999999999997424 ) ) ;
#2215 = CARTESIAN_POINT ( 'NONE',  ( 1.000799790377892018, 0.3000000000000006550, -0.1742847336481866127 ) ) ;
#2216 = DIRECTION ( 'NONE',  ( 1.000000000000000000, 0.000000000000000000, 0.000000000000000000 ) ) ;
#2217 = CARTESIAN_POINT ( 'NONE',  ( -2.156512248572843404, 0.2999999999992765121, -0.9258116178452185929 ) ) ;
#2218 = CARTESIAN_POINT ( 'NONE',  ( 2.200000000000011724, 0.2000000000000028977, -2.399999999999999911 ) ) ;
#2219 = PRODUCT_DEFINITION ( 'UNKNOWN', '', #3872, #4101 ) ;
#2220 = EDGE_LOOP ( 'NONE', ( #3055, #205 ) ) ;
#2221 = APPLICATION_PROTOCOL_DEFINITION ( 'draft international standard', 'automotive_design', 1998, #4394 ) ;
#2222 = CARTESIAN_POINT ( 'NONE',  ( -1.799999999999994715, 0.1999999999999998168, -0.5999999999999976463 ) ) ;
#2223 = CARTESIAN_POINT ( 'NONE',  ( -1.199999999999994182, 0.2000000000000007605, 0.6000000000000028644 ) ) ;
#2224 = CARTESIAN_POINT ( 'NONE',  ( 0.9415560735142324278, 0.3000000000000004885, -1.835804642256869235 ) ) ;
#2225 = APPLICATION_CONTEXT ( 'automotive_design' ) ;
#2226 = EDGE_CURVE ( 'NONE', #3266, #4035, #741, .T. ) ;
#2227 = ORIENTED_EDGE ( 'NONE', *, *, #4676, .T. ) ;
#2228 = CARTESIAN_POINT ( 'NONE',  ( -0.7999999999999933831, 0.2000000000000007605, 3.011273146976464912E-15 ) ) ;
#2229 = CIRCLE ( 'NONE', #2915, 0.2999999999999999334 ) ;
#2230 = CARTESIAN_POINT ( 'NONE',  ( 1.864749245098766828, 0.3000000000000009881, -1.108199969032544807 ) ) ;
#2231 = SURFACE_STYLE_USAGE ( .BOTH. , #4274 ) ;
#2232 = CARTESIAN_POINT ( 'NONE',  ( 1.826794919243121651, 0.3000000000000012657, 0.9806142308001902785 ) ) ;
#2233 = ADVANCED_FACE ( 'NONE', ( #868 ), #4992, .F. ) ;
#2234 = PRESENTATION_LAYER_ASSIGNMENT (  '', '', ( #3509 ) ) ;
#2235 = VERTEX_POINT ( 'NONE', #423 ) ;
#2236 = SURFACE_STYLE_FILL_AREA ( #3804 ) ;
#2237 = CARTESIAN_POINT ( 'NONE',  ( -1.109498953223957418, 0.2999999999999992117, 2.135594200799026066 ) ) ;
#2238 = CARTESIAN_POINT ( 'NONE',  ( -2.199999999999995293, 0.2000000000000000666, 1.000000000000003997 ) ) ;
#2239 = CARTESIAN_POINT ( 'NONE',  ( -1.799999999999994271, 1.000000000000001776, 0.4000000000000040745 ) ) ;
#2240 = AXIS2_PLACEMENT_3D ( 'NONE', #3600, #21, #3204 ) ;
#2241 = STYLED_ITEM ( 'NONE', ( #3668 ), #2859 ) ;
#2242 = CARTESIAN_POINT ( 'NONE',  ( 1.800000000000010481, 0.2000000000000029809, -2.400000000000000355 ) ) ;
#2243 = DIRECTION ( 'NONE',  ( -1.000000000000000000, 0.000000000000000000, 0.000000000000000000 ) ) ;
#2244 = CARTESIAN_POINT ( 'NONE',  ( 1.827753766530870960, 0.3000000000000011546, -0.9818001358330573636 ) ) ;
#2245 = CARTESIAN_POINT ( 'NONE',  ( -3.000000000000000888, 1.199999999999997957, -4.000000000000000000 ) ) ;
#2246 = EDGE_LOOP ( 'NONE', ( #8, #4271 ) ) ;
#2247 = SHAPE_DEFINITION_REPRESENTATION ( #2852, #2871 ) ;
#2248 = PRODUCT_RELATED_PRODUCT_CATEGORY ( 'part', '', ( #1952 ) ) ;
#2249 = FACE_OUTER_BOUND ( 'NONE', #1723, .T. ) ;
#2250 = CARTESIAN_POINT ( 'NONE',  ( 1.056934516028118498, 0.3000000000000002665, -1.835275172083517425 ) ) ;
#2251 = ORIENTED_EDGE ( 'NONE', *, *, #167, .F. ) ;
#2252 = PRODUCT_DEFINITION_FORMATION_WITH_SPECIFIED_SOURCE ( 'ANY', '', #442, .NOT_KNOWN. ) ;
#2253 = CARTESIAN_POINT ( 'NONE',  ( -0.1473609055846117621, 0.2999999999999994893, -2.093062191854425436 ) ) ;
#2254 = AXIS2_PLACEMENT_3D ( 'NONE', #4696, #1576, #3544 ) ;
#2255 = ADVANCED_FACE ( 'NONE', ( #3655 ), #4722, .T. ) ;
#2256 = CARTESIAN_POINT ( 'NONE',  ( 2.170209235682104332, 0.3000000000000013212, -1.037478315543572949 ) ) ;
#2257 = CARTESIAN_POINT ( 'NONE',  ( -1.199999999999994182, 0.2000000000000008993, -0.3999999999999979683 ) ) ;
#2258 = CARTESIAN_POINT ( 'NONE',  ( 2.173205080756896113, 0.3000000000000012101, 1.993924965077231048 ) ) ;
#2259 = EDGE_LOOP ( 'NONE', ( #2752, #3905 ) ) ;
#2260 = CONTEXT_DEPENDENT_SHAPE_REPRESENTATION ( #587, #4899 ) ;
#2261 = CARTESIAN_POINT ( 'NONE',  ( 2.136766436603476649, 0.3000000000000013767, -0.1080312448612076176 ) ) ;
#2262 = EDGE_CURVE ( 'NONE', #344, #2060, #4104, .T. ) ;
#2263 = CARTESIAN_POINT ( 'NONE',  ( -2.169858099265499440, 0.2999999999999983791, -1.039038880124548703 ) ) ;
#2264 = CARTESIAN_POINT ( 'NONE',  ( -0.9808913263718262998, 0.2999999999999989897, -1.826764130043338152 ) ) ;
#2265 = CARTESIAN_POINT ( 'NONE',  ( -1.799999999999994271, 0.2000000000000000666, 3.060259018942360313E-15 ) ) ;
#2266 = B_SPLINE_CURVE_WITH_KNOTS ( 'NONE', 3,
 ( #24, #4802, #4416, #571, #3632, #3148, #2450, #2394, #3654, #3232, #2827, #2343, #395, #812, #1138, #2005, #422, #2748, #1637, #4475, #3262, #4881, #1250, #842, #3786, #504, #2112, #1378, #2087, #553, #1329 ),
 .UNSPECIFIED., .F., .F.,
 ( 4, 3, 3, 3, 3, 3, 3, 3, 3, 3, 4 ),
 ( 0.000000000000000000, 5.815730759944121080E-05, 0.0001163146151988822996, 0.0001744719227982761240, 0.0002326292303977648974, 0.0002907865379972064267, 0.0003489438455966478204, 0.0004071011531960890516, 0.0004652584607957852871, 0.0005234157683949714054, 0.0005414071114497594032 ),
 .UNSPECIFIED. ) ;
#2267 = CARTESIAN_POINT ( 'NONE',  ( 2.091811711891856884, 0.2999999999999838352, 2.146869362221981881 ) ) ;
#2268 = CARTESIAN_POINT ( 'NONE',  ( 0.8768593957821283480, 0.3000000000000005440, -1.123337746210653076 ) ) ;
#2269 = CARTESIAN_POINT ( 'NONE',  ( 1.851791196380858873, 0.2999999999992792321, -0.9082941737002231397 ) ) ;
#2270 = SHAPE_REPRESENTATION ( 'MT25QL256ABA8E12-1SIT TR_10', ( #1744 ), #4888 ) ;
#2271 = ORIENTED_EDGE ( 'NONE', *, *, #2780, .T. ) ;
#2272 = FACE_OUTER_BOUND ( 'NONE', #2464, .T. ) ;
#2273 = CARTESIAN_POINT ( 'NONE',  ( 0.8267949192431185423, 0.3000000000000007661, -1.999999999999998668 ) ) ;
#2274 = ORIENTED_EDGE ( 'NONE', *, *, #4709, .T. ) ;
#2275 = CARTESIAN_POINT ( 'NONE',  ( 1.800000000000010258, 0.2000000000000028422, 3.035766082959412415E-15 ) ) ;
#2276 = CARTESIAN_POINT ( 'NONE',  ( -1.199999999999994404, 0.2000000000000007605, 1.000000000000003997 ) ) ;
#2277 = B_SPLINE_CURVE_WITH_KNOTS ( 'NONE', 3,
 ( #1764, #2969, #1788, #4178, #2188, #576, #2161, #5040, #549, #3808, #3835, #3782, #2991, #183, #3395, #159, #5014, #970, #4614, #4989, #1407, #3021, #2135, #4417, #2698, #1172, #1087, #3206, #2365, #3177, #1592 ),
 .UNSPECIFIED., .F., .F.,
 ( 4, 3, 3, 3, 3, 3, 3, 3, 3, 3, 4 ),
 ( 0.000000000000000000, 5.815730759944117014E-05, 0.0001163146151988826926, 0.0001744719227982759614, 0.0002326292303977648432, 0.0002907865379972061556, 0.0003489438455966477662, 0.0004071011531960886721, 0.0004652584607957850702, 0.0005234157683949711886, 0.0005414071114497591864 ),
 .UNSPECIFIED. ) ;
#2278 = CARTESIAN_POINT ( 'NONE',  ( -0.1231406042178724153, 0.2999999999999997113, -0.1233377462106521327 ) ) ;
#2279 = CARTESIAN_POINT ( 'NONE',  ( 2.148208803619163110, 0.2999999999992794542, 0.9082941737002290239 ) ) ;
#2280 = CARTESIAN_POINT ( 'NONE',  ( 1.800000000000006484, 0.2000000000000028422, 2.000000000000005329 ) ) ;
#2281 = CARTESIAN_POINT ( 'NONE',  ( -0.8517911963808419973, 0.2999999999992774558, 0.9082941737002292459 ) ) ;
#2282 = PRODUCT_RELATED_PRODUCT_CATEGORY ( 'part', '', ( #2983 ) ) ;
#2283 = VERTEX_POINT ( 'NONE', #843 ) ;
#2284 = CARTESIAN_POINT ( 'NONE',  ( -1.199999999999994404, 0.2000000000000007883, -1.999999999999998668 ) ) ;
#2285 = CARTESIAN_POINT ( 'NONE',  ( 2.200000000000011724, 0.2000000000000028422, 1.000000000000003997 ) ) ;
#2286 = CARTESIAN_POINT ( 'NONE',  ( 0.8000000000000072609, 0.2000000000000020928, 0.4000000000000040190 ) ) ;
#2287 = ADVANCED_FACE ( 'NONE', ( #3291 ), #3988, .T. ) ;
#2288 = CARTESIAN_POINT ( 'NONE',  ( 1.019108673628176254, 0.3000000000000002665, -0.8267641300433369311 ) ) ;
#2289 = PRODUCT_DEFINITION_SHAPE ( 'NONE', 'NONE',  #3554 ) ;
#2290 = CARTESIAN_POINT ( 'NONE',  ( -0.1999999999999935996, 0.2000000000000015654, 1.400000000000005018 ) ) ;
#2291 = SHAPE_REPRESENTATION_RELATIONSHIP ( 'NONE' , 'NONE' ,  #4473, #4292 ) ;
#2292 = CARTESIAN_POINT ( 'NONE',  ( -2.400000000000001243, 1.099999999999998090, -3.399999999999999467 ) ) ;
#2293 = DIRECTION ( 'NONE',  ( -6.938893903907227392E-16, 1.000000000000000000, 0.000000000000000000 ) ) ;
#2294 = VERTEX_POINT ( 'NONE', #4937 ) ;
#2295 = CARTESIAN_POINT ( 'NONE',  ( 0.8000000000000072609, 0.2000000000000021760, -0.9999999999999978906 ) ) ;
#2296 = CARTESIAN_POINT ( 'NONE',  ( 1.200000000000008393, 0.2000000000000021760, 3.011273146976464912E-15 ) ) ;
#2297 = DIRECTION ( 'NONE',  ( -6.938893903907229364E-16, 1.000000000000000000, 0.000000000000000000 ) ) ;
#2298 = ORIENTED_EDGE ( 'NONE', *, *, #5070, .F. ) ;
#2299 = CARTESIAN_POINT ( 'NONE',  ( 1.800000000000010481, 0.2000000000000028422, 3.035766082959412415E-15 ) ) ;
#2300 = CARTESIAN_POINT ( 'NONE',  ( 2.093297801430832994, 0.3000000000000014877, -1.147211848353463681 ) ) ;
#2301 = CARTESIAN_POINT ( 'NONE',  ( -0.05693451602810414153, 0.2999999999999997669, -0.1647248279164781892 ) ) ;
#2302 = CARTESIAN_POINT ( 'NONE',  ( 0.09329780143082928856, 0.2999999999999998779, -1.147211848353463681 ) ) ;
#2303 = CARTESIAN_POINT ( 'NONE',  ( 2.000000000000011102, 0.2000000000000028422, -0.9999999999999978906 ) ) ;
#2304 = ORIENTED_EDGE ( 'NONE', *, *, #3015, .F. ) ;
#2305 = CARTESIAN_POINT ( 'NONE',  ( -1.876867305086313831, 0.2999999999999987677, -1.121812722830147324 ) ) ;
#2306 = CARTESIAN_POINT ( 'NONE',  ( 1.091811711891857772, 0.2999999999999831690, 1.146869362221980770 ) ) ;
#2307 = SURFACE_STYLE_FILL_AREA ( #283 ) ;
#2308 = COLOUR_RGB ( '',0.7921568627450980005, 0.8196078431372548767, 0.9333333333333333481 ) ;
#2309 = CARTESIAN_POINT ( 'NONE',  ( 1.147360905584626112, 0.3000000000000009326, -0.9069378081455712337 ) ) ;
#2310 = MECHANICAL_DESIGN_GEOMETRIC_PRESENTATION_REPRESENTATION (  '', ( #1724 ), #969 ) ;
#2311 = CARTESIAN_POINT ( 'NONE',  ( 0.2000000000000074496, 0.2000000000000014544, 1.000000000000003997 ) ) ;
#2312 = CARTESIAN_POINT ( 'NONE',  ( 0.9606894531184069219, 0.3000000000000004885, 0.1697954326574759587 ) ) ;
#2313 = ADVANCED_FACE ( 'NONE', ( #3735 ), #2946, .F. ) ;
#2314 = CARTESIAN_POINT ( 'NONE',  ( -1.075870863958292567, 0.2999999999999991562, 1.155703603048301442 ) ) ;
#2315 = CARTESIAN_POINT ( 'NONE',  ( 1.200000000000008393, 0.2000000000000020928, -0.9999999999999978906 ) ) ;
#2316 =( BOUNDED_SURFACE ( )  B_SPLINE_SURFACE ( 3, 3, ( 
 ( #3035, #4626, #3001, #1363 ),
 ( #4657, #2597, #144, #614 ),
 ( #2222, #2544, #4972, #510 ),
 ( #1748, #5000, #3913, #2119 ) ),
 .UNSPECIFIED., .F., .F., .T. ) 
 B_SPLINE_SURFACE_WITH_KNOTS ( ( 4, 4 ),
 ( 4, 4 ),
 ( 0.000000000000000000, 1.000000000000000000 ),
 ( 0.000000000000000000, 1.000000000000000000 ),
 .UNSPECIFIED. ) 
 GEOMETRIC_REPRESENTATION_ITEM ( )  RATIONAL_B_SPLINE_SURFACE ( (
 ( 1.000000000000000000, 0.3333333333333332038, 0.3333333333333332038, 1.000000000000000000),
 ( 0.3333333333333339810, 0.1111111111111112854, 0.1111111111111112854, 0.3333333333333339810),
 ( 0.3333333333333339810, 0.1111111111111112854, 0.1111111111111112854, 0.3333333333333339810),
 ( 1.000000000000000000, 0.3333333333333332038, 0.3333333333333332038, 1.000000000000000000) ) ) 
 REPRESENTATION_ITEM ( '' )  SURFACE ( )  );
#2317 = PRESENTATION_LAYER_ASSIGNMENT (  '', '', ( #3169 ) ) ;
#2318 = ORIENTED_EDGE ( 'NONE', *, *, #4606, .F. ) ;
#2319 = FILL_AREA_STYLE ('',( #5237 ) ) ;
#2320 = AXIS2_PLACEMENT_3D ( 'NONE', #2409, #4456, #2102 ) ;
#2321 = CARTESIAN_POINT ( 'NONE',  ( 0.8000000000000072609, 1.000000000000003775, -0.3999999999999978018 ) ) ;
#2322 = LINE ( 'NONE', #3129, #4123 ) ;
#2323 = STYLED_ITEM ( 'NONE', ( #3551 ), #4434 ) ;
#2324 = ORIENTED_EDGE ( 'NONE', *, *, #2199, .T. ) ;
#2325 = CARTESIAN_POINT ( 'NONE',  ( 0.1648156935264810385, 0.2999999999992781774, -2.056670938009932392 ) ) ;
#2326 = CARTESIAN_POINT ( 'NONE',  ( -0.8905010467760307025, 0.2999999999999994893, 1.864405799200984148 ) ) ;
#2327 = CARTESIAN_POINT ( 'NONE',  ( -0.1570245032850091371, 0.2999999999999998224, -0.07562482010267847221 ) ) ;
#2328 = CARTESIAN_POINT ( 'NONE',  ( 0.1722462334691466368, 0.3000000000000004885, -1.018199864166938085 ) ) ;
#2329 = CARTESIAN_POINT ( 'NONE',  ( 1.173205080756897001, 0.3000000000000005440, 2.000000000000005329 ) ) ;
#2330 = CARTESIAN_POINT ( 'NONE',  ( -0.8905010467760303694, 0.2999999999999994893, 0.8644057992009830382 ) ) ;
#2331 = PRODUCT_DEFINITION_SHAPE ( 'NONE', 'NONE',  #5254 ) ;
#2332 = ORIENTED_EDGE ( 'NONE', *, *, #3376, .T. ) ;
#2333 = CARTESIAN_POINT ( 'NONE',  ( 1.800000000000010481, 0.2000000000000028977, 1.000000000000003997 ) ) ;
#2334 = DIRECTION ( 'NONE',  ( -1.000000000000000000, 0.000000000000000000, 0.000000000000000000 ) ) ;
#2335 = SHAPE_DEFINITION_REPRESENTATION ( #3616, #3417 ) ;
#2336 = PRODUCT_CONTEXT ( 'NONE', #1119, 'mechanical' ) ;
#2337 = PLANE ( 'NONE',  #3438 ) ;
#2338 = CARTESIAN_POINT ( 'NONE',  ( -0.1999999999999936273, 1.000000000000003553, 0.6000000000000029754 ) ) ;
#2339 = CARTESIAN_POINT ( 'NONE',  ( -0.9992002096221098695, 0.2999999999999993228, -1.174284733648187418 ) ) ;
#2340 = CARTESIAN_POINT ( 'NONE',  ( 0.1732050807568959738, 0.3000000000000002665, 2.000000000000005329 ) ) ;
#2341 = CARTESIAN_POINT ( 'NONE',  ( 0.8000000000000072609, 0.2000000000000021205, -0.9999999999999978906 ) ) ;
#2342 = ADVANCED_FACE ( 'NONE', ( #527 ), #4505, .F. ) ;
#2343 = CARTESIAN_POINT ( 'NONE',  ( 0.9430654839718967120, 0.3000000000000000999, 1.835275172083524087 ) ) ;
#2344 = CARTESIAN_POINT ( 'NONE',  ( 1.836558698724750416, 0.3000000000000013212, -2.057331850113614635 ) ) ;
#2345 = ADVANCED_FACE ( 'NONE', ( #4568 ), #4049, .T. ) ;
#2346 = ORIENTED_EDGE ( 'NONE', *, *, #154, .F. ) ;
#2347 = CARTESIAN_POINT ( 'NONE',  ( 0.2000000000000074774, 0.2000000000000014266, 2.000000000000005329 ) ) ;
#2348 = CARTESIAN_POINT ( 'NONE',  ( 0.8000000000000072609, -0.5999999999999998668, -1.599999999999997646 ) ) ;
#2349 = CARTESIAN_POINT ( 'NONE',  ( -0.01910867362816135243, 0.2999999999999997669, -0.1732358699566578508 ) ) ;
#2350 = DIRECTION ( 'NONE',  ( 0.000000000000000000, 1.000000000000000000, 1.224646799147353207E-16 ) ) ;
#2351 = CARTESIAN_POINT ( 'NONE',  ( -0.1999999999999935996, 0.2000000000000014266, 0.6000000000000028644 ) ) ;
#2352 =( BOUNDED_SURFACE ( )  B_SPLINE_SURFACE ( 3, 3, ( 
 ( #3717, #822, #789, #4810 ),
 ( #4511, #3211, #3661, #1595 ),
 ( #1643, #1981, #876, #2009 ),
 ( #4112, #3, #3689, #2459 ) ),
 .UNSPECIFIED., .F., .F., .F. ) 
 B_SPLINE_SURFACE_WITH_KNOTS ( ( 4, 4 ),
 ( 4, 4 ),
 ( 0.000000000000000000, 1.000000000000000000 ),
 ( 0.000000000000000000, 1.000000000000000000 ),
 .UNSPECIFIED. ) 
 GEOMETRIC_REPRESENTATION_ITEM ( )  RATIONAL_B_SPLINE_SURFACE ( (
 ( 1.000000000000000000, 0.3333333333333335369, 0.3333333333333335369, 1.000000000000000000),
 ( 0.3333333333333333703, 0.1111111111111111882, 0.1111111111111111882, 0.3333333333333333703),
 ( 0.3333333333333333703, 0.1111111111111111882, 0.1111111111111111882, 0.3333333333333333703),
 ( 1.000000000000000000, 0.3333333333333335369, 0.3333333333333335369, 1.000000000000000000) ) ) 
 REPRESENTATION_ITEM ( '' )  SURFACE ( )  );
#2353 = ORIENTED_EDGE ( 'NONE', *, *, #2986, .T. ) ;
#2354 = CARTESIAN_POINT ( 'NONE',  ( -1.199999999999994182, 0.2000000000000008438, -2.400000000000000355 ) ) ;
#2355 = CARTESIAN_POINT ( 'NONE',  ( -1.863233563396529568, 0.2999999999999987677, -1.108031244861208631 ) ) ;
#2356 = CARTESIAN_POINT ( 'NONE',  ( 1.056934516028118720, 0.3000000000000004885, 1.164724827916485239 ) ) ;
#2357 = CARTESIAN_POINT ( 'NONE',  ( 1.941556073514235647, 0.3000000000000010436, -1.835804642256869235 ) ) ;
#2358 = CARTESIAN_POINT ( 'NONE',  ( 1.038021594828139937, 0.3000000000000002665, -0.8310196510634251243 ) ) ;
#2359 = CARTESIAN_POINT ( 'NONE',  ( 0.2000000000000074218, 0.2000000000000015654, 0.6000000000000026423 ) ) ;
#2360 = CARTESIAN_POINT ( 'NONE',  ( 0.8277537665308679626, 0.3000000000000005995, 0.01819986416694342746 ) ) ;
#2361 = FACE_OUTER_BOUND ( 'NONE', #3793, .T. ) ;
#2362 = CARTESIAN_POINT ( 'NONE',  ( -0.8301419007344897905, 0.2999999999999995448, 1.039038880124554476 ) ) ;
#2363 = CARTESIAN_POINT ( 'NONE',  ( -0.1999999999999935718, 0.2000000000000014266, -0.9999999999999978906 ) ) ;
#2364 = CARTESIAN_POINT ( 'NONE',  ( 0.2000000000000074218, 0.2000000000000013989, 0.4000000000000040190 ) ) ;
#2365 = CARTESIAN_POINT ( 'NONE',  ( -1.827115420300359228, 0.2999999999999989342, 1.987841539925073064 ) ) ;
#2366 = PLANE ( 'NONE',  #5135 ) ;
#2367 = PRODUCT_RELATED_PRODUCT_CATEGORY ( 'part', '', ( #3659 ) ) ;
#2368 = PRODUCT_DEFINITION_SHAPE ( 'NONE', 'NONE',  #5266 ) ;
#2369 = EDGE_LOOP ( 'NONE', ( #4758, #4375 ) ) ;
#2370 = CARTESIAN_POINT ( 'NONE',  ( 0.000000000000000000, 0.000000000000000000, 0.000000000000000000 ) ) ;
#2371 = CARTESIAN_POINT ( 'NONE',  ( 2.056934516028122051, 0.3000000000000010991, 0.1647248279164841844 ) ) ;
#2372 = CARTESIAN_POINT ( 'NONE',  ( 0.8267949192431185423, 0.3000000000000004885, 2.000000000000005329 ) ) ;
#2373 = CARTESIAN_POINT ( 'NONE',  ( 0.1702092356821002239, 0.3000000000000001554, -0.03747831554357215766 ) ) ;
#2374 = CARTESIAN_POINT ( 'NONE',  ( -0.1082498876434716262, 0.2999999999999823919, -1.136593447400099821 ) ) ;
#2375 = EDGE_CURVE ( 'NONE', #1072, #1489, #4711, .T. ) ;
#2376 = CARTESIAN_POINT ( 'NONE',  ( -0.1999999999999935718, 0.2000000000000014544, -1.999999999999998668 ) ) ;
#2377 = ORIENTED_EDGE ( 'NONE', *, *, #3695, .F. ) ;
#2378 = SURFACE_STYLE_USAGE ( .BOTH. , #3276 ) ;
#2379 = DIRECTION ( 'NONE',  ( 0.000000000000000000, 1.000000000000000000, 1.224646799147353207E-16 ) ) ;
#2380 = CARTESIAN_POINT ( 'NONE',  ( 0.8277537665308679626, 0.3000000000000005995, 1.018199864166944524 ) ) ;
#2381 = CARTESIAN_POINT ( 'NONE',  ( 2.147360905584628998, 0.3000000000000015987, -1.906937808145572122 ) ) ;
#2382 = EDGE_CURVE ( 'NONE', #3885, #1927, #1767, .T. ) ;
#2383 = ADVANCED_BREP_SHAPE_REPRESENTATION ( '', ( #4488, #1744 ), #1739 ) ;
#2384 = CLOSED_SHELL ( 'NONE', ( #4771, #4930, #4423, #833, #3078 ) ) ;
#2385 = APPLICATION_PROTOCOL_DEFINITION ( 'draft international standard', 'automotive_design', 1998, #1590 ) ;
#2386 = CARTESIAN_POINT ( 'NONE',  ( 0.9067021985691855468, 0.3000000000000004885, -0.8527881516465320999 ) ) ;
#2387 = CARTESIAN_POINT ( 'NONE',  ( 1.000799790377892018, 0.3000000000000007661, -2.174284733648188084 ) ) ;
#2388 = DIRECTION ( 'NONE',  ( 1.000000000000000000, 6.866613759074861087E-16, 0.000000000000000000 ) ) ;
#2389 = CARTESIAN_POINT ( 'NONE',  ( -1.799999999999994493, 0.2000000000000000666, 2.000000000000005329 ) ) ;
#2390 = CLOSED_SHELL ( 'NONE', ( #2030, #3471, #4330 ) ) ;
#2391 = DIRECTION ( 'NONE',  ( 0.000000000000000000, 1.000000000000000000, 1.224646799147353207E-16 ) ) ;
#2392 = CARTESIAN_POINT ( 'NONE',  ( 0.2000000000000074496, 0.2000000000000014266, -0.9999999999999978906 ) ) ;
#2393 = VECTOR ( 'NONE', #4921, 1000.000000000000000 ) ;
#2394 = CARTESIAN_POINT ( 'NONE',  ( 0.8768593957821284590, 0.3000000000000005440, 1.876662253789350032 ) ) ;
#2395 = CARTESIAN_POINT ( 'NONE',  ( 0.2000000000000074218, -0.6000000000000004219, -0.5999999999999970912 ) ) ;
#2396 =( LENGTH_UNIT ( ) NAMED_UNIT ( * ) SI_UNIT ( .MILLI., .METRE. ) );
#2397 = VECTOR ( 'NONE', #580, 1000.000000000000000 ) ;
#2398 = ORIENTED_EDGE ( 'NONE', *, *, #1431, .F. ) ;
#2399 =( GEOMETRIC_REPRESENTATION_CONTEXT ( 3 ) GLOBAL_UNCERTAINTY_ASSIGNED_CONTEXT ( ( #2885 ) ) GLOBAL_UNIT_ASSIGNED_CONTEXT ( ( #4383, #2764, #1478 ) ) REPRESENTATION_CONTEXT ( 'NONE', 'WORKASPACE' ) );
#2400 = UNCERTAINTY_MEASURE_WITH_UNIT (LENGTH_MEASURE( 1.000000000000000082E-05 ), #3165, 'distance_accuracy_value', 'NONE');
#2401 = CARTESIAN_POINT ( 'NONE',  ( 2.200000000000011724, 0.2000000000000028144, 3.060259018942359918E-15 ) ) ;
#2402 = CARTESIAN_POINT ( 'NONE',  ( 0.8000000000000072609, 0.2000000000000021483, -1.599999999999997424 ) ) ;
#2403 =( LENGTH_UNIT ( ) NAMED_UNIT ( * ) SI_UNIT ( .MILLI., .METRE. ) );
#2404 = CARTESIAN_POINT ( 'NONE',  ( -1.876867305086313831, 0.2999999999999987677, -0.1218127228301463943 ) ) ;
#2405 = CARTESIAN_POINT ( 'NONE',  ( 1.800000000000006484, 0.2000000000000028422, 2.000000000000005329 ) ) ;
#2406 = AXIS2_PLACEMENT_3D ( 'NONE', #921, #2532, #2584 ) ;
#2407 = ORIENTED_EDGE ( 'NONE', *, *, #4041, .F. ) ;
#2408 =( GEOMETRIC_REPRESENTATION_CONTEXT ( 3 ) GLOBAL_UNCERTAINTY_ASSIGNED_CONTEXT ( ( #4998 ) ) GLOBAL_UNIT_ASSIGNED_CONTEXT ( ( #2029, #3293, #4854 ) ) REPRESENTATION_CONTEXT ( 'NONE', 'WORKASPACE' ) );
#2409 = CARTESIAN_POINT ( 'NONE',  ( -1.999999999999994893, 0.2000000000000000666, 1.000000000000003997 ) ) ;
#2410 = PRODUCT ( 'MT25QL256ABA8E12-1SIT TR_8', 'MT25QL256ABA8E12-1SIT TR_8', '', ( #2596 ) ) ;
#2411 = CARTESIAN_POINT ( 'NONE',  ( -0.1231326949136744009, 0.2999999999999999334, 1.121812722830153319 ) ) ;
#2412 = DIRECTION ( 'NONE',  ( 6.938893903907229364E-16, -1.000000000000000000, -0.000000000000000000 ) ) ;
#2413 = SURFACE_STYLE_USAGE ( .BOTH. , #4386 ) ;
#2414 = SHAPE_REPRESENTATION_RELATIONSHIP ( 'NONE' , 'NONE' ,  #848, #3092 ) ;
#2415 = ADVANCED_FACE ( 'NONE', ( #949, #2589 ), #5102, .T. ) ;
#2416 = CARTESIAN_POINT ( 'NONE',  ( -0.7999999999999933831, 0.2000000000000007883, 1.000000000000003775 ) ) ;
#2417 = PRODUCT_DEFINITION_SHAPE ( 'NONE', 'NONE',  #5256 ) ;
#2418 = CARTESIAN_POINT ( 'NONE',  ( 1.019108673628176032, 0.3000000000000004885, 0.1732358699566639015 ) ) ;
#2419 = B_SPLINE_CURVE_WITH_KNOTS ( 'NONE', 3,
 ( #5151, #680, #1161, #5175, #1510, #2309, #3934, #4409, #312, #3121, #388, #3911, #2358, #2288, #778, #3595, #2771, #2794, #5229, #2386, #3141, #3625, #338, #359, #1101, #2693, #4309, #1915, #2714, #1130, #4388 ),
 .UNSPECIFIED., .F., .F.,
 ( 4, 3, 3, 3, 3, 3, 3, 3, 3, 3, 4 ),
 ( 0.0005414071114497594032, 0.0005995644190492002007, 0.0006577217266486415402, 0.0007158790342480349581, 0.0007740363418475237857, 0.0008321936494469652336, 0.0008903509570464065732, 0.0009485082646458476959, 0.001006665572245544040, 0.001064822879844730267, 0.001082814222899518156 ),
 .UNSPECIFIED. ) ;
#2420 = DIRECTION ( 'NONE',  ( 0.000000000000000000, 1.000000000000000000, 1.224646799147353207E-16 ) ) ;
#2421 = CARTESIAN_POINT ( 'NONE',  ( -0.8271154203003583394, 0.2999999999999994338, -0.01215846007492919073 ) ) ;
#2422 = CARTESIAN_POINT ( 'NONE',  ( -1.020055168629736331, 0.2999999999999992673, 0.1720400831528342833 ) ) ;
#2423 =( NAMED_UNIT ( * ) PLANE_ANGLE_UNIT ( ) SI_UNIT ( $, .RADIAN. ) );
#2424 = CARTESIAN_POINT ( 'NONE',  ( 0.2000000000000074496, 0.2000000000000014544, 3.060259018942359918E-15 ) ) ;
#2425 = CARTESIAN_POINT ( 'NONE',  ( -1.799999999999994271, -0.6000000000000019762, 1.400000000000005462 ) ) ;
#2426 = DIRECTION ( 'NONE',  ( 0.7071067811865474617, 0.000000000000000000, -0.7071067811865474617 ) ) ;
#2427 = CARTESIAN_POINT ( 'NONE',  ( -2.075870863958293455, 0.2999999999999984346, 0.1557036030483007205 ) ) ;
#2428 = ORIENTED_EDGE ( 'NONE', *, *, #4543, .F. ) ;
#2429 = DIRECTION ( 'NONE',  ( 0.000000000000000000, 0.000000000000000000, 1.000000000000000000 ) ) ;
#2430 = CARTESIAN_POINT ( 'NONE',  ( 1.000000000000000666, 0.3000000000000006550, 3.000000000000002220 ) ) ;
#2431 = CARTESIAN_POINT ( 'NONE',  ( -0.8267949192431048866, 0.2999999999999991007, 2.000000000000005773 ) ) ;
#2432 = CARTESIAN_POINT ( 'NONE',  ( 0.01910867362817501511, 0.2999999999999998224, -1.826764130043338152 ) ) ;
#2433 = CYLINDRICAL_SURFACE ( 'NONE', #1586, 0.2999999999999999334 ) ;
#2434 = CARTESIAN_POINT ( 'NONE',  ( -1.157024503285009942, 0.2999999999999992117, -2.075624820102679902 ) ) ;
#2435 = ORIENTED_EDGE ( 'NONE', *, *, #4270, .T. ) ;
#2436 = CARTESIAN_POINT ( 'NONE',  ( -0.7999999999999933831, 0.2000000000000007605, -1.999999999999998668 ) ) ;
#2437 = CARTESIAN_POINT ( 'NONE',  ( -1.199999999999994627, 1.000000000000003109, 2.400000000000006573 ) ) ;
#2438 = CARTESIAN_POINT ( 'NONE',  ( -2.750000000000000000, 0.2999999999999982681, -3.749999999999999112 ) ) ;
#2439 =( NAMED_UNIT ( * ) SI_UNIT ( $, .STERADIAN. ) SOLID_ANGLE_UNIT ( ) );
#2440 = PRODUCT_DEFINITION ( 'UNKNOWN', '', #2176, #2189 ) ;
#2441 = CONTEXT_DEPENDENT_SHAPE_REPRESENTATION ( #3832, #400 ) ;
#2442 = CARTESIAN_POINT ( 'NONE',  ( 0.8000000000000072609, 0.2000000000000021483, 1.000000000000003997 ) ) ;
#2443 = CARTESIAN_POINT ( 'NONE',  ( 1.148208803619159779, 0.2999999999992787325, 0.9082941737002290239 ) ) ;
#2444 = CARTESIAN_POINT ( 'NONE',  ( -1.038021594828126171, 0.2999999999999990452, -0.1689803489365697131 ) ) ;
#2445 = CARTESIAN_POINT ( 'NONE',  ( -1.156512248572842516, 0.2999999999992771227, 0.07418838215478244791 ) ) ;
#2446 = CARTESIAN_POINT ( 'NONE',  ( 0.09181171189185671766, 0.2999999999999823919, -0.8531306377780211170 ) ) ;
#2447 = EDGE_CURVE ( 'NONE', #4516, #2283, #5137, .T. ) ;
#2448 = UNCERTAINTY_MEASURE_WITH_UNIT (LENGTH_MEASURE( 1.000000000000000082E-05 ), #3358, 'distance_accuracy_value', 'NONE');
#2449 = ORIENTED_EDGE ( 'NONE', *, *, #3951, .F. ) ;
#2450 = CARTESIAN_POINT ( 'NONE',  ( 0.8647492450987634971, 0.3000000000000005440, 1.891800030967458524 ) ) ;
#2451 = CARTESIAN_POINT ( 'NONE',  ( 0.2000000000000074218, 0.2000000000000013989, -1.599999999999997424 ) ) ;
#2452 = CARTESIAN_POINT ( 'NONE',  ( -2.172884579699630780, 0.2999999999999983236, 1.012158460074936039 ) ) ;
#2453 = CARTESIAN_POINT ( 'NONE',  ( 2.148208803619162666, 0.2999999999992792321, -2.091705826299774085 ) ) ;
#2454 = APPLICATION_CONTEXT ( 'automotive_design' ) ;
#2455 = ADVANCED_BREP_SHAPE_REPRESENTATION ( '', ( #4634, #1744 ), #3031 ) ;
#2456 = PRODUCT ( 'MT25QL256ABA8E12-1SIT TR_17', 'MT25QL256ABA8E12-1SIT TR_17', '', ( #485 ) ) ;
#2457 = ORIENTED_EDGE ( 'NONE', *, *, #3815, .F. ) ;
#2458 = DIRECTION ( 'NONE',  ( 1.000000000000000000, 0.000000000000000000, 0.000000000000000000 ) ) ;
#2459 = CARTESIAN_POINT ( 'NONE',  ( 2.200000000000011280, 0.2000000000000028699, 1.000000000000003775 ) ) ;
#2460 = CARTESIAN_POINT ( 'NONE',  ( 1.163441301275267792, 0.3000000000000009881, 2.057331850113621741 ) ) ;
#2461 = DIRECTION ( 'NONE',  ( 0.000000000000000000, -1.000000000000000000, 0.000000000000000000 ) ) ;
#2462 = LINE ( 'NONE', #880, #2939 ) ;
#2463 = CARTESIAN_POINT ( 'NONE',  ( -1.163441301275254247, 0.2999999999999992117, -2.057331850113614635 ) ) ;
#2464 = EDGE_LOOP ( 'NONE', ( #4278, #3927, #5049, #895 ) ) ;
#2465 = CARTESIAN_POINT ( 'NONE',  ( -1.199999999999994404, 0.2000000000000007605, 2.000000000000005329 ) ) ;
#2466 =( REPRESENTATION_RELATIONSHIP ('NONE','NONE', #2642, #3761 ) REPRESENTATION_RELATIONSHIP_WITH_TRANSFORMATION ( #3391 )SHAPE_REPRESENTATION_RELATIONSHIP( ) );
#2467 = CARTESIAN_POINT ( 'NONE',  ( 2.200000000000011280, 0.2000000000000028422, -0.9999999999999978906 ) ) ;
#2468 = SHAPE_REPRESENTATION ( 'MT25QL256ABA8E12-1SIT TR', ( #1744 ), #232 ) ;
#2469 =( NAMED_UNIT ( * ) SI_UNIT ( $, .STERADIAN. ) SOLID_ANGLE_UNIT ( ) );
#2470 = CONTEXT_DEPENDENT_SHAPE_REPRESENTATION ( #746, #1626 ) ;
#2471 = DIRECTION ( 'NONE',  ( 1.000000000000000000, 6.866613759074861087E-16, 0.000000000000000000 ) ) ;
#2472 = CARTESIAN_POINT ( 'NONE',  ( 1.136766436603473096, 0.3000000000000005995, -2.108031244861209075 ) ) ;
#2473 = CARTESIAN_POINT ( 'NONE',  ( -0.03931054688159372340, 0.2999999999999998779, 2.169795432657478429 ) ) ;
#2474 = SURFACE_STYLE_USAGE ( .BOTH. , #5013 ) ;
#2475 = CARTESIAN_POINT ( 'NONE',  ( 1.941556073514236092, 0.3000000000000013767, 1.164195357743133430 ) ) ;
#2476 = CARTESIAN_POINT ( 'NONE',  ( -0.0007997903778772454293, 0.3000000000000000999, -0.8257152663518082525 ) ) ;
#2477 = VERTEX_POINT ( 'NONE', #3398 ) ;
#2478 = CARTESIAN_POINT ( 'NONE',  ( 1.800000000000010703, 0.2000000000000026479, -0.5999999999999976463 ) ) ;
#2479 = CARTESIAN_POINT ( 'NONE',  ( -1.799999999999994271, 0.2000000000000000944, 1.000000000000003997 ) ) ;
#2480 = EDGE_CURVE ( 'NONE', #3216, #4265, #250, .T. ) ;
#2481 = AXIS2_PLACEMENT_3D ( 'NONE', #3621, #3140, #1603 ) ;
#2482 = CARTESIAN_POINT ( 'NONE',  ( -2.075870863958293899, 0.2999999999999986566, 1.155703603048301442 ) ) ;
#2483 = CARTESIAN_POINT ( 'NONE',  ( -2.123132694913675955, 0.2999999999999984901, 0.1218127228301525145 ) ) ;
#2484 = COLOUR_RGB ( '',0.7921568627450980005, 0.8196078431372548767, 0.9333333333333333481 ) ;
#2485 = ORIENTED_EDGE ( 'NONE', *, *, #2886, .F. ) ;
#2486 = SHAPE_DEFINITION_REPRESENTATION ( #5021, #2642 ) ;
#2487 = ADVANCED_FACE ( 'NONE', ( #3494 ), #4357, .F. ) ;
#2488 = CARTESIAN_POINT ( 'NONE',  ( 2.173205080756900109, 0.3000000000000015432, 3.062871137271550026E-15 ) ) ;
#2489 = AXIS2_PLACEMENT_3D ( 'NONE', #3042, #3390, #4666 ) ;
#2490 = CARTESIAN_POINT ( 'NONE',  ( -1.924626463859799852, 0.2999999999999810041, -0.8428547229561299536 ) ) ;
#2491 = SURFACE_STYLE_FILL_AREA ( #62 ) ;
#2492 = DIRECTION ( 'NONE',  ( -0.000000000000000000, -0.000000000000000000, -1.000000000000000000 ) ) ;
#2493 = CARTESIAN_POINT ( 'NONE',  ( 2.200000000000007283, 0.2000000000000028699, 2.000000000000005329 ) ) ;
#2494 = VECTOR ( 'NONE', #4005, 1000.000000000000000 ) ;
#2495 = VERTEX_POINT ( 'NONE', #1967 ) ;
#2496 = APPLICATION_CONTEXT ( 'automotive_design' ) ;
#2497 =( LENGTH_UNIT ( ) NAMED_UNIT ( * ) SI_UNIT ( .MILLI., .METRE. ) );
#2498 = CARTESIAN_POINT ( 'NONE',  ( 0.1231406042178861959, 0.3000000000000002109, 1.123337746210658850 ) ) ;
#2499 = CARTESIAN_POINT ( 'NONE',  ( 0.1231326949136882787, 0.2999999999999998779, 1.878187277169856007 ) ) ;
#2500 = STYLED_ITEM ( 'NONE', ( #1601 ), #2818 ) ;
#2501 = UNCERTAINTY_MEASURE_WITH_UNIT (LENGTH_MEASURE( 1.000000000000000082E-05 ), #1219, 'distance_accuracy_value', 'NONE');
#2502 = VECTOR ( 'NONE', #1568, 1000.000000000000000 ) ;
#2503 = ITEM_DEFINED_TRANSFORMATION ( 'NONE', 'NONE', #4373,  #1744 ) ;
#2504 =( LENGTH_UNIT ( ) NAMED_UNIT ( * ) SI_UNIT ( .MILLI., .METRE. ) );
#2505 = SHAPE_REPRESENTATION ( 'MT25QL256ABA8E12-1SIT TR_6', ( #1744 ), #306 ) ;
#2506 = FACE_OUTER_BOUND ( 'NONE', #3770, .T. ) ;
#2507 = DIRECTION ( 'NONE',  ( 0.7071067811865474617, 4.878660871265279959E-16, -0.7071067811865474617 ) ) ;
#2508 = DIRECTION ( 'NONE',  ( 6.899468370362298344E-16, -1.000000000000000000, 0.000000000000000000 ) ) ;
#2509 = CARTESIAN_POINT ( 'NONE',  ( -1.135250754901238057, 0.2999999999999991007, -0.1081999690325438634 ) ) ;
#2510 =( GEOMETRIC_REPRESENTATION_CONTEXT ( 3 ) GLOBAL_UNCERTAINTY_ASSIGNED_CONTEXT ( ( #864 ) ) GLOBAL_UNIT_ASSIGNED_CONTEXT ( ( #3201, #4413, #2002 ) ) REPRESENTATION_CONTEXT ( 'NONE', 'WORKASPACE' ) );
#2511 = UNCERTAINTY_MEASURE_WITH_UNIT (LENGTH_MEASURE( 1.000000000000000082E-05 ), #2550, 'distance_accuracy_value', 'NONE');
#2512 = ORIENTED_EDGE ( 'NONE', *, *, #197, .T. ) ;
#2513 = PRODUCT_DEFINITION_CONTEXT ( 'detailed design', #1047, 'design' ) ;
#2514 = CARTESIAN_POINT ( 'NONE',  ( 1.800000000000010258, 0.2000000000000028144, -0.9999999999999980016 ) ) ;
#2515 = FILL_AREA_STYLE_COLOUR ( '', #3368 ) ;
#2516 = CARTESIAN_POINT ( 'NONE',  ( -1.827753766530855195, 0.2999999999999986011, 0.9818001358330634698 ) ) ;
#2517 = CARTESIAN_POINT ( 'NONE',  ( -2.020055168629737441, 0.2999999999999984346, 1.172040083152835255 ) ) ;
#2518 = CARTESIAN_POINT ( 'NONE',  ( -1.148208803619146012, 0.2999999999992771227, -0.9082941737002230287 ) ) ;
#2519 = ORIENTED_EDGE ( 'NONE', *, *, #4863, .T. ) ;
#2520 = APPLICATION_PROTOCOL_DEFINITION ( 'draft international standard', 'automotive_design', 1998, #835 ) ;
#2521 = CARTESIAN_POINT ( 'NONE',  ( 1.200000000000008393, 0.2000000000000021483, 2.000000000000005329 ) ) ;
#2522 = DIRECTION ( 'NONE',  ( 6.776263578034401726E-16, -1.000000000000000000, 0.000000000000000000 ) ) ;
#2523 = FACE_OUTER_BOUND ( 'NONE', #2602, .T. ) ;
#2524 = CARTESIAN_POINT ( 'NONE',  ( -1.173205080756883012, 0.2999999999999993228, -1.999999999999998668 ) ) ;
#2525 = ADVANCED_FACE ( 'NONE', ( #726 ), #2337, .F. ) ;
#2526 = ORIENTED_EDGE ( 'NONE', *, *, #4703, .T. ) ;
#2527 = SURFACE_SIDE_STYLE ('',( #4582 ) ) ;
#2528 = DIRECTION ( 'NONE',  ( -6.938893903907229364E-16, 1.000000000000000000, 0.000000000000000000 ) ) ;
#2529 = CARTESIAN_POINT ( 'NONE',  ( -1.199999999999994627, 0.2000000000000007605, 3.035766082959412415E-15 ) ) ;
#2530 = CONTEXT_DEPENDENT_SHAPE_REPRESENTATION ( #219, #4845 ) ;
#2531 = PRESENTATION_STYLE_ASSIGNMENT (( #2077 ) ) ;
#2532 = DIRECTION ( 'NONE',  ( 0.000000000000000000, -1.000000000000000000, 0.000000000000000000 ) ) ;
#2533 = CARTESIAN_POINT ( 'NONE',  ( 1.164815693526482177, 0.2999999999992787325, 0.9433290619900704943 ) ) ;
#2534 = CARTESIAN_POINT ( 'NONE',  ( -0.8517911963808421083, 0.2999999999992772337, -0.09170582629977178102 ) ) ;
#2535 = ORIENTED_EDGE ( 'NONE', *, *, #3306, .T. ) ;
#2536 =( BOUNDED_SURFACE ( )  B_SPLINE_SURFACE ( 3, 3, ( 
 ( #760, #4395, #2749, #2295 ),
 ( #3500, #3101, #3969, #736 ),
 ( #1949, #4731, #293, #1898 ),
 ( #5159, #4337, #1516, #4368 ) ),
 .UNSPECIFIED., .F., .F., .F. ) 
 B_SPLINE_SURFACE_WITH_KNOTS ( ( 4, 4 ),
 ( 4, 4 ),
 ( 0.000000000000000000, 1.000000000000000000 ),
 ( 0.000000000000000000, 1.000000000000000000 ),
 .UNSPECIFIED. ) 
 GEOMETRIC_REPRESENTATION_ITEM ( )  RATIONAL_B_SPLINE_SURFACE ( (
 ( 1.000000000000000000, 0.3333333333333332038, 0.3333333333333332038, 1.000000000000000000),
 ( 0.3333333333333339810, 0.1111111111111112854, 0.1111111111111112854, 0.3333333333333339810),
 ( 0.3333333333333339810, 0.1111111111111112854, 0.1111111111111112854, 0.3333333333333339810),
 ( 1.000000000000000000, 0.3333333333333332038, 0.3333333333333332038, 1.000000000000000000) ) ) 
 REPRESENTATION_ITEM ( '' )  SURFACE ( )  );
#2537 = CARTESIAN_POINT ( 'NONE',  ( 2.200000000000011280, 0.2000000000000028144, -0.9999999999999980016 ) ) ;
#2538 = CARTESIAN_POINT ( 'NONE',  ( -1.799999999999994493, 0.2000000000000000666, 1.000000000000003997 ) ) ;
#2539 = B_SPLINE_CURVE_WITH_KNOTS ( 'NONE', 3,
 ( #1185, #4352, #5197, #4459, #3249, #2381, #4407, #1550, #383, #832, #3566, #4871, #1209, #1239, #4791, #3164, #2792, #2357, #412, #1965, #4430, #2848, #1157, #1604, #2767, #751, #3984, #3591, #5223, #1914, #1994 ),
 .UNSPECIFIED., .F., .F.,
 ( 4, 3, 3, 3, 3, 3, 3, 3, 3, 3, 4 ),
 ( 0.0005414071114497601622, 0.0005995644190492013933, 0.0006577217266486431665, 0.0007158790342480366928, 0.0007740363418475258456, 0.0008321936494469679441, 0.0008903509570464093921, 0.0009485082646458507316, 0.001006665572245547509, 0.001064822879844733953, 0.001082814222899522059 ),
 .UNSPECIFIED. ) ;
#2540 = FACE_OUTER_BOUND ( 'NONE', #1224, .T. ) ;
#2541 = CARTESIAN_POINT ( 'NONE',  ( -1.109498953223957418, 0.2999999999999992117, -0.8644057992009767100 ) ) ;
#2542 = ORIENTED_EDGE ( 'NONE', *, *, #612, .T. ) ;
#2543 = APPLICATION_PROTOCOL_DEFINITION ( 'draft international standard', 'automotive_design', 1998, #942 ) ;
#2544 = CARTESIAN_POINT ( 'NONE',  ( -1.799999999999994715, 1.000000000000000444, -0.5999999999999972022 ) ) ;
#2545 = PRODUCT_RELATED_PRODUCT_CATEGORY ( 'part', '', ( #3032 ) ) ;
#2546 = CARTESIAN_POINT ( 'NONE',  ( -0.05844392648576830079, 0.2999999999999996558, -1.835804642256869235 ) ) ;
#2547 = CARTESIAN_POINT ( 'NONE',  ( -1.799999999999994493, 0.1999999999999999833, 3.060259018942360313E-15 ) ) ;
#2548 = CARTESIAN_POINT ( 'NONE',  ( -2.123140604217874206, 0.2999999999999984901, 0.8766622537893486999 ) ) ;
#2549 = ORIENTED_EDGE ( 'NONE', *, *, #1679, .F. ) ;
#2550 =( LENGTH_UNIT ( ) NAMED_UNIT ( * ) SI_UNIT ( .MILLI., .METRE. ) );
#2551 = EDGE_CURVE ( 'NONE', #1306, #1600, #1235, .T. ) ;
#2552 = CARTESIAN_POINT ( 'NONE',  ( 0.1565122485728554502, 0.2999999999992778443, 0.9258116178452246992 ) ) ;
#2553 = CARTESIAN_POINT ( 'NONE',  ( -0.1698580992654973865, 0.2999999999999999334, 1.960961119875454406 ) ) ;
#2554 = CARTESIAN_POINT ( 'NONE',  ( -0.8917501123565155785, 0.2999999999999818368, 0.1365934474001049004 ) ) ;
#2555 = CARTESIAN_POINT ( 'NONE',  ( 2.109498953223974294, 0.3000000000000013767, -0.1355942007990180720 ) ) ;
#2556 = CARTESIAN_POINT ( 'NONE',  ( -1.999999999999994893, 0.2000000000000000389, -0.9999999999999978906 ) ) ;
#2557 = CARTESIAN_POINT ( 'NONE',  ( -2.199999999999995293, 0.2000000000000000944, 1.000000000000003775 ) ) ;
#2558 = UNCERTAINTY_MEASURE_WITH_UNIT (LENGTH_MEASURE( 1.000000000000000082E-05 ), #1791, 'distance_accuracy_value', 'NONE');
#2559 = CARTESIAN_POINT ( 'NONE',  ( -2.750000000000000000, 0.3999999999999980793, -3.199999999999998845 ) ) ;
#2560 = PRODUCT_DEFINITION_CONTEXT ( 'detailed design', #3049, 'design' ) ;
#2561 = APPLICATION_CONTEXT ( 'automotive_design' ) ;
#2562 = CARTESIAN_POINT ( 'NONE',  ( -1.135250754901237835, 0.2999999999999991007, 0.8918000309674568582 ) ) ;
#2563 = CARTESIAN_POINT ( 'NONE',  ( 1.800000000000010036, 1.000000000000005551, -2.400000000000000355 ) ) ;
#2564 = CARTESIAN_POINT ( 'NONE',  ( 0.8917501123565292342, 0.2999999999999830580, -0.1365934474000987942 ) ) ;
#2565 = CARTESIAN_POINT ( 'NONE',  ( 0.8000000000000072609, 0.2000000000000021483, 1.000000000000003997 ) ) ;
#2566 = SHAPE_REPRESENTATION ( 'MT25QL256ABA8E12-1SIT TR_15', ( #1744 ), #3031 ) ;
#2567 = CLOSED_SHELL ( 'NONE', ( #4396, #1525, #2233 ) ) ;
#2568 = EDGE_LOOP ( 'NONE', ( #3408, #269 ) ) ;
#2569 = APPLICATION_PROTOCOL_DEFINITION ( 'draft international standard', 'automotive_design', 1998, #5056 ) ;
#2570 = CARTESIAN_POINT ( 'NONE',  ( 1.200000000000008393, 0.2000000000000021483, 2.000000000000005329 ) ) ;
#2571 = CARTESIAN_POINT ( 'NONE',  ( -0.1732050807568822903, 0.2999999999999999334, 0.006075034922777042268 ) ) ;
#2572 = CARTESIAN_POINT ( 'NONE',  ( 0.8000000000000072609, 0.2000000000000020928, 2.000000000000005329 ) ) ;
#2573 = CIRCLE ( 'NONE', #3430, 0.2999999999999999334 ) ;
#2574 = CARTESIAN_POINT ( 'NONE',  ( -2.038021594828126393, 0.2999999999999984346, 0.8310196510634310085 ) ) ;
#2575 = B_SPLINE_CURVE_WITH_KNOTS ( 'NONE', 3,
 ( #1946, #4585, #2049, #1612, #3229, #3679, #4983, #124, #5205, #1215, #1559, #4799, #1839, #4225, #4716, #1372, #1070, #1398, #3803, #4610, #3466, #2155, #1758, #257, #570, #1017, #4198, #2687, #4250, #2987, #1860 ),
 .UNSPECIFIED., .F., .F.,
 ( 4, 3, 3, 3, 3, 3, 3, 3, 3, 3, 4 ),
 ( 0.0005414071114497591864, 0.0005995644190492008512, 0.0006577217266486420823, 0.0007158790342480359338, 0.0007740363418475248699, 0.0008321936494469658841, 0.0008903509570464073321, 0.0009485082646458485632, 0.001006665572245545124, 0.001064822879844731784, 0.001082814222899519023 ),
 .UNSPECIFIED. ) ;
#2576 = ORIENTED_EDGE ( 'NONE', *, *, #2886, .T. ) ;
#2577 = CARTESIAN_POINT ( 'NONE',  ( -2.199999999999994849, 0.1999999999999998446, 2.400000000000006128 ) ) ;
#2578 = CARTESIAN_POINT ( 'NONE',  ( -2.173205080756884122, 0.2999999999999983791, 2.000000000000005329 ) ) ;
#2579 = CARTESIAN_POINT ( 'NONE',  ( 2.075870863958309442, 0.3000000000000013767, 0.8442963969517063294 ) ) ;
#2580 = CARTESIAN_POINT ( 'NONE',  ( 1.961978405171875384, 0.3000000000000012657, 1.831019651063432452 ) ) ;
#2581 = AXIS2_PLACEMENT_3D ( 'NONE', #1502, #3561, #3136 ) ;
#2582 = ITEM_DEFINED_TRANSFORMATION ( 'NONE', 'NONE', #1158,  #1744 ) ;
#2583 = CARTESIAN_POINT ( 'NONE',  ( 2.173205080756900109, 0.3000000000000015432, -0.006075034922770904816 ) ) ;
#2584 = DIRECTION ( 'NONE',  ( -1.000000000000000000, 0.000000000000000000, 0.000000000000000000 ) ) ;
#2585 = CARTESIAN_POINT ( 'NONE',  ( -2.199999999999995293, 1.000000000000001776, 0.6000000000000029754 ) ) ;
#2586 = CARTESIAN_POINT ( 'NONE',  ( 1.851791196380858873, 0.2999999999992791211, 1.091705826299778748 ) ) ;
#2587 = EDGE_CURVE ( 'NONE', #5169, #3181, #2419, .T. ) ;
#2588 = CARTESIAN_POINT ( 'NONE',  ( -0.9992002096221096474, 0.2999999999999992117, 0.8257152663518142477 ) ) ;
#2589 = FACE_OUTER_BOUND ( 'NONE', #2259, .T. ) ;
#2590 = CARTESIAN_POINT ( 'NONE',  ( 2.000000000000011102, 0.2000000000000028699, 1.000000000000003997 ) ) ;
#2591 = CARTESIAN_POINT ( 'NONE',  ( 0.000000000000000000, 0.000000000000000000, 0.000000000000000000 ) ) ;
#2592 = CARTESIAN_POINT ( 'NONE',  ( -1.842975496714978956, 0.2999999999999986011, -0.9243751798973163236 ) ) ;
#2593 = DIRECTION ( 'NONE',  ( -1.000000000000000000, 0.000000000000000000, 0.000000000000000000 ) ) ;
#2594 = MECHANICAL_DESIGN_GEOMETRIC_PRESENTATION_REPRESENTATION (  '', ( #4558 ), #4285 ) ;
#2595 = ORIENTED_EDGE ( 'NONE', *, *, #1173, .F. ) ;
#2596 = PRODUCT_CONTEXT ( 'NONE', #204, 'mechanical' ) ;
#2597 = CARTESIAN_POINT ( 'NONE',  ( -2.199999999999994849, 1.000000000000000444, -0.5999999999999972022 ) ) ;
#2598 = CARTESIAN_POINT ( 'NONE',  ( 0.1634413012752670147, 0.3000000000000000444, 0.05733185011361922878 ) ) ;
#2599 = CARTESIAN_POINT ( 'NONE',  ( 1.169858099265512319, 0.3000000000000007661, 1.039038880124554476 ) ) ;
#2600 = CARTESIAN_POINT ( 'NONE',  ( 1.147360905584625890, 0.3000000000000004885, -1.906937808145571900 ) ) ;
#2601 = CARTESIAN_POINT ( 'NONE',  ( -1.851791196380842885, 0.2999999999992764566, 0.9082941737002292459 ) ) ;
#2602 = EDGE_LOOP ( 'NONE', ( #4290, #2332, #3467, #5130 ) ) ;
#2603 = CARTESIAN_POINT ( 'NONE',  ( -0.09181171189184302028, 0.2999999999999823919, 0.8531306377780271122 ) ) ;
#2604 = CARTESIAN_POINT ( 'NONE',  ( -2.091811711891844894, 0.2999999999999808931, -0.1468693622219736095 ) ) ;
#2605 = CARTESIAN_POINT ( 'NONE',  ( 1.826794919243117876, 0.3000000000000014322, 2.000000000000005329 ) ) ;
#2606 = PRODUCT_DEFINITION_SHAPE ( 'NONE', 'NONE',  #5246 ) ;
#2607 =( LENGTH_UNIT ( ) NAMED_UNIT ( * ) SI_UNIT ( .MILLI., .METRE. ) );
#2608 = PLANE ( 'NONE',  #143 ) ;
#2609 = CARTESIAN_POINT ( 'NONE',  ( -2.199999999999995293, 0.2000000000000000389, 1.000000000000003775 ) ) ;
#2610 = PRODUCT_RELATED_PRODUCT_CATEGORY ( 'part', '', ( #3947 ) ) ;
#2611 = CARTESIAN_POINT ( 'NONE',  ( 1.863233563396545334, 0.3000000000000013212, 1.108031244861214626 ) ) ;
#2612 =( NAMED_UNIT ( * ) PLANE_ANGLE_UNIT ( ) SI_UNIT ( $, .RADIAN. ) );
#2613 = CARTESIAN_POINT ( 'NONE',  ( 1.941556073514232095, 0.3000000000000014877, 2.164195357743134984 ) ) ;
#2614 = CARTESIAN_POINT ( 'NONE',  ( 1.075870863958306334, 0.3000000000000008216, -0.1557036030482946420 ) ) ;
#2615 = SHAPE_REPRESENTATION_RELATIONSHIP ( 'NONE' , 'NONE' ,  #5066, #3601 ) ;
#2616 = ADVANCED_FACE ( 'NONE', ( #4014 ), #544, .T. ) ;
#2617 = CARTESIAN_POINT ( 'NONE',  ( -2.000799790377878917, 0.2999999999999985456, -0.8257152663518081415 ) ) ;
#2618 = CARTESIAN_POINT ( 'NONE',  ( 0.8000000000000072609, 0.2000000000000021760, 1.000000000000003997 ) ) ;
#2619 = ORIENTED_EDGE ( 'NONE', *, *, #4303, .T. ) ;
#2620 = PRODUCT_CONTEXT ( 'NONE', #2496, 'mechanical' ) ;
#2621 = CARTESIAN_POINT ( 'NONE',  ( 1.075373536140202813, 0.2999999999999830580, 0.1571452770438710456 ) ) ;
#2622 = CARTESIAN_POINT ( 'NONE',  ( -0.0007997903778773402970, 0.2999999999999999889, 0.1742847336481926634 ) ) ;
#2623 = FACE_BOUND ( 'NONE', #1896, .T. ) ;
#2624 = VERTEX_POINT ( 'NONE', #4794 ) ;
#2625 = CARTESIAN_POINT ( 'NONE',  ( -1.199999999999994627, 0.2000000000000007605, 3.035766082959412415E-15 ) ) ;
#2626 = CARTESIAN_POINT ( 'NONE',  ( 0.1722462334691466368, 0.3000000000000002665, 0.9818001358330636918 ) ) ;
#2627 = CARTESIAN_POINT ( 'NONE',  ( 0.2000000000000074774, 0.2000000000000013434, 3.060259018942359918E-15 ) ) ;
#2628 = CARTESIAN_POINT ( 'NONE',  ( -2.056934516028105620, 0.2999999999999984346, -0.1647248279164782170 ) ) ;
#2629 = DIRECTION ( 'NONE',  ( 0.000000000000000000, 1.000000000000000000, 1.224646799147353207E-16 ) ) ;
#2630 = APPLICATION_CONTEXT ( 'automotive_design' ) ;
#2631 = VERTEX_POINT ( 'NONE', #753 ) ;
#2632 = CONTEXT_DEPENDENT_SHAPE_REPRESENTATION ( #3029, #2417 ) ;
#2633 = CARTESIAN_POINT ( 'NONE',  ( 1.830141900734506555, 0.3000000000000012101, -0.03903888012454771739 ) ) ;
#2634 = CARTESIAN_POINT ( 'NONE',  ( 1.800000000000006484, 0.2000000000000028422, 2.000000000000005329 ) ) ;
#2635 = FACE_BOUND ( 'NONE', #1809, .T. ) ;
#2636 = SURFACE_STYLE_USAGE ( .BOTH. , #2712 ) ;
#2637 = B_SPLINE_CURVE_WITH_KNOTS ( 'NONE', 3,
 ( #2605, #3830, #543, #962, #1781, #3851, #3884, #5094, #2655, #4640, #992, #3485, #2580, #4689, #203, #1453, #3412, #3066, #3013, #599, #2208, #1807, #1045, #5118, #4276, #650, #3437, #5065, #1476, #2258, #1428 ),
 .UNSPECIFIED., .F., .F.,
 ( 4, 3, 3, 3, 3, 3, 3, 3, 3, 3, 4 ),
 ( 0.000000000000000000, 5.815730759944115659E-05, 0.0001163146151988823132, 0.0001744719227982758530, 0.0002326292303977650871, 0.0002907865379972063725, 0.0003489438455966472783, 0.0004071011531960888889, 0.0004652584607957851786, 0.0005234157683949709717, 0.0005414071114497590780 ),
 .UNSPECIFIED. ) ;
#2638 = CARTESIAN_POINT ( 'NONE',  ( 2.200000000000011280, 0.2000000000000028422, -1.999999999999998668 ) ) ;
#2639 = CARTESIAN_POINT ( 'NONE',  ( 0.8768593957821284590, 0.3000000000000004885, -0.1233377462106521327 ) ) ;
#2640 = CARTESIAN_POINT ( 'NONE',  ( 2.157024503285026373, 0.3000000000000017653, -0.9243751798973161016 ) ) ;
#2641 = CARTESIAN_POINT ( 'NONE',  ( -0.8267949192431048866, 0.2999999999999993228, 3.062871137271550026E-15 ) ) ;
#2642 = SHAPE_REPRESENTATION ( 'MT29F4G01ABAFD12-AAT_F', ( #1073, #3783, #1424, #1743, #4894, #4118, #3030, #3186, #1335, #4803, #904, #2938, #3612, #4448, #4373, #3529, #4205, #5068, #2756, #3450, #1158, #3868, #2678, #1577, #1910, #4551, #2083, #396 ), #3367 ) ;
#2643 = ADVANCED_FACE ( 'NONE', ( #4093, #3334 ), #4358, .T. ) ;
#2644 = VERTEX_POINT ( 'NONE', #497 ) ;
#2645 = SHAPE_DEFINITION_REPRESENTATION ( #2289, #5234 ) ;
#2646 = CARTESIAN_POINT ( 'NONE',  ( 1.943065483971899488, 0.3000000000000013767, -2.164724827916479910 ) ) ;
#2647 = ADVANCED_BREP_SHAPE_REPRESENTATION ( '', ( #4517, #1744 ), #2682 ) ;
#2648 = CARTESIAN_POINT ( 'NONE',  ( 0.9067021985691851027, 0.3000000000000004885, -1.852788151646533210 ) ) ;
#2649 = EDGE_CURVE ( 'NONE', #173, #2942, #3090, .T. ) ;
#2650 = ORIENTED_EDGE ( 'NONE', *, *, #2587, .F. ) ;
#2651 = CARTESIAN_POINT ( 'NONE',  ( 0.2000000000000074496, 0.2000000000000014266, 2.000000000000005329 ) ) ;
#2652 = VECTOR ( 'NONE', #4567, 1000.000000000000000 ) ;
#2653 = CARTESIAN_POINT ( 'NONE',  ( 1.836558698724750638, 0.3000000000000012101, -1.057331850113613969 ) ) ;
#2654 = CARTESIAN_POINT ( 'NONE',  ( -1.960689453118394265, 0.2999999999999986011, -0.1697954326574698802 ) ) ;
#2655 = CARTESIAN_POINT ( 'NONE',  ( 1.891750112356528346, 0.2999999999999838352, 1.863406552599903288 ) ) ;
#2656 = CARTESIAN_POINT ( 'NONE',  ( -0.8277537665308543069, 0.2999999999999995448, 0.9818001358330636918 ) ) ;
#2657 = COLOUR_RGB ( '',0.7921568627450980005, 0.8196078431372548767, 0.9333333333333333481 ) ;
#2658 = ORIENTED_EDGE ( 'NONE', *, *, #2163, .T. ) ;
#2659 = ITEM_DEFINED_TRANSFORMATION ( 'NONE', 'NONE', #4551,  #1744 ) ;
#2660 = CARTESIAN_POINT ( 'NONE',  ( 2.058443926485785891, 0.3000000000000013767, -0.1641953577431264910 ) ) ;
#2661 = CARTESIAN_POINT ( 'NONE',  ( -1.827753766530855195, 0.2999999999999989342, -1.018199864166938529 ) ) ;
#2662 = CARTESIAN_POINT ( 'NONE',  ( -1.075870863958293233, 0.2999999999999996003, -1.844296396951701444 ) ) ;
#2663 = CIRCLE ( 'NONE', #1815, 0.2000000000000005107 ) ;
#2664 = PRODUCT_DEFINITION_CONTEXT ( 'detailed design', #1947, 'design' ) ;
#2665 = CARTESIAN_POINT ( 'NONE',  ( 1.876867305086325821, 0.3000000000000010991, 2.121812722830154652 ) ) ;
#2666 = APPLICATION_CONTEXT ( 'automotive_design' ) ;
#2667 = CARTESIAN_POINT ( 'NONE',  ( 0.8301419007345035572, 0.3000000000000005440, -2.039038880124549813 ) ) ;
#2668 =( NAMED_UNIT ( * ) SI_UNIT ( $, .STERADIAN. ) SOLID_ANGLE_UNIT ( ) );
#2669 = CARTESIAN_POINT ( 'NONE',  ( 1.827115420300374993, 0.3000000000000011546, -0.9878415399250657369 ) ) ;
#2670 = CARTESIAN_POINT ( 'NONE',  ( 1.200000000000008171, -0.5999999999999998668, 1.400000000000005462 ) ) ;
#2671 = VECTOR ( 'NONE', #186, 1000.000000000000000 ) ;
#2672 = ORIENTED_EDGE ( 'NONE', *, *, #2192, .T. ) ;
#2673 =( GEOMETRIC_REPRESENTATION_CONTEXT ( 3 ) GLOBAL_UNCERTAINTY_ASSIGNED_CONTEXT ( ( #3183 ) ) GLOBAL_UNIT_ASSIGNED_CONTEXT ( ( #1535, #3520, #4726 ) ) REPRESENTATION_CONTEXT ( 'NONE', 'WORKASPACE' ) );
#2674 = APPLICATION_PROTOCOL_DEFINITION ( 'draft international standard', 'automotive_design', 1998, #766 ) ;
#2675 = CARTESIAN_POINT ( 'NONE',  ( -2.199999999999995737, 0.2000000000000000111, -0.9999999999999978906 ) ) ;
#2676 = CARTESIAN_POINT ( 'NONE',  ( 1.157024503285023709, 0.3000000000000009881, -1.924375179897317212 ) ) ;
#2677 = ADVANCED_FACE ( 'NONE', ( #3252 ), #75, .F. ) ;
#2678 = AXIS2_PLACEMENT_3D ( 'NONE', #1198, #764, #28 ) ;
#2679 = ORIENTED_EDGE ( 'NONE', *, *, #906, .F. ) ;
#2680 = PRODUCT_DEFINITION_FORMATION_WITH_SPECIFIED_SOURCE ( 'ANY', '', #771, .NOT_KNOWN. ) ;
#2681 = CARTESIAN_POINT ( 'NONE',  ( -2.750000000000000444, 1.177817459305200876, -3.199999999999998845 ) ) ;
#2682 =( GEOMETRIC_REPRESENTATION_CONTEXT ( 3 ) GLOBAL_UNCERTAINTY_ASSIGNED_CONTEXT ( ( #2400 ) ) GLOBAL_UNIT_ASSIGNED_CONTEXT ( ( #3165, #13, #2439 ) ) REPRESENTATION_CONTEXT ( 'NONE', 'WORKASPACE' ) );
#2683 = CARTESIAN_POINT ( 'NONE',  ( -1.173205080756883012, 0.2999999999999993228, 2.000000000000005329 ) ) ;
#2684 = CARTESIAN_POINT ( 'NONE',  ( 0.0007997903778910927510, 0.2999999999999999334, -0.1742847336481866127 ) ) ;
#2685 = CARTESIAN_POINT ( 'NONE',  ( -1.199999999999994404, 1.000000000000002442, 0.4000000000000040745 ) ) ;
#2686 = EDGE_CURVE ( 'NONE', #3696, #2477, #2020, .T. ) ;
#2687 = CARTESIAN_POINT ( 'NONE',  ( -2.172246233469134591, 0.2999999999999985456, 2.018199864166945190 ) ) ;
#2688 = ORIENTED_EDGE ( 'NONE', *, *, #705, .F. ) ;
#2689 = CARTESIAN_POINT ( 'NONE',  ( -1.199999999999994404, 0.2000000000000007605, -1.999999999999998668 ) ) ;
#2690 = CARTESIAN_POINT ( 'NONE',  ( -1.826794919243105664, 0.2999999999999984901, -1.006075034922771616 ) ) ;
#2691 = DIRECTION ( 'NONE',  ( -1.000000000000000000, -7.228014483236697541E-16, 0.000000000000000000 ) ) ;
#2692 =( LENGTH_UNIT ( ) NAMED_UNIT ( * ) SI_UNIT ( .MILLI., .METRE. ) );
#2693 = CARTESIAN_POINT ( 'NONE',  ( 0.8351843064735333666, 0.2999999999992783994, -0.9433290619900644991 ) ) ;
#2694 = DIRECTION ( 'NONE',  ( -1.000000000000000000, -7.228014483236697541E-16, 0.000000000000000000 ) ) ;
#2695 = CARTESIAN_POINT ( 'NONE',  ( -0.9246264638597986307, 0.2999999999999815037, 1.157145277043871934 ) ) ;
#2696 = CARTESIAN_POINT ( 'NONE',  ( -0.1732050807568822903, 0.2999999999999999334, 3.062871137271550026E-15 ) ) ;
#2697 = ORIENTED_EDGE ( 'NONE', *, *, #3015, .T. ) ;
#2698 = CARTESIAN_POINT ( 'NONE',  ( -1.843487751427146382, 0.2999999999992768451, 1.925811617845225809 ) ) ;
#2699 = CARTESIAN_POINT ( 'NONE',  ( 1.200000000000008171, 1.000000000000003775, -0.3999999999999978018 ) ) ;
#2700 =( LENGTH_UNIT ( ) NAMED_UNIT ( * ) SI_UNIT ( .MILLI., .METRE. ) );
#2701 = ORIENTED_EDGE ( 'NONE', *, *, #4901, .T. ) ;
#2702 = PRODUCT_RELATED_PRODUCT_CATEGORY ( 'part', '', ( #313 ) ) ;
#2703 =( BOUNDED_SURFACE ( )  B_SPLINE_SURFACE ( 3, 3, ( 
 ( #3388, #2205, #1370, #567 ),
 ( #4607, #3010, #960, #96 ),
 ( #494, #5032, #4948, #2928 ),
 ( #3827, #4554, #5061, #3040 ) ),
 .UNSPECIFIED., .F., .F., .T. ) 
 B_SPLINE_SURFACE_WITH_KNOTS ( ( 4, 4 ),
 ( 4, 4 ),
 ( 0.000000000000000000, 1.000000000000000000 ),
 ( 0.000000000000000000, 1.000000000000000000 ),
 .UNSPECIFIED. ) 
 GEOMETRIC_REPRESENTATION_ITEM ( )  RATIONAL_B_SPLINE_SURFACE ( (
 ( 1.000000000000000000, 0.3333333333333334259, 0.3333333333333334259, 1.000000000000000000),
 ( 0.3333333333333333703, 0.1111111111111111605, 0.1111111111111111605, 0.3333333333333333703),
 ( 0.3333333333333333703, 0.1111111111111111605, 0.1111111111111111605, 0.3333333333333333703),
 ( 1.000000000000000000, 0.3333333333333334259, 0.3333333333333334259, 1.000000000000000000) ) ) 
 REPRESENTATION_ITEM ( '' )  SURFACE ( )  );
#2704 = FACE_OUTER_BOUND ( 'NONE', #1086, .T. ) ;
#2705 = DIRECTION ( 'NONE',  ( -1.000000000000000000, 0.000000000000000000, 0.000000000000000000 ) ) ;
#2706 = CARTESIAN_POINT ( 'NONE',  ( -0.1698580992654974142, 0.2999999999999998224, -0.03903888012454771739 ) ) ;
#2707 = CARTESIAN_POINT ( 'NONE',  ( -0.07537353614018808823, 0.2999999999999823919, -1.157145277043865939 ) ) ;
#2708 = CARTESIAN_POINT ( 'NONE',  ( 0.2000000000000074218, 0.2000000000000015654, -1.599999999999997424 ) ) ;
#2709 = ORIENTED_EDGE ( 'NONE', *, *, #4361, .T. ) ;
#2710 = ADVANCED_FACE ( 'NONE', ( #4874, #2933 ), #368, .T. ) ;
#2711 = FACE_OUTER_BOUND ( 'NONE', #644, .T. ) ;
#2712 = SURFACE_SIDE_STYLE ('',( #3444 ) ) ;
#2713 = MANIFOLD_SOLID_BREP ( 'Sketch-Pattern1[11]', #4179 ) ;
#2714 = CARTESIAN_POINT ( 'NONE',  ( 0.8271154203003721062, 0.3000000000000008216, -0.9878415399250655149 ) ) ;
#2715 = PRODUCT_DEFINITION_SHAPE ( 'NONE', 'NONE',  #2219 ) ;
#2716 = CARTESIAN_POINT ( 'NONE',  ( -0.1999999999999935996, 0.2000000000000019262, 1.000000000000003775 ) ) ;
#2717 = CARTESIAN_POINT ( 'NONE',  ( 0.8267949192431185423, 0.3000000000000004885, 3.062871137271550026E-15 ) ) ;
#2718 = DIRECTION ( 'NONE',  ( -1.000000000000000000, -7.228014483236697541E-16, 0.000000000000000000 ) ) ;
#2719 = CARTESIAN_POINT ( 'NONE',  ( 0.8000000000000072609, 0.2000000000000021483, -1.399999999999998801 ) ) ;
#2720 = EDGE_LOOP ( 'NONE', ( #2150, #2952, #1717, #1825 ) ) ;
#2721 = CARTESIAN_POINT ( 'NONE',  ( -0.1999999999999935996, -0.6000000000000004219, -0.5999999999999970912 ) ) ;
#2722 = CARTESIAN_POINT ( 'NONE',  ( 1.924626463859815173, 0.2999999999999832800, -2.157145277043866827 ) ) ;
#2723 =( NAMED_UNIT ( * ) SI_UNIT ( $, .STERADIAN. ) SOLID_ANGLE_UNIT ( ) );
#2724 = ORIENTED_EDGE ( 'NONE', *, *, #1173, .T. ) ;
#2725 = CARTESIAN_POINT ( 'NONE',  ( -0.09181171189184318682, 0.2999999999999826139, -2.146869362221975663 ) ) ;
#2726 = CARTESIAN_POINT ( 'NONE',  ( 1.830141900734506555, 0.3000000000000012101, -1.039038880124548481 ) ) ;
#2727 = CARTESIAN_POINT ( 'NONE',  ( -0.1732050807568822903, 0.2999999999999999334, -0.01938576919981069291 ) ) ;
#2728 = CARTESIAN_POINT ( 'NONE',  ( 0.1702092356821002517, 0.3000000000000004885, -1.037478315543572727 ) ) ;
#2729 = CLOSED_SHELL ( 'NONE', ( #2806, #4075, #2677 ) ) ;
#2730 = CARTESIAN_POINT ( 'NONE',  ( -0.1999999999999936273, 1.000000000000003775, -2.400000000000000355 ) ) ;
#2731 = CARTESIAN_POINT ( 'NONE',  ( -0.8267949192431048866, 0.2999999999999995448, 0.9939249650772301603 ) ) ;
#2732 = SHAPE_REPRESENTATION ( 'MT25QL256ABA8E12-1SIT TR_2', ( #1744 ), #3530 ) ;
#2733 = VERTEX_POINT ( 'NONE', #1760 ) ;
#2734 = CLOSED_SHELL ( 'NONE', ( #4147, #4535, #1547, #2129, #3821, #3593, #1091, #421, #2917, #1298, #4501, #1233, #3587 ) ) ;
#2735 = CARTESIAN_POINT ( 'NONE',  ( -1.851791196380842885, 0.2999999999992766231, -1.091705826299772530 ) ) ;
#2736 = FACE_OUTER_BOUND ( 'NONE', #2568, .T. ) ;
#2737 =( NAMED_UNIT ( * ) PLANE_ANGLE_UNIT ( ) SI_UNIT ( $, .RADIAN. ) );
#2738 =( REPRESENTATION_RELATIONSHIP ('NONE','NONE', #2642, #3289 ) REPRESENTATION_RELATIONSHIP_WITH_TRANSFORMATION ( #2819 )SHAPE_REPRESENTATION_RELATIONSHIP( ) );
#2739 = CARTESIAN_POINT ( 'NONE',  ( -1.199999999999994182, 0.2000000000000006772, 2.400000000000006128 ) ) ;
#2740 =( GEOMETRIC_REPRESENTATION_CONTEXT ( 3 ) GLOBAL_UNCERTAINTY_ASSIGNED_CONTEXT ( ( #1663 ) ) GLOBAL_UNIT_ASSIGNED_CONTEXT ( ( #1675, #2811, #1983 ) ) REPRESENTATION_CONTEXT ( 'NONE', 'WORKASPACE' ) );
#2741 = CARTESIAN_POINT ( 'NONE',  ( 0.8768593957821283480, 0.3000000000000001554, -2.123337746210653965 ) ) ;
#2742 = CARTESIAN_POINT ( 'NONE',  ( -2.059984127722458425E-16, 0.2999999999999999889, 2.000000000000001332 ) ) ;
#2743 = PRESENTATION_STYLE_ASSIGNMENT (( #3256 ) ) ;
#2744 = CARTESIAN_POINT ( 'NONE',  ( -0.1999999999999935718, 0.2000000000000014544, -1.999999999999998668 ) ) ;
#2745 = LINE ( 'NONE', #4363, #1808 ) ;
#2746 = EDGE_CURVE ( 'NONE', #1301, #3510, #2038, .T. ) ;
#2747 = CIRCLE ( 'NONE', #5219, 0.2000000000000005107 ) ;
#2748 = CARTESIAN_POINT ( 'NONE',  ( 1.058443926485783004, 0.3000000000000005995, 1.835804642256875896 ) ) ;
#2749 = CARTESIAN_POINT ( 'NONE',  ( 0.8000000000000072609, 0.2000000000000021483, -0.9999999999999980016 ) ) ;
#2750 = AXIS2_PLACEMENT_3D ( 'NONE', #2927, #4900, #4925 ) ;
#2751 = AXIS2_PLACEMENT_3D ( 'NONE', #4663, #1015, #2103 ) ;
#2752 = ORIENTED_EDGE ( 'NONE', *, *, #3202, .F. ) ;
#2753 = CARTESIAN_POINT ( 'NONE',  ( 0.2000000000000074218, -0.6000000000000004219, 2.400000000000006573 ) ) ;
#2754 = CARTESIAN_POINT ( 'NONE',  ( 0.8000000000000072609, 0.2000000000000021760, -1.999999999999998668 ) ) ;
#2755 = CARTESIAN_POINT ( 'NONE',  ( 0.07587086395830552887, 0.2999999999999999889, -0.1557036030482945865 ) ) ;
#2756 = AXIS2_PLACEMENT_3D ( 'NONE', #4809, #2429, #2458 ) ;
#2757 = CARTESIAN_POINT ( 'NONE',  ( -0.1352507549012373911, 0.2999999999999998224, -1.108199969032544585 ) ) ;
#2758 = AXIS2_PLACEMENT_3D ( 'NONE', #3753, #679, #1458 ) ;
#2759 = CARTESIAN_POINT ( 'NONE',  ( 0.2000000000000074218, 0.2000000000000013989, 1.400000000000005018 ) ) ;
#2760 = PRODUCT_DEFINITION_SHAPE ( 'NONE', 'NONE',  #5265 ) ;
#2761 = ORIENTED_EDGE ( 'NONE', *, *, #2587, .T. ) ;
#2762 = PRODUCT_DEFINITION_FORMATION_WITH_SPECIFIED_SOURCE ( 'ANY', '', #3947, .NOT_KNOWN. ) ;
#2763 = CIRCLE ( 'NONE', #490, 0.2000000000000005107 ) ;
#2764 =( NAMED_UNIT ( * ) PLANE_ANGLE_UNIT ( ) SI_UNIT ( $, .RADIAN. ) );
#2765 = CARTESIAN_POINT ( 'NONE',  ( -1.826794919243105664, 0.2999999999999984901, -0.9999999999999976685 ) ) ;
#2766 = CARTESIAN_POINT ( 'NONE',  ( 1.200000000000008393, 0.2000000000000021483, 3.060259018942359918E-15 ) ) ;
#2767 = CARTESIAN_POINT ( 'NONE',  ( 1.843487751427162147, 0.2999999999992790101, -1.925811617845219370 ) ) ;
#2768 = MANIFOLD_SOLID_BREP ( 'Sketch-Pattern1[25]', #2390 ) ;
#2769 = PRODUCT_DEFINITION_FORMATION_WITH_SPECIFIED_SOURCE ( 'ANY', '', #1112, .NOT_KNOWN. ) ;
#2770 = APPLICATION_CONTEXT ( 'automotive_design' ) ;
#2771 = CARTESIAN_POINT ( 'NONE',  ( 0.9606894531184070329, 0.3000000000000005995, -0.8302045673425246797 ) ) ;
#2772 = PRODUCT_DEFINITION ( 'UNKNOWN', '', #4651, #12 ) ;
#2773 = CARTESIAN_POINT ( 'NONE',  ( 0.9619784051718758278, 0.3000000000000000999, -1.168980348936570657 ) ) ;
#2774 = DIRECTION ( 'NONE',  ( -1.000000000000000000, 0.000000000000000000, 0.000000000000000000 ) ) ;
#2775 = CARTESIAN_POINT ( 'NONE',  ( -1.799999999999994493, 0.2000000000000000111, 2.000000000000005329 ) ) ;
#2776 = CARTESIAN_POINT ( 'NONE',  ( -0.9808913263718254116, 0.2999999999999992117, 1.173235869956664734 ) ) ;
#2777 = CARTESIAN_POINT ( 'NONE',  ( -1.173205080756883234, 0.2999999999999991562, 3.062871137271550026E-15 ) ) ;
#2778 = MANIFOLD_SOLID_BREP ( 'Sketch-Pattern1[2]', #2055 ) ;
#2779 = FACE_BOUND ( 'NONE', #1206, .T. ) ;
#2780 = EDGE_CURVE ( 'NONE', #3949, #225, #626, .T. ) ;
#2781 = CARTESIAN_POINT ( 'NONE',  ( -0.1999999999999935718, 0.2000000000000014266, -0.9999999999999978906 ) ) ;
#2782 = EDGE_LOOP ( 'NONE', ( #2911, #2999 ) ) ;
#2783 = MANIFOLD_SOLID_BREP ( 'Sketch-Pattern1[24]', #702 ) ;
#2784 = FACE_OUTER_BOUND ( 'NONE', #3998, .T. ) ;
#2785 = CARTESIAN_POINT ( 'NONE',  ( 0.9992002096221235252, 0.3000000000000004330, 2.174284733648194745 ) ) ;
#2786 = CARTESIAN_POINT ( 'NONE',  ( 0.1565122485728554502, 0.2999999999992778443, -1.074188382154777077 ) ) ;
#2787 = FACE_BOUND ( 'NONE', #82, .T. ) ;
#2788 = EDGE_LOOP ( 'NONE', ( #2117, #2457 ) ) ;
#2789 = SURFACE_STYLE_USAGE ( .BOTH. , #3440 ) ;
#2790 = CARTESIAN_POINT ( 'NONE',  ( -2.059984127722458425E-16, 0.2999999999999999889, 3.000000000000002220 ) ) ;
#2791 = CARTESIAN_POINT ( 'NONE',  ( 0.8517911963808557640, 0.2999999999992783994, 1.091705826299778748 ) ) ;
#2792 = CARTESIAN_POINT ( 'NONE',  ( 1.960689453118409808, 0.3000000000000013767, -1.830204567342526012 ) ) ;
#2793 = PRODUCT_CONTEXT ( 'NONE', #4394, 'mechanical' ) ;
#2794 = CARTESIAN_POINT ( 'NONE',  ( 0.9415560735142328719, 0.3000000000000004885, -0.8358046422568683465 ) ) ;
#2795 = CARTESIAN_POINT ( 'NONE',  ( 1.172884579699643437, 0.3000000000000009881, -2.012158460074930932 ) ) ;
#2796 = CARTESIAN_POINT ( 'NONE',  ( -0.9067021985691717800, 0.2999999999999993783, -1.147211848353463681 ) ) ;
#2797 = CARTESIAN_POINT ( 'NONE',  ( 4.000000000000005329, 0.3000000000000028200, 2.000000000000001332 ) ) ;
#2798 = CARTESIAN_POINT ( 'NONE',  ( -0.1999999999999935718, 0.2000000000000014544, -0.9999999999999980016 ) ) ;
#2799 = MANIFOLD_SOLID_BREP ( 'Housing', #2734 ) ;
#2800 = LINE ( 'NONE', #783, #786 ) ;
#2801 = CARTESIAN_POINT ( 'NONE',  ( 0.2000000000000074218, 0.2000000000000013989, -0.5999999999999967581 ) ) ;
#2802 = SHAPE_REPRESENTATION_RELATIONSHIP ( 'NONE' , 'NONE' ,  #3761, #2383 ) ;
#2803 = UNCERTAINTY_MEASURE_WITH_UNIT (LENGTH_MEASURE( 1.000000000000000082E-05 ), #4750, 'distance_accuracy_value', 'NONE');
#2804 = CARTESIAN_POINT ( 'NONE',  ( -1.980891326371826411, 0.2999999999999983791, 0.1732358699566638460 ) ) ;
#2805 = PRODUCT_DEFINITION_SHAPE ( 'NONE', 'NONE',  #5264 ) ;
#2806 = ADVANCED_FACE ( 'NONE', ( #4766, #1124 ), #1782, .T. ) ;
#2807 = VERTEX_POINT ( 'NONE', #2068 ) ;
#2808 =( LENGTH_UNIT ( ) NAMED_UNIT ( * ) SI_UNIT ( .MILLI., .METRE. ) );
#2809 = CARTESIAN_POINT ( 'NONE',  ( -2.199999999999999734, 0.2999999999999982681, -3.749999999999999112 ) ) ;
#2810 = FACE_OUTER_BOUND ( 'NONE', #624, .T. ) ;
#2811 =( NAMED_UNIT ( * ) PLANE_ANGLE_UNIT ( ) SI_UNIT ( $, .RADIAN. ) );
#2812 = CARTESIAN_POINT ( 'NONE',  ( 2.200000000000007283, 0.2000000000000028699, 2.000000000000005329 ) ) ;
#2813 = EDGE_CURVE ( 'NONE', #1072, #1489, #1414, .T. ) ;
#2814 = EDGE_LOOP ( 'NONE', ( #433, #5004 ) ) ;
#2815 = CARTESIAN_POINT ( 'NONE',  ( -0.02005516862973552583, 0.2999999999999998779, 1.172040083152835255 ) ) ;
#2816 = SURFACE_STYLE_USAGE ( .BOTH. , #41 ) ;
#2817 = SURFACE_SIDE_STYLE ('',( #4843 ) ) ;
#2818 = MANIFOLD_SOLID_BREP ( 'Pin 1 Mark', #4779 ) ;
#2819 = ITEM_DEFINED_TRANSFORMATION ( 'NONE', 'NONE', #3186,  #1744 ) ;
#2820 = CARTESIAN_POINT ( 'NONE',  ( 1.173205080756897001, 0.3000000000000005440, -1.999999999999998668 ) ) ;
#2821 = CARTESIAN_POINT ( 'NONE',  ( 0.8632335633965421140, 0.3000000000000005440, 0.1080312448612137100 ) ) ;
#2822 = CARTESIAN_POINT ( 'NONE',  ( -1.799999999999994271, -0.6000000000000019762, 1.600000000000004530 ) ) ;
#2823 = CARTESIAN_POINT ( 'NONE',  ( 1.876867305086329596, 0.3000000000000013212, 1.121812722830153319 ) ) ;
#2824 = CARTESIAN_POINT ( 'NONE',  ( -0.8647492450987499524, 0.2999999999999994893, 0.1081999690325498864 ) ) ;
#2825 = CARTESIAN_POINT ( 'NONE',  ( 0.2000000000000074496, 1.000000000000003553, 2.400000000000006573 ) ) ;
#2826 = VECTOR ( 'NONE', #1334, 1000.000000000000000 ) ;
#2827 = CARTESIAN_POINT ( 'NONE',  ( 0.9246264638598127306, 0.2999999999999831690, 1.842854722956137392 ) ) ;
#2828 = CARTESIAN_POINT ( 'NONE',  ( -2.164815693526469076, 0.2999999999992763455, 1.056670938009937499 ) ) ;
#2829 = CARTESIAN_POINT ( 'NONE',  ( -1.908188288108145114, 0.2999999999999810041, 0.1468693622219798267 ) ) ;
#2830 = CIRCLE ( 'NONE', #2923, 0.2000000000000005107 ) ;
#2831 = EDGE_LOOP ( 'NONE', ( #1832, #2353 ) ) ;
#2832 = DIRECTION ( 'NONE',  ( 0.000000000000000000, 0.000000000000000000, 1.000000000000000000 ) ) ;
#2833 = STYLED_ITEM ( 'NONE', ( #434 ), #2834 ) ;
#2834 = MANIFOLD_SOLID_BREP ( 'Sketch-Pattern1[13]', #4861 ) ;
#2835 = CARTESIAN_POINT ( 'NONE',  ( 2.019108673628179140, 0.3000000000000010991, 0.1732358699566638738 ) ) ;
#2836 = PRODUCT_RELATED_PRODUCT_CATEGORY ( 'part', '', ( #435 ) ) ;
#2837 = CARTESIAN_POINT ( 'NONE',  ( 2.173205080756900109, 0.3000000000000016542, -0.9806142308001839503 ) ) ;
#2838 = CARTESIAN_POINT ( 'NONE',  ( 0.09181171189185664827, 0.2999999999999825029, -1.853130637778021894 ) ) ;
#2839 = CARTESIAN_POINT ( 'NONE',  ( 1.200000000000008393, 0.2000000000000021760, -1.999999999999998668 ) ) ;
#2840 = CARTESIAN_POINT ( 'NONE',  ( -1.147360905584612123, 0.2999999999999994338, -2.093062191854425436 ) ) ;
#2841 = AXIS2_PLACEMENT_3D ( 'NONE', #343, #2391, #4392 ) ;
#2842 = VERTEX_POINT ( 'NONE', #3246 ) ;
#2843 = CARTESIAN_POINT ( 'NONE',  ( -0.7999999999999933831, 0.2000000000000007605, -1.999999999999998668 ) ) ;
#2844 =( GEOMETRIC_REPRESENTATION_CONTEXT ( 3 ) GLOBAL_UNCERTAINTY_ASSIGNED_CONTEXT ( ( #3732 ) ) GLOBAL_UNIT_ASSIGNED_CONTEXT ( ( #1763, #475, #2968 ) ) REPRESENTATION_CONTEXT ( 'NONE', 'WORKASPACE' ) );
#2845 = EDGE_CURVE ( 'NONE', #2842, #1538, #4880, .T. ) ;
#2846 = CARTESIAN_POINT ( 'NONE',  ( 0.1473609055846252791, 0.3000000000000002109, 1.093062191854430543 ) ) ;
#2847 = CARTESIAN_POINT ( 'NONE',  ( 1.800000000000010258, -0.5999999999999989786, -1.399999999999999245 ) ) ;
#2848 = CARTESIAN_POINT ( 'NONE',  ( 1.876867305086329596, 0.3000000000000010991, -1.878187277169849345 ) ) ;
#2849 = CIRCLE ( 'NONE', #4979, 0.2000000000000005107 ) ;
#2850 = CONTEXT_DEPENDENT_SHAPE_REPRESENTATION ( #4472, #15 ) ;
#2851 = CARTESIAN_POINT ( 'NONE',  ( -1.199999999999994627, 1.000000000000002442, 1.400000000000004574 ) ) ;
#2852 = PRODUCT_DEFINITION_SHAPE ( 'NONE', 'NONE',  #1221 ) ;
#2853 = CARTESIAN_POINT ( 'NONE',  ( 1.075870863958306334, 0.3000000000000005995, -2.155703603048296113 ) ) ;
#2854 = CARTESIAN_POINT ( 'NONE',  ( -0.02005516862973543563, 0.2999999999999998779, 2.172040083152836587 ) ) ;
#2855 = CARTESIAN_POINT ( 'NONE',  ( -0.7999999999999932720, 0.2000000000000007883, 2.000000000000005329 ) ) ;
#2856 = CARTESIAN_POINT ( 'NONE',  ( -1.173205080756883234, 0.2999999999999991562, 3.062871137271550026E-15 ) ) ;
#2857 = CARTESIAN_POINT ( 'NONE',  ( -1.123132694913675289, 0.2999999999999991007, 0.1218127228301524312 ) ) ;
#2858 = CARTESIAN_POINT ( 'NONE',  ( -0.1999999999999935996, 1.000000000000003775, 1.600000000000004752 ) ) ;
#2859 = MANIFOLD_SOLID_BREP ( 'Sketch-Pattern1[8]', #1802 ) ;
#2860 = CARTESIAN_POINT ( 'NONE',  ( -0.1999999999999935718, 0.2000000000000014266, 3.035766082959412415E-15 ) ) ;
#2861 = CARTESIAN_POINT ( 'NONE',  ( -2.199999999999995293, 0.2000000000000000666, 1.000000000000003997 ) ) ;
#2862 = CARTESIAN_POINT ( 'NONE',  ( -1.961978405171862727, 0.2999999999999984901, 1.168980348936576652 ) ) ;
#2863 = SHAPE_REPRESENTATION_RELATIONSHIP ( 'NONE' , 'NONE' ,  #4508, #946 ) ;
#2864 = CARTESIAN_POINT ( 'NONE',  ( 2.173205080756900109, 0.3000000000000012101, -2.006075034922773170 ) ) ;
#2865 = ORIENTED_EDGE ( 'NONE', *, *, #2163, .F. ) ;
#2866 = CARTESIAN_POINT ( 'NONE',  ( 2.200000000000011724, -0.5999999999999989786, 0.4000000000000039080 ) ) ;
#2867 = CARTESIAN_POINT ( 'NONE',  ( 0.9067021985691853248, 0.3000000000000004885, 2.147211848353471009 ) ) ;
#2868 = CARTESIAN_POINT ( 'NONE',  ( 0.07537353614020184112, 0.2999999999999825029, -1.842854722956130509 ) ) ;
#2869 = DIRECTION ( 'NONE',  ( -6.938893903907229364E-16, 1.000000000000000000, 0.000000000000000000 ) ) ;
#2870 = CARTESIAN_POINT ( 'NONE',  ( 1.173205080756897001, 0.3000000000000005440, -1.999999999999998668 ) ) ;
#2871 = SHAPE_REPRESENTATION ( 'MT25QL256ABA8E12-1SIT TR_11', ( #1744 ), #1343 ) ;
#2872 = ORIENTED_EDGE ( 'NONE', *, *, #3916, .T. ) ;
#2873 =( NAMED_UNIT ( * ) PLANE_ANGLE_UNIT ( ) SI_UNIT ( $, .RADIAN. ) );
#2874 = CARTESIAN_POINT ( 'NONE',  ( -0.05844392648576809263, 0.2999999999999998779, 1.164195357743133430 ) ) ;
#2875 = CARTESIAN_POINT ( 'NONE',  ( 1.800000000000010258, 0.2000000000000028422, -0.9999999999999978906 ) ) ;
#2876 = CARTESIAN_POINT ( 'NONE',  ( -0.1999999999999935718, 0.2000000000000014544, 2.000000000000005329 ) ) ;
#2877 = MANIFOLD_SOLID_BREP ( 'Sketch-Pattern1[12]', #3671 ) ;
#2878 = ADVANCED_FACE ( 'NONE', ( #464, #1425 ), #2165, .T. ) ;
#2879 = CARTESIAN_POINT ( 'NONE',  ( -0.7999999999999933831, 0.2000000000000007883, -0.9999999999999978906 ) ) ;
#2880 = CARTESIAN_POINT ( 'NONE',  ( 1.173205080756897001, 0.3000000000000005440, -2.006075034922773170 ) ) ;
#2881 = CARTESIAN_POINT ( 'NONE',  ( 0.9430654839718969340, 0.3000000000000005995, 0.8352751720835225324 ) ) ;
#2882 = SURFACE_STYLE_FILL_AREA ( #1274 ) ;
#2883 = CARTESIAN_POINT ( 'NONE',  ( 2.135250754901254933, 0.3000000000000015987, 1.108199969032550802 ) ) ;
#2884 = CARTESIAN_POINT ( 'NONE',  ( 0.1231406042178860016, 0.3000000000000004330, -0.8766622537893427047 ) ) ;
#2885 = UNCERTAINTY_MEASURE_WITH_UNIT (LENGTH_MEASURE( 1.000000000000000082E-05 ), #4383, 'distance_accuracy_value', 'NONE');
#2886 = EDGE_CURVE ( 'NONE', #3116, #668, #1150, .T. ) ;
#2887 = ORIENTED_EDGE ( 'NONE', *, *, #3695, .T. ) ;
#2888 = FACE_OUTER_BOUND ( 'NONE', #4997, .T. ) ;
#2889 = CARTESIAN_POINT ( 'NONE',  ( -1.799999999999994493, 0.2000000000000000666, 1.000000000000003997 ) ) ;
#2890 = CARTESIAN_POINT ( 'NONE',  ( 2.000000000000011102, 0.2000000000000028422, 3.035766082959412415E-15 ) ) ;
#2891 =( NAMED_UNIT ( * ) SI_UNIT ( $, .STERADIAN. ) SOLID_ANGLE_UNIT ( ) );
#2892 = CARTESIAN_POINT ( 'NONE',  ( -0.8267949192431048866, 0.2999999999999995448, -0.9999999999999978906 ) ) ;
#2893 = EDGE_LOOP ( 'NONE', ( #5067, #449 ) ) ;
#2894 = DIRECTION ( 'NONE',  ( 0.000000000000000000, 0.000000000000000000, 1.000000000000000000 ) ) ;
#2895 = CARTESIAN_POINT ( 'NONE',  ( -2.750000000000000000, 0.2999999999999981015, -3.199999999999998845 ) ) ;
#2896 = CARTESIAN_POINT ( 'NONE',  ( -2.164815693526469520, 0.2999999999992765121, -0.9433290619900648322 ) ) ;
#2897 = CARTESIAN_POINT ( 'NONE',  ( -0.02005516862973574441, 0.2999999999999999889, -1.827959916847167632 ) ) ;
#2898 = LINE ( 'NONE', #4514, #3701 ) ;
#2899 = CARTESIAN_POINT ( 'NONE',  ( -0.8267949192431047756, 0.2999999999999991007, -1.999999999999998668 ) ) ;
#2900 = EDGE_LOOP ( 'NONE', ( #4214, #1754 ) ) ;
#2901 = CARTESIAN_POINT ( 'NONE',  ( 0.03802159482813898678, 0.2999999999999998224, 1.168980348936576652 ) ) ;
#2902 = DIRECTION ( 'NONE',  ( -0.000000000000000000, -1.000000000000000000, -0.000000000000000000 ) ) ;
#2903 = ITEM_DEFINED_TRANSFORMATION ( 'NONE', 'NONE', #4803,  #1744 ) ;
#2904 = DIRECTION ( 'NONE',  ( 1.000000000000000000, 6.866613759074861087E-16, 0.000000000000000000 ) ) ;
#2905 = APPLICATION_CONTEXT ( 'automotive_design' ) ;
#2906 = CARTESIAN_POINT ( 'NONE',  ( 0.8000000000000073719, 0.2000000000000026201, 1.000000000000003775 ) ) ;
#2907 = CARTESIAN_POINT ( 'NONE',  ( 0.1634413012752671535, 0.2999999999999998224, 2.057331850113620852 ) ) ;
#2908 = ADVANCED_FACE ( 'NONE', ( #3387 ), #1625, .T. ) ;
#2909 = CARTESIAN_POINT ( 'NONE',  ( -0.8768673050863127205, 0.2999999999999993783, -0.1218127228301463250 ) ) ;
#2910 = SHAPE_REPRESENTATION_RELATIONSHIP ( 'NONE' , 'NONE' ,  #3417, #3678 ) ;
#2911 = ORIENTED_EDGE ( 'NONE', *, *, #649, .T. ) ;
#2912 =( BOUNDED_SURFACE ( )  B_SPLINE_SURFACE ( 3, 3, ( 
 ( #2275, #2299, #299, #1903 ),
 ( #3534, #1521, #3131, #4759 ),
 ( #1114, #2062, #2866, #4834 ),
 ( #3609, #4029, #2401, #1200 ) ),
 .UNSPECIFIED., .F., .F., .F. ) 
 B_SPLINE_SURFACE_WITH_KNOTS ( ( 4, 4 ),
 ( 4, 4 ),
 ( 0.000000000000000000, 1.000000000000000000 ),
 ( 0.000000000000000000, 1.000000000000000000 ),
 .UNSPECIFIED. ) 
 GEOMETRIC_REPRESENTATION_ITEM ( )  RATIONAL_B_SPLINE_SURFACE ( (
 ( 1.000000000000000000, 0.3333333333333334259, 0.3333333333333334259, 1.000000000000000000),
 ( 0.3333333333333333703, 0.1111111111111111605, 0.1111111111111111605, 0.3333333333333333703),
 ( 0.3333333333333333703, 0.1111111111111111605, 0.1111111111111111605, 0.3333333333333333703),
 ( 1.000000000000000000, 0.3333333333333334259, 0.3333333333333334259, 1.000000000000000000) ) ) 
 REPRESENTATION_ITEM ( '' )  SURFACE ( )  );
#2913 = FACE_OUTER_BOUND ( 'NONE', #3006, .T. ) ;
#2914 = CARTESIAN_POINT ( 'NONE',  ( -1.827115420300359228, 0.2999999999999986011, 0.9878415399250718432 ) ) ;
#2915 = AXIS2_PLACEMENT_3D ( 'NONE', #4385, #2412, #4038 ) ;
#2916 = CARTESIAN_POINT ( 'NONE',  ( 1.800000000000010258, 0.2000000000000028422, 3.035766082959412415E-15 ) ) ;
#2917 = ADVANCED_FACE ( 'NONE', ( #621 ), #600, .F. ) ;
#2918 = CARTESIAN_POINT ( 'NONE',  ( -1.173205080756883012, 0.2999999999999993228, -0.9939249650772238320 ) ) ;
#2919 =( GEOMETRIC_REPRESENTATION_CONTEXT ( 3 ) GLOBAL_UNCERTAINTY_ASSIGNED_CONTEXT ( ( #2448 ) ) GLOBAL_UNIT_ASSIGNED_CONTEXT ( ( #3358, #4223, #597 ) ) REPRESENTATION_CONTEXT ( 'NONE', 'WORKASPACE' ) );
#2920 = VERTEX_POINT ( 'NONE', #4105 ) ;
#2921 = SHAPE_DEFINITION_REPRESENTATION ( #1581, #1226 ) ;
#2922 = CARTESIAN_POINT ( 'NONE',  ( 1.851791196380858873, 0.2999999999992792321, 0.09170582629977788724 ) ) ;
#2923 = AXIS2_PLACEMENT_3D ( 'NONE', #2303, #330, #4786 ) ;
#2924 = DIRECTION ( 'NONE',  ( -1.000000000000000000, -7.228014483236697541E-16, 0.000000000000000000 ) ) ;
#2925 = CARTESIAN_POINT ( 'NONE',  ( -0.9992002096221099805, 0.2999999999999991007, -2.174284733648188084 ) ) ;
#2926 = VERTEX_POINT ( 'NONE', #1253 ) ;
#2927 = CARTESIAN_POINT ( 'NONE',  ( -2.400000000000001243, 1.199999999999998179, -3.399999999999999467 ) ) ;
#2928 = CARTESIAN_POINT ( 'NONE',  ( -0.7999999999999933831, 0.2000000000000007327, -0.5999999999999967581 ) ) ;
#2929 = CARTESIAN_POINT ( 'NONE',  ( 2.200000000000011724, 0.2000000000000028977, -1.399999999999998801 ) ) ;
#2930 = AXIS2_PLACEMENT_3D ( 'NONE', #3620, #2379, #4457 ) ;
#2931 = B_SPLINE_CURVE_WITH_KNOTS ( 'NONE', 3,
 ( #4081, #3270, #4055, #2460, #1645, #850, #4835, #4893, #1261, #458, #3241, #743, #4483, #3185, #2785, #4030, #2064, #1674, #3212, #2867, #1178, #405, #3690, #61, #2035, #4399, #823, #4811, #3610, #1982, #2372 ),
 .UNSPECIFIED., .F., .F.,
 ( 4, 3, 3, 3, 3, 3, 3, 3, 3, 3, 4 ),
 ( 0.0005414071114497594032, 0.0005995644190492010681, 0.0006577217266486427329, 0.0007158790342480353917, 0.0007740363418475244362, 0.0008321936494469659926, 0.0008903509570464072237, 0.0009485082646458485632, 0.001006665572245545124, 0.001064822879844731351, 0.001082814222899519023 ),
 .UNSPECIFIED. ) ;
#2932 = PRESENTATION_LAYER_ASSIGNMENT (  '', '', ( #148 ) ) ;
#2933 = FACE_OUTER_BOUND ( 'NONE', #2814, .T. ) ;
#2934 = CARTESIAN_POINT ( 'NONE',  ( 2.173205080756900109, 0.3000000000000015432, 3.062871137271550026E-15 ) ) ;
#2935 = CARTESIAN_POINT ( 'NONE',  ( 1.058443926485783004, 0.3000000000000007105, 0.8358046422568745637 ) ) ;
#2936 = PRESENTATION_STYLE_ASSIGNMENT (( #1323 ) ) ;
#2937 = CARTESIAN_POINT ( 'NONE',  ( -0.8905010467760305914, 0.2999999999999993783, -0.1355942007990179887 ) ) ;
#2938 = AXIS2_PLACEMENT_3D ( 'NONE', #3051, #3449, #4235 ) ;
#2939 = VECTOR ( 'NONE', #1721, 1000.000000000000000 ) ;
#2940 = UNCERTAINTY_MEASURE_WITH_UNIT (LENGTH_MEASURE( 1.000000000000000082E-05 ), #1078, 'distance_accuracy_value', 'NONE');
#2941 = PRODUCT_DEFINITION_SHAPE ( 'NONE', 'NONE',  #1291 ) ;
#2942 = VERTEX_POINT ( 'NONE', #3657 ) ;
#2943 = PRODUCT_RELATED_PRODUCT_CATEGORY ( 'part', '', ( #4077 ) ) ;
#2944 = CARTESIAN_POINT ( 'NONE',  ( -2.750000000000000000, 0.3999999999999981348, -3.199999999999998845 ) ) ;
#2945 = FILL_AREA_STYLE ('',( #4552 ) ) ;
#2946 = PLANE ( 'NONE',  #378 ) ;
#2947 =( GEOMETRIC_REPRESENTATION_CONTEXT ( 3 ) GLOBAL_UNCERTAINTY_ASSIGNED_CONTEXT ( ( #4319 ) ) GLOBAL_UNIT_ASSIGNED_CONTEXT ( ( #3985, #4431, #4820 ) ) REPRESENTATION_CONTEXT ( 'NONE', 'WORKASPACE' ) );
#2948 = CARTESIAN_POINT ( 'NONE',  ( -2.109498953223958306, 0.2999999999999984901, 1.135594200799024955 ) ) ;
#2949 = CARTESIAN_POINT ( 'NONE',  ( 0.000000000000000000, 0.000000000000000000, 0.000000000000000000 ) ) ;
#2950 = CARTESIAN_POINT ( 'NONE',  ( 2.200000000000011724, 0.2000000000000028422, -1.999999999999998668 ) ) ;
#2951 = EDGE_CURVE ( 'NONE', #4035, #3266, #1096, .T. ) ;
#2952 = ORIENTED_EDGE ( 'NONE', *, *, #2686, .T. ) ;
#2953 = APPLICATION_PROTOCOL_DEFINITION ( 'draft international standard', 'automotive_design', 1998, #5121 ) ;
#2954 = CARTESIAN_POINT ( 'NONE',  ( 1.163441301275267792, 0.3000000000000007661, 0.05733185011361922878 ) ) ;
#2955 = CARTESIAN_POINT ( 'NONE',  ( -0.1728845796996289763, 0.2999999999999998779, -1.987841539925066625 ) ) ;
#2956 = CYLINDRICAL_SURFACE ( 'NONE', #4033, 0.2999999999999999334 ) ;
#2957 = CARTESIAN_POINT ( 'NONE',  ( -1.843487751427146160, 0.2999999999992764566, 0.9258116178452246992 ) ) ;
#2958 = ORIENTED_EDGE ( 'NONE', *, *, #74, .T. ) ;
#2959 = FILL_AREA_STYLE ('',( #199 ) ) ;
#2960 = CARTESIAN_POINT ( 'NONE',  ( -0.1634413012752532757, 0.2999999999999998224, 0.9426681498863878073 ) ) ;
#2961 = FILL_AREA_STYLE ('',( #1757 ) ) ;
#2962 = CARTESIAN_POINT ( 'NONE',  ( 0.1648156935264813716, 0.2999999999992780664, 1.943329061990072271 ) ) ;
#2963 = CARTESIAN_POINT ( 'NONE',  ( -1.136766436603459551, 0.2999999999999991007, 0.1080312448612137238 ) ) ;
#2964 = ITEM_DEFINED_TRANSFORMATION ( 'NONE', 'NONE', #1910,  #1744 ) ;
#2965 = CARTESIAN_POINT ( 'NONE',  ( 1.852639094415392540, 0.3000000000000012101, -0.09306219185442368702 ) ) ;
#2966 = CARTESIAN_POINT ( 'NONE',  ( -1.020055168629736331, 0.2999999999999992673, 2.172040083152836587 ) ) ;
#2967 = CARTESIAN_POINT ( 'NONE',  ( 0.8267949192431185423, 0.3000000000000005440, 0.9806142308001902785 ) ) ;
#2968 =( NAMED_UNIT ( * ) SI_UNIT ( $, .STERADIAN. ) SOLID_ANGLE_UNIT ( ) );
#2969 = CARTESIAN_POINT ( 'NONE',  ( -2.173205080756884122, 0.2999999999999983791, 1.980614230800191278 ) ) ;
#2970 = CARTESIAN_POINT ( 'NONE',  ( -1.173205080756883012, 0.2999999999999993228, 2.000000000000005329 ) ) ;
#2971 = CARTESIAN_POINT ( 'NONE',  ( -2.199999999999994849, 0.2000000000000000111, 1.400000000000005018 ) ) ;
#2972 = CARTESIAN_POINT ( 'NONE',  ( 1.058443926485782782, 0.3000000000000008216, -0.1641953577431264633 ) ) ;
#2973 =( NAMED_UNIT ( * ) PLANE_ANGLE_UNIT ( ) SI_UNIT ( $, .RADIAN. ) );
#2974 = FACE_OUTER_BOUND ( 'NONE', #331, .T. ) ;
#2975 = ORIENTED_EDGE ( 'NONE', *, *, #3132, .T. ) ;
#2976 = SHAPE_DEFINITION_REPRESENTATION ( #4026, #3761 ) ;
#2977 = CARTESIAN_POINT ( 'NONE',  ( 0.8000000000000073719, 1.000000000000004663, 2.400000000000006573 ) ) ;
#2978 = CARTESIAN_POINT ( 'NONE',  ( -0.1231326949136744009, 0.2999999999999998224, 0.1218127228301524312 ) ) ;
#2979 = CARTESIAN_POINT ( 'NONE',  ( 0.8267949192431185423, 0.3000000000000007661, -1.993924965077225053 ) ) ;
#2980 = ADVANCED_FACE ( 'NONE', ( #3736, #2540 ), #1085, .T. ) ;
#2981 = CARTESIAN_POINT ( 'NONE',  ( -2.135250754901238945, 0.2999999999999984901, 0.8918000309674569692 ) ) ;
#2982 = ORIENTED_EDGE ( 'NONE', *, *, #3207, .T. ) ;
#2983 = PRODUCT ( 'MT29F4G01ABAFD12-AAT_F', 'MT29F4G01ABAFD12-AAT_F', '', ( #1718 ) ) ;
#2984 = CARTESIAN_POINT ( 'NONE',  ( -0.1698580992654973865, 0.2999999999999998224, 0.9609611198754531847 ) ) ;
#2985 = CARTESIAN_POINT ( 'NONE',  ( -1.199999999999994404, 0.2000000000000007605, 3.035766082959412415E-15 ) ) ;
#2986 = EDGE_CURVE ( 'NONE', #4143, #987, #3268, .T. ) ;
#2987 = CARTESIAN_POINT ( 'NONE',  ( -2.173205080756884122, 0.2999999999999983791, 2.006075034922778944 ) ) ;
#2988 = CARTESIAN_POINT ( 'NONE',  ( 2.164815693526485507, 0.2999999999992792321, -0.05667093800993015795 ) ) ;
#2989 = CARTESIAN_POINT ( 'NONE',  ( -1.093297801430816341, 0.2999999999999992673, 2.147211848353471009 ) ) ;
#2990 = CARTESIAN_POINT ( 'NONE',  ( -1.799999999999994271, 0.2000000000000000944, 1.000000000000003775 ) ) ;
#2991 = CARTESIAN_POINT ( 'NONE',  ( -2.038021594828126837, 0.2999999999999982125, 1.831019651063432452 ) ) ;
#2992 =( LENGTH_UNIT ( ) NAMED_UNIT ( * ) SI_UNIT ( .MILLI., .METRE. ) );
#2993 = DIRECTION ( 'NONE',  ( 6.866613759074861087E-16, -1.000000000000000000, 0.000000000000000000 ) ) ;
#2994 = CARTESIAN_POINT ( 'NONE',  ( 2.108249887643485643, 0.2999999999999838352, 2.136593447400107149 ) ) ;
#2995 = CARTESIAN_POINT ( 'NONE',  ( 0.9246264638598126195, 0.2999999999999830580, -0.1571452770438649393 ) ) ;
#2996 = FACE_OUTER_BOUND ( 'NONE', #1471, .T. ) ;
#2997 = DIRECTION ( 'NONE',  ( 0.000000000000000000, 1.000000000000000000, 1.224646799147353207E-16 ) ) ;
#2998 = CLOSED_SHELL ( 'NONE', ( #3756, #2616, #3656 ) ) ;
#2999 = ORIENTED_EDGE ( 'NONE', *, *, #1402, .T. ) ;
#3000 = PRODUCT_CONTEXT ( 'NONE', #5185, 'mechanical' ) ;
#3001 = CARTESIAN_POINT ( 'NONE',  ( -2.199999999999995293, 0.2000000000000000666, -0.9999999999999980016 ) ) ;
#3002 = CARTESIAN_POINT ( 'NONE',  ( -1.199999999999994404, -0.6000000000000010880, 1.400000000000005462 ) ) ;
#3003 = CARTESIAN_POINT ( 'NONE',  ( 0.8297907643179143200, 0.3000000000000005995, -1.962521684456423943 ) ) ;
#3004 = PRESENTATION_LAYER_ASSIGNMENT (  '', '', ( #37 ) ) ;
#3005 = CARTESIAN_POINT ( 'NONE',  ( -1.863233563396529346, 0.2999999999999985456, 0.8919687551387934787 ) ) ;
#3006 = EDGE_LOOP ( 'NONE', ( #3076, #2449 ) ) ;
#3007 = PRODUCT_RELATED_PRODUCT_CATEGORY ( 'part', '', ( #1503 ) ) ;
#3008 = VECTOR ( 'NONE', #5156, 1000.000000000000000 ) ;
#3009 = CARTESIAN_POINT ( 'NONE',  ( -1.199999999999994404, -0.6000000000000009770, -0.3999999999999979683 ) ) ;
#3010 = CARTESIAN_POINT ( 'NONE',  ( -1.199999999999994404, -0.6000000000000010880, -1.399999999999999245 ) ) ;
#3011 = FILL_AREA_STYLE ('',( #2181 ) ) ;
#3012 = CARTESIAN_POINT ( 'NONE',  ( -0.7999999999999936051, 1.000000000000002442, 0.4000000000000040745 ) ) ;
#3013 = CARTESIAN_POINT ( 'NONE',  ( 2.075870863958305446, 0.3000000000000014877, 1.844296396951707662 ) ) ;
#3014 = AXIS2_PLACEMENT_3D ( 'NONE', #623, #1149, #5168 ) ;
#3015 = EDGE_CURVE ( 'NONE', #1034, #2644, #3933, .T. ) ;
#3016 = CONTEXT_DEPENDENT_SHAPE_REPRESENTATION ( #311, #1540 ) ;
#3017 =( GEOMETRIC_REPRESENTATION_CONTEXT ( 3 ) GLOBAL_UNCERTAINTY_ASSIGNED_CONTEXT ( ( #4592 ) ) GLOBAL_UNIT_ASSIGNED_CONTEXT ( ( #70, #4947, #4088 ) ) REPRESENTATION_CONTEXT ( 'NONE', 'WORKASPACE' ) );
#3018 = FACE_OUTER_BOUND ( 'NONE', #370, .T. ) ;
#3019 = CARTESIAN_POINT ( 'NONE',  ( -1.799999999999994049, 1.000000000000001776, 0.6000000000000029754 ) ) ;
#3020 =( NAMED_UNIT ( * ) SI_UNIT ( $, .STERADIAN. ) SOLID_ANGLE_UNIT ( ) );
#3021 = CARTESIAN_POINT ( 'NONE',  ( -1.876867305086313831, 0.2999999999999987677, 1.878187277169855784 ) ) ;
#3022 = AXIS2_PLACEMENT_3D ( 'NONE', #3805, #1785, #5037 ) ;
#3023 = CARTESIAN_POINT ( 'NONE',  ( 2.147360905584625446, 0.3000000000000015987, 2.093062191854431653 ) ) ;
#3024 = CARTESIAN_POINT ( 'NONE',  ( 0.1732050807568960293, 0.3000000000000002665, 1.000000000000003997 ) ) ;
#3025 = DIRECTION ( 'NONE',  ( 0.000000000000000000, 0.000000000000000000, 1.000000000000000000 ) ) ;
#3026 = COLOUR_RGB ( '',0.7921568627450980005, 0.8196078431372548767, 0.9333333333333333481 ) ;
#3027 = CARTESIAN_POINT ( 'NONE',  ( -2.136766436603460217, 0.2999999999999982681, -0.8919687551387870394 ) ) ;
#3028 = CARTESIAN_POINT ( 'NONE',  ( 0.8000000000000072609, 0.2000000000000021760, 1.000000000000003997 ) ) ;
#3029 =( REPRESENTATION_RELATIONSHIP ('NONE','NONE', #2642, #1226 ) REPRESENTATION_RELATIONSHIP_WITH_TRANSFORMATION ( #2130 )SHAPE_REPRESENTATION_RELATIONSHIP( ) );
#3030 = AXIS2_PLACEMENT_3D ( 'NONE', #1411, #3025, #3713 ) ;
#3031 =( GEOMETRIC_REPRESENTATION_CONTEXT ( 3 ) GLOBAL_UNCERTAINTY_ASSIGNED_CONTEXT ( ( #4590 ) ) GLOBAL_UNIT_ASSIGNED_CONTEXT ( ( #501, #2612, #106 ) ) REPRESENTATION_CONTEXT ( 'NONE', 'WORKASPACE' ) );
#3032 = PRODUCT ( 'MT25QL256ABA8E12-1SIT TR_5', 'MT25QL256ABA8E12-1SIT TR_5', '', ( #3000 ) ) ;
#3033 = VERTEX_POINT ( 'NONE', #479 ) ;
#3034 = DIRECTION ( 'NONE',  ( 0.000000000000000000, 0.000000000000000000, 1.000000000000000000 ) ) ;
#3035 = CARTESIAN_POINT ( 'NONE',  ( -2.199999999999995293, 0.2000000000000000389, -0.9999999999999978906 ) ) ;
#3036 = CARTESIAN_POINT ( 'NONE',  ( 0.1570245032850228484, 0.3000000000000000444, 0.07562482010268459232 ) ) ;
#3037 = CARTESIAN_POINT ( 'NONE',  ( 1.173205080756897001, 0.3000000000000009881, -0.9999999999999976685 ) ) ;
#3038 = ORIENTED_EDGE ( 'NONE', *, *, #3815, .T. ) ;
#3039 = CARTESIAN_POINT ( 'NONE',  ( -2.199999999999995293, 1.000000000000002220, 2.400000000000006573 ) ) ;
#3040 = CARTESIAN_POINT ( 'NONE',  ( -0.7999999999999933831, 0.2000000000000007327, -0.9999999999999978906 ) ) ;
#3041 = CARTESIAN_POINT ( 'NONE',  ( -2.147360905584613455, 0.2999999999999984901, -0.09306219185442374253 ) ) ;
#3042 = CARTESIAN_POINT ( 'NONE',  ( -2.400000000000001243, 1.199999999999998179, -3.399999999999999467 ) ) ;
#3043 = ORIENTED_EDGE ( 'NONE', *, *, #5034, .T. ) ;
#3044 = FILL_AREA_STYLE_COLOUR ( '', #4188 ) ;
#3045 = DIRECTION ( 'NONE',  ( 1.000000000000000000, -0.000000000000000000, 1.445602896647339163E-16 ) ) ;
#3046 = CARTESIAN_POINT ( 'NONE',  ( -2.199999999999995293, 1.000000000000001776, -0.3999999999999978018 ) ) ;
#3047 = EDGE_CURVE ( 'NONE', #1565, #1850, #1222, .T. ) ;
#3048 = CARTESIAN_POINT ( 'NONE',  ( 1.827753766530867185, 0.3000000000000010436, 2.018199864166946078 ) ) ;
#3049 = APPLICATION_CONTEXT ( 'automotive_design' ) ;
#3050 = CARTESIAN_POINT ( 'NONE',  ( 1.173205080756897001, 0.3000000000000007661, 3.062871137271550026E-15 ) ) ;
#3051 = CARTESIAN_POINT ( 'NONE',  ( 0.000000000000000000, 0.000000000000000000, 0.000000000000000000 ) ) ;
#3052 = CARTESIAN_POINT ( 'NONE',  ( 2.075373536140205921, 0.2999999999999838352, -0.8428547229561297316 ) ) ;
#3053 = CARTESIAN_POINT ( 'NONE',  ( 0.8000000000000072609, 0.2000000000000021483, -0.9999999999999978906 ) ) ;
#3054 = EDGE_CURVE ( 'NONE', #324, #637, #1494, .T. ) ;
#3055 = ORIENTED_EDGE ( 'NONE', *, *, #2746, .T. ) ;
#3056 = APPLICATION_PROTOCOL_DEFINITION ( 'draft international standard', 'automotive_design', 1998, #336 ) ;
#3057 = SHAPE_REPRESENTATION ( 'MT25QL256ABA8E12-1SIT TR_24', ( #1744 ), #2947 ) ;
#3058 = CARTESIAN_POINT ( 'NONE',  ( -0.05844392648576816202, 0.2999999999999998779, 0.1641953577431325140 ) ) ;
#3059 = CARTESIAN_POINT ( 'NONE',  ( 0.9992002096221233032, 0.3000000000000004885, -1.825715266351809474 ) ) ;
#3060 = B_SPLINE_CURVE_WITH_KNOTS ( 'NONE', 3,
 ( #2856, #1611, #1297, #1634, #1275, #105, #2509, #3312, #20, #1687, #4045, #838, #2444, #4878, #2110, #4437, #4067, #476, #4097, #4564, #2937, #2909, #2048, #2534, #808, #524, #446, #3677, #2421, #4529, #50 ),
 .UNSPECIFIED., .F., .F.,
 ( 4, 3, 3, 3, 3, 3, 3, 3, 3, 3, 4 ),
 ( 0.000000000000000000, 5.815730759944125823E-05, 0.0001163146151988826113, 0.0001744719227982760427, 0.0002326292303977649516, 0.0002907865379972065351, 0.0003489438455966478747, 0.0004071011531960891600, 0.0004652584607957853955, 0.0005234157683949717307, 0.0005414071114497596201 ),
 .UNSPECIFIED. ) ;
#3061 = VERTEX_POINT ( 'NONE', #3759 ) ;
#3062 = CARTESIAN_POINT ( 'NONE',  ( -0.7999999999999933831, 0.2000000000000007605, 3.060259018942359918E-15 ) ) ;
#3063 = CARTESIAN_POINT ( 'NONE',  ( 2.136766436603476649, 0.3000000000000011546, -1.108031244861208853 ) ) ;
#3064 = FILL_AREA_STYLE_COLOUR ( '', #2308 ) ;
#3065 = CARTESIAN_POINT ( 'NONE',  ( -1.979944831370252567, 0.2999999999999986011, -0.1720400831528282604 ) ) ;
#3066 = CARTESIAN_POINT ( 'NONE',  ( 2.058443926485781894, 0.3000000000000014877, 1.835804642256875896 ) ) ;
#3067 = EDGE_LOOP ( 'NONE', ( #1040, #477 ) ) ;
#3068 = ITEM_DEFINED_TRANSFORMATION ( 'NONE', 'NONE', #3868,  #1744 ) ;
#3069 = CARTESIAN_POINT ( 'NONE',  ( 1.826794919243121651, 0.3000000000000013212, -0.01938576919981069638 ) ) ;
#3070 = CARTESIAN_POINT ( 'NONE',  ( -2.038021594828126837, 0.2999999999999982125, -1.168980348936570657 ) ) ;
#3071 = CARTESIAN_POINT ( 'NONE',  ( -0.9430654839718833893, 0.2999999999999989897, -1.835275172083517647 ) ) ;
#3072 = PRESENTATION_STYLE_ASSIGNMENT (( #2212 ) ) ;
#3073 = CARTESIAN_POINT ( 'NONE',  ( 0.8267949192431185423, 0.3000000000000004885, -0.9999999999999978906 ) ) ;
#3074 = CARTESIAN_POINT ( 'NONE',  ( -1.891750112356516356, 0.2999999999999810041, -0.8634065525998959600 ) ) ;
#3075 = CARTESIAN_POINT ( 'NONE',  ( 1.200000000000008171, -0.5999999999999998668, -1.399999999999999245 ) ) ;
#3076 = ORIENTED_EDGE ( 'NONE', *, *, #74, .F. ) ;
#3077 = APPLICATION_PROTOCOL_DEFINITION ( 'draft international standard', 'automotive_design', 1998, #873 ) ;
#3078 = ADVANCED_FACE ( 'NONE', ( #2193 ), #5018, .T. ) ;
#3079 = CARTESIAN_POINT ( 'NONE',  ( -2.199999999999995737, 0.2000000000000000666, -0.9999999999999978906 ) ) ;
#3080 = CARTESIAN_POINT ( 'NONE',  ( -0.1999999999999935718, 0.2000000000000014544, 2.000000000000005329 ) ) ;
#3081 = ORIENTED_EDGE ( 'NONE', *, *, #3891, .T. ) ;
#3082 = CARTESIAN_POINT ( 'NONE',  ( 0.0007997903778907539379, 0.3000000000000000444, -2.174284733648188084 ) ) ;
#3083 = CLOSED_SHELL ( 'NONE', ( #5194, #236, #2525 ) ) ;
#3084 = CARTESIAN_POINT ( 'NONE',  ( 1.852639094415392540, 0.3000000000000009881, -1.093062191854424547 ) ) ;
#3085 = CARTESIAN_POINT ( 'NONE',  ( 1.826794919243121651, 0.3000000000000012657, 1.000000000000003997 ) ) ;
#3086 = CARTESIAN_POINT ( 'NONE',  ( -2.059984127722458425E-16, 0.2999999999999999889, -3.749999999999999112 ) ) ;
#3087 = EDGE_LOOP ( 'NONE', ( #2123, #2658 ) ) ;
#3088 = CARTESIAN_POINT ( 'NONE',  ( -1.924129136041696331, 0.2999999999999986566, -1.155703603048295447 ) ) ;
#3089 = CARTESIAN_POINT ( 'NONE',  ( -1.093297801430817007, 0.2999999999999996003, -1.852788151646533432 ) ) ;
#3090 = CIRCLE ( 'NONE', #552, 0.2000000000000005107 ) ;
#3091 = STYLED_ITEM ( 'NONE', ( #4221 ), #2877 ) ;
#3092 = ADVANCED_BREP_SHAPE_REPRESENTATION ( '', ( #4454, #1744 ), #4970 ) ;
#3093 = CARTESIAN_POINT ( 'NONE',  ( -1.199999999999994404, 0.2000000000000007327, 2.000000000000005329 ) ) ;
#3094 = CARTESIAN_POINT ( 'NONE',  ( -0.1999999999999935718, 0.2000000000000014544, 1.000000000000003997 ) ) ;
#3095 = CARTESIAN_POINT ( 'NONE',  ( -1.199999999999994404, 0.2000000000000007883, -1.999999999999998668 ) ) ;
#3096 = FACE_OUTER_BOUND ( 'NONE', #796, .T. ) ;
#3097 = AXIS2_PLACEMENT_3D ( 'NONE', #436, #465, #4120 ) ;
#3098 = PRODUCT_DEFINITION ( 'UNKNOWN', '', #2680, #1355 ) ;
#3099 = ORIENTED_EDGE ( 'NONE', *, *, #940, .T. ) ;
#3100 = AXIS2_PLACEMENT_3D ( 'NONE', #4498, #2508, #1733 ) ;
#3101 = CARTESIAN_POINT ( 'NONE',  ( 0.8000000000000075939, 1.000000000000002665, -0.5999999999999972022 ) ) ;
#3102 = CARTESIAN_POINT ( 'NONE',  ( 0.8000000000000072609, 0.2000000000000022593, -0.3999999999999979683 ) ) ;
#3103 = CARTESIAN_POINT ( 'NONE',  ( 0.2000000000000074218, 0.2000000000000012601, 2.400000000000006128 ) ) ;
#3104 = PRODUCT_DEFINITION_SHAPE ( 'NONE', 'NONE',  #5262 ) ;
#3105 = PRESENTATION_LAYER_ASSIGNMENT (  '', '', ( #4558 ) ) ;
#3106 = EDGE_CURVE ( 'NONE', #3642, #192, #1571, .T. ) ;
#3107 = ORIENTED_EDGE ( 'NONE', *, *, #3623, .F. ) ;
#3108 = APPLICATION_CONTEXT ( 'automotive_design' ) ;
#3109 = PRODUCT_DEFINITION_FORMATION_WITH_SPECIFIED_SOURCE ( 'ANY', '', #4502, .NOT_KNOWN. ) ;
#3110 = CARTESIAN_POINT ( 'NONE',  ( -0.01910867362816173406, 0.2999999999999996558, -2.173235869956659627 ) ) ;
#3111 = CARTESIAN_POINT ( 'NONE',  ( -1.075373536140189046, 0.2999999999999817257, 1.842854722956137170 ) ) ;
#3112 = FILL_AREA_STYLE ('',( #1879 ) ) ;
#3113 = CARTESIAN_POINT ( 'NONE',  ( -2.108249887643473652, 0.2999999999999808931, -0.1365934474000987109 ) ) ;
#3114 = CARTESIAN_POINT ( 'NONE',  ( -0.1999999999999936273, 1.000000000000002887, -1.599999999999997868 ) ) ;
#3115 = SHAPE_REPRESENTATION ( 'MT25QL256ABA8E12-1SIT TR_7', ( #1744 ), #4109 ) ;
#3116 = VERTEX_POINT ( 'NONE', #3837 ) ;
#3117 = DIRECTION ( 'NONE',  ( 1.000000000000000000, 6.866613759074861087E-16, 0.000000000000000000 ) ) ;
#3118 = CARTESIAN_POINT ( 'NONE',  ( 1.200000000000008393, 0.2000000000000021483, 3.011273146976464912E-15 ) ) ;
#3119 =( LENGTH_UNIT ( ) NAMED_UNIT ( * ) SI_UNIT ( .MILLI., .METRE. ) );
#3120 = B_SPLINE_CURVE_WITH_KNOTS ( 'NONE', 3,
 ( #1146, #255, #2726, #2653, #4273, #3084, #2230, #1857, #4713, #5139, #228, #4297, #1836, #3463, #4686, #646, #5091, #1042, #1450, #2300, #1067, #5115, #3063, #3483, #4321, #3133, #2256, #1115, #671, #3881, #5165 ),
 .UNSPECIFIED., .F., .F.,
 ( 4, 3, 3, 3, 3, 3, 3, 3, 3, 3, 4 ),
 ( 0.000000000000000000, 5.815730759944121080E-05, 0.0001163146151988825978, 0.0001744719227982762324, 0.0002326292303977644637, 0.0002907865379972062098, 0.0003489438455966476578, 0.0004071011531960886179, 0.0004652584607957853955, 0.0005234157683949716222, 0.0005414071114497596201 ),
 .UNSPECIFIED. ) ;
#3121 = CARTESIAN_POINT ( 'NONE',  ( 1.091811711891857772, 0.2999999999999831690, -0.8531306377780211170 ) ) ;
#3122 = CARTESIAN_POINT ( 'NONE',  ( 0.2000000000000073941, 1.000000000000002887, 1.400000000000004574 ) ) ;
#3123 = CARTESIAN_POINT ( 'NONE',  ( -1.169858099265498330, 0.2999999999999991007, -1.039038880124548703 ) ) ;
#3124 = CARTESIAN_POINT ( 'NONE',  ( -1.058443926485768793, 0.2999999999999991562, 1.164195357743133430 ) ) ;
#3125 = FACE_OUTER_BOUND ( 'NONE', #426, .T. ) ;
#3126 = VERTEX_POINT ( 'NONE', #3811 ) ;
#3127 = PLANE ( 'NONE',  #4542 ) ;
#3128 = CARTESIAN_POINT ( 'NONE',  ( 1.864749245098766828, 0.3000000000000017653, -2.108199969032545251 ) ) ;
#3129 = CARTESIAN_POINT ( 'NONE',  ( -2.700000000000000178, 0.2514718625761412363, -3.399999999999999467 ) ) ;
#3130 = EDGE_LOOP ( 'NONE', ( #1433, #4710 ) ) ;
#3131 = CARTESIAN_POINT ( 'NONE',  ( 1.800000000000010258, -0.5999999999999989786, 0.4000000000000039080 ) ) ;
#3132 = EDGE_CURVE ( 'NONE', #4317, #225, #1738, .T. ) ;
#3133 = CARTESIAN_POINT ( 'NONE',  ( 2.164815693526485507, 0.2999999999992790101, -1.056670938009931060 ) ) ;
#3134 = SURFACE_STYLE_FILL_AREA ( #3112 ) ;
#3135 = CARTESIAN_POINT ( 'NONE',  ( 0.1648156935264812328, 0.2999999999992778443, -1.056670938009930838 ) ) ;
#3136 = DIRECTION ( 'NONE',  ( -1.000000000000000000, 0.000000000000000000, 0.000000000000000000 ) ) ;
#3137 = EDGE_LOOP ( 'NONE', ( #531, #3353 ) ) ;
#3138 = EDGE_CURVE ( 'NONE', #2495, #907, #3603, .T. ) ;
#3139 = CARTESIAN_POINT ( 'NONE',  ( -2.056934516028106064, 0.2999999999999982125, -1.164724827916479022 ) ) ;
#3140 = DIRECTION ( 'NONE',  ( -1.000000000000000000, -6.776263578034402713E-16, 0.000000000000000000 ) ) ;
#3141 = CARTESIAN_POINT ( 'NONE',  ( 0.8905010467760444692, 0.3000000000000003775, -0.8644057992009767100 ) ) ;
#3142 = PRODUCT_DEFINITION_SHAPE ( 'NONE', 'NONE',  #727 ) ;
#3143 = CARTESIAN_POINT ( 'NONE',  ( 1.093297801430830107, 0.3000000000000005995, -1.147211848353463681 ) ) ;
#3144 = CARTESIAN_POINT ( 'NONE',  ( -1.038021594828125949, 0.2999999999999989342, -1.168980348936570879 ) ) ;
#3145 =( NAMED_UNIT ( * ) SI_UNIT ( $, .STERADIAN. ) SOLID_ANGLE_UNIT ( ) );
#3146 = CARTESIAN_POINT ( 'NONE',  ( -1.136766436603459551, 0.2999999999999991007, 1.108031244861214626 ) ) ;
#3147 = CARTESIAN_POINT ( 'NONE',  ( 1.200000000000008393, 0.2000000000000021483, -0.9999999999999978906 ) ) ;
#3148 = CARTESIAN_POINT ( 'NONE',  ( 0.8526390944153892093, 0.3000000000000005440, 1.906937808145578783 ) ) ;
#3149 = FACE_BOUND ( 'NONE', #1182, .T. ) ;
#3150 = CARTESIAN_POINT ( 'NONE',  ( -2.199999999999995293, 0.2000000000000000666, 3.035766082959412415E-15 ) ) ;
#3151 = EDGE_LOOP ( 'NONE', ( #3379, #292 ) ) ;
#3152 = CARTESIAN_POINT ( 'NONE',  ( 0.2000000000000074496, 0.2000000000000014544, 2.000000000000005329 ) ) ;
#3153 = CARTESIAN_POINT ( 'NONE',  ( -1.163441301275254247, 0.2999999999999991007, 1.942668149886389140 ) ) ;
#3154 = PRESENTATION_STYLE_ASSIGNMENT (( #5215 ) ) ;
#3155 = CARTESIAN_POINT ( 'NONE',  ( 0.05844392648578199817, 0.2999999999999998779, -1.164195357743127213 ) ) ;
#3156 = CARTESIAN_POINT ( 'NONE',  ( -0.8267949192431048866, 0.2999999999999993228, 3.062871137271550026E-15 ) ) ;
#3157 = UNCERTAINTY_MEASURE_WITH_UNIT (LENGTH_MEASURE( 1.000000000000000082E-05 ), #1605, 'distance_accuracy_value', 'NONE');
#3158 = PRODUCT_RELATED_PRODUCT_CATEGORY ( 'part', '', ( #3989 ) ) ;
#3159 = VERTEX_POINT ( 'NONE', #3024 ) ;
#3160 = CLOSED_SHELL ( 'NONE', ( #380, #3631, #3496 ) ) ;
#3161 =( NAMED_UNIT ( * ) SI_UNIT ( $, .STERADIAN. ) SOLID_ANGLE_UNIT ( ) );
#3162 = DIRECTION ( 'NONE',  ( 1.448400965878979610E-47, -1.000000000000000000, -1.001935572513122293E-31 ) ) ;
#3163 = CARTESIAN_POINT ( 'NONE',  ( 1.173205080756897001, 0.3000000000000007661, 1.019385769199817604 ) ) ;
#3164 = CARTESIAN_POINT ( 'NONE',  ( 1.979944831370268110, 0.3000000000000013767, -1.827959916847167632 ) ) ;
#3165 =( LENGTH_UNIT ( ) NAMED_UNIT ( * ) SI_UNIT ( .MILLI., .METRE. ) );
#3166 = EDGE_CURVE ( 'NONE', #3033, #3980, #1440, .T. ) ;
#3167 = APPLICATION_PROTOCOL_DEFINITION ( 'draft international standard', 'automotive_design', 1998, #1688 ) ;
#3168 = CARTESIAN_POINT ( 'NONE',  ( -0.7999999999999933831, 0.2000000000000007327, 2.000000000000005329 ) ) ;
#3169 = STYLED_ITEM ( 'NONE', ( #2531 ), #2713 ) ;
#3170 = CARTESIAN_POINT ( 'NONE',  ( 0.8917501123565291232, 0.2999999999999831690, -1.136593447400099821 ) ) ;
#3171 = FACE_OUTER_BOUND ( 'NONE', #3339, .T. ) ;
#3172 = CARTESIAN_POINT ( 'NONE',  ( -2.100000000000000977, 1.099999999999998312, -3.399999999999999467 ) ) ;
#3173 = CARTESIAN_POINT ( 'NONE',  ( -0.9619784051718621720, 0.2999999999999991007, 0.1689803489365757916 ) ) ;
#3174 = MECHANICAL_DESIGN_GEOMETRIC_PRESENTATION_REPRESENTATION (  '', ( #2500 ), #1060 ) ;
#3175 = APPLICATION_CONTEXT ( 'automotive_design' ) ;
#3176 = CARTESIAN_POINT ( 'NONE',  ( -0.1999999999999935718, 0.2000000000000014544, 3.035766082959412415E-15 ) ) ;
#3177 = CARTESIAN_POINT ( 'NONE',  ( -1.826794919243105664, 0.2999999999999989342, 1.993924965077231048 ) ) ;
#3178 = PRESENTATION_LAYER_ASSIGNMENT (  '', '', ( #4021 ) ) ;
#3179 = DIRECTION ( 'NONE',  ( 1.000000000000000000, 6.866613759074861087E-16, 0.000000000000000000 ) ) ;
#3180 = AXIS2_PLACEMENT_3D ( 'NONE', #2590, #4211, #3421 ) ;
#3181 = VERTEX_POINT ( 'NONE', #1029 ) ;
#3182 = DIRECTION ( 'NONE',  ( 1.000000000000000000, 0.000000000000000000, 0.000000000000000000 ) ) ;
#3183 = UNCERTAINTY_MEASURE_WITH_UNIT (LENGTH_MEASURE( 1.000000000000000082E-05 ), #1535, 'distance_accuracy_value', 'NONE');
#3184 = CARTESIAN_POINT ( 'NONE',  ( 2.091811711891860881, 0.2999999999999838352, 0.1468693622219796879 ) ) ;
#3185 = CARTESIAN_POINT ( 'NONE',  ( 1.019108673628176032, 0.3000000000000002665, 2.173235869956666289 ) ) ;
#3186 = AXIS2_PLACEMENT_3D ( 'NONE', #900, #2115, #3344 ) ;
#3187 = CARTESIAN_POINT ( 'NONE',  ( -1.863233563396529568, 0.2999999999999987677, -0.1080312448612077425 ) ) ;
#3188 = CARTESIAN_POINT ( 'NONE',  ( -0.1999999999999935718, 0.2000000000000014266, 1.000000000000003997 ) ) ;
#3189 = PRODUCT ( 'MT25QL256ABA8E12-1SIT TR_18', 'MT25QL256ABA8E12-1SIT TR_18', '', ( #4999 ) ) ;
#3190 = ORIENTED_EDGE ( 'NONE', *, *, #1704, .F. ) ;
#3191 = PRODUCT_DEFINITION_FORMATION_WITH_SPECIFIED_SOURCE ( 'ANY', '', #4326, .NOT_KNOWN. ) ;
#3192 = VECTOR ( 'NONE', #4982, 1000.000000000000000 ) ;
#3193 = SURFACE_STYLE_FILL_AREA ( #307 ) ;
#3194 = CARTESIAN_POINT ( 'NONE',  ( 0.05693451602811813728, 0.2999999999999998224, 1.164724827916485239 ) ) ;
#3195 = CARTESIAN_POINT ( 'NONE',  ( 1.200000000000008393, 0.2000000000000020928, 0.4000000000000040190 ) ) ;
#3196 = PRODUCT_RELATED_PRODUCT_CATEGORY ( 'part', '', ( #4897 ) ) ;
#3197 = APPLICATION_PROTOCOL_DEFINITION ( 'draft international standard', 'automotive_design', 1998, #4129 ) ;
#3198 = DIRECTION ( 'NONE',  ( 6.866613759074861087E-16, -1.000000000000000000, 0.000000000000000000 ) ) ;
#3199 = CARTESIAN_POINT ( 'NONE',  ( 1.020055168629750320, 0.3000000000000006550, -1.172040083152829038 ) ) ;
#3200 = CARTESIAN_POINT ( 'NONE',  ( 0.8905010467760442472, 0.3000000000000005440, 0.1355942007990240672 ) ) ;
#3201 =( LENGTH_UNIT ( ) NAMED_UNIT ( * ) SI_UNIT ( .MILLI., .METRE. ) );
#3202 = EDGE_CURVE ( 'NONE', #2, #772, #4719, .T. ) ;
#3203 = FACE_OUTER_BOUND ( 'NONE', #253, .T. ) ;
#3204 = DIRECTION ( 'NONE',  ( -1.000000000000000000, 0.000000000000000000, 0.000000000000000000 ) ) ;
#3205 = ORIENTED_EDGE ( 'NONE', *, *, #1741, .T. ) ;
#3206 = CARTESIAN_POINT ( 'NONE',  ( -1.827753766530855195, 0.2999999999999989342, 1.981800135833064580 ) ) ;
#3207 = EDGE_CURVE ( 'NONE', #3301, #1927, #4234, .T. ) ;
#3208 = CARTESIAN_POINT ( 'NONE',  ( -1.961978405171863171, 0.2999999999999983791, 0.1689803489365757916 ) ) ;
#3209 = EDGE_LOOP ( 'NONE', ( #1695, #1990 ) ) ;
#3210 = DIRECTION ( 'NONE',  ( 1.000000000000000000, 0.000000000000000000, 0.000000000000000000 ) ) ;
#3211 = CARTESIAN_POINT ( 'NONE',  ( 1.800000000000010036, 1.000000000000004663, 1.400000000000004574 ) ) ;
#3212 = CARTESIAN_POINT ( 'NONE',  ( 0.9241291360417088763, 0.3000000000000004885, 2.155703603048302774 ) ) ;
#3213 = FACE_OUTER_BOUND ( 'NONE', #1328, .T. ) ;
#3214 = DIRECTION ( 'NONE',  ( -1.000000000000000000, 0.000000000000000000, 0.000000000000000000 ) ) ;
#3215 = CARTESIAN_POINT ( 'NONE',  ( 0.2000000000000074496, 0.2000000000000014266, -1.999999999999998668 ) ) ;
#3216 = VERTEX_POINT ( 'NONE', #5105 ) ;
#3217 = SURFACE_STYLE_USAGE ( .BOTH. , #4489 ) ;
#3218 = CARTESIAN_POINT ( 'NONE',  ( -0.7999999999999933831, 0.2000000000000005662, 2.400000000000006128 ) ) ;
#3219 = CARTESIAN_POINT ( 'NONE',  ( 1.108249887643486531, 0.2999999999999831690, 1.136593447400105816 ) ) ;
#3220 = FILL_AREA_STYLE ('',( #2515 ) ) ;
#3221 =( REPRESENTATION_RELATIONSHIP ('NONE','NONE', #2642, #2270 ) REPRESENTATION_RELATIONSHIP_WITH_TRANSFORMATION ( #2964 )SHAPE_REPRESENTATION_RELATIONSHIP( ) );
#3222 = PRODUCT_CONTEXT ( 'NONE', #3855, 'mechanical' ) ;
#3223 = CARTESIAN_POINT ( 'NONE',  ( -1.199999999999994404, 0.2000000000000012601, 1.000000000000003775 ) ) ;
#3224 = CARTESIAN_POINT ( 'NONE',  ( 1.170209235682101001, 0.3000000000000009881, -2.037478315543574059 ) ) ;
#3225 = FACE_OUTER_BOUND ( 'NONE', #4192, .T. ) ;
#3226 = CARTESIAN_POINT ( 'NONE',  ( -2.199999999999994849, 0.2000000000000000666, 1.600000000000004086 ) ) ;
#3227 = CARTESIAN_POINT ( 'NONE',  ( 1.890501046776047689, 0.3000000000000013212, 1.135594200799024955 ) ) ;
#3228 = PRODUCT_DEFINITION_CONTEXT ( 'detailed design', #4575, 'design' ) ;
#3229 = CARTESIAN_POINT ( 'NONE',  ( -1.842975496714978956, 0.2999999999999989342, 2.075624820102687007 ) ) ;
#3230 = CARTESIAN_POINT ( 'NONE',  ( -0.1231326949136745674, 0.2999999999999996003, -0.8781872771698485680 ) ) ;
#3231 = EDGE_CURVE ( 'NONE', #3181, #5169, #212, .T. ) ;
#3232 = CARTESIAN_POINT ( 'NONE',  ( 0.9081882881081579928, 0.2999999999999831690, 1.853130637778028555 ) ) ;
#3233 = CARTESIAN_POINT ( 'NONE',  ( 2.200000000000011724, 0.2000000000000029254, 3.011273146976464912E-15 ) ) ;
#3234 = CARTESIAN_POINT ( 'NONE',  ( 2.156512248572858947, 0.2999999999992792321, -2.074188382154778409 ) ) ;
#3235 = PRODUCT_DEFINITION_SHAPE ( 'NONE', 'NONE',  #3098 ) ;
#3236 = B_SPLINE_CURVE_WITH_KNOTS ( 'NONE', 3,
 ( #437, #939, #2553, #3389, #3700, #123, #73, #42, #3280, #858, #1682, #1655, #2128, #3305, #4903, #4929, #4172, #1290, #4520, #887, #1268, #2499, #4121, #4949, #542, #2962, #1727, #496, #3359, #4492, #2105 ),
 .UNSPECIFIED., .F., .F.,
 ( 4, 3, 3, 3, 3, 3, 3, 3, 3, 3, 4 ),
 ( 0.000000000000000000, 5.815730759944142764E-05, 0.0001163146151988826655, 0.0001744719227982760969, 0.0002326292303977650871, 0.0002907865379972065351, 0.0003489438455966478204, 0.0004071011531960889974, 0.0004652584607957853413, 0.0005234157683949715138, 0.0005414071114497590780 ),
 .UNSPECIFIED. ) ;
#3237 = EDGE_CURVE ( 'NONE', #1538, #2842, #3865, .T. ) ;
#3238 = VERTEX_POINT ( 'NONE', #3963 ) ;
#3239 = DIRECTION ( 'NONE',  ( 0.000000000000000000, 0.000000000000000000, 1.000000000000000000 ) ) ;
#3240 = DIRECTION ( 'NONE',  ( 0.000000000000000000, 0.000000000000000000, -1.000000000000000000 ) ) ;
#3241 = CARTESIAN_POINT ( 'NONE',  ( 1.075373536140202813, 0.2999999999999830580, 2.157145277043873044 ) ) ;
#3242 = CARTESIAN_POINT ( 'NONE',  ( 0.1231406042178860294, 0.2999999999999997669, -1.876662253789343593 ) ) ;
#3243 = CARTESIAN_POINT ( 'NONE',  ( -0.1698580992654973587, 0.2999999999999998224, -1.039038880124548481 ) ) ;
#3244 = CARTESIAN_POINT ( 'NONE',  ( -1.173205080756883012, 0.2999999999999993228, -2.019385769199812497 ) ) ;
#3245 = EDGE_LOOP ( 'NONE', ( #2519, #2111 ) ) ;
#3246 = CARTESIAN_POINT ( 'NONE',  ( -2.100000000000000977, 1.199999999999998401, -3.399999999999999467 ) ) ;
#3247 = CARTESIAN_POINT ( 'NONE',  ( -0.1722462334691328978, 0.2999999999999999889, 1.018199864166944524 ) ) ;
#3248 = LINE ( 'NONE', #466, #4426 ) ;
#3249 = CARTESIAN_POINT ( 'NONE',  ( 2.157024503285026817, 0.3000000000000010991, -1.924375179897317434 ) ) ;
#3250 = B_SPLINE_CURVE_WITH_KNOTS ( 'NONE', 3,
 ( #314, #286, #2667, #266, #4389, #1917, #1533, #2741, #4773, #1131, #4125, #2078, #498, #415, #2387, #2046, #3254, #1294, #2853, #76, #4411, #806, #2472, #4846, #4016, #389, #3224, #1211, #2795, #2880, #2820 ),
 .UNSPECIFIED., .F., .F.,
 ( 4, 3, 3, 3, 3, 3, 3, 3, 3, 3, 4 ),
 ( 0.000000000000000000, 5.815730759944123113E-05, 0.0001163146151988822454, 0.0001744719227982759343, 0.0002326292303977647890, 0.0002907865379972063183, 0.0003489438455966474410, 0.0004071011531960887805, 0.0004652584607957849618, 0.0005234157683949709717, 0.0005414071114497589696 ),
 .UNSPECIFIED. ) ;
#3251 = ITEM_DEFINED_TRANSFORMATION ( 'NONE', 'NONE', #1743,  #1744 ) ;
#3252 = FACE_OUTER_BOUND ( 'NONE', #841, .T. ) ;
#3253 =( BOUNDED_SURFACE ( )  B_SPLINE_SURFACE ( 3, 3, ( 
 ( #4777, #4365, #2860, #3176 ),
 ( #1560, #2053, #1614, #1948 ),
 ( #2364, #4048, #4071, #1591 ),
 ( #2424, #4022, #3574, #365 ) ),
 .UNSPECIFIED., .F., .F., .F. ) 
 B_SPLINE_SURFACE_WITH_KNOTS ( ( 4, 4 ),
 ( 4, 4 ),
 ( 0.000000000000000000, 1.000000000000000000 ),
 ( 0.000000000000000000, 1.000000000000000000 ),
 .UNSPECIFIED. ) 
 GEOMETRIC_REPRESENTATION_ITEM ( )  RATIONAL_B_SPLINE_SURFACE ( (
 ( 1.000000000000000000, 0.3333333333333334259, 0.3333333333333334259, 1.000000000000000000),
 ( 0.3333333333333333703, 0.1111111111111111605, 0.1111111111111111605, 0.3333333333333333703),
 ( 0.3333333333333333703, 0.1111111111111111605, 0.1111111111111111605, 0.3333333333333333703),
 ( 1.000000000000000000, 0.3333333333333334259, 0.3333333333333334259, 1.000000000000000000) ) ) 
 REPRESENTATION_ITEM ( '' )  SURFACE ( )  );
#3254 = CARTESIAN_POINT ( 'NONE',  ( 1.039310546881608399, 0.3000000000000007661, -2.169795432657471324 ) ) ;
#3255 = CARTESIAN_POINT ( 'NONE',  ( 0.1698580992655111810, 0.2999999999999998224, 2.039038880124555586 ) ) ;
#3256 = SURFACE_STYLE_USAGE ( .BOTH. , #19 ) ;
#3257 = MECHANICAL_DESIGN_GEOMETRIC_PRESENTATION_REPRESENTATION (  '', ( #2148 ), #1223 ) ;
#3258 = CARTESIAN_POINT ( 'NONE',  ( -1.173205080756883012, 0.2999999999999993228, 1.006075034922777833 ) ) ;
#3259 = CARTESIAN_POINT ( 'NONE',  ( -1.173205080756883234, 0.2999999999999991562, 0.006075034922776980685 ) ) ;
#3260 = CARTESIAN_POINT ( 'NONE',  ( -0.1702092356820864849, 0.3000000000000002109, -0.9625216844564228325 ) ) ;
#3261 = MECHANICAL_DESIGN_GEOMETRIC_PRESENTATION_REPRESENTATION (  '', ( #1141 ), #1229 ) ;
#3262 = CARTESIAN_POINT ( 'NONE',  ( 1.109498953223971185, 0.3000000000000005995, 1.864405799200984148 ) ) ;
#3263 = DIRECTION ( 'NONE',  ( 6.866613759074861087E-16, -1.000000000000000000, 0.000000000000000000 ) ) ;
#3264 = CARTESIAN_POINT ( 'NONE',  ( -2.058443926485770348, 0.2999999999999986566, 1.164195357743133652 ) ) ;
#3265 = CARTESIAN_POINT ( 'NONE',  ( 2.075870863958308998, 0.3000000000000017097, -2.155703603048296557 ) ) ;
#3266 = VERTEX_POINT ( 'NONE', #4283 ) ;
#3267 = DIRECTION ( 'NONE',  ( 1.000000000000000000, 0.000000000000000000, 0.000000000000000000 ) ) ;
#3268 = CIRCLE ( 'NONE', #979, 0.2000000000000005107 ) ;
#3269 = CARTESIAN_POINT ( 'NONE',  ( 2.123140604217890193, 0.3000000000000015987, 0.1233377462106581002 ) ) ;
#3270 = CARTESIAN_POINT ( 'NONE',  ( 1.173205080756897001, 0.3000000000000005440, 2.019385769199819158 ) ) ;
#3271 = ADVANCED_FACE ( 'NONE', ( #3893, #4359 ), #3823, .T. ) ;
#3272 = CARTESIAN_POINT ( 'NONE',  ( -0.8267949192431047756, 0.2999999999999991007, -2.006075034922772726 ) ) ;
#3273 = AXIS2_PLACEMENT_3D ( 'NONE', #1435, #1374, #4612 ) ;
#3274 = ORIENTED_EDGE ( 'NONE', *, *, #3910, .T. ) ;
#3275 =( GEOMETRIC_REPRESENTATION_CONTEXT ( 3 ) GLOBAL_UNCERTAINTY_ASSIGNED_CONTEXT ( ( #2803 ) ) GLOBAL_UNIT_ASSIGNED_CONTEXT ( ( #4750, #245, #1847 ) ) REPRESENTATION_CONTEXT ( 'NONE', 'WORKASPACE' ) );
#3276 = SURFACE_SIDE_STYLE ('',( #3697 ) ) ;
#3277 = COLOUR_RGB ( '',0.7921568627450980005, 0.8196078431372548767, 0.9333333333333333481 ) ;
#3278 = CARTESIAN_POINT ( 'NONE',  ( -0.7999999999999934941, 1.000000000000003331, 1.600000000000004752 ) ) ;
#3279 = CARTESIAN_POINT ( 'NONE',  ( 1.800000000000010481, 0.2000000000000028144, -0.5999999999999967581 ) ) ;
#3280 = CARTESIAN_POINT ( 'NONE',  ( -0.1082498876434715013, 0.2999999999999823919, 1.863406552599903288 ) ) ;
#3281 =( GEOMETRIC_REPRESENTATION_CONTEXT ( 3 ) GLOBAL_UNCERTAINTY_ASSIGNED_CONTEXT ( ( #133 ) ) GLOBAL_UNIT_ASSIGNED_CONTEXT ( ( #5075, #1024, #1844 ) ) REPRESENTATION_CONTEXT ( 'NONE', 'WORKASPACE' ) );
#3282 = CARTESIAN_POINT ( 'NONE',  ( -0.7999999999999933831, 0.2000000000000007327, -0.9999999999999978906 ) ) ;
#3283 = PRODUCT ( 'MT25QL256ABA8E12-1SIT TR_14', 'MT25QL256ABA8E12-1SIT TR_14', '', ( #3594 ) ) ;
#3284 = CARTESIAN_POINT ( 'NONE',  ( -0.8768593957821145812, 0.2999999999999992673, 2.123337746210660182 ) ) ;
#3285 = CARTESIAN_POINT ( 'NONE',  ( -0.8517911963808419973, 0.2999999999992769006, -1.091705826299772530 ) ) ;
#3286 = CARTESIAN_POINT ( 'NONE',  ( 2.173205080756900109, 0.3000000000000016542, 1.019385769199817604 ) ) ;
#3287 = CARTESIAN_POINT ( 'NONE',  ( 0.1570245032850229039, 0.3000000000000000444, -0.9243751798973163236 ) ) ;
#3288 = ORIENTED_EDGE ( 'NONE', *, *, #3845, .T. ) ;
#3289 = SHAPE_REPRESENTATION ( 'MT25QL256ABA8E12-1SIT TR_22', ( #1744 ), #1821 ) ;
#3290 = PLANE ( 'NONE',  #126 ) ;
#3291 = FACE_OUTER_BOUND ( 'NONE', #3956, .T. ) ;
#3292 = CARTESIAN_POINT ( 'NONE',  ( -1.852639094415376775, 0.2999999999999987677, 1.093062191854430543 ) ) ;
#3293 =( NAMED_UNIT ( * ) PLANE_ANGLE_UNIT ( ) SI_UNIT ( $, .RADIAN. ) );
#3294 = CARTESIAN_POINT ( 'NONE',  ( -2.173205080756884122, 0.2999999999999984346, 0.006075034922777102116 ) ) ;
#3295 = EDGE_LOOP ( 'NONE', ( #1961, #2576 ) ) ;
#3296 = DIRECTION ( 'NONE',  ( 0.000000000000000000, 0.000000000000000000, 1.000000000000000000 ) ) ;
#3297 = CARTESIAN_POINT ( 'NONE',  ( 2.108249887643489640, 0.2999999999999838352, 0.1365934474001048726 ) ) ;
#3298 = CARTESIAN_POINT ( 'NONE',  ( 0.1082498876434852680, 0.2999999999999825029, -1.863406552599896848 ) ) ;
#3299 = DIRECTION ( 'NONE',  ( -6.938893903907229364E-16, 1.000000000000000000, 0.000000000000000000 ) ) ;
#3300 = FACE_OUTER_BOUND ( 'NONE', #2179, .T. ) ;
#3301 = VERTEX_POINT ( 'NONE', #5202 ) ;
#3302 = FILL_AREA_STYLE ('',( #38 ) ) ;
#3303 = FACE_OUTER_BOUND ( 'NONE', #1089, .T. ) ;
#3304 = CARTESIAN_POINT ( 'NONE',  ( -2.199999999999999734, 0.3999999999999981348, -3.749999999999999112 ) ) ;
#3305 = CARTESIAN_POINT ( 'NONE',  ( -0.01910867362816115814, 0.2999999999999998779, 1.826764130043344370 ) ) ;
#3306 = EDGE_CURVE ( 'NONE', #3455, #2032, #3250, .T. ) ;
#3307 = CONTEXT_DEPENDENT_SHAPE_REPRESENTATION ( #4927, #4763 ) ;
#3308 = CARTESIAN_POINT ( 'NONE',  ( -1.199999999999994404, 0.2000000000000007883, 1.000000000000003775 ) ) ;
#3309 = FACE_BOUND ( 'NONE', #2893, .T. ) ;
#3310 = CARTESIAN_POINT ( 'NONE',  ( 2.200000000000007283, 0.2000000000000028422, 2.000000000000005329 ) ) ;
#3311 =( NAMED_UNIT ( * ) PLANE_ANGLE_UNIT ( ) SI_UNIT ( $, .RADIAN. ) );
#3312 = CARTESIAN_POINT ( 'NONE',  ( -1.123140604217873317, 0.2999999999999991007, -0.1233377462106521327 ) ) ;
#3313 =( NAMED_UNIT ( * ) SI_UNIT ( $, .STERADIAN. ) SOLID_ANGLE_UNIT ( ) );
#3314 = UNCERTAINTY_MEASURE_WITH_UNIT (LENGTH_MEASURE( 1.000000000000000082E-05 ), #4008, 'distance_accuracy_value', 'NONE');
#3315 = VERTEX_POINT ( 'NONE', #4876 ) ;
#3316 = PRODUCT_DEFINITION_CONTEXT ( 'detailed design', #1854, 'design' ) ;
#3317 = UNCERTAINTY_MEASURE_WITH_UNIT (LENGTH_MEASURE( 1.000000000000000082E-05 ), #1001, 'distance_accuracy_value', 'NONE');
#3318 = CARTESIAN_POINT ( 'NONE',  ( 1.800000000000010258, 0.2000000000000028699, -0.9999999999999978906 ) ) ;
#3319 = CARTESIAN_POINT ( 'NONE',  ( -1.799999999999994271, 0.2000000000000000666, 1.000000000000003997 ) ) ;
#3320 = CARTESIAN_POINT ( 'NONE',  ( -1.836558698724734873, 0.2999999999999987121, 1.057331850113619964 ) ) ;
#3321 =( LENGTH_UNIT ( ) NAMED_UNIT ( * ) SI_UNIT ( .MILLI., .METRE. ) );
#3322 = CARTESIAN_POINT ( 'NONE',  ( -2.172884579699630780, 0.2999999999999985456, 0.01215846007493541145 ) ) ;
#3323 = APPLICATION_CONTEXT ( 'automotive_design' ) ;
#3324 = VERTEX_POINT ( 'NONE', #4043 ) ;
#3325 = SHAPE_DEFINITION_REPRESENTATION ( #2941, #2468 ) ;
#3326 = CARTESIAN_POINT ( 'NONE',  ( 0.8000000000000072609, 0.2000000000000021483, 2.000000000000005329 ) ) ;
#3327 = CARTESIAN_POINT ( 'NONE',  ( 1.835184306473536475, 0.2999999999992792321, -0.9433290619900647211 ) ) ;
#3328 = PRESENTATION_STYLE_ASSIGNMENT (( #3611 ) ) ;
#3329 = CARTESIAN_POINT ( 'NONE',  ( 1.200000000000008393, 0.2000000000000021760, -1.999999999999998668 ) ) ;
#3330 = CARTESIAN_POINT ( 'NONE',  ( -0.8351843064735195998, 0.2999999999992766786, -2.056670938009931948 ) ) ;
#3331 = ORIENTED_EDGE ( 'NONE', *, *, #260, .F. ) ;
#3332 = CARTESIAN_POINT ( 'NONE',  ( -0.1082498876434716262, 0.2999999999999823919, 0.8634065525999019552 ) ) ;
#3333 = CARTESIAN_POINT ( 'NONE',  ( 1.800000000000010258, -0.5999999999999989786, -0.5999999999999970912 ) ) ;
#3334 = FACE_OUTER_BOUND ( 'NONE', #566, .T. ) ;
#3335 = FACE_OUTER_BOUND ( 'NONE', #4753, .T. ) ;
#3336 = CARTESIAN_POINT ( 'NONE',  ( -0.8267949192431048866, 0.2999999999999995448, -0.9999999999999978906 ) ) ;
#3337 = LINE ( 'NONE', #3731, #230 ) ;
#3338 = ADVANCED_FACE ( 'NONE', ( #3309, #2506 ), #871, .T. ) ;
#3339 = EDGE_LOOP ( 'NONE', ( #4661, #3190 ) ) ;
#3340 = CARTESIAN_POINT ( 'NONE',  ( -0.1999999999999935718, 0.2000000000000014544, 1.000000000000003997 ) ) ;
#3341 = CARTESIAN_POINT ( 'NONE',  ( 4.000000000000005329, 0.3000000000000028200, -4.336808689942017736E-16 ) ) ;
#3342 = AXIS2_PLACEMENT_3D ( 'NONE', #4209, #3240, #457 ) ;
#3343 = CARTESIAN_POINT ( 'NONE',  ( -2.123132694913675955, 0.2999999999999984901, 1.121812722830153319 ) ) ;
#3344 = DIRECTION ( 'NONE',  ( 1.000000000000000000, 0.000000000000000000, 0.000000000000000000 ) ) ;
#3345 = CARTESIAN_POINT ( 'NONE',  ( -0.8768593957821149143, 0.2999999999999992673, -0.8766622537893427047 ) ) ;
#3346 = ORIENTED_EDGE ( 'NONE', *, *, #2551, .T. ) ;
#3347 = PRODUCT_CONTEXT ( 'NONE', #3108, 'mechanical' ) ;
#3348 = DIRECTION ( 'NONE',  ( -1.448400965878979610E-47, 1.000000000000000000, 1.001935572513122293E-31 ) ) ;
#3349 = MECHANICAL_DESIGN_GEOMETRIC_PRESENTATION_REPRESENTATION (  '', ( #3169 ), #4272 ) ;
#3350 = CARTESIAN_POINT ( 'NONE',  ( -0.09329780143081553567, 0.2999999999999996558, -1.852788151646532988 ) ) ;
#3351 = CARTESIAN_POINT ( 'NONE',  ( 1.000000000000007772, 0.2000000000000021483, 3.035766082959412415E-15 ) ) ;
#3352 = DIRECTION ( 'NONE',  ( 0.000000000000000000, -1.000000000000000000, 0.000000000000000000 ) ) ;
#3353 = ORIENTED_EDGE ( 'NONE', *, *, #3106, .T. ) ;
#3354 = ADVANCED_BREP_SHAPE_REPRESENTATION ( '', ( #1027, #1744 ), #306 ) ;
#3355 = B_SPLINE_CURVE_WITH_KNOTS ( 'NONE', 3,
 ( #4126, #499, #3255, #2907, #3752, #4589, #4526, #48, #416, #1632, #3364, #4064, #4044, #1660, #1245, #2854, #2473, #77, #3806, #3469, #3489, #2211, #2187, #968, #1864, #2159, #1480, #181, #4254, #157, #998 ),
 .UNSPECIFIED., .F., .F.,
 ( 4, 3, 3, 3, 3, 3, 3, 3, 3, 3, 4 ),
 ( 0.0005414071114497590780, 0.0005995644190491998754, 0.0006577217266486408897, 0.0007158790342480350665, 0.0007740363418475238941, 0.0008321936494469652336, 0.0008903509570464065732, 0.0009485082646458481296, 0.001006665572245543823, 0.001064822879844730267, 0.001082814222899518156 ),
 .UNSPECIFIED. ) ;
#3356 = SURFACE_STYLE_USAGE ( .BOTH. , #2527 ) ;
#3357 = CARTESIAN_POINT ( 'NONE',  ( -0.1473609055846115679, 0.2999999999999998224, 0.9069378081455771179 ) ) ;
#3358 =( LENGTH_UNIT ( ) NAMED_UNIT ( * ) SI_UNIT ( .MILLI., .METRE. ) );
#3359 = CARTESIAN_POINT ( 'NONE',  ( 0.1728845796996426598, 0.3000000000000000444, 1.987841539925073064 ) ) ;
#3360 = AXIS2_PLACEMENT_3D ( 'NONE', #2890, #110, #4506 ) ;
#3361 = CARTESIAN_POINT ( 'NONE',  ( -1.109498953223957196, 0.2999999999999991007, 0.1355942007990240672 ) ) ;
#3362 = PRESENTATION_LAYER_ASSIGNMENT (  '', '', ( #4549 ) ) ;
#3363 = CARTESIAN_POINT ( 'NONE',  ( -1.148208803619146012, 0.2999999999992770117, 2.091705826299779858 ) ) ;
#3364 = CARTESIAN_POINT ( 'NONE',  ( 0.07537353614020200765, 0.2999999999999823919, 2.157145277043873044 ) ) ;
#3365 = UNCERTAINTY_MEASURE_WITH_UNIT (LENGTH_MEASURE( 1.000000000000000082E-05 ), #2700, 'distance_accuracy_value', 'NONE');
#3366 = DIRECTION ( 'NONE',  ( 6.866613759074861087E-16, -1.000000000000000000, 0.000000000000000000 ) ) ;
#3367 =( GEOMETRIC_REPRESENTATION_CONTEXT ( 3 ) GLOBAL_UNCERTAINTY_ASSIGNED_CONTEXT ( ( #5186 ) ) GLOBAL_UNIT_ASSIGNED_CONTEXT ( ( #2808, #4028, #3637 ) ) REPRESENTATION_CONTEXT ( 'NONE', 'WORKASPACE' ) );
#3368 = COLOUR_RGB ( '',0.7921568627450980005, 0.8196078431372548767, 0.9333333333333333481 ) ;
#3369 = UNCERTAINTY_MEASURE_WITH_UNIT (LENGTH_MEASURE( 1.000000000000000082E-05 ), #4769, 'distance_accuracy_value', 'NONE');
#3370 = PRODUCT_DEFINITION_SHAPE ( 'NONE', 'NONE',  #125 ) ;
#3371 = SHAPE_REPRESENTATION ( 'MT25QL256ABA8E12-1SIT TR_18', ( #1744 ), #3864 ) ;
#3372 = UNCERTAINTY_MEASURE_WITH_UNIT (LENGTH_MEASURE( 1.000000000000000082E-05 ), #5076, 'distance_accuracy_value', 'NONE');
#3373 = CARTESIAN_POINT ( 'NONE',  ( 2.200000000000011280, 0.2000000000000028977, -0.9999999999999980016 ) ) ;
#3374 = PRODUCT_DEFINITION_FORMATION_WITH_SPECIFIED_SOURCE ( 'ANY', '', #3659, .NOT_KNOWN. ) ;
#3375 = CARTESIAN_POINT ( 'NONE',  ( -1.799999999999994493, 0.2000000000000000666, 0.6000000000000028644 ) ) ;
#3376 = EDGE_CURVE ( 'NONE', #3739, #2016, #308, .T. ) ;
#3377 = CARTESIAN_POINT ( 'NONE',  ( -3.000000000000000888, 1.199999999999997957, 4.000000000000000000 ) ) ;
#3378 = CARTESIAN_POINT ( 'NONE',  ( -1.156512248572842516, 0.2999999999992771227, -0.9258116178452184819 ) ) ;
#3379 = ORIENTED_EDGE ( 'NONE', *, *, #2059, .F. ) ;
#3380 = APPLICATION_PROTOCOL_DEFINITION ( 'draft international standard', 'automotive_design', 1998, #2905 ) ;
#3381 = ADVANCED_FACE ( 'NONE', ( #3335 ), #4907, .F. ) ;
#3382 = CARTESIAN_POINT ( 'NONE',  ( -0.1702092356820866514, 0.2999999999999998779, -1.962521684456423943 ) ) ;
#3383 = CARTESIAN_POINT ( 'NONE',  ( 0.8000000000000072609, 0.2000000000000021483, 2.000000000000005329 ) ) ;
#3384 = B_SPLINE_CURVE_WITH_KNOTS ( 'NONE', 3,
 ( #5106, #3452, #2195, #1464, #2592, #5084, #267, #3839, #3074, #5019, #2490, #487, #1284, #4212, #2617, #4286, #3813, #4512, #663, #5046, #4237, #2096, #3027, #610, #2217, #2896, #1869, #217, #1819, #1382, #1442 ),
 .UNSPECIFIED., .F., .F.,
 ( 4, 3, 3, 3, 3, 3, 3, 3, 3, 3, 4 ),
 ( 0.0005414071114497592948, 0.0005995644190492004175, 0.0006577217266486417571, 0.0007158790342480348496, 0.0007740363418475236772, 0.0008321936494469649084, 0.0008903509570464067900, 0.0009485082646458478043, 0.001006665572245544257, 0.001064822879844730700, 0.001082814222899518156 ),
 .UNSPECIFIED. ) ;
#3385 = CARTESIAN_POINT ( 'NONE',  ( -2.173205080756884122, 0.2999999999999984901, 1.000000000000003997 ) ) ;
#3386 = EDGE_LOOP ( 'NONE', ( #3331, #2595 ) ) ;
#3387 = FACE_OUTER_BOUND ( 'NONE', #3151, .T. ) ;
#3388 = CARTESIAN_POINT ( 'NONE',  ( -1.199999999999994404, 0.2000000000000007605, -0.9999999999999978906 ) ) ;
#3389 = CARTESIAN_POINT ( 'NONE',  ( -0.1634413012752532202, 0.2999999999999999334, 1.942668149886388917 ) ) ;
#3390 = DIRECTION ( 'NONE',  ( 6.938893903907229364E-16, -1.000000000000000000, -0.000000000000000000 ) ) ;
#3391 = ITEM_DEFINED_TRANSFORMATION ( 'NONE', 'NONE', #2678,  #1744 ) ;
#3392 = CARTESIAN_POINT ( 'NONE',  ( 1.961978405171879158, 0.3000000000000011546, -0.1689803489365697686 ) ) ;
#3393 = CARTESIAN_POINT ( 'NONE',  ( -0.9246264638597989638, 0.2999999999999818368, 2.157145277043873044 ) ) ;
#3394 = CARTESIAN_POINT ( 'NONE',  ( -1.799999999999994271, 0.2000000000000005385, 1.000000000000003775 ) ) ;
#3395 = CARTESIAN_POINT ( 'NONE',  ( -1.999200209622110869, 0.2999999999999986011, 1.825715266351815691 ) ) ;
#3396 = SHAPE_REPRESENTATION_RELATIONSHIP ( 'NONE' , 'NONE' ,  #738, #259 ) ;
#3397 = CARTESIAN_POINT ( 'NONE',  ( -1.108249887643472320, 0.2999999999999816147, 0.8634065525999018442 ) ) ;
#3398 = CARTESIAN_POINT ( 'NONE',  ( 2.999999999999999112, 0.3000000000000020983, -4.000000000000000000 ) ) ;
#3399 = CARTESIAN_POINT ( 'NONE',  ( 1.156512248572856283, 0.2999999999992786215, -0.07418838215477653597 ) ) ;
#3400 = CARTESIAN_POINT ( 'NONE',  ( -0.9081882881081442260, 0.2999999999999818368, -0.8531306377780211170 ) ) ;
#3401 = ORIENTED_EDGE ( 'NONE', *, *, #64, .F. ) ;
#3402 = APPLICATION_PROTOCOL_DEFINITION ( 'draft international standard', 'automotive_design', 1998, #2454 ) ;
#3403 = CARTESIAN_POINT ( 'NONE',  ( 1.173205080756897001, 0.3000000000000007661, 0.01938576919981682342 ) ) ;
#3404 = CARTESIAN_POINT ( 'NONE',  ( -1.199999999999994627, 0.2000000000000008160, 1.000000000000003997 ) ) ;
#3405 = CARTESIAN_POINT ( 'NONE',  ( 0.8632335633965418920, 0.3000000000000001554, -1.891968755138788483 ) ) ;
#3406 = CARTESIAN_POINT ( 'NONE',  ( -1.890501046776031480, 0.2999999999999985456, 0.8644057992009830382 ) ) ;
#3407 = EDGE_CURVE ( 'NONE', #5086, #4317, #1244, .T. ) ;
#3408 = ORIENTED_EDGE ( 'NONE', *, *, #351, .F. ) ;
#3409 = CARTESIAN_POINT ( 'NONE',  ( -1.199999999999994404, 0.2000000000000007605, 3.035766082959412415E-15 ) ) ;
#3410 = CARTESIAN_POINT ( 'NONE',  ( 0.1094989532239702273, 0.2999999999999999889, 0.8644057992009829272 ) ) ;
#3411 = CARTESIAN_POINT ( 'NONE',  ( -0.7999999999999934941, 0.2000000000000008160, 3.060259018942359918E-15 ) ) ;
#3412 = CARTESIAN_POINT ( 'NONE',  ( 2.039310546881607511, 0.3000000000000012101, 1.830204567342532229 ) ) ;
#3413 = CARTESIAN_POINT ( 'NONE',  ( -1.164815693526468410, 0.2999999999992770117, 2.056670938009938610 ) ) ;
#3414 = CARTESIAN_POINT ( 'NONE',  ( -1.799999999999994049, 1.000000000000001776, 1.400000000000004574 ) ) ;
#3415 = FILL_AREA_STYLE ('',( #4306 ) ) ;
#3416 = CARTESIAN_POINT ( 'NONE',  ( 1.000000000000007772, 0.2000000000000021483, 2.000000000000005329 ) ) ;
#3417 = SHAPE_REPRESENTATION ( 'MT25QL256ABA8E12-1SIT TR_26', ( #1744 ), #989 ) ;
#3418 = PRODUCT ( 'MT25QL256ABA8E12-1SIT TR_26', 'MT25QL256ABA8E12-1SIT TR_26', '', ( #337 ) ) ;
#3419 = ADVANCED_BREP_SHAPE_REPRESENTATION ( '', ( #4434, #1744 ), #4284 ) ;
#3420 = CARTESIAN_POINT ( 'NONE',  ( 2.999999999999999112, 1.199999999999997957, 4.000000000000000888 ) ) ;
#3421 = DIRECTION ( 'NONE',  ( -1.000000000000000000, 0.000000000000000000, 0.000000000000000000 ) ) ;
#3422 = SHAPE_REPRESENTATION_RELATIONSHIP ( 'NONE' , 'NONE' ,  #115, #3419 ) ;
#3423 = CARTESIAN_POINT ( 'NONE',  ( 2.147360905584628554, 0.3000000000000019318, -0.9069378081455707896 ) ) ;
#3424 = CARTESIAN_POINT ( 'NONE',  ( -1.170209235682087456, 0.2999999999999996003, -0.9625216844564228325 ) ) ;
#3425 = VERTEX_POINT ( 'NONE', #836 ) ;
#3426 = APPLICATION_PROTOCOL_DEFINITION ( 'draft international standard', 'automotive_design', 1998, #5185 ) ;
#3427 = CARTESIAN_POINT ( 'NONE',  ( 1.091811711891857772, 0.2999999999999830580, 0.1468693622219797712 ) ) ;
#3428 = CARTESIAN_POINT ( 'NONE',  ( -0.1728845796996288930, 0.2999999999999997669, 0.01215846007493528308 ) ) ;
#3429 = CARTESIAN_POINT ( 'NONE',  ( 1.200000000000008393, 0.2000000000000021205, 2.000000000000005329 ) ) ;
#3430 = AXIS2_PLACEMENT_3D ( 'NONE', #4768, #5147, #2691 ) ;
#3431 = EDGE_LOOP ( 'NONE', ( #1048, #4480 ) ) ;
#3432 = AXIS2_PLACEMENT_3D ( 'NONE', #3498, #2293, #4678 ) ;
#3433 = CARTESIAN_POINT ( 'NONE',  ( -0.7999999999999933831, 0.2000000000000007327, 0.4000000000000040190 ) ) ;
#3434 = EDGE_CURVE ( 'NONE', #2204, #107, #341, .T. ) ;
#3435 = CARTESIAN_POINT ( 'NONE',  ( -0.1999999999999935718, 0.2000000000000014266, 3.035766082959412415E-15 ) ) ;
#3436 = CARTESIAN_POINT ( 'NONE',  ( -0.7999999999999936051, 1.000000000000002665, -0.3999999999999978018 ) ) ;
#3437 = CARTESIAN_POINT ( 'NONE',  ( 2.170209235682100335, 0.3000000000000013212, 1.962521684456429938 ) ) ;
#3438 = AXIS2_PLACEMENT_3D ( 'NONE', #1080, #3198, #4772 ) ;
#3439 = ORIENTED_EDGE ( 'NONE', *, *, #3623, .T. ) ;
#3440 = SURFACE_SIDE_STYLE ('',( #3833 ) ) ;
#3441 = EDGE_CURVE ( 'NONE', #3324, #1123, #643, .T. ) ;
#3442 = CARTESIAN_POINT ( 'NONE',  ( 2.200000000000007283, 0.2000000000000028422, 2.000000000000005329 ) ) ;
#3443 = CARTESIAN_POINT ( 'NONE',  ( -1.136766436603459773, 0.2999999999999991007, -1.891968755138788705 ) ) ;
#3444 = SURFACE_STYLE_FILL_AREA ( #3415 ) ;
#3445 =( NAMED_UNIT ( * ) SI_UNIT ( $, .STERADIAN. ) SOLID_ANGLE_UNIT ( ) );
#3446 = VECTOR ( 'NONE', #363, 1000.000000000000114 ) ;
#3447 = CARTESIAN_POINT ( 'NONE',  ( 1.843487751427158372, 0.2999999999992791211, 2.074188382154784627 ) ) ;
#3448 = DIRECTION ( 'NONE',  ( 0.000000000000000000, -1.000000000000000000, 0.000000000000000000 ) ) ;
#3449 = DIRECTION ( 'NONE',  ( 0.000000000000000000, 0.000000000000000000, 1.000000000000000000 ) ) ;
#3450 = AXIS2_PLACEMENT_3D ( 'NONE', #4397, #1671, #1259 ) ;
#3451 = COLOUR_RGB ( '',0.7921568627450980005, 0.8196078431372548767, 0.9333333333333333481 ) ;
#3452 = CARTESIAN_POINT ( 'NONE',  ( -1.826794919243105664, 0.2999999999999984901, -0.9806142308001839503 ) ) ;
#3453 = CARTESIAN_POINT ( 'NONE',  ( -1.799999999999994271, 0.2000000000000000666, 3.060259018942359918E-15 ) ) ;
#3454 = PRODUCT_DEFINITION_FORMATION_WITH_SPECIFIED_SOURCE ( 'ANY', '', #4161, .NOT_KNOWN. ) ;
#3455 = VERTEX_POINT ( 'NONE', #4588 ) ;
#3456 = SHAPE_DEFINITION_REPRESENTATION ( #728, #2566 ) ;
#3457 = APPLICATION_CONTEXT ( 'automotive_design' ) ;
#3458 = CARTESIAN_POINT ( 'NONE',  ( -0.7999999999999936051, -0.6000000000000010880, 1.400000000000005462 ) ) ;
#3459 = CARTESIAN_POINT ( 'NONE',  ( 0.9606894531184068109, 0.3000000000000004885, -1.830204567342526012 ) ) ;
#3460 = ORIENTED_EDGE ( 'NONE', *, *, #4241, .T. ) ;
#3461 =( BOUNDED_SURFACE ( )  B_SPLINE_SURFACE ( 3, 3, ( 
 ( #1629, #1208, #831, #2875 ),
 ( #1654, #2847, #3333, #3279 ),
 ( #2929, #4555, #4491, #857 ),
 ( #2467, #2070, #3699, #72 ) ),
 .UNSPECIFIED., .F., .F., .F. ) 
 B_SPLINE_SURFACE_WITH_KNOTS ( ( 4, 4 ),
 ( 4, 4 ),
 ( 0.000000000000000000, 1.000000000000000000 ),
 ( 0.000000000000000000, 1.000000000000000000 ),
 .UNSPECIFIED. ) 
 GEOMETRIC_REPRESENTATION_ITEM ( )  RATIONAL_B_SPLINE_SURFACE ( (
 ( 1.000000000000000000, 0.3333333333333334259, 0.3333333333333334259, 1.000000000000000000),
 ( 0.3333333333333333703, 0.1111111111111111605, 0.1111111111111111605, 0.3333333333333333703),
 ( 0.3333333333333333703, 0.1111111111111111605, 0.1111111111111111605, 0.3333333333333333703),
 ( 1.000000000000000000, 0.3333333333333334259, 0.3333333333333334259, 1.000000000000000000) ) ) 
 REPRESENTATION_ITEM ( '' )  SURFACE ( )  );
#3462 = CARTESIAN_POINT ( 'NONE',  ( -1.799999999999994493, 0.2000000000000001499, 1.600000000000004086 ) ) ;
#3463 = CARTESIAN_POINT ( 'NONE',  ( 1.980891326371842176, 0.3000000000000010436, -1.173235869956658961 ) ) ;
#3464 = SURFACE_STYLE_FILL_AREA ( #3011 ) ;
#3465 = CARTESIAN_POINT ( 'NONE',  ( -2.169858099265499440, 0.2999999999999984901, -0.03903888012454771739 ) ) ;
#3466 = CARTESIAN_POINT ( 'NONE',  ( -2.109498953223958750, 0.2999999999999982681, 2.135594200799026066 ) ) ;
#3467 = ORIENTED_EDGE ( 'NONE', *, *, #5226, .T. ) ;
#3468 = CARTESIAN_POINT ( 'NONE',  ( -2.147360905584613455, 0.2999999999999984901, -1.093062191854424325 ) ) ;
#3469 = CARTESIAN_POINT ( 'NONE',  ( -0.09329780143081538302, 0.3000000000000000999, 2.147211848353471009 ) ) ;
#3470 = CARTESIAN_POINT ( 'NONE',  ( -1.799999999999994493, 0.2000000000000000944, 3.011273146976464912E-15 ) ) ;
#3471 = ADVANCED_FACE ( 'NONE', ( #4176 ), #918, .T. ) ;
#3472 = CARTESIAN_POINT ( 'NONE',  ( -2.400000000000001243, 1.199999999999998179, -3.399999999999999467 ) ) ;
#3473 = CARTESIAN_POINT ( 'NONE',  ( 1.148208803619159779, 0.2999999999992786215, -0.09170582629977194755 ) ) ;
#3474 = CARTESIAN_POINT ( 'NONE',  ( 2.019108673628179140, 0.3000000000000012101, -0.8267641300433370422 ) ) ;
#3475 = FACE_OUTER_BOUND ( 'NONE', #3386, .T. ) ;
#3476 = B_SPLINE_CURVE_WITH_KNOTS ( 'NONE', 3,
 ( #2488, #4398, #91, #4858, #4891, #765, #1228, #3269, #3297, #3184, #4445, #2371, #4918, #2835, #428, #4482, #2034, #29, #1260, #1283, #486, #849, #1387, #2922, #1773, #560, #4242, #983, #3741, #4138, #1697 ),
 .UNSPECIFIED., .F., .F.,
 ( 4, 3, 3, 3, 3, 3, 3, 3, 3, 3, 4 ),
 ( 0.0005414071114497595117, 0.0005995644190492006344, 0.0006577217266486418655, 0.0007158790342480349581, 0.0007740363418475237857, 0.0008321936494469650168, 0.0008903509570464063563, 0.0009485082646458475875, 0.001006665572245543823, 0.001064822879844730050, 0.001082814222899517722 ),
 .UNSPECIFIED. ) ;
#3477 = EDGE_LOOP ( 'NONE', ( #1800, #3081 ) ) ;
#3478 = APPLICATION_PROTOCOL_DEFINITION ( 'draft international standard', 'automotive_design', 1998, #607 ) ;
#3479 = CARTESIAN_POINT ( 'NONE',  ( -2.199999999999994849, 0.2000000000000000666, -1.399999999999998801 ) ) ;
#3480 = CARTESIAN_POINT ( 'NONE',  ( 1.091811711891857550, 0.2999999999999828360, -1.853130637778021894 ) ) ;
#3481 = EDGE_LOOP ( 'NONE', ( #2872, #4440 ) ) ;
#3482 = CARTESIAN_POINT ( 'NONE',  ( -0.07537353614018842130, 0.2999999999999826139, -2.157145277043866827 ) ) ;
#3483 = CARTESIAN_POINT ( 'NONE',  ( 2.148208803619163110, 0.2999999999992790101, -1.091705826299772752 ) ) ;
#3484 = CARTESIAN_POINT ( 'NONE',  ( 2.173205080756900109, 0.3000000000000016542, 1.000000000000003997 ) ) ;
#3485 = CARTESIAN_POINT ( 'NONE',  ( 1.943065483971896157, 0.3000000000000012657, 1.835275172083524087 ) ) ;
#3486 = ORIENTED_EDGE ( 'NONE', *, *, #1008, .F. ) ;
#3487 = SURFACE_STYLE_USAGE ( .BOTH. , #3981 ) ;
#3488 = FACE_OUTER_BOUND ( 'NONE', #279, .T. ) ;
#3489 = CARTESIAN_POINT ( 'NONE',  ( -0.1094989532239564606, 0.3000000000000000444, 2.135594200799026066 ) ) ;
#3490 = FILL_AREA_STYLE_COLOUR ( '', #811 ) ;
#3491 = PRODUCT_DEFINITION ( 'UNKNOWN', '', #1341, #866 ) ;
#3492 = B_SPLINE_CURVE_WITH_KNOTS ( 'NONE', 3,
 ( #3085, #2232, #3829, #991, #1880, #2182, #1500, #177, #202, #5063, #1838, #1044, #1069, #4740, #3849, #569, #4299, #4249, #2579, #3883, #4197, #673, #622, #2279, #3802, #598, #1427, #1859, #3902, #256, #3484 ),
 .UNSPECIFIED., .F., .F.,
 ( 4, 3, 3, 3, 3, 3, 3, 3, 3, 3, 4 ),
 ( 0.000000000000000000, 5.815730759944121757E-05, 0.0001163146151988826113, 0.0001744719227982760156, 0.0002326292303977648703, 0.0002907865379972062098, 0.0003489438455966476578, 0.0004071011531960886721, 0.0004652584607957852871, 0.0005234157683949716222, 0.0005414071114497590780 ),
 .UNSPECIFIED. ) ;
#3493 =( REPRESENTATION_RELATIONSHIP ('NONE','NONE', #2642, #2468 ) REPRESENTATION_RELATIONSHIP_WITH_TRANSFORMATION ( #2659 )SHAPE_REPRESENTATION_RELATIONSHIP( ) );
#3494 = FACE_OUTER_BOUND ( 'NONE', #4059, .T. ) ;
#3495 = CARTESIAN_POINT ( 'NONE',  ( 0.8647492450987634971, 0.3000000000000005440, -1.108199969032544585 ) ) ;
#3496 = ADVANCED_FACE ( 'NONE', ( #3018 ), #5073, .F. ) ;
#3497 = CARTESIAN_POINT ( 'NONE',  ( 1.863233563396545334, 0.3000000000000015432, -0.8919687551387873725 ) ) ;
#3498 = CARTESIAN_POINT ( 'NONE',  ( -2.400000000000001243, 1.099999999999998090, -3.399999999999999467 ) ) ;
#3499 = EDGE_LOOP ( 'NONE', ( #2535, #121 ) ) ;
#3500 = CARTESIAN_POINT ( 'NONE',  ( 0.8000000000000077049, 0.2000000000000018985, -0.5999999999999976463 ) ) ;
#3501 = CARTESIAN_POINT ( 'NONE',  ( -1.799999999999994271, -0.6000000000000019762, -0.5999999999999970912 ) ) ;
#3502 = CARTESIAN_POINT ( 'NONE',  ( -0.1722462334691328700, 0.3000000000000002109, -0.9818001358330573636 ) ) ;
#3503 = CLOSED_SHELL ( 'NONE', ( #1331, #770, #1367 ) ) ;
#3504 = VERTEX_POINT ( 'NONE', #1321 ) ;
#3505 = CARTESIAN_POINT ( 'NONE',  ( -0.1082498876434718343, 0.2999999999999826139, -2.136593447400100487 ) ) ;
#3506 = DIRECTION ( 'NONE',  ( 0.000000000000000000, -1.000000000000000000, 0.000000000000000000 ) ) ;
#3507 = CARTESIAN_POINT ( 'NONE',  ( -2.123140604217874650, 0.2999999999999984901, -0.1233377462106521882 ) ) ;
#3508 = CARTESIAN_POINT ( 'NONE',  ( 1.800000000000006262, 0.2000000000000028699, 2.000000000000005329 ) ) ;
#3509 = STYLED_ITEM ( 'NONE', ( #4546 ), #1121 ) ;
#3510 = VERTEX_POINT ( 'NONE', #2934 ) ;
#3511 =( LENGTH_UNIT ( ) NAMED_UNIT ( * ) SI_UNIT ( .MILLI., .METRE. ) );
#3512 = CARTESIAN_POINT ( 'NONE',  ( 2.173205080756900109, 0.3000000000000016542, -0.9999999999999976685 ) ) ;
#3513 = FACE_OUTER_BOUND ( 'NONE', #525, .T. ) ;
#3514 = PRESENTATION_STYLE_ASSIGNMENT (( #2636 ) ) ;
#3515 = COLOUR_RGB ( '',0.7921568627450980005, 0.8196078431372548767, 0.9333333333333333481 ) ;
#3516 = PRESENTATION_LAYER_ASSIGNMENT (  '', '', ( #2500 ) ) ;
#3517 = DIRECTION ( 'NONE',  ( -1.000000000000000000, 0.000000000000000000, 0.000000000000000000 ) ) ;
#3518 = CARTESIAN_POINT ( 'NONE',  ( 1.156512248572856283, 0.2999999999992788435, -1.074188382154777299 ) ) ;
#3519 = CARTESIAN_POINT ( 'NONE',  ( 0.2000000000000074496, 0.2000000000000014544, 3.060259018942359918E-15 ) ) ;
#3520 =( NAMED_UNIT ( * ) PLANE_ANGLE_UNIT ( ) SI_UNIT ( $, .RADIAN. ) );
#3521 = CARTESIAN_POINT ( 'NONE',  ( -0.7999999999999934941, 0.2000000000000008160, -1.999999999999998668 ) ) ;
#3522 = DIRECTION ( 'NONE',  ( 1.000000000000000000, 6.866613759074861087E-16, 0.000000000000000000 ) ) ;
#3523 = AXIS2_PLACEMENT_3D ( 'NONE', #2797, #757, #4414 ) ;
#3524 = EDGE_LOOP ( 'NONE', ( #4503, #4404, #1876 ) ) ;
#3525 = CARTESIAN_POINT ( 'NONE',  ( 0.2000000000000074774, 0.2000000000000014266, -0.9999999999999978906 ) ) ;
#3526 = B_SPLINE_CURVE_WITH_KNOTS ( 'NONE', 3,
 ( #2641, #2003, #839, #419, #4046, #1170, #2824, #3651, #2554, #4850, #5233, #3573, #3173, #1728, #1973, #2422, #364, #941, #2024, #4393, #3361, #2857, #2963, #4020, #2445, #1247, #4438, #758, #1588, #3259, #2777 ),
 .UNSPECIFIED., .F., .F.,
 ( 4, 3, 3, 3, 3, 3, 3, 3, 3, 3, 4 ),
 ( 0.0005414071114497596201, 0.0005995644190492007428, 0.0006577217266486418655, 0.0007158790342480352833, 0.0007740363418475241109, 0.0008321936494469652336, 0.0008903509570464065732, 0.0009485082646458476959, 0.001006665572245544040, 0.001064822879844730267, 0.001082814222899517939 ),
 .UNSPECIFIED. ) ;
#3527 = FACE_OUTER_BOUND ( 'NONE', #3477, .T. ) ;
#3528 = PRODUCT_DEFINITION_SHAPE ( 'NONE', 'NONE',  #5259 ) ;
#3529 = AXIS2_PLACEMENT_3D ( 'NONE', #3579, #3239, #1566 ) ;
#3530 =( GEOMETRIC_REPRESENTATION_CONTEXT ( 3 ) GLOBAL_UNCERTAINTY_ASSIGNED_CONTEXT ( ( #3604 ) ) GLOBAL_UNIT_ASSIGNED_CONTEXT ( ( #80, #1326, #3313 ) ) REPRESENTATION_CONTEXT ( 'NONE', 'WORKASPACE' ) );
#3531 = EDGE_CURVE ( 'NONE', #4251, #3301, #4560, .T. ) ;
#3532 = ORIENTED_EDGE ( 'NONE', *, *, #1463, .T. ) ;
#3533 = ORIENTED_EDGE ( 'NONE', *, *, #4543, .T. ) ;
#3534 = CARTESIAN_POINT ( 'NONE',  ( 1.800000000000010481, 0.2000000000000028977, -0.3999999999999979683 ) ) ;
#3535 = CARTESIAN_POINT ( 'NONE',  ( -0.9799448313702516788, 0.2999999999999993228, 1.827959916847174071 ) ) ;
#3536 = CARTESIAN_POINT ( 'NONE',  ( 0.03931054688160762201, 0.2999999999999999334, -0.1697954326574698802 ) ) ;
#3537 = CARTESIAN_POINT ( 'NONE',  ( 0.1094989532239702273, 0.2999999999999998779, -1.135594200799018960 ) ) ;
#3538 = CARTESIAN_POINT ( 'NONE',  ( -0.1999999999999935996, 0.2000000000000013989, 1.400000000000005018 ) ) ;
#3539 = PRODUCT_DEFINITION_CONTEXT ( 'detailed design', #835, 'design' ) ;
#3540 = ORIENTED_EDGE ( 'NONE', *, *, #675, .T. ) ;
#3541 =( NAMED_UNIT ( * ) PLANE_ANGLE_UNIT ( ) SI_UNIT ( $, .RADIAN. ) );
#3542 = CARTESIAN_POINT ( 'NONE',  ( -2.163441301275255135, 0.2999999999999983791, -1.057331850113613969 ) ) ;
#3543 = CARTESIAN_POINT ( 'NONE',  ( 0.8905010467760445803, 0.3000000000000006550, 1.135594200799024955 ) ) ;
#3544 = DIRECTION ( 'NONE',  ( -1.000000000000000000, 0.000000000000000000, 0.000000000000000000 ) ) ;
#3545 = DIRECTION ( 'NONE',  ( 1.000000000000000000, 6.866613759074861087E-16, 0.000000000000000000 ) ) ;
#3546 = CARTESIAN_POINT ( 'NONE',  ( 1.039310546881608621, 0.3000000000000006550, -1.169795432657470879 ) ) ;
#3547 = CARTESIAN_POINT ( 'NONE',  ( -1.135250754901238279, 0.2999999999999992117, -1.108199969032544585 ) ) ;
#3548 = CARTESIAN_POINT ( 'NONE',  ( -0.8429754967149778455, 0.2999999999999995448, 1.075624820102685231 ) ) ;
#3549 = CARTESIAN_POINT ( 'NONE',  ( 0.8000000000000072609, 0.2000000000000021483, 1.400000000000005018 ) ) ;
#3550 = ORIENTED_EDGE ( 'NONE', *, *, #4956, .T. ) ;
#3551 = PRESENTATION_STYLE_ASSIGNMENT (( #1922 ) ) ;
#3552 = CARTESIAN_POINT ( 'NONE',  ( -1.799999999999994493, 0.2000000000000000666, -0.9999999999999978906 ) ) ;
#3553 = CARTESIAN_POINT ( 'NONE',  ( -0.1565122485728417390, 0.2999999999992774002, -0.9258116178452185929 ) ) ;
#3554 = PRODUCT_DEFINITION ( 'UNKNOWN', '', #4288, #5079 ) ;
#3555 = UNCERTAINTY_MEASURE_WITH_UNIT (LENGTH_MEASURE( 1.000000000000000082E-05 ), #1082, 'distance_accuracy_value', 'NONE');
#3556 = VERTEX_POINT ( 'NONE', #1350 ) ;
#3557 = CARTESIAN_POINT ( 'NONE',  ( -0.8297907643179005532, 0.2999999999999993228, 1.962521684456429938 ) ) ;
#3558 = CARTESIAN_POINT ( 'NONE',  ( 0.1094989532239701996, 0.2999999999999999889, -0.1355942007990180165 ) ) ;
#3559 = CARTESIAN_POINT ( 'NONE',  ( -2.747466868912129479E-16, 0.4000000000000000222, -3.749999999999999112 ) ) ;
#3560 = EDGE_CURVE ( 'NONE', #1034, #2644, #1327, .T. ) ;
#3561 = DIRECTION ( 'NONE',  ( 0.000000000000000000, 1.000000000000000000, 1.224646799147353207E-16 ) ) ;
#3562 = ORIENTED_EDGE ( 'NONE', *, *, #3434, .F. ) ;
#3563 = PRESENTATION_STYLE_ASSIGNMENT (( #3928 ) ) ;
#3564 = CARTESIAN_POINT ( 'NONE',  ( -2.157024503285010830, 0.2999999999999983791, -1.075624820102679235 ) ) ;
#3565 = CARTESIAN_POINT ( 'NONE',  ( 0.8000000000000072609, -0.5999999999999996447, -0.3999999999999979683 ) ) ;
#3566 = CARTESIAN_POINT ( 'NONE',  ( 2.075373536140206365, 0.2999999999999841682, -1.842854722956130731 ) ) ;
#3567 = CARTESIAN_POINT ( 'NONE',  ( -0.7999999999999933831, 0.2000000000000007605, 2.000000000000005329 ) ) ;
#3568 = PRODUCT_DEFINITION_SHAPE ( 'NONE', 'NONE',  #5263 ) ;
#3569 = CARTESIAN_POINT ( 'NONE',  ( 0.2000000000000074496, 0.2000000000000019262, 1.000000000000003775 ) ) ;
#3570 = DIRECTION ( 'NONE',  ( 1.000000000000000000, 6.866613759074861087E-16, 0.000000000000000000 ) ) ;
#3571 = CARTESIAN_POINT ( 'NONE',  ( 2.000000000000011102, 0.2000000000000028699, -1.999999999999998668 ) ) ;
#3572 = CYLINDRICAL_SURFACE ( 'NONE', #4116, 0.2999999999999999334 ) ;
#3573 = CARTESIAN_POINT ( 'NONE',  ( -0.9430654839718830562, 0.2999999999999991007, 0.1647248279164842399 ) ) ;
#3574 = CARTESIAN_POINT ( 'NONE',  ( 0.2000000000000074774, 0.2000000000000014821, 3.011273146976464912E-15 ) ) ;
#3575 =( NAMED_UNIT ( * ) PLANE_ANGLE_UNIT ( ) SI_UNIT ( $, .RADIAN. ) );
#3576 =( NAMED_UNIT ( * ) PLANE_ANGLE_UNIT ( ) SI_UNIT ( $, .RADIAN. ) );
#3577 = CARTESIAN_POINT ( 'NONE',  ( -0.7999999999999933831, 0.2000000000000007883, 1.000000000000003997 ) ) ;
#3578 = ORIENTED_EDGE ( 'NONE', *, *, #1129, .F. ) ;
#3579 = CARTESIAN_POINT ( 'NONE',  ( 0.000000000000000000, 0.000000000000000000, 0.000000000000000000 ) ) ;
#3580 = CARTESIAN_POINT ( 'NONE',  ( 0.1702092356821000019, 0.3000000000000001554, -2.037478315543574503 ) ) ;
#3581 = APPLICATION_CONTEXT ( 'automotive_design' ) ;
#3582 = PLANE ( 'NONE',  #480 ) ;
#3583 = CARTESIAN_POINT ( 'NONE',  ( 0.1367664366034723744, 0.2999999999999999889, -0.1080312448612076592 ) ) ;
#3584 = DIRECTION ( 'NONE',  ( 0.7071067811865474617, 0.000000000000000000, -0.7071067811865474617 ) ) ;
#3585 = CARTESIAN_POINT ( 'NONE',  ( -2.750000000000000444, 0.2999999999999981570, -3.199999999999998845 ) ) ;
#3586 = ORIENTED_EDGE ( 'NONE', *, *, #2382, .T. ) ;
#3587 = ADVANCED_FACE ( 'NONE', ( #574 ), #2186, .T. ) ;
#3588 = AXIS2_PLACEMENT_3D ( 'NONE', #1126, #1549, #2334 ) ;
#3589 = CARTESIAN_POINT ( 'NONE',  ( 0.07537353614020221582, 0.2999999999999822808, 1.157145277043871712 ) ) ;
#3590 = CARTESIAN_POINT ( 'NONE',  ( 1.157024503285023931, 0.3000000000000007661, 1.075624820102685009 ) ) ;
#3591 = CARTESIAN_POINT ( 'NONE',  ( 1.827753766530870960, 0.3000000000000011546, -1.981800135833058141 ) ) ;
#3592 = SHAPE_REPRESENTATION ( 'MT25QL256ABA8E12-1SIT TR_8', ( #1744 ), #4200 ) ;
#3593 = ADVANCED_FACE ( 'NONE', ( #1403 ), #2608, .T. ) ;
#3594 = PRODUCT_CONTEXT ( 'NONE', #2225, 'mechanical' ) ;
#3595 = CARTESIAN_POINT ( 'NONE',  ( 0.9799448313702653346, 0.3000000000000005995, -0.8279599168471664106 ) ) ;
#3596 = CIRCLE ( 'NONE', #3014, 0.2000000000000005107 ) ;
#3597 = CARTESIAN_POINT ( 'NONE',  ( 1.170209235682101001, 0.3000000000000005440, -1.037478315543573171 ) ) ;
#3598 = DIRECTION ( 'NONE',  ( 0.000000000000000000, 1.000000000000000000, 1.224646799147353207E-16 ) ) ;
#3599 = CARTESIAN_POINT ( 'NONE',  ( -0.7999999999999934941, 0.2000000000000007605, -1.999999999999998668 ) ) ;
#3600 = CARTESIAN_POINT ( 'NONE',  ( 1.000000000000007772, 0.2000000000000021205, 2.000000000000005329 ) ) ;
#3601 = ADVANCED_BREP_SHAPE_REPRESENTATION ( '', ( #4581, #1744 ), #3275 ) ;
#3602 = ORIENTED_EDGE ( 'NONE', *, *, #1897, .F. ) ;
#3603 = CIRCLE ( 'NONE', #385, 0.2000000000000005107 ) ;
#3604 = UNCERTAINTY_MEASURE_WITH_UNIT (LENGTH_MEASURE( 1.000000000000000082E-05 ), #80, 'distance_accuracy_value', 'NONE');
#3605 = CARTESIAN_POINT ( 'NONE',  ( 2.172246233469150134, 0.3000000000000015432, -2.018199864166939861 ) ) ;
#3606 = COLOUR_RGB ( '',0.7921568627450980005, 0.8196078431372548767, 0.9333333333333333481 ) ;
#3607 = ORIENTED_EDGE ( 'NONE', *, *, #4066, .T. ) ;
#3608 = CARTESIAN_POINT ( 'NONE',  ( 0.000000000000000000, 0.000000000000000000, 0.000000000000000000 ) ) ;
#3609 = CARTESIAN_POINT ( 'NONE',  ( 2.200000000000011280, 0.2000000000000028422, 3.011273146976464912E-15 ) ) ;
#3610 = CARTESIAN_POINT ( 'NONE',  ( 0.8271154203003719951, 0.3000000000000005995, 2.012158460074937150 ) ) ;
#3611 = SURFACE_STYLE_USAGE ( .BOTH. , #879 ) ;
#3612 = AXIS2_PLACEMENT_3D ( 'NONE', #609, #5212, #3999 ) ;
#3613 = CARTESIAN_POINT ( 'NONE',  ( -0.1732050807568822903, 0.3000000000000000444, -1.019385769199811609 ) ) ;
#3614 = STYLED_ITEM ( 'NONE', ( #2018 ), #4634 ) ;
#3615 = CARTESIAN_POINT ( 'NONE',  ( 0.2000000000000074774, 0.2000000000000014266, 1.000000000000003997 ) ) ;
#3616 = PRODUCT_DEFINITION_SHAPE ( 'NONE', 'NONE',  #4199 ) ;
#3617 = EDGE_LOOP ( 'NONE', ( #4815, #665 ) ) ;
#3618 = CARTESIAN_POINT ( 'NONE',  ( 0.2000000000000074496, 0.2000000000000014544, 1.000000000000003997 ) ) ;
#3619 = CARTESIAN_POINT ( 'NONE',  ( -0.7999999999999933831, 0.2000000000000007883, -1.999999999999998668 ) ) ;
#3620 = CARTESIAN_POINT ( 'NONE',  ( 6.938893903907228378E-15, 0.2000000000000014821, 1.000000000000003997 ) ) ;
#3621 = CARTESIAN_POINT ( 'NONE',  ( -2.750000000000000888, 1.177817459305200654, -3.199999999999998845 ) ) ;
#3622 =( NAMED_UNIT ( * ) PLANE_ANGLE_UNIT ( ) SI_UNIT ( $, .RADIAN. ) );
#3623 = EDGE_CURVE ( 'NONE', #1909, #3763, #4832, .T. ) ;
#3624 = APPLICATION_PROTOCOL_DEFINITION ( 'draft international standard', 'automotive_design', 1998, #4369 ) ;
#3625 = CARTESIAN_POINT ( 'NONE',  ( 0.8768673050863265983, 0.3000000000000003775, -0.8781872771698483460 ) ) ;
#3626 =( BOUNDED_SURFACE ( )  B_SPLINE_SURFACE ( 3, 3, ( 
 ( #2238, #2609, #5012, #2557 ),
 ( #1786, #1051, #2585, #4203 ),
 ( #546, #3414, #3019, #1812 ),
 ( #4229, #1762, #3394, #2990 ) ),
 .UNSPECIFIED., .F., .F., .F. ) 
 B_SPLINE_SURFACE_WITH_KNOTS ( ( 4, 4 ),
 ( 4, 4 ),
 ( 0.000000000000000000, 1.000000000000000000 ),
 ( 0.000000000000000000, 1.000000000000000000 ),
 .UNSPECIFIED. ) 
 GEOMETRIC_REPRESENTATION_ITEM ( )  RATIONAL_B_SPLINE_SURFACE ( (
 ( 1.000000000000000000, 0.3333333333333335369, 0.3333333333333335369, 1.000000000000000000),
 ( 0.3333333333333333703, 0.1111111111111111882, 0.1111111111111111882, 0.3333333333333333703),
 ( 0.3333333333333333703, 0.1111111111111111882, 0.1111111111111111882, 0.3333333333333333703),
 ( 1.000000000000000000, 0.3333333333333335369, 0.3333333333333335369, 1.000000000000000000) ) ) 
 REPRESENTATION_ITEM ( '' )  SURFACE ( )  );
#3627 = CARTESIAN_POINT ( 'NONE',  ( 1.200000000000008393, 0.2000000000000023148, 1.400000000000005018 ) ) ;
#3628 = CARTESIAN_POINT ( 'NONE',  ( -0.8768673050863128315, 0.2999999999999994893, -1.121812722830147324 ) ) ;
#3629 = CARTESIAN_POINT ( 'NONE',  ( 1.906702198569188544, 0.3000000000000013767, 1.147211848353469676 ) ) ;
#3630 = FACE_BOUND ( 'NONE', #3245, .T. ) ;
#3631 = ADVANCED_FACE ( 'NONE', ( #3488 ), #4747, .T. ) ;
#3632 = CARTESIAN_POINT ( 'NONE',  ( 0.8429754967149917233, 0.3000000000000004885, 1.924375179897323873 ) ) ;
#3633 = CARTESIAN_POINT ( 'NONE',  ( -1.830141900734490568, 0.2999999999999987121, 1.039038880124554698 ) ) ;
#3634 =( LENGTH_UNIT ( ) NAMED_UNIT ( * ) SI_UNIT ( .MILLI., .METRE. ) );
#3635 = CARTESIAN_POINT ( 'NONE',  ( -2.000799790377879361, 0.2999999999999984346, 0.1742847336481926912 ) ) ;
#3636 = ORIENTED_EDGE ( 'NONE', *, *, #3845, .F. ) ;
#3637 =( NAMED_UNIT ( * ) SI_UNIT ( $, .STERADIAN. ) SOLID_ANGLE_UNIT ( ) );
#3638 = PLANE ( 'NONE',  #369 ) ;
#3639 = CARTESIAN_POINT ( 'NONE',  ( -3.000000000000000888, 1.200000000000000178, 4.000000000000000000 ) ) ;
#3640 = DIRECTION ( 'NONE',  ( 0.000000000000000000, -1.000000000000000000, 0.000000000000000000 ) ) ;
#3641 = DIRECTION ( 'NONE',  ( 1.000000000000000000, 6.866613759074861087E-16, 0.000000000000000000 ) ) ;
#3642 = VERTEX_POINT ( 'NONE', #281 ) ;
#3643 = CARTESIAN_POINT ( 'NONE',  ( -0.1648156935264673828, 0.2999999999992778443, 1.056670938009937277 ) ) ;
#3644 =( NAMED_UNIT ( * ) SI_UNIT ( $, .STERADIAN. ) SOLID_ANGLE_UNIT ( ) );
#3645 = CARTESIAN_POINT ( 'NONE',  ( -1.199999999999994404, 0.2000000000000007605, 1.000000000000003997 ) ) ;
#3646 = PRODUCT_RELATED_PRODUCT_CATEGORY ( 'part', '', ( #442 ) ) ;
#3647 = DIRECTION ( 'NONE',  ( 1.000000000000000000, 6.866613759074861087E-16, 0.000000000000000000 ) ) ;
#3648 = CARTESIAN_POINT ( 'NONE',  ( 0.8526390944153894313, 0.3000000000000006550, 0.9069378081455771179 ) ) ;
#3649 = PRESENTATION_STYLE_ASSIGNMENT (( #362 ) ) ;
#3650 = CARTESIAN_POINT ( 'NONE',  ( 1.999200209622126634, 0.3000000000000014877, 1.174284733648193635 ) ) ;
#3651 = CARTESIAN_POINT ( 'NONE',  ( -0.8768593957821148033, 0.2999999999999994893, 0.1233377462106581834 ) ) ;
#3652 =( NAMED_UNIT ( * ) PLANE_ANGLE_UNIT ( ) SI_UNIT ( $, .RADIAN. ) );
#3653 =( BOUNDED_SURFACE ( )  B_SPLINE_SURFACE ( 3, 3, ( 
 ( #3710, #2514, #897, #3318 ),
 ( #2478, #1302, #3757, #2138 ),
 ( #972, #1713, #2166, #135 ),
 ( #867, #2537, #3373, #2190 ) ),
 .UNSPECIFIED., .F., .F., .F. ) 
 B_SPLINE_SURFACE_WITH_KNOTS ( ( 4, 4 ),
 ( 4, 4 ),
 ( 0.000000000000000000, 1.000000000000000000 ),
 ( 0.000000000000000000, 1.000000000000000000 ),
 .UNSPECIFIED. ) 
 GEOMETRIC_REPRESENTATION_ITEM ( )  RATIONAL_B_SPLINE_SURFACE ( (
 ( 1.000000000000000000, 0.3333333333333332038, 0.3333333333333332038, 1.000000000000000000),
 ( 0.3333333333333339810, 0.1111111111111112854, 0.1111111111111112854, 0.3333333333333339810),
 ( 0.3333333333333339810, 0.1111111111111112854, 0.1111111111111112854, 0.3333333333333339810),
 ( 1.000000000000000000, 0.3333333333333332038, 0.3333333333333332038, 1.000000000000000000) ) ) 
 REPRESENTATION_ITEM ( '' )  SURFACE ( )  );
#3654 = CARTESIAN_POINT ( 'NONE',  ( 0.8917501123565292342, 0.2999999999999831690, 1.863406552599903288 ) ) ;
#3655 = FACE_OUTER_BOUND ( 'NONE', #2831, .T. ) ;
#3656 = ADVANCED_FACE ( 'NONE', ( #2711 ), #4328, .F. ) ;
#3657 = CARTESIAN_POINT ( 'NONE',  ( 0.2000000000000074496, 0.2000000000000014544, 1.000000000000003997 ) ) ;
#3658 = CARTESIAN_POINT ( 'NONE',  ( -2.109498953223958306, 0.2999999999999984901, 0.1355942007990241505 ) ) ;
#3659 = PRODUCT ( 'MT25QL256ABA8E12-1SIT TR_9', 'MT25QL256ABA8E12-1SIT TR_9', '', ( #2620 ) ) ;
#3660 = VERTEX_POINT ( 'NONE', #3512 ) ;
#3661 = CARTESIAN_POINT ( 'NONE',  ( 1.800000000000010036, 1.000000000000004885, 0.6000000000000029754 ) ) ;
#3662 = CARTESIAN_POINT ( 'NONE',  ( 0.8000000000000072609, 0.2000000000000021483, -1.999999999999998668 ) ) ;
#3663 = CARTESIAN_POINT ( 'NONE',  ( 0.1352507549012508803, 0.2999999999999997669, -1.891800030967451862 ) ) ;
#3664 = CARTESIAN_POINT ( 'NONE',  ( -2.199999999999995293, -0.6000000000000019762, 0.4000000000000039080 ) ) ;
#3665 = CARTESIAN_POINT ( 'NONE',  ( -1.091811711891844228, 0.2999999999999817257, -2.146869362221975663 ) ) ;
#3666 = ORIENTED_EDGE ( 'NONE', *, *, #516, .T. ) ;
#3667 = ADVANCED_BREP_SHAPE_REPRESENTATION ( '', ( #1046, #1744 ), #1821 ) ;
#3668 = PRESENTATION_STYLE_ASSIGNMENT (( #4427 ) ) ;
#3669 = CARTESIAN_POINT ( 'NONE',  ( 0.1634413012752670702, 0.3000000000000001554, 1.057331850113619964 ) ) ;
#3670 =( NAMED_UNIT ( * ) SI_UNIT ( $, .STERADIAN. ) SOLID_ANGLE_UNIT ( ) );
#3671 = CLOSED_SHELL ( 'NONE', ( #4571, #4934, #617 ) ) ;
#3672 = CONTEXT_DEPENDENT_SHAPE_REPRESENTATION ( #2738, #2606 ) ;
#3673 = CARTESIAN_POINT ( 'NONE',  ( -0.7999999999999939382, 0.2000000000000008993, -1.399999999999998135 ) ) ;
#3674 = DIRECTION ( 'NONE',  ( -6.938893903907229364E-16, 1.000000000000000000, 0.000000000000000000 ) ) ;
#3675 = CARTESIAN_POINT ( 'NONE',  ( 0.8917501123565294563, 0.2999999999999831690, 0.8634065525999019552 ) ) ;
#3676 = MECHANICAL_DESIGN_GEOMETRIC_PRESENTATION_REPRESENTATION (  '', ( #291 ), #1137 ) ;
#3677 = CARTESIAN_POINT ( 'NONE',  ( -0.8277537665308543069, 0.2999999999999994338, -0.01819986416693754674 ) ) ;
#3678 = ADVANCED_BREP_SHAPE_REPRESENTATION ( '', ( #4539, #1744 ), #989 ) ;
#3679 = CARTESIAN_POINT ( 'NONE',  ( -1.852639094415376775, 0.2999999999999987677, 2.093062191854432097 ) ) ;
#3680 = CARTESIAN_POINT ( 'NONE',  ( -0.1482088036191451796, 0.2999999999992774002, -0.9082941737002231397 ) ) ;
#3681 = VERTEX_POINT ( 'NONE', #5171 ) ;
#3682 = CIRCLE ( 'NONE', #1406, 0.2000000000000005107 ) ;
#3683 = CARTESIAN_POINT ( 'NONE',  ( -1.173205080756883012, 0.2999999999999993228, -0.9999999999999978906 ) ) ;
#3684 = CARTESIAN_POINT ( 'NONE',  ( -2.199999999999995293, -0.6000000000000019762, 0.6000000000000029754 ) ) ;
#3685 = CARTESIAN_POINT ( 'NONE',  ( 1.800000000000010481, 0.2000000000000029809, -0.3999999999999979683 ) ) ;
#3686 = CARTESIAN_POINT ( 'NONE',  ( -2.173205080756884122, 0.2999999999999984346, 3.062871137271550026E-15 ) ) ;
#3687 = ORIENTED_EDGE ( 'NONE', *, *, #1097, .T. ) ;
#3688 = DIRECTION ( 'NONE',  ( 0.000000000000000000, 0.000000000000000000, 1.000000000000000000 ) ) ;
#3689 = CARTESIAN_POINT ( 'NONE',  ( 2.200000000000011280, 0.2000000000000032863, 1.000000000000003775 ) ) ;
#3690 = CARTESIAN_POINT ( 'NONE',  ( 0.8632335633965421140, 0.3000000000000002665, 2.108031244861215736 ) ) ;
#3691 = CARTESIAN_POINT ( 'NONE',  ( 1.000000000000007772, 0.2000000000000021483, -1.999999999999998668 ) ) ;
#3692 = CARTESIAN_POINT ( 'NONE',  ( 1.200000000000008393, 0.2000000000000023148, -1.599999999999997424 ) ) ;
#3693 = DIRECTION ( 'NONE',  ( 0.000000000000000000, 1.000000000000000000, 1.224646799147353207E-16 ) ) ;
#3694 = AXIS2_PLACEMENT_3D ( 'NONE', #4204, #3366, #604 ) ;
#3695 = EDGE_CURVE ( 'NONE', #3301, #2477, #3929, .T. ) ;
#3696 = VERTEX_POINT ( 'NONE', #4384 ) ;
#3697 = SURFACE_STYLE_FILL_AREA ( #2945 ) ;
#3698 = CARTESIAN_POINT ( 'NONE',  ( -1.199999999999994182, 0.2000000000000008993, 1.600000000000004086 ) ) ;
#3699 = CARTESIAN_POINT ( 'NONE',  ( 2.200000000000011724, 0.2000000000000028422, -0.9999999999999978906 ) ) ;
#3700 = CARTESIAN_POINT ( 'NONE',  ( -0.1570245032850090539, 0.2999999999999999334, 1.924375179897323429 ) ) ;
#3701 = VECTOR ( 'NONE', #2492, 1000.000000000000000 ) ;
#3702 = ITEM_DEFINED_TRANSFORMATION ( 'NONE', 'NONE', #3030,  #1744 ) ;
#3703 = CARTESIAN_POINT ( 'NONE',  ( 1.000000000000000666, 0.3000000000000006550, -4.336808689942017736E-16 ) ) ;
#3704 = DIRECTION ( 'NONE',  ( -1.000000000000000000, -7.228014483236697541E-16, 0.000000000000000000 ) ) ;
#3705 = CARTESIAN_POINT ( 'NONE',  ( 1.173205080756897001, 0.3000000000000007661, 0.9939249650772299383 ) ) ;
#3706 = PRODUCT_DEFINITION_FORMATION_WITH_SPECIFIED_SOURCE ( 'ANY', '', #1618, .NOT_KNOWN. ) ;
#3707 = FILL_AREA_STYLE ('',( #1352 ) ) ;
#3708 = CARTESIAN_POINT ( 'NONE',  ( 1.960689453118410253, 0.3000000000000014877, 1.169795432657477097 ) ) ;
#3709 = EDGE_LOOP ( 'NONE', ( #1855, #3746 ) ) ;
#3710 = CARTESIAN_POINT ( 'NONE',  ( 1.800000000000010258, 0.2000000000000028422, -0.9999999999999978906 ) ) ;
#3711 = CARTESIAN_POINT ( 'NONE',  ( -2.059984127722458425E-16, 0.2999999999999999889, 1.000000000000000444 ) ) ;
#3712 = CARTESIAN_POINT ( 'NONE',  ( -1.924626463859799630, 0.2999999999999810041, 1.157145277043871934 ) ) ;
#3713 = DIRECTION ( 'NONE',  ( 1.000000000000000000, 0.000000000000000000, 0.000000000000000000 ) ) ;
#3714 = CARTESIAN_POINT ( 'NONE',  ( 2.170209235682103888, 0.3000000000000015432, -2.037478315543574503 ) ) ;
#3715 = EDGE_LOOP ( 'NONE', ( #231, #4006 ) ) ;
#3716 = PRODUCT_CONTEXT ( 'NONE', #942, 'mechanical' ) ;
#3717 = CARTESIAN_POINT ( 'NONE',  ( 1.800000000000010258, 0.2000000000000028422, 1.000000000000003997 ) ) ;
#3718 = CARTESIAN_POINT ( 'NONE',  ( 2.108249887643489195, 0.2999999999999838352, -0.8634065525998956270 ) ) ;
#3719 = CARTESIAN_POINT ( 'NONE',  ( -1.799999999999994271, -0.6000000000000019762, 0.4000000000000039080 ) ) ;
#3720 = DIRECTION ( 'NONE',  ( -1.000000000000000000, -6.930918406685709091E-16, 0.000000000000000000 ) ) ;
#3721 = APPLICATION_CONTEXT ( 'automotive_design' ) ;
#3722 = ORIENTED_EDGE ( 'NONE', *, *, #3560, .F. ) ;
#3723 = ADVANCED_FACE ( 'NONE', ( #1680 ), #4089, .F. ) ;
#3724 = CARTESIAN_POINT ( 'NONE',  ( 0.09329780143082920529, 0.2999999999999999889, 0.8527881516465380951 ) ) ;
#3725 = PRESENTATION_STYLE_ASSIGNMENT (( #2816 ) ) ;
#3726 = CARTESIAN_POINT ( 'NONE',  ( -2.750000000000000000, 0.2999999999999981015, 0.000000000000000000 ) ) ;
#3727 = B_SPLINE_CURVE_WITH_KNOTS ( 'NONE', 3,
 ( #768, #2727, #2706, #1116, #2327, #301, #4322, #2278, #4344, #692, #4714, #2301, #328, #2349, #2684, #3976, #3536, #3924, #2755, #1523, #3558, #4812, #3583, #1179, #1930, #4400, #2373, #4002, #4784, #1147, #1858 ),
 .UNSPECIFIED., .F., .F.,
 ( 4, 3, 3, 3, 3, 3, 3, 3, 3, 3, 4 ),
 ( 0.000000000000000000, 5.815730759944127178E-05, 0.0001163146151988824894, 0.0001744719227982759614, 0.0002326292303977649245, 0.0002907865379972063183, 0.0003489438455966476036, 0.0004071011531960889432, 0.0004652584607957851786, 0.0005234157683949714054, 0.0005414071114497592948 ),
 .UNSPECIFIED. ) ;
#3728 = ADVANCED_FACE ( 'NONE', ( #1183 ), #774, .F. ) ;
#3729 = CARTESIAN_POINT ( 'NONE',  ( 1.200000000000008393, 0.2000000000000021760, 1.000000000000003775 ) ) ;
#3730 = CARTESIAN_POINT ( 'NONE',  ( -2.750000000000000000, 0.2999999999999981015, -3.199999999999998845 ) ) ;
#3731 = CARTESIAN_POINT ( 'NONE',  ( -2.750000000000000000, 0.3999999999999981348, -3.199999999999998845 ) ) ;
#3732 = UNCERTAINTY_MEASURE_WITH_UNIT (LENGTH_MEASURE( 1.000000000000000082E-05 ), #1763, 'distance_accuracy_value', 'NONE');
#3733 = ORIENTED_EDGE ( 'NONE', *, *, #3943, .T. ) ;
#3734 = DIRECTION ( 'NONE',  ( 6.866613759074861087E-16, -1.000000000000000000, 0.000000000000000000 ) ) ;
#3735 = FACE_OUTER_BOUND ( 'NONE', #2137, .T. ) ;
#3736 = FACE_BOUND ( 'NONE', #2220, .T. ) ;
#3737 = CARTESIAN_POINT ( 'NONE',  ( -1.093297801430816563, 0.2999999999999990452, -0.8527881516465320999 ) ) ;
#3738 = PRODUCT ( 'MT25QL256ABA8E12-1SIT TR_16', 'MT25QL256ABA8E12-1SIT TR_16', '', ( #114 ) ) ;
#3739 = VERTEX_POINT ( 'NONE', #1653 ) ;
#3740 = APPLICATION_PROTOCOL_DEFINITION ( 'draft international standard', 'automotive_design', 1998, #3721 ) ;
#3741 = CARTESIAN_POINT ( 'NONE',  ( 1.827115420300374993, 0.3000000000000013767, 0.01215846007493522583 ) ) ;
#3742 = CARTESIAN_POINT ( 'NONE',  ( -0.1732050807568822903, 0.3000000000000000444, -1.993924965077225053 ) ) ;
#3743 = DIRECTION ( 'NONE',  ( -1.000000000000000000, -0.000000000000000000, -1.445602896647339163E-16 ) ) ;
#3744 = CARTESIAN_POINT ( 'NONE',  ( -0.9999999999999940048, 0.2000000000000007605, 1.000000000000003997 ) ) ;
#3745 = PRODUCT_RELATED_PRODUCT_CATEGORY ( 'part', '', ( #4326 ) ) ;
#3746 = ORIENTED_EDGE ( 'NONE', *, *, #5125, .T. ) ;
#3747 = CARTESIAN_POINT ( 'NONE',  ( -0.1732050807568823181, 0.2999999999999998779, 1.000000000000003997 ) ) ;
#3748 = FILL_AREA_STYLE ('',( #886 ) ) ;
#3749 = DIRECTION ( 'NONE',  ( -1.000000000000000000, 0.000000000000000000, 0.000000000000000000 ) ) ;
#3750 = CARTESIAN_POINT ( 'NONE',  ( -1.199999999999994182, 0.2000000000000009270, 1.400000000000005018 ) ) ;
#3751 = CARTESIAN_POINT ( 'NONE',  ( -1.039310546881594632, 0.2999999999999992673, 2.169795432657478429 ) ) ;
#3752 = CARTESIAN_POINT ( 'NONE',  ( 0.1570245032850230427, 0.2999999999999998224, 2.075624820102686119 ) ) ;
#3753 = CARTESIAN_POINT ( 'NONE',  ( -2.059984127722458425E-16, 0.2999999999999999889, 0.000000000000000000 ) ) ;
#3754 = CARTESIAN_POINT ( 'NONE',  ( 1.843487751427162147, 0.2999999999992791211, 1.074188382154783294 ) ) ;
#3755 =( LENGTH_UNIT ( ) NAMED_UNIT ( * ) SI_UNIT ( .MILLI., .METRE. ) );
#3756 = ADVANCED_FACE ( 'NONE', ( #4519, #3303 ), #30, .T. ) ;
#3757 = CARTESIAN_POINT ( 'NONE',  ( 1.800000000000010703, 1.000000000000003775, -1.399999999999997913 ) ) ;
#3758 = CARTESIAN_POINT ( 'NONE',  ( -0.1999999999999935718, 0.2000000000000014821, -1.999999999999998668 ) ) ;
#3759 = CARTESIAN_POINT ( 'NONE',  ( 0.1732050807568960293, 0.3000000000000001554, 3.062871137271550026E-15 ) ) ;
#3760 = CARTESIAN_POINT ( 'NONE',  ( 1.800000000000010258, 0.2000000000000028699, -1.999999999999998668 ) ) ;
#3761 = SHAPE_REPRESENTATION ( 'MT25QL256ABA8E12-1SIT TR_17', ( #1744 ), #1739 ) ;
#3762 = PRESENTATION_LAYER_ASSIGNMENT (  '', '', ( #1724 ) ) ;
#3763 = VERTEX_POINT ( 'NONE', #4405 ) ;
#3764 = FACE_BOUND ( 'NONE', #1467, .T. ) ;
#3765 = VECTOR ( 'NONE', #1390, 1000.000000000000000 ) ;
#3766 = CARTESIAN_POINT ( 'NONE',  ( -0.02005516862973561257, 0.2999999999999999889, 0.1720400831528342833 ) ) ;
#3767 = CARTESIAN_POINT ( 'NONE',  ( 1.200000000000008393, 0.2000000000000021483, -1.999999999999998668 ) ) ;
#3768 = CARTESIAN_POINT ( 'NONE',  ( -2.091811711891844894, 0.2999999999999810041, 0.8531306377780271122 ) ) ;
#3769 = PRESENTATION_LAYER_ASSIGNMENT (  '', '', ( #3091 ) ) ;
#3770 = EDGE_LOOP ( 'NONE', ( #828, #3533 ) ) ;
#3771 = CARTESIAN_POINT ( 'NONE',  ( -1.799999999999994271, 0.2000000000000000666, 2.000000000000005329 ) ) ;
#3772 = CARTESIAN_POINT ( 'NONE',  ( 0.03931054688160764282, 0.3000000000000000444, 0.8302045673425308969 ) ) ;
#3773 = SURFACE_STYLE_FILL_AREA ( #4248 ) ;
#3774 =( GEOMETRIC_REPRESENTATION_CONTEXT ( 3 ) GLOBAL_UNCERTAINTY_ASSIGNED_CONTEXT ( ( #2014 ) ) GLOBAL_UNIT_ASSIGNED_CONTEXT ( ( #438, #3622, #335 ) ) REPRESENTATION_CONTEXT ( 'NONE', 'WORKASPACE' ) );
#3775 = AXIS2_PLACEMENT_3D ( 'NONE', #200, #2528, #4636 ) ;
#3776 = DIRECTION ( 'NONE',  ( -1.000000000000000000, -6.866613759074861087E-16, -0.000000000000000000 ) ) ;
#3777 = AXIS2_PLACEMENT_3D ( 'NONE', #1813, #1077, #3890 ) ;
#3778 =( NAMED_UNIT ( * ) SI_UNIT ( $, .STERADIAN. ) SOLID_ANGLE_UNIT ( ) );
#3779 = CARTESIAN_POINT ( 'NONE',  ( 1.800000000000006262, -0.5999999999999989786, 1.600000000000004530 ) ) ;
#3780 = CARTESIAN_POINT ( 'NONE',  ( -1.123132694913675733, 0.2999999999999991007, -1.878187277169850011 ) ) ;
#3781 = CARTESIAN_POINT ( 'NONE',  ( -1.199999999999994404, 0.2000000000000007605, -0.9999999999999978906 ) ) ;
#3782 = CARTESIAN_POINT ( 'NONE',  ( -2.056934516028106064, 0.2999999999999982125, 1.835275172083524087 ) ) ;
#3783 = AXIS2_PLACEMENT_3D ( 'NONE', #4620, #4159, #976 ) ;
#3784 = MECHANICAL_DESIGN_GEOMETRIC_PRESENTATION_REPRESENTATION (  '', ( #3614 ), #1252 ) ;
#3785 =( BOUNDED_SURFACE ( )  B_SPLINE_SURFACE ( 3, 3, ( 
 ( #4255, #4645, #4230, #999 ),
 ( #603, #1437, #3046, #4671 ),
 ( #629, #2239, #657, #3862 ),
 ( #2265, #239, #3470, #5101 ) ),
 .UNSPECIFIED., .F., .F., .F. ) 
 B_SPLINE_SURFACE_WITH_KNOTS ( ( 4, 4 ),
 ( 4, 4 ),
 ( 0.000000000000000000, 1.000000000000000000 ),
 ( 0.000000000000000000, 1.000000000000000000 ),
 .UNSPECIFIED. ) 
 GEOMETRIC_REPRESENTATION_ITEM ( )  RATIONAL_B_SPLINE_SURFACE ( (
 ( 1.000000000000000000, 0.3333333333333334259, 0.3333333333333334259, 1.000000000000000000),
 ( 0.3333333333333333703, 0.1111111111111111605, 0.1111111111111111605, 0.3333333333333333703),
 ( 0.3333333333333333703, 0.1111111111111111605, 0.1111111111111111605, 0.3333333333333333703),
 ( 1.000000000000000000, 0.3333333333333334259, 0.3333333333333334259, 1.000000000000000000) ) ) 
 REPRESENTATION_ITEM ( '' )  SURFACE ( )  );
#3786 = CARTESIAN_POINT ( 'NONE',  ( 1.156512248572856283, 0.2999999999992788435, 1.925811617845225809 ) ) ;
#3787 = CARTESIAN_POINT ( 'NONE',  ( 0.03931054688160768446, 0.3000000000000000444, -1.169795432657470879 ) ) ;
#3788 = CARTESIAN_POINT ( 'NONE',  ( 2.169858099265511431, 0.3000000000000012101, 2.039038880124555586 ) ) ;
#3789 = CARTESIAN_POINT ( 'NONE',  ( -2.069840511108689700E-16, 0.3000000000000000444, 0.000000000000000000 ) ) ;
#3790 = DIRECTION ( 'NONE',  ( 0.000000000000000000, 0.000000000000000000, 1.000000000000000000 ) ) ;
#3791 = EDGE_CURVE ( 'NONE', #173, #2942, #4442, .T. ) ;
#3792 = CARTESIAN_POINT ( 'NONE',  ( 0.8000000000000072609, 0.2000000000000021483, 1.000000000000003997 ) ) ;
#3793 = EDGE_LOOP ( 'NONE', ( #2512, #1861, #4679 ) ) ;
#3794 = DIRECTION ( 'NONE',  ( 0.000000000000000000, 1.000000000000000000, 1.224646799147353207E-16 ) ) ;
#3795 =( BOUNDED_SURFACE ( )  B_SPLINE_SURFACE ( 3, 3, ( 
 ( #3945, #270, #3875, #5133 ),
 ( #1492, #4267, #2321, #3102 ),
 ( #1088, #4371, #2699, #4315 ),
 ( #640, #686, #2296, #1900 ) ),
 .UNSPECIFIED., .F., .F., .F. ) 
 B_SPLINE_SURFACE_WITH_KNOTS ( ( 4, 4 ),
 ( 4, 4 ),
 ( 0.000000000000000000, 1.000000000000000000 ),
 ( 0.000000000000000000, 1.000000000000000000 ),
 .UNSPECIFIED. ) 
 GEOMETRIC_REPRESENTATION_ITEM ( )  RATIONAL_B_SPLINE_SURFACE ( (
 ( 1.000000000000000000, 0.3333333333333334259, 0.3333333333333334259, 1.000000000000000000),
 ( 0.3333333333333333703, 0.1111111111111111605, 0.1111111111111111605, 0.3333333333333333703),
 ( 0.3333333333333333703, 0.1111111111111111605, 0.1111111111111111605, 0.3333333333333333703),
 ( 1.000000000000000000, 0.3333333333333334259, 0.3333333333333334259, 1.000000000000000000) ) ) 
 REPRESENTATION_ITEM ( '' )  SURFACE ( )  );
#3796 = DIRECTION ( 'NONE',  ( 0.000000000000000000, 1.000000000000000000, 1.224646799147353207E-16 ) ) ;
#3797 = CARTESIAN_POINT ( 'NONE',  ( -1.960689453118393821, 0.2999999999999984901, 0.8302045673425311190 ) ) ;
#3798 = ORIENTED_EDGE ( 'NONE', *, *, #1933, .T. ) ;
#3799 = CARTESIAN_POINT ( 'NONE',  ( -1.199999999999994627, 0.2000000000000007605, 3.035766082959412415E-15 ) ) ;
#3800 = CARTESIAN_POINT ( 'NONE',  ( -3.000000000000000888, 1.199999999999997957, 4.000000000000000000 ) ) ;
#3801 = SURFACE_STYLE_FILL_AREA ( #2961 ) ;
#3802 = CARTESIAN_POINT ( 'NONE',  ( 2.156512248572859392, 0.2999999999992794542, 0.9258116178452245881 ) ) ;
#3803 = CARTESIAN_POINT ( 'NONE',  ( -2.075870863958293899, 0.2999999999999984346, 2.155703603048302774 ) ) ;
#3804 = FILL_AREA_STYLE ('',( #1455 ) ) ;
#3805 = CARTESIAN_POINT ( 'NONE',  ( -2.400000000000001243, 1.099999999999998090, -3.399999999999999467 ) ) ;
#3806 = CARTESIAN_POINT ( 'NONE',  ( -0.07587086395829166496, 0.3000000000000000999, 2.155703603048302774 ) ) ;
#3807 = FILL_AREA_STYLE ('',( #2080 ) ) ;
#3808 = CARTESIAN_POINT ( 'NONE',  ( -2.091811711891844894, 0.2999999999999810041, 1.853130637778028555 ) ) ;
#3809 = CARTESIAN_POINT ( 'NONE',  ( -0.9999999999999940048, 0.2000000000000007605, 2.000000000000005329 ) ) ;
#3810 = CARTESIAN_POINT ( 'NONE',  ( 1.800000000000010036, 1.000000000000004663, -1.599999999999997868 ) ) ;
#3811 = CARTESIAN_POINT ( 'NONE',  ( -2.700000000000001066, 1.099999999999997868, -3.399999999999999467 ) ) ;
#3812 = DIRECTION ( 'NONE',  ( 1.000000000000000000, 0.000000000000000000, 0.000000000000000000 ) ) ;
#3813 = CARTESIAN_POINT ( 'NONE',  ( -2.039310546881595521, 0.2999999999999985456, -0.8302045673425246797 ) ) ;
#3814 = CARTESIAN_POINT ( 'NONE',  ( -1.039310546881594854, 0.2999999999999992673, -0.8302045673425246797 ) ) ;
#3815 = EDGE_CURVE ( 'NONE', #3159, #2294, #18, .T. ) ;
#3816 = EDGE_LOOP ( 'NONE', ( #1454, #3687 ) ) ;
#3817 = APPLICATION_PROTOCOL_DEFINITION ( 'draft international standard', 'automotive_design', 1998, #2630 ) ;
#3818 = CARTESIAN_POINT ( 'NONE',  ( 1.147360905584625890, 0.3000000000000008216, 0.09306219185442977937 ) ) ;
#3819 = CARTESIAN_POINT ( 'NONE',  ( -1.199999999999994404, -0.6000000000000010880, 0.6000000000000029754 ) ) ;
#3820 = CARTESIAN_POINT ( 'NONE',  ( 1.200000000000008393, 0.2000000000000020650, 2.400000000000006128 ) ) ;
#3821 = ADVANCED_FACE ( 'NONE', ( #175 ), #2127, .T. ) ;
#3822 = VERTEX_POINT ( 'NONE', #2152 ) ;
#3823 =( BOUNDED_SURFACE ( )  B_SPLINE_SURFACE ( 3, 3, ( 
 ( #3094, #339, #2716, #699 ),
 ( #2290, #3912, #2338, #754 ),
 ( #4795, #3122, #4331, #2359 ),
 ( #2311, #1163, #3569, #5176 ) ),
 .UNSPECIFIED., .F., .F., .F. ) 
 B_SPLINE_SURFACE_WITH_KNOTS ( ( 4, 4 ),
 ( 4, 4 ),
 ( 0.000000000000000000, 1.000000000000000000 ),
 ( 0.000000000000000000, 1.000000000000000000 ),
 .UNSPECIFIED. ) 
 GEOMETRIC_REPRESENTATION_ITEM ( )  RATIONAL_B_SPLINE_SURFACE ( (
 ( 1.000000000000000000, 0.3333333333333335369, 0.3333333333333335369, 1.000000000000000000),
 ( 0.3333333333333333703, 0.1111111111111111882, 0.1111111111111111882, 0.3333333333333333703),
 ( 0.3333333333333333703, 0.1111111111111111882, 0.1111111111111111882, 0.3333333333333333703),
 ( 1.000000000000000000, 0.3333333333333335369, 0.3333333333333335369, 1.000000000000000000) ) ) 
 REPRESENTATION_ITEM ( '' )  SURFACE ( )  );
#3824 =( REPRESENTATION_RELATIONSHIP ('NONE','NONE', #2642, #115 ) REPRESENTATION_RELATIONSHIP_WITH_TRANSFORMATION ( #1401 )SHAPE_REPRESENTATION_RELATIONSHIP( ) );
#3825 = CARTESIAN_POINT ( 'NONE',  ( -0.7999999999999933831, 0.2000000000000007605, -0.3999999999999979683 ) ) ;
#3826 = PRODUCT ( 'MT25QL256ABA8E12-1SIT TR_20', 'MT25QL256ABA8E12-1SIT TR_20', '', ( #1795 ) ) ;
#3827 = CARTESIAN_POINT ( 'NONE',  ( -0.7999999999999933831, 0.2000000000000007605, -0.9999999999999978906 ) ) ;
#3828 = CARTESIAN_POINT ( 'NONE',  ( -0.1999999999999935996, 0.2000000000000013989, 0.4000000000000040190 ) ) ;
#3829 = CARTESIAN_POINT ( 'NONE',  ( 1.830141900734506555, 0.3000000000000012101, 0.9609611198754531847 ) ) ;
#3830 = CARTESIAN_POINT ( 'NONE',  ( 1.826794919243117876, 0.3000000000000014322, 1.980614230800191278 ) ) ;
#3831 = ORIENTED_EDGE ( 'NONE', *, *, #351, .T. ) ;
#3832 =( REPRESENTATION_RELATIONSHIP ('NONE','NONE', #2642, #3417 ) REPRESENTATION_RELATIONSHIP_WITH_TRANSFORMATION ( #3251 )SHAPE_REPRESENTATION_RELATIONSHIP( ) );
#3833 = SURFACE_STYLE_FILL_AREA ( #653 ) ;
#3834 = CARTESIAN_POINT ( 'NONE',  ( -0.9081882881081444481, 0.2999999999999815037, -1.853130637778021894 ) ) ;
#3835 = CARTESIAN_POINT ( 'NONE',  ( -2.075373536140189934, 0.2999999999999810041, 1.842854722956137170 ) ) ;
#3836 = CARTESIAN_POINT ( 'NONE',  ( 2.157024503285022821, 0.3000000000000012101, 2.075624820102686119 ) ) ;
#3837 = CARTESIAN_POINT ( 'NONE',  ( 1.800000000000006484, 0.2000000000000028422, 2.000000000000005329 ) ) ;
#3838 = CARTESIAN_POINT ( 'NONE',  ( 0.000000000000000000, 0.000000000000000000, 0.000000000000000000 ) ) ;
#3839 = CARTESIAN_POINT ( 'NONE',  ( -1.876859395782115580, 0.2999999999999988787, -0.8766622537893427047 ) ) ;
#3840 = CARTESIAN_POINT ( 'NONE',  ( -0.8917501123565156895, 0.2999999999999818368, -0.8634065525998959600 ) ) ;
#3841 = CIRCLE ( 'NONE', #211, 0.2000000000000005107 ) ;
#3842 = VERTEX_POINT ( 'NONE', #2578 ) ;
#3843 = PRODUCT_CONTEXT ( 'NONE', #4946, 'mechanical' ) ;
#3844 = CARTESIAN_POINT ( 'NONE',  ( -0.7999999999999936051, -0.6000000000000010880, 0.6000000000000029754 ) ) ;
#3845 = EDGE_CURVE ( 'NONE', #2016, #3739, #802, .T. ) ;
#3846 = ORIENTED_EDGE ( 'NONE', *, *, #4296, .F. ) ;
#3847 = CARTESIAN_POINT ( 'NONE',  ( -1.123140604217873317, 0.2999999999999992117, 1.876662253789350032 ) ) ;
#3848 = SURFACE_SIDE_STYLE ('',( #3801 ) ) ;
#3849 = CARTESIAN_POINT ( 'NONE',  ( 2.000799790377894904, 0.3000000000000012101, 0.8257152663518143587 ) ) ;
#3850 = EDGE_CURVE ( 'NONE', #2294, #3159, #4904, .T. ) ;
#3851 = CARTESIAN_POINT ( 'NONE',  ( 1.852639094415388543, 0.3000000000000012101, 1.906937808145578783 ) ) ;
#3852 = PRESENTATION_LAYER_ASSIGNMENT (  '', '', ( #2241 ) ) ;
#3853 = CARTESIAN_POINT ( 'NONE',  ( -0.8434877514271454935, 0.2999999999992774558, 0.9258116178452245881 ) ) ;
#3854 = ADVANCED_BREP_SHAPE_REPRESENTATION ( '', ( #4465, #1744 ), #4200 ) ;
#3855 = APPLICATION_CONTEXT ( 'automotive_design' ) ;
#3856 = ORIENTED_EDGE ( 'NONE', *, *, #4000, .T. ) ;
#3857 = CONTEXT_DEPENDENT_SHAPE_REPRESENTATION ( #2466, #5192 ) ;
#3858 = CARTESIAN_POINT ( 'NONE',  ( 2.156512248572859392, 0.2999999999992792321, -0.07418838215477625841 ) ) ;
#3859 = AXIS2_PLACEMENT_3D ( 'NONE', #3416, #130, #947 ) ;
#3860 = CARTESIAN_POINT ( 'NONE',  ( -0.9430654839718829452, 0.2999999999999989897, 2.164724827916486571 ) ) ;
#3861 = CARTESIAN_POINT ( 'NONE',  ( -0.9619784051718623941, 0.2999999999999989897, -1.831019651063426235 ) ) ;
#3862 = CARTESIAN_POINT ( 'NONE',  ( -1.799999999999994493, 0.2000000000000001499, -0.3999999999999979683 ) ) ;
#3863 =( NAMED_UNIT ( * ) SI_UNIT ( $, .STERADIAN. ) SOLID_ANGLE_UNIT ( ) );
#3864 =( GEOMETRIC_REPRESENTATION_CONTEXT ( 3 ) GLOBAL_UNCERTAINTY_ASSIGNED_CONTEXT ( ( #3555 ) ) GLOBAL_UNIT_ASSIGNED_CONTEXT ( ( #1082, #1031, #3145 ) ) REPRESENTATION_CONTEXT ( 'NONE', 'WORKASPACE' ) );
#3865 = CIRCLE ( 'NONE', #1987, 0.2999999999999999334 ) ;
#3866 = CARTESIAN_POINT ( 'NONE',  ( 2.200000000000011724, 0.2000000000000029809, -2.400000000000000355 ) ) ;
#3867 = CARTESIAN_POINT ( 'NONE',  ( 2.999999999999999112, 1.200000000000001954, 4.000000000000000888 ) ) ;
#3868 = AXIS2_PLACEMENT_3D ( 'NONE', #1176, #347, #4857 ) ;
#3869 = CIRCLE ( 'NONE', #3777, 0.2000000000000005107 ) ;
#3870 = CARTESIAN_POINT ( 'NONE',  ( 1.826794919243121651, 0.3000000000000014322, -0.9999999999999978906 ) ) ;
#3871 = CARTESIAN_POINT ( 'NONE',  ( 1.826794919243121651, 0.3000000000000014322, -1.999999999999998668 ) ) ;
#3872 = PRODUCT_DEFINITION_FORMATION_WITH_SPECIFIED_SOURCE ( 'ANY', '', #313, .NOT_KNOWN. ) ;
#3873 = ORIENTED_EDGE ( 'NONE', *, *, #1393, .T. ) ;
#3874 = APPLICATION_PROTOCOL_DEFINITION ( 'draft international standard', 'automotive_design', 1998, #4755 ) ;
#3875 = CARTESIAN_POINT ( 'NONE',  ( 0.8000000000000072609, 0.2000000000000021483, 3.035766082959412415E-15 ) ) ;
#3876 = CARTESIAN_POINT ( 'NONE',  ( 1.200000000000008393, 0.2000000000000021483, 1.600000000000004086 ) ) ;
#3877 =( REPRESENTATION_RELATIONSHIP ('NONE','NONE', #2642, #5199 ) REPRESENTATION_RELATIONSHIP_WITH_TRANSFORMATION ( #943 )SHAPE_REPRESENTATION_RELATIONSHIP( ) );
#3878 = ORIENTED_EDGE ( 'NONE', *, *, #965, .F. ) ;
#3879 = PRODUCT_DEFINITION ( 'UNKNOWN', '', #1834, #1459 ) ;
#3880 = CARTESIAN_POINT ( 'NONE',  ( -0.1999999999999935996, -0.6000000000000004219, 1.600000000000004530 ) ) ;
#3881 = CARTESIAN_POINT ( 'NONE',  ( 2.173205080756900109, 0.3000000000000016542, -1.006075034922771616 ) ) ;
#3882 = PRESENTATION_STYLE_ASSIGNMENT (( #1348 ) ) ;
#3883 = CARTESIAN_POINT ( 'NONE',  ( 2.093297801430832994, 0.3000000000000013767, 0.8527881516465380951 ) ) ;
#3884 = CARTESIAN_POINT ( 'NONE',  ( 1.864749245098762831, 0.3000000000000012101, 1.891800030967458524 ) ) ;
#3885 = VERTEX_POINT ( 'NONE', #596 ) ;
#3886 = ADVANCED_FACE ( 'NONE', ( #1756 ), #2703, .T. ) ;
#3887 = FILL_AREA_STYLE_COLOUR ( '', #4355 ) ;
#3888 = CARTESIAN_POINT ( 'NONE',  ( 1.800000000000010481, 0.2000000000000028144, 1.400000000000005018 ) ) ;
#3889 = CARTESIAN_POINT ( 'NONE',  ( -0.8365586987247339845, 0.2999999999999996558, -1.942668149886382478 ) ) ;
#3890 = DIRECTION ( 'NONE',  ( -1.000000000000000000, 0.000000000000000000, 0.000000000000000000 ) ) ;
#3891 = EDGE_CURVE ( 'NONE', #3324, #1123, #1154, .T. ) ;
#3892 = CARTESIAN_POINT ( 'NONE',  ( 2.056934516028118054, 0.3000000000000012101, 2.164724827916486571 ) ) ;
#3893 = FACE_BOUND ( 'NONE', #2086, .T. ) ;
#3894 = CARTESIAN_POINT ( 'NONE',  ( 2.123140604217889749, 0.3000000000000019318, -0.8766622537893424827 ) ) ;
#3895 = CARTESIAN_POINT ( 'NONE',  ( 1.173205080756897001, 0.3000000000000007661, 1.000000000000003997 ) ) ;
#3896 = ORIENTED_EDGE ( 'NONE', *, *, #4303, .F. ) ;
#3897 = CARTESIAN_POINT ( 'NONE',  ( -8.297810693739596409E-16, 1.199999999999999956, 0.000000000000000000 ) ) ;
#3898 = CARTESIAN_POINT ( 'NONE',  ( 1.173205080756897001, 0.3000000000000005440, -1.999999999999998668 ) ) ;
#3899 = VERTEX_POINT ( 'NONE', #2276 ) ;
#3900 = CARTESIAN_POINT ( 'NONE',  ( 0.02005516862974906708, 0.3000000000000000444, -2.172040083152829926 ) ) ;
#3901 = CARTESIAN_POINT ( 'NONE',  ( -1.169858099265498330, 0.2999999999999991007, 1.960961119875454406 ) ) ;
#3902 = CARTESIAN_POINT ( 'NONE',  ( 2.172884579699646768, 0.3000000000000016542, 0.9878415399250718432 ) ) ;
#3903 = CARTESIAN_POINT ( 'NONE',  ( 2.200000000000011280, 0.2000000000000028422, -0.9999999999999978906 ) ) ;
#3904 = PRODUCT_DEFINITION_SHAPE ( 'NONE', 'NONE',  #5260 ) ;
#3905 = ORIENTED_EDGE ( 'NONE', *, *, #4455, .T. ) ;
#3906 =( NAMED_UNIT ( * ) PLANE_ANGLE_UNIT ( ) SI_UNIT ( $, .RADIAN. ) );
#3907 = CARTESIAN_POINT ( 'NONE',  ( 2.200000000000011280, 0.2000000000000028699, 1.000000000000003997 ) ) ;
#3908 = CARTESIAN_POINT ( 'NONE',  ( 1.200000000000008171, -0.5999999999999996447, 0.4000000000000039080 ) ) ;
#3909 = SHAPE_REPRESENTATION_RELATIONSHIP ( 'NONE' , 'NONE' ,  #3115, #572 ) ;
#3910 = EDGE_CURVE ( 'NONE', #689, #4169, #5145, .T. ) ;
#3911 = CARTESIAN_POINT ( 'NONE',  ( 1.056934516028118942, 0.3000000000000002665, -0.8352751720835166482 ) ) ;
#3912 = CARTESIAN_POINT ( 'NONE',  ( -0.1999999999999936273, 1.000000000000002887, 1.400000000000004574 ) ) ;
#3913 = CARTESIAN_POINT ( 'NONE',  ( -1.799999999999994715, 0.2000000000000000666, -0.9999999999999980016 ) ) ;
#3914 = CARTESIAN_POINT ( 'NONE',  ( -0.8917501123565152454, 0.2999999999999815037, 1.136593447400105594 ) ) ;
#3915 = CARTESIAN_POINT ( 'NONE',  ( 1.200000000000008393, 0.2000000000000020928, -0.5999999999999967581 ) ) ;
#3916 = EDGE_CURVE ( 'NONE', #1794, #3660, #3120, .T. ) ;
#3917 = ORIENTED_EDGE ( 'NONE', *, *, #1168, .F. ) ;
#3918 = CARTESIAN_POINT ( 'NONE',  ( -0.1999999999999935718, 0.2000000000000013989, -0.9999999999999978906 ) ) ;
#3919 = CARTESIAN_POINT ( 'NONE',  ( 1.830141900734506333, 0.3000000000000013212, -2.039038880124549813 ) ) ;
#3920 = ORIENTED_EDGE ( 'NONE', *, *, #3441, .T. ) ;
#3921 = CARTESIAN_POINT ( 'NONE',  ( -0.1698580992654975252, 0.2999999999999999334, -2.039038880124549813 ) ) ;
#3922 = AXIS2_PLACEMENT_3D ( 'NONE', #2742, #1918, #2388 ) ;
#3923 = CARTESIAN_POINT ( 'NONE',  ( -0.9606894531183933772, 0.2999999999999993228, 1.830204567342532229 ) ) ;
#3924 = CARTESIAN_POINT ( 'NONE',  ( 0.05844392648578188715, 0.2999999999999999889, -0.1641953577431264355 ) ) ;
#3925 = CARTESIAN_POINT ( 'NONE',  ( 0.1482088036191588909, 0.2999999999992778443, -1.091705826299772308 ) ) ;
#3926 = CARTESIAN_POINT ( 'NONE',  ( -2.173205080756884122, 0.2999999999999983791, -0.9999999999999978906 ) ) ;
#3927 = ORIENTED_EDGE ( 'NONE', *, *, #5108, .F. ) ;
#3928 = SURFACE_STYLE_USAGE ( .BOTH. , #1573 ) ;
#3929 = LINE ( 'NONE', #1528, #901 ) ;
#3930 = CARTESIAN_POINT ( 'NONE',  ( 0.9799448313702653346, 0.3000000000000004885, 1.172040083152835255 ) ) ;
#3931 = SURFACE_SIDE_STYLE ('',( #2307 ) ) ;
#3932 = MECHANICAL_DESIGN_GEOMETRIC_PRESENTATION_REPRESENTATION (  '', ( #4875 ), #639 ) ;
#3933 = CIRCLE ( 'NONE', #3360, 0.2000000000000005107 ) ;
#3934 = CARTESIAN_POINT ( 'NONE',  ( 1.135250754901252046, 0.3000000000000009326, -0.8918000309674510850 ) ) ;
#3935 = PRODUCT_DEFINITION ( 'UNKNOWN', '', #5157, #2664 ) ;
#3936 = CARTESIAN_POINT ( 'NONE',  ( 1.075870863958306556, 0.3000000000000005995, -1.155703603048295447 ) ) ;
#3937 = CARTESIAN_POINT ( 'NONE',  ( -1.157024503285009942, 0.2999999999999991007, -1.075624820102679235 ) ) ;
#3938 = CARTESIAN_POINT ( 'NONE',  ( -1.093297801430816341, 0.2999999999999991562, 1.147211848353469676 ) ) ;
#3939 = CARTESIAN_POINT ( 'NONE',  ( 0.8000000000000072609, 0.2000000000000020928, -0.9999999999999978906 ) ) ;
#3940 = AXIS2_PLACEMENT_3D ( 'NONE', #3789, #1380, #1817 ) ;
#3941 = ORIENTED_EDGE ( 'NONE', *, *, #2199, .F. ) ;
#3942 = MECHANICAL_DESIGN_GEOMETRIC_PRESENTATION_REPRESENTATION (  '', ( #148 ), #1740 ) ;
#3943 = EDGE_CURVE ( 'NONE', #107, #2204, #1481, .T. ) ;
#3944 = SURFACE_STYLE_FILL_AREA ( #2319 ) ;
#3945 = CARTESIAN_POINT ( 'NONE',  ( 0.8000000000000072609, 0.2000000000000021483, 3.035766082959412415E-15 ) ) ;
#3946 = CARTESIAN_POINT ( 'NONE',  ( 0.2000000000000074496, 1.000000000000003775, 1.600000000000004752 ) ) ;
#3947 = PRODUCT ( 'MT25QL256ABA8E12-1SIT TR_21', 'MT25QL256ABA8E12-1SIT TR_21', '', ( #4387 ) ) ;
#3948 = CIRCLE ( 'NONE', #4206, 0.2000000000000005107 ) ;
#3949 = VERTEX_POINT ( 'NONE', #767 ) ;
#3950 =( BOUNDED_SURFACE ( )  B_SPLINE_SURFACE ( 3, 3, ( 
 ( #4277, #4864, #2040, #120 ),
 ( #3952, #3880, #742, #5187 ),
 ( #4377, #1542, #2753, #1497 ),
 ( #3152, #2347, #5164, #2651 ) ),
 .UNSPECIFIED., .F., .F., .F. ) 
 B_SPLINE_SURFACE_WITH_KNOTS ( ( 4, 4 ),
 ( 4, 4 ),
 ( 0.000000000000000000, 1.000000000000000000 ),
 ( 0.000000000000000000, 1.000000000000000000 ),
 .UNSPECIFIED. ) 
 GEOMETRIC_REPRESENTATION_ITEM ( )  RATIONAL_B_SPLINE_SURFACE ( (
 ( 1.000000000000000000, 0.3333333333333334259, 0.3333333333333334259, 1.000000000000000000),
 ( 0.3333333333333333703, 0.1111111111111111605, 0.1111111111111111605, 0.3333333333333333703),
 ( 0.3333333333333333703, 0.1111111111111111605, 0.1111111111111111605, 0.3333333333333333703),
 ( 1.000000000000000000, 0.3333333333333334259, 0.3333333333333334259, 1.000000000000000000) ) ) 
 REPRESENTATION_ITEM ( '' )  SURFACE ( )  );
#3951 = EDGE_CURVE ( 'NONE', #1975, #3822, #2931, .T. ) ;
#3952 = CARTESIAN_POINT ( 'NONE',  ( -0.1999999999999935996, 0.2000000000000014266, 1.600000000000004086 ) ) ;
#3953 = CARTESIAN_POINT ( 'NONE',  ( -0.8768673050863128315, 0.2999999999999994893, 1.878187277169855784 ) ) ;
#3954 = LINE ( 'NONE', #3559, #4374 ) ;
#3955 = CARTESIAN_POINT ( 'NONE',  ( 2.999999999999999112, 1.200000000000001954, 4.000000000000000888 ) ) ;
#3956 = EDGE_LOOP ( 'NONE', ( #1670, #1953 ) ) ;
#3957 = CARTESIAN_POINT ( 'NONE',  ( -1.199999999999994404, 0.2000000000000007605, -1.999999999999998668 ) ) ;
#3958 = CARTESIAN_POINT ( 'NONE',  ( -1.979944831370253011, 0.2999999999999986011, -1.172040083152829038 ) ) ;
#3959 = CARTESIAN_POINT ( 'NONE',  ( 0.8000000000000072609, 0.2000000000000021483, 3.035766082959412415E-15 ) ) ;
#3960 = FILL_AREA_STYLE ('',( #1127 ) ) ;
#3961 = SHAPE_DEFINITION_REPRESENTATION ( #5036, #209 ) ;
#3962 = CARTESIAN_POINT ( 'NONE',  ( -0.7999999999999936051, -0.6000000000000010880, 1.600000000000004530 ) ) ;
#3963 = CARTESIAN_POINT ( 'NONE',  ( 1.800000000000010258, 0.2000000000000028422, -0.9999999999999978906 ) ) ;
#3964 = CARTESIAN_POINT ( 'NONE',  ( -0.9606894531183931552, 0.2999999999999993228, -1.169795432657470879 ) ) ;
#3965 = CARTESIAN_POINT ( 'NONE',  ( -1.799999999999994271, -0.6000000000000019762, 2.400000000000006573 ) ) ;
#3966 = CARTESIAN_POINT ( 'NONE',  ( -1.199999999999994182, 0.2000000000000007605, -1.599999999999997424 ) ) ;
#3967 = DIRECTION ( 'NONE',  ( 0.000000000000000000, -1.000000000000000000, 0.000000000000000000 ) ) ;
#3968 = ORIENTED_EDGE ( 'NONE', *, *, #2375, .T. ) ;
#3969 = CARTESIAN_POINT ( 'NONE',  ( 0.8000000000000075939, 1.000000000000003109, -1.399999999999997913 ) ) ;
#3970 = FACE_OUTER_BOUND ( 'NONE', #5022, .T. ) ;
#3971 = ADVANCED_FACE ( 'NONE', ( #2810 ), #577, .T. ) ;
#3972 = EDGE_LOOP ( 'NONE', ( #2227, #537 ) ) ;
#3973 = DIRECTION ( 'NONE',  ( 0.000000000000000000, 0.000000000000000000, 1.000000000000000000 ) ) ;
#3974 = CARTESIAN_POINT ( 'NONE',  ( 0.05844392648578160265, 0.3000000000000003220, -2.164195357743128323 ) ) ;
#3975 = CARTESIAN_POINT ( 'NONE',  ( 1.200000000000008171, -0.5999999999999998668, -2.399999999999999911 ) ) ;
#3976 = CARTESIAN_POINT ( 'NONE',  ( 0.02005516862974937933, 0.2999999999999999334, -0.1720400831528282604 ) ) ;
#3977 = PLANE ( 'NONE',  #652 ) ;
#3978 = CARTESIAN_POINT ( 'NONE',  ( -0.1999999999999935718, 0.2000000000000014821, 1.000000000000003997 ) ) ;
#3979 = ADVANCED_FACE ( 'NONE', ( #4421 ), #3582, .F. ) ;
#3980 = VERTEX_POINT ( 'NONE', #3639 ) ;
#3981 = SURFACE_SIDE_STYLE ('',( #1153 ) ) ;
#3982 = CARTESIAN_POINT ( 'NONE',  ( 1.800000000000010481, 0.2000000000000028977, 0.6000000000000028644 ) ) ;
#3983 = CARTESIAN_POINT ( 'NONE',  ( 0.9992002096221237473, 0.3000000000000004885, 1.174284733648193413 ) ) ;
#3984 = CARTESIAN_POINT ( 'NONE',  ( 1.829790764317917429, 0.3000000000000011546, -1.962521684456423499 ) ) ;
#3985 =( LENGTH_UNIT ( ) NAMED_UNIT ( * ) SI_UNIT ( .MILLI., .METRE. ) );
#3986 = PRODUCT_CONTEXT ( 'NONE', #2666, 'mechanical' ) ;
#3987 = CARTESIAN_POINT ( 'NONE',  ( -1.199999999999994404, 0.2000000000000007605, 2.000000000000005329 ) ) ;
#3988 =( BOUNDED_SURFACE ( )  B_SPLINE_SURFACE ( 3, 3, ( 
 ( #2861, #451, #2113, #2054 ),
 ( #85, #3684, #898, #2971 ),
 ( #3375, #1714, #2425, #4914 ),
 ( #3319, #2889, #2538, #2479 ) ),
 .UNSPECIFIED., .F., .F., .F. ) 
 B_SPLINE_SURFACE_WITH_KNOTS ( ( 4, 4 ),
 ( 4, 4 ),
 ( 0.000000000000000000, 1.000000000000000000 ),
 ( 0.000000000000000000, 1.000000000000000000 ),
 .UNSPECIFIED. ) 
 GEOMETRIC_REPRESENTATION_ITEM ( )  RATIONAL_B_SPLINE_SURFACE ( (
 ( 1.000000000000000000, 0.3333333333333334259, 0.3333333333333334259, 1.000000000000000000),
 ( 0.3333333333333333703, 0.1111111111111111605, 0.1111111111111111605, 0.3333333333333333703),
 ( 0.3333333333333333703, 0.1111111111111111605, 0.1111111111111111605, 0.3333333333333333703),
 ( 1.000000000000000000, 0.3333333333333334259, 0.3333333333333334259, 1.000000000000000000) ) ) 
 REPRESENTATION_ITEM ( '' )  SURFACE ( )  );
#3989 = PRODUCT ( 'MT25QL256ABA8E12-1SIT TR_11', 'MT25QL256ABA8E12-1SIT TR_11', '', ( #5110 ) ) ;
#3990 = CARTESIAN_POINT ( 'NONE',  ( 0.8365586987247476403, 0.3000000000000004885, -1.057331850113613969 ) ) ;
#3991 = CARTESIAN_POINT ( 'NONE',  ( 0.8297907643179143200, 0.3000000000000005995, 0.03747831554357808348 ) ) ;
#3992 =( NAMED_UNIT ( * ) SI_UNIT ( $, .STERADIAN. ) SOLID_ANGLE_UNIT ( ) );
#3993 = CARTESIAN_POINT ( 'NONE',  ( -1.199999999999994627, 0.2000000000000008160, -1.999999999999998668 ) ) ;
#3994 = CARTESIAN_POINT ( 'NONE',  ( -0.1999999999999931555, 0.2000000000000011768, -0.5999999999999976463 ) ) ;
#3995 = ORIENTED_EDGE ( 'NONE', *, *, #3166, .F. ) ;
#3996 = CARTESIAN_POINT ( 'NONE',  ( 0.2000000000000074218, -0.6000000000000004219, -1.399999999999999245 ) ) ;
#3997 = CARTESIAN_POINT ( 'NONE',  ( -1.891750112356516356, 0.2999999999999810041, 0.1365934474001049836 ) ) ;
#3998 = EDGE_LOOP ( 'NONE', ( #4348, #4977 ) ) ;
#3999 = DIRECTION ( 'NONE',  ( 1.000000000000000000, 0.000000000000000000, 0.000000000000000000 ) ) ;
#4000 = EDGE_CURVE ( 'NONE', #3739, #5113, #1622, .T. ) ;
#4001 = CARTESIAN_POINT ( 'NONE',  ( 0.8000000000000072609, -0.5999999999999998668, -2.399999999999999911 ) ) ;
#4002 = CARTESIAN_POINT ( 'NONE',  ( 0.1722462334691466368, 0.3000000000000001554, -0.01819986416693754674 ) ) ;
#4003 = CARTESIAN_POINT ( 'NONE',  ( -0.1634413012752532479, 0.2999999999999998224, -1.057331850113613969 ) ) ;
#4004 = CLOSED_SHELL ( 'NONE', ( #4741, #2908, #642 ) ) ;
#4005 = DIRECTION ( 'NONE',  ( 0.000000000000000000, 0.000000000000000000, 1.000000000000000000 ) ) ;
#4006 = ORIENTED_EDGE ( 'NONE', *, *, #735, .F. ) ;
#4007 = VECTOR ( 'NONE', #2507, 1000.000000000000114 ) ;
#4008 =( LENGTH_UNIT ( ) NAMED_UNIT ( * ) SI_UNIT ( .MILLI., .METRE. ) );
#4009 = EDGE_CURVE ( 'NONE', #3660, #1794, #4586, .T. ) ;
#4010 = CARTESIAN_POINT ( 'NONE',  ( 0.1570245032850229316, 0.3000000000000001554, 1.075624820102685453 ) ) ;
#4011 = CARTESIAN_POINT ( 'NONE',  ( 0.8267949192431185423, 0.3000000000000005440, 1.006075034922777833 ) ) ;
#4012 = MECHANICAL_DESIGN_GEOMETRIC_PRESENTATION_REPRESENTATION (  '', ( #3509 ), #2740 ) ;
#4013 = SHAPE_DEFINITION_REPRESENTATION ( #3235, #3057 ) ;
#4014 = FACE_OUTER_BOUND ( 'NONE', #594, .T. ) ;
#4015 = MECHANICAL_DESIGN_GEOMETRIC_PRESENTATION_REPRESENTATION (  '', ( #1143 ), #298 ) ;
#4016 = CARTESIAN_POINT ( 'NONE',  ( 1.156512248572856505, 0.2999999999992786215, -2.074188382154777965 ) ) ;
#4017 = CARTESIAN_POINT ( 'NONE',  ( -1.123140604217873317, 0.2999999999999992117, -1.123337746210653076 ) ) ;
#4018 = FILL_AREA_STYLE_COLOUR ( '', #4804 ) ;
#4019 = PLANE ( 'NONE',  #3523 ) ;
#4020 = CARTESIAN_POINT ( 'NONE',  ( -1.148208803619146012, 0.2999999999992771227, 0.09170582629977787337 ) ) ;
#4021 = STYLED_ITEM ( 'NONE', ( #5170 ), #2799 ) ;
#4022 = CARTESIAN_POINT ( 'NONE',  ( 0.2000000000000074774, 0.2000000000000014821, 3.060259018942359918E-15 ) ) ;
#4023 = CARTESIAN_POINT ( 'NONE',  ( 0.2000000000000074496, 0.2000000000000014266, -0.9999999999999978906 ) ) ;
#4024 = DIRECTION ( 'NONE',  ( 6.866613759074861087E-16, -1.000000000000000000, 0.000000000000000000 ) ) ;
#4025 = CIRCLE ( 'NONE', #1578, 0.2000000000000005107 ) ;
#4026 = PRODUCT_DEFINITION_SHAPE ( 'NONE', 'NONE',  #4892 ) ;
#4027 = ORIENTED_EDGE ( 'NONE', *, *, #3376, .F. ) ;
#4028 =( NAMED_UNIT ( * ) PLANE_ANGLE_UNIT ( ) SI_UNIT ( $, .RADIAN. ) );
#4029 = CARTESIAN_POINT ( 'NONE',  ( 2.200000000000011724, 0.2000000000000028144, 3.011273146976464912E-15 ) ) ;
#4030 = CARTESIAN_POINT ( 'NONE',  ( 0.9799448313702651125, 0.3000000000000004330, 2.172040083152836143 ) ) ;
#4031 = DIRECTION ( 'NONE',  ( -1.000000000000000000, 0.000000000000000000, 0.000000000000000000 ) ) ;
#4032 = CARTESIAN_POINT ( 'NONE',  ( -1.827115420300359228, 0.2999999999999987121, -0.01215846007492919073 ) ) ;
#4033 = AXIS2_PLACEMENT_3D ( 'NONE', #1232, #3299, #4922 ) ;
#4034 = CARTESIAN_POINT ( 'NONE',  ( -1.123140604217873095, 0.2999999999999994338, -2.123337746210653521 ) ) ;
#4035 = VERTEX_POINT ( 'NONE', #4677 ) ;
#4036 = CARTESIAN_POINT ( 'NONE',  ( 1.200000000000008393, 0.2000000000000021483, -1.999999999999998668 ) ) ;
#4037 = CARTESIAN_POINT ( 'NONE',  ( -1.199999999999994627, 0.2000000000000007883, 2.000000000000005329 ) ) ;
#4038 = DIRECTION ( 'NONE',  ( -1.000000000000000000, -7.228014483236697541E-16, 0.000000000000000000 ) ) ;
#4039 = SURFACE_STYLE_USAGE ( .BOTH. , #2817 ) ;
#4040 = ADVANCED_BREP_SHAPE_REPRESENTATION ( '', ( #2783, #1744 ), #4888 ) ;
#4041 = EDGE_CURVE ( 'NONE', #763, #2920, #878, .T. ) ;
#4042 = DIRECTION ( 'NONE',  ( 0.000000000000000000, -1.000000000000000000, 0.000000000000000000 ) ) ;
#4043 = CARTESIAN_POINT ( 'NONE',  ( -2.199999999999995293, 0.2000000000000000666, -0.9999999999999978906 ) ) ;
#4044 = CARTESIAN_POINT ( 'NONE',  ( 0.03802159482813898678, 0.2999999999999996003, 2.168980348936578206 ) ) ;
#4045 = CARTESIAN_POINT ( 'NONE',  ( -1.075373536140189046, 0.2999999999999817257, -0.1571452770438649393 ) ) ;
#4046 = CARTESIAN_POINT ( 'NONE',  ( -0.8429754967149779565, 0.2999999999999993228, 0.07562482010268456456 ) ) ;
#4047 = CARTESIAN_POINT ( 'NONE',  ( -0.03931054688159386912, 0.3000000000000000999, -0.8302045673425247907 ) ) ;
#4048 = CARTESIAN_POINT ( 'NONE',  ( 0.2000000000000074218, 1.000000000000003331, 0.4000000000000040745 ) ) ;
#4049 = PLANE ( 'NONE',  #4533 ) ;
#4050 = SHAPE_REPRESENTATION_RELATIONSHIP ( 'NONE' , 'NONE' ,  #3592, #3854 ) ;
#4051 = CARTESIAN_POINT ( 'NONE',  ( -2.093297801430817007, 0.2999999999999984346, 0.1472118483534688993 ) ) ;
#4052 = ORIENTED_EDGE ( 'NONE', *, *, #1711, .T. ) ;
#4053 = CARTESIAN_POINT ( 'NONE',  ( 0.000000000000000000, 0.000000000000000000, 0.000000000000000000 ) ) ;
#4054 = DIRECTION ( 'NONE',  ( 6.866613759074861087E-16, -1.000000000000000000, 0.000000000000000000 ) ) ;
#4055 = CARTESIAN_POINT ( 'NONE',  ( 1.169858099265512097, 0.3000000000000009881, 2.039038880124556030 ) ) ;
#4056 = SURFACE_SIDE_STYLE ('',( #2491 ) ) ;
#4057 = CARTESIAN_POINT ( 'NONE',  ( 0.8000000000000072609, 0.2000000000000023148, -1.599999999999997424 ) ) ;
#4058 = CARTESIAN_POINT ( 'NONE',  ( -0.8905010467760308135, 0.2999999999999998224, -2.135594200799019848 ) ) ;
#4059 = EDGE_LOOP ( 'NONE', ( #4743, #5090 ) ) ;
#4060 = DIRECTION ( 'NONE',  ( 1.000000000000000000, 6.866613759074861087E-16, 0.000000000000000000 ) ) ;
#4061 = SURFACE_STYLE_FILL_AREA ( #3748 ) ;
#4062 = CARTESIAN_POINT ( 'NONE',  ( -0.7999999999999940492, 1.000000000000001332, -0.5999999999999972022 ) ) ;
#4063 = CARTESIAN_POINT ( 'NONE',  ( 0.8000000000000072609, 1.000000000000003775, 0.6000000000000028644 ) ) ;
#4064 = CARTESIAN_POINT ( 'NONE',  ( 0.05693451602811799156, 0.2999999999999996003, 2.164724827916486571 ) ) ;
#4065 = CARTESIAN_POINT ( 'NONE',  ( -2.199999999999995293, -0.6000000000000019762, 2.400000000000006573 ) ) ;
#4066 = EDGE_CURVE ( 'NONE', #3763, #1909, #3384, .T. ) ;
#4067 = CARTESIAN_POINT ( 'NONE',  ( -0.9606894531183931552, 0.2999999999999992117, -0.1697954326574698802 ) ) ;
#4068 = CARTESIAN_POINT ( 'NONE',  ( 0.2000000000000070333, 1.000000000000002220, -1.399999999999997913 ) ) ;
#4069 = CARTESIAN_POINT ( 'NONE',  ( -0.1732050807568822903, 0.3000000000000000444, -0.9999999999999978906 ) ) ;
#4070 = EDGE_LOOP ( 'NONE', ( #883, #2619 ) ) ;
#4071 = CARTESIAN_POINT ( 'NONE',  ( 0.2000000000000074218, 1.000000000000003331, -0.3999999999999978018 ) ) ;
#4072 = CARTESIAN_POINT ( 'NONE',  ( 0.2000000000000074774, 0.2000000000000014266, -1.999999999999998668 ) ) ;
#4073 = CARTESIAN_POINT ( 'NONE',  ( -2.148208803619146678, 0.2999999999992763455, 1.091705826299779192 ) ) ;
#4074 =( NAMED_UNIT ( * ) SI_UNIT ( $, .STERADIAN. ) SOLID_ANGLE_UNIT ( ) );
#4075 = ADVANCED_FACE ( 'NONE', ( #2996 ), #1466, .T. ) ;
#4076 = CARTESIAN_POINT ( 'NONE',  ( -2.164815693526469076, 0.2999999999992764566, 0.05667093800993656949 ) ) ;
#4077 = PRODUCT ( 'MT25QL256ABA8E12-1SIT TR_19', 'MT25QL256ABA8E12-1SIT TR_19', '', ( #3222 ) ) ;
#4078 = ORIENTED_EDGE ( 'NONE', *, *, #167, .T. ) ;
#4079 = DIRECTION ( 'NONE',  ( 1.000000000000000000, 0.000000000000000000, 0.000000000000000000 ) ) ;
#4080 = DIRECTION ( 'NONE',  ( 1.000000000000000000, 6.866613759074861087E-16, 0.000000000000000000 ) ) ;
#4081 = CARTESIAN_POINT ( 'NONE',  ( 1.173205080756897001, 0.3000000000000005440, 2.000000000000005329 ) ) ;
#4082 = SURFACE_STYLE_USAGE ( .BOTH. , #4056 ) ;
#4083 = CARTESIAN_POINT ( 'NONE',  ( 0.8000000000000072609, 0.2000000000000021483, -1.999999999999998668 ) ) ;
#4084 = CARTESIAN_POINT ( 'NONE',  ( 2.200000000000007283, 1.000000000000005551, 1.600000000000004752 ) ) ;
#4085 = UNCERTAINTY_MEASURE_WITH_UNIT (LENGTH_MEASURE( 1.000000000000000082E-05 ), #3634, 'distance_accuracy_value', 'NONE');
#4086 = APPLICATION_CONTEXT ( 'automotive_design' ) ;
#4087 = ORIENTED_EDGE ( 'NONE', *, *, #452, .F. ) ;
#4088 =( NAMED_UNIT ( * ) SI_UNIT ( $, .STERADIAN. ) SOLID_ANGLE_UNIT ( ) );
#4089 = PLANE ( 'NONE',  #720 ) ;
#4090 =( LENGTH_UNIT ( ) NAMED_UNIT ( * ) SI_UNIT ( .MILLI., .METRE. ) );
#4091 = CARTESIAN_POINT ( 'NONE',  ( -2.400000000000001243, 1.099999999999998090, -3.399999999999999467 ) ) ;
#4092 = CLOSED_SHELL ( 'NONE', ( #2710, #3886, #2487 ) ) ;
#4093 = FACE_BOUND ( 'NONE', #4718, .T. ) ;
#4094 = CARTESIAN_POINT ( 'NONE',  ( 1.200000000000008171, 1.000000000000003775, 0.6000000000000028644 ) ) ;
#4095 = LINE ( 'NONE', #3730, #4007 ) ;
#4096 = COLOUR_RGB ( '',0.7921568627450980005, 0.8196078431372548767, 0.9333333333333333481 ) ;
#4097 = CARTESIAN_POINT ( 'NONE',  ( -0.9241291360416952205, 0.2999999999999992673, -0.1557036030482945588 ) ) ;
#4098 = CARTESIAN_POINT ( 'NONE',  ( -0.1094989532239566271, 0.2999999999999996003, -0.8644057992009768210 ) ) ;
#4099 = UNCERTAINTY_MEASURE_WITH_UNIT (LENGTH_MEASURE( 1.000000000000000082E-05 ), #1883, 'distance_accuracy_value', 'NONE');
#4100 = VERTEX_POINT ( 'NONE', #1587 ) ;
#4101 = PRODUCT_DEFINITION_CONTEXT ( 'detailed design', #766, 'design' ) ;
#4102 = PRODUCT_RELATED_PRODUCT_CATEGORY ( 'part', '', ( #1112 ) ) ;
#4103 = CARTESIAN_POINT ( 'NONE',  ( -1.075373536140188824, 0.2999999999999816147, 0.8428547229561358378 ) ) ;
#4104 = LINE ( 'NONE', #4157, #4792 ) ;
#4105 = CARTESIAN_POINT ( 'NONE',  ( -2.199999999999999734, 0.3999999999999984679, -3.749999999999999112 ) ) ;
#4106 = CARTESIAN_POINT ( 'NONE',  ( 1.200000000000008393, 0.2000000000000021483, -1.999999999999998668 ) ) ;
#4107 = EDGE_CURVE ( 'NONE', #1009, #5163, #4639, .T. ) ;
#4108 = ORIENTED_EDGE ( 'NONE', *, *, #1897, .T. ) ;
#4109 =( GEOMETRIC_REPRESENTATION_CONTEXT ( 3 ) GLOBAL_UNCERTAINTY_ASSIGNED_CONTEXT ( ( #3317 ) ) GLOBAL_UNIT_ASSIGNED_CONTEXT ( ( #1001, #2082, #4697 ) ) REPRESENTATION_CONTEXT ( 'NONE', 'WORKASPACE' ) );
#4110 = SHAPE_DEFINITION_REPRESENTATION ( #2126, #115 ) ;
#4111 = COLOUR_RGB ( '',1.000000000000000000, 1.000000000000000000, 1.000000000000000000 ) ;
#4112 = CARTESIAN_POINT ( 'NONE',  ( 2.200000000000011280, 0.2000000000000028422, 1.000000000000003997 ) ) ;
#4113 = DIRECTION ( 'NONE',  ( 1.000000000000000000, -0.000000000000000000, 0.000000000000000000 ) ) ;
#4114 = CARTESIAN_POINT ( 'NONE',  ( 1.200000000000008171, 1.000000000000003775, -1.599999999999997868 ) ) ;
#4115 = CARTESIAN_POINT ( 'NONE',  ( -0.8271154203003581173, 0.2999999999999988787, -2.012158460074930932 ) ) ;
#4116 = AXIS2_PLACEMENT_3D ( 'NONE', #2292, #1189, #2718 ) ;
#4117 = ORIENTED_EDGE ( 'NONE', *, *, #3054, .T. ) ;
#4118 = AXIS2_PLACEMENT_3D ( 'NONE', #529, #5045, #1333 ) ;
#4119 = PRESENTATION_LAYER_ASSIGNMENT (  '', '', ( #2084 ) ) ;
#4120 = DIRECTION ( 'NONE',  ( 1.000000000000000000, 6.866613759074861087E-16, 0.000000000000000000 ) ) ;
#4121 = CARTESIAN_POINT ( 'NONE',  ( 0.1367664366034725409, 0.2999999999999998779, 1.891968755138794700 ) ) ;
#4122 = PRODUCT_DEFINITION_FORMATION_WITH_SPECIFIED_SOURCE ( 'ANY', '', #3989, .NOT_KNOWN. ) ;
#4123 = VECTOR ( 'NONE', #2297, 1000.000000000000000 ) ;
#4124 =( NAMED_UNIT ( * ) PLANE_ANGLE_UNIT ( ) SI_UNIT ( $, .RADIAN. ) );
#4125 = CARTESIAN_POINT ( 'NONE',  ( 0.9246264638598126195, 0.2999999999999831690, -2.157145277043866827 ) ) ;
#4126 = CARTESIAN_POINT ( 'NONE',  ( 0.1732050807568959738, 0.3000000000000002665, 2.000000000000005329 ) ) ;
#4127 = PRESENTATION_STYLE_ASSIGNMENT (( #1686 ) ) ;
#4128 = CARTESIAN_POINT ( 'NONE',  ( -1.170209235682087456, 0.2999999999999991562, 1.037478315543578944 ) ) ;
#4129 = APPLICATION_CONTEXT ( 'automotive_design' ) ;
#4130 = EDGE_LOOP ( 'NONE', ( #3550, #3995, #3401, #3586 ) ) ;
#4131 = FACE_OUTER_BOUND ( 'NONE', #4327, .T. ) ;
#4132 = DIRECTION ( 'NONE',  ( 6.866613759074861087E-16, -1.000000000000000000, 0.000000000000000000 ) ) ;
#4133 = CARTESIAN_POINT ( 'NONE',  ( 2.200000000000011724, 0.2000000000000028144, 0.4000000000000040190 ) ) ;
#4134 = CARTESIAN_POINT ( 'NONE',  ( -1.999999999999994893, 0.2000000000000000389, 2.000000000000005329 ) ) ;
#4135 = SHAPE_REPRESENTATION ( 'MT25QL256ABA8E12-1SIT TR_25', ( #1744 ), #1421 ) ;
#4136 = VERTEX_POINT ( 'NONE', #2340 ) ;
#4137 = PRODUCT_CONTEXT ( 'NONE', #1106, 'mechanical' ) ;
#4138 = CARTESIAN_POINT ( 'NONE',  ( 1.826794919243121651, 0.3000000000000013212, 0.006075034922777017114 ) ) ;
#4139 = CARTESIAN_POINT ( 'NONE',  ( -0.1482088036191449576, 0.2999999999992777333, -1.908294173700223917 ) ) ;
#4140 = CARTESIAN_POINT ( 'NONE',  ( -2.199999999999994849, 0.2000000000000000666, -0.3999999999999979683 ) ) ;
#4141 = EDGE_CURVE ( 'NONE', #2920, #4185, #1945, .T. ) ;
#4142 = DIRECTION ( 'NONE',  ( 0.000000000000000000, 1.000000000000000000, 1.224646799147353207E-16 ) ) ;
#4143 = VERTEX_POINT ( 'NONE', #2744 ) ;
#4144 =( NAMED_UNIT ( * ) SI_UNIT ( $, .STERADIAN. ) SOLID_ANGLE_UNIT ( ) );
#4145 = CARTESIAN_POINT ( 'NONE',  ( -0.1732050807568823181, 0.2999999999999998779, 0.9806142308001902785 ) ) ;
#4146 = CARTESIAN_POINT ( 'NONE',  ( -1.199999999999994182, 0.2000000000000007327, 0.4000000000000040190 ) ) ;
#4147 = ADVANCED_FACE ( 'NONE', ( #3203 ), #3572, .F. ) ;
#4148 = CARTESIAN_POINT ( 'NONE',  ( -0.7999999999999932720, 0.2000000000000007883, -0.9999999999999980016 ) ) ;
#4149 = CARTESIAN_POINT ( 'NONE',  ( 1.800000000000006484, 0.2000000000000028422, 2.000000000000005329 ) ) ;
#4150 = CARTESIAN_POINT ( 'NONE',  ( 1.039310546881608621, 0.3000000000000006550, 0.8302045673425310079 ) ) ;
#4151 =( NAMED_UNIT ( * ) PLANE_ANGLE_UNIT ( ) SI_UNIT ( $, .RADIAN. ) );
#4152 = CARTESIAN_POINT ( 'NONE',  ( 1.826794919243117876, 0.3000000000000014322, 2.000000000000005329 ) ) ;
#4153 = UNCERTAINTY_MEASURE_WITH_UNIT (LENGTH_MEASURE( 1.000000000000000082E-05 ), #4664, 'distance_accuracy_value', 'NONE');
#4154 = ORIENTED_EDGE ( 'NONE', *, *, #1770, .F. ) ;
#4155 = PRODUCT_DEFINITION_CONTEXT ( 'detailed design', #733, 'design' ) ;
#4156 = CARTESIAN_POINT ( 'NONE',  ( -1.173205080756883012, 0.2999999999999993228, 0.9806142308001900565 ) ) ;
#4157 = CARTESIAN_POINT ( 'NONE',  ( -2.199999999999999734, 0.2999999999999977685, -3.749999999999998668 ) ) ;
#4158 = CARTESIAN_POINT ( 'NONE',  ( 1.109498953223970963, 0.3000000000000005995, -0.1355942007990181275 ) ) ;
#4159 = DIRECTION ( 'NONE',  ( 0.000000000000000000, 0.000000000000000000, 1.000000000000000000 ) ) ;
#4160 = CARTESIAN_POINT ( 'NONE',  ( -1.123132694913675511, 0.2999999999999992117, -0.8781872771698483460 ) ) ;
#4161 = PRODUCT ( 'MT25QL256ABA8E12-1SIT TR_10', 'MT25QL256ABA8E12-1SIT TR_10', '', ( #4137 ) ) ;
#4162 = VERTEX_POINT ( 'NONE', #3172 ) ;
#4163 = APPLICATION_PROTOCOL_DEFINITION ( 'draft international standard', 'automotive_design', 1998, #1749 ) ;
#4164 = CARTESIAN_POINT ( 'NONE',  ( 0.8000000000000072609, 0.2000000000000021483, 2.000000000000005329 ) ) ;
#4165 =( BOUNDED_SURFACE ( )  B_SPLINE_SURFACE ( 3, 3, ( 
 ( #2565, #3792, #3028, #2618 ),
 ( #1305, #1465, #1084, #3549 ),
 ( #268, #1849, #2670, #4287 ),
 ( #664, #247, #732, #4262 ) ),
 .UNSPECIFIED., .F., .F., .F. ) 
 B_SPLINE_SURFACE_WITH_KNOTS ( ( 4, 4 ),
 ( 4, 4 ),
 ( 0.000000000000000000, 1.000000000000000000 ),
 ( 0.000000000000000000, 1.000000000000000000 ),
 .UNSPECIFIED. ) 
 GEOMETRIC_REPRESENTATION_ITEM ( )  RATIONAL_B_SPLINE_SURFACE ( (
 ( 1.000000000000000000, 0.3333333333333334259, 0.3333333333333334259, 1.000000000000000000),
 ( 0.3333333333333333703, 0.1111111111111111605, 0.1111111111111111605, 0.3333333333333333703),
 ( 0.3333333333333333703, 0.1111111111111111605, 0.1111111111111111605, 0.3333333333333333703),
 ( 1.000000000000000000, 0.3333333333333334259, 0.3333333333333334259, 1.000000000000000000) ) ) 
 REPRESENTATION_ITEM ( '' )  SURFACE ( )  );
#4166 = CARTESIAN_POINT ( 'NONE',  ( -0.1231326949136744842, 0.2999999999999999334, -1.878187277169849345 ) ) ;
#4167 = CARTESIAN_POINT ( 'NONE',  ( 0.8000000000000072609, 1.000000000000003775, -1.599999999999997868 ) ) ;
#4168 = CARTESIAN_POINT ( 'NONE',  ( -2.108249887643473652, 0.2999999999999810041, 0.8634065525999019552 ) ) ;
#4169 = VERTEX_POINT ( 'NONE', #5127 ) ;
#4170 = CARTESIAN_POINT ( 'NONE',  ( 0.1732050807568960293, 0.3000000000000002665, 1.000000000000003997 ) ) ;
#4171 = CARTESIAN_POINT ( 'NONE',  ( 0.2000000000000074218, 0.2000000000000014266, -0.3999999999999979683 ) ) ;
#4172 = CARTESIAN_POINT ( 'NONE',  ( 0.03931054688160785099, 0.3000000000000000444, 1.830204567342532229 ) ) ;
#4173 = CARTESIAN_POINT ( 'NONE',  ( 0.2000000000000074496, 0.2000000000000014821, -0.9999999999999978906 ) ) ;
#4174 = ADVANCED_FACE ( 'NONE', ( #1135 ), #4019, .F. ) ;
#4175 = CARTESIAN_POINT ( 'NONE',  ( 2.172884579699646768, 0.3000000000000015432, -0.01215846007492914042 ) ) ;
#4176 = FACE_OUTER_BOUND ( 'NONE', #3295, .T. ) ;
#4177 = CARTESIAN_POINT ( 'NONE',  ( -2.750000000000000000, 0.3999999999999981348, -3.749999999999999112 ) ) ;
#4178 = CARTESIAN_POINT ( 'NONE',  ( -2.163441301275255135, 0.2999999999999982681, 1.942668149886389140 ) ) ;
#4179 = CLOSED_SHELL ( 'NONE', ( #456, #1269, #2342 ) ) ;
#4180 = CARTESIAN_POINT ( 'NONE',  ( -1.123140604217872873, 0.2999999999999991007, 0.8766622537893485889 ) ) ;
#4181 = CARTESIAN_POINT ( 'NONE',  ( 1.800000000000010258, 0.2000000000000028422, -1.999999999999998668 ) ) ;
#4182 = VECTOR ( 'NONE', #3348, 1000.000000000000000 ) ;
#4183 = CARTESIAN_POINT ( 'NONE',  ( 0.8429754967149917233, 0.3000000000000005440, -0.07562482010267845833 ) ) ;
#4184 = CARTESIAN_POINT ( 'NONE',  ( -2.700000000000001066, 1.099999999999997868, -3.399999999999999467 ) ) ;
#4185 = VERTEX_POINT ( 'NONE', #1919 ) ;
#4186 = APPLICATION_PROTOCOL_DEFINITION ( 'draft international standard', 'automotive_design', 1998, #1047 ) ;
#4187 = LINE ( 'NONE', #116, #4182 ) ;
#4188 = COLOUR_RGB ( '',0.7921568627450980005, 0.8196078431372548767, 0.9333333333333333481 ) ;
#4189 = CARTESIAN_POINT ( 'NONE',  ( 0.1231406042178860571, 0.3000000000000002109, 0.1233377462106582112 ) ) ;
#4190 = CARTESIAN_POINT ( 'NONE',  ( 0.8000000000000072609, -0.5999999999999999778, 2.400000000000006573 ) ) ;
#4191 = CARTESIAN_POINT ( 'NONE',  ( -2.019108673628162709, 0.2999999999999984346, 0.8267641300433429263 ) ) ;
#4192 = EDGE_LOOP ( 'NONE', ( #1921, #4656 ) ) ;
#4193 =( BOUNDED_SURFACE ( )  B_SPLINE_SURFACE ( 3, 3, ( 
 ( #2363, #2798, #1190, #4415 ),
 ( #3994, #782, #1635, #4879 ),
 ( #1349, #819, #4068, #4469 ),
 ( #2392, #809, #447, #4173 ) ),
 .UNSPECIFIED., .F., .F., .F. ) 
 B_SPLINE_SURFACE_WITH_KNOTS ( ( 4, 4 ),
 ( 4, 4 ),
 ( 0.000000000000000000, 1.000000000000000000 ),
 ( 0.000000000000000000, 1.000000000000000000 ),
 .UNSPECIFIED. ) 
 GEOMETRIC_REPRESENTATION_ITEM ( )  RATIONAL_B_SPLINE_SURFACE ( (
 ( 1.000000000000000000, 0.3333333333333332038, 0.3333333333333332038, 1.000000000000000000),
 ( 0.3333333333333339810, 0.1111111111111112854, 0.1111111111111112854, 0.3333333333333339810),
 ( 0.3333333333333339810, 0.1111111111111112854, 0.1111111111111112854, 0.3333333333333339810),
 ( 1.000000000000000000, 0.3333333333333332038, 0.3333333333333332038, 1.000000000000000000) ) ) 
 REPRESENTATION_ITEM ( '' )  SURFACE ( )  );
#4194 = DIRECTION ( 'NONE',  ( 0.000000000000000000, -1.000000000000000000, 0.000000000000000000 ) ) ;
#4195 = CARTESIAN_POINT ( 'NONE',  ( -0.1352507549012371968, 0.2999999999999998224, 0.8918000309674569692 ) ) ;
#4196 = CARTESIAN_POINT ( 'NONE',  ( 0.2000000000000074496, 0.2000000000000014544, 3.011273146976464912E-15 ) ) ;
#4197 = CARTESIAN_POINT ( 'NONE',  ( 2.109498953223974294, 0.3000000000000015987, 0.8644057992009828162 ) ) ;
#4198 = CARTESIAN_POINT ( 'NONE',  ( -2.170209235682088345, 0.2999999999999985456, 2.037478315543579832 ) ) ;
#4199 = PRODUCT_DEFINITION ( 'UNKNOWN', '', #1165, #1079 ) ;
#4200 =( GEOMETRIC_REPRESENTATION_CONTEXT ( 3 ) GLOBAL_UNCERTAINTY_ASSIGNED_CONTEXT ( ( #909 ) ) GLOBAL_UNIT_ASSIGNED_CONTEXT ( ( #5178, #2423, #4307 ) ) REPRESENTATION_CONTEXT ( 'NONE', 'WORKASPACE' ) );
#4201 = CARTESIAN_POINT ( 'NONE',  ( 2.172246233469150578, 0.3000000000000015432, -0.01819986416693746348 ) ) ;
#4202 = DIRECTION ( 'NONE',  ( 0.000000000000000000, 1.000000000000000000, 1.224646799147353207E-16 ) ) ;
#4203 = CARTESIAN_POINT ( 'NONE',  ( -2.199999999999994849, 0.2000000000000001776, 0.6000000000000026423 ) ) ;
#4204 = CARTESIAN_POINT ( 'NONE',  ( 4.000000000000001776, 0.3000000000000028200, 4.000000000000003553 ) ) ;
#4205 = AXIS2_PLACEMENT_3D ( 'NONE', #2370, #3296, #3182 ) ;
#4206 = AXIS2_PLACEMENT_3D ( 'NONE', #2012, #3640, #1148 ) ;
#4207 = EDGE_CURVE ( 'NONE', #2624, #674, #4770, .T. ) ;
#4208 = CARTESIAN_POINT ( 'NONE',  ( -0.9799448313702512348, 0.2999999999999992117, 0.8279599168471727388 ) ) ;
#4209 = CARTESIAN_POINT ( 'NONE',  ( -2.750000000000000000, 0.3999999999999981348, -3.749999999999999112 ) ) ;
#4210 = CARTESIAN_POINT ( 'NONE',  ( 1.800000000000010258, 0.2000000000000028422, -1.999999999999998668 ) ) ;
#4211 = DIRECTION ( 'NONE',  ( 0.000000000000000000, 1.000000000000000000, 1.224646799147353207E-16 ) ) ;
#4212 = CARTESIAN_POINT ( 'NONE',  ( -1.980891326371826411, 0.2999999999999981015, -0.8267641300433370422 ) ) ;
#4213 = CARTESIAN_POINT ( 'NONE',  ( -1.058443926485769015, 0.2999999999999990452, -0.8358046422568683465 ) ) ;
#4214 = ORIENTED_EDGE ( 'NONE', *, *, #3916, .F. ) ;
#4215 = APPLICATION_PROTOCOL_DEFINITION ( 'draft international standard', 'automotive_design', 1998, #3855 ) ;
#4216 = PRODUCT_DEFINITION_SHAPE ( 'NONE', 'NONE',  #5240 ) ;
#4217 = FACE_BOUND ( 'NONE', #508, .T. ) ;
#4218 = CARTESIAN_POINT ( 'NONE',  ( -0.03931054688159385524, 0.2999999999999999889, 0.1697954326574759587 ) ) ;
#4219 = CARTESIAN_POINT ( 'NONE',  ( 0.8277537665308679626, 0.3000000000000005995, -1.981800135833058585 ) ) ;
#4220 = ORIENTED_EDGE ( 'NONE', *, *, #3850, .T. ) ;
#4221 = PRESENTATION_STYLE_ASSIGNMENT (( #3356 ) ) ;
#4222 = CARTESIAN_POINT ( 'NONE',  ( 0.1732050807568960293, 0.3000000000000002665, 0.9939249650772301603 ) ) ;
#4223 =( NAMED_UNIT ( * ) PLANE_ANGLE_UNIT ( ) SI_UNIT ( $, .RADIAN. ) );
#4224 = CARTESIAN_POINT ( 'NONE',  ( -2.038021594828126393, 0.2999999999999984346, -0.1689803489365697964 ) ) ;
#4225 = CARTESIAN_POINT ( 'NONE',  ( -1.980891326371826855, 0.2999999999999983791, 2.173235869956666289 ) ) ;
#4226 = ITEM_DEFINED_TRANSFORMATION ( 'NONE', 'NONE', #2756,  #1744 ) ;
#4227 = CARTESIAN_POINT ( 'NONE',  ( 2.039310546881611508, 0.3000000000000013212, -0.1697954326574698802 ) ) ;
#4228 = CARTESIAN_POINT ( 'NONE',  ( 1.800000000000006484, 0.2000000000000028422, 2.000000000000005329 ) ) ;
#4229 = CARTESIAN_POINT ( 'NONE',  ( -1.799999999999994271, 0.2000000000000000666, 1.000000000000003997 ) ) ;
#4230 = CARTESIAN_POINT ( 'NONE',  ( -2.199999999999995737, 0.2000000000000000666, 3.035766082959412415E-15 ) ) ;
#4231 = PLANE ( 'NONE',  #3694 ) ;
#4232 =( NAMED_UNIT ( * ) PLANE_ANGLE_UNIT ( ) SI_UNIT ( $, .RADIAN. ) );
#4233 = CARTESIAN_POINT ( 'NONE',  ( 1.890501046776043692, 0.3000000000000010991, 2.135594200799026066 ) ) ;
#4234 = LINE ( 'NONE', #3867, #4279 ) ;
#4235 = DIRECTION ( 'NONE',  ( 1.000000000000000000, 0.000000000000000000, 0.000000000000000000 ) ) ;
#4236 = SHAPE_REPRESENTATION_RELATIONSHIP ( 'NONE' , 'NONE' ,  #1924, #659 ) ;
#4237 = CARTESIAN_POINT ( 'NONE',  ( -2.109498953223958750, 0.2999999999999982681, -0.8644057992009767100 ) ) ;
#4238 = CARTESIAN_POINT ( 'NONE',  ( 2.200000000000011724, -0.5999999999999989786, -2.399999999999999911 ) ) ;
#4239 = EDGE_LOOP ( 'NONE', ( #4572, #4833 ) ) ;
#4240 = PRODUCT_CONTEXT ( 'NONE', #873, 'mechanical' ) ;
#4241 = EDGE_CURVE ( 'NONE', #4705, #4185, #3337, .T. ) ;
#4242 = CARTESIAN_POINT ( 'NONE',  ( 1.829790764317917207, 0.3000000000000013767, 0.03747831554357817369 ) ) ;
#4243 = FACE_OUTER_BOUND ( 'NONE', #759, .T. ) ;
#4244 = CARTESIAN_POINT ( 'NONE',  ( 1.123140604217886862, 0.3000000000000004885, -1.876662253789343593 ) ) ;
#4245 = ORIENTED_EDGE ( 'NONE', *, *, #612, .F. ) ;
#4246 = CARTESIAN_POINT ( 'NONE',  ( 2.000000000000007105, 0.2000000000000028422, 2.000000000000005329 ) ) ;
#4247 = CARTESIAN_POINT ( 'NONE',  ( -1.091811711891844006, 0.2999999999999817257, 1.853130637778028555 ) ) ;
#4248 = FILL_AREA_STYLE ('',( #3064 ) ) ;
#4249 = CARTESIAN_POINT ( 'NONE',  ( 2.058443926485785891, 0.3000000000000013767, 0.8358046422568744527 ) ) ;
#4250 = CARTESIAN_POINT ( 'NONE',  ( -2.172884579699630780, 0.2999999999999985456, 2.012158460074936706 ) ) ;
#4251 = VERTEX_POINT ( 'NONE', #4468 ) ;
#4252 = CARTESIAN_POINT ( 'NONE',  ( 1.924626463859815839, 0.2999999999999837241, -0.1571452770438649948 ) ) ;
#4253 = CARTESIAN_POINT ( 'NONE',  ( 1.800000000000006262, -0.5999999999999990896, 2.400000000000006573 ) ) ;
#4254 = CARTESIAN_POINT ( 'NONE',  ( -0.1728845796996288930, 0.2999999999999996558, 2.012158460074937150 ) ) ;
#4255 = CARTESIAN_POINT ( 'NONE',  ( -2.199999999999995293, 0.2000000000000000666, 3.035766082959412810E-15 ) ) ;
#4256 =( NAMED_UNIT ( * ) SI_UNIT ( $, .STERADIAN. ) SOLID_ANGLE_UNIT ( ) );
#4257 = PRODUCT_DEFINITION_CONTEXT ( 'detailed design', #1145, 'design' ) ;
#4258 = DIRECTION ( 'NONE',  ( -6.938893903907227392E-16, 1.000000000000000000, 0.000000000000000000 ) ) ;
#4259 = CARTESIAN_POINT ( 'NONE',  ( 1.093297801430829885, 0.3000000000000008216, -0.1472118483534627931 ) ) ;
#4260 = SHAPE_REPRESENTATION_RELATIONSHIP ( 'NONE' , 'NONE' ,  #1226, #507 ) ;
#4261 = CARTESIAN_POINT ( 'NONE',  ( 1.826794919243121651, 0.3000000000000014322, -0.9939249650772238320 ) ) ;
#4262 = CARTESIAN_POINT ( 'NONE',  ( 1.200000000000008393, 0.2000000000000021760, 1.000000000000003997 ) ) ;
#4263 = PRODUCT_DEFINITION ( 'UNKNOWN', '', #4984, #2513 ) ;
#4264 = CIRCLE ( 'NONE', #4867, 0.2000000000000005107 ) ;
#4265 = VERTEX_POINT ( 'NONE', #4152 ) ;
#4266 = SHAPE_DEFINITION_REPRESENTATION ( #4806, #738 ) ;
#4267 = CARTESIAN_POINT ( 'NONE',  ( 0.8000000000000072609, 1.000000000000003775, 0.4000000000000040745 ) ) ;
#4268 = CARTESIAN_POINT ( 'NONE',  ( 1.163441301275267792, 0.3000000000000009881, -1.942668149886382478 ) ) ;
#4269 = PRESENTATION_LAYER_ASSIGNMENT (  '', '', ( #1314 ) ) ;
#4270 = EDGE_CURVE ( 'NONE', #854, #1935, #3060, .T. ) ;
#4271 = ORIENTED_EDGE ( 'NONE', *, *, #2480, .T. ) ;
#4272 =( GEOMETRIC_REPRESENTATION_CONTEXT ( 3 ) GLOBAL_UNCERTAINTY_ASSIGNED_CONTEXT ( ( #4911 ) ) GLOBAL_UNIT_ASSIGNED_CONTEXT ( ( #2504, #4124, #3778 ) ) REPRESENTATION_CONTEXT ( 'NONE', 'WORKASPACE' ) );
#4273 = CARTESIAN_POINT ( 'NONE',  ( 1.842975496714994721, 0.3000000000000012101, -1.075624820102679458 ) ) ;
#4274 = SURFACE_SIDE_STYLE ('',( #3773 ) ) ;
#4275 = CARTESIAN_POINT ( 'NONE',  ( -2.135250754901239389, 0.2999999999999984901, -0.1081999690325438912 ) ) ;
#4276 = CARTESIAN_POINT ( 'NONE',  ( 2.156512248572855839, 0.2999999999992794542, 1.925811617845226031 ) ) ;
#4277 = CARTESIAN_POINT ( 'NONE',  ( -0.1999999999999935718, 0.2000000000000014544, 2.000000000000005329 ) ) ;
#4278 = ORIENTED_EDGE ( 'NONE', *, *, #3531, .F. ) ;
#4279 = VECTOR ( 'NONE', #244, 1000.000000000000000 ) ;
#4280 = CARTESIAN_POINT ( 'NONE',  ( 2.200000000000011724, 0.2000000000000028977, 0.6000000000000028644 ) ) ;
#4281 = CARTESIAN_POINT ( 'NONE',  ( -1.173205080756883012, 0.2999999999999993228, -1.999999999999998668 ) ) ;
#4282 = CARTESIAN_POINT ( 'NONE',  ( -1.999999999999994893, 0.2000000000000000944, 1.000000000000003997 ) ) ;
#4283 = CARTESIAN_POINT ( 'NONE',  ( -2.173205080756884122, 0.2999999999999984901, 1.000000000000003997 ) ) ;
#4284 =( GEOMETRIC_REPRESENTATION_CONTEXT ( 3 ) GLOBAL_UNCERTAINTY_ASSIGNED_CONTEXT ( ( #2558 ) ) GLOBAL_UNIT_ASSIGNED_CONTEXT ( ( #1791, #2973, #556 ) ) REPRESENTATION_CONTEXT ( 'NONE', 'WORKASPACE' ) );
#4285 =( GEOMETRIC_REPRESENTATION_CONTEXT ( 3 ) GLOBAL_UNCERTAINTY_ASSIGNED_CONTEXT ( ( #3369 ) ) GLOBAL_UNIT_ASSIGNED_CONTEXT ( ( #4769, #2737, #723 ) ) REPRESENTATION_CONTEXT ( 'NONE', 'WORKASPACE' ) );
#4286 = CARTESIAN_POINT ( 'NONE',  ( -2.020055168629736997, 0.2999999999999985456, -0.8279599168471664106 ) ) ;
#4287 = CARTESIAN_POINT ( 'NONE',  ( 1.200000000000008393, 0.2000000000000021483, 1.400000000000005018 ) ) ;
#4288 = PRODUCT_DEFINITION_FORMATION_WITH_SPECIFIED_SOURCE ( 'ANY', '', #3283, .NOT_KNOWN. ) ;
#4289 =( GEOMETRIC_REPRESENTATION_CONTEXT ( 3 ) GLOBAL_UNCERTAINTY_ASSIGNED_CONTEXT ( ( #4838 ) ) GLOBAL_UNIT_ASSIGNED_CONTEXT ( ( #1240, #4460, #3670 ) ) REPRESENTATION_CONTEXT ( 'NONE', 'WORKASPACE' ) );
#4290 = ORIENTED_EDGE ( 'NONE', *, *, #4000, .F. ) ;
#4291 = CARTESIAN_POINT ( 'NONE',  ( -1.799999999999994493, 0.2000000000000000111, -0.5999999999999967581 ) ) ;
#4292 = ADVANCED_BREP_SHAPE_REPRESENTATION ( '', ( #963, #1744 ), #4641 ) ;
#4293 = CARTESIAN_POINT ( 'NONE',  ( 1.200000000000008171, -0.5999999999999999778, 2.400000000000006573 ) ) ;
#4294 = ORIENTED_EDGE ( 'NONE', *, *, #965, .T. ) ;
#4295 = FACE_OUTER_BOUND ( 'NONE', #5109, .T. ) ;
#4296 = EDGE_CURVE ( 'NONE', #1384, #618, #903, .T. ) ;
#4297 = CARTESIAN_POINT ( 'NONE',  ( 1.943065483971899488, 0.3000000000000010436, -1.164724827916479022 ) ) ;
#4298 =( NAMED_UNIT ( * ) SI_UNIT ( $, .STERADIAN. ) SOLID_ANGLE_UNIT ( ) );
#4299 = CARTESIAN_POINT ( 'NONE',  ( 2.039310546881611508, 0.3000000000000012101, 0.8302045673425310079 ) ) ;
#4300 = FACE_BOUND ( 'NONE', #2246, .T. ) ;
#4301 = CARTESIAN_POINT ( 'NONE',  ( -0.8768673050863124985, 0.2999999999999994893, 0.8781872771698546742 ) ) ;
#4302 = ORIENTED_EDGE ( 'NONE', *, *, #3106, .F. ) ;
#4303 = EDGE_CURVE ( 'NONE', #1689, #3315, #1241, .T. ) ;
#4304 = CARTESIAN_POINT ( 'NONE',  ( 1.800000000000010481, 0.2000000000000028422, 1.000000000000003997 ) ) ;
#4305 = CARTESIAN_POINT ( 'NONE',  ( 1.019108673628176032, 0.3000000000000004885, 1.173235869956664734 ) ) ;
#4306 = FILL_AREA_STYLE_COLOUR ( '', #1501 ) ;
#4307 =( NAMED_UNIT ( * ) SI_UNIT ( $, .STERADIAN. ) SOLID_ANGLE_UNIT ( ) );
#4308 = PRODUCT_DEFINITION_CONTEXT ( 'detailed design', #4369, 'design' ) ;
#4309 = CARTESIAN_POINT ( 'NONE',  ( 0.8297907643179144310, 0.3000000000000008216, -0.9625216844564226104 ) ) ;
#4310 = CARTESIAN_POINT ( 'NONE',  ( 0.9808913263718395115, 0.3000000000000000999, -1.173235869956658739 ) ) ;
#4311 = CARTESIAN_POINT ( 'NONE',  ( -0.9430654839718826121, 0.2999999999999992117, 1.164724827916485239 ) ) ;
#4312 = CARTESIAN_POINT ( 'NONE',  ( 1.200000000000008393, 0.2000000000000021483, -1.399999999999998801 ) ) ;
#4313 = EDGE_LOOP ( 'NONE', ( #3460, #1546, #4924, #5144 ) ) ;
#4314 = CARTESIAN_POINT ( 'NONE',  ( -0.1999999999999935718, 0.2000000000000014266, -0.9999999999999978906 ) ) ;
#4315 = CARTESIAN_POINT ( 'NONE',  ( 1.200000000000008393, 0.2000000000000022593, -0.3999999999999979683 ) ) ;
#4316 = CARTESIAN_POINT ( 'NONE',  ( 0.1634413012752670702, 0.3000000000000000444, -0.9426681498863817010 ) ) ;
#4317 = VERTEX_POINT ( 'NONE', #2559 ) ;
#4318 =( BOUNDED_SURFACE ( )  B_SPLINE_SURFACE ( 3, 3, ( 
 ( #3383, #4659, #2572, #5112 ),
 ( #5002, #4682, #4190, #1013 ),
 ( #3876, #252, #4293, #3820 ),
 ( #1799, #563, #2177, #3429 ) ),
 .UNSPECIFIED., .F., .F., .F. ) 
 B_SPLINE_SURFACE_WITH_KNOTS ( ( 4, 4 ),
 ( 4, 4 ),
 ( 0.000000000000000000, 1.000000000000000000 ),
 ( 0.000000000000000000, 1.000000000000000000 ),
 .UNSPECIFIED. ) 
 GEOMETRIC_REPRESENTATION_ITEM ( )  RATIONAL_B_SPLINE_SURFACE ( (
 ( 1.000000000000000000, 0.3333333333333334259, 0.3333333333333334259, 1.000000000000000000),
 ( 0.3333333333333333703, 0.1111111111111111605, 0.1111111111111111605, 0.3333333333333333703),
 ( 0.3333333333333333703, 0.1111111111111111605, 0.1111111111111111605, 0.3333333333333333703),
 ( 1.000000000000000000, 0.3333333333333334259, 0.3333333333333334259, 1.000000000000000000) ) ) 
 REPRESENTATION_ITEM ( '' )  SURFACE ( )  );
#4319 = UNCERTAINTY_MEASURE_WITH_UNIT (LENGTH_MEASURE( 1.000000000000000082E-05 ), #3985, 'distance_accuracy_value', 'NONE');
#4320 = PLANE ( 'NONE',  #4342 ) ;
#4321 = CARTESIAN_POINT ( 'NONE',  ( 2.156512248572859392, 0.2999999999992790101, -1.074188382154777299 ) ) ;
#4322 = CARTESIAN_POINT ( 'NONE',  ( -0.1352507549012372523, 0.2999999999999997113, -0.1081999690325438496 ) ) ;
#4323 = CARTESIAN_POINT ( 'NONE',  ( -0.03802159482812508817, 0.2999999999999996558, -1.168980348936570657 ) ) ;
#4324 = CARTESIAN_POINT ( 'NONE',  ( 0.2000000000000074496, 0.2000000000000014544, -1.999999999999998668 ) ) ;
#4325 = PRODUCT_DEFINITION ( 'UNKNOWN', '', #5077, #4698 ) ;
#4326 = PRODUCT ( 'MT25QL256ABA8E12-1SIT TR_2', 'MT25QL256ABA8E12-1SIT TR_2', '', ( #1445 ) ) ;
#4327 = EDGE_LOOP ( 'NONE', ( #937, #1142 ) ) ;
#4328 = PLANE ( 'NONE',  #4800 ) ;
#4329 = CARTESIAN_POINT ( 'NONE',  ( 1.173205080756897001, 0.3000000000000007661, 1.000000000000003997 ) ) ;
#4330 = ADVANCED_FACE ( 'NONE', ( #1735 ), #4231, .F. ) ;
#4331 = CARTESIAN_POINT ( 'NONE',  ( 0.2000000000000073941, 1.000000000000003553, 0.6000000000000029754 ) ) ;
#4332 = CARTESIAN_POINT ( 'NONE',  ( 6.938893903907228378E-15, 0.2000000000000014821, -1.999999999999998668 ) ) ;
#4333 =( LENGTH_UNIT ( ) NAMED_UNIT ( * ) SI_UNIT ( .MILLI., .METRE. ) );
#4334 = CARTESIAN_POINT ( 'NONE',  ( -0.8267949192431048866, 0.2999999999999995448, 1.019385769199817604 ) ) ;
#4335 = CARTESIAN_POINT ( 'NONE',  ( -1.826794919243105664, 0.2999999999999989342, 2.000000000000005329 ) ) ;
#4336 = ORIENTED_EDGE ( 'NONE', *, *, #227, .T. ) ;
#4337 = CARTESIAN_POINT ( 'NONE',  ( 1.200000000000008393, 0.2000000000000021205, -0.9999999999999980016 ) ) ;
#4338 = CARTESIAN_POINT ( 'NONE',  ( 1.826794919243121651, 0.3000000000000013212, 3.062871137271550026E-15 ) ) ;
#4339 = CLOSED_SHELL ( 'NONE', ( #3338, #1495, #3381 ) ) ;
#4340 = ORIENTED_EDGE ( 'NONE', *, *, #4207, .T. ) ;
#4341 = CARTESIAN_POINT ( 'NONE',  ( -0.05693451602810444684, 0.2999999999999996558, -2.164724827916479910 ) ) ;
#4342 = AXIS2_PLACEMENT_3D ( 'NONE', #690, #4685, #4712 ) ;
#4343 = CARTESIAN_POINT ( 'NONE',  ( -0.9241291360416953315, 0.2999999999999993783, 1.844296396951707662 ) ) ;
#4344 = CARTESIAN_POINT ( 'NONE',  ( -0.1082498876434716401, 0.2999999999999822808, -0.1365934474000988219 ) ) ;
#4345 = CARTESIAN_POINT ( 'NONE',  ( 0.0007997903778911232171, 0.3000000000000000444, -1.174284733648187418 ) ) ;
#4346 = CARTESIAN_POINT ( 'NONE',  ( 0.2000000000000074774, 0.2000000000000014266, 1.000000000000003997 ) ) ;
#4347 = CIRCLE ( 'NONE', #4528, 0.2000000000000005107 ) ;
#4348 = ORIENTED_EDGE ( 'NONE', *, *, #227, .F. ) ;
#4349 =( NAMED_UNIT ( * ) SI_UNIT ( $, .STERADIAN. ) SOLID_ANGLE_UNIT ( ) );
#4350 = CARTESIAN_POINT ( 'NONE',  ( 2.200000000000011724, 0.2000000000000028977, 1.000000000000003997 ) ) ;
#4351 = CARTESIAN_POINT ( 'NONE',  ( 1.075373536140202813, 0.2999999999999831690, 1.157145277043872156 ) ) ;
#4352 = CARTESIAN_POINT ( 'NONE',  ( 2.173205080756900109, 0.3000000000000012101, -1.980614230800185283 ) ) ;
#4353 = CIRCLE ( 'NONE', #888, 0.2000000000000005107 ) ;
#4354 = ADVANCED_BREP_SHAPE_REPRESENTATION ( '', ( #1018, #1744 ), #3864 ) ;
#4355 = COLOUR_RGB ( '',0.2509803921568627416, 0.2509803921568627416, 0.2509803921568627416 ) ;
#4356 = SHAPE_DEFINITION_REPRESENTATION ( #578, #2732 ) ;
#4357 = PLANE ( 'NONE',  #1486 ) ;
#4358 =( BOUNDED_SURFACE ( )  B_SPLINE_SURFACE ( 3, 3, ( 
 ( #3645, #14, #3223, #3308 ),
 ( #3750, #2851, #101, #1630 ),
 ( #441, #4844, #4463, #2045 ),
 ( #4432, #1658, #804, #2416 ) ),
 .UNSPECIFIED., .F., .F., .F. ) 
 B_SPLINE_SURFACE_WITH_KNOTS ( ( 4, 4 ),
 ( 4, 4 ),
 ( 0.000000000000000000, 1.000000000000000000 ),
 ( 0.000000000000000000, 1.000000000000000000 ),
 .UNSPECIFIED. ) 
 GEOMETRIC_REPRESENTATION_ITEM ( )  RATIONAL_B_SPLINE_SURFACE ( (
 ( 1.000000000000000000, 0.3333333333333335369, 0.3333333333333335369, 1.000000000000000000),
 ( 0.3333333333333333703, 0.1111111111111111882, 0.1111111111111111882, 0.3333333333333333703),
 ( 0.3333333333333333703, 0.1111111111111111882, 0.1111111111111111882, 0.3333333333333333703),
 ( 1.000000000000000000, 0.3333333333333335369, 0.3333333333333335369, 1.000000000000000000) ) ) 
 REPRESENTATION_ITEM ( '' )  SURFACE ( )  );
#4359 = FACE_OUTER_BOUND ( 'NONE', #3431, .T. ) ;
#4360 = CARTESIAN_POINT ( 'NONE',  ( -1.163441301275254247, 0.2999999999999991007, -1.057331850113613969 ) ) ;
#4361 = EDGE_CURVE ( 'NONE', #3842, #1541, #2277, .T. ) ;
#4362 = CARTESIAN_POINT ( 'NONE',  ( -1.156512248572842516, 0.2999999999992770117, 1.074188382154783294 ) ) ;
#4363 = CARTESIAN_POINT ( 'NONE',  ( 2.999999999999999556, 0.3000000000000020428, 0.000000000000000000 ) ) ;
#4364 = AXIS2_PLACEMENT_3D ( 'NONE', #102, #3674, #3704 ) ;
#4365 = CARTESIAN_POINT ( 'NONE',  ( -0.1999999999999935718, 0.2000000000000014266, 3.035766082959412415E-15 ) ) ;
#4366 =( GEOMETRIC_REPRESENTATION_CONTEXT ( 3 ) GLOBAL_UNCERTAINTY_ASSIGNED_CONTEXT ( ( #325 ) ) GLOBAL_UNIT_ASSIGNED_CONTEXT ( ( #3321, #1381, #187 ) ) REPRESENTATION_CONTEXT ( 'NONE', 'WORKASPACE' ) );
#4367 = MECHANICAL_DESIGN_GEOMETRIC_PRESENTATION_REPRESENTATION (  '', ( #1662 ), #648 ) ;
#4368 = CARTESIAN_POINT ( 'NONE',  ( 1.200000000000008393, 0.2000000000000021760, -0.9999999999999978906 ) ) ;
#4369 = APPLICATION_CONTEXT ( 'automotive_design' ) ;
#4370 = ADVANCED_FACE ( 'NONE', ( #1108 ), #1111, .T. ) ;
#4371 = CARTESIAN_POINT ( 'NONE',  ( 1.200000000000008171, 1.000000000000003775, 0.4000000000000040745 ) ) ;
#4372 = PRODUCT_DEFINITION_SHAPE ( 'NONE', 'NONE',  #4263 ) ;
#4373 = AXIS2_PLACEMENT_3D ( 'NONE', #1594, #875, #821 ) ;
#4374 = VECTOR ( 'NONE', #5190, 1000.000000000000000 ) ;
#4375 = ORIENTED_EDGE ( 'NONE', *, *, #2951, .F. ) ;
#4376 = DIRECTION ( 'NONE',  ( 1.000000000000000000, 0.000000000000000000, 0.000000000000000000 ) ) ;
#4377 = CARTESIAN_POINT ( 'NONE',  ( 0.2000000000000074218, 0.2000000000000014266, 1.600000000000004086 ) ) ;
#4378 = CARTESIAN_POINT ( 'NONE',  ( 0.8000000000000072609, 0.2000000000000021483, -2.399999999999999911 ) ) ;
#4379 = PLANE ( 'NONE',  #296 ) ;
#4380 = CARTESIAN_POINT ( 'NONE',  ( 0.07587086395830565377, 0.2999999999999998779, -1.155703603048295447 ) ) ;
#4381 = CARTESIAN_POINT ( 'NONE',  ( 0.2000000000000074218, 0.2000000000000015654, -2.400000000000000355 ) ) ;
#4382 = ORIENTED_EDGE ( 'NONE', *, *, #4241, .F. ) ;
#4383 =( LENGTH_UNIT ( ) NAMED_UNIT ( * ) SI_UNIT ( .MILLI., .METRE. ) );
#4384 = CARTESIAN_POINT ( 'NONE',  ( -3.000000000000000444, 0.2999999999999989897, -4.000000000000000000 ) ) ;
#4385 = CARTESIAN_POINT ( 'NONE',  ( -2.400000000000001243, 1.199999999999998179, -3.399999999999999467 ) ) ;
#4386 = SURFACE_SIDE_STYLE ('',( #5173 ) ) ;
#4387 = PRODUCT_CONTEXT ( 'NONE', #2124, 'mechanical' ) ;
#4388 = CARTESIAN_POINT ( 'NONE',  ( 0.8267949192431185423, 0.3000000000000004885, -0.9999999999999978906 ) ) ;
#4389 = CARTESIAN_POINT ( 'NONE',  ( 0.8429754967149917233, 0.3000000000000005440, -2.075624820102679902 ) ) ;
#4390 = CARTESIAN_POINT ( 'NONE',  ( -0.9799448313702514568, 0.2999999999999993228, -1.172040083152829038 ) ) ;
#4391 = FACE_OUTER_BOUND ( 'NONE', #5096, .T. ) ;
#4392 = DIRECTION ( 'NONE',  ( -1.000000000000000000, 0.000000000000000000, 0.000000000000000000 ) ) ;
#4393 = CARTESIAN_POINT ( 'NONE',  ( -1.093297801430816341, 0.2999999999999992673, 0.1472118483534688160 ) ) ;
#4394 = APPLICATION_CONTEXT ( 'automotive_design' ) ;
#4395 = CARTESIAN_POINT ( 'NONE',  ( 0.8000000000000072609, 0.2000000000000021205, -0.9999999999999980016 ) ) ;
#4396 = ADVANCED_FACE ( 'NONE', ( #3149, #5207 ), #2536, .T. ) ;
#4397 = CARTESIAN_POINT ( 'NONE',  ( 0.000000000000000000, 0.000000000000000000, 0.000000000000000000 ) ) ;
#4398 = CARTESIAN_POINT ( 'NONE',  ( 2.173205080756900109, 0.3000000000000015432, 0.01938576919981680954 ) ) ;
#4399 = CARTESIAN_POINT ( 'NONE',  ( 0.8351843064735333666, 0.2999999999992785105, 2.056670938009938165 ) ) ;
#4400 = CARTESIAN_POINT ( 'NONE',  ( 0.1648156935264810941, 0.2999999999992780664, -0.05667093800993024122 ) ) ;
#4401 = CARTESIAN_POINT ( 'NONE',  ( 0.1728845796996425765, 0.3000000000000004885, -1.012158460074929822 ) ) ;
#4402 = CARTESIAN_POINT ( 'NONE',  ( -0.1999999999999935718, 0.2000000000000014266, 1.000000000000003997 ) ) ;
#4403 = UNCERTAINTY_MEASURE_WITH_UNIT (LENGTH_MEASURE( 1.000000000000000082E-05 ), #3119, 'distance_accuracy_value', 'NONE');
#4404 = ORIENTED_EDGE ( 'NONE', *, *, #3132, .F. ) ;
#4405 = CARTESIAN_POINT ( 'NONE',  ( -1.826794919243105664, 0.2999999999999984901, -0.9999999999999976685 ) ) ;
#4406 = CARTESIAN_POINT ( 'NONE',  ( 0.8297907643179143200, 0.3000000000000005995, 1.037478315543579166 ) ) ;
#4407 = CARTESIAN_POINT ( 'NONE',  ( 2.135250754901254933, 0.3000000000000015987, -1.891800030967452084 ) ) ;
#4408 = APPLICATION_PROTOCOL_DEFINITION ( 'draft international standard', 'automotive_design', 1998, #5225 ) ;
#4409 = CARTESIAN_POINT ( 'NONE',  ( 1.123140604217887306, 0.3000000000000009326, -0.8766622537893428158 ) ) ;
#4410 = PRODUCT_DEFINITION_SHAPE ( 'NONE', 'NONE',  #5241 ) ;
#4411 = CARTESIAN_POINT ( 'NONE',  ( 1.109498953223971185, 0.3000000000000005995, -2.135594200799019404 ) ) ;
#4412 = CARTESIAN_POINT ( 'NONE',  ( 0.9799448313702651125, 0.3000000000000004885, 0.1720400831528343111 ) ) ;
#4413 =( NAMED_UNIT ( * ) PLANE_ANGLE_UNIT ( ) SI_UNIT ( $, .RADIAN. ) );
#4414 = DIRECTION ( 'NONE',  ( 1.000000000000000000, 6.866613759074861087E-16, 0.000000000000000000 ) ) ;
#4415 = CARTESIAN_POINT ( 'NONE',  ( -0.1999999999999935718, 0.2000000000000014821, -0.9999999999999978906 ) ) ;
#4416 = CARTESIAN_POINT ( 'NONE',  ( 0.8301419007345034462, 0.3000000000000004885, 1.960961119875454406 ) ) ;
#4417 = CARTESIAN_POINT ( 'NONE',  ( -1.851791196380842885, 0.2999999999992768451, 1.908294173700230356 ) ) ;
#4418 = CARTESIAN_POINT ( 'NONE',  ( 2.123132694913691942, 0.3000000000000013767, -2.121812722830148434 ) ) ;
#4419 = ORIENTED_EDGE ( 'NONE', *, *, #870, .F. ) ;
#4420 = DIRECTION ( 'NONE',  ( -1.000000000000000000, 0.000000000000000000, 0.000000000000000000 ) ) ;
#4421 = FACE_OUTER_BOUND ( 'NONE', #1095, .T. ) ;
#4422 = CARTESIAN_POINT ( 'NONE',  ( 0.1732050807568960293, 0.3000000000000002665, -1.006075034922771616 ) ) ;
#4423 = ADVANCED_FACE ( 'NONE', ( #366 ), #3127, .T. ) ;
#4424 = CARTESIAN_POINT ( 'NONE',  ( 2.200000000000007283, 0.2000000000000028422, 2.000000000000005329 ) ) ;
#4425 = ORIENTED_EDGE ( 'NONE', *, *, #2226, .T. ) ;
#4426 = VECTOR ( 'NONE', #4429, 1000.000000000000000 ) ;
#4427 = SURFACE_STYLE_USAGE ( .BOTH. , #2043 ) ;
#4428 = CARTESIAN_POINT ( 'NONE',  ( -0.07587086395829174823, 0.2999999999999998779, 1.155703603048301442 ) ) ;
#4429 = DIRECTION ( 'NONE',  ( 6.776263578034401726E-16, -1.000000000000000000, 0.000000000000000000 ) ) ;
#4430 = CARTESIAN_POINT ( 'NONE',  ( 1.890501046776047689, 0.3000000000000010991, -1.864405799200977709 ) ) ;
#4431 =( NAMED_UNIT ( * ) PLANE_ANGLE_UNIT ( ) SI_UNIT ( $, .RADIAN. ) );
#4432 = CARTESIAN_POINT ( 'NONE',  ( -0.7999999999999933831, 0.2000000000000007605, 1.000000000000003997 ) ) ;
#4433 = CARTESIAN_POINT ( 'NONE',  ( 1.200000000000008171, 1.000000000000003775, 1.400000000000004574 ) ) ;
#4434 = MANIFOLD_SOLID_BREP ( 'Pin 1 Mark Bottom', #2384 ) ;
#4435 = CARTESIAN_POINT ( 'NONE',  ( 0.8271154203003719951, 0.3000000000000005995, 0.01215846007493515298 ) ) ;
#4436 = FILL_AREA_STYLE ('',( #1213 ) ) ;
#4437 = CARTESIAN_POINT ( 'NONE',  ( -0.9799448313702514568, 0.2999999999999992117, -0.1720400831528282604 ) ) ;
#4438 = CARTESIAN_POINT ( 'NONE',  ( -1.170209235682087456, 0.2999999999999991562, 0.03747831554357810430 ) ) ;
#4439 = CARTESIAN_POINT ( 'NONE',  ( 0.05693451602811794993, 0.2999999999999996003, -0.8352751720835168703 ) ) ;
#4440 = ORIENTED_EDGE ( 'NONE', *, *, #4009, .T. ) ;
#4441 = CARTESIAN_POINT ( 'NONE',  ( -2.173205080756884122, 0.2999999999999984901, 1.006075034922777833 ) ) ;
#4442 = CIRCLE ( 'NONE', #2930, 0.2000000000000005107 ) ;
#4443 = CARTESIAN_POINT ( 'NONE',  ( 2.164815693526485063, 0.2999999999992792321, -2.056670938009932392 ) ) ;
#4444 = ORIENTED_EDGE ( 'NONE', *, *, #4801, .T. ) ;
#4445 = CARTESIAN_POINT ( 'NONE',  ( 2.075373536140206365, 0.2999999999999838352, 0.1571452770438709345 ) ) ;
#4446 = CARTESIAN_POINT ( 'NONE',  ( 2.169858099265514984, 0.3000000000000017653, -0.9609611198754468564 ) ) ;
#4447 = CARTESIAN_POINT ( 'NONE',  ( 0.05693451602811776951, 0.2999999999999998224, -1.835275172083517647 ) ) ;
#4448 = AXIS2_PLACEMENT_3D ( 'NONE', #427, #2061, #3267 ) ;
#4449 = CARTESIAN_POINT ( 'NONE',  ( -2.100000000000000977, 1.199999999999998401, -3.399999999999999467 ) ) ;
#4450 = VECTOR ( 'NONE', #3743, 1000.000000000000000 ) ;
#4451 = CARTESIAN_POINT ( 'NONE',  ( -0.9415560735142189941, 0.2999999999999991562, -2.164195357743128323 ) ) ;
#4452 = PRODUCT_DEFINITION_SHAPE ( 'NONE', 'NONE',  #4493 ) ;
#4453 = EDGE_LOOP ( 'NONE', ( #2865, #1678 ) ) ;
#4454 = MANIFOLD_SOLID_BREP ( 'Sketch-Pattern1[10]', #539 ) ;
#4455 = EDGE_CURVE ( 'NONE', #2, #772, #4025, .T. ) ;
#4456 = DIRECTION ( 'NONE',  ( 0.000000000000000000, -1.000000000000000000, 0.000000000000000000 ) ) ;
#4457 = DIRECTION ( 'NONE',  ( -1.000000000000000000, 0.000000000000000000, 0.000000000000000000 ) ) ;
#4458 = FILL_AREA_STYLE_COLOUR ( '', #4618 ) ;
#4459 = CARTESIAN_POINT ( 'NONE',  ( 2.163441301275271123, 0.3000000000000010991, -1.942668149886382922 ) ) ;
#4460 =( NAMED_UNIT ( * ) PLANE_ANGLE_UNIT ( ) SI_UNIT ( $, .RADIAN. ) );
#4461 = ADVANCED_FACE ( 'NONE', ( #4391 ), #1, .T. ) ;
#4462 = ITEM_DEFINED_TRANSFORMATION ( 'NONE', 'NONE', #2938,  #1744 ) ;
#4463 = CARTESIAN_POINT ( 'NONE',  ( -0.7999999999999932720, 1.000000000000002887, 0.6000000000000028644 ) ) ;
#4464 = CARTESIAN_POINT ( 'NONE',  ( 0.8000000000000072609, 0.2000000000000021760, 1.000000000000003775 ) ) ;
#4465 = MANIFOLD_SOLID_BREP ( 'Sketch-Pattern1[20]', #3503 ) ;
#4466 = CARTESIAN_POINT ( 'NONE',  ( 0.8429754967149917233, 0.3000000000000004885, 0.9243751798973223188 ) ) ;
#4467 = SURFACE_SIDE_STYLE ('',( #1610 ) ) ;
#4468 = CARTESIAN_POINT ( 'NONE',  ( -3.000000000000000888, 1.199999999999997957, -4.000000000000000000 ) ) ;
#4469 = CARTESIAN_POINT ( 'NONE',  ( 0.2000000000000070610, 0.2000000000000015654, -1.399999999999998135 ) ) ;
#4470 = CARTESIAN_POINT ( 'NONE',  ( 0.1352507549012508248, 0.3000000000000004330, -0.8918000309674509740 ) ) ;
#4471 = UNCERTAINTY_MEASURE_WITH_UNIT (LENGTH_MEASURE( 1.000000000000000082E-05 ), #2403, 'distance_accuracy_value', 'NONE');
#4472 =( REPRESENTATION_RELATIONSHIP ('NONE','NONE', #2642, #738 ) REPRESENTATION_RELATIONSHIP_WITH_TRANSFORMATION ( #440 )SHAPE_REPRESENTATION_RELATIONSHIP( ) );
#4473 = SHAPE_REPRESENTATION ( 'MT25QL256ABA8E12-1SIT TR_3', ( #1744 ), #4641 ) ;
#4474 = ORIENTED_EDGE ( 'NONE', *, *, #3560, .T. ) ;
#4475 = CARTESIAN_POINT ( 'NONE',  ( 1.093297801430830329, 0.3000000000000005995, 1.852788151646539427 ) ) ;
#4476 = CARTESIAN_POINT ( 'NONE',  ( -1.829790764317901441, 0.2999999999999986011, 0.9625216844564288277 ) ) ;
#4477 = CARTESIAN_POINT ( 'NONE',  ( -1.980891326371826411, 0.2999999999999984901, 1.173235869956664734 ) ) ;
#4478 =( NAMED_UNIT ( * ) PLANE_ANGLE_UNIT ( ) SI_UNIT ( $, .RADIAN. ) );
#4479 = DIRECTION ( 'NONE',  ( 1.000000000000000000, 6.866613759074861087E-16, 0.000000000000000000 ) ) ;
#4480 = ORIENTED_EDGE ( 'NONE', *, *, #3791, .T. ) ;
#4481 = DIRECTION ( 'NONE',  ( 1.000000000000000000, 0.000000000000000000, 0.000000000000000000 ) ) ;
#4482 = CARTESIAN_POINT ( 'NONE',  ( 1.979944831370268554, 0.3000000000000013767, 0.1720400831528343111 ) ) ;
#4483 = CARTESIAN_POINT ( 'NONE',  ( 1.038021594828139715, 0.3000000000000002665, 2.168980348936578206 ) ) ;
#4484 = LINE ( 'NONE', #1202, #2393 ) ;
#4485 = CARTESIAN_POINT ( 'NONE',  ( -2.199999999999994849, 0.2000000000000000111, 0.4000000000000040190 ) ) ;
#4486 = CARTESIAN_POINT ( 'NONE',  ( 2.200000000000007283, 0.2000000000000028422, 2.000000000000005329 ) ) ;
#4487 = EDGE_LOOP ( 'NONE', ( #3636, #4027 ) ) ;
#4488 = MANIFOLD_SOLID_BREP ( 'Sketch-Pattern1[22]', #4339 ) ;
#4489 = SURFACE_SIDE_STYLE ('',( #1315 ) ) ;
#4490 = CARTESIAN_POINT ( 'NONE',  ( -0.1732050807568823181, 0.2999999999999998779, 1.006075034922777833 ) ) ;
#4491 = CARTESIAN_POINT ( 'NONE',  ( 2.200000000000011724, -0.5999999999999989786, -0.5999999999999970912 ) ) ;
#4492 = CARTESIAN_POINT ( 'NONE',  ( 0.1732050807568959738, 0.3000000000000002665, 1.993924965077231493 ) ) ;
#4493 = PRODUCT_DEFINITION ( 'UNKNOWN', '', #2762, #5123 ) ;
#4494 = ITEM_DEFINED_TRANSFORMATION ( 'NONE', 'NONE', #4448,  #1744 ) ;
#4495 = CARTESIAN_POINT ( 'NONE',  ( 1.826794919243121651, 0.3000000000000013212, 3.062871137271550026E-15 ) ) ;
#4496 = CARTESIAN_POINT ( 'NONE',  ( -2.199999999999999734, 0.3999999999999985234, -3.749999999999999112 ) ) ;
#4497 = CARTESIAN_POINT ( 'NONE',  ( 1.156512248572856283, 0.2999999999992787325, 0.9258116178452244771 ) ) ;
#4498 = CARTESIAN_POINT ( 'NONE',  ( -2.747466868912129479E-16, 0.4000000000000000222, 0.000000000000000000 ) ) ;
#4499 = CARTESIAN_POINT ( 'NONE',  ( 2.056934516028121607, 0.3000000000000012101, 1.164724827916485239 ) ) ;
#4500 = CARTESIAN_POINT ( 'NONE',  ( -0.02005516862973556746, 0.3000000000000000999, -0.8279599168471665216 ) ) ;
#4501 = ADVANCED_FACE ( 'NONE', ( #2361 ), #2109, .T. ) ;
#4502 = PRODUCT ( 'MT25QL256ABA8E12-1SIT TR_25', 'MT25QL256ABA8E12-1SIT TR_25', '', ( #3716 ) ) ;
#4503 = ORIENTED_EDGE ( 'NONE', *, *, #4901, .F. ) ;
#4504 = CARTESIAN_POINT ( 'NONE',  ( 2.000000000000001776, 0.3000000000000013767, 2.000000000000001332 ) ) ;
#4505 = PLANE ( 'NONE',  #1978 ) ;
#4506 = DIRECTION ( 'NONE',  ( -1.000000000000000000, 0.000000000000000000, 0.000000000000000000 ) ) ;
#4507 = CARTESIAN_POINT ( 'NONE',  ( 2.173205080756900109, 0.3000000000000012101, -1.999999999999998668 ) ) ;
#4508 = SHAPE_REPRESENTATION ( 'MT25QL256ABA8E12-1SIT TR_4', ( #1744 ), #2408 ) ;
#4509 = EDGE_LOOP ( 'NONE', ( #379, #4087 ) ) ;
#4510 = DIRECTION ( 'NONE',  ( 1.000000000000000000, 0.000000000000000000, 0.000000000000000000 ) ) ;
#4511 = CARTESIAN_POINT ( 'NONE',  ( 1.800000000000010481, 0.2000000000000030087, 1.400000000000005018 ) ) ;
#4512 = CARTESIAN_POINT ( 'NONE',  ( -2.058443926485770348, 0.2999999999999986566, -0.8358046422568682354 ) ) ;
#4513 = CARTESIAN_POINT ( 'NONE',  ( -2.199999999999995293, 0.2000000000000000666, 1.000000000000003997 ) ) ;
#4514 = CARTESIAN_POINT ( 'NONE',  ( -3.000000000000000888, 1.199999999999997957, 4.000000000000000000 ) ) ;
#4515 = CARTESIAN_POINT ( 'NONE',  ( 1.800000000000006706, 1.000000000000005107, 2.400000000000006573 ) ) ;
#4516 = VERTEX_POINT ( 'NONE', #3781 ) ;
#4517 = MANIFOLD_SOLID_BREP ( 'Sketch-Pattern1[14]', #2998 ) ;
#4518 =( NAMED_UNIT ( * ) SI_UNIT ( $, .STERADIAN. ) SOLID_ANGLE_UNIT ( ) );
#4519 = FACE_BOUND ( 'NONE', #4532, .T. ) ;
#4520 = CARTESIAN_POINT ( 'NONE',  ( 0.07587086395830582031, 0.2999999999999998779, 1.844296396951707662 ) ) ;
#4521 = CIRCLE ( 'NONE', #1134, 0.2000000000000005107 ) ;
#4522 = CARTESIAN_POINT ( 'NONE',  ( -1.199999999999994627, 0.2000000000000007327, -0.9999999999999980016 ) ) ;
#4523 = PRODUCT_DEFINITION ( 'UNKNOWN', '', #3191, #4650 ) ;
#4524 = CARTESIAN_POINT ( 'NONE',  ( -0.8526390944153753315, 0.2999999999999992673, 2.093062191854431209 ) ) ;
#4525 = MANIFOLD_SOLID_BREP ( 'Sketch-Pattern1[23]', #3160 ) ;
#4526 = CARTESIAN_POINT ( 'NONE',  ( 0.1352507549012513244, 0.3000000000000000999, 2.108199969032551468 ) ) ;
#4527 = PLANE ( 'NONE',  #2758 ) ;
#4528 = AXIS2_PLACEMENT_3D ( 'NONE', #2011, #851, #4031 ) ;
#4529 = CARTESIAN_POINT ( 'NONE',  ( -0.8267949192431048866, 0.2999999999999993228, -0.006075034922770936041 ) ) ;
#4530 =( NAMED_UNIT ( * ) SI_UNIT ( $, .STERADIAN. ) SOLID_ANGLE_UNIT ( ) );
#4531 = UNCERTAINTY_MEASURE_WITH_UNIT (LENGTH_MEASURE( 1.000000000000000082E-05 ), #2497, 'distance_accuracy_value', 'NONE');
#4532 = EDGE_LOOP ( 'NONE', ( #3733, #558 ) ) ;
#4533 = AXIS2_PLACEMENT_3D ( 'NONE', #3472, #4258, #974 ) ;
#4534 = CARTESIAN_POINT ( 'NONE',  ( 3.000000000000002665, 0.3000000000000020428, 1.000000000000000444 ) ) ;
#4535 = ADVANCED_FACE ( 'NONE', ( #547, #1865 ), #4527, .T. ) ;
#4536 = DIRECTION ( 'NONE',  ( 0.7071067811865475727, 4.791541927135543504E-16, 0.7071067811865475727 ) ) ;
#4537 = SHAPE_REPRESENTATION_RELATIONSHIP ( 'NONE' , 'NONE' ,  #5199, #4629 ) ;
#4538 = DIRECTION ( 'NONE',  ( 0.000000000000000000, -1.000000000000000000, 0.000000000000000000 ) ) ;
#4539 = MANIFOLD_SOLID_BREP ( 'Sketch-Pattern1[3]', #2729 ) ;
#4540 = ORIENTED_EDGE ( 'NONE', *, *, #3237, .F. ) ;
#4541 = APPLICATION_PROTOCOL_DEFINITION ( 'draft international standard', 'automotive_design', 1998, #3175 ) ;
#4542 = AXIS2_PLACEMENT_3D ( 'NONE', #4754, #708, #1139 ) ;
#4543 = EDGE_CURVE ( 'NONE', #689, #4169, #3869, .T. ) ;
#4544 = CARTESIAN_POINT ( 'NONE',  ( 0.8000000000000072609, 0.2000000000000019262, 2.400000000000006128 ) ) ;
#4545 =( BOUNDED_SURFACE ( )  B_SPLINE_SURFACE ( 3, 3, ( 
 ( #2280, #277, #3508, #2405 ),
 ( #432, #4515, #408, #1264 ),
 ( #1312, #4975, #4084, #794 ),
 ( #4486, #2812, #2493, #4424 ) ),
 .UNSPECIFIED., .F., .F., .F. ) 
 B_SPLINE_SURFACE_WITH_KNOTS ( ( 4, 4 ),
 ( 4, 4 ),
 ( 0.000000000000000000, 1.000000000000000000 ),
 ( 0.000000000000000000, 1.000000000000000000 ),
 .UNSPECIFIED. ) 
 GEOMETRIC_REPRESENTATION_ITEM ( )  RATIONAL_B_SPLINE_SURFACE ( (
 ( 1.000000000000000000, 0.3333333333333332038, 0.3333333333333332038, 1.000000000000000000),
 ( 0.3333333333333333703, 0.1111111111111110772, 0.1111111111111110772, 0.3333333333333333703),
 ( 0.3333333333333333703, 0.1111111111111110772, 0.1111111111111110772, 0.3333333333333333703),
 ( 1.000000000000000000, 0.3333333333333332038, 0.3333333333333332038, 1.000000000000000000) ) ) 
 REPRESENTATION_ITEM ( '' )  SURFACE ( )  );
#4546 = PRESENTATION_STYLE_ASSIGNMENT (( #4082 ) ) ;
#4547 = CARTESIAN_POINT ( 'NONE',  ( 0.8000000000000072609, 0.2000000000000022315, -2.400000000000000355 ) ) ;
#4548 = CARTESIAN_POINT ( 'NONE',  ( -0.9241291360416953315, 0.2999999999999991562, -2.155703603048296113 ) ) ;
#4549 = STYLED_ITEM ( 'NONE', ( #1296 ), #4517 ) ;
#4550 = ORIENTED_EDGE ( 'NONE', *, *, #3047, .F. ) ;
#4551 = AXIS2_PLACEMENT_3D ( 'NONE', #3608, #59, #3210 ) ;
#4552 = FILL_AREA_STYLE_COLOUR ( '', #51 ) ;
#4553 = STYLED_ITEM ( 'NONE', ( #2743 ), #4465 ) ;
#4554 = CARTESIAN_POINT ( 'NONE',  ( -0.7999999999999934941, 0.2000000000000007605, -0.9999999999999978906 ) ) ;
#4555 = CARTESIAN_POINT ( 'NONE',  ( 2.200000000000011724, -0.5999999999999989786, -1.399999999999999245 ) ) ;
#4556 = CARTESIAN_POINT ( 'NONE',  ( -1.199999999999994627, 0.2000000000000007605, 3.035766082959412415E-15 ) ) ;
#4557 = PRODUCT_DEFINITION_FORMATION_WITH_SPECIFIED_SOURCE ( 'ANY', '', #2041, .NOT_KNOWN. ) ;
#4558 = STYLED_ITEM ( 'NONE', ( #1530 ), #4581 ) ;
#4559 = CARTESIAN_POINT ( 'NONE',  ( -1.199999999999994404, 0.2000000000000007327, -0.9999999999999978906 ) ) ;
#4560 = LINE ( 'NONE', #967, #5064 ) ;
#4561 = MANIFOLD_SOLID_BREP ( 'Sketch-Pattern1[21]', #1394 ) ;
#4562 = CARTESIAN_POINT ( 'NONE',  ( 1.109498953223970963, 0.3000000000000009326, 0.8644057992009828162 ) ) ;
#4563 = ADVANCED_BREP_SHAPE_REPRESENTATION ( '', ( #4561, #1744 ), #1421 ) ;
#4564 = CARTESIAN_POINT ( 'NONE',  ( -0.9067021985691716690, 0.2999999999999992673, -0.1472118483534626820 ) ) ;
#4565 = SHAPE_REPRESENTATION_RELATIONSHIP ( 'NONE' , 'NONE' ,  #2566, #2455 ) ;
#4566 = EDGE_LOOP ( 'NONE', ( #5193, #297 ) ) ;
#4567 = DIRECTION ( 'NONE',  ( -0.000000000000000000, -0.000000000000000000, -1.000000000000000000 ) ) ;
#4568 = FACE_OUTER_BOUND ( 'NONE', #3130, .T. ) ;
#4569 = CARTESIAN_POINT ( 'NONE',  ( -2.156512248572842960, 0.2999999999992763455, 1.074188382154783739 ) ) ;
#4570 = CARTESIAN_POINT ( 'NONE',  ( 0.000000000000000000, 0.000000000000000000, 0.000000000000000000 ) ) ;
#4571 = ADVANCED_FACE ( 'NONE', ( #5039, #1405 ), #3785, .T. ) ;
#4572 = ORIENTED_EDGE ( 'NONE', *, *, #2447, .F. ) ;
#4573 = APPLICATION_PROTOCOL_DEFINITION ( 'draft international standard', 'automotive_design', 1998, #4086 ) ;
#4574 = FACE_OUTER_BOUND ( 'NONE', #925, .T. ) ;
#4575 = APPLICATION_CONTEXT ( 'automotive_design' ) ;
#4576 = CARTESIAN_POINT ( 'NONE',  ( 0.1473609055846252514, 0.3000000000000002109, 0.09306219185442977937 ) ) ;
#4577 = CARTESIAN_POINT ( 'NONE',  ( -2.400000000000000355, 0.2514718625761414583, -3.399999999999999467 ) ) ;
#4578 = CARTESIAN_POINT ( 'NONE',  ( -1.835184306473520488, 0.2999999999992764566, 0.9433290619900707163 ) ) ;
#4579 = EDGE_CURVE ( 'NONE', #1009, #5163, #1167, .T. ) ;
#4580 = VERTEX_POINT ( 'NONE', #2438 ) ;
#4581 = MANIFOLD_SOLID_BREP ( 'Sketch-Pattern1[18]', #2567 ) ;
#4582 = SURFACE_STYLE_FILL_AREA ( #2959 ) ;
#4583 = CARTESIAN_POINT ( 'NONE',  ( 0.07587086395830557051, 0.2999999999999999889, 0.8442963969517063294 ) ) ;
#4584 =( NAMED_UNIT ( * ) PLANE_ANGLE_UNIT ( ) SI_UNIT ( $, .RADIAN. ) );
#4585 = CARTESIAN_POINT ( 'NONE',  ( -1.826794919243105664, 0.2999999999999989342, 2.019385769199819158 ) ) ;
#4586 = B_SPLINE_CURVE_WITH_KNOTS ( 'NONE', 3,
 ( #4859, #2837, #4446, #92, #2640, #3423, #4654, #3894, #3718, #4621, #3052, #4701, #634, #3474, #188, #1792, #1055, #1698, #246, #1006, #1032, #1412, #3497, #2269, #1848, #3327, #585, #2244, #2669, #4261, #3870 ),
 .UNSPECIFIED., .F., .F.,
 ( 4, 3, 3, 3, 3, 3, 3, 3, 3, 3, 4 ),
 ( 0.0005414071114497596201, 0.0005995644190492009596, 0.0006577217266486427329, 0.0007158790342480360423, 0.0007740363418475244362, 0.0008321936494469657757, 0.0008903509570464075490, 0.0009485082646458488885, 0.001006665572245545341, 0.001064822879844731568, 0.001082814222899519457 ),
 .UNSPECIFIED. ) ;
#4587 = CARTESIAN_POINT ( 'NONE',  ( 2.000799790377895349, 0.3000000000000013212, -0.1742847336481865850 ) ) ;
#4588 = CARTESIAN_POINT ( 'NONE',  ( 0.8267949192431185423, 0.3000000000000007661, -1.999999999999998668 ) ) ;
#4589 = CARTESIAN_POINT ( 'NONE',  ( 0.1473609055846255567, 0.3000000000000000999, 2.093062191854431209 ) ) ;
#4590 = UNCERTAINTY_MEASURE_WITH_UNIT (LENGTH_MEASURE( 1.000000000000000082E-05 ), #501, 'distance_accuracy_value', 'NONE');
#4591 = CARTESIAN_POINT ( 'NONE',  ( 1.827753766530870960, 0.3000000000000011546, 1.018199864166944302 ) ) ;
#4592 = UNCERTAINTY_MEASURE_WITH_UNIT (LENGTH_MEASURE( 1.000000000000000082E-05 ), #70, 'distance_accuracy_value', 'NONE');
#4593 = CARTESIAN_POINT ( 'NONE',  ( -2.750000000000000000, 0.3999999999999981348, -3.749999999999999112 ) ) ;
#4594 = CARTESIAN_POINT ( 'NONE',  ( 2.123140604217886640, 0.3000000000000015987, 2.123337746210660626 ) ) ;
#4595 = DIRECTION ( 'NONE',  ( 0.000000000000000000, -1.000000000000000000, 0.000000000000000000 ) ) ;
#4596 =( NAMED_UNIT ( * ) PLANE_ANGLE_UNIT ( ) SI_UNIT ( $, .RADIAN. ) );
#4597 = ORIENTED_EDGE ( 'NONE', *, *, #4107, .F. ) ;
#4598 = APPLICATION_PROTOCOL_DEFINITION ( 'draft international standard', 'automotive_design', 1998, #3457 ) ;
#4599 = CARTESIAN_POINT ( 'NONE',  ( 1.200000000000008393, 0.2000000000000019262, 2.400000000000006128 ) ) ;
#4600 = PRODUCT_DEFINITION ( 'UNKNOWN', '', #2252, #3316 ) ;
#4601 = CARTESIAN_POINT ( 'NONE',  ( -0.1482088036191450686, 0.2999999999992778443, 0.09170582629977784561 ) ) ;
#4602 = CARTESIAN_POINT ( 'NONE',  ( 1.135250754901251824, 0.3000000000000004885, -1.891800030967451862 ) ) ;
#4603 = CARTESIAN_POINT ( 'NONE',  ( -2.056934516028105620, 0.2999999999999984346, 0.8352751720835225324 ) ) ;
#4604 = ORIENTED_EDGE ( 'NONE', *, *, #197, .F. ) ;
#4605 = CARTESIAN_POINT ( 'NONE',  ( -2.199999999999995293, 0.2000000000000000666, 2.000000000000005329 ) ) ;
#4606 = EDGE_CURVE ( 'NONE', #53, #1619, #2539, .T. ) ;
#4607 = CARTESIAN_POINT ( 'NONE',  ( -1.199999999999994182, 0.2000000000000007605, -1.399999999999998801 ) ) ;
#4608 =( NAMED_UNIT ( * ) PLANE_ANGLE_UNIT ( ) SI_UNIT ( $, .RADIAN. ) );
#4609 = CARTESIAN_POINT ( 'NONE',  ( -2.750000000000000000, 0.2999999999999981015, -3.199999999999998845 ) ) ;
#4610 = CARTESIAN_POINT ( 'NONE',  ( -2.093297801430817451, 0.2999999999999984346, 2.147211848353471009 ) ) ;
#4611 = CARTESIAN_POINT ( 'NONE',  ( 1.842975496714994721, 0.3000000000000012101, -0.07562482010267849997 ) ) ;
#4612 = DIRECTION ( 'NONE',  ( 1.000000000000000000, 6.866613759074861087E-16, 0.000000000000000000 ) ) ;
#4613 = FACE_OUTER_BOUND ( 'NONE', #4866, .T. ) ;
#4614 = CARTESIAN_POINT ( 'NONE',  ( -1.924129136041696109, 0.2999999999999984346, 1.844296396951707662 ) ) ;
#4615 = CLOSED_SHELL ( 'NONE', ( #99, #1002, #3728 ) ) ;
#4616 = CARTESIAN_POINT ( 'NONE',  ( -1.019108673628162043, 0.2999999999999992673, 0.8267641300433429263 ) ) ;
#4617 = CARTESIAN_POINT ( 'NONE',  ( 1.906702198569184770, 0.3000000000000014877, 2.147211848353471009 ) ) ;
#4618 = COLOUR_RGB ( '',0.7921568627450980005, 0.8196078431372548767, 0.9333333333333333481 ) ;
#4619 = CARTESIAN_POINT ( 'NONE',  ( 0.9808913263718395115, 0.3000000000000004885, -0.1732358699566578231 ) ) ;
#4620 = CARTESIAN_POINT ( 'NONE',  ( 0.000000000000000000, 0.000000000000000000, 0.000000000000000000 ) ) ;
#4621 = CARTESIAN_POINT ( 'NONE',  ( 2.091811711891860437, 0.2999999999999838352, -0.8531306377780207839 ) ) ;
#4622 = CARTESIAN_POINT ( 'NONE',  ( 1.800000000000010258, 0.2000000000000028422, -1.999999999999998668 ) ) ;
#4623 = AXIS2_PLACEMENT_3D ( 'NONE', #4134, #2997, #4995 ) ;
#4624 = ORIENTED_EDGE ( 'NONE', *, *, #1431, .T. ) ;
#4625 = PRODUCT_CONTEXT ( 'NONE', #5056, 'mechanical' ) ;
#4626 = CARTESIAN_POINT ( 'NONE',  ( -2.199999999999995293, 0.2000000000000000389, -0.9999999999999980016 ) ) ;
#4627 = AXIS2_PLACEMENT_3D ( 'NONE', #4534, #3263, #2139 ) ;
#4628 = CARTESIAN_POINT ( 'NONE',  ( -0.7999999999999933831, 0.2000000000000007605, 0.6000000000000028644 ) ) ;
#4629 = ADVANCED_BREP_SHAPE_REPRESENTATION ( '', ( #2799, #1744 ), #4366 ) ;
#4630 = CARTESIAN_POINT ( 'NONE',  ( 0.8267949192431185423, 0.3000000000000005440, 1.000000000000003997 ) ) ;
#4631 = CARTESIAN_POINT ( 'NONE',  ( -1.906702198569172335, 0.2999999999999985456, 0.8527881516465382061 ) ) ;
#4632 = COLOUR_RGB ( '',0.7921568627450980005, 0.8196078431372548767, 0.9333333333333333481 ) ;
#4633 = VERTEX_POINT ( 'NONE', #4819 ) ;
#4634 = MANIFOLD_SOLID_BREP ( 'Sketch-Pattern1[4]', #1399 ) ;
#4635 = CARTESIAN_POINT ( 'NONE',  ( -1.199999999999994182, 0.2000000000000007327, 0.4000000000000040190 ) ) ;
#4636 = DIRECTION ( 'NONE',  ( -1.000000000000000000, -7.228014483236697541E-16, 0.000000000000000000 ) ) ;
#4637 =( NAMED_UNIT ( * ) SI_UNIT ( $, .STERADIAN. ) SOLID_ANGLE_UNIT ( ) );
#4638 = CARTESIAN_POINT ( 'NONE',  ( -2.157024503285010830, 0.2999999999999984901, -0.07562482010267845833 ) ) ;
#4639 = CIRCLE ( 'NONE', #2841, 0.2000000000000005107 ) ;
#4640 = CARTESIAN_POINT ( 'NONE',  ( 1.908188288108157105, 0.2999999999999838352, 1.853130637778028555 ) ) ;
#4641 =( GEOMETRIC_REPRESENTATION_CONTEXT ( 3 ) GLOBAL_UNCERTAINTY_ASSIGNED_CONTEXT ( ( #3157 ) ) GLOBAL_UNIT_ASSIGNED_CONTEXT ( ( #1605, #2073, #2469 ) ) REPRESENTATION_CONTEXT ( 'NONE', 'WORKASPACE' ) );
#4642 = PRESENTATION_LAYER_ASSIGNMENT (  '', '', ( #1662 ) ) ;
#4643 = CARTESIAN_POINT ( 'NONE',  ( 2.200000000000007727, 0.2000000000000028422, 2.000000000000005329 ) ) ;
#4644 = CARTESIAN_POINT ( 'NONE',  ( -0.8429754967149780676, 0.2999999999999996558, -1.924375179897316990 ) ) ;
#4645 = CARTESIAN_POINT ( 'NONE',  ( -2.199999999999995737, 0.2000000000000000666, 3.035766082959412810E-15 ) ) ;
#4646 = CARTESIAN_POINT ( 'NONE',  ( 1.835184306473536253, 0.2999999999992791211, 1.056670938009937055 ) ) ;
#4647 =( GEOMETRIC_REPRESENTATION_CONTEXT ( 3 ) GLOBAL_UNCERTAINTY_ASSIGNED_CONTEXT ( ( #3365 ) ) GLOBAL_UNIT_ASSIGNED_CONTEXT ( ( #2700, #3652, #2723 ) ) REPRESENTATION_CONTEXT ( 'NONE', 'WORKASPACE' ) );
#4648 = PRODUCT_DEFINITION_SHAPE ( 'NONE', 'NONE',  #3879 ) ;
#4649 = EDGE_CURVE ( 'NONE', #3899, #2807, #2763, .T. ) ;
#4650 = PRODUCT_DEFINITION_CONTEXT ( 'detailed design', #4755, 'design' ) ;
#4651 = PRODUCT_DEFINITION_FORMATION_WITH_SPECIFIED_SOURCE ( 'ANY', '', #2171, .NOT_KNOWN. ) ;
#4652 = CARTESIAN_POINT ( 'NONE',  ( 2.038021594828139271, 0.3000000000000012101, 2.168980348936578206 ) ) ;
#4653 = CARTESIAN_POINT ( 'NONE',  ( 2.000000000000011102, 0.2000000000000028422, -1.999999999999998668 ) ) ;
#4654 = CARTESIAN_POINT ( 'NONE',  ( 2.135250754901254489, 0.3000000000000019318, -0.8918000309674506410 ) ) ;
#4655 = CARTESIAN_POINT ( 'NONE',  ( -0.8429754967149779565, 0.2999999999999993228, -0.9243751798973163236 ) ) ;
#4656 = ORIENTED_EDGE ( 'NONE', *, *, #1393, .F. ) ;
#4657 = CARTESIAN_POINT ( 'NONE',  ( -2.199999999999994849, 0.1999999999999998168, -0.5999999999999976463 ) ) ;
#4658 = CARTESIAN_POINT ( 'NONE',  ( -0.1732050807568822903, 0.3000000000000000444, -1.999999999999998668 ) ) ;
#4659 = CARTESIAN_POINT ( 'NONE',  ( 0.8000000000000072609, 0.2000000000000021483, 2.000000000000005329 ) ) ;
#4660 =( REPRESENTATION_RELATIONSHIP ('NONE','NONE', #2642, #2566 ) REPRESENTATION_RELATIONSHIP_WITH_TRANSFORMATION ( #1683 )SHAPE_REPRESENTATION_RELATIONSHIP( ) );
#4661 = ORIENTED_EDGE ( 'NONE', *, *, #4270, .F. ) ;
#4662 = DIRECTION ( 'NONE',  ( -1.000000000000000000, 0.000000000000000000, 0.000000000000000000 ) ) ;
#4663 = CARTESIAN_POINT ( 'NONE',  ( -1.999999999999994893, 0.2000000000000000666, -0.9999999999999978906 ) ) ;
#4664 =( LENGTH_UNIT ( ) NAMED_UNIT ( * ) SI_UNIT ( .MILLI., .METRE. ) );
#4665 = CARTESIAN_POINT ( 'NONE',  ( -2.173205080756884122, 0.2999999999999984346, -0.01938576919981067903 ) ) ;
#4666 = DIRECTION ( 'NONE',  ( -1.000000000000000000, -7.228014483236697541E-16, 0.000000000000000000 ) ) ;
#4667 = EDGE_LOOP ( 'NONE', ( #354, #5184 ) ) ;
#4668 = CARTESIAN_POINT ( 'NONE',  ( 2.075870863958309442, 0.3000000000000013767, -0.1557036030482946143 ) ) ;
#4669 = CARTESIAN_POINT ( 'NONE',  ( 2.200000000000007727, 0.2000000000000028422, 2.000000000000005329 ) ) ;
#4670 = CARTESIAN_POINT ( 'NONE',  ( -1.109498953223957640, 0.2999999999999991007, -1.864405799200978153 ) ) ;
#4671 = CARTESIAN_POINT ( 'NONE',  ( -2.199999999999994849, 0.2000000000000001499, -0.3999999999999979683 ) ) ;
#4672 = PRODUCT_RELATED_PRODUCT_CATEGORY ( 'part', '', ( #2171 ) ) ;
#4673 = DIRECTION ( 'NONE',  ( 0.000000000000000000, 1.000000000000000000, 1.224646799147353207E-16 ) ) ;
#4674 = CARTESIAN_POINT ( 'NONE',  ( -2.750000000000000000, 0.3999999999999981348, 0.000000000000000000 ) ) ;
#4675 = DIRECTION ( 'NONE',  ( 0.000000000000000000, 0.000000000000000000, 1.000000000000000000 ) ) ;
#4676 = EDGE_CURVE ( 'NONE', #3126, #4162, #5078, .T. ) ;
#4677 = CARTESIAN_POINT ( 'NONE',  ( -1.826794919243105664, 0.2999999999999987121, 1.000000000000004219 ) ) ;
#4678 = DIRECTION ( 'NONE',  ( -1.000000000000000000, -6.938893903907227392E-16, 0.000000000000000000 ) ) ;
#4679 = ORIENTED_EDGE ( 'NONE', *, *, #4141, .T. ) ;
#4680 = SHAPE_DEFINITION_REPRESENTATION ( #3142, #2505 ) ;
#4681 = CARTESIAN_POINT ( 'NONE',  ( -0.7999999999999934941, 0.2000000000000007605, 1.000000000000003997 ) ) ;
#4682 = CARTESIAN_POINT ( 'NONE',  ( 0.8000000000000072609, -0.5999999999999998668, 1.600000000000004530 ) ) ;
#4683 = EDGE_LOOP ( 'NONE', ( #2435, #2143 ) ) ;
#4684 = B_SPLINE_CURVE_WITH_KNOTS ( 'NONE', 3,
 ( #670, #5138, #3921, #645, #4737, #2253, #254, #5114, #3505, #2725, #3482, #4341, #713, #3110, #3082, #3900, #274, #3974, #1877, #1472, #1955, #326, #1856, #348, #4781, #2325, #3580, #1144, #5213, #1090, #1567 ),
 .UNSPECIFIED., .F., .F.,
 ( 4, 3, 3, 3, 3, 3, 3, 3, 3, 3, 4 ),
 ( 0.000000000000000000, 5.815730759944116336E-05, 0.0001163146151988822590, 0.0001744719227982759343, 0.0002326292303977647077, 0.0002907865379972062641, 0.0003489438455966473868, 0.0004071011531960886179, 0.0004652584607957851244, 0.0005234157683949711886, 0.0005414071114497597285 ),
 .UNSPECIFIED. ) ;
#4685 = DIRECTION ( 'NONE',  ( 6.866613759074861087E-16, -1.000000000000000000, 0.000000000000000000 ) ) ;
#4686 = CARTESIAN_POINT ( 'NONE',  ( 2.000799790377894904, 0.3000000000000014322, -1.174284733648187418 ) ) ;
#4687 = CARTESIAN_POINT ( 'NONE',  ( 0.2000000000000074218, -0.6000000000000003109, 0.4000000000000039080 ) ) ;
#4688 = CARTESIAN_POINT ( 'NONE',  ( -0.7999999999999933831, 0.2000000000000007605, 3.011273146976464912E-15 ) ) ;
#4689 = CARTESIAN_POINT ( 'NONE',  ( 1.980891326371839067, 0.3000000000000012657, 1.826764130043344370 ) ) ;
#4690 = FACE_OUTER_BOUND ( 'NONE', #4453, .T. ) ;
#4691 = ORIENTED_EDGE ( 'NONE', *, *, #4906, .T. ) ;
#4692 = CONTEXT_DEPENDENT_SHAPE_REPRESENTATION ( #1227, #3104 ) ;
#4693 = CARTESIAN_POINT ( 'NONE',  ( 1.836558698724750638, 0.3000000000000012101, -0.05733185011361310174 ) ) ;
#4694 = CARTESIAN_POINT ( 'NONE',  ( -1.999200209622110869, 0.2999999999999986011, -1.174284733648187418 ) ) ;
#4695 = CARTESIAN_POINT ( 'NONE',  ( -1.058443926485769682, 0.2999999999999996003, -1.835804642256869457 ) ) ;
#4696 = CARTESIAN_POINT ( 'NONE',  ( -0.9999999999999940048, 0.2000000000000007605, -1.999999999999998668 ) ) ;
#4697 =( NAMED_UNIT ( * ) SI_UNIT ( $, .STERADIAN. ) SOLID_ANGLE_UNIT ( ) );
#4698 = PRODUCT_DEFINITION_CONTEXT ( 'detailed design', #1287, 'design' ) ;
#4699 = CARTESIAN_POINT ( 'NONE',  ( 2.200000000000011280, 1.000000000000004663, -1.599999999999997868 ) ) ;
#4700 = CARTESIAN_POINT ( 'NONE',  ( 0.8267949192431185423, 0.3000000000000004885, -1.019385769199811609 ) ) ;
#4701 = CARTESIAN_POINT ( 'NONE',  ( 2.056934516028122051, 0.3000000000000012101, -0.8352751720835166482 ) ) ;
#4702 = DIRECTION ( 'NONE',  ( 1.445602896647339163E-16, 1.001935572513122293E-31, -1.000000000000000000 ) ) ;
#4703 = EDGE_CURVE ( 'NONE', #1197, #4136, #3236, .T. ) ;
#4704 = CIRCLE ( 'NONE', #4950, 0.2000000000000005107 ) ;
#4705 = VERTEX_POINT ( 'NONE', #4609 ) ;
#4706 = APPLICATION_PROTOCOL_DEFINITION ( 'draft international standard', 'automotive_design', 1998, #1854 ) ;
#4707 = DIRECTION ( 'NONE',  ( -1.000000000000000000, -7.228014483236697541E-16, 0.000000000000000000 ) ) ;
#4708 = CARTESIAN_POINT ( 'NONE',  ( -0.1999999999999935996, 0.2000000000000012601, 2.400000000000006128 ) ) ;
#4709 = EDGE_CURVE ( 'NONE', #4580, #4705, #5008, .T. ) ;
#4710 = ORIENTED_EDGE ( 'NONE', *, *, #940, .F. ) ;
#4711 = CIRCLE ( 'NONE', #2157, 0.2000000000000005107 ) ;
#4712 = DIRECTION ( 'NONE',  ( 1.000000000000000000, 6.866613759074861087E-16, 0.000000000000000000 ) ) ;
#4713 = CARTESIAN_POINT ( 'NONE',  ( 1.891750112356532565, 0.2999999999999835021, -1.136593447400099821 ) ) ;
#4714 = CARTESIAN_POINT ( 'NONE',  ( -0.07537353614018818537, 0.2999999999999822808, -0.1571452770438649948 ) ) ;
#4715 = CARTESIAN_POINT ( 'NONE',  ( -0.7999999999999933831, 0.2000000000000007605, 3.060259018942359918E-15 ) ) ;
#4716 = CARTESIAN_POINT ( 'NONE',  ( -2.000799790377879805, 0.2999999999999983236, 2.174284733648194745 ) ) ;
#4717 = MECHANICAL_DESIGN_GEOMETRIC_PRESENTATION_REPRESENTATION (  '', ( #2241 ), #4968 ) ;
#4718 = EDGE_LOOP ( 'NONE', ( #4336, #4340 ) ) ;
#4719 = CIRCLE ( 'NONE', #1828, 0.2000000000000005107 ) ;
#4720 = CARTESIAN_POINT ( 'NONE',  ( 2.200000000000011724, -0.5999999999999989786, 0.6000000000000029754 ) ) ;
#4721 = CARTESIAN_POINT ( 'NONE',  ( -1.148208803619146012, 0.2999999999992769006, -1.908294173700224583 ) ) ;
#4722 =( BOUNDED_SURFACE ( )  B_SPLINE_SURFACE ( 3, 3, ( 
 ( #4882, #814, #1638, #3758 ),
 ( #136, #1251, #2027, #1330 ),
 ( #1737, #109, #927, #2451 ),
 ( #1358, #1691, #4072, #2088 ) ),
 .UNSPECIFIED., .F., .F., .F. ) 
 B_SPLINE_SURFACE_WITH_KNOTS ( ( 4, 4 ),
 ( 4, 4 ),
 ( 0.000000000000000000, 1.000000000000000000 ),
 ( 0.000000000000000000, 1.000000000000000000 ),
 .UNSPECIFIED. ) 
 GEOMETRIC_REPRESENTATION_ITEM ( )  RATIONAL_B_SPLINE_SURFACE ( (
 ( 1.000000000000000000, 0.3333333333333334259, 0.3333333333333334259, 1.000000000000000000),
 ( 0.3333333333333333703, 0.1111111111111111605, 0.1111111111111111605, 0.3333333333333333703),
 ( 0.3333333333333333703, 0.1111111111111111605, 0.1111111111111111605, 0.3333333333333333703),
 ( 1.000000000000000000, 0.3333333333333334259, 0.3333333333333334259, 1.000000000000000000) ) ) 
 REPRESENTATION_ITEM ( '' )  SURFACE ( )  );
#4723 = CARTESIAN_POINT ( 'NONE',  ( -1.199999999999994182, 0.2000000000000007605, 1.600000000000004086 ) ) ;
#4724 = PRODUCT_DEFINITION_SHAPE ( 'NONE', 'NONE',  #5253 ) ;
#4725 = CARTESIAN_POINT ( 'NONE',  ( 1.172884579699643437, 0.3000000000000005440, -1.012158460074930266 ) ) ;
#4726 =( NAMED_UNIT ( * ) SI_UNIT ( $, .STERADIAN. ) SOLID_ANGLE_UNIT ( ) );
#4727 = CARTESIAN_POINT ( 'NONE',  ( -0.8647492450987497303, 0.2999999999999992673, 1.108199969032550580 ) ) ;
#4728 = CARTESIAN_POINT ( 'NONE',  ( 1.200000000000008171, -0.5999999999999999778, -0.5999999999999970912 ) ) ;
#4729 = ORIENTED_EDGE ( 'NONE', *, *, #762, .T. ) ;
#4730 = VERTEX_POINT ( 'NONE', #2876 ) ;
#4731 = CARTESIAN_POINT ( 'NONE',  ( 1.200000000000007949, 1.000000000000002665, -0.5999999999999972022 ) ) ;
#4732 = CARTESIAN_POINT ( 'NONE',  ( -2.199999999999995293, -0.6000000000000019762, -0.5999999999999970912 ) ) ;
#4733 = CARTESIAN_POINT ( 'NONE',  ( -0.1732050807568822903, 0.3000000000000000444, -0.9939249650772238320 ) ) ;
#4734 = PRODUCT_DEFINITION ( 'UNKNOWN', '', #1509, #1151 ) ;
#4735 = UNCERTAINTY_MEASURE_WITH_UNIT (LENGTH_MEASURE( 1.000000000000000082E-05 ), #2396, 'distance_accuracy_value', 'NONE');
#4736 = ORIENTED_EDGE ( 'NONE', *, *, #3531, .T. ) ;
#4737 = CARTESIAN_POINT ( 'NONE',  ( -0.1570245032850093314, 0.2999999999999999334, -2.075624820102679902 ) ) ;
#4738 = CARTESIAN_POINT ( 'NONE',  ( -1.056934516028104953, 0.2999999999999990452, 1.835275172083524087 ) ) ;
#4739 =( NAMED_UNIT ( * ) SI_UNIT ( $, .STERADIAN. ) SOLID_ANGLE_UNIT ( ) );
#4740 = CARTESIAN_POINT ( 'NONE',  ( 1.980891326371842620, 0.3000000000000011546, 0.8267641300433430374 ) ) ;
#4741 = ADVANCED_FACE ( 'NONE', ( #98, #1317 ), #4919, .T. ) ;
#4742 = CARTESIAN_POINT ( 'NONE',  ( -0.1999999999999935996, -0.6000000000000004219, 0.6000000000000029754 ) ) ;
#4743 = ORIENTED_EDGE ( 'NONE', *, *, #649, .F. ) ;
#4744 = CARTESIAN_POINT ( 'NONE',  ( -2.135250754901239389, 0.2999999999999984901, -1.108199969032544585 ) ) ;
#4745 = CARTESIAN_POINT ( 'NONE',  ( 0.8000000000000072609, 0.2000000000000021483, 3.035766082959412415E-15 ) ) ;
#4746 = DIRECTION ( 'NONE',  ( 0.000000000000000000, -1.000000000000000000, 0.000000000000000000 ) ) ;
#4747 =( BOUNDED_SURFACE ( )  B_SPLINE_SURFACE ( 3, 3, ( 
 ( #309, #4304, #2333, #1479 ),
 ( #3982, #696, #721, #3888 ),
 ( #4280, #4720, #1075, #1506 ),
 ( #677, #2285, #4350, #3907 ) ),
 .UNSPECIFIED., .F., .F., .T. ) 
 B_SPLINE_SURFACE_WITH_KNOTS ( ( 4, 4 ),
 ( 4, 4 ),
 ( 0.000000000000000000, 1.000000000000000000 ),
 ( 0.000000000000000000, 1.000000000000000000 ),
 .UNSPECIFIED. ) 
 GEOMETRIC_REPRESENTATION_ITEM ( )  RATIONAL_B_SPLINE_SURFACE ( (
 ( 1.000000000000000000, 0.3333333333333334259, 0.3333333333333334259, 1.000000000000000000),
 ( 0.3333333333333333703, 0.1111111111111111605, 0.1111111111111111605, 0.3333333333333333703),
 ( 0.3333333333333333703, 0.1111111111111111605, 0.1111111111111111605, 0.3333333333333333703),
 ( 1.000000000000000000, 0.3333333333333334259, 0.3333333333333334259, 1.000000000000000000) ) ) 
 REPRESENTATION_ITEM ( '' )  SURFACE ( )  );
#4748 = CARTESIAN_POINT ( 'NONE',  ( 1.136766436603473096, 0.3000000000000007105, -1.108031244861208631 ) ) ;
#4749 = DIRECTION ( 'NONE',  ( -1.000000000000000000, 0.000000000000000000, 0.000000000000000000 ) ) ;
#4750 =( LENGTH_UNIT ( ) NAMED_UNIT ( * ) SI_UNIT ( .MILLI., .METRE. ) );
#4751 = CARTESIAN_POINT ( 'NONE',  ( -0.9081882881081437819, 0.2999999999999815037, 1.146869362221980548 ) ) ;
#4752 = CARTESIAN_POINT ( 'NONE',  ( 1.200000000000008393, 0.2000000000000021483, -0.9999999999999978906 ) ) ;
#4753 = EDGE_LOOP ( 'NONE', ( #2688, #2093 ) ) ;
#4754 = CARTESIAN_POINT ( 'NONE',  ( -2.750000000000000888, 1.177817459305200654, -3.749999999999999112 ) ) ;
#4755 = APPLICATION_CONTEXT ( 'automotive_design' ) ;
#4756 = CARTESIAN_POINT ( 'NONE',  ( 1.876859395782131568, 0.3000000000000017653, -2.123337746210653521 ) ) ;
#4757 = CARTESIAN_POINT ( 'NONE',  ( 0.1473609055846251958, 0.3000000000000004330, -0.9069378081455711227 ) ) ;
#4758 = ORIENTED_EDGE ( 'NONE', *, *, #2226, .F. ) ;
#4759 = CARTESIAN_POINT ( 'NONE',  ( 1.800000000000010481, 0.2000000000000028144, 0.4000000000000040190 ) ) ;
#4760 = CARTESIAN_POINT ( 'NONE',  ( -0.9415560735142191051, 0.2999999999999993783, 1.835804642256875896 ) ) ;
#4761 = CARTESIAN_POINT ( 'NONE',  ( -1.941556073514219882, 0.2999999999999986566, -0.1641953577431264910 ) ) ;
#4762 = CARTESIAN_POINT ( 'NONE',  ( -0.9415560735142187720, 0.2999999999999991562, 0.8358046422568745637 ) ) ;
#4763 = PRODUCT_DEFINITION_SHAPE ( 'NONE', 'NONE',  #5248 ) ;
#4764 = ORIENTED_EDGE ( 'NONE', *, *, #551, .F. ) ;
#4765 = EDGE_CURVE ( 'NONE', #618, #1384, #3492, .T. ) ;
#4766 = FACE_BOUND ( 'NONE', #932, .T. ) ;
#4767 = CARTESIAN_POINT ( 'NONE',  ( -2.173205080756884122, 0.2999999999999983791, -0.9999999999999978906 ) ) ;
#4768 = CARTESIAN_POINT ( 'NONE',  ( -2.400000000000001243, 1.099999999999998090, -3.399999999999999467 ) ) ;
#4769 =( LENGTH_UNIT ( ) NAMED_UNIT ( * ) SI_UNIT ( .MILLI., .METRE. ) );
#4770 = B_SPLINE_CURVE_WITH_KNOTS ( 'NONE', 3,
 ( #781, #4334, #2362, #392, #3548, #1972, #4727, #731, #3914, #4751, #2695, #4311, #1169, #2776, #703, #682, #289, #3124, #2314, #3938, #316, #5179, #3146, #4775, #4362, #994, #4128, #500, #1324, #3258, #4933 ),
 .UNSPECIFIED., .F., .F.,
 ( 4, 3, 3, 3, 3, 3, 3, 3, 3, 3, 4 ),
 ( 0.0005414071114497590780, 0.0005995644190492002007, 0.0006577217266486412150, 0.0007158790342480345244, 0.0007740363418475235688, 0.0008321936494469650168, 0.0008903509570464064648, 0.0009485082646458478043, 0.001006665572245544257, 0.001064822879844730700, 0.001082814222899518373 ),
 .UNSPECIFIED. ) ;
#4771 = ADVANCED_FACE ( 'NONE', ( #1780 ), #229, .F. ) ;
#4772 = DIRECTION ( 'NONE',  ( 1.000000000000000000, 6.866613759074861087E-16, 0.000000000000000000 ) ) ;
#4773 = CARTESIAN_POINT ( 'NONE',  ( 0.8917501123565292342, 0.2999999999999831690, -2.136593447400100487 ) ) ;
#4774 = CARTESIAN_POINT ( 'NONE',  ( 0.9415560735142325388, 0.3000000000000005995, 0.1641953577431324862 ) ) ;
#4775 = CARTESIAN_POINT ( 'NONE',  ( -1.148208803619146012, 0.2999999999992770117, 1.091705826299778748 ) ) ;
#4776 = CARTESIAN_POINT ( 'NONE',  ( -2.199999999999999734, 1.177817459305200876, -3.749999999999999556 ) ) ;
#4777 = CARTESIAN_POINT ( 'NONE',  ( -0.1999999999999935718, 0.2000000000000014544, 3.035766082959412415E-15 ) ) ;
#4778 =( LENGTH_UNIT ( ) NAMED_UNIT ( * ) SI_UNIT ( .MILLI., .METRE. ) );
#4779 = CLOSED_SHELL ( 'NONE', ( #5103, #1553, #5027, #2345 ) ) ;
#4780 = EDGE_LOOP ( 'NONE', ( #261, #455 ) ) ;
#4781 = CARTESIAN_POINT ( 'NONE',  ( 0.1565122485728552282, 0.2999999999992781774, -2.074188382154778409 ) ) ;
#4782 =( GEOMETRIC_REPRESENTATION_CONTEXT ( 3 ) GLOBAL_UNCERTAINTY_ASSIGNED_CONTEXT ( ( #4153 ) ) GLOBAL_UNIT_ASSIGNED_CONTEXT ( ( #4664, #4608, #4637 ) ) REPRESENTATION_CONTEXT ( 'NONE', 'WORKASPACE' ) );
#4783 = CARTESIAN_POINT ( 'NONE',  ( -0.8271154203003582284, 0.2999999999999993228, 1.987841539925073064 ) ) ;
#4784 = CARTESIAN_POINT ( 'NONE',  ( 0.1728845796996425765, 0.3000000000000001554, -0.01215846007492919073 ) ) ;
#4785 = CARTESIAN_POINT ( 'NONE',  ( -0.09181171189184289538, 0.2999999999999823919, -1.146869362221974553 ) ) ;
#4786 = DIRECTION ( 'NONE',  ( -1.000000000000000000, 0.000000000000000000, 0.000000000000000000 ) ) ;
#4787 = AXIS2_PLACEMENT_3D ( 'NONE', #3703, #414, #2471 ) ;
#4788 = EDGE_LOOP ( 'NONE', ( #4969, #4691 ) ) ;
#4789 = CARTESIAN_POINT ( 'NONE',  ( -1.827115420300359228, 0.2999999999999989342, -1.012158460074930266 ) ) ;
#4790 = CARTESIAN_POINT ( 'NONE',  ( 1.200000000000008393, 0.2000000000000021483, -0.3999999999999979683 ) ) ;
#4791 = CARTESIAN_POINT ( 'NONE',  ( 1.999200209622126634, 0.3000000000000013767, -1.825715266351809474 ) ) ;
#4792 = VECTOR ( 'NONE', #54, 1000.000000000000114 ) ;
#4793 = CONTEXT_DEPENDENT_SHAPE_REPRESENTATION ( #5029, #4216 ) ;
#4794 = CARTESIAN_POINT ( 'NONE',  ( -0.8267949192431048866, 0.2999999999999995448, 1.000000000000003997 ) ) ;
#4795 = CARTESIAN_POINT ( 'NONE',  ( 0.2000000000000074218, 0.2000000000000015654, 1.400000000000005018 ) ) ;
#4796 = CARTESIAN_POINT ( 'NONE',  ( 1.056934516028118720, 0.3000000000000004885, 0.1647248279164842122 ) ) ;
#4797 =( NAMED_UNIT ( * ) PLANE_ANGLE_UNIT ( ) SI_UNIT ( $, .RADIAN. ) );
#4798 = CARTESIAN_POINT ( 'NONE',  ( -1.199999999999994182, 0.2000000000000007605, -2.399999999999999911 ) ) ;
#4799 = CARTESIAN_POINT ( 'NONE',  ( -1.943065483971884611, 0.2999999999999983791, 2.164724827916486571 ) ) ;
#4800 = AXIS2_PLACEMENT_3D ( 'NONE', #1884, #1548, #3117 ) ;
#4801 = EDGE_CURVE ( 'NONE', #2631, #141, #5149, .T. ) ;
#4802 = CARTESIAN_POINT ( 'NONE',  ( 0.8267949192431185423, 0.3000000000000004885, 1.980614230800191278 ) ) ;
#4803 = AXIS2_PLACEMENT_3D ( 'NONE', #3838, #4675, #216 ) ;
#4804 = COLOUR_RGB ( '',0.7921568627450980005, 0.8196078431372548767, 0.9333333333333333481 ) ;
#4805 = CARTESIAN_POINT ( 'NONE',  ( 1.891750112356531899, 0.2999999999999832800, -2.136593447400100487 ) ) ;
#4806 = PRODUCT_DEFINITION_SHAPE ( 'NONE', 'NONE',  #4600 ) ;
#4807 = PRODUCT_DEFINITION_FORMATION_WITH_SPECIFIED_SOURCE ( 'ANY', '', #1952, .NOT_KNOWN. ) ;
#4808 = EDGE_LOOP ( 'NONE', ( #684, #1504 ) ) ;
#4809 = CARTESIAN_POINT ( 'NONE',  ( 0.000000000000000000, 0.000000000000000000, 0.000000000000000000 ) ) ;
#4810 = CARTESIAN_POINT ( 'NONE',  ( 1.800000000000010258, 0.2000000000000028699, 1.000000000000003775 ) ) ;
#4811 = CARTESIAN_POINT ( 'NONE',  ( 0.8277537665308679626, 0.3000000000000005995, 2.018199864166945634 ) ) ;
#4812 = CARTESIAN_POINT ( 'NONE',  ( 0.1231326949136881399, 0.2999999999999999889, -0.1218127228301463250 ) ) ;
#4813 = CARTESIAN_POINT ( 'NONE',  ( -1.826794919243105664, 0.2999999999999987121, 3.062871137271550026E-15 ) ) ;
#4814 = CARTESIAN_POINT ( 'NONE',  ( 0.2000000000000074496, 0.2000000000000014821, 1.000000000000003997 ) ) ;
#4815 = ORIENTED_EDGE ( 'NONE', *, *, #1841, .F. ) ;
#4816 = FILL_AREA_STYLE_COLOUR ( '', #4632 ) ;
#4817 = CARTESIAN_POINT ( 'NONE',  ( -0.1702092356820864849, 0.2999999999999999889, 1.037478315543579166 ) ) ;
#4818 = CARTESIAN_POINT ( 'NONE',  ( 0.9241291360417092093, 0.3000000000000004885, 1.155703603048301442 ) ) ;
#4819 = CARTESIAN_POINT ( 'NONE',  ( -0.8267949192431047756, 0.2999999999999991007, -1.999999999999998668 ) ) ;
#4820 =( NAMED_UNIT ( * ) SI_UNIT ( $, .STERADIAN. ) SOLID_ANGLE_UNIT ( ) );
#4821 = APPLICATION_PROTOCOL_DEFINITION ( 'draft international standard', 'automotive_design', 1998, #2225 ) ;
#4822 = CARTESIAN_POINT ( 'NONE',  ( -0.7999999999999933831, 0.2000000000000006772, 2.400000000000006128 ) ) ;
#4823 = PRODUCT_RELATED_PRODUCT_CATEGORY ( 'part', '', ( #1908 ) ) ;
#4824 = CARTESIAN_POINT ( 'NONE',  ( -2.400000000000001243, 1.199999999999998179, -3.399999999999999467 ) ) ;
#4825 = CARTESIAN_POINT ( 'NONE',  ( 0.9241291360417088763, 0.3000000000000005995, 0.1557036030483006095 ) ) ;
#4826 = CARTESIAN_POINT ( 'NONE',  ( -2.199999999999994849, 0.1999999999999999833, 2.400000000000006128 ) ) ;
#4827 = CARTESIAN_POINT ( 'NONE',  ( -2.199999999999999734, 0.3999999999999985789, -3.749999999999999112 ) ) ;
#4828 = CARTESIAN_POINT ( 'NONE',  ( -2.700000000000001066, 1.199999999999997957, -3.399999999999999467 ) ) ;
#4829 = EDGE_CURVE ( 'NONE', #4516, #2283, #3948, .T. ) ;
#4830 = CARTESIAN_POINT ( 'NONE',  ( -0.1999999999999935996, -0.6000000000000004219, -1.399999999999999245 ) ) ;
#4831 = CARTESIAN_POINT ( 'NONE',  ( -1.826794919243105664, 0.2999999999999987121, 0.01938576919981679567 ) ) ;
#4832 = B_SPLINE_CURVE_WITH_KNOTS ( 'NONE', 3,
 ( #4767, #749, #2263, #3542, #3564, #3468, #4744, #1456, #5195, #5146, #5099, #3139, #3070, #1098, #4694, #3958, #332, #1155, #3088, #1125, #1863, #2305, #2355, #2735, #262, #655, #1050, #2661, #4789, #2690, #2765 ),
 .UNSPECIFIED., .F., .F.,
 ( 4, 3, 3, 3, 3, 3, 3, 3, 3, 3, 4 ),
 ( 0.000000000000000000, 5.815730759944117014E-05, 0.0001163146151988822183, 0.0001744719227982757988, 0.0002326292303977647348, 0.0002907865379972056135, 0.0003489438455966474410, 0.0004071011531960885095, 0.0004652584607957849618, 0.0005234157683949710801, 0.0005414071114497592948 ),
 .UNSPECIFIED. ) ;
#4833 = ORIENTED_EDGE ( 'NONE', *, *, #4829, .T. ) ;
#4834 = CARTESIAN_POINT ( 'NONE',  ( 2.200000000000011724, 0.2000000000000028144, 0.4000000000000040190 ) ) ;
#4835 = CARTESIAN_POINT ( 'NONE',  ( 1.135250754901251602, 0.3000000000000009326, 2.108199969032552801 ) ) ;
#4836 = FACE_OUTER_BOUND ( 'NONE', #1572, .T. ) ;
#4837 = CARTESIAN_POINT ( 'NONE',  ( 0.2000000000000074496, 0.2000000000000014544, -1.999999999999998668 ) ) ;
#4838 = UNCERTAINTY_MEASURE_WITH_UNIT (LENGTH_MEASURE( 1.000000000000000082E-05 ), #1240, 'distance_accuracy_value', 'NONE');
#4839 = EDGE_LOOP ( 'NONE', ( #5220, #2650 ) ) ;
#4840 = PRODUCT_DEFINITION_SHAPE ( 'NONE', 'NONE',  #827 ) ;
#4841 = CARTESIAN_POINT ( 'NONE',  ( 0.09181171189185713399, 0.2999999999999822808, 1.146869362221980326 ) ) ;
#4842 =( LENGTH_UNIT ( ) NAMED_UNIT ( * ) SI_UNIT ( .MILLI., .METRE. ) );
#4843 = SURFACE_STYLE_FILL_AREA ( #3220 ) ;
#4844 = CARTESIAN_POINT ( 'NONE',  ( -0.7999999999999932720, 1.000000000000002442, 1.400000000000004574 ) ) ;
#4845 = PRODUCT_DEFINITION_SHAPE ( 'NONE', 'NONE',  #5245 ) ;
#4846 = CARTESIAN_POINT ( 'NONE',  ( 1.148208803619159779, 0.2999999999992786215, -2.091705826299773641 ) ) ;
#4847 = CARTESIAN_POINT ( 'NONE',  ( 0.8517911963808557640, 0.2999999999992783994, 0.09170582629977779010 ) ) ;
#4848 = CARTESIAN_POINT ( 'NONE',  ( -1.799999999999994493, 0.2000000000000000666, 1.600000000000004086 ) ) ;
#4849 = CARTESIAN_POINT ( 'NONE',  ( 2.147360905584628998, 0.3000000000000015987, 1.093062191854430765 ) ) ;
#4850 = CARTESIAN_POINT ( 'NONE',  ( -0.9081882881081442260, 0.2999999999999818368, 0.1468693622219797712 ) ) ;
#4851 = CARTESIAN_POINT ( 'NONE',  ( -0.1728845796996288098, 0.3000000000000002109, -0.9878415399250657369 ) ) ;
#4852 = ORIENTED_EDGE ( 'NONE', *, *, #3237, .T. ) ;
#4853 = CARTESIAN_POINT ( 'NONE',  ( 6.938893903907228378E-15, 0.2000000000000014544, -1.999999999999998668 ) ) ;
#4854 =( NAMED_UNIT ( * ) SI_UNIT ( $, .STERADIAN. ) SOLID_ANGLE_UNIT ( ) );
#4855 = CARTESIAN_POINT ( 'NONE',  ( -2.020055168629736997, 0.2999999999999984346, 0.1720400831528343388 ) ) ;
#4856 = VERTEX_POINT ( 'NONE', #375 ) ;
#4857 = DIRECTION ( 'NONE',  ( 1.000000000000000000, 0.000000000000000000, 0.000000000000000000 ) ) ;
#4858 = CARTESIAN_POINT ( 'NONE',  ( 2.163441301275271123, 0.3000000000000014322, 0.05733185011361922878 ) ) ;
#4859 = CARTESIAN_POINT ( 'NONE',  ( 2.173205080756900109, 0.3000000000000016542, -0.9999999999999976685 ) ) ;
#4860 = LINE ( 'NONE', #1647, #4450 ) ;
#4861 = CLOSED_SHELL ( 'NONE', ( #740, #2287, #3723 ) ) ;
#4862 = FACE_OUTER_BOUND ( 'NONE', #113, .T. ) ;
#4863 = EDGE_CURVE ( 'NONE', #3556, #3504, #581, .T. ) ;
#4864 = CARTESIAN_POINT ( 'NONE',  ( -0.1999999999999935718, 0.2000000000000014266, 2.000000000000005329 ) ) ;
#4865 = B_SPLINE_CURVE_WITH_KNOTS ( 'NONE', 3,
 ( #4916, #4831, #1194, #5239, #761, #2008, #1617, #425, #3997, #2829, #1977, #1593, #3208, #2804, #3635, #4855, #817, #845, #2427, #4051, #3658, #2483, #26, #1255, #1694, #4076, #454, #2057, #3322, #3294, #3686 ),
 .UNSPECIFIED., .F., .F.,
 ( 4, 3, 3, 3, 3, 3, 3, 3, 3, 3, 4 ),
 ( 0.0005414071114497590780, 0.0005995644190492002007, 0.0006577217266486414318, 0.0007158790342480348496, 0.0007740363418475237857, 0.0008321936494469645831, 0.0008903509570464059227, 0.0009485082646458470454, 0.001006665572245542956, 0.001064822879844729182, 0.001082814222899517072 ),
 .UNSPECIFIED. ) ;
#4866 = EDGE_LOOP ( 'NONE', ( #5181, #3968 ) ) ;
#4867 = AXIS2_PLACEMENT_3D ( 'NONE', #2174, #3794, #1719 ) ;
#4868 = SURFACE_STYLE_FILL_AREA ( #3302 ) ;
#4869 = CARTESIAN_POINT ( 'NONE',  ( -0.7999999999999932720, 0.2000000000000007883, 2.000000000000005329 ) ) ;
#4870 = SURFACE_STYLE_USAGE ( .BOTH. , #800 ) ;
#4871 = CARTESIAN_POINT ( 'NONE',  ( 2.056934516028122051, 0.3000000000000009881, -1.835275172083517647 ) ) ;
#4872 = SHAPE_REPRESENTATION_RELATIONSHIP ( 'NONE' , 'NONE' ,  #654, #2647 ) ;
#4873 =( BOUNDED_SURFACE ( )  B_SPLINE_SURFACE ( 3, 3, ( 
 ( #1830, #1447, #1039, #3080 ),
 ( #4708, #4910, #2858, #1276 ),
 ( #3103, #2825, #3946, #2050 ),
 ( #840, #5134, #5161, #1636 ) ),
 .UNSPECIFIED., .F., .F., .F. ) 
 B_SPLINE_SURFACE_WITH_KNOTS ( ( 4, 4 ),
 ( 4, 4 ),
 ( 0.000000000000000000, 1.000000000000000000 ),
 ( 0.000000000000000000, 1.000000000000000000 ),
 .UNSPECIFIED. ) 
 GEOMETRIC_REPRESENTATION_ITEM ( )  RATIONAL_B_SPLINE_SURFACE ( (
 ( 1.000000000000000000, 0.3333333333333332038, 0.3333333333333332038, 1.000000000000000000),
 ( 0.3333333333333333703, 0.1111111111111110772, 0.1111111111111110772, 0.3333333333333333703),
 ( 0.3333333333333333703, 0.1111111111111110772, 0.1111111111111110772, 0.3333333333333333703),
 ( 1.000000000000000000, 0.3333333333333332038, 0.3333333333333332038, 1.000000000000000000) ) ) 
 REPRESENTATION_ITEM ( '' )  SURFACE ( )  );
#4874 = FACE_BOUND ( 'NONE', #2782, .T. ) ;
#4875 = STYLED_ITEM ( 'NONE', ( #719 ), #2778 ) ;
#4876 = CARTESIAN_POINT ( 'NONE',  ( 1.200000000000008393, 0.2000000000000021483, 2.000000000000005329 ) ) ;
#4877 = CARTESIAN_POINT ( 'NONE',  ( -0.8267949192431048866, 0.2999999999999995448, -1.006075034922771838 ) ) ;
#4878 = CARTESIAN_POINT ( 'NONE',  ( -1.019108673628162265, 0.2999999999999990452, -0.1732358699566578231 ) ) ;
#4879 = CARTESIAN_POINT ( 'NONE',  ( -0.1999999999999931555, 0.2000000000000015654, -1.399999999999998135 ) ) ;
#4880 = CIRCLE ( 'NONE', #2750, 0.2999999999999999334 ) ;
#4881 = CARTESIAN_POINT ( 'NONE',  ( 1.123132694913689056, 0.3000000000000005995, 1.878187277169856007 ) ) ;
#4882 = CARTESIAN_POINT ( 'NONE',  ( -0.1999999999999935718, 0.2000000000000014544, -1.999999999999998668 ) ) ;
#4883 = CARTESIAN_POINT ( 'NONE',  ( -1.826794919243105664, 0.2999999999999987121, 1.019385769199817826 ) ) ;
#4884 = MECHANICAL_DESIGN_GEOMETRIC_PRESENTATION_REPRESENTATION (  '', ( #2323 ), #4976 ) ;
#4885 = CARTESIAN_POINT ( 'NONE',  ( 2.058443926485785891, 0.3000000000000017097, -2.164195357743128323 ) ) ;
#4886 =( BOUNDED_SURFACE ( )  B_SPLINE_SURFACE ( 3, 3, ( 
 ( #1396, #1837, #3435, #201 ),
 ( #2206, #5062, #4981, #3828 ),
 ( #4171, #541, #4687, #961 ),
 ( #4196, #2153, #2627, #568 ) ),
 .UNSPECIFIED., .F., .F., .F. ) 
 B_SPLINE_SURFACE_WITH_KNOTS ( ( 4, 4 ),
 ( 4, 4 ),
 ( 0.000000000000000000, 1.000000000000000000 ),
 ( 0.000000000000000000, 1.000000000000000000 ),
 .UNSPECIFIED. ) 
 GEOMETRIC_REPRESENTATION_ITEM ( )  RATIONAL_B_SPLINE_SURFACE ( (
 ( 1.000000000000000000, 0.3333333333333334259, 0.3333333333333334259, 1.000000000000000000),
 ( 0.3333333333333333703, 0.1111111111111111605, 0.1111111111111111605, 0.3333333333333333703),
 ( 0.3333333333333333703, 0.1111111111111111605, 0.1111111111111111605, 0.3333333333333333703),
 ( 1.000000000000000000, 0.3333333333333334259, 0.3333333333333334259, 1.000000000000000000) ) ) 
 REPRESENTATION_ITEM ( '' )  SURFACE ( )  );
#4887 = B_SPLINE_CURVE_WITH_KNOTS ( 'NONE', 3,
 ( #295, #863, #420, #4316, #3287, #4757, #4470, #2884, #322, #2446, #1248, #4439, #687, #1518, #2476, #4500, #4047, #810, #1110, #2025, #4098, #3230, #1493, #3680, #3553, #1875, #3260, #3502, #4851, #4733, #4069 ),
 .UNSPECIFIED., .F., .F.,
 ( 4, 3, 3, 3, 3, 3, 3, 3, 3, 3, 4 ),
 ( 0.0005414071114497592948, 0.0005995644190492003091, 0.0006577217266486416487, 0.0007158790342480349581, 0.0007740363418475236772, 0.0008321936494469652336, 0.0008903509570464066816, 0.0009485082646458480211, 0.001006665572245544257, 0.001064822879844730483, 0.001082814222899518156 ),
 .UNSPECIFIED. ) ;
#4888 =( GEOMETRIC_REPRESENTATION_CONTEXT ( 3 ) GLOBAL_UNCERTAINTY_ASSIGNED_CONTEXT ( ( #2501 ) ) GLOBAL_UNIT_ASSIGNED_CONTEXT ( ( #1219, #4478, #2891 ) ) REPRESENTATION_CONTEXT ( 'NONE', 'WORKASPACE' ) );
#4889 = MECHANICAL_DESIGN_GEOMETRIC_PRESENTATION_REPRESENTATION (  '', ( #2169 ), #3281 ) ;
#4890 = ORIENTED_EDGE ( 'NONE', *, *, #3891, .F. ) ;
#4891 = CARTESIAN_POINT ( 'NONE',  ( 2.157024503285026817, 0.3000000000000014322, 0.07562482010268462007 ) ) ;
#4892 = PRODUCT_DEFINITION ( 'UNKNOWN', '', #1584, #66 ) ;
#4893 = CARTESIAN_POINT ( 'NONE',  ( 1.123140604217886862, 0.3000000000000009326, 2.123337746210661070 ) ) ;
#4894 = AXIS2_PLACEMENT_3D ( 'NONE', #2194, #111, #3812 ) ;
#4895 = CARTESIAN_POINT ( 'NONE',  ( 0.8000000000000073719, 0.2000000000000021760, -1.999999999999998668 ) ) ;
#4896 = CARTESIAN_POINT ( 'NONE',  ( -0.8632335633965285693, 0.2999999999999998224, -2.108031244861209519 ) ) ;
#4897 = PRODUCT ( 'MT25QL256ABA8E12-1SIT TR_15', 'MT25QL256ABA8E12-1SIT TR_15', '', ( #3986 ) ) ;
#4898 = VERTEX_POINT ( 'NONE', #302 ) ;
#4899 = PRODUCT_DEFINITION_SHAPE ( 'NONE', 'NONE',  #5258 ) ;
#4900 = DIRECTION ( 'NONE',  ( -6.938893903907227392E-16, 1.000000000000000000, -0.000000000000000000 ) ) ;
#4901 = EDGE_CURVE ( 'NONE', #225, #5086, #3954, .T. ) ;
#4902 = CARTESIAN_POINT ( 'NONE',  ( -0.7999999999999933831, 0.2000000000000007605, 2.000000000000005329 ) ) ;
#4903 = CARTESIAN_POINT ( 'NONE',  ( 0.0007997903778912994000, 0.3000000000000000444, 1.825715266351815691 ) ) ;
#4904 = B_SPLINE_CURVE_WITH_KNOTS ( 'NONE', 3,
 ( #3747, #4145, #2984, #2960, #1703, #3357, #4195, #990, #3332, #2603, #540, #517, #1395, #122, #2180, #4980, #3772, #1779, #4583, #3724, #3410, #938, #1803, #1316, #2552, #5006, #152, #2626, #1426, #4222, #4170 ),
 .UNSPECIFIED., .F., .F.,
 ( 4, 3, 3, 3, 3, 3, 3, 3, 3, 3, 4 ),
 ( 0.000000000000000000, 5.815730759944121080E-05, 0.0001163146151988825436, 0.0001744719227982759885, 0.0002326292303977649787, 0.0002907865379972063183, 0.0003489438455966476578, 0.0004071011531960889432, 0.0004652584607957853955, 0.0005234157683949717307, 0.0005414071114497592948 ),
 .UNSPECIFIED. ) ;
#4905 = CARTESIAN_POINT ( 'NONE',  ( -0.7999999999999932720, 0.2000000000000007327, -0.9999999999999980016 ) ) ;
#4906 = EDGE_CURVE ( 'NONE', #5136, #1192, #1074, .T. ) ;
#4907 = PLANE ( 'NONE',  #2075 ) ;
#4908 = CARTESIAN_POINT ( 'NONE',  ( -0.8434877514271453824, 0.2999999999992769006, -1.074188382154777299 ) ) ;
#4909 = CARTESIAN_POINT ( 'NONE',  ( 2.157024503285026817, 0.3000000000000015432, 1.075624820102685453 ) ) ;
#4910 = CARTESIAN_POINT ( 'NONE',  ( -0.1999999999999935996, 1.000000000000003553, 2.400000000000006573 ) ) ;
#4911 = UNCERTAINTY_MEASURE_WITH_UNIT (LENGTH_MEASURE( 1.000000000000000082E-05 ), #2504, 'distance_accuracy_value', 'NONE');
#4912 = ORIENTED_EDGE ( 'NONE', *, *, #2649, .T. ) ;
#4913 = DIRECTION ( 'NONE',  ( 1.000000000000000000, 6.866613759074861087E-16, 0.000000000000000000 ) ) ;
#4914 = CARTESIAN_POINT ( 'NONE',  ( -1.799999999999994493, 0.2000000000000000111, 1.400000000000005018 ) ) ;
#4915 = DIRECTION ( 'NONE',  ( -1.000000000000000000, 0.000000000000000000, 0.000000000000000000 ) ) ;
#4916 = CARTESIAN_POINT ( 'NONE',  ( -1.826794919243105664, 0.2999999999999987121, 3.062871137271550026E-15 ) ) ;
#4917 = CARTESIAN_POINT ( 'NONE',  ( 0.000000000000000000, 0.000000000000000000, 0.000000000000000000 ) ) ;
#4918 = CARTESIAN_POINT ( 'NONE',  ( 2.038021594828142824, 0.3000000000000010991, 0.1689803489365757638 ) ) ;
#4919 =( BOUNDED_SURFACE ( )  B_SPLINE_SURFACE ( 3, 3, ( 
 ( #2154, #4556, #2529, #2985 ),
 ( #4146, #2685, #1475, #2257 ),
 ( #647, #3012, #3436, #1805 ),
 ( #4715, #3411, #2207, #4688 ) ),
 .UNSPECIFIED., .F., .F., .F. ) 
 B_SPLINE_SURFACE_WITH_KNOTS ( ( 4, 4 ),
 ( 4, 4 ),
 ( 0.000000000000000000, 1.000000000000000000 ),
 ( 0.000000000000000000, 1.000000000000000000 ),
 .UNSPECIFIED. ) 
 GEOMETRIC_REPRESENTATION_ITEM ( )  RATIONAL_B_SPLINE_SURFACE ( (
 ( 1.000000000000000000, 0.3333333333333334259, 0.3333333333333334259, 1.000000000000000000),
 ( 0.3333333333333333703, 0.1111111111111111605, 0.1111111111111111605, 0.3333333333333333703),
 ( 0.3333333333333333703, 0.1111111111111111605, 0.1111111111111111605, 0.3333333333333333703),
 ( 1.000000000000000000, 0.3333333333333334259, 0.3333333333333334259, 1.000000000000000000) ) ) 
 REPRESENTATION_ITEM ( '' )  SURFACE ( )  );
#4920 = CARTESIAN_POINT ( 'NONE',  ( 0.8000000000000072609, 0.2000000000000021483, -1.999999999999998668 ) ) ;
#4921 = DIRECTION ( 'NONE',  ( 0.000000000000000000, -0.000000000000000000, -1.000000000000000000 ) ) ;
#4922 = DIRECTION ( 'NONE',  ( -1.000000000000000000, -7.228014483236697541E-16, 0.000000000000000000 ) ) ;
#4923 = PLANE ( 'NONE',  #1318 ) ;
#4924 = ORIENTED_EDGE ( 'NONE', *, *, #1008, .T. ) ;
#4925 = DIRECTION ( 'NONE',  ( -1.000000000000000000, -7.228014483236697541E-16, 0.000000000000000000 ) ) ;
#4926 = CARTESIAN_POINT ( 'NONE',  ( -1.199999999999994182, 0.2000000000000005662, 2.400000000000006128 ) ) ;
#4927 =( REPRESENTATION_RELATIONSHIP ('NONE','NONE', #2642, #2505 ) REPRESENTATION_RELATIONSHIP_WITH_TRANSFORMATION ( #2903 )SHAPE_REPRESENTATION_RELATIONSHIP( ) );
#4928 = PRESENTATION_STYLE_ASSIGNMENT (( #4870 ) ) ;
#4929 = CARTESIAN_POINT ( 'NONE',  ( 0.02005516862974959791, 0.3000000000000000444, 1.827959916847174071 ) ) ;
#4930 = ADVANCED_FACE ( 'NONE', ( #1203 ), #3977, .T. ) ;
#4931 = CARTESIAN_POINT ( 'NONE',  ( -0.8429754967149777345, 0.2999999999999991007, 2.075624820102686119 ) ) ;
#4932 = CARTESIAN_POINT ( 'NONE',  ( 0.8000000000000072609, 0.2000000000000021483, 1.000000000000003997 ) ) ;
#4933 = CARTESIAN_POINT ( 'NONE',  ( -1.173205080756883012, 0.2999999999999993228, 1.000000000000003997 ) ) ;
#4934 = ADVANCED_FACE ( 'NONE', ( #4836 ), #1656, .T. ) ;
#4935 = EDGE_LOOP ( 'NONE', ( #4444, #3873 ) ) ;
#4936 = FACE_BOUND ( 'NONE', #3481, .T. ) ;
#4937 = CARTESIAN_POINT ( 'NONE',  ( -0.1732050807568823181, 0.2999999999999998779, 1.000000000000003997 ) ) ;
#4938 = CARTESIAN_POINT ( 'NONE',  ( -2.136766436603459773, 0.2999999999999984901, 1.108031244861214848 ) ) ;
#4939 = CARTESIAN_POINT ( 'NONE',  ( -1.799999999999994271, 0.2000000000000000666, 1.000000000000003997 ) ) ;
#4940 = ORIENTED_EDGE ( 'NONE', *, *, #1097, .F. ) ;
#4941 = SHAPE_DEFINITION_REPRESENTATION ( #1162, #5066 ) ;
#4942 = CARTESIAN_POINT ( 'NONE',  ( 1.200000000000008393, 1.000000000000004663, 2.400000000000006573 ) ) ;
#4943 = PLANE ( 'NONE',  #911 ) ;
#4944 = CARTESIAN_POINT ( 'NONE',  ( 6.938893903907228378E-15, 0.2000000000000014266, 2.000000000000005329 ) ) ;
#4945 = VERTEX_POINT ( 'NONE', #1752 ) ;
#4946 = APPLICATION_CONTEXT ( 'automotive_design' ) ;
#4947 =( NAMED_UNIT ( * ) PLANE_ANGLE_UNIT ( ) SI_UNIT ( $, .RADIAN. ) );
#4948 = CARTESIAN_POINT ( 'NONE',  ( -0.7999999999999936051, -0.6000000000000010880, -0.5999999999999970912 ) ) ;
#4949 = CARTESIAN_POINT ( 'NONE',  ( 0.1482088036191590852, 0.2999999999992780664, 1.908294173700230578 ) ) ;
#4950 = AXIS2_PLACEMENT_3D ( 'NONE', #3809, #1357, #1666 ) ;
#4951 = CONTEXT_DEPENDENT_SHAPE_REPRESENTATION ( #1021, #2331 ) ;
#4952 = CARTESIAN_POINT ( 'NONE',  ( 2.200000000000007727, 0.2000000000000028977, 1.600000000000004086 ) ) ;
#4953 = CARTESIAN_POINT ( 'NONE',  ( 1.075870863958306334, 0.3000000000000007105, 0.8442963969517063294 ) ) ;
#4954 = UNCERTAINTY_MEASURE_WITH_UNIT (LENGTH_MEASURE( 1.000000000000000082E-05 ), #11, 'distance_accuracy_value', 'NONE');
#4955 = SURFACE_SIDE_STYLE ('',( #182 ) ) ;
#4956 = EDGE_CURVE ( 'NONE', #1927, #3980, #4860, .T. ) ;
#4957 = CARTESIAN_POINT ( 'NONE',  ( 2.075373536140205921, 0.2999999999999839462, 1.157145277043872156 ) ) ;
#4958 = UNCERTAINTY_MEASURE_WITH_UNIT (LENGTH_MEASURE( 1.000000000000000082E-05 ), #1958, 'distance_accuracy_value', 'NONE');
#4959 = EDGE_LOOP ( 'NONE', ( #3917, #711 ) ) ;
#4960 = UNCERTAINTY_MEASURE_WITH_UNIT (LENGTH_MEASURE( 1.000000000000000082E-05 ), #1128, 'distance_accuracy_value', 'NONE');
#4961 = AXIS2_PLACEMENT_3D ( 'NONE', #2100, #3693, #1624 ) ;
#4962 = LINE ( 'NONE', #2944, #2652 ) ;
#4963 = CARTESIAN_POINT ( 'NONE',  ( -1.826794919243105664, 0.2999999999999987121, 1.000000000000004219 ) ) ;
#4964 = CARTESIAN_POINT ( 'NONE',  ( 1.800000000000010258, 1.000000000000004885, -0.3999999999999978018 ) ) ;
#4965 = DIRECTION ( 'NONE',  ( 1.000000000000000000, 0.000000000000000000, 0.000000000000000000 ) ) ;
#4966 = ADVANCED_FACE ( 'NONE', ( #2098, #910 ), #1429, .T. ) ;
#4967 = CARTESIAN_POINT ( 'NONE',  ( -0.8526390944153756646, 0.2999999999999992673, -0.9069378081455711227 ) ) ;
#4968 =( GEOMETRIC_REPRESENTATION_CONTEXT ( 3 ) GLOBAL_UNCERTAINTY_ASSIGNED_CONTEXT ( ( #4531 ) ) GLOBAL_UNIT_ASSIGNED_CONTEXT ( ( #2497, #619, #5060 ) ) REPRESENTATION_CONTEXT ( 'NONE', 'WORKASPACE' ) );
#4969 = ORIENTED_EDGE ( 'NONE', *, *, #591, .F. ) ;
#4970 =( GEOMETRIC_REPRESENTATION_CONTEXT ( 3 ) GLOBAL_UNCERTAINTY_ASSIGNED_CONTEXT ( ( #377 ) ) GLOBAL_UNIT_ASSIGNED_CONTEXT ( ( #2692, #605, #4256 ) ) REPRESENTATION_CONTEXT ( 'NONE', 'WORKASPACE' ) );
#4971 = APPLICATION_PROTOCOL_DEFINITION ( 'draft international standard', 'automotive_design', 1998, #5015 ) ;
#4972 = CARTESIAN_POINT ( 'NONE',  ( -1.799999999999994715, 1.000000000000000888, -1.399999999999997913 ) ) ;
#4973 = CARTESIAN_POINT ( 'NONE',  ( -0.1565122485728415447, 0.2999999999992777333, -1.925811617845219370 ) ) ;
#4974 = CARTESIAN_POINT ( 'NONE',  ( -2.199999999999999734, 0.3999999999999981903, -3.749999999999999112 ) ) ;
#4975 = CARTESIAN_POINT ( 'NONE',  ( 2.200000000000007283, 1.000000000000005107, 2.400000000000006573 ) ) ;
#4976 =( GEOMETRIC_REPRESENTATION_CONTEXT ( 3 ) GLOBAL_UNCERTAINTY_ASSIGNED_CONTEXT ( ( #2136 ) ) GLOBAL_UNIT_ASSIGNED_CONTEXT ( ( #4778, #3575, #342 ) ) REPRESENTATION_CONTEXT ( 'NONE', 'WORKASPACE' ) );
#4977 = ORIENTED_EDGE ( 'NONE', *, *, #4207, .F. ) ;
#4978 = CARTESIAN_POINT ( 'NONE',  ( -1.799999999999994493, 0.1999999999999998446, 2.400000000000006128 ) ) ;
#4979 = AXIS2_PLACEMENT_3D ( 'NONE', #5026, #3796, #616 ) ;
#4980 = CARTESIAN_POINT ( 'NONE',  ( 0.02005516862974937933, 0.3000000000000000444, 0.8279599168471726278 ) ) ;
#4981 = CARTESIAN_POINT ( 'NONE',  ( -0.1999999999999935996, -0.6000000000000003109, 0.4000000000000039080 ) ) ;
#4982 = DIRECTION ( 'NONE',  ( -0.000000000000000000, 0.000000000000000000, 1.000000000000000000 ) ) ;
#4983 = CARTESIAN_POINT ( 'NONE',  ( -1.864749245098750841, 0.2999999999999987677, 2.108199969032552357 ) ) ;
#4984 = PRODUCT_DEFINITION_FORMATION_WITH_SPECIFIED_SOURCE ( 'ANY', '', #1503, .NOT_KNOWN. ) ;
#4985 = CARTESIAN_POINT ( 'NONE',  ( 1.943065483971899932, 0.3000000000000011546, -0.1647248279164781892 ) ) ;
#4986 = CARTESIAN_POINT ( 'NONE',  ( -1.123132694913675511, 0.2999999999999992117, 2.121812722830154652 ) ) ;
#4987 = CARTESIAN_POINT ( 'NONE',  ( 1.123132694913688834, 0.3000000000000009326, 0.8781872771698544522 ) ) ;
#4988 =( NAMED_UNIT ( * ) SI_UNIT ( $, .STERADIAN. ) SOLID_ANGLE_UNIT ( ) );
#4989 = CARTESIAN_POINT ( 'NONE',  ( -1.906702198569172557, 0.2999999999999984346, 1.852788151646539427 ) ) ;
#4990 = PRODUCT_DEFINITION ( 'UNKNOWN', '', #4557, #83 ) ;
#4991 = CARTESIAN_POINT ( 'NONE',  ( -1.157024503285009942, 0.2999999999999992117, 0.9243751798973220968 ) ) ;
#4992 = PLANE ( 'NONE',  #4627 ) ;
#4993 = DIRECTION ( 'NONE',  ( -6.930918406685709091E-16, 1.000000000000000000, -0.000000000000000000 ) ) ;
#4994 = SHAPE_REPRESENTATION_RELATIONSHIP ( 'NONE' , 'NONE' ,  #2468, #1520 ) ;
#4995 = DIRECTION ( 'NONE',  ( -1.000000000000000000, 0.000000000000000000, 0.000000000000000000 ) ) ;
#4996 = ADVANCED_FACE ( 'NONE', ( #63 ), #4943, .F. ) ;
#4997 = EDGE_LOOP ( 'NONE', ( #305, #1882 ) ) ;
#4998 = UNCERTAINTY_MEASURE_WITH_UNIT (LENGTH_MEASURE( 1.000000000000000082E-05 ), #2029, 'distance_accuracy_value', 'NONE');
#4999 = PRODUCT_CONTEXT ( 'NONE', #3175, 'mechanical' ) ;
#5000 = CARTESIAN_POINT ( 'NONE',  ( -1.799999999999994715, 0.2000000000000000389, -0.9999999999999980016 ) ) ;
#5001 = CARTESIAN_POINT ( 'NONE',  ( 0.1732050807568960293, 0.3000000000000001554, 3.062871137271550026E-15 ) ) ;
#5002 = CARTESIAN_POINT ( 'NONE',  ( 0.8000000000000072609, 0.2000000000000021483, 1.600000000000004086 ) ) ;
#5003 = CARTESIAN_POINT ( 'NONE',  ( -2.163441301275255135, 0.2999999999999984901, 0.9426681498863875852 ) ) ;
#5004 = ORIENTED_EDGE ( 'NONE', *, *, #2447, .T. ) ;
#5005 = CARTESIAN_POINT ( 'NONE',  ( -1.199999999999994182, 0.2000000000000007605, -0.3999999999999979683 ) ) ;
#5006 = CARTESIAN_POINT ( 'NONE',  ( 0.1648156935264812606, 0.2999999999992778443, 0.9433290619900707163 ) ) ;
#5007 = CARTESIAN_POINT ( 'NONE',  ( 1.800000000000010258, 0.2000000000000028422, 3.035766082959412415E-15 ) ) ;
#5008 = LINE ( 'NONE', #3726, #3192 ) ;
#5009 = LINE ( 'NONE', #3086, #1650 ) ;
#5010 = CARTESIAN_POINT ( 'NONE',  ( 2.123132694913692387, 0.3000000000000013767, -0.1218127228301463111 ) ) ;
#5011 = DIRECTION ( 'NONE',  ( -1.000000000000000000, 0.000000000000000000, 0.000000000000000000 ) ) ;
#5012 = CARTESIAN_POINT ( 'NONE',  ( -2.199999999999995293, 0.2000000000000005385, 1.000000000000003775 ) ) ;
#5013 = SURFACE_SIDE_STYLE ('',( #2882 ) ) ;
#5014 = CARTESIAN_POINT ( 'NONE',  ( -1.960689453118394265, 0.2999999999999986011, 1.830204567342532229 ) ) ;
#5015 = APPLICATION_CONTEXT ( 'automotive_design' ) ;
#5016 = CARTESIAN_POINT ( 'NONE',  ( -1.038021594828125949, 0.2999999999999992673, 0.8310196510634310085 ) ) ;
#5017 = CARTESIAN_POINT ( 'NONE',  ( 2.200000000000011280, 0.2000000000000028699, -1.999999999999998668 ) ) ;
#5018 = PLANE ( 'NONE',  #3940 ) ;
#5019 = CARTESIAN_POINT ( 'NONE',  ( -1.908188288108144892, 0.2999999999999810041, -0.8531306377780211170 ) ) ;
#5020 = CARTESIAN_POINT ( 'NONE',  ( -1.164815693526468410, 0.2999999999992771227, -0.9433290619900646101 ) ) ;
#5021 = PRODUCT_DEFINITION_SHAPE ( 'NONE', 'NONE',  #190 ) ;
#5022 = EDGE_LOOP ( 'NONE', ( #3941, #1448, #4624, #4852 ) ) ;
#5023 = PRODUCT_CONTEXT ( 'NONE', #5121, 'mechanical' ) ;
#5024 = CARTESIAN_POINT ( 'NONE',  ( 1.123140604217887084, 0.3000000000000008216, 0.1233377462106581834 ) ) ;
#5025 = CARTESIAN_POINT ( 'NONE',  ( -1.199999999999994404, 0.2000000000000007883, 1.000000000000003997 ) ) ;
#5026 = CARTESIAN_POINT ( 'NONE',  ( 6.938893903907228378E-15, 0.2000000000000014544, 3.035766082959412415E-15 ) ) ;
#5027 = ADVANCED_FACE ( 'NONE', ( #2523 ), #2433, .T. ) ;
#5028 = CARTESIAN_POINT ( 'NONE',  ( -1.876867305086313609, 0.2999999999999985456, 0.8781872771698546742 ) ) ;
#5029 =( REPRESENTATION_RELATIONSHIP ('NONE','NONE', #2642, #209 ) REPRESENTATION_RELATIONSHIP_WITH_TRANSFORMATION ( #1940 )SHAPE_REPRESENTATION_RELATIONSHIP( ) );
#5030 = ORIENTED_EDGE ( 'NONE', *, *, #4906, .F. ) ;
#5031 = CARTESIAN_POINT ( 'NONE',  ( -1.799999999999994937, 1.000000000000002665, 1.600000000000004752 ) ) ;
#5032 = CARTESIAN_POINT ( 'NONE',  ( -0.7999999999999936051, -0.6000000000000010880, -1.399999999999999245 ) ) ;
#5033 = CARTESIAN_POINT ( 'NONE',  ( -2.747466868912129479E-16, 0.4000000000000000222, 0.000000000000000000 ) ) ;
#5034 = EDGE_CURVE ( 'NONE', #2060, #3949, #2462, .T. ) ;
#5035 = CARTESIAN_POINT ( 'NONE',  ( 1.826794919243121651, 0.3000000000000014322, -0.9999999999999978906 ) ) ;
#5036 = PRODUCT_DEFINITION_SHAPE ( 'NONE', 'NONE',  #931 ) ;
#5037 = DIRECTION ( 'NONE',  ( -1.000000000000000000, -6.938893903907227392E-16, 0.000000000000000000 ) ) ;
#5038 = CARTESIAN_POINT ( 'NONE',  ( -0.8267949192431047756, 0.2999999999999991007, -1.980614230800184838 ) ) ;
#5039 = FACE_BOUND ( 'NONE', #4935, .T. ) ;
#5040 = CARTESIAN_POINT ( 'NONE',  ( -2.123140604217874206, 0.2999999999999987121, 1.876662253789350032 ) ) ;
#5041 = CLOSED_SHELL ( 'NONE', ( #2643, #1195, #386 ) ) ;
#5042 = CARTESIAN_POINT ( 'NONE',  ( -0.9999999999999940048, 0.2000000000000007327, -0.9999999999999978906 ) ) ;
#5043 = CLOSED_SHELL ( 'NONE', ( #1734, #4370, #264 ) ) ;
#5044 = CARTESIAN_POINT ( 'NONE',  ( 1.170209235682101001, 0.3000000000000007661, -0.03747831554357226869 ) ) ;
#5045 = DIRECTION ( 'NONE',  ( 0.000000000000000000, 0.000000000000000000, 1.000000000000000000 ) ) ;
#5046 = CARTESIAN_POINT ( 'NONE',  ( -2.093297801430817451, 0.2999999999999986566, -0.8527881516465322109 ) ) ;
#5047 = CARTESIAN_POINT ( 'NONE',  ( -1.173205080756883012, 0.2999999999999993228, -0.9999999999999978906 ) ) ;
#5048 = PRESENTATION_LAYER_ASSIGNMENT (  '', '', ( #1974 ) ) ;
#5049 = ORIENTED_EDGE ( 'NONE', *, *, #4956, .F. ) ;
#5050 = DIRECTION ( 'NONE',  ( 1.000000000000000000, 0.000000000000000000, 0.000000000000000000 ) ) ;
#5051 =( BOUNDED_SURFACE ( )  B_SPLINE_SURFACE ( 3, 3, ( 
 ( #4745, #3959, #334, #357 ),
 ( #1507, #3565, #1913, #2286 ),
 ( #4790, #5222, #3908, #3195 ),
 ( #3118, #1964, #1099, #2766 ) ),
 .UNSPECIFIED., .F., .F., .F. ) 
 B_SPLINE_SURFACE_WITH_KNOTS ( ( 4, 4 ),
 ( 4, 4 ),
 ( 0.000000000000000000, 1.000000000000000000 ),
 ( 0.000000000000000000, 1.000000000000000000 ),
 .UNSPECIFIED. ) 
 GEOMETRIC_REPRESENTATION_ITEM ( )  RATIONAL_B_SPLINE_SURFACE ( (
 ( 1.000000000000000000, 0.3333333333333334259, 0.3333333333333334259, 1.000000000000000000),
 ( 0.3333333333333333703, 0.1111111111111111605, 0.1111111111111111605, 0.3333333333333333703),
 ( 0.3333333333333333703, 0.1111111111111111605, 0.1111111111111111605, 0.3333333333333333703),
 ( 1.000000000000000000, 0.3333333333333334259, 0.3333333333333334259, 1.000000000000000000) ) ) 
 REPRESENTATION_ITEM ( '' )  SURFACE ( )  );
#5052 = CARTESIAN_POINT ( 'NONE',  ( 1.169858099265512097, 0.3000000000000007661, 0.03903888012455384443 ) ) ;
#5053 = CIRCLE ( 'NONE', #2240, 0.2000000000000005107 ) ;
#5054 = CARTESIAN_POINT ( 'NONE',  ( 0.09181171189185671766, 0.2999999999999823919, 0.1468693622219798267 ) ) ;
#5055 = CARTESIAN_POINT ( 'NONE',  ( 1.075373536140202591, 0.2999999999999828360, -1.842854722956130509 ) ) ;
#5056 = APPLICATION_CONTEXT ( 'automotive_design' ) ;
#5057 = MECHANICAL_DESIGN_GEOMETRIC_PRESENTATION_REPRESENTATION (  '', ( #2833 ), #3017 ) ;
#5058 = EDGE_LOOP ( 'NONE', ( #3896, #4052 ) ) ;
#5059 = PRODUCT_RELATED_PRODUCT_CATEGORY ( 'part', '', ( #2410 ) ) ;
#5060 =( NAMED_UNIT ( * ) SI_UNIT ( $, .STERADIAN. ) SOLID_ANGLE_UNIT ( ) );
#5061 = CARTESIAN_POINT ( 'NONE',  ( -0.7999999999999934941, 0.2000000000000007327, -0.9999999999999978906 ) ) ;
#5062 = CARTESIAN_POINT ( 'NONE',  ( -0.1999999999999935996, -0.6000000000000001998, -0.3999999999999979683 ) ) ;
#5063 = CARTESIAN_POINT ( 'NONE',  ( 1.908188288108160879, 0.2999999999999838352, 0.8531306377780271122 ) ) ;
#5064 = VECTOR ( 'NONE', #3045, 1000.000000000000000 ) ;
#5065 = CARTESIAN_POINT ( 'NONE',  ( 2.172246233469147025, 0.3000000000000013212, 1.981800135833064580 ) ) ;
#5066 = SHAPE_REPRESENTATION ( 'MT25QL256ABA8E12-1SIT TR_5', ( #1744 ), #3275 ) ;
#5067 = ORIENTED_EDGE ( 'NONE', *, *, #705, .T. ) ;
#5068 = AXIS2_PLACEMENT_3D ( 'NONE', #371, #2894, #4481 ) ;
#5069 = MECHANICAL_DESIGN_GEOMETRIC_PRESENTATION_REPRESENTATION (  '', ( #2084 ), #724 ) ;
#5070 = EDGE_CURVE ( 'NONE', #3425, #2926, #1668, .T. ) ;
#5071 = CONTEXT_DEPENDENT_SHAPE_REPRESENTATION ( #3824, #2368 ) ;
#5072 = CARTESIAN_POINT ( 'NONE',  ( 1.980891326371842620, 0.3000000000000011546, -0.1732358699566577953 ) ) ;
#5073 = PLANE ( 'NONE',  #3273 ) ;
#5074 = CARTESIAN_POINT ( 'NONE',  ( -1.156512248572842516, 0.2999999999992769006, -1.925811617845220036 ) ) ;
#5075 =( LENGTH_UNIT ( ) NAMED_UNIT ( * ) SI_UNIT ( .MILLI., .METRE. ) );
#5076 =( LENGTH_UNIT ( ) NAMED_UNIT ( * ) SI_UNIT ( .MILLI., .METRE. ) );
#5077 = PRODUCT_DEFINITION_FORMATION_WITH_SPECIFIED_SOURCE ( 'ANY', '', #3032, .NOT_KNOWN. ) ;
#5078 = CIRCLE ( 'NONE', #241, 0.2999999999999999334 ) ;
#5079 = PRODUCT_DEFINITION_CONTEXT ( 'detailed design', #607, 'design' ) ;
#5080 = ADVANCED_BREP_SHAPE_REPRESENTATION ( '', ( #2834, #1744 ), #2947 ) ;
#5081 = CARTESIAN_POINT ( 'NONE',  ( 1.835184306473532700, 0.2999999999992791211, 2.056670938009938610 ) ) ;
#5082 = CARTESIAN_POINT ( 'NONE',  ( 1.136766436603473096, 0.3000000000000005995, -0.1080312448612077980 ) ) ;
#5083 = DIRECTION ( 'NONE',  ( 0.000000000000000000, 0.000000000000000000, 1.000000000000000000 ) ) ;
#5084 = CARTESIAN_POINT ( 'NONE',  ( -1.852639094415376553, 0.2999999999999988787, -0.9069378081455710117 ) ) ;
#5085 = DIRECTION ( 'NONE',  ( -0.000000000000000000, 0.000000000000000000, 1.000000000000000000 ) ) ;
#5086 = VERTEX_POINT ( 'NONE', #4974 ) ;
#5087 = APPLICATION_PROTOCOL_DEFINITION ( 'draft international standard', 'automotive_design', 1998, #1561 ) ;
#5088 = CARTESIAN_POINT ( 'NONE',  ( -0.7999999999999933831, 0.2000000000000007605, 1.400000000000005018 ) ) ;
#5089 = CARTESIAN_POINT ( 'NONE',  ( 0.8768673050863260432, 0.3000000000000001554, -1.878187277169849789 ) ) ;
#5090 = ORIENTED_EDGE ( 'NONE', *, *, #1402, .F. ) ;
#5091 = CARTESIAN_POINT ( 'NONE',  ( 2.039310546881611508, 0.3000000000000014322, -1.169795432657470879 ) ) ;
#5092 = SURFACE_SIDE_STYLE ('',( #3464 ) ) ;
#5093 = CARTESIAN_POINT ( 'NONE',  ( -2.019108673628163153, 0.2999999999999984346, -0.1732358699566578231 ) ) ;
#5094 = CARTESIAN_POINT ( 'NONE',  ( 1.876859395782127793, 0.3000000000000012101, 1.876662253789350254 ) ) ;
#5095 = CARTESIAN_POINT ( 'NONE',  ( -0.8351843064735197109, 0.2999999999992774558, 0.9433290619900707163 ) ) ;
#5096 = EDGE_LOOP ( 'NONE', ( #1872, #4108 ) ) ;
#5097 = CONTEXT_DEPENDENT_SHAPE_REPRESENTATION ( #3877, #2760 ) ;
#5098 =( NAMED_UNIT ( * ) SI_UNIT ( $, .STERADIAN. ) SOLID_ANGLE_UNIT ( ) );
#5099 = CARTESIAN_POINT ( 'NONE',  ( -2.075373536140189934, 0.2999999999999811151, -1.157145277043865716 ) ) ;
#5100 = CARTESIAN_POINT ( 'NONE',  ( -1.173205080756883012, 0.2999999999999993228, -1.993924965077225053 ) ) ;
#5101 = CARTESIAN_POINT ( 'NONE',  ( -1.799999999999994271, 0.2000000000000000666, 3.011273146976464912E-15 ) ) ;
#5102 =( BOUNDED_SURFACE ( )  B_SPLINE_SURFACE ( 3, 3, ( 
 ( #4181, #554, #1482, #4210 ),
 ( #631, #3810, #2563, #2242 ),
 ( #2214, #4699, #5104, #3866 ),
 ( #2638, #5017, #185, #1789 ) ),
 .UNSPECIFIED., .F., .F., .F. ) 
 B_SPLINE_SURFACE_WITH_KNOTS ( ( 4, 4 ),
 ( 4, 4 ),
 ( 0.000000000000000000, 1.000000000000000000 ),
 ( 0.000000000000000000, 1.000000000000000000 ),
 .UNSPECIFIED. ) 
 GEOMETRIC_REPRESENTATION_ITEM ( )  RATIONAL_B_SPLINE_SURFACE ( (
 ( 1.000000000000000000, 0.3333333333333335369, 0.3333333333333335369, 1.000000000000000000),
 ( 0.3333333333333333703, 0.1111111111111111882, 0.1111111111111111882, 0.3333333333333333703),
 ( 0.3333333333333333703, 0.1111111111111111882, 0.1111111111111111882, 0.3333333333333333703),
 ( 1.000000000000000000, 0.3333333333333335369, 0.3333333333333335369, 1.000000000000000000) ) ) 
 REPRESENTATION_ITEM ( '' )  SURFACE ( )  );
#5103 = ADVANCED_FACE ( 'NONE', ( #2065 ), #2956, .T. ) ;
#5104 = CARTESIAN_POINT ( 'NONE',  ( 2.200000000000011280, 1.000000000000005551, -2.400000000000000355 ) ) ;
#5105 = CARTESIAN_POINT ( 'NONE',  ( 2.173205080756896113, 0.3000000000000012101, 2.000000000000005329 ) ) ;
#5106 = CARTESIAN_POINT ( 'NONE',  ( -1.826794919243105664, 0.2999999999999984901, -0.9999999999999976685 ) ) ;
#5107 = CARTESIAN_POINT ( 'NONE',  ( 0.8000000000000072609, -0.5999999999999999778, -0.5999999999999970912 ) ) ;
#5108 = EDGE_CURVE ( 'NONE', #3980, #4251, #2898, .T. ) ;
#5109 = EDGE_LOOP ( 'NONE', ( #2304, #4474 ) ) ;
#5110 = PRODUCT_CONTEXT ( 'NONE', #3323, 'mechanical' ) ;
#5111 = CARTESIAN_POINT ( 'NONE',  ( -0.1732050807568822903, 0.3000000000000000444, 2.000000000000005329 ) ) ;
#5112 = CARTESIAN_POINT ( 'NONE',  ( 0.8000000000000072609, 0.2000000000000021205, 2.000000000000005329 ) ) ;
#5113 = VERTEX_POINT ( 'NONE', #4449 ) ;
#5114 = CARTESIAN_POINT ( 'NONE',  ( -0.1231406042178726373, 0.2999999999999994893, -2.123337746210653965 ) ) ;
#5115 = CARTESIAN_POINT ( 'NONE',  ( 2.123132694913691942, 0.3000000000000011546, -1.121812722830147546 ) ) ;
#5116 = FILL_AREA_STYLE_COLOUR ( '', #4096 ) ;
#5117 = DIRECTION ( 'NONE',  ( 6.899468370362298344E-16, -1.000000000000000000, 0.000000000000000000 ) ) ;
#5118 = CARTESIAN_POINT ( 'NONE',  ( 2.148208803619159113, 0.2999999999992794542, 1.908294173700230578 ) ) ;
#5119 = VERTEX_POINT ( 'NONE', #4630 ) ;
#5120 = CARTESIAN_POINT ( 'NONE',  ( -0.8647492450987502854, 0.2999999999999998224, -1.891800030967451640 ) ) ;
#5121 = APPLICATION_CONTEXT ( 'automotive_design' ) ;
#5122 = SHAPE_REPRESENTATION_RELATIONSHIP ( 'NONE' , 'NONE' ,  #3289, #3667 ) ;
#5123 = PRODUCT_DEFINITION_CONTEXT ( 'detailed design', #336, 'design' ) ;
#5124 = DIRECTION ( 'NONE',  ( -1.000000000000000000, 0.000000000000000000, 0.000000000000000000 ) ) ;
#5125 = EDGE_CURVE ( 'NONE', #324, #637, #2849, .T. ) ;
#5126 = CARTESIAN_POINT ( 'NONE',  ( 1.173205080756897001, 0.3000000000000009881, -0.9999999999999976685 ) ) ;
#5127 = CARTESIAN_POINT ( 'NONE',  ( 1.200000000000008393, 0.2000000000000021483, 1.000000000000003997 ) ) ;
#5128 = CARTESIAN_POINT ( 'NONE',  ( 0.8267949192431185423, 0.3000000000000004885, 3.062871137271550026E-15 ) ) ;
#5129 = PRESENTATION_LAYER_ASSIGNMENT (  '', '', ( #2148 ) ) ;
#5130 = ORIENTED_EDGE ( 'NONE', *, *, #1871, .T. ) ;
#5131 = EDGE_CURVE ( 'NONE', #2032, #3455, #1282, .T. ) ;
#5132 = CARTESIAN_POINT ( 'NONE',  ( 0.2000000000000074774, 0.2000000000000013989, -0.9999999999999978906 ) ) ;
#5133 = CARTESIAN_POINT ( 'NONE',  ( 0.8000000000000072609, 0.2000000000000021483, 3.035766082959412415E-15 ) ) ;
#5134 = CARTESIAN_POINT ( 'NONE',  ( 0.2000000000000074496, 0.2000000000000014544, 2.000000000000005329 ) ) ;
#5135 = AXIS2_PLACEMENT_3D ( 'NONE', #88, #4024, #4479 ) ;
#5136 = VERTEX_POINT ( 'NONE', #593 ) ;
#5137 = CIRCLE ( 'NONE', #134, 0.2000000000000005107 ) ;
#5138 = CARTESIAN_POINT ( 'NONE',  ( -0.1732050807568822903, 0.3000000000000000444, -2.019385769199812497 ) ) ;
#5139 = CARTESIAN_POINT ( 'NONE',  ( 1.908188288108161101, 0.2999999999999835021, -1.146869362221974553 ) ) ;
#5140 = CARTESIAN_POINT ( 'NONE',  ( -2.163441301275255135, 0.2999999999999984901, -0.05733185011361308786 ) ) ;
#5141 = CARTESIAN_POINT ( 'NONE',  ( 0.2000000000000074218, -0.6000000000000004219, 0.6000000000000029754 ) ) ;
#5142 = VECTOR ( 'NONE', #1911, 1000.000000000000000 ) ;
#5143 = CARTESIAN_POINT ( 'NONE',  ( -0.9067021985691715580, 0.2999999999999991562, 0.8527881516465383172 ) ) ;
#5144 = ORIENTED_EDGE ( 'NONE', *, *, #675, .F. ) ;
#5145 = CIRCLE ( 'NONE', #1657, 0.2000000000000005107 ) ;
#5146 = CARTESIAN_POINT ( 'NONE',  ( -2.091811711891844894, 0.2999999999999811151, -1.146869362221974331 ) ) ;
#5147 = DIRECTION ( 'NONE',  ( -6.938893903907227392E-16, 1.000000000000000000, -0.000000000000000000 ) ) ;
#5148 = SHAPE_REPRESENTATION_RELATIONSHIP ( 'NONE' , 'NONE' ,  #2871, #1460 ) ;
#5149 = B_SPLINE_CURVE_WITH_KNOTS ( 'NONE', 3,
 ( #276, #4665, #3465, #5140, #4638, #3041, #4275, #3507, #3113, #2604, #1016, #2628, #4224, #5093, #1452, #3065, #2654, #4761, #407, #693, #6, #2404, #3187, #5216, #715, #1180, #1623, #1524, #4032, #1984, #4813 ),
 .UNSPECIFIED., .F., .F.,
 ( 4, 3, 3, 3, 3, 3, 3, 3, 3, 3, 4 ),
 ( 0.000000000000000000, 5.815730759944123113E-05, 0.0001163146151988824216, 0.0001744719227982758259, 0.0002326292303977651685, 0.0002907865379972060472, 0.0003489438455966474410, 0.0004071011531960886179, 0.0004652584607957847992, 0.0005234157683949711886, 0.0005414071114497590780 ),
 .UNSPECIFIED. ) ;
#5150 = PRESENTATION_LAYER_ASSIGNMENT (  '', '', ( #2169 ) ) ;
#5151 = CARTESIAN_POINT ( 'NONE',  ( 1.173205080756897001, 0.3000000000000009881, -0.9999999999999976685 ) ) ;
#5152 = PRODUCT_DEFINITION_SHAPE ( 'NONE', 'NONE',  #5251 ) ;
#5153 = CARTESIAN_POINT ( 'NONE',  ( 1.164815693526481954, 0.2999999999992788435, -1.056670938009931282 ) ) ;
#5154 = CARTESIAN_POINT ( 'NONE',  ( 1.000000000000000666, 0.3000000000000006550, 2.000000000000001332 ) ) ;
#5155 = CARTESIAN_POINT ( 'NONE',  ( -0.7999999999999933831, 0.2000000000000007605, -1.599999999999997424 ) ) ;
#5156 = DIRECTION ( 'NONE',  ( -3.388131789017200370E-16, 1.000000000000000000, -3.388131789017200370E-16 ) ) ;
#5157 = PRODUCT_DEFINITION_FORMATION_WITH_SPECIFIED_SOURCE ( 'ANY', '', #3189, .NOT_KNOWN. ) ;
#5158 = ORIENTED_EDGE ( 'NONE', *, *, #2004, .F. ) ;
#5159 = CARTESIAN_POINT ( 'NONE',  ( 1.200000000000008393, 0.2000000000000021205, -0.9999999999999978906 ) ) ;
#5160 = CARTESIAN_POINT ( 'NONE',  ( 1.852639094415392540, 0.3000000000000017653, -2.093062191854425436 ) ) ;
#5161 = CARTESIAN_POINT ( 'NONE',  ( 0.2000000000000074496, 0.2000000000000014544, 2.000000000000005329 ) ) ;
#5162 = ADVANCED_FACE ( 'NONE', ( #641 ), #4318, .T. ) ;
#5163 = VERTEX_POINT ( 'NONE', #1420 ) ;
#5164 = CARTESIAN_POINT ( 'NONE',  ( 0.2000000000000074774, 0.2000000000000013989, 2.000000000000005329 ) ) ;
#5165 = CARTESIAN_POINT ( 'NONE',  ( 2.173205080756900109, 0.3000000000000016542, -0.9999999999999976685 ) ) ;
#5166 = SURFACE_SIDE_STYLE ('',( #3134 ) ) ;
#5167 = CARTESIAN_POINT ( 'NONE',  ( 0.02005516862974942444, 0.3000000000000000444, -1.172040083152829038 ) ) ;
#5168 = DIRECTION ( 'NONE',  ( -1.000000000000000000, 0.000000000000000000, 0.000000000000000000 ) ) ;
#5169 = VERTEX_POINT ( 'NONE', #3037 ) ;
#5170 = PRESENTATION_STYLE_ASSIGNMENT (( #3487 ) ) ;
#5171 = CARTESIAN_POINT ( 'NONE',  ( -1.799999999999994271, 0.2000000000000000666, 2.000000000000005329 ) ) ;
#5172 = CARTESIAN_POINT ( 'NONE',  ( 0.8434877514271591492, 0.2999999999992783994, 1.074188382154783294 ) ) ;
#5173 = SURFACE_STYLE_FILL_AREA ( #3960 ) ;
#5174 = SHAPE_REPRESENTATION_RELATIONSHIP ( 'NONE' , 'NONE' ,  #2505, #3354 ) ;
#5175 = CARTESIAN_POINT ( 'NONE',  ( 1.163441301275268014, 0.3000000000000004885, -0.9426681498863818121 ) ) ;
#5176 = CARTESIAN_POINT ( 'NONE',  ( 0.2000000000000074496, 0.2000000000000014821, 1.000000000000003775 ) ) ;
#5177 = CARTESIAN_POINT ( 'NONE',  ( -1.108249887643472542, 0.2999999999999817257, -1.136593447400099821 ) ) ;
#5178 =( LENGTH_UNIT ( ) NAMED_UNIT ( * ) SI_UNIT ( .MILLI., .METRE. ) );
#5179 = CARTESIAN_POINT ( 'NONE',  ( -1.123132694913675289, 0.2999999999999991007, 1.121812722830153319 ) ) ;
#5180 = CARTESIAN_POINT ( 'NONE',  ( 0.8000000000000072609, -0.5999999999999998668, -1.399999999999999245 ) ) ;
#5181 = ORIENTED_EDGE ( 'NONE', *, *, #2813, .F. ) ;
#5182 = DIRECTION ( 'NONE',  ( 6.866613759074861087E-16, -1.000000000000000000, 0.000000000000000000 ) ) ;
#5183 = CARTESIAN_POINT ( 'NONE',  ( 0.000000000000000000, 0.000000000000000000, 0.000000000000000000 ) ) ;
#5184 = ORIENTED_EDGE ( 'NONE', *, *, #3202, .T. ) ;
#5185 = APPLICATION_CONTEXT ( 'automotive_design' ) ;
#5186 = UNCERTAINTY_MEASURE_WITH_UNIT (LENGTH_MEASURE( 1.000000000000000082E-05 ), #2808, 'distance_accuracy_value', 'NONE');
#5187 = CARTESIAN_POINT ( 'NONE',  ( -0.1999999999999935996, 0.2000000000000013434, 2.400000000000006128 ) ) ;
#5188 = CARTESIAN_POINT ( 'NONE',  ( -0.8517911963808421083, 0.2999999999992772337, 1.908294173700230356 ) ) ;
#5189 =( NAMED_UNIT ( * ) PLANE_ANGLE_UNIT ( ) SI_UNIT ( $, .RADIAN. ) );
#5190 = DIRECTION ( 'NONE',  ( 1.000000000000000000, 6.899468370362298344E-16, 0.000000000000000000 ) ) ;
#5191 = CARTESIAN_POINT ( 'NONE',  ( -0.1999999999999935996, 0.2000000000000015654, -1.599999999999997424 ) ) ;
#5192 = PRODUCT_DEFINITION_SHAPE ( 'NONE', 'NONE',  #5261 ) ;
#5193 = ORIENTED_EDGE ( 'NONE', *, *, #3138, .F. ) ;
#5194 = ADVANCED_FACE ( 'NONE', ( #2623, #1470 ), #4873, .T. ) ;
#5195 = CARTESIAN_POINT ( 'NONE',  ( -2.108249887643473652, 0.2999999999999811151, -1.136593447400099599 ) ) ;
#5196 = CARTESIAN_POINT ( 'NONE',  ( 1.163441301275268014, 0.3000000000000007661, 1.057331850113619742 ) ) ;
#5197 = CARTESIAN_POINT ( 'NONE',  ( 2.169858099265515428, 0.3000000000000010991, -1.960961119875448411 ) ) ;
#5198 = SHAPE_REPRESENTATION_RELATIONSHIP ( 'NONE' , 'NONE' ,  #3057, #5080 ) ;
#5199 = SHAPE_REPRESENTATION ( 'MT25QL256ABA8E12-1SIT TR_16', ( #1744 ), #4366 ) ;
#5200 = APPLICATION_PROTOCOL_DEFINITION ( 'draft international standard', 'automotive_design', 1998, #3049 ) ;
#5201 = CARTESIAN_POINT ( 'NONE',  ( -0.7999999999999934941, 0.2000000000000007605, 2.000000000000005329 ) ) ;
#5202 = CARTESIAN_POINT ( 'NONE',  ( 2.999999999999999112, 1.200000000000001066, -4.000000000000000000 ) ) ;
#5203 = CARTESIAN_POINT ( 'NONE',  ( -0.8905010467760307025, 0.2999999999999994893, -1.135594200799018960 ) ) ;
#5204 = CARTESIAN_POINT ( 'NONE',  ( -1.199999999999994404, -0.6000000000000010880, -1.599999999999997646 ) ) ;
#5205 = CARTESIAN_POINT ( 'NONE',  ( -1.891750112356516800, 0.2999999999999810041, 2.136593447400107593 ) ) ;
#5206 = DIRECTION ( 'NONE',  ( -1.000000000000000000, -6.866613759074861087E-16, -0.000000000000000000 ) ) ;
#5207 = FACE_OUTER_BOUND ( 'NONE', #4788, .T. ) ;
#5208 = SHAPE_REPRESENTATION_RELATIONSHIP ( 'NONE' , 'NONE' ,  #4135, #4563 ) ;
#5209 = CARTESIAN_POINT ( 'NONE',  ( -2.400000000000001243, 1.099999999999998090, -3.399999999999999467 ) ) ;
#5210 = COLOUR_RGB ( '',0.7921568627450980005, 0.8196078431372548767, 0.9333333333333333481 ) ;
#5211 = EDGE_LOOP ( 'NONE', ( #4940, #1415 ) ) ;
#5212 = DIRECTION ( 'NONE',  ( 0.000000000000000000, 0.000000000000000000, 1.000000000000000000 ) ) ;
#5213 = CARTESIAN_POINT ( 'NONE',  ( 0.1728845796996424655, 0.3000000000000001554, -2.012158460074931376 ) ) ;
#5214 = CARTESIAN_POINT ( 'NONE',  ( -2.100000000000000089, 0.2514718625761416804, -3.399999999999999467 ) ) ;
#5215 = SURFACE_STYLE_USAGE ( .BOTH. , #5166 ) ;
#5216 = CARTESIAN_POINT ( 'NONE',  ( -1.851791196380842885, 0.2999999999992766231, -0.09170582629977196143 ) ) ;
#5217 = CARTESIAN_POINT ( 'NONE',  ( -0.1999999999999935718, 0.2000000000000014544, -1.999999999999998668 ) ) ;
#5218 = PRODUCT_RELATED_PRODUCT_CATEGORY ( 'part', '', ( #3189 ) ) ;
#5219 = AXIS2_PLACEMENT_3D ( 'NONE', #2183, #2629, #178 ) ;
#5220 = ORIENTED_EDGE ( 'NONE', *, *, #3231, .F. ) ;
#5221 = CARTESIAN_POINT ( 'NONE',  ( -1.199999999999994627, 1.000000000000003331, 1.600000000000004752 ) ) ;
#5222 = CARTESIAN_POINT ( 'NONE',  ( 1.200000000000008171, -0.5999999999999996447, -0.3999999999999979683 ) ) ;
#5223 = CARTESIAN_POINT ( 'NONE',  ( 1.827115420300374993, 0.3000000000000011546, -1.987841539925066625 ) ) ;
#5224 = MECHANICAL_DESIGN_GEOMETRIC_PRESENTATION_REPRESENTATION (  '', ( #717 ), #384 ) ;
#5225 = APPLICATION_CONTEXT ( 'automotive_design' ) ;
#5226 = EDGE_CURVE ( 'NONE', #2016, #58, #2322, .T. ) ;
#5227 = AXIS2_PLACEMENT_3D ( 'NONE', #2168, #4595, #1410 ) ;
#5228 = SHAPE_DEFINITION_REPRESENTATION ( #4452, #1562 ) ;
#5229 = CARTESIAN_POINT ( 'NONE',  ( 0.9241291360417090983, 0.3000000000000004885, -0.8442963969517002232 ) ) ;
#5230 = CARTESIAN_POINT ( 'NONE',  ( 1.173205080756897001, 0.3000000000000009881, -1.006075034922771616 ) ) ;
#5231 = CARTESIAN_POINT ( 'NONE',  ( -0.9415560735142189941, 0.2999999999999993783, -1.164195357743127213 ) ) ;
#5232 = CARTESIAN_POINT ( 'NONE',  ( -1.199999999999994404, 0.2000000000000007605, -1.999999999999998668 ) ) ;
#5233 = CARTESIAN_POINT ( 'NONE',  ( -0.9246264638597990748, 0.2999999999999818368, 0.1571452770438710178 ) ) ;
#5234 = SHAPE_REPRESENTATION ( 'MT25QL256ABA8E12-1SIT TR_14', ( #1744 ), #3774 ) ;
#5235 = ORIENTED_EDGE ( 'NONE', *, *, #5125, .F. ) ;
#5236 = AXIS2_PLACEMENT_3D ( 'NONE', #3351, #460, #2037 ) ;
#5237 = FILL_AREA_STYLE_COLOUR ( '', #1901 ) ;
#5238 = CARTESIAN_POINT ( 'NONE',  ( 2.136766436603476205, 0.3000000000000013767, -2.108031244861209519 ) ) ;
#5239 = CARTESIAN_POINT ( 'NONE',  ( -1.836558698724734651, 0.2999999999999986011, 0.05733185011361918715 ) ) ;
#5240 = NEXT_ASSEMBLY_USAGE_OCCURRENCE ( 'NAUO1', ' ', ' ', #190, #931, $ ) ;
#5241 = NEXT_ASSEMBLY_USAGE_OCCURRENCE ( 'NAUO2', ' ', ' ', #190, #4523, $ ) ;
#5242 = NEXT_ASSEMBLY_USAGE_OCCURRENCE ( 'NAUO3', ' ', ' ', #190, #4199, $ ) ;
#5243 = NEXT_ASSEMBLY_USAGE_OCCURRENCE ( 'NAUO4', ' ', ' ', #190, #1765, $ ) ;
#5244 = NEXT_ASSEMBLY_USAGE_OCCURRENCE ( 'NAUO5', ' ', ' ', #190, #4600, $ ) ;
#5245 = NEXT_ASSEMBLY_USAGE_OCCURRENCE ( 'NAUO6', ' ', ' ', #190, #4990, $ ) ;
#5246 = NEXT_ASSEMBLY_USAGE_OCCURRENCE ( 'NAUO7', ' ', ' ', #190, #2219, $ ) ;
#5247 = NEXT_ASSEMBLY_USAGE_OCCURRENCE ( 'NAUO8', ' ', ' ', #190, #1221, $ ) ;
#5248 = NEXT_ASSEMBLY_USAGE_OCCURRENCE ( 'NAUO9', ' ', ' ', #190, #727, $ ) ;
#5249 = NEXT_ASSEMBLY_USAGE_OCCURRENCE ( 'NAUO10', ' ', ' ', #190, #1673, $ ) ;
#5250 = NEXT_ASSEMBLY_USAGE_OCCURRENCE ( 'NAUO11', ' ', ' ', #190, #4493, $ ) ;
#5251 = NEXT_ASSEMBLY_USAGE_OCCURRENCE ( 'NAUO12', ' ', ' ', #190, #3554, $ ) ;
#5252 = NEXT_ASSEMBLY_USAGE_OCCURRENCE ( 'NAUO13', ' ', ' ', #190, #3098, $ ) ;
#5253 = NEXT_ASSEMBLY_USAGE_OCCURRENCE ( 'NAUO14', ' ', ' ', #190, #2156, $ ) ;
#5254 = NEXT_ASSEMBLY_USAGE_OCCURRENCE ( 'NAUO15', ' ', ' ', #190, #4263, $ ) ;
#5255 = NEXT_ASSEMBLY_USAGE_OCCURRENCE ( 'NAUO16', ' ', ' ', #190, #3935, $ ) ;
#5256 = NEXT_ASSEMBLY_USAGE_OCCURRENCE ( 'NAUO17', ' ', ' ', #190, #2440, $ ) ;
#5257 = NEXT_ASSEMBLY_USAGE_OCCURRENCE ( 'NAUO18', ' ', ' ', #190, #4325, $ ) ;
#5258 = NEXT_ASSEMBLY_USAGE_OCCURRENCE ( 'NAUO19', ' ', ' ', #190, #3879, $ ) ;
#5259 = NEXT_ASSEMBLY_USAGE_OCCURRENCE ( 'NAUO20', ' ', ' ', #190, #3491, $ ) ;
#5260 = NEXT_ASSEMBLY_USAGE_OCCURRENCE ( 'NAUO21', ' ', ' ', #190, #125, $ ) ;
#5261 = NEXT_ASSEMBLY_USAGE_OCCURRENCE ( 'NAUO22', ' ', ' ', #190, #4892, $ ) ;
#5262 = NEXT_ASSEMBLY_USAGE_OCCURRENCE ( 'NAUO23', ' ', ' ', #190, #2772, $ ) ;
#5263 = NEXT_ASSEMBLY_USAGE_OCCURRENCE ( 'NAUO24', ' ', ' ', #190, #827, $ ) ;
#5264 = NEXT_ASSEMBLY_USAGE_OCCURRENCE ( 'NAUO25', ' ', ' ', #190, #1291, $ ) ;
#5265 = NEXT_ASSEMBLY_USAGE_OCCURRENCE ( 'NAUO26', ' ', ' ', #190, #4734, $ ) ;
#5266 = NEXT_ASSEMBLY_USAGE_OCCURRENCE ( 'NAUO27', ' ', ' ', #190, #959, $ ) ;
ENDSEC;
END-ISO-10303-21;
