ISO-10303-21;
HEADER;
FILE_DESCRIPTION (( 'STEP AP214' ),
    '1' );
FILE_NAME ('19F762F3-FD1C-4749-B9E3-C3E012E17E1B.STEP',
    '2026-09-03T07:00:41',
    ( '' ),
    ( '' ),
    'SwSTEP 2.0',
    'SolidWorks 2022',
    '' );
FILE_SCHEMA (( 'AUTOMOTIVE_DESIGN' ));
ENDSEC;

DATA;
#1 = CARTESIAN_POINT ( 'NONE',  ( 1.000000000000000000, 0.5999999999999999778, 0.02999999999999997113 ) ) ;
#2 = PLANE ( 'NONE',  #1351 ) ;
#3 = AXIS2_PLACEMENT_3D ( 'NONE', #819, #707, #387 ) ;
#4 = VERTEX_POINT ( 'NONE', #879 ) ;
#5 = PRESENTATION_STYLE_ASSIGNMENT (( #160 ) ) ;
#6 = PRODUCT_DEFINITION_CONTEXT ( 'detailed design', #264, 'design' ) ;
#7 = AXIS2_PLACEMENT_3D ( 'NONE', #701, #261, #1846 ) ;
#8 = EDGE_CURVE ( 'NONE', #814, #1151, #1229, .T. ) ;
#9 =( NAMED_UNIT ( * ) SI_UNIT ( $, .STERADIAN. ) SOLID_ANGLE_UNIT ( ) );
#10 =( NAMED_UNIT ( * ) SI_UNIT ( $, .STERADIAN. ) SOLID_ANGLE_UNIT ( ) );
#11 = MECHANICAL_DESIGN_GEOMETRIC_PRESENTATION_REPRESENTATION (  '', ( #919 ), #1409 ) ;
#12 =( LENGTH_UNIT ( ) NAMED_UNIT ( * ) SI_UNIT ( .MILLI., .METRE. ) );
#13 = ORIENTED_EDGE ( 'NONE', *, *, #1650, .F. ) ;
#14 = CARTESIAN_POINT ( 'NONE',  ( 0.9700000000000003064, -0.5999999999999998668, 0.9499999999999999556 ) ) ;
#15 = AXIS2_PLACEMENT_3D ( 'NONE', #675, #201, #1819 ) ;
#16 = FILL_AREA_STYLE_COLOUR ( '', #236 ) ;
#17 =( NAMED_UNIT ( * ) PLANE_ANGLE_UNIT ( ) SI_UNIT ( $, .RADIAN. ) );
#18 = COLOUR_RGB ( '',0.7529411764705882248, 0.7529411764705882248, 0.7529411764705882248 ) ;
#19 = FILL_AREA_STYLE ('',( #1171 ) ) ;
#20 = EDGE_CURVE ( 'NONE', #1692, #1610, #1232, .T. ) ;
#21 =( GEOMETRIC_REPRESENTATION_CONTEXT ( 3 ) GLOBAL_UNCERTAINTY_ASSIGNED_CONTEXT ( ( #242 ) ) GLOBAL_UNIT_ASSIGNED_CONTEXT ( ( #1132, #246, #800 ) ) REPRESENTATION_CONTEXT ( 'NONE', 'WORKASPACE' ) );
#22 = FILL_AREA_STYLE ('',( #1640 ) ) ;
#23 = UNCERTAINTY_MEASURE_WITH_UNIT (LENGTH_MEASURE( 1.000000000000000082E-05 ), #141, 'distance_accuracy_value', 'NONE');
#24 = MECHANICAL_DESIGN_GEOMETRIC_PRESENTATION_REPRESENTATION (  '', ( #610 ), #225 ) ;
#25 = FILL_AREA_STYLE_COLOUR ( '', #1730 ) ;
#26 = SURFACE_STYLE_USAGE ( .BOTH. , #1338 ) ;
#27 = CARTESIAN_POINT ( 'NONE',  ( -0.9999999999999997780, -0.5699999999999999512, 0.9200000000000000400 ) ) ;
#28 = FILL_AREA_STYLE ('',( #1486 ) ) ;
#29 = ADVANCED_FACE ( 'NONE', ( #528 ), #378, .T. ) ;
#30 = VERTEX_POINT ( 'NONE', #253 ) ;
#31 = EDGE_LOOP ( 'NONE', ( #799, #1567, #866, #965 ) ) ;
#32 =( NAMED_UNIT ( * ) PLANE_ANGLE_UNIT ( ) SI_UNIT ( $, .RADIAN. ) );
#33 = CARTESIAN_POINT ( 'NONE',  ( -0.5000000000000000000, -0.5699999999999999512, 0.06999999999999996503 ) ) ;
#34 = CARTESIAN_POINT ( 'NONE',  ( -0.5000000000000000000, 0.5299999999999999156, 0.9200000000000000400 ) ) ;
#35 = VECTOR ( 'NONE', #1810, 1000.000000000000000 ) ;
#36 = ORIENTED_EDGE ( 'NONE', *, *, #1038, .F. ) ;
#37 = AXIS2_PLACEMENT_3D ( 'NONE', #1088, #1372, #1406 ) ;
#38 = ADVANCED_FACE ( 'NONE', ( #841, #871 ), #1456, .F. ) ;
#39 =( GEOMETRIC_REPRESENTATION_CONTEXT ( 3 ) GLOBAL_UNCERTAINTY_ASSIGNED_CONTEXT ( ( #601 ) ) GLOBAL_UNIT_ASSIGNED_CONTEXT ( ( #111, #1573, #250 ) ) REPRESENTATION_CONTEXT ( 'NONE', 'WORKASPACE' ) );
#40 = CARTESIAN_POINT ( 'NONE',  ( -1.000000000000000000, 0.5999999999999999778, 0.9499999999999999556 ) ) ;
#41 = CYLINDRICAL_SURFACE ( 'NONE', #214, 0.03999999999999999389 ) ;
#42 =( NAMED_UNIT ( * ) SI_UNIT ( $, .STERADIAN. ) SOLID_ANGLE_UNIT ( ) );
#43 = SURFACE_SIDE_STYLE ('',( #933 ) ) ;
#44 = VERTEX_POINT ( 'NONE', #113 ) ;
#45 = PRESENTATION_LAYER_ASSIGNMENT (  '', '', ( #200 ) ) ;
#46 = EDGE_CURVE ( 'NONE', #725, #1869, #586, .T. ) ;
#47 = PRODUCT ( '19F762F3-FD1C-4749-B9E3-C3E012E17E1B', '19F762F3-FD1C-4749-B9E3-C3E012E17E1B', '', ( #500 ) ) ;
#48 = DIRECTION ( 'NONE',  ( -1.000000000000000000, 0.0000000000000000000, 0.0000000000000000000 ) ) ;
#49 = CARTESIAN_POINT ( 'NONE',  ( -0.5000000000000000000, 0.5699999999999999512, 0.06999999999999996503 ) ) ;
#50 = SURFACE_SIDE_STYLE ('',( #1784 ) ) ;
#51 =( NAMED_UNIT ( * ) PLANE_ANGLE_UNIT ( ) SI_UNIT ( $, .RADIAN. ) );
#52 = DIRECTION ( 'NONE',  ( 0.0000000000000000000, 1.000000000000000000, 0.0000000000000000000 ) ) ;
#53 = CARTESIAN_POINT ( 'NONE',  ( 0.9700000000000003064, -0.5699999999999998401, 0.02999999999999997113 ) ) ;
#54 = ORIENTED_EDGE ( 'NONE', *, *, #986, .T. ) ;
#55 = CIRCLE ( 'NONE', #1615, 0.02999999999999997113 ) ;
#56 = DIRECTION ( 'NONE',  ( -1.000000000000000000, -9.035018104045873159E-17, 0.0000000000000000000 ) ) ;
#57 = DIRECTION ( 'NONE',  ( 1.000000000000000000, 9.035018104045873159E-17, -0.0000000000000000000 ) ) ;
#58 = PRESENTATION_STYLE_ASSIGNMENT (( #1812 ) ) ;
#59 = UNCERTAINTY_MEASURE_WITH_UNIT (LENGTH_MEASURE( 1.000000000000000082E-05 ), #714, 'distance_accuracy_value', 'NONE');
#60 = CYLINDRICAL_SURFACE ( 'NONE', #1046, 0.02999999999999997113 ) ;
#61 = PRESENTATION_STYLE_ASSIGNMENT (( #1537 ) ) ;
#62 = AXIS2_PLACEMENT_3D ( 'NONE', #1069, #207, #495 ) ;
#63 = ORIENTED_EDGE ( 'NONE', *, *, #899, .T. ) ;
#64 =( GEOMETRIC_REPRESENTATION_CONTEXT ( 3 ) GLOBAL_UNCERTAINTY_ASSIGNED_CONTEXT ( ( #1242 ) ) GLOBAL_UNIT_ASSIGNED_CONTEXT ( ( #67, #750, #471 ) ) REPRESENTATION_CONTEXT ( 'NONE', 'WORKASPACE' ) );
#65 = ORIENTED_EDGE ( 'NONE', *, *, #1363, .F. ) ;
#66 = CARTESIAN_POINT ( 'NONE',  ( -0.5000000000000000000, 0.5999999999999999778, 0.03000000000000018624 ) ) ;
#67 =( LENGTH_UNIT ( ) NAMED_UNIT ( * ) SI_UNIT ( .MILLI., .METRE. ) );
#68 = CYLINDRICAL_SURFACE ( 'NONE', #848, 0.02999999999999997113 ) ;
#69 =( NAMED_UNIT ( * ) SI_UNIT ( $, .STERADIAN. ) SOLID_ANGLE_UNIT ( ) );
#70 = DIRECTION ( 'NONE',  ( 1.000000000000000000, 9.035018104045873159E-17, -0.0000000000000000000 ) ) ;
#71 =( NAMED_UNIT ( * ) PLANE_ANGLE_UNIT ( ) SI_UNIT ( $, .RADIAN. ) );
#72 = EDGE_CURVE ( 'NONE', #1771, #219, #1853, .T. ) ;
#73 = VERTEX_POINT ( 'NONE', #1574 ) ;
#74 = STYLED_ITEM ( 'NONE', ( #963 ), #597 ) ;
#75 = DIRECTION ( 'NONE',  ( -1.000000000000000000, -1.807003620809175125E-16, 0.0000000000000000000 ) ) ;
#76 = AXIS2_PLACEMENT_3D ( 'NONE', #655, #763, #1792 ) ;
#77 = ORIENTED_EDGE ( 'NONE', *, *, #46, .T. ) ;
#78 = LINE ( 'NONE', #1096, #1413 ) ;
#79 =( NAMED_UNIT ( * ) SI_UNIT ( $, .STERADIAN. ) SOLID_ANGLE_UNIT ( ) );
#80 = AXIS2_PLACEMENT_3D ( 'NONE', #1129, #1693, #220 ) ;
#81 = FACE_OUTER_BOUND ( 'NONE', #1421, .T. ) ;
#82 = UNCERTAINTY_MEASURE_WITH_UNIT (LENGTH_MEASURE( 1.000000000000000082E-05 ), #1463, 'distance_accuracy_value', 'NONE');
#83 =( NAMED_UNIT ( * ) SI_UNIT ( $, .STERADIAN. ) SOLID_ANGLE_UNIT ( ) );
#84 = EDGE_CURVE ( 'NONE', #127, #1631, #1295, .T. ) ;
#85 = ORIENTED_EDGE ( 'NONE', *, *, #924, .F. ) ;
#86 = EDGE_LOOP ( 'NONE', ( #483, #383, #1175 ) ) ;
#87 = DIRECTION ( 'NONE',  ( -1.000000000000000000, 0.0000000000000000000, -0.0000000000000000000 ) ) ;
#88 = CARTESIAN_POINT ( 'NONE',  ( 0.5000000000000000000, 0.5999999999999999778, 0.03000000000000018624 ) ) ;
#89 = CARTESIAN_POINT ( 'NONE',  ( -0.5000000000000000000, -0.5699999999999999512, 0.06999999999999996503 ) ) ;
#90 = DIRECTION ( 'NONE',  ( 1.000000000000000000, -0.0000000000000000000, 0.0000000000000000000 ) ) ;
#91 = PRESENTATION_LAYER_ASSIGNMENT (  '', '', ( #1011 ) ) ;
#92 = SURFACE_STYLE_FILL_AREA ( #669 ) ;
#93 = AXIS2_PLACEMENT_3D ( 'NONE', #1219, #785, #1811 ) ;
#94 = ORIENTED_EDGE ( 'NONE', *, *, #756, .F. ) ;
#95 =( NAMED_UNIT ( * ) SI_UNIT ( $, .STERADIAN. ) SOLID_ANGLE_UNIT ( ) );
#96 = VECTOR ( 'NONE', #833, 1000.000000000000000 ) ;
#97 = EDGE_LOOP ( 'NONE', ( #1184, #967, #1304, #943 ) ) ;
#98 = ADVANCED_FACE ( 'NONE', ( #577 ), #1866, .F. ) ;
#99 = AXIS2_PLACEMENT_3D ( 'NONE', #735, #1767, #453 ) ;
#100 = DIRECTION ( 'NONE',  ( 1.000000000000000000, 2.168404344971008621E-16, 0.0000000000000000000 ) ) ;
#101 = VECTOR ( 'NONE', #328, 1000.000000000000000 ) ;
#102 = FILL_AREA_STYLE ('',( #677 ) ) ;
#103 = SURFACE_SIDE_STYLE ('',( #1145 ) ) ;
#104 = PRESENTATION_LAYER_ASSIGNMENT (  '', '', ( #482 ) ) ;
#105 = VECTOR ( 'NONE', #1454, 1000.000000000000000 ) ;
#106 = ORIENTED_EDGE ( 'NONE', *, *, #1061, .F. ) ;
#107 = AXIS2_PLACEMENT_3D ( 'NONE', #779, #52, #1329 ) ;
#108 = ORIENTED_EDGE ( 'NONE', *, *, #124, .F. ) ;
#109 = DIRECTION ( 'NONE',  ( 1.807003620809174632E-16, -1.000000000000000000, 0.0000000000000000000 ) ) ;
#110 = PRESENTATION_LAYER_ASSIGNMENT (  '', '', ( #695 ) ) ;
#111 =( LENGTH_UNIT ( ) NAMED_UNIT ( * ) SI_UNIT ( .MILLI., .METRE. ) );
#112 = PRESENTATION_LAYER_ASSIGNMENT (  '', '', ( #1577 ) ) ;
#113 = CARTESIAN_POINT ( 'NONE',  ( 0.9700000000000003064, -0.5699999999999998401, 0.9499999999999999556 ) ) ;
#114 =( NAMED_UNIT ( * ) SI_UNIT ( $, .STERADIAN. ) SOLID_ANGLE_UNIT ( ) );
#115 = ORIENTED_EDGE ( 'NONE', *, *, #1094, .T. ) ;
#116 = EDGE_LOOP ( 'NONE', ( #1412, #395, #944, #1259 ) ) ;
#117 = FACE_OUTER_BOUND ( 'NONE', #652, .T. ) ;
#118 = LINE ( 'NONE', #397, #708 ) ;
#119 = UNCERTAINTY_MEASURE_WITH_UNIT (LENGTH_MEASURE( 1.000000000000000082E-05 ), #606, 'distance_accuracy_value', 'NONE');
#120 = DIRECTION ( 'NONE',  ( 1.000000000000000000, 0.0000000000000000000, 0.0000000000000000000 ) ) ;
#121 = DIRECTION ( 'NONE',  ( 0.0000000000000000000, 0.0000000000000000000, 1.000000000000000000 ) ) ;
#122 =( LENGTH_UNIT ( ) NAMED_UNIT ( * ) SI_UNIT ( .MILLI., .METRE. ) );
#123 = PRESENTATION_LAYER_ASSIGNMENT (  '', '', ( #334 ) ) ;
#124 = EDGE_CURVE ( 'NONE', #1141, #1382, #1332, .T. ) ;
#125 = ORIENTED_EDGE ( 'NONE', *, *, #134, .F. ) ;
#126 = FILL_AREA_STYLE ('',( #1430 ) ) ;
#127 = VERTEX_POINT ( 'NONE', #1674 ) ;
#128 =( NAMED_UNIT ( * ) PLANE_ANGLE_UNIT ( ) SI_UNIT ( $, .RADIAN. ) );
#129 = CARTESIAN_POINT ( 'NONE',  ( -0.9700000000000000844, 0.5700000000000000622, 0.9200000000000000400 ) ) ;
#130 = DIRECTION ( 'NONE',  ( -0.0000000000000000000, -0.0000000000000000000, -1.000000000000000000 ) ) ;
#131 = STYLED_ITEM ( 'NONE', ( #1622 ), #1342 ) ;
#132 =( GEOMETRIC_REPRESENTATION_CONTEXT ( 3 ) GLOBAL_UNCERTAINTY_ASSIGNED_CONTEXT ( ( #873 ) ) GLOBAL_UNIT_ASSIGNED_CONTEXT ( ( #168, #1344, #615 ) ) REPRESENTATION_CONTEXT ( 'NONE', 'WORKASPACE' ) );
#133 = CIRCLE ( 'NONE', #1472, 0.03999999999999999389 ) ;
#134 = EDGE_CURVE ( 'NONE', #1375, #1862, #1501, .T. ) ;
#135 = ORIENTED_EDGE ( 'NONE', *, *, #907, .F. ) ;
#136 = FACE_OUTER_BOUND ( 'NONE', #172, .T. ) ;
#137 = ORIENTED_EDGE ( 'NONE', *, *, #1735, .F. ) ;
#138 =( GEOMETRIC_REPRESENTATION_CONTEXT ( 3 ) GLOBAL_UNCERTAINTY_ASSIGNED_CONTEXT ( ( #1861 ) ) GLOBAL_UNIT_ASSIGNED_CONTEXT ( ( #229, #1709, #83 ) ) REPRESENTATION_CONTEXT ( 'NONE', 'WORKASPACE' ) );
#139 = SPHERICAL_SURFACE ( 'NONE', #1443, 0.02999999999999999889 ) ;
#140 = VECTOR ( 'NONE', #945, 1000.000000000000000 ) ;
#141 =( LENGTH_UNIT ( ) NAMED_UNIT ( * ) SI_UNIT ( .MILLI., .METRE. ) );
#142 = LINE ( 'NONE', #733, #745 ) ;
#143 = COLOUR_RGB ( '',0.1254901960784313708, 0.1254901960784313708, 0.1254901960784313708 ) ;
#144 = CARTESIAN_POINT ( 'NONE',  ( -0.9699999999999998623, -0.5999999999999999778, 0.02999999999999997113 ) ) ;
#145 = SURFACE_STYLE_FILL_AREA ( #726 ) ;
#146 = ORIENTED_EDGE ( 'NONE', *, *, #1594, .T. ) ;
#147 = PRESENTATION_STYLE_ASSIGNMENT (( #718 ) ) ;
#148 = EDGE_CURVE ( 'NONE', #1610, #510, #1757, .T. ) ;
#149 = DIRECTION ( 'NONE',  ( -1.000000000000000000, 0.0000000000000000000, 0.0000000000000000000 ) ) ;
#150 = CARTESIAN_POINT ( 'NONE',  ( -0.9699999999999998623, -0.6000000000000000888, 0.0000000000000000000 ) ) ;
#151 = FACE_OUTER_BOUND ( 'NONE', #86, .T. ) ;
#152 = VERTEX_POINT ( 'NONE', #336 ) ;
#153 = LINE ( 'NONE', #1, #1205 ) ;
#154 = FILL_AREA_STYLE_COLOUR ( '', #1748 ) ;
#155 = UNCERTAINTY_MEASURE_WITH_UNIT (LENGTH_MEASURE( 1.000000000000000082E-05 ), #959, 'distance_accuracy_value', 'NONE');
#156 = VERTEX_POINT ( 'NONE', #66 ) ;
#157 = FILL_AREA_STYLE_COLOUR ( '', #805 ) ;
#158 = PRESENTATION_LAYER_ASSIGNMENT (  '', '', ( #1214 ) ) ;
#159 = EDGE_CURVE ( 'NONE', #1121, #156, #1882, .T. ) ;
#160 = SURFACE_STYLE_USAGE ( .BOTH. , #1464 ) ;
#161 =( GEOMETRIC_REPRESENTATION_CONTEXT ( 3 ) GLOBAL_UNCERTAINTY_ASSIGNED_CONTEXT ( ( #1042 ) ) GLOBAL_UNIT_ASSIGNED_CONTEXT ( ( #533, #237, #1106 ) ) REPRESENTATION_CONTEXT ( 'NONE', 'WORKASPACE' ) );
#162 = DIRECTION ( 'NONE',  ( -1.000000000000000000, -2.168404344971008621E-16, -0.0000000000000000000 ) ) ;
#163 = VECTOR ( 'NONE', #198, 1000.000000000000000 ) ;
#164 = SURFACE_STYLE_USAGE ( .BOTH. , #1300 ) ;
#165 =( LENGTH_UNIT ( ) NAMED_UNIT ( * ) SI_UNIT ( .MILLI., .METRE. ) );
#166 = PLANE ( 'NONE',  #252 ) ;
#167 = FACE_OUTER_BOUND ( 'NONE', #1886, .T. ) ;
#168 =( LENGTH_UNIT ( ) NAMED_UNIT ( * ) SI_UNIT ( .MILLI., .METRE. ) );
#169 = AXIS2_PLACEMENT_3D ( 'NONE', #1260, #405, #416 ) ;
#170 = CARTESIAN_POINT ( 'NONE',  ( -0.5000000000000000000, 0.5999999999999999778, 0.0000000000000000000 ) ) ;
#171 = MECHANICAL_DESIGN_GEOMETRIC_PRESENTATION_REPRESENTATION (  '', ( #1577 ), #1667 ) ;
#172 = EDGE_LOOP ( 'NONE', ( #317, #1333, #85 ) ) ;
#173 = DIRECTION ( 'NONE',  ( 0.0000000000000000000, -1.000000000000000000, 0.0000000000000000000 ) ) ;
#174 = ORIENTED_EDGE ( 'NONE', *, *, #72, .T. ) ;
#175 =( LENGTH_UNIT ( ) NAMED_UNIT ( * ) SI_UNIT ( .MILLI., .METRE. ) );
#176 = SURFACE_SIDE_STYLE ('',( #337 ) ) ;
#177 = CYLINDRICAL_SURFACE ( 'NONE', #37, 0.02999999999999997113 ) ;
#178 = SPHERICAL_SURFACE ( 'NONE', #1821, 0.02999999999999999889 ) ;
#179 = EDGE_CURVE ( 'NONE', #787, #152, #1728, .T. ) ;
#180 = CYLINDRICAL_SURFACE ( 'NONE', #1596, 0.02999999999999999889 ) ;
#181 = VECTOR ( 'NONE', #224, 1000.000000000000000 ) ;
#182 = ORIENTED_EDGE ( 'NONE', *, *, #1548, .F. ) ;
#183 = FILL_AREA_STYLE ('',( #1633 ) ) ;
#184 =( NAMED_UNIT ( * ) PLANE_ANGLE_UNIT ( ) SI_UNIT ( $, .RADIAN. ) );
#185 =( GEOMETRIC_REPRESENTATION_CONTEXT ( 3 ) GLOBAL_UNCERTAINTY_ASSIGNED_CONTEXT ( ( #1707 ) ) GLOBAL_UNIT_ASSIGNED_CONTEXT ( ( #399, #227, #1243 ) ) REPRESENTATION_CONTEXT ( 'NONE', 'WORKASPACE' ) );
#186 = DIRECTION ( 'NONE',  ( 0.0000000000000000000, 0.0000000000000000000, -1.000000000000000000 ) ) ;
#187 =( GEOMETRIC_REPRESENTATION_CONTEXT ( 3 ) GLOBAL_UNCERTAINTY_ASSIGNED_CONTEXT ( ( #584 ) ) GLOBAL_UNIT_ASSIGNED_CONTEXT ( ( #319, #516, #42 ) ) REPRESENTATION_CONTEXT ( 'NONE', 'WORKASPACE' ) );
#188 = SURFACE_STYLE_FILL_AREA ( #377 ) ;
#189 = CARTESIAN_POINT ( 'NONE',  ( -0.5000000000000000000, -0.5300000000000000266, 0.8800000000000000044 ) ) ;
#190 = AXIS2_PLACEMENT_3D ( 'NONE', #331, #314, #908 ) ;
#191 = VECTOR ( 'NONE', #878, 1000.000000000000000 ) ;
#192 = ORIENTED_EDGE ( 'NONE', *, *, #760, .T. ) ;
#193 = DIRECTION ( 'NONE',  ( 0.0000000000000000000, 0.0000000000000000000, 1.000000000000000000 ) ) ;
#194 = FACE_OUTER_BOUND ( 'NONE', #1095, .T. ) ;
#195 = SURFACE_STYLE_USAGE ( .BOTH. , #176 ) ;
#196 = DIRECTION ( 'NONE',  ( -0.0000000000000000000, -0.0000000000000000000, -1.000000000000000000 ) ) ;
#197 = SPHERICAL_SURFACE ( 'NONE', #107, 0.02999999999999999889 ) ;
#198 = DIRECTION ( 'NONE',  ( -0.0000000000000000000, 1.000000000000000000, -0.0000000000000000000 ) ) ;
#199 = EDGE_LOOP ( 'NONE', ( #1266, #1226, #773 ) ) ;
#200 = STYLED_ITEM ( 'NONE', ( #1447 ), #485 ) ;
#201 = DIRECTION ( 'NONE',  ( -1.000000000000000000, 0.0000000000000000000, 0.0000000000000000000 ) ) ;
#202 = FILL_AREA_STYLE ('',( #1483 ) ) ;
#203 = ORIENTED_EDGE ( 'NONE', *, *, #1583, .F. ) ;
#204 = PRESENTATION_STYLE_ASSIGNMENT (( #493 ) ) ;
#205 = DIRECTION ( 'NONE',  ( 0.0000000000000000000, -0.0000000000000000000, 1.000000000000000000 ) ) ;
#206 = ADVANCED_FACE ( 'NONE', ( #902 ), #936, .T. ) ;
#207 = DIRECTION ( 'NONE',  ( -0.0000000000000000000, 0.0000000000000000000, -1.000000000000000000 ) ) ;
#208 = ORIENTED_EDGE ( 'NONE', *, *, #1485, .T. ) ;
#209 =( NAMED_UNIT ( * ) PLANE_ANGLE_UNIT ( ) SI_UNIT ( $, .RADIAN. ) );
#210 = CIRCLE ( 'NONE', #1286, 0.02999999999999999889 ) ;
#211 = ORIENTED_EDGE ( 'NONE', *, *, #1201, .F. ) ;
#212 = PRESENTATION_STYLE_ASSIGNMENT (( #1520 ) ) ;
#213 = CARTESIAN_POINT ( 'NONE',  ( 0.9700000000000000844, 0.5700000000000000622, 0.9200000000000000400 ) ) ;
#214 = AXIS2_PLACEMENT_3D ( 'NONE', #1782, #1764, #764 ) ;
#215 = ADVANCED_FACE ( 'NONE', ( #484 ), #1056, .T. ) ;
#216 = DIRECTION ( 'NONE',  ( 0.0000000000000000000, 1.000000000000000000, -3.614007241618351532E-15 ) ) ;
#217 = CARTESIAN_POINT ( 'NONE',  ( 0.5000000000000000000, -0.5699999999999999512, 0.02999999999999999889 ) ) ;
#218 = ADVANCED_FACE ( 'NONE', ( #117 ), #1559, .T. ) ;
#219 = VERTEX_POINT ( 'NONE', #1238 ) ;
#220 = DIRECTION ( 'NONE',  ( 1.000000000000000000, 0.0000000000000000000, 0.0000000000000000000 ) ) ;
#221 = VECTOR ( 'NONE', #1014, 1000.000000000000000 ) ;
#222 = ORIENTED_EDGE ( 'NONE', *, *, #1427, .F. ) ;
#223 = LINE ( 'NONE', #1210, #1082 ) ;
#224 = DIRECTION ( 'NONE',  ( 0.0000000000000000000, 0.0000000000000000000, -1.000000000000000000 ) ) ;
#225 =( GEOMETRIC_REPRESENTATION_CONTEXT ( 3 ) GLOBAL_UNCERTAINTY_ASSIGNED_CONTEXT ( ( #1053 ) ) GLOBAL_UNIT_ASSIGNED_CONTEXT ( ( #1246, #1093, #1837 ) ) REPRESENTATION_CONTEXT ( 'NONE', 'WORKASPACE' ) );
#226 =( NAMED_UNIT ( * ) PLANE_ANGLE_UNIT ( ) SI_UNIT ( $, .RADIAN. ) );
#227 =( NAMED_UNIT ( * ) PLANE_ANGLE_UNIT ( ) SI_UNIT ( $, .RADIAN. ) );
#228 = SURFACE_SIDE_STYLE ('',( #1546 ) ) ;
#229 =( LENGTH_UNIT ( ) NAMED_UNIT ( * ) SI_UNIT ( .MILLI., .METRE. ) );
#230 = EDGE_CURVE ( 'NONE', #1141, #404, #259, .T. ) ;
#231 = EDGE_LOOP ( 'NONE', ( #1642, #1000, #1112, #1570 ) ) ;
#232 = FILL_AREA_STYLE ('',( #1826 ) ) ;
#233 = ORIENTED_EDGE ( 'NONE', *, *, #1636, .T. ) ;
#234 = FILL_AREA_STYLE_COLOUR ( '', #930 ) ;
#235 = CARTESIAN_POINT ( 'NONE',  ( 0.5000000000000000000, -0.5699999999999999512, 0.06999999999999996503 ) ) ;
#236 = COLOUR_RGB ( '',0.7529411764705882248, 0.7529411764705882248, 0.7529411764705882248 ) ;
#237 =( NAMED_UNIT ( * ) PLANE_ANGLE_UNIT ( ) SI_UNIT ( $, .RADIAN. ) );
#238 = FACE_OUTER_BOUND ( 'NONE', #1595, .T. ) ;
#239 = STYLED_ITEM ( 'NONE', ( #1599 ), #1660 ) ;
#240 = ORIENTED_EDGE ( 'NONE', *, *, #8, .F. ) ;
#241 = FILL_AREA_STYLE ('',( #393 ) ) ;
#242 = UNCERTAINTY_MEASURE_WITH_UNIT (LENGTH_MEASURE( 1.000000000000000082E-05 ), #1132, 'distance_accuracy_value', 'NONE');
#243 = COLOUR_RGB ( '',0.7529411764705882248, 0.7529411764705882248, 0.7529411764705882248 ) ;
#244 = EDGE_CURVE ( 'NONE', #30, #1692, #1576, .T. ) ;
#245 = ORIENTED_EDGE ( 'NONE', *, *, #1759, .T. ) ;
#246 =( NAMED_UNIT ( * ) PLANE_ANGLE_UNIT ( ) SI_UNIT ( $, .RADIAN. ) );
#247 = MECHANICAL_DESIGN_GEOMETRIC_PRESENTATION_REPRESENTATION (  '', ( #131 ), #1874 ) ;
#248 = DIRECTION ( 'NONE',  ( -0.0000000000000000000, 1.000000000000000000, -0.0000000000000000000 ) ) ;
#249 = VECTOR ( 'NONE', #196, 1000.000000000000000 ) ;
#250 =( NAMED_UNIT ( * ) SI_UNIT ( $, .STERADIAN. ) SOLID_ANGLE_UNIT ( ) );
#251 = SURFACE_SIDE_STYLE ('',( #1562 ) ) ;
#252 = AXIS2_PLACEMENT_3D ( 'NONE', #1683, #1512, #1239 ) ;
#253 = CARTESIAN_POINT ( 'NONE',  ( -0.5000000000000000000, -0.5999999999999999778, 0.03000000000000018624 ) ) ;
#254 = CIRCLE ( 'NONE', #1327, 0.02999999999999997113 ) ;
#255 = ORIENTED_EDGE ( 'NONE', *, *, #1699, .F. ) ;
#256 = ORIENTED_EDGE ( 'NONE', *, *, #948, .T. ) ;
#257 =( NAMED_UNIT ( * ) SI_UNIT ( $, .STERADIAN. ) SOLID_ANGLE_UNIT ( ) );
#258 = CARTESIAN_POINT ( 'NONE',  ( 0.5000000000000000000, 0.5699999999999999512, 0.8800000000000000044 ) ) ;
#259 = CIRCLE ( 'NONE', #430, 0.02999999999999999889 ) ;
#260 = PRESENTATION_STYLE_ASSIGNMENT (( #419 ) ) ;
#261 = DIRECTION ( 'NONE',  ( -1.000000000000000000, -9.035018104045873159E-17, 0.0000000000000000000 ) ) ;
#262 = MECHANICAL_DESIGN_GEOMETRIC_PRESENTATION_REPRESENTATION (  '', ( #839 ), #698 ) ;
#263 = CARTESIAN_POINT ( 'NONE',  ( 0.5000000000000000000, 0.5299999999999999156, 0.8800000000000000044 ) ) ;
#264 = APPLICATION_CONTEXT ( 'automotive_design' ) ;
#265 = CARTESIAN_POINT ( 'NONE',  ( -1.000000000000000000, 0.5700000000000000622, 0.9499999999999999556 ) ) ;
#266 =( NAMED_UNIT ( * ) SI_UNIT ( $, .STERADIAN. ) SOLID_ANGLE_UNIT ( ) );
#267 = EDGE_LOOP ( 'NONE', ( #1357, #909, #1713, #1277 ) ) ;
#268 = LINE ( 'NONE', #1706, #1690 ) ;
#269 = ADVANCED_FACE ( 'NONE', ( #1102 ), #1840, .T. ) ;
#270 = LINE ( 'NONE', #851, #1629 ) ;
#271 = SURFACE_STYLE_FILL_AREA ( #126 ) ;
#272 = VERTEX_POINT ( 'NONE', #977 ) ;
#273 =( GEOMETRIC_REPRESENTATION_CONTEXT ( 3 ) GLOBAL_UNCERTAINTY_ASSIGNED_CONTEXT ( ( #420 ) ) GLOBAL_UNIT_ASSIGNED_CONTEXT ( ( #476, #469, #447 ) ) REPRESENTATION_CONTEXT ( 'NONE', 'WORKASPACE' ) );
#274 = SURFACE_STYLE_FILL_AREA ( #1589 ) ;
#275 = DIRECTION ( 'NONE',  ( -0.0000000000000000000, -0.0000000000000000000, -1.000000000000000000 ) ) ;
#276 = FILL_AREA_STYLE_COLOUR ( '', #881 ) ;
#277 = MECHANICAL_DESIGN_GEOMETRIC_PRESENTATION_REPRESENTATION (  '', ( #535 ), #1624 ) ;
#278 = DIRECTION ( 'NONE',  ( 1.000000000000000000, 0.0000000000000000000, 0.0000000000000000000 ) ) ;
#279 =( NAMED_UNIT ( * ) PLANE_ANGLE_UNIT ( ) SI_UNIT ( $, .RADIAN. ) );
#280 = MECHANICAL_DESIGN_GEOMETRIC_PRESENTATION_REPRESENTATION (  '', ( #1050 ), #1289 ) ;
#281 =( GEOMETRIC_REPRESENTATION_CONTEXT ( 3 ) GLOBAL_UNCERTAINTY_ASSIGNED_CONTEXT ( ( #376 ) ) GLOBAL_UNIT_ASSIGNED_CONTEXT ( ( #175, #32, #266 ) ) REPRESENTATION_CONTEXT ( 'NONE', 'WORKASPACE' ) );
#282 = ORIENTED_EDGE ( 'NONE', *, *, #1594, .F. ) ;
#283 = CARTESIAN_POINT ( 'NONE',  ( -0.5000000000000000000, -0.5999999999999999778, 0.0000000000000000000 ) ) ;
#284 =( NAMED_UNIT ( * ) SI_UNIT ( $, .STERADIAN. ) SOLID_ANGLE_UNIT ( ) );
#285 = UNCERTAINTY_MEASURE_WITH_UNIT (LENGTH_MEASURE( 1.000000000000000082E-05 ), #1299, 'distance_accuracy_value', 'NONE');
#286 = ORIENTED_EDGE ( 'NONE', *, *, #884, .T. ) ;
#287 = SPHERICAL_SURFACE ( 'NONE', #1630, 0.02999999999999999889 ) ;
#288 = VECTOR ( 'NONE', #649, 1000.000000000000000 ) ;
#289 = LINE ( 'NONE', #574, #1223 ) ;
#290 = SPHERICAL_SURFACE ( 'NONE', #1526, 0.02999999999999999889 ) ;
#291 = PRESENTATION_LAYER_ASSIGNMENT (  '', '', ( #1662 ) ) ;
#292 = PRESENTATION_STYLE_ASSIGNMENT (( #981 ) ) ;
#293 = CYLINDRICAL_SURFACE ( 'NONE', #598, 0.02999999999999999889 ) ;
#294 = VECTOR ( 'NONE', #109, 1000.000000000000000 ) ;
#295 = SURFACE_STYLE_USAGE ( .BOTH. , #880 ) ;
#296 =( NAMED_UNIT ( * ) SI_UNIT ( $, .STERADIAN. ) SOLID_ANGLE_UNIT ( ) );
#297 = EDGE_CURVE ( 'NONE', #1151, #1055, #1415, .T. ) ;
#298 = ORIENTED_EDGE ( 'NONE', *, *, #244, .T. ) ;
#299 = SURFACE_STYLE_USAGE ( .BOTH. , #1291 ) ;
#300 = DIRECTION ( 'NONE',  ( 1.000000000000000000, 0.0000000000000000000, 0.0000000000000000000 ) ) ;
#301 = DIRECTION ( 'NONE',  ( 1.000000000000000000, -0.0000000000000000000, 0.0000000000000000000 ) ) ;
#302 = VECTOR ( 'NONE', #1279, 1000.000000000000000 ) ;
#303 = ORIENTED_EDGE ( 'NONE', *, *, #876, .T. ) ;
#304 = DIRECTION ( 'NONE',  ( 0.0000000000000000000, 1.000000000000000000, 0.0000000000000000000 ) ) ;
#305 = ORIENTED_EDGE ( 'NONE', *, *, #1548, .T. ) ;
#306 = DIRECTION ( 'NONE',  ( 1.000000000000000000, -0.0000000000000000000, 0.0000000000000000000 ) ) ;
#307 = VECTOR ( 'NONE', #790, 1000.000000000000000 ) ;
#308 =( LENGTH_UNIT ( ) NAMED_UNIT ( * ) SI_UNIT ( .MILLI., .METRE. ) );
#309 = PRESENTATION_LAYER_ASSIGNMENT (  '', '', ( #680 ) ) ;
#310 =( LENGTH_UNIT ( ) NAMED_UNIT ( * ) SI_UNIT ( .MILLI., .METRE. ) );
#311 = AXIS2_PLACEMENT_3D ( 'NONE', #189, #1494, #769 ) ;
#312 = STYLED_ITEM ( 'NONE', ( #1328 ), #746 ) ;
#313 = PRESENTATION_STYLE_ASSIGNMENT (( #906 ) ) ;
#314 = DIRECTION ( 'NONE',  ( -0.0000000000000000000, -0.0000000000000000000, -1.000000000000000000 ) ) ;
#315 = MECHANICAL_DESIGN_GEOMETRIC_PRESENTATION_REPRESENTATION (  '', ( #540 ), #626 ) ;
#316 = ORIENTED_EDGE ( 'NONE', *, *, #1650, .T. ) ;
#317 = ORIENTED_EDGE ( 'NONE', *, *, #429, .T. ) ;
#318 = FILL_AREA_STYLE_COLOUR ( '', #954 ) ;
#319 =( LENGTH_UNIT ( ) NAMED_UNIT ( * ) SI_UNIT ( .MILLI., .METRE. ) );
#320 = EDGE_CURVE ( 'NONE', #1580, #463, #1324, .T. ) ;
#321 = STYLED_ITEM ( 'NONE', ( #872 ), #611 ) ;
#322 = LINE ( 'NONE', #765, #101 ) ;
#323 = STYLED_ITEM ( 'NONE', ( #204 ), #206 ) ;
#324 =( GEOMETRIC_REPRESENTATION_CONTEXT ( 3 ) GLOBAL_UNCERTAINTY_ASSIGNED_CONTEXT ( ( #1741 ) ) GLOBAL_UNIT_ASSIGNED_CONTEXT ( ( #1010, #1185, #474 ) ) REPRESENTATION_CONTEXT ( 'NONE', 'WORKASPACE' ) );
#325 = ORIENTED_EDGE ( 'NONE', *, *, #507, .T. ) ;
#326 = DIRECTION ( 'NONE',  ( 0.0000000000000000000, 0.0000000000000000000, 1.000000000000000000 ) ) ;
#327 = PRESENTATION_STYLE_ASSIGNMENT (( #774 ) ) ;
#328 = DIRECTION ( 'NONE',  ( -0.0000000000000000000, -0.0000000000000000000, -1.000000000000000000 ) ) ;
#329 = EDGE_CURVE ( 'NONE', #219, #1751, #867, .T. ) ;
#330 = CARTESIAN_POINT ( 'NONE',  ( 0.5000000000000000000, 0.5299999999999999156, 0.8800000000000000044 ) ) ;
#331 = CARTESIAN_POINT ( 'NONE',  ( -0.9699999999999998623, -0.5699999999999999512, 0.02999999999999997113 ) ) ;
#332 = ORIENTED_EDGE ( 'NONE', *, *, #1676, .T. ) ;
#333 = CARTESIAN_POINT ( 'NONE',  ( 1.000000000000000000, 0.5999999999999999778, 0.9200000000000000400 ) ) ;
#334 = STYLED_ITEM ( 'NONE', ( #444 ), #1164 ) ;
#335 = DIRECTION ( 'NONE',  ( 1.000000000000000000, 0.0000000000000000000, 0.0000000000000000000 ) ) ;
#336 = CARTESIAN_POINT ( 'NONE',  ( -0.9700000000000000844, 0.5699999999999999512, 0.0000000000000000000 ) ) ;
#337 = SURFACE_STYLE_FILL_AREA ( #527 ) ;
#338 = CIRCLE ( 'NONE', #1347, 0.03999999999999999389 ) ;
#339 = LINE ( 'NONE', #747, #385 ) ;
#340 = MECHANICAL_DESIGN_GEOMETRIC_PRESENTATION_REPRESENTATION (  '', ( #982 ), #161 ) ;
#341 = LINE ( 'NONE', #904, #1137 ) ;
#342 = ADVANCED_FACE ( 'NONE', ( #737 ), #1752, .F. ) ;
#343 = ORIENTED_EDGE ( 'NONE', *, *, #671, .F. ) ;
#344 = DIRECTION ( 'NONE',  ( -1.000000000000000000, 0.0000000000000000000, 0.0000000000000000000 ) ) ;
#345 = AXIS2_PLACEMENT_3D ( 'NONE', #353, #792, #1379 ) ;
#346 = ADVANCED_FACE ( 'NONE', ( #581 ), #287, .T. ) ;
#347 = CIRCLE ( 'NONE', #1722, 0.02999999999999997113 ) ;
#348 = ORIENTED_EDGE ( 'NONE', *, *, #134, .T. ) ;
#349 = VECTOR ( 'NONE', #205, 1000.000000000000000 ) ;
#350 = DIRECTION ( 'NONE',  ( -1.000000000000000000, 0.0000000000000000000, 0.0000000000000000000 ) ) ;
#351 = CARTESIAN_POINT ( 'NONE',  ( 0.5000000000000001110, -0.5999999999999999778, 0.9200000000000000400 ) ) ;
#352 = CARTESIAN_POINT ( 'NONE',  ( -0.5000000000000000000, -0.5700000000000000622, 0.0000000000000000000 ) ) ;
#353 = CARTESIAN_POINT ( 'NONE',  ( -0.5000000000000000000, 0.5700000000000000622, 0.9200000000000000400 ) ) ;
#354 = SURFACE_SIDE_STYLE ('',( #1197 ) ) ;
#355 = CARTESIAN_POINT ( 'NONE',  ( 1.000000000000000000, 0.5699999999999999512, 0.02999999999999997113 ) ) ;
#356 = VECTOR ( 'NONE', #1273, 1000.000000000000000 ) ;
#357 = PRESENTATION_LAYER_ASSIGNMENT (  '', '', ( #573 ) ) ;
#358 = ORIENTED_EDGE ( 'NONE', *, *, #1154, .T. ) ;
#359 = ADVANCED_FACE ( 'NONE', ( #603 ), #1608, .F. ) ;
#360 = SHAPE_DEFINITION_REPRESENTATION ( #460, #1164 ) ;
#361 = ORIENTED_EDGE ( 'NONE', *, *, #895, .F. ) ;
#362 = SURFACE_STYLE_FILL_AREA ( #1074 ) ;
#363 = FILL_AREA_STYLE ('',( #1665 ) ) ;
#364 = CARTESIAN_POINT ( 'NONE',  ( 0.5000000000000000000, -0.5300000000000000266, 0.06999999999999996503 ) ) ;
#365 = PLANE ( 'NONE',  #1216 ) ;
#366 =( NAMED_UNIT ( * ) PLANE_ANGLE_UNIT ( ) SI_UNIT ( $, .RADIAN. ) );
#367 = ORIENTED_EDGE ( 'NONE', *, *, #1392, .T. ) ;
#368 = CARTESIAN_POINT ( 'NONE',  ( -0.9999999999999997780, -0.5699999999999999512, 0.02999999999999997113 ) ) ;
#369 = ORIENTED_EDGE ( 'NONE', *, *, #702, .T. ) ;
#370 = DIRECTION ( 'NONE',  ( 0.0000000000000000000, -1.000000000000000000, 0.0000000000000000000 ) ) ;
#371 = EDGE_CURVE ( 'NONE', #1167, #654, #1191, .T. ) ;
#372 = PRESENTATION_LAYER_ASSIGNMENT (  '', '', ( #1244 ) ) ;
#373 = DIRECTION ( 'NONE',  ( -1.000000000000000000, -9.035018104045873159E-17, 0.0000000000000000000 ) ) ;
#374 = SURFACE_STYLE_USAGE ( .BOTH. , #958 ) ;
#375 = CYLINDRICAL_SURFACE ( 'NONE', #952, 0.02999999999999997113 ) ;
#376 = UNCERTAINTY_MEASURE_WITH_UNIT (LENGTH_MEASURE( 1.000000000000000082E-05 ), #175, 'distance_accuracy_value', 'NONE');
#377 = FILL_AREA_STYLE ('',( #487 ) ) ;
#378 = CYLINDRICAL_SURFACE ( 'NONE', #776, 0.03999999999999999389 ) ;
#379 = PRESENTATION_LAYER_ASSIGNMENT (  '', '', ( #504 ) ) ;
#380 = PLANE ( 'NONE',  #834 ) ;
#381 = ORIENTED_EDGE ( 'NONE', *, *, #414, .T. ) ;
#382 = DIRECTION ( 'NONE',  ( 1.807003620809175125E-16, -1.000000000000000000, 0.0000000000000000000 ) ) ;
#383 = ORIENTED_EDGE ( 'NONE', *, *, #1450, .T. ) ;
#384 = SURFACE_STYLE_USAGE ( .BOTH. , #1704 ) ;
#385 = VECTOR ( 'NONE', #1505, 1000.000000000000000 ) ;
#386 = CARTESIAN_POINT ( 'NONE',  ( 0.9700000000000003064, -0.5699999999999996181, 0.02999999999999997113 ) ) ;
#387 = DIRECTION ( 'NONE',  ( 1.000000000000000000, 0.0000000000000000000, 0.0000000000000000000 ) ) ;
#388 = CYLINDRICAL_SURFACE ( 'NONE', #1592, 0.02999999999999997113 ) ;
#389 = ADVANCED_FACE ( 'NONE', ( #1359 ), #704, .F. ) ;
#390 = CARTESIAN_POINT ( 'NONE',  ( 1.000000000000000222, -0.5699999999999998401, 0.02999999999999997113 ) ) ;
#391 = ORIENTED_EDGE ( 'NONE', *, *, #618, .T. ) ;
#392 = STYLED_ITEM ( 'NONE', ( #61 ), #558 ) ;
#393 = FILL_AREA_STYLE_COLOUR ( '', #1120 ) ;
#394 = PRESENTATION_LAYER_ASSIGNMENT (  '', '', ( #323 ) ) ;
#395 = ORIENTED_EDGE ( 'NONE', *, *, #1509, .T. ) ;
#396 = STYLED_ITEM ( 'NONE', ( #956 ), #269 ) ;
#397 = CARTESIAN_POINT ( 'NONE',  ( 1.000000000000000000, 0.5699999999999999512, 0.0000000000000000000 ) ) ;
#398 = PRESENTATION_LAYER_ASSIGNMENT (  '', '', ( #781 ) ) ;
#399 =( LENGTH_UNIT ( ) NAMED_UNIT ( * ) SI_UNIT ( .MILLI., .METRE. ) );
#400 = PRESENTATION_STYLE_ASSIGNMENT (( #811 ) ) ;
#401 = ADVANCED_FACE ( 'NONE', ( #1275 ), #552, .T. ) ;
#402 = EDGE_LOOP ( 'NONE', ( #602, #788, #1653 ) ) ;
#403 = CARTESIAN_POINT ( 'NONE',  ( -0.9699999999999998623, -0.5999999999999999778, 0.9499999999999999556 ) ) ;
#404 = VERTEX_POINT ( 'NONE', #1672 ) ;
#405 = DIRECTION ( 'NONE',  ( -1.000000000000000000, 0.0000000000000000000, 0.0000000000000000000 ) ) ;
#406 = CARTESIAN_POINT ( 'NONE',  ( -0.5000000000000000000, 0.5999999999999999778, 0.9200000000000000400 ) ) ;
#407 = LINE ( 'NONE', #1881, #105 ) ;
#408 = FILL_AREA_STYLE ('',( #549 ) ) ;
#409 = SURFACE_STYLE_FILL_AREA ( #1284 ) ;
#410 = SURFACE_STYLE_USAGE ( .BOTH. , #1408 ) ;
#411 = AXIS2_PLACEMENT_3D ( 'NONE', #575, #1179, #1591 ) ;
#412 = ORIENTED_EDGE ( 'NONE', *, *, #1002, .T. ) ;
#413 = PRESENTATION_LAYER_ASSIGNMENT (  '', '', ( #982 ) ) ;
#414 = EDGE_CURVE ( 'NONE', #682, #1880, #461, .T. ) ;
#415 = VERTEX_POINT ( 'NONE', #368 ) ;
#416 = DIRECTION ( 'NONE',  ( 0.0000000000000000000, 0.0000000000000000000, 1.000000000000000000 ) ) ;
#417 = CARTESIAN_POINT ( 'NONE',  ( 0.5000000000000000000, 0.5699999999999999512, 0.06999999999999996503 ) ) ;
#418 = VECTOR ( 'NONE', #162, 1000.000000000000000 ) ;
#419 = SURFACE_STYLE_USAGE ( .BOTH. , #991 ) ;
#420 = UNCERTAINTY_MEASURE_WITH_UNIT (LENGTH_MEASURE( 1.000000000000000082E-05 ), #476, 'distance_accuracy_value', 'NONE');
#421 = FILL_AREA_STYLE_COLOUR ( '', #243 ) ;
#422 =( NAMED_UNIT ( * ) PLANE_ANGLE_UNIT ( ) SI_UNIT ( $, .RADIAN. ) );
#423 = FILL_AREA_STYLE_COLOUR ( '', #1255 ) ;
#424 = CARTESIAN_POINT ( 'NONE',  ( 0.5000000000000000000, -0.5699999999999999512, 0.9200000000000000400 ) ) ;
#425 = CARTESIAN_POINT ( 'NONE',  ( 0.9700000000000000844, 0.5699999999999999512, 0.9200000000000000400 ) ) ;
#426 = PRESENTATION_LAYER_ASSIGNMENT (  '', '', ( #392 ) ) ;
#427 = ORIENTED_EDGE ( 'NONE', *, *, #924, .T. ) ;
#428 = SURFACE_SIDE_STYLE ('',( #1384 ) ) ;
#429 = EDGE_CURVE ( 'NONE', #654, #44, #1034, .T. ) ;
#430 = AXIS2_PLACEMENT_3D ( 'NONE', #545, #1850, #1829 ) ;
#431 = CARTESIAN_POINT ( 'NONE',  ( 0.5000000000000000000, 0.5699999999999999512, 0.02999999999999999889 ) ) ;
#432 =( GEOMETRIC_REPRESENTATION_CONTEXT ( 3 ) GLOBAL_UNCERTAINTY_ASSIGNED_CONTEXT ( ( #472 ) ) GLOBAL_UNIT_ASSIGNED_CONTEXT ( ( #974, #209, #95 ) ) REPRESENTATION_CONTEXT ( 'NONE', 'WORKASPACE' ) );
#433 = SURFACE_STYLE_USAGE ( .BOTH. , #1729 ) ;
#434 = SURFACE_STYLE_FILL_AREA ( #1604 ) ;
#435 = ORIENTED_EDGE ( 'NONE', *, *, #813, .F. ) ;
#436 = DIRECTION ( 'NONE',  ( -1.807003620809174632E-16, 1.000000000000000000, 0.0000000000000000000 ) ) ;
#437 = CARTESIAN_POINT ( 'NONE',  ( 0.5000000000000001110, -0.5700000000000000622, 0.0000000000000000000 ) ) ;
#438 = CARTESIAN_POINT ( 'NONE',  ( 0.9700000000000000844, 0.5699999999999999512, 0.9200000000000000400 ) ) ;
#439 = UNCERTAINTY_MEASURE_WITH_UNIT (LENGTH_MEASURE( 1.000000000000000082E-05 ), #617, 'distance_accuracy_value', 'NONE');
#440 = CARTESIAN_POINT ( 'NONE',  ( -0.9699999999999998623, -0.5699999999999999512, 0.9200000000000000400 ) ) ;
#441 = VECTOR ( 'NONE', #130, 1000.000000000000000 ) ;
#442 = ORIENTED_EDGE ( 'NONE', *, *, #1509, .F. ) ;
#443 = COLOUR_RGB ( '',0.7529411764705882248, 0.7529411764705882248, 0.7529411764705882248 ) ;
#444 = PRESENTATION_STYLE_ASSIGNMENT (( #856 ) ) ;
#445 = CIRCLE ( 'NONE', #650, 0.02999999999999999889 ) ;
#446 = DIRECTION ( 'NONE',  ( -1.000000000000000000, 0.0000000000000000000, 0.0000000000000000000 ) ) ;
#447 =( NAMED_UNIT ( * ) SI_UNIT ( $, .STERADIAN. ) SOLID_ANGLE_UNIT ( ) );
#448 = COLOUR_RGB ( '',0.7529411764705882248, 0.7529411764705882248, 0.7529411764705882248 ) ;
#449 = DIRECTION ( 'NONE',  ( 0.0000000000000000000, -0.0000000000000000000, -1.000000000000000000 ) ) ;
#450 = COLOUR_RGB ( '',0.7529411764705882248, 0.7529411764705882248, 0.7529411764705882248 ) ;
#451 = EDGE_CURVE ( 'NONE', #544, #510, #1702, .T. ) ;
#452 = VECTOR ( 'NONE', #1144, 1000.000000000000000 ) ;
#453 = DIRECTION ( 'NONE',  ( -1.000000000000000000, -2.168404344971008621E-16, 0.0000000000000000000 ) ) ;
#454 = UNCERTAINTY_MEASURE_WITH_UNIT (LENGTH_MEASURE( 1.000000000000000082E-05 ), #122, 'distance_accuracy_value', 'NONE');
#455 = ORIENTED_EDGE ( 'NONE', *, *, #1795, .T. ) ;
#456 = CARTESIAN_POINT ( 'NONE',  ( 0.9700000000000001954, -0.5699999999999998401, 0.02999999999999997807 ) ) ;
#457 =( GEOMETRIC_REPRESENTATION_CONTEXT ( 3 ) GLOBAL_UNCERTAINTY_ASSIGNED_CONTEXT ( ( #518 ) ) GLOBAL_UNIT_ASSIGNED_CONTEXT ( ( #1391, #71, #1263 ) ) REPRESENTATION_CONTEXT ( 'NONE', 'WORKASPACE' ) );
#458 = CARTESIAN_POINT ( 'NONE',  ( 0.5000000000000000000, 0.5299999999999999156, 0.9200000000000000400 ) ) ;
#459 = SURFACE_SIDE_STYLE ('',( #1420 ) ) ;
#460 = PRODUCT_DEFINITION_SHAPE ( 'NONE', 'NONE',  #1047 ) ;
#461 = CIRCLE ( 'NONE', #665, 0.02999999999999997113 ) ;
#462 = EDGE_CURVE ( 'NONE', #404, #1167, #464, .T. ) ;
#463 = VERTEX_POINT ( 'NONE', #1036 ) ;
#464 = LINE ( 'NONE', #1149, #1153 ) ;
#465 = EDGE_LOOP ( 'NONE', ( #1009, #1035, #391, #1712 ) ) ;
#466 = SURFACE_SIDE_STYLE ('',( #1581 ) ) ;
#467 = SURFACE_SIDE_STYLE ('',( #1734 ) ) ;
#468 = DIRECTION ( 'NONE',  ( 1.000000000000000000, 9.035018104045873159E-17, -0.0000000000000000000 ) ) ;
#469 =( NAMED_UNIT ( * ) PLANE_ANGLE_UNIT ( ) SI_UNIT ( $, .RADIAN. ) );
#470 = FILL_AREA_STYLE ('',( #1195 ) ) ;
#471 =( NAMED_UNIT ( * ) SI_UNIT ( $, .STERADIAN. ) SOLID_ANGLE_UNIT ( ) );
#472 = UNCERTAINTY_MEASURE_WITH_UNIT (LENGTH_MEASURE( 1.000000000000000082E-05 ), #974, 'distance_accuracy_value', 'NONE');
#473 = EDGE_LOOP ( 'NONE', ( #534, #325, #642, #305 ) ) ;
#474 =( NAMED_UNIT ( * ) SI_UNIT ( $, .STERADIAN. ) SOLID_ANGLE_UNIT ( ) );
#475 = EDGE_LOOP ( 'NONE', ( #837, #1414, #1732, #1256 ) ) ;
#476 =( LENGTH_UNIT ( ) NAMED_UNIT ( * ) SI_UNIT ( .MILLI., .METRE. ) );
#477 = PRESENTATION_STYLE_ASSIGNMENT (( #1619 ) ) ;
#478 = COLOUR_RGB ( '',0.7529411764705882248, 0.7529411764705882248, 0.7529411764705882248 ) ;
#479 = PRESENTATION_LAYER_ASSIGNMENT (  '', '', ( #651 ) ) ;
#480 =( NAMED_UNIT ( * ) PLANE_ANGLE_UNIT ( ) SI_UNIT ( $, .RADIAN. ) );
#481 = SURFACE_STYLE_USAGE ( .BOTH. , #43 ) ;
#482 = STYLED_ITEM ( 'NONE', ( #327 ), #972 ) ;
#483 = ORIENTED_EDGE ( 'NONE', *, *, #179, .T. ) ;
#484 = FACE_OUTER_BOUND ( 'NONE', #1361, .T. ) ;
#485 = ADVANCED_FACE ( 'NONE', ( #1468 ), #1723, .T. ) ;
#486 = CARTESIAN_POINT ( 'NONE',  ( -0.5000000000000000000, 0.5700000000000000622, 0.9499999999999999556 ) ) ;
#487 = FILL_AREA_STYLE_COLOUR ( '', #478 ) ;
#488 = CARTESIAN_POINT ( 'NONE',  ( 0.5000000000000000000, 0.5700000000000000622, 0.9499999999999999556 ) ) ;
#489 = FILL_AREA_STYLE ('',( #900 ) ) ;
#490 =( GEOMETRIC_REPRESENTATION_CONTEXT ( 3 ) GLOBAL_UNCERTAINTY_ASSIGNED_CONTEXT ( ( #579 ) ) GLOBAL_UNIT_ASSIGNED_CONTEXT ( ( #751, #1498, #1368 ) ) REPRESENTATION_CONTEXT ( 'NONE', 'WORKASPACE' ) );
#491 = ORIENTED_EDGE ( 'NONE', *, *, #938, .F. ) ;
#492 = VERTEX_POINT ( 'NONE', #1459 ) ;
#493 = SURFACE_STYLE_USAGE ( .BOTH. , #1528 ) ;
#494 = EDGE_CURVE ( 'NONE', #492, #404, #153, .T. ) ;
#495 = DIRECTION ( 'NONE',  ( 1.000000000000000000, 0.0000000000000000000, 0.0000000000000000000 ) ) ;
#496 = ADVANCED_FACE ( 'NONE', ( #741 ), #1578, .F. ) ;
#497 = PRESENTATION_STYLE_ASSIGNMENT (( #1345 ) ) ;
#498 = DIRECTION ( 'NONE',  ( 0.0000000000000000000, 0.0000000000000000000, -1.000000000000000000 ) ) ;
#499 = AXIS2_PLACEMENT_3D ( 'NONE', #1705, #1424, #1560 ) ;
#500 = PRODUCT_CONTEXT ( 'NONE', #1411, 'mechanical' ) ;
#501 = ORIENTED_EDGE ( 'NONE', *, *, #1768, .F. ) ;
#502 = DIRECTION ( 'NONE',  ( 1.000000000000000000, 0.0000000000000000000, 0.0000000000000000000 ) ) ;
#503 = DIRECTION ( 'NONE',  ( -1.000000000000000000, 0.0000000000000000000, 0.0000000000000000000 ) ) ;
#504 = STYLED_ITEM ( 'NONE', ( #894 ), #1711 ) ;
#505 =( NAMED_UNIT ( * ) PLANE_ANGLE_UNIT ( ) SI_UNIT ( $, .RADIAN. ) );
#506 = LINE ( 'NONE', #1063, #793 ) ;
#507 = EDGE_CURVE ( 'NONE', #666, #1151, #864, .T. ) ;
#508 = DIRECTION ( 'NONE',  ( 0.0000000000000000000, 0.0000000000000000000, 1.000000000000000000 ) ) ;
#509 = STYLED_ITEM ( 'NONE', ( #58 ), #772 ) ;
#510 = VERTEX_POINT ( 'NONE', #144 ) ;
#511 = VECTOR ( 'NONE', #1841, 1000.000000000000000 ) ;
#512 = ORIENTED_EDGE ( 'NONE', *, *, #72, .F. ) ;
#513 = VECTOR ( 'NONE', #1529, 1000.000000000000000 ) ;
#514 = DIRECTION ( 'NONE',  ( 1.000000000000000000, -0.0000000000000000000, -0.0000000000000000000 ) ) ;
#515 = FACE_OUTER_BOUND ( 'NONE', #797, .T. ) ;
#516 =( NAMED_UNIT ( * ) PLANE_ANGLE_UNIT ( ) SI_UNIT ( $, .RADIAN. ) );
#517 = FILL_AREA_STYLE_COLOUR ( '', #1625 ) ;
#518 = UNCERTAINTY_MEASURE_WITH_UNIT (LENGTH_MEASURE( 1.000000000000000082E-05 ), #1391, 'distance_accuracy_value', 'NONE');
#519 = CARTESIAN_POINT ( 'NONE',  ( 0.9700000000000003064, -0.5999999999999997558, 0.0000000000000000000 ) ) ;
#520 = AXIS2_PLACEMENT_3D ( 'NONE', #1217, #514, #193 ) ;
#521 = ADVANCED_FACE ( 'NONE', ( #136 ), #178, .T. ) ;
#522 = COLOUR_RGB ( '',0.7529411764705882248, 0.7529411764705882248, 0.7529411764705882248 ) ;
#523 = ORIENTED_EDGE ( 'NONE', *, *, #159, .T. ) ;
#524 = COLOUR_RGB ( '',0.7529411764705882248, 0.7529411764705882248, 0.7529411764705882248 ) ;
#525 = ORIENTED_EDGE ( 'NONE', *, *, #1363, .T. ) ;
#526 =( NAMED_UNIT ( * ) SI_UNIT ( $, .STERADIAN. ) SOLID_ANGLE_UNIT ( ) );
#527 = FILL_AREA_STYLE ('',( #1820 ) ) ;
#528 = FACE_OUTER_BOUND ( 'NONE', #827, .T. ) ;
#529 = ORIENTED_EDGE ( 'NONE', *, *, #1002, .F. ) ;
#530 = ORIENTED_EDGE ( 'NONE', *, *, #1496, .F. ) ;
#531 = SURFACE_SIDE_STYLE ('',( #937 ) ) ;
#532 = LINE ( 'NONE', #1854, #1168 ) ;
#533 =( LENGTH_UNIT ( ) NAMED_UNIT ( * ) SI_UNIT ( .MILLI., .METRE. ) );
#534 = ORIENTED_EDGE ( 'NONE', *, *, #756, .T. ) ;
#535 = STYLED_ITEM ( 'NONE', ( #1213 ), #1380 ) ;
#536 = VERTEX_POINT ( 'NONE', #843 ) ;
#537 = DIRECTION ( 'NONE',  ( -0.0000000000000000000, -0.0000000000000000000, 1.000000000000000000 ) ) ;
#538 = CARTESIAN_POINT ( 'NONE',  ( 0.5000000000000001110, -0.5699999999999999512, 0.9200000000000000400 ) ) ;
#539 = MANIFOLD_SOLID_BREP ( '??????????2', #804 ) ;
#540 = STYLED_ITEM ( 'NONE', ( #5 ), #960 ) ;
#541 = CARTESIAN_POINT ( 'NONE',  ( -0.5000000000000000000, -0.5300000000000000266, 0.06999999999999996503 ) ) ;
#542 = MECHANICAL_DESIGN_GEOMETRIC_PRESENTATION_REPRESENTATION (  '', ( #392 ), #457 ) ;
#543 = VERTEX_POINT ( 'NONE', #488 ) ;
#544 = VERTEX_POINT ( 'NONE', #1517 ) ;
#545 = CARTESIAN_POINT ( 'NONE',  ( 0.9700000000000000844, 0.5699999999999999512, 0.02999999999999997113 ) ) ;
#546 =( GEOMETRIC_REPRESENTATION_CONTEXT ( 3 ) GLOBAL_UNCERTAINTY_ASSIGNED_CONTEXT ( ( #975 ) ) GLOBAL_UNIT_ASSIGNED_CONTEXT ( ( #1510, #782, #257 ) ) REPRESENTATION_CONTEXT ( 'NONE', 'WORKASPACE' ) );
#547 = CARTESIAN_POINT ( 'NONE',  ( -0.5000000000000000000, -0.5299999999999999156, 0.02999999999999999889 ) ) ;
#548 = PRESENTATION_LAYER_ASSIGNMENT (  '', '', ( #839 ) ) ;
#549 = FILL_AREA_STYLE_COLOUR ( '', #1404 ) ;
#550 = ADVANCED_FACE ( 'NONE', ( #768 ), #197, .T. ) ;
#551 = ORIENTED_EDGE ( 'NONE', *, *, #371, .T. ) ;
#552 = CYLINDRICAL_SURFACE ( 'NONE', #80, 0.02999999999999997113 ) ;
#553 = ORIENTED_EDGE ( 'NONE', *, *, #895, .T. ) ;
#554 = DIRECTION ( 'NONE',  ( -0.0000000000000000000, -0.0000000000000000000, -1.000000000000000000 ) ) ;
#555 = CIRCLE ( 'NONE', #499, 0.02999999999999999889 ) ;
#556 = DIRECTION ( 'NONE',  ( 0.0000000000000000000, 0.0000000000000000000, 1.000000000000000000 ) ) ;
#557 = CARTESIAN_POINT ( 'NONE',  ( 0.5000000000000000000, 0.5300000000000000266, 0.06999999999999996503 ) ) ;
#558 = ADVANCED_FACE ( 'NONE', ( #1508 ), #795, .F. ) ;
#559 = VECTOR ( 'NONE', #1089, 1000.000000000000000 ) ;
#560 = ORIENTED_EDGE ( 'NONE', *, *, #738, .T. ) ;
#561 = AXIS2_PLACEMENT_3D ( 'NONE', #757, #1071, #344 ) ;
#562 =( GEOMETRIC_REPRESENTATION_CONTEXT ( 3 ) GLOBAL_UNCERTAINTY_ASSIGNED_CONTEXT ( ( #155 ) ) GLOBAL_UNIT_ASSIGNED_CONTEXT ( ( #959, #226, #810 ) ) REPRESENTATION_CONTEXT ( 'NONE', 'WORKASPACE' ) );
#563 = DIRECTION ( 'NONE',  ( -0.0000000000000000000, -0.0000000000000000000, -1.000000000000000000 ) ) ;
#564 = UNCERTAINTY_MEASURE_WITH_UNIT (LENGTH_MEASURE( 1.000000000000000082E-05 ), #1513, 'distance_accuracy_value', 'NONE');
#565 = LINE ( 'NONE', #1253, #96 ) ;
#566 = CIRCLE ( 'NONE', #1506, 0.02999999999999997113 ) ;
#567 = ORIENTED_EDGE ( 'NONE', *, *, #1844, .F. ) ;
#568 = PRODUCT_RELATED_PRODUCT_CATEGORY ( 'part', '', ( #47 ) ) ;
#569 = AXIS2_PLACEMENT_3D ( 'NONE', #1585, #1867, #1138 ) ;
#570 = ORIENTED_EDGE ( 'NONE', *, *, #1802, .F. ) ;
#571 = EDGE_CURVE ( 'NONE', #44, #1673, #824, .T. ) ;
#572 = FILL_AREA_STYLE_COLOUR ( '', #1343 ) ;
#573 = STYLED_ITEM ( 'NONE', ( #838 ), #218 ) ;
#574 = CARTESIAN_POINT ( 'NONE',  ( 0.5000000000000001110, -0.5999999999999999778, 0.9499999999999999556 ) ) ;
#575 = CARTESIAN_POINT ( 'NONE',  ( -0.5000000000000000000, -0.5699999999999999512, 0.9200000000000000400 ) ) ;
#576 = AXIS2_PLACEMENT_3D ( 'NONE', #424, #1016, #1758 ) ;
#577 = FACE_OUTER_BOUND ( 'NONE', #465, .T. ) ;
#578 =( NAMED_UNIT ( * ) SI_UNIT ( $, .STERADIAN. ) SOLID_ANGLE_UNIT ( ) );
#579 = UNCERTAINTY_MEASURE_WITH_UNIT (LENGTH_MEASURE( 1.000000000000000082E-05 ), #751, 'distance_accuracy_value', 'NONE');
#580 = ORIENTED_EDGE ( 'NONE', *, *, #1795, .F. ) ;
#581 = FACE_OUTER_BOUND ( 'NONE', #692, .T. ) ;
#582 = ADVANCED_FACE ( 'NONE', ( #238 ), #1374, .T. ) ;
#583 = FILL_AREA_STYLE_COLOUR ( '', #1626 ) ;
#584 = UNCERTAINTY_MEASURE_WITH_UNIT (LENGTH_MEASURE( 1.000000000000000082E-05 ), #319, 'distance_accuracy_value', 'NONE');
#585 = FACE_OUTER_BOUND ( 'NONE', #402, .T. ) ;
#586 = LINE ( 'NONE', #1719, #356 ) ;
#587 = PRESENTATION_STYLE_ASSIGNMENT (( #749 ) ) ;
#588 = PRESENTATION_STYLE_ASSIGNMENT (( #164 ) ) ;
#589 =( GEOMETRIC_REPRESENTATION_CONTEXT ( 3 ) GLOBAL_UNCERTAINTY_ASSIGNED_CONTEXT ( ( #801 ) ) GLOBAL_UNIT_ASSIGNED_CONTEXT ( ( #1043, #1455, #753 ) ) REPRESENTATION_CONTEXT ( 'NONE', 'WORKASPACE' ) );
#590 = ORIENTED_EDGE ( 'NONE', *, *, #329, .T. ) ;
#591 = CARTESIAN_POINT ( 'NONE',  ( -1.000000000000000000, 0.5999999999999999778, 0.9499999999999999556 ) ) ;
#592 =( GEOMETRIC_REPRESENTATION_CONTEXT ( 3 ) GLOBAL_UNCERTAINTY_ASSIGNED_CONTEXT ( ( #1533 ) ) GLOBAL_UNIT_ASSIGNED_CONTEXT ( ( #941, #51, #623 ) ) REPRESENTATION_CONTEXT ( 'NONE', 'WORKASPACE' ) );
#593 = DIRECTION ( 'NONE',  ( -1.807003620809175125E-16, 1.000000000000000000, 0.0000000000000000000 ) ) ;
#594 = PRESENTATION_LAYER_ASSIGNMENT (  '', '', ( #719 ) ) ;
#595 = DIRECTION ( 'NONE',  ( -0.0000000000000000000, -0.0000000000000000000, -1.000000000000000000 ) ) ;
#596 = PRESENTATION_STYLE_ASSIGNMENT (( #850 ) ) ;
#597 = ADVANCED_FACE ( 'NONE', ( #1670, #681 ), #380, .F. ) ;
#598 = AXIS2_PLACEMENT_3D ( 'NONE', #609, #1637, #186 ) ;
#599 = CIRCLE ( 'NONE', #832, 0.02999999999999997113 ) ;
#600 = SURFACE_STYLE_FILL_AREA ( #1150 ) ;
#601 = UNCERTAINTY_MEASURE_WITH_UNIT (LENGTH_MEASURE( 1.000000000000000082E-05 ), #111, 'distance_accuracy_value', 'NONE');
#602 = ORIENTED_EDGE ( 'NONE', *, *, #124, .T. ) ;
#603 = FACE_OUTER_BOUND ( 'NONE', #231, .T. ) ;
#604 = SURFACE_SIDE_STYLE ('',( #274 ) ) ;
#605 = AXIS2_PLACEMENT_3D ( 'NONE', #1519, #1350, #326 ) ;
#606 =( LENGTH_UNIT ( ) NAMED_UNIT ( * ) SI_UNIT ( .MILLI., .METRE. ) );
#607 = LINE ( 'NONE', #1049, #441 ) ;
#608 = PRESENTATION_LAYER_ASSIGNMENT (  '', '', ( #836 ) ) ;
#609 = CARTESIAN_POINT ( 'NONE',  ( -0.9999999999999997780, -0.5699999999999999512, 0.02999999999999997113 ) ) ;
#610 = STYLED_ITEM ( 'NONE', ( #1267 ), #401 ) ;
#611 = ADVANCED_FACE ( 'NONE', ( #151 ), #1274, .T. ) ;
#612 = FACE_OUTER_BOUND ( 'NONE', #199, .T. ) ;
#613 = ORIENTED_EDGE ( 'NONE', *, *, #429, .F. ) ;
#614 = SURFACE_SIDE_STYLE ('',( #1033 ) ) ;
#615 =( NAMED_UNIT ( * ) SI_UNIT ( $, .STERADIAN. ) SOLID_ANGLE_UNIT ( ) );
#616 =( GEOMETRIC_REPRESENTATION_CONTEXT ( 3 ) GLOBAL_UNCERTAINTY_ASSIGNED_CONTEXT ( ( #1746 ) ) GLOBAL_UNIT_ASSIGNED_CONTEXT ( ( #868, #1029, #877 ) ) REPRESENTATION_CONTEXT ( 'NONE', 'WORKASPACE' ) );
#617 =( LENGTH_UNIT ( ) NAMED_UNIT ( * ) SI_UNIT ( .MILLI., .METRE. ) );
#618 = EDGE_CURVE ( 'NONE', #787, #806, #270, .T. ) ;
#619 = DIRECTION ( 'NONE',  ( 0.0000000000000000000, -0.0000000000000000000, -1.000000000000000000 ) ) ;
#620 = ORIENTED_EDGE ( 'NONE', *, *, #1802, .T. ) ;
#621 = PRESENTATION_STYLE_ASSIGNMENT (( #195 ) ) ;
#622 = CARTESIAN_POINT ( 'NONE',  ( -0.5000000000000000000, 0.5699999999999999512, 0.9200000000000000400 ) ) ;
#623 =( NAMED_UNIT ( * ) SI_UNIT ( $, .STERADIAN. ) SOLID_ANGLE_UNIT ( ) );
#624 = COLOUR_RGB ( '',0.7529411764705882248, 0.7529411764705882248, 0.7529411764705882248 ) ;
#625 =( NAMED_UNIT ( * ) PLANE_ANGLE_UNIT ( ) SI_UNIT ( $, .RADIAN. ) );
#626 =( GEOMETRIC_REPRESENTATION_CONTEXT ( 3 ) GLOBAL_UNCERTAINTY_ASSIGNED_CONTEXT ( ( #1761 ) ) GLOBAL_UNIT_ASSIGNED_CONTEXT ( ( #308, #1058, #744 ) ) REPRESENTATION_CONTEXT ( 'NONE', 'WORKASPACE' ) );
#627 = ADVANCED_FACE ( 'NONE', ( #1436 ), #1876, .F. ) ;
#628 = EDGE_LOOP ( 'NONE', ( #1017, #1555, #613, #1836 ) ) ;
#629 = CARTESIAN_POINT ( 'NONE',  ( 0.5000000000000000000, -0.5300000000000000266, 0.02999999999999999889 ) ) ;
#630 = EDGE_CURVE ( 'NONE', #1382, #1247, #142, .T. ) ;
#631 = AXIS2_PLACEMENT_3D ( 'NONE', #217, #1523, #1117 ) ;
#632 = PRESENTATION_STYLE_ASSIGNMENT (( #1534 ) ) ;
#633 = PRESENTATION_LAYER_ASSIGNMENT (  '', '', ( #396 ) ) ;
#634 = CARTESIAN_POINT ( 'NONE',  ( 0.9700000000000000844, 0.5999999999999999778, 0.02999999999999997113 ) ) ;
#635 = VECTOR ( 'NONE', #771, 1000.000000000000000 ) ;
#636 = EDGE_LOOP ( 'NONE', ( #1215, #882, #240, #203 ) ) ;
#637 = LINE ( 'NONE', #1228, #349 ) ;
#638 = SPHERICAL_SURFACE ( 'NONE', #712, 0.02999999999999999889 ) ;
#639 = ADVANCED_FACE ( 'NONE', ( #1023 ), #293, .T. ) ;
#640 =( NAMED_UNIT ( * ) SI_UNIT ( $, .STERADIAN. ) SOLID_ANGLE_UNIT ( ) );
#641 = DIRECTION ( 'NONE',  ( 1.000000000000000000, 0.0000000000000000000, 0.0000000000000000000 ) ) ;
#642 = ORIENTED_EDGE ( 'NONE', *, *, #297, .T. ) ;
#643 = CIRCLE ( 'NONE', #3, 0.02999999999999997113 ) ;
#644 = EDGE_LOOP ( 'NONE', ( #412, #1128, #987, #590 ) ) ;
#645 = CARTESIAN_POINT ( 'NONE',  ( 1.000000000000000000, 0.5699999999999999512, 0.9200000000000000400 ) ) ;
#646 =( NAMED_UNIT ( * ) SI_UNIT ( $, .STERADIAN. ) SOLID_ANGLE_UNIT ( ) );
#647 = EDGE_CURVE ( 'NONE', #1073, #272, #1180, .T. ) ;
#648 = CARTESIAN_POINT ( 'NONE',  ( 0.5000000000000001110, 0.5700000000000000622, 0.9200000000000000400 ) ) ;
#649 = DIRECTION ( 'NONE',  ( -1.807003620809175125E-16, 1.000000000000000000, 0.0000000000000000000 ) ) ;
#650 = AXIS2_PLACEMENT_3D ( 'NONE', #53, #1189, #780 ) ;
#651 = STYLED_ITEM ( 'NONE', ( #477 ), #639 ) ;
#652 = EDGE_LOOP ( 'NONE', ( #1790, #455, #208, #77 ) ) ;
#653 = AXIS2_PLACEMENT_3D ( 'NONE', #129, #1872, #721 ) ;
#654 = VERTEX_POINT ( 'NONE', #888 ) ;
#655 = CARTESIAN_POINT ( 'NONE',  ( -0.9700000000000000844, 0.5699999999999999512, 0.02999999999999997113 ) ) ;
#656 = LINE ( 'NONE', #1362, #511 ) ;
#657 = DIRECTION ( 'NONE',  ( 0.0000000000000000000, 0.0000000000000000000, -1.000000000000000000 ) ) ;
#658 = UNCERTAINTY_MEASURE_WITH_UNIT (LENGTH_MEASURE( 1.000000000000000082E-05 ), #979, 'distance_accuracy_value', 'NONE');
#659 = CARTESIAN_POINT ( 'NONE',  ( 0.5000000000000001110, 0.5700000000000000622, 0.9499999999999999556 ) ) ;
#660 = MECHANICAL_DESIGN_GEOMETRIC_PRESENTATION_REPRESENTATION (  '', ( #1478 ), #138 ) ;
#661 = AXIS2_PLACEMENT_3D ( 'NONE', #723, #1428, #1161 ) ;
#662 =( GEOMETRIC_REPRESENTATION_CONTEXT ( 3 ) GLOBAL_UNCERTAINTY_ASSIGNED_CONTEXT ( ( #1623 ) ) GLOBAL_UNIT_ASSIGNED_CONTEXT ( ( #1305, #1769, #1452 ) ) REPRESENTATION_CONTEXT ( 'NONE', 'WORKASPACE' ) );
#663 = EDGE_CURVE ( 'NONE', #1771, #1208, #1646, .T. ) ;
#664 = ORIENTED_EDGE ( 'NONE', *, *, #663, .T. ) ;
#665 = AXIS2_PLACEMENT_3D ( 'NONE', #1568, #815, #1401 ) ;
#666 = VERTEX_POINT ( 'NONE', #486 ) ;
#667 = DIRECTION ( 'NONE',  ( 0.0000000000000000000, 0.0000000000000000000, -1.000000000000000000 ) ) ;
#668 = DIRECTION ( 'NONE',  ( 0.0000000000000000000, 0.0000000000000000000, -1.000000000000000000 ) ) ;
#669 = FILL_AREA_STYLE ('',( #1126 ) ) ;
#670 = ORIENTED_EDGE ( 'NONE', *, *, #1140, .F. ) ;
#671 = EDGE_CURVE ( 'NONE', #1880, #30, #322, .T. ) ;
#672 = EDGE_LOOP ( 'NONE', ( #525, #523, #912, #192, #94, #381, #1497, #298 ) ) ;
#673 =( LENGTH_UNIT ( ) NAMED_UNIT ( * ) SI_UNIT ( .MILLI., .METRE. ) );
#674 = AXIS2_PLACEMENT_3D ( 'NONE', #213, #1104, #1542 ) ;
#675 = CARTESIAN_POINT ( 'NONE',  ( -0.5000000000000000000, -0.5300000000000000266, 0.06999999999999996503 ) ) ;
#676 = FILL_AREA_STYLE_COLOUR ( '', #1710 ) ;
#677 = FILL_AREA_STYLE_COLOUR ( '', #1325 ) ;
#678 = PRESENTATION_STYLE_ASSIGNMENT (( #1873 ) ) ;
#679 = MECHANICAL_DESIGN_GEOMETRIC_PRESENTATION_REPRESENTATION (  '', ( #1838 ), #187 ) ;
#680 = STYLED_ITEM ( 'NONE', ( #1822 ), #1557 ) ;
#681 = FACE_OUTER_BOUND ( 'NONE', #1083, .T. ) ;
#682 = VERTEX_POINT ( 'NONE', #1068 ) ;
#683 = STYLED_ITEM ( 'NONE', ( #632 ), #1462 ) ;
#684 = DIRECTION ( 'NONE',  ( 0.0000000000000000000, -1.000000000000000000, -7.228014483236703064E-15 ) ) ;
#685 = ORIENTED_EDGE ( 'NONE', *, *, #1127, .T. ) ;
#686 = FILL_AREA_STYLE ('',( #676 ) ) ;
#687 = STYLED_ITEM ( 'NONE', ( #260 ), #863 ) ;
#688 = EDGE_CURVE ( 'NONE', #536, #1580, #1354, .T. ) ;
#689 = LINE ( 'NONE', #431, #452 ) ;
#690 = FILL_AREA_STYLE ('',( #1834 ) ) ;
#691 = SURFACE_SIDE_STYLE ('',( #92 ) ) ;
#692 = EDGE_LOOP ( 'NONE', ( #1848, #1442, #1607 ) ) ;
#693 = AXIS2_PLACEMENT_3D ( 'NONE', #1663, #1200, #913 ) ;
#694 = SURFACE_STYLE_USAGE ( .BOTH. , #1110 ) ;
#695 = STYLED_ITEM ( 'NONE', ( #147 ), #346 ) ;
#696 = ORIENTED_EDGE ( 'NONE', *, *, #1417, .F. ) ;
#697 =( NAMED_UNIT ( * ) PLANE_ANGLE_UNIT ( ) SI_UNIT ( $, .RADIAN. ) );
#698 =( GEOMETRIC_REPRESENTATION_CONTEXT ( 3 ) GLOBAL_UNCERTAINTY_ASSIGNED_CONTEXT ( ( #59 ) ) GLOBAL_UNIT_ASSIGNED_CONTEXT ( ( #714, #1287, #1139 ) ) REPRESENTATION_CONTEXT ( 'NONE', 'WORKASPACE' ) );
#699 = LINE ( 'NONE', #809, #1070 ) ;
#700 = DIRECTION ( 'NONE',  ( -1.807003620809174632E-16, 1.000000000000000000, -0.0000000000000000000 ) ) ;
#701 = CARTESIAN_POINT ( 'NONE',  ( 0.5000000000000000000, 0.5700000000000000622, 0.9200000000000000400 ) ) ;
#702 = EDGE_CURVE ( 'NONE', #893, #1247, #897, .T. ) ;
#703 = CARTESIAN_POINT ( 'NONE',  ( 0.5000000000000000000, 0.5699999999999999512, 0.9200000000000000400 ) ) ;
#704 = PLANE ( 'NONE',  #1791 ) ;
#705 = ORIENTED_EDGE ( 'NONE', *, *, #938, .T. ) ;
#706 = FILL_AREA_STYLE ('',( #1269 ) ) ;
#707 = DIRECTION ( 'NONE',  ( 0.0000000000000000000, 0.0000000000000000000, 1.000000000000000000 ) ) ;
#708 = VECTOR ( 'NONE', #1696, 1000.000000000000000 ) ;
#709 = SURFACE_STYLE_USAGE ( .BOTH. , #1426 ) ;
#710 = FILL_AREA_STYLE_COLOUR ( '', #1298 ) ;
#711 =( NAMED_UNIT ( * ) PLANE_ANGLE_UNIT ( ) SI_UNIT ( $, .RADIAN. ) );
#712 = AXIS2_PLACEMENT_3D ( 'NONE', #1211, #1097, #1666 ) ;
#713 = VERTEX_POINT ( 'NONE', #903 ) ;
#714 =( LENGTH_UNIT ( ) NAMED_UNIT ( * ) SI_UNIT ( .MILLI., .METRE. ) );
#715 = CARTESIAN_POINT ( 'NONE',  ( -0.5000000000000000000, 0.5699999999999999512, 0.9200000000000000400 ) ) ;
#716 = UNCERTAINTY_MEASURE_WITH_UNIT (LENGTH_MEASURE( 1.000000000000000082E-05 ), #1786, 'distance_accuracy_value', 'NONE');
#717 = ORIENTED_EDGE ( 'NONE', *, *, #1392, .F. ) ;
#718 = SURFACE_STYLE_USAGE ( .BOTH. , #1314 ) ;
#719 = STYLED_ITEM ( 'NONE', ( #588 ), #1348 ) ;
#720 = SURFACE_STYLE_USAGE ( .BOTH. , #467 ) ;
#721 = DIRECTION ( 'NONE',  ( 0.0000000000000000000, 0.0000000000000000000, 1.000000000000000000 ) ) ;
#722 =( GEOMETRIC_REPRESENTATION_CONTEXT ( 3 ) GLOBAL_UNCERTAINTY_ASSIGNED_CONTEXT ( ( #119 ) ) GLOBAL_UNIT_ASSIGNED_CONTEXT ( ( #606, #184, #1178 ) ) REPRESENTATION_CONTEXT ( 'NONE', 'WORKASPACE' ) );
#723 = CARTESIAN_POINT ( 'NONE',  ( -0.5000000000000000000, 0.5999999999999999778, 0.9499999999999999556 ) ) ;
#724 = SURFACE_STYLE_FILL_AREA ( #993 ) ;
#725 = VERTEX_POINT ( 'NONE', #1484 ) ;
#726 = FILL_AREA_STYLE ('',( #154 ) ) ;
#727 = EDGE_CURVE ( 'NONE', #463, #1225, #1766, .T. ) ;
#728 = AXIS2_PLACEMENT_3D ( 'NONE', #390, #1091, #1381 ) ;
#729 = ORIENTED_EDGE ( 'NONE', *, *, #948, .F. ) ;
#730 =( GEOMETRIC_REPRESENTATION_CONTEXT ( 3 ) GLOBAL_UNCERTAINTY_ASSIGNED_CONTEXT ( ( #1301 ) ) GLOBAL_UNIT_ASSIGNED_CONTEXT ( ( #673, #697, #1403 ) ) REPRESENTATION_CONTEXT ( 'NONE', 'WORKASPACE' ) );
#731 = DIRECTION ( 'NONE',  ( 1.000000000000000000, 0.0000000000000000000, 0.0000000000000000000 ) ) ;
#732 = CARTESIAN_POINT ( 'NONE',  ( 0.9700000000000000844, 0.5700000000000000622, 0.9499999999999999556 ) ) ;
#733 = CARTESIAN_POINT ( 'NONE',  ( 0.5000000000000000000, 0.5999999999999999778, 0.02999999999999997113 ) ) ;
#734 = DIRECTION ( 'NONE',  ( -0.0000000000000000000, 0.0000000000000000000, 1.000000000000000000 ) ) ;
#735 = CARTESIAN_POINT ( 'NONE',  ( 1.000000000000000222, -0.5999999999999998668, 0.9499999999999999556 ) ) ;
#736 = ORIENTED_EDGE ( 'NONE', *, *, #688, .T. ) ;
#737 = FACE_OUTER_BOUND ( 'NONE', #475, .T. ) ;
#738 = EDGE_CURVE ( 'NONE', #510, #30, #339, .T. ) ;
#739 = FILL_AREA_STYLE ('',( #1311 ) ) ;
#740 = ORIENTED_EDGE ( 'NONE', *, *, #816, .T. ) ;
#741 = FACE_OUTER_BOUND ( 'NONE', #817, .T. ) ;
#742 = ORIENTED_EDGE ( 'NONE', *, *, #494, .T. ) ;
#743 = DIRECTION ( 'NONE',  ( -0.0000000000000000000, -0.0000000000000000000, 1.000000000000000000 ) ) ;
#744 =( NAMED_UNIT ( * ) SI_UNIT ( $, .STERADIAN. ) SOLID_ANGLE_UNIT ( ) );
#745 = VECTOR ( 'NONE', #1457, 1000.000000000000000 ) ;
#746 = ADVANCED_FACE ( 'NONE', ( #1476 ), #177, .T. ) ;
#747 = CARTESIAN_POINT ( 'NONE',  ( -0.9999999999999997780, -0.5999999999999999778, 0.02999999999999997113 ) ) ;
#748 = CIRCLE ( 'NONE', #1143, 0.02999999999999997113 ) ;
#749 = SURFACE_STYLE_USAGE ( .BOTH. , #1157 ) ;
#750 =( NAMED_UNIT ( * ) PLANE_ANGLE_UNIT ( ) SI_UNIT ( $, .RADIAN. ) );
#751 =( LENGTH_UNIT ( ) NAMED_UNIT ( * ) SI_UNIT ( .MILLI., .METRE. ) );
#752 = FILL_AREA_STYLE ('',( #16 ) ) ;
#753 =( NAMED_UNIT ( * ) SI_UNIT ( $, .STERADIAN. ) SOLID_ANGLE_UNIT ( ) );
#754 = PRESENTATION_LAYER_ASSIGNMENT (  '', '', ( #1303 ) ) ;
#755 = CARTESIAN_POINT ( 'NONE',  ( 0.5000000000000000000, 0.5299999999999999156, 0.02999999999999999889 ) ) ;
#756 = EDGE_CURVE ( 'NONE', #682, #666, #532, .T. ) ;
#757 = CARTESIAN_POINT ( 'NONE',  ( 0.9700000000000000844, 0.5699999999999999512, 0.02999999999999997113 ) ) ;
#758 = ORIENTED_EDGE ( 'NONE', *, *, #884, .F. ) ;
#759 = LINE ( 'NONE', #1504, #307 ) ;
#760 = EDGE_CURVE ( 'NONE', #1742, #666, #1079, .T. ) ;
#761 = CARTESIAN_POINT ( 'NONE',  ( 0.9700000000000003064, -0.5699999999999997291, 0.9200000000000000400 ) ) ;
#762 = LINE ( 'NONE', #170, #163 ) ;
#763 = DIRECTION ( 'NONE',  ( -1.000000000000000000, 0.0000000000000000000, 0.0000000000000000000 ) ) ;
#764 = DIRECTION ( 'NONE',  ( 0.0000000000000000000, 0.0000000000000000000, 1.000000000000000000 ) ) ;
#765 = CARTESIAN_POINT ( 'NONE',  ( -0.5000000000000000000, -0.5999999999999999778, 0.9499999999999999556 ) ) ;
#766 = CARTESIAN_POINT ( 'NONE',  ( 0.5000000000000001110, -0.5999999999999999778, 0.9499999999999999556 ) ) ;
#767 = AXIS2_PLACEMENT_3D ( 'NONE', #1015, #1593, #449 ) ;
#768 = FACE_OUTER_BOUND ( 'NONE', #925, .T. ) ;
#769 = DIRECTION ( 'NONE',  ( 0.0000000000000000000, 0.0000000000000000000, 1.000000000000000000 ) ) ;
#770 = CIRCLE ( 'NONE', #1566, 0.02999999999999997113 ) ;
#771 = DIRECTION ( 'NONE',  ( 1.807003620809175125E-16, -1.000000000000000000, -0.0000000000000000000 ) ) ;
#772 = ADVANCED_FACE ( 'NONE', ( #81 ), #928, .T. ) ;
#773 = ORIENTED_EDGE ( 'NONE', *, *, #1759, .F. ) ;
#774 = SURFACE_STYLE_USAGE ( .BOTH. , #1634 ) ;
#775 = PRESENTATION_LAYER_ASSIGNMENT (  '', '', ( #995 ) ) ;
#776 = AXIS2_PLACEMENT_3D ( 'NONE', #263, #278, #1708 ) ;
#777 = ORIENTED_EDGE ( 'NONE', *, *, #1890, .T. ) ;
#778 = VECTOR ( 'NONE', #743, 1000.000000000000000 ) ;
#779 = CARTESIAN_POINT ( 'NONE',  ( 0.9700000000000000844, 0.5699999999999999512, 0.9200000000000000400 ) ) ;
#780 = DIRECTION ( 'NONE',  ( 0.0000000000000000000, 0.0000000000000000000, -1.000000000000000000 ) ) ;
#781 = STYLED_ITEM ( 'NONE', ( #1539 ), #389 ) ;
#782 =( NAMED_UNIT ( * ) PLANE_ANGLE_UNIT ( ) SI_UNIT ( $, .RADIAN. ) );
#783 = ADVANCED_FACE ( 'NONE', ( #1220 ), #375, .T. ) ;
#784 = CARTESIAN_POINT ( 'NONE',  ( -0.5000000000000000000, 0.5999999999999999778, 0.9200000000000000400 ) ) ;
#785 = DIRECTION ( 'NONE',  ( 1.000000000000000000, 0.0000000000000000000, -0.0000000000000000000 ) ) ;
#786 = VECTOR ( 'NONE', #1852, 1000.000000000000000 ) ;
#787 = VERTEX_POINT ( 'NONE', #1832 ) ;
#788 = ORIENTED_EDGE ( 'NONE', *, *, #1360, .T. ) ;
#789 = LINE ( 'NONE', #1830, #1657 ) ;
#790 = DIRECTION ( 'NONE',  ( -1.000000000000000000, 0.0000000000000000000, -0.0000000000000000000 ) ) ;
#791 = MECHANICAL_DESIGN_GEOMETRIC_PRESENTATION_REPRESENTATION (  '', ( #504 ), #1680 ) ;
#792 = DIRECTION ( 'NONE',  ( 1.000000000000000000, -0.0000000000000000000, -0.0000000000000000000 ) ) ;
#793 = VECTOR ( 'NONE', #929, 1000.000000000000000 ) ;
#794 = SURFACE_SIDE_STYLE ('',( #188 ) ) ;
#795 = PLANE ( 'NONE',  #631 ) ;
#796 = VECTOR ( 'NONE', #498, 1000.000000000000000 ) ;
#797 = EDGE_LOOP ( 'NONE', ( #1588, #736, #1320, #1290 ) ) ;
#798 = SURFACE_STYLE_USAGE ( .BOTH. , #1525 ) ;
#799 = ORIENTED_EDGE ( 'NONE', *, *, #1496, .T. ) ;
#800 =( NAMED_UNIT ( * ) SI_UNIT ( $, .STERADIAN. ) SOLID_ANGLE_UNIT ( ) );
#801 = UNCERTAINTY_MEASURE_WITH_UNIT (LENGTH_MEASURE( 1.000000000000000082E-05 ), #1043, 'distance_accuracy_value', 'NONE');
#802 = SURFACE_STYLE_FILL_AREA ( #1859 ) ;
#803 = EDGE_CURVE ( 'NONE', #787, #4, #1535, .T. ) ;
#804 = CLOSED_SHELL ( 'NONE', ( #627, #1348, #485, #558, #597, #1285, #389, #359, #1462, #218, #38, #98, #342, #1013, #960, #496, #269, #772, #29, #972, #1557, #746, #1380, #550, #1660, #1814, #1879, #215, #582, #521, #346, #1700, #1627, #1711, #639, #1639, #1342, #1572, #1616, #401, #206, #863, #611, #783 ) ) ;
#805 = COLOUR_RGB ( '',0.7529411764705882248, 0.7529411764705882248, 0.7529411764705882248 ) ;
#806 = VERTEX_POINT ( 'NONE', #1552 ) ;
#807 = VERTEX_POINT ( 'NONE', #235 ) ;
#808 = CARTESIAN_POINT ( 'NONE',  ( -0.5000000000000000000, -0.5299999999999999156, 0.9200000000000000400 ) ) ;
#809 = CARTESIAN_POINT ( 'NONE',  ( -0.5000000000000000000, 0.5999999999999999778, 0.9499999999999999556 ) ) ;
#810 =( NAMED_UNIT ( * ) SI_UNIT ( $, .STERADIAN. ) SOLID_ANGLE_UNIT ( ) );
#811 = SURFACE_STYLE_USAGE ( .BOTH. , #228 ) ;
#812 = CARTESIAN_POINT ( 'NONE',  ( 0.9700000000000003064, -0.5999999999999998668, 0.9499999999999999556 ) ) ;
#813 = EDGE_CURVE ( 'NONE', #1375, #272, #689, .T. ) ;
#814 = VERTEX_POINT ( 'NONE', #1003 ) ;
#815 = DIRECTION ( 'NONE',  ( 1.000000000000000000, -0.0000000000000000000, -0.0000000000000000000 ) ) ;
#816 = EDGE_CURVE ( 'NONE', #713, #1679, #268, .T. ) ;
#817 = EDGE_LOOP ( 'NONE', ( #553, #777, #65, #1237 ) ) ;
#818 = VECTOR ( 'NONE', #1684, 1000.000000000000000 ) ;
#819 = CARTESIAN_POINT ( 'NONE',  ( -0.9699999999999998623, -0.5699999999999999512, 0.9200000000000000400 ) ) ;
#820 = PRESENTATION_STYLE_ASSIGNMENT (( #1398 ) ) ;
#821 = CARTESIAN_POINT ( 'NONE',  ( -0.9699999999999998623, -0.6000000000000000888, 0.9200000000000000400 ) ) ;
#822 =( LENGTH_UNIT ( ) NAMED_UNIT ( * ) SI_UNIT ( .MILLI., .METRE. ) );
#823 = AXIS2_PLACEMENT_3D ( 'NONE', #557, #1689, #1134 ) ;
#824 = LINE ( 'NONE', #812, #288 ) ;
#825 = EDGE_LOOP ( 'NONE', ( #1323, #182, #491, #255 ) ) ;
#826 = MECHANICAL_DESIGN_GEOMETRIC_PRESENTATION_REPRESENTATION (  '', ( #312 ), #132 ) ;
#827 = EDGE_LOOP ( 'NONE', ( #1500, #1039, #512, #717 ) ) ;
#828 = SURFACE_STYLE_FILL_AREA ( #1682 ) ;
#829 = STYLED_ITEM ( 'NONE', ( #1067 ), #1013 ) ;
#830 = EDGE_CURVE ( 'NONE', #1869, #536, #566, .T. ) ;
#831 = DIRECTION ( 'NONE',  ( 0.0000000000000000000, 0.0000000000000000000, -1.000000000000000000 ) ) ;
#832 = AXIS2_PLACEMENT_3D ( 'NONE', #1675, #373, #1075 ) ;
#833 = DIRECTION ( 'NONE',  ( -1.807003620809174632E-16, 1.000000000000000000, -0.0000000000000000000 ) ) ;
#834 = AXIS2_PLACEMENT_3D ( 'NONE', #1429, #1756, #1296 ) ;
#835 = AXIS2_PLACEMENT_3D ( 'NONE', #1310, #862, #121 ) ;
#836 = STYLED_ITEM ( 'NONE', ( #1654 ), #215 ) ;
#837 = ORIENTED_EDGE ( 'NONE', *, *, #1583, .T. ) ;
#838 = PRESENTATION_STYLE_ASSIGNMENT (( #968 ) ) ;
#839 = STYLED_ITEM ( 'NONE', ( #587 ), #496 ) ;
#840 = SURFACE_STYLE_FILL_AREA ( #1561 ) ;
#841 = FACE_BOUND ( 'NONE', #1597, .T. ) ;
#842 = ORIENTED_EDGE ( 'NONE', *, *, #813, .T. ) ;
#843 = CARTESIAN_POINT ( 'NONE',  ( 0.5000000000000001110, -0.5999999999999999778, 0.03000000000000018624 ) ) ;
#844 =( LENGTH_UNIT ( ) NAMED_UNIT ( * ) SI_UNIT ( .MILLI., .METRE. ) );
#845 = ORIENTED_EDGE ( 'NONE', *, *, #876, .F. ) ;
#846 = FILL_AREA_STYLE ('',( #25 ) ) ;
#847 = APPLICATION_PROTOCOL_DEFINITION ( 'draft international standard', 'automotive_design', 1998, #1411 ) ;
#848 = AXIS2_PLACEMENT_3D ( 'NONE', #947, #1114, #1240 ) ;
#849 = DIRECTION ( 'NONE',  ( 0.0000000000000000000, 1.000000000000000000, 0.0000000000000000000 ) ) ;
#850 = SURFACE_STYLE_USAGE ( .BOTH. , #614 ) ;
#851 = CARTESIAN_POINT ( 'NONE',  ( -0.9700000000000000844, 0.5999999999999999778, 0.9499999999999999556 ) ) ;
#852 = SURFACE_SIDE_STYLE ('',( #271 ) ) ;
#853 = ORIENTED_EDGE ( 'NONE', *, *, #1768, .T. ) ;
#854 = DIRECTION ( 'NONE',  ( 1.000000000000000000, -0.0000000000000000000, -0.0000000000000000000 ) ) ;
#855 = VECTOR ( 'NONE', #1045, 1000.000000000000000 ) ;
#856 = SURFACE_STYLE_USAGE ( .BOTH. , #604 ) ;
#857 = PRESENTATION_LAYER_ASSIGNMENT (  '', '', ( #1050 ) ) ;
#858 = LINE ( 'NONE', #150, #921 ) ;
#859 = UNCERTAINTY_MEASURE_WITH_UNIT (LENGTH_MEASURE( 1.000000000000000082E-05 ), #1099, 'distance_accuracy_value', 'NONE');
#860 = PRESENTATION_STYLE_ASSIGNMENT (( #1186 ) ) ;
#861 = AXIS2_PLACEMENT_3D ( 'NONE', #1280, #446, #1598 ) ;
#862 = DIRECTION ( 'NONE',  ( -1.000000000000000000, 0.0000000000000000000, 0.0000000000000000000 ) ) ;
#863 = ADVANCED_FACE ( 'NONE', ( #1316 ), #139, .T. ) ;
#864 = LINE ( 'NONE', #265, #1632 ) ;
#865 = MECHANICAL_DESIGN_GEOMETRIC_PRESENTATION_REPRESENTATION (  '', ( #321 ), #1386 ) ;
#866 = ORIENTED_EDGE ( 'NONE', *, *, #803, .T. ) ;
#867 = LINE ( 'NONE', #1334, #1031 ) ;
#868 =( LENGTH_UNIT ( ) NAMED_UNIT ( * ) SI_UNIT ( .MILLI., .METRE. ) );
#869 = CARTESIAN_POINT ( 'NONE',  ( 0.5000000000000000000, -0.5699999999999999512, 0.8800000000000000044 ) ) ;
#870 = DIRECTION ( 'NONE',  ( -1.000000000000000000, 0.0000000000000000000, -0.0000000000000000000 ) ) ;
#871 = FACE_OUTER_BOUND ( 'NONE', #672, .T. ) ;
#872 = PRESENTATION_STYLE_ASSIGNMENT (( #1006 ) ) ;
#873 = UNCERTAINTY_MEASURE_WITH_UNIT (LENGTH_MEASURE( 1.000000000000000082E-05 ), #168, 'distance_accuracy_value', 'NONE');
#874 = VERTEX_POINT ( 'NONE', #869 ) ;
#875 = DIRECTION ( 'NONE',  ( 1.000000000000000000, 0.0000000000000000000, 0.0000000000000000000 ) ) ;
#876 = EDGE_CURVE ( 'NONE', #1151, #806, #923, .T. ) ;
#877 =( NAMED_UNIT ( * ) SI_UNIT ( $, .STERADIAN. ) SOLID_ANGLE_UNIT ( ) );
#878 = DIRECTION ( 'NONE',  ( 0.0000000000000000000, -1.000000000000000000, 0.0000000000000000000 ) ) ;
#879 = CARTESIAN_POINT ( 'NONE',  ( -1.000000000000000000, 0.5699999999999999512, 0.02999999999999997113 ) ) ;
#880 = SURFACE_SIDE_STYLE ('',( #1025 ) ) ;
#881 = COLOUR_RGB ( '',0.7529411764705882248, 0.7529411764705882248, 0.7529411764705882248 ) ;
#882 = ORIENTED_EDGE ( 'NONE', *, *, #297, .F. ) ;
#883 = AXIS2_PLACEMENT_3D ( 'NONE', #330, #70, #1522 ) ;
#884 = EDGE_CURVE ( 'NONE', #654, #492, #407, .T. ) ;
#885 = CIRCLE ( 'NONE', #311, 0.03999999999999999389 ) ;
#886 = FILL_AREA_STYLE_COLOUR ( '', #1774 ) ;
#887 = AXIS2_PLACEMENT_3D ( 'NONE', #541, #90, #657 ) ;
#888 = CARTESIAN_POINT ( 'NONE',  ( 1.000000000000000222, -0.5699999999999996181, 0.9200000000000000400 ) ) ;
#889 = PRESENTATION_LAYER_ASSIGNMENT (  '', '', ( #829 ) ) ;
#890 =( NAMED_UNIT ( * ) PLANE_ANGLE_UNIT ( ) SI_UNIT ( $, .RADIAN. ) );
#891 = DIRECTION ( 'NONE',  ( 0.0000000000000000000, 1.000000000000000000, 0.0000000000000000000 ) ) ;
#892 = ORIENTED_EDGE ( 'NONE', *, *, #1315, .T. ) ;
#893 = VERTEX_POINT ( 'NONE', #1294 ) ;
#894 = PRESENTATION_STYLE_ASSIGNMENT (( #1076 ) ) ;
#895 = EDGE_CURVE ( 'NONE', #1610, #152, #858, .T. ) ;
#896 = MECHANICAL_DESIGN_GEOMETRIC_PRESENTATION_REPRESENTATION (  '', ( #695 ), #324 ) ;
#897 = LINE ( 'NONE', #1465, #249 ) ;
#898 = AXIS2_PLACEMENT_3D ( 'NONE', #985, #684, #1257 ) ;
#899 = EDGE_CURVE ( 'NONE', #1703, #1073, #1258, .T. ) ;
#900 = FILL_AREA_STYLE_COLOUR ( '', #1108 ) ;
#901 = EDGE_LOOP ( 'NONE', ( #1235, #367, #664, #620 ) ) ;
#902 = FACE_OUTER_BOUND ( 'NONE', #1558, .T. ) ;
#903 = CARTESIAN_POINT ( 'NONE',  ( -0.5000000000000000000, -0.5699999999999999512, 0.8800000000000000044 ) ) ;
#904 = CARTESIAN_POINT ( 'NONE',  ( -0.5000000000000000000, -0.5699999999999999512, 0.9499999999999999556 ) ) ;
#905 = AXIS2_PLACEMENT_3D ( 'NONE', #538, #100, #1677 ) ;
#906 = SURFACE_STYLE_USAGE ( .BOTH. , #1181 ) ;
#907 = EDGE_CURVE ( 'NONE', #1225, #536, #289, .T. ) ;
#908 = DIRECTION ( 'NONE',  ( -1.000000000000000000, 0.0000000000000000000, 0.0000000000000000000 ) ) ;
#909 = ORIENTED_EDGE ( 'NONE', *, *, #727, .F. ) ;
#910 = MECHANICAL_DESIGN_GEOMETRIC_PRESENTATION_REPRESENTATION (  '', ( #1251 ), #185 ) ;
#911 = DIRECTION ( 'NONE',  ( 0.0000000000000000000, 0.0000000000000000000, 1.000000000000000000 ) ) ;
#912 = ORIENTED_EDGE ( 'NONE', *, *, #1777, .F. ) ;
#913 = DIRECTION ( 'NONE',  ( 0.0000000000000000000, 0.0000000000000000000, -1.000000000000000000 ) ) ;
#914 = DIRECTION ( 'NONE',  ( -0.0000000000000000000, 0.0000000000000000000, 1.000000000000000000 ) ) ;
#915 = DIRECTION ( 'NONE',  ( 0.0000000000000000000, 1.000000000000000000, 0.0000000000000000000 ) ) ;
#916 = MECHANICAL_DESIGN_GEOMETRIC_PRESENTATION_REPRESENTATION (  '', ( #719 ), #1686 ) ;
#917 = SURFACE_SIDE_STYLE ('',( #1340 ) ) ;
#918 = FILL_AREA_STYLE_COLOUR ( '', #1495 ) ;
#919 = STYLED_ITEM ( 'NONE', ( #1883 ), #627 ) ;
#920 = EDGE_LOOP ( 'NONE', ( #427, #1524, #115, #758 ) ) ;
#921 = VECTOR ( 'NONE', #700, 1000.000000000000000 ) ;
#922 =( NAMED_UNIT ( * ) SI_UNIT ( $, .STERADIAN. ) SOLID_ANGLE_UNIT ( ) );
#923 = CIRCLE ( 'NONE', #653, 0.02999999999999997113 ) ;
#924 = EDGE_CURVE ( 'NONE', #654, #463, #347, .T. ) ;
#925 = EDGE_LOOP ( 'NONE', ( #256, #1432, #1797 ) ) ;
#926 = LINE ( 'NONE', #784, #35 ) ;
#927 = MECHANICAL_DESIGN_GEOMETRIC_PRESENTATION_REPRESENTATION (  '', ( #74 ), #1661 ) ;
#928 = CYLINDRICAL_SURFACE ( 'NONE', #887, 0.04000000000000000083 ) ;
#929 = DIRECTION ( 'NONE',  ( 9.035018104045870694E-17, -1.000000000000000000, 0.0000000000000000000 ) ) ;
#930 = COLOUR_RGB ( '',0.1254901960784313708, 0.1254901960784313708, 0.1254901960784313708 ) ;
#931 = DIRECTION ( 'NONE',  ( -1.000000000000000000, -0.0000000000000000000, -0.0000000000000000000 ) ) ;
#932 = DIRECTION ( 'NONE',  ( 1.000000000000000000, 0.0000000000000000000, 0.0000000000000000000 ) ) ;
#933 = SURFACE_STYLE_FILL_AREA ( #489 ) ;
#934 = PRESENTATION_LAYER_ASSIGNMENT (  '', '', ( #1306 ) ) ;
#935 = APPLICATION_PROTOCOL_DEFINITION ( 'draft international standard', 'automotive_design', 1998, #264 ) ;
#936 = CYLINDRICAL_SURFACE ( 'NONE', #1664, 0.02999999999999999889 ) ;
#937 = SURFACE_STYLE_FILL_AREA ( #363 ) ;
#938 = EDGE_CURVE ( 'NONE', #544, #1055, #1780, .T. ) ;
#939 =( NAMED_UNIT ( * ) PLANE_ANGLE_UNIT ( ) SI_UNIT ( $, .RADIAN. ) );
#940 = UNCERTAINTY_MEASURE_WITH_UNIT (LENGTH_MEASURE( 1.000000000000000082E-05 ), #310, 'distance_accuracy_value', 'NONE');
#941 =( LENGTH_UNIT ( ) NAMED_UNIT ( * ) SI_UNIT ( .MILLI., .METRE. ) );
#942 = VECTOR ( 'NONE', #306, 1000.000000000000000 ) ;
#943 = ORIENTED_EDGE ( 'NONE', *, *, #20, .F. ) ;
#944 = ORIENTED_EDGE ( 'NONE', *, *, #1475, .T. ) ;
#945 = DIRECTION ( 'NONE',  ( -1.000000000000000000, -0.0000000000000000000, -0.0000000000000000000 ) ) ;
#946 = CARTESIAN_POINT ( 'NONE',  ( -1.000000000000000000, 0.5999999999999999778, 0.02999999999999997113 ) ) ;
#947 = CARTESIAN_POINT ( 'NONE',  ( -0.9699999999999998623, -0.5699999999999999512, 0.9499999999999999556 ) ) ;
#948 = EDGE_CURVE ( 'NONE', #1167, #1549, #748, .T. ) ;
#949 = FILL_AREA_STYLE_COLOUR ( '', #1419 ) ;
#950 = FILL_AREA_STYLE_COLOUR ( '', #1788 ) ;
#951 = MECHANICAL_DESIGN_GEOMETRIC_PRESENTATION_REPRESENTATION (  '', ( #683 ), #592 ) ;
#952 = AXIS2_PLACEMENT_3D ( 'NONE', #1389, #668, #1241 ) ;
#953 = ORIENTED_EDGE ( 'NONE', *, *, #1856, .T. ) ;
#954 = COLOUR_RGB ( '',0.1254901960784313708, 0.1254901960784313708, 0.1254901960784313708 ) ;
#955 = ORIENTED_EDGE ( 'NONE', *, *, #1783, .F. ) ;
#956 = PRESENTATION_STYLE_ASSIGNMENT (( #384 ) ) ;
#957 = CARTESIAN_POINT ( 'NONE',  ( -0.9700000000000000844, 0.5700000000000000622, 0.9499999999999999556 ) ) ;
#958 = SURFACE_SIDE_STYLE ('',( #1270 ) ) ;
#959 =( LENGTH_UNIT ( ) NAMED_UNIT ( * ) SI_UNIT ( .MILLI., .METRE. ) );
#960 = ADVANCED_FACE ( 'NONE', ( #1892 ), #1308, .T. ) ;
#961 = DIRECTION ( 'NONE',  ( 0.0000000000000000000, 0.0000000000000000000, -1.000000000000000000 ) ) ;
#962 = FILL_AREA_STYLE ('',( #949 ) ) ;
#963 = PRESENTATION_STYLE_ASSIGNMENT (( #1691 ) ) ;
#964 =( GEOMETRIC_REPRESENTATION_CONTEXT ( 3 ) GLOBAL_UNCERTAINTY_ASSIGNED_CONTEXT ( ( #23 ) ) GLOBAL_UNIT_ASSIGNED_CONTEXT ( ( #141, #1136, #1022 ) ) REPRESENTATION_CONTEXT ( 'NONE', 'WORKASPACE' ) );
#965 = ORIENTED_EDGE ( 'NONE', *, *, #1441, .F. ) ;
#966 = AXIS2_PLACEMENT_3D ( 'NONE', #1643, #173, #619 ) ;
#967 = ORIENTED_EDGE ( 'NONE', *, *, #738, .F. ) ;
#968 = SURFACE_STYLE_USAGE ( .BOTH. , #428 ) ;
#969 = LINE ( 'NONE', #1530, #302 ) ;
#970 = FILL_AREA_STYLE ('',( #517 ) ) ;
#971 = FILL_AREA_STYLE_COLOUR ( '', #1755 ) ;
#972 = ADVANCED_FACE ( 'NONE', ( #194 ), #41, .T. ) ;
#973 = ORIENTED_EDGE ( 'NONE', *, *, #1127, .F. ) ;
#974 =( LENGTH_UNIT ( ) NAMED_UNIT ( * ) SI_UNIT ( .MILLI., .METRE. ) );
#975 = UNCERTAINTY_MEASURE_WITH_UNIT (LENGTH_MEASURE( 1.000000000000000082E-05 ), #1510, 'distance_accuracy_value', 'NONE');
#976 = ORIENTED_EDGE ( 'NONE', *, *, #8, .T. ) ;
#977 = CARTESIAN_POINT ( 'NONE',  ( 0.5000000000000000000, 0.5300000000000000266, 0.02999999999999999889 ) ) ;
#978 = AXIS2_PLACEMENT_3D ( 'NONE', #1778, #911, #335 ) ;
#979 =( LENGTH_UNIT ( ) NAMED_UNIT ( * ) SI_UNIT ( .MILLI., .METRE. ) );
#980 = PRESENTATION_LAYER_ASSIGNMENT (  '', '', ( #1251 ) ) ;
#981 = SURFACE_STYLE_USAGE ( .BOTH. , #1146 ) ;
#982 = STYLED_ITEM ( 'NONE', ( #678 ), #1572 ) ;
#983 =( LENGTH_UNIT ( ) NAMED_UNIT ( * ) SI_UNIT ( .MILLI., .METRE. ) );
#984 = MECHANICAL_DESIGN_GEOMETRIC_PRESENTATION_REPRESENTATION (  '', ( #1439 ), #64 ) ;
#985 = CARTESIAN_POINT ( 'NONE',  ( 0.9700000000000003064, -0.5699999999999996181, 0.9200000000000000400 ) ) ;
#986 = EDGE_CURVE ( 'NONE', #127, #874, #133, .T. ) ;
#987 = ORIENTED_EDGE ( 'NONE', *, *, #1315, .F. ) ;
#988 = CARTESIAN_POINT ( 'NONE',  ( -0.5000000000000000000, -0.5699999999999999512, 0.02999999999999997113 ) ) ;
#989 = COLOUR_RGB ( '',0.7529411764705882248, 0.7529411764705882248, 0.7529411764705882248 ) ;
#990 = CARTESIAN_POINT ( 'NONE',  ( -0.5000000000000000000, 0.5299999999999999156, 0.9200000000000000400 ) ) ;
#991 = SURFACE_SIDE_STYLE ('',( #840 ) ) ;
#992 = DIRECTION ( 'NONE',  ( 0.0000000000000000000, 0.0000000000000000000, 1.000000000000000000 ) ) ;
#993 = FILL_AREA_STYLE ('',( #423 ) ) ;
#994 =( GEOMETRIC_REPRESENTATION_CONTEXT ( 3 ) GLOBAL_UNCERTAINTY_ASSIGNED_CONTEXT ( ( #998 ) ) GLOBAL_UNIT_ASSIGNED_CONTEXT ( ( #1649, #1775, #922 ) ) REPRESENTATION_CONTEXT ( 'NONE', 'WORKASPACE' ) );
#995 = STYLED_ITEM ( 'NONE', ( #1584 ), #98 ) ;
#996 = FILL_AREA_STYLE_COLOUR ( '', #143 ) ;
#997 = CARTESIAN_POINT ( 'NONE',  ( 0.9700000000000000844, 0.5699999999999999512, 0.0000000000000000000 ) ) ;
#998 = UNCERTAINTY_MEASURE_WITH_UNIT (LENGTH_MEASURE( 1.000000000000000082E-05 ), #1649, 'distance_accuracy_value', 'NONE');
#999 = MECHANICAL_DESIGN_GEOMETRIC_PRESENTATION_REPRESENTATION (  '', ( #1303 ), #662 ) ;
#1000 = ORIENTED_EDGE ( 'NONE', *, *, #630, .T. ) ;
#1001 =( NAMED_UNIT ( * ) PLANE_ANGLE_UNIT ( ) SI_UNIT ( $, .RADIAN. ) );
#1002 = EDGE_CURVE ( 'NONE', #1751, #1807, #1041, .T. ) ;
#1003 = CARTESIAN_POINT ( 'NONE',  ( -1.000000000000000000, 0.5699999999999999512, 0.9200000000000000400 ) ) ;
#1004 = FACE_OUTER_BOUND ( 'NONE', #636, .T. ) ;
#1005 =( NAMED_UNIT ( * ) SI_UNIT ( $, .STERADIAN. ) SOLID_ANGLE_UNIT ( ) );
#1006 = SURFACE_STYLE_USAGE ( .BOTH. , #459 ) ;
#1007 = ORIENTED_EDGE ( 'NONE', *, *, #1172, .F. ) ;
#1008 = SPHERICAL_SURFACE ( 'NONE', #1048, 0.02999999999999999889 ) ;
#1009 = ORIENTED_EDGE ( 'NONE', *, *, #1777, .T. ) ;
#1010 =( LENGTH_UNIT ( ) NAMED_UNIT ( * ) SI_UNIT ( .MILLI., .METRE. ) );
#1011 = STYLED_ITEM ( 'NONE', ( #1891 ), #1879 ) ;
#1012 = DIRECTION ( 'NONE',  ( -1.000000000000000000, 0.0000000000000000000, 0.0000000000000000000 ) ) ;
#1013 = ADVANCED_FACE ( 'NONE', ( #1753 ), #166, .F. ) ;
#1014 = DIRECTION ( 'NONE',  ( -0.0000000000000000000, 1.000000000000000000, -0.0000000000000000000 ) ) ;
#1015 = CARTESIAN_POINT ( 'NONE',  ( -0.5000000000000000000, 0.5699999999999999512, 0.9200000000000000400 ) ) ;
#1016 = DIRECTION ( 'NONE',  ( -0.0000000000000000000, 0.0000000000000000000, 1.000000000000000000 ) ) ;
#1017 = ORIENTED_EDGE ( 'NONE', *, *, #1827, .T. ) ;
#1018 =( NAMED_UNIT ( * ) SI_UNIT ( $, .STERADIAN. ) SOLID_ANGLE_UNIT ( ) );
#1019 = PRESENTATION_LAYER_ASSIGNMENT (  '', '', ( #312 ) ) ;
#1020 = CARTESIAN_POINT ( 'NONE',  ( -0.9700000000000000844, 0.5699999999999999512, 0.9200000000000000400 ) ) ;
#1021 = MECHANICAL_DESIGN_GEOMETRIC_PRESENTATION_REPRESENTATION (  '', ( #687 ), #39 ) ;
#1022 =( NAMED_UNIT ( * ) SI_UNIT ( $, .STERADIAN. ) SOLID_ANGLE_UNIT ( ) );
#1023 = FACE_OUTER_BOUND ( 'NONE', #97, .T. ) ;
#1024 = ORIENTED_EDGE ( 'NONE', *, *, #830, .T. ) ;
#1025 = SURFACE_STYLE_FILL_AREA ( #1739 ) ;
#1026 = MECHANICAL_DESIGN_GEOMETRIC_PRESENTATION_REPRESENTATION (  '', ( #995 ), #1087 ) ;
#1027 = ORIENTED_EDGE ( 'NONE', *, *, #46, .F. ) ;
#1028 = DIRECTION ( 'NONE',  ( 0.0000000000000000000, 1.000000000000000000, 0.0000000000000000000 ) ) ;
#1029 =( NAMED_UNIT ( * ) PLANE_ANGLE_UNIT ( ) SI_UNIT ( $, .RADIAN. ) );
#1030 = PRESENTATION_LAYER_ASSIGNMENT (  '', '', ( #1481 ) ) ;
#1031 = VECTOR ( 'NONE', #854, 1000.000000000000000 ) ;
#1032 = FILL_AREA_STYLE ('',( #318 ) ) ;
#1033 = SURFACE_STYLE_FILL_AREA ( #1754 ) ;
#1034 = CIRCLE ( 'NONE', #898, 0.02999999999999997113 ) ;
#1035 = ORIENTED_EDGE ( 'NONE', *, *, #1140, .T. ) ;
#1036 = CARTESIAN_POINT ( 'NONE',  ( 0.9700000000000003064, -0.5999999999999998668, 0.9200000000000000400 ) ) ;
#1037 = UNCERTAINTY_MEASURE_WITH_UNIT (LENGTH_MEASURE( 1.000000000000000082E-05 ), #1738, 'distance_accuracy_value', 'NONE');
#1038 = EDGE_CURVE ( 'NONE', #1807, #1703, #656, .T. ) ;
#1039 = ORIENTED_EDGE ( 'NONE', *, *, #329, .F. ) ;
#1040 = CARTESIAN_POINT ( 'NONE',  ( 0.9700000000000003064, -0.5999999999999998668, 0.9200000000000000400 ) ) ;
#1041 = LINE ( 'NONE', #1618, #1292 ) ;
#1042 = UNCERTAINTY_MEASURE_WITH_UNIT (LENGTH_MEASURE( 1.000000000000000082E-05 ), #533, 'distance_accuracy_value', 'NONE');
#1043 =( LENGTH_UNIT ( ) NAMED_UNIT ( * ) SI_UNIT ( .MILLI., .METRE. ) );
#1044 = SURFACE_STYLE_USAGE ( .BOTH. , #917 ) ;
#1045 = DIRECTION ( 'NONE',  ( 1.000000000000000000, -0.0000000000000000000, -0.0000000000000000000 ) ) ;
#1046 = AXIS2_PLACEMENT_3D ( 'NONE', #648, #1230, #992 ) ;
#1047 = PRODUCT_DEFINITION ( 'UNKNOWN', '', #1833, #6 ) ;
#1048 = AXIS2_PLACEMENT_3D ( 'NONE', #1586, #1448, #1605 ) ;
#1049 = CARTESIAN_POINT ( 'NONE',  ( 0.5000000000000000000, -0.5699999999999999512, 0.9200000000000000400 ) ) ;
#1050 = STYLED_ITEM ( 'NONE', ( #820 ), #783 ) ;
#1051 = CARTESIAN_POINT ( 'NONE',  ( 1.000000000000000222, -0.5999999999999998668, 0.9200000000000000400 ) ) ;
#1052 = CARTESIAN_POINT ( 'NONE',  ( 0.5000000000000000000, -0.5299999999999999156, 0.02999999999999999889 ) ) ;
#1053 = UNCERTAINTY_MEASURE_WITH_UNIT (LENGTH_MEASURE( 1.000000000000000082E-05 ), #1246, 'distance_accuracy_value', 'NONE');
#1054 = EDGE_LOOP ( 'NONE', ( #973, #1518, #108, #580 ) ) ;
#1055 = VERTEX_POINT ( 'NONE', #1695 ) ;
#1056 = CYLINDRICAL_SURFACE ( 'NONE', #1818, 0.02999999999999997113 ) ;
#1057 = PRESENTATION_LAYER_ASSIGNMENT (  '', '', ( #1479 ) ) ;
#1058 =( NAMED_UNIT ( * ) PLANE_ANGLE_UNIT ( ) SI_UNIT ( $, .RADIAN. ) );
#1059 = CARTESIAN_POINT ( 'NONE',  ( 0.9700000000000003064, -0.5699999999999996181, 0.9499999999999999556 ) ) ;
#1060 = PRESENTATION_LAYER_ASSIGNMENT (  '', '', ( #1884 ) ) ;
#1061 = EDGE_CURVE ( 'NONE', #1549, #1673, #770, .T. ) ;
#1062 =( GEOMETRIC_REPRESENTATION_CONTEXT ( 3 ) GLOBAL_UNCERTAINTY_ASSIGNED_CONTEXT ( ( #285 ) ) GLOBAL_UNIT_ASSIGNED_CONTEXT ( ( #1299, #1887, #578 ) ) REPRESENTATION_CONTEXT ( 'NONE', 'WORKASPACE' ) );
#1063 = CARTESIAN_POINT ( 'NONE',  ( 0.5000000000000000000, 0.5999999999999999778, 0.9499999999999999556 ) ) ;
#1064 =( NAMED_UNIT ( * ) SI_UNIT ( $, .STERADIAN. ) SOLID_ANGLE_UNIT ( ) );
#1065 = ORIENTED_EDGE ( 'NONE', *, *, #1491, .T. ) ;
#1066 = SURFACE_STYLE_FILL_AREA ( #183 ) ;
#1067 = PRESENTATION_STYLE_ASSIGNMENT (( #26 ) ) ;
#1068 = CARTESIAN_POINT ( 'NONE',  ( -0.5000000000000000000, -0.5700000000000000622, 0.9499999999999999556 ) ) ;
#1069 = CARTESIAN_POINT ( 'NONE',  ( -0.9700000000000000844, 0.5699999999999999512, 0.9200000000000000400 ) ) ;
#1070 = VECTOR ( 'NONE', #554, 1000.000000000000000 ) ;
#1071 = DIRECTION ( 'NONE',  ( 0.0000000000000000000, 0.0000000000000000000, -1.000000000000000000 ) ) ;
#1072 = MECHANICAL_DESIGN_GEOMETRIC_PRESENTATION_REPRESENTATION (  '', ( #239 ), #1135 ) ;
#1073 = VERTEX_POINT ( 'NONE', #1385 ) ;
#1074 = FILL_AREA_STYLE ('',( #1369 ) ) ;
#1075 = DIRECTION ( 'NONE',  ( 0.0000000000000000000, 1.000000000000000000, 0.0000000000000000000 ) ) ;
#1076 = SURFACE_STYLE_USAGE ( .BOTH. , #1635 ) ;
#1077 = PRESENTATION_LAYER_ASSIGNMENT (  '', '', ( #1439 ) ) ;
#1078 = CARTESIAN_POINT ( 'NONE',  ( 0.9700000000000000844, 0.5999999999999999778, 0.9200000000000000400 ) ) ;
#1079 = CIRCLE ( 'NONE', #345, 0.02999999999999997113 ) ;
#1080 = DIRECTION ( 'NONE',  ( 0.0000000000000000000, 1.000000000000000000, 0.0000000000000000000 ) ) ;
#1081 = FACE_OUTER_BOUND ( 'NONE', #116, .T. ) ;
#1082 = VECTOR ( 'NONE', #1799, 1000.000000000000000 ) ;
#1083 = EDGE_LOOP ( 'NONE', ( #369, #685, #953, #1024, #135, #1694, #1395, #1762 ) ) ;
#1084 = PLANE ( 'NONE',  #99 ) ;
#1085 = PRESENTATION_LAYER_ASSIGNMENT (  '', '', ( #321 ) ) ;
#1086 = FACE_OUTER_BOUND ( 'NONE', #920, .T. ) ;
#1087 =( GEOMETRIC_REPRESENTATION_CONTEXT ( 3 ) GLOBAL_UNCERTAINTY_ASSIGNED_CONTEXT ( ( #1037 ) ) GLOBAL_UNIT_ASSIGNED_CONTEXT ( ( #1738, #1125, #526 ) ) REPRESENTATION_CONTEXT ( 'NONE', 'WORKASPACE' ) );
#1088 = CARTESIAN_POINT ( 'NONE',  ( 0.9700000000000000844, 0.5699999999999999512, 0.9499999999999999556 ) ) ;
#1089 = DIRECTION ( 'NONE',  ( -1.000000000000000000, 0.0000000000000000000, 0.0000000000000000000 ) ) ;
#1090 = AXIS2_PLACEMENT_3D ( 'NONE', #1278, #667, #87 ) ;
#1091 = DIRECTION ( 'NONE',  ( -1.000000000000000000, -2.168404344971008621E-16, 0.0000000000000000000 ) ) ;
#1092 = EDGE_LOOP ( 'NONE', ( #1860, #1158, #845, #1131 ) ) ;
#1093 =( NAMED_UNIT ( * ) PLANE_ANGLE_UNIT ( ) SI_UNIT ( $, .RADIAN. ) );
#1094 = EDGE_CURVE ( 'NONE', #1580, #492, #1847, .T. ) ;
#1095 = EDGE_LOOP ( 'NONE', ( #222, #1458, #1199, #570 ) ) ;
#1096 = CARTESIAN_POINT ( 'NONE',  ( 0.5000000000000001110, -0.5699999999999999512, 0.9499999999999999556 ) ) ;
#1097 = DIRECTION ( 'NONE',  ( 0.0000000000000000000, 1.000000000000000000, 0.0000000000000000000 ) ) ;
#1098 = DIRECTION ( 'NONE',  ( -0.0000000000000000000, 1.000000000000000000, -0.0000000000000000000 ) ) ;
#1099 =( LENGTH_UNIT ( ) NAMED_UNIT ( * ) SI_UNIT ( .MILLI., .METRE. ) );
#1100 = ORIENTED_EDGE ( 'NONE', *, *, #816, .F. ) ;
#1101 = ORIENTED_EDGE ( 'NONE', *, *, #1676, .F. ) ;
#1102 = FACE_OUTER_BOUND ( 'NONE', #1681, .T. ) ;
#1103 = DIRECTION ( 'NONE',  ( 1.000000000000000000, 2.168404344971008621E-16, 0.0000000000000000000 ) ) ;
#1104 = DIRECTION ( 'NONE',  ( -3.614007241618351532E-15, -1.000000000000000000, 0.0000000000000000000 ) ) ;
#1105 = PRESENTATION_LAYER_ASSIGNMENT (  '', '', ( #239 ) ) ;
#1106 =( NAMED_UNIT ( * ) SI_UNIT ( $, .STERADIAN. ) SOLID_ANGLE_UNIT ( ) );
#1107 = SURFACE_SIDE_STYLE ('',( #802 ) ) ;
#1108 = COLOUR_RGB ( '',0.7529411764705882248, 0.7529411764705882248, 0.7529411764705882248 ) ;
#1109 = ORIENTED_EDGE ( 'NONE', *, *, #1450, .F. ) ;
#1110 = SURFACE_SIDE_STYLE ('',( #1422 ) ) ;
#1111 = AXIS2_PLACEMENT_3D ( 'NONE', #1271, #1012, #1864 ) ;
#1112 = ORIENTED_EDGE ( 'NONE', *, *, #702, .F. ) ;
#1113 = CARTESIAN_POINT ( 'NONE',  ( -0.5000000000000000000, 0.5699999999999999512, 0.0000000000000000000 ) ) ;
#1114 = DIRECTION ( 'NONE',  ( -0.0000000000000000000, 0.0000000000000000000, -1.000000000000000000 ) ) ;
#1115 = EDGE_CURVE ( 'NONE', #73, #44, #78, .T. ) ;
#1116 = COLOUR_RGB ( '',0.1254901960784313708, 0.1254901960784313708, 0.1254901960784313708 ) ;
#1117 = DIRECTION ( 'NONE',  ( 1.000000000000000000, 0.0000000000000000000, 0.0000000000000000000 ) ) ;
#1118 = AXIS2_PLACEMENT_3D ( 'NONE', #1467, #216, #1835 ) ;
#1119 = ORIENTED_EDGE ( 'NONE', *, *, #1360, .F. ) ;
#1120 = COLOUR_RGB ( '',0.7529411764705882248, 0.7529411764705882248, 0.7529411764705882248 ) ;
#1121 = VERTEX_POINT ( 'NONE', #1113 ) ;
#1122 = LINE ( 'NONE', #89, #818 ) ;
#1123 = DIRECTION ( 'NONE',  ( 1.000000000000000000, 0.0000000000000000000, 0.0000000000000000000 ) ) ;
#1124 = DIRECTION ( 'NONE',  ( -1.807003620809174632E-16, 1.000000000000000000, 0.0000000000000000000 ) ) ;
#1125 =( NAMED_UNIT ( * ) PLANE_ANGLE_UNIT ( ) SI_UNIT ( $, .RADIAN. ) );
#1126 = FILL_AREA_STYLE_COLOUR ( '', #1116 ) ;
#1127 = EDGE_CURVE ( 'NONE', #1247, #1540, #599, .T. ) ;
#1128 = ORIENTED_EDGE ( 'NONE', *, *, #1038, .T. ) ;
#1129 = CARTESIAN_POINT ( 'NONE',  ( -0.9700000000000000844, 0.5999999999999999778, 0.02999999999999997113 ) ) ;
#1130 = CIRCLE ( 'NONE', #674, 0.02999999999999997113 ) ;
#1131 = ORIENTED_EDGE ( 'NONE', *, *, #507, .F. ) ;
#1132 =( LENGTH_UNIT ( ) NAMED_UNIT ( * ) SI_UNIT ( .MILLI., .METRE. ) );
#1133 = FILL_AREA_STYLE ('',( #583 ) ) ;
#1134 = DIRECTION ( 'NONE',  ( 0.0000000000000000000, 1.000000000000000000, 0.0000000000000000000 ) ) ;
#1135 =( GEOMETRIC_REPRESENTATION_CONTEXT ( 3 ) GLOBAL_UNCERTAINTY_ASSIGNED_CONTEXT ( ( #1281 ) ) GLOBAL_UNIT_ASSIGNED_CONTEXT ( ( #1317, #17, #646 ) ) REPRESENTATION_CONTEXT ( 'NONE', 'WORKASPACE' ) );
#1136 =( NAMED_UNIT ( * ) PLANE_ANGLE_UNIT ( ) SI_UNIT ( $, .RADIAN. ) );
#1137 = VECTOR ( 'NONE', #1356, 1000.000000000000000 ) ;
#1138 = DIRECTION ( 'NONE',  ( 1.000000000000000000, 0.0000000000000000000, 0.0000000000000000000 ) ) ;
#1139 =( NAMED_UNIT ( * ) SI_UNIT ( $, .STERADIAN. ) SOLID_ANGLE_UNIT ( ) );
#1140 = EDGE_CURVE ( 'NONE', #156, #787, #789, .T. ) ;
#1141 = VERTEX_POINT ( 'NONE', #997 ) ;
#1142 = CARTESIAN_POINT ( 'NONE',  ( 0.9700000000000000844, 0.5999999999999999778, 0.02999999999999997113 ) ) ;
#1143 = AXIS2_PLACEMENT_3D ( 'NONE', #438, #556, #731 ) ;
#1144 = DIRECTION ( 'NONE',  ( -0.0000000000000000000, 1.000000000000000000, -0.0000000000000000000 ) ) ;
#1145 = SURFACE_STYLE_FILL_AREA ( #690 ) ;
#1146 = SURFACE_SIDE_STYLE ('',( #409 ) ) ;
#1147 = ORIENTED_EDGE ( 'NONE', *, *, #1302, .F. ) ;
#1148 = COLOUR_RGB ( '',0.7529411764705882248, 0.7529411764705882248, 0.7529411764705882248 ) ;
#1149 = CARTESIAN_POINT ( 'NONE',  ( 1.000000000000000000, 0.5699999999999999512, 0.9499999999999999556 ) ) ;
#1150 = FILL_AREA_STYLE ('',( #1878 ) ) ;
#1151 = VERTEX_POINT ( 'NONE', #957 ) ;
#1152 = FILL_AREA_STYLE_COLOUR ( '', #1231 ) ;
#1153 = VECTOR ( 'NONE', #1312, 1000.000000000000000 ) ;
#1154 = EDGE_CURVE ( 'NONE', #1862, #1679, #1569, .T. ) ;
#1155 = CARTESIAN_POINT ( 'NONE',  ( 0.9700000000000003064, -0.5699999999999998401, 0.9200000000000000400 ) ) ;
#1156 = UNCERTAINTY_MEASURE_WITH_UNIT (LENGTH_MEASURE( 1.000000000000000082E-05 ), #165, 'distance_accuracy_value', 'NONE');
#1157 = SURFACE_SIDE_STYLE ('',( #434 ) ) ;
#1158 = ORIENTED_EDGE ( 'NONE', *, *, #1249, .F. ) ;
#1159 = PRESENTATION_STYLE_ASSIGNMENT (( #1433 ) ) ;
#1160 = SURFACE_STYLE_USAGE ( .BOTH. , #1309 ) ;
#1161 = DIRECTION ( 'NONE',  ( 0.0000000000000000000, 0.0000000000000000000, 1.000000000000000000 ) ) ;
#1162 =( LENGTH_UNIT ( ) NAMED_UNIT ( * ) SI_UNIT ( .MILLI., .METRE. ) );
#1163 = COLOUR_RGB ( '',0.7529411764705882248, 0.7529411764705882248, 0.7529411764705882248 ) ;
#1164 = ADVANCED_BREP_SHAPE_REPRESENTATION ( '19F762F3-FD1C-4749-B9E3-C3E012E17E1B', ( #539, #978 ), #1554 ) ;
#1165 = CIRCLE ( 'NONE', #823, 0.03999999999999999389 ) ;
#1166 = FACE_OUTER_BOUND ( 'NONE', #1451, .T. ) ;
#1167 = VERTEX_POINT ( 'NONE', #645 ) ;
#1168 = VECTOR ( 'NONE', #1098, 1000.000000000000000 ) ;
#1169 = MECHANICAL_DESIGN_GEOMETRIC_PRESENTATION_REPRESENTATION (  '', ( #482 ), #722 ) ;
#1170 = AXIS2_PLACEMENT_3D ( 'NONE', #386, #537, #1579 ) ;
#1171 = FILL_AREA_STYLE_COLOUR ( '', #450 ) ;
#1172 = EDGE_CURVE ( 'NONE', #4, #415, #1541, .T. ) ;
#1173 = DIRECTION ( 'NONE',  ( -1.000000000000000000, 0.0000000000000000000, 0.0000000000000000000 ) ) ;
#1174 = COLOUR_RGB ( '',0.7529411764705882248, 0.7529411764705882248, 0.7529411764705882248 ) ;
#1175 = ORIENTED_EDGE ( 'NONE', *, *, #803, .F. ) ;
#1176 = FILL_AREA_STYLE ('',( #157 ) ) ;
#1177 = MECHANICAL_DESIGN_GEOMETRIC_PRESENTATION_REPRESENTATION (  '', ( #836 ), #546 ) ;
#1178 =( NAMED_UNIT ( * ) SI_UNIT ( $, .STERADIAN. ) SOLID_ANGLE_UNIT ( ) );
#1179 = DIRECTION ( 'NONE',  ( -1.000000000000000000, 0.0000000000000000000, -0.0000000000000000000 ) ) ;
#1180 = LINE ( 'NONE', #755, #1655 ) ;
#1181 = SURFACE_SIDE_STYLE ('',( #1493 ) ) ;
#1182 = CARTESIAN_POINT ( 'NONE',  ( 1.000000000000000000, 0.5999999999999999778, 0.9200000000000000400 ) ) ;
#1183 = UNCERTAINTY_MEASURE_WITH_UNIT (LENGTH_MEASURE( 1.000000000000000082E-05 ), #822, 'distance_accuracy_value', 'NONE');
#1184 = ORIENTED_EDGE ( 'NONE', *, *, #244, .F. ) ;
#1185 =( NAMED_UNIT ( * ) PLANE_ANGLE_UNIT ( ) SI_UNIT ( $, .RADIAN. ) );
#1186 = SURFACE_STYLE_USAGE ( .BOTH. , #251 ) ;
#1187 = MECHANICAL_DESIGN_GEOMETRIC_PRESENTATION_REPRESENTATION (  '', ( #334 ), #616 ) ;
#1188 =( NAMED_UNIT ( * ) SI_UNIT ( $, .STERADIAN. ) SOLID_ANGLE_UNIT ( ) );
#1189 = DIRECTION ( 'NONE',  ( 1.000000000000000000, 0.0000000000000000000, 0.0000000000000000000 ) ) ;
#1190 = COLOUR_RGB ( '',0.7529411764705882248, 0.7529411764705882248, 0.7529411764705882248 ) ;
#1191 = LINE ( 'NONE', #333, #635 ) ;
#1192 = ORIENTED_EDGE ( 'NONE', *, *, #462, .F. ) ;
#1193 = SURFACE_STYLE_FILL_AREA ( #1133 ) ;
#1194 = AXIS2_PLACEMENT_3D ( 'NONE', #1687, #1845, #1515 ) ;
#1195 = FILL_AREA_STYLE_COLOUR ( '', #624 ) ;
#1196 = MECHANICAL_DESIGN_GEOMETRIC_PRESENTATION_REPRESENTATION (  '', ( #829 ), #281 ) ;
#1197 = SURFACE_STYLE_FILL_AREA ( #28 ) ;
#1198 = DIRECTION ( 'NONE',  ( 0.0000000000000000000, 0.0000000000000000000, -1.000000000000000000 ) ) ;
#1199 = ORIENTED_EDGE ( 'NONE', *, *, #986, .F. ) ;
#1200 = DIRECTION ( 'NONE',  ( 1.000000000000000000, 0.0000000000000000000, 0.0000000000000000000 ) ) ;
#1201 = EDGE_CURVE ( 'NONE', #415, #1644, #637, .T. ) ;
#1202 = VECTOR ( 'NONE', #931, 1000.000000000000000 ) ;
#1203 =( NAMED_UNIT ( * ) PLANE_ANGLE_UNIT ( ) SI_UNIT ( $, .RADIAN. ) );
#1204 = COLOUR_RGB ( '',0.7529411764705882248, 0.7529411764705882248, 0.7529411764705882248 ) ;
#1205 = VECTOR ( 'NONE', #1749, 1000.000000000000000 ) ;
#1206 = SURFACE_STYLE_FILL_AREA ( #1647 ) ;
#1207 = DIRECTION ( 'NONE',  ( 1.000000000000000000, 7.228014483236703064E-15, 0.0000000000000000000 ) ) ;
#1208 = VERTEX_POINT ( 'NONE', #808 ) ;
#1209 =( NAMED_UNIT ( * ) PLANE_ANGLE_UNIT ( ) SI_UNIT ( $, .RADIAN. ) );
#1210 = CARTESIAN_POINT ( 'NONE',  ( -0.5000000000000000000, 0.5699999999999999512, 0.02999999999999999889 ) ) ;
#1211 = CARTESIAN_POINT ( 'NONE',  ( 0.9700000000000000844, 0.5699999999999999512, 0.02999999999999999889 ) ) ;
#1212 = EDGE_CURVE ( 'NONE', #1073, #1862, #223, .T. ) ;
#1213 = PRESENTATION_STYLE_ASSIGNMENT (( #481 ) ) ;
#1214 = STYLED_ITEM ( 'NONE', ( #860 ), #1627 ) ;
#1215 = ORIENTED_EDGE ( 'NONE', *, *, #1783, .T. ) ;
#1216 = AXIS2_PLACEMENT_3D ( 'NONE', #766, #1813, #1785 ) ;
#1217 = CARTESIAN_POINT ( 'NONE',  ( -0.5000000000000000000, 0.5699999999999999512, 0.02999999999999997113 ) ) ;
#1218 = DIRECTION ( 'NONE',  ( 0.0000000000000000000, 1.000000000000000000, 0.0000000000000000000 ) ) ;
#1219 = CARTESIAN_POINT ( 'NONE',  ( 0.9700000000000003064, -0.5699999999999998401, 0.9200000000000000400 ) ) ;
#1220 = FACE_OUTER_BOUND ( 'NONE', #31, .T. ) ;
#1221 = UNCERTAINTY_MEASURE_WITH_UNIT (LENGTH_MEASURE( 1.000000000000000082E-05 ), #1477, 'distance_accuracy_value', 'NONE');
#1222 = MECHANICAL_DESIGN_GEOMETRIC_PRESENTATION_REPRESENTATION (  '', ( #651 ), #1721 ) ;
#1223 = VECTOR ( 'NONE', #563, 1000.000000000000000 ) ;
#1224 = EDGE_CURVE ( 'NONE', #1225, #73, #254, .T. ) ;
#1225 = VERTEX_POINT ( 'NONE', #351 ) ;
#1226 = ORIENTED_EDGE ( 'NONE', *, *, #1417, .T. ) ;
#1227 = SURFACE_STYLE_USAGE ( .BOTH. , #1645 ) ;
#1228 = CARTESIAN_POINT ( 'NONE',  ( -0.9999999999999997780, -0.5700000000000000622, 0.9499999999999999556 ) ) ;
#1229 = CIRCLE ( 'NONE', #1118, 0.02999999999999997113 ) ;
#1230 = DIRECTION ( 'NONE',  ( -1.000000000000000000, 0.0000000000000000000, 0.0000000000000000000 ) ) ;
#1231 = COLOUR_RGB ( '',0.7529411764705882248, 0.7529411764705882248, 0.7529411764705882248 ) ;
#1232 = LINE ( 'NONE', #1823, #1202 ) ;
#1233 = MECHANICAL_DESIGN_GEOMETRIC_PRESENTATION_REPRESENTATION (  '', ( #781 ), #432 ) ;
#1234 = COLOUR_RGB ( '',0.7529411764705882248, 0.7529411764705882248, 0.7529411764705882248 ) ;
#1235 = ORIENTED_EDGE ( 'NONE', *, *, #84, .T. ) ;
#1236 = CARTESIAN_POINT ( 'NONE',  ( 1.000000000000000000, 0.5999999999999999778, 0.9499999999999999556 ) ) ;
#1237 = ORIENTED_EDGE ( 'NONE', *, *, #20, .T. ) ;
#1238 = CARTESIAN_POINT ( 'NONE',  ( -0.5000000000000000000, 0.5699999999999999512, 0.8800000000000000044 ) ) ;
#1239 = DIRECTION ( 'NONE',  ( 0.0000000000000000000, -0.0000000000000000000, 1.000000000000000000 ) ) ;
#1240 = DIRECTION ( 'NONE',  ( -1.000000000000000000, 0.0000000000000000000, 0.0000000000000000000 ) ) ;
#1241 = DIRECTION ( 'NONE',  ( -1.000000000000000000, 0.0000000000000000000, 0.0000000000000000000 ) ) ;
#1242 = UNCERTAINTY_MEASURE_WITH_UNIT (LENGTH_MEASURE( 1.000000000000000082E-05 ), #67, 'distance_accuracy_value', 'NONE');
#1243 =( NAMED_UNIT ( * ) SI_UNIT ( $, .STERADIAN. ) SOLID_ANGLE_UNIT ( ) );
#1244 = STYLED_ITEM ( 'NONE', ( #1863 ), #1814 ) ;
#1245 = EDGE_LOOP ( 'NONE', ( #1376, #54, #316, #332, #842, #146, #529, #1065 ) ) ;
#1246 =( LENGTH_UNIT ( ) NAMED_UNIT ( * ) SI_UNIT ( .MILLI., .METRE. ) );
#1247 = VERTEX_POINT ( 'NONE', #88 ) ;
#1248 = VECTOR ( 'NONE', #870, 1000.000000000000000 ) ;
#1249 = EDGE_CURVE ( 'NONE', #806, #1742, #926, .T. ) ;
#1250 = LINE ( 'NONE', #1842, #786 ) ;
#1251 = STYLED_ITEM ( 'NONE', ( #1390 ), #1616 ) ;
#1252 =( LENGTH_UNIT ( ) NAMED_UNIT ( * ) SI_UNIT ( .MILLI., .METRE. ) );
#1253 = CARTESIAN_POINT ( 'NONE',  ( -1.000000000000000000, 0.6000000000000000888, 0.9200000000000000400 ) ) ;
#1254 = PRESENTATION_LAYER_ASSIGNMENT (  '', '', ( #535 ) ) ;
#1255 = COLOUR_RGB ( '',0.1254901960784313708, 0.1254901960784313708, 0.1254901960784313708 ) ;
#1256 = ORIENTED_EDGE ( 'NONE', *, *, #1201, .T. ) ;
#1257 = DIRECTION ( 'NONE',  ( 0.0000000000000000000, 7.228014483236703064E-15, -1.000000000000000000 ) ) ;
#1258 = CIRCLE ( 'NONE', #1111, 0.03999999999999999389 ) ;
#1259 = ORIENTED_EDGE ( 'NONE', *, *, #1115, .T. ) ;
#1260 = CARTESIAN_POINT ( 'NONE',  ( -0.5000000000000000000, 0.5300000000000000266, 0.06999999999999996503 ) ) ;
#1261 = SURFACE_STYLE_FILL_AREA ( #102 ) ;
#1262 = DIRECTION ( 'NONE',  ( -1.000000000000000000, 0.0000000000000000000, 0.0000000000000000000 ) ) ;
#1263 =( NAMED_UNIT ( * ) SI_UNIT ( $, .STERADIAN. ) SOLID_ANGLE_UNIT ( ) );
#1264 = MECHANICAL_DESIGN_GEOMETRIC_PRESENTATION_REPRESENTATION (  '', ( #1481 ), #994 ) ;
#1265 = MECHANICAL_DESIGN_GEOMETRIC_PRESENTATION_REPRESENTATION (  '', ( #200 ), #1062 ) ;
#1266 = ORIENTED_EDGE ( 'NONE', *, *, #148, .T. ) ;
#1267 = PRESENTATION_STYLE_ASSIGNMENT (( #798 ) ) ;
#1268 = ORIENTED_EDGE ( 'NONE', *, *, #1371, .F. ) ;
#1269 = FILL_AREA_STYLE_COLOUR ( '', #522 ) ;
#1270 = SURFACE_STYLE_FILL_AREA ( #686 ) ;
#1271 = CARTESIAN_POINT ( 'NONE',  ( -0.5000000000000000000, 0.5300000000000000266, 0.06999999999999996503 ) ) ;
#1272 = FACE_OUTER_BOUND ( 'NONE', #1092, .T. ) ;
#1273 = DIRECTION ( 'NONE',  ( -1.000000000000000000, -2.168404344971008621E-16, -0.0000000000000000000 ) ) ;
#1274 = SPHERICAL_SURFACE ( 'NONE', #569, 0.02999999999999999889 ) ;
#1275 = FACE_OUTER_BOUND ( 'NONE', #1438, .T. ) ;
#1276 = UNCERTAINTY_MEASURE_WITH_UNIT (LENGTH_MEASURE( 1.000000000000000082E-05 ), #1488, 'distance_accuracy_value', 'NONE');
#1277 = ORIENTED_EDGE ( 'NONE', *, *, #1115, .F. ) ;
#1278 = CARTESIAN_POINT ( 'NONE',  ( 0.5000000000000001110, -0.5999999999999999778, 0.0000000000000000000 ) ) ;
#1279 = DIRECTION ( 'NONE',  ( 1.000000000000000000, -0.0000000000000000000, 0.0000000000000000000 ) ) ;
#1280 = CARTESIAN_POINT ( 'NONE',  ( -0.9699999999999998623, -0.5699999999999999512, 0.9200000000000000400 ) ) ;
#1281 = UNCERTAINTY_MEASURE_WITH_UNIT (LENGTH_MEASURE( 1.000000000000000082E-05 ), #1317, 'distance_accuracy_value', 'NONE');
#1282 = CYLINDRICAL_SURFACE ( 'NONE', #1405, 0.02999999999999997113 ) ;
#1283 = PRESENTATION_LAYER_ASSIGNMENT (  '', '', ( #1744 ) ) ;
#1284 = FILL_AREA_STYLE ('',( #1601 ) ) ;
#1285 = ADVANCED_FACE ( 'NONE', ( #515 ), #1084, .F. ) ;
#1286 = AXIS2_PLACEMENT_3D ( 'NONE', #1651, #891, #508 ) ;
#1287 =( NAMED_UNIT ( * ) PLANE_ANGLE_UNIT ( ) SI_UNIT ( $, .RADIAN. ) );
#1288 = LINE ( 'NONE', #1182, #855 ) ;
#1289 =( GEOMETRIC_REPRESENTATION_CONTEXT ( 3 ) GLOBAL_UNCERTAINTY_ASSIGNED_CONTEXT ( ( #1322 ) ) GLOBAL_UNIT_ASSIGNED_CONTEXT ( ( #1252, #939, #69 ) ) REPRESENTATION_CONTEXT ( 'NONE', 'WORKASPACE' ) );
#1290 = ORIENTED_EDGE ( 'NONE', *, *, #727, .T. ) ;
#1291 = SURFACE_SIDE_STYLE ('',( #1763 ) ) ;
#1292 = VECTOR ( 'NONE', #595, 1000.000000000000000 ) ;
#1293 =( NAMED_UNIT ( * ) SI_UNIT ( $, .STERADIAN. ) SOLID_ANGLE_UNIT ( ) );
#1294 = CARTESIAN_POINT ( 'NONE',  ( 0.5000000000000000000, 0.5999999999999999778, 0.9200000000000000400 ) ) ;
#1295 = LINE ( 'NONE', #703, #221 ) ;
#1296 = DIRECTION ( 'NONE',  ( -9.035018104045873159E-17, 1.000000000000000000, 0.0000000000000000000 ) ) ;
#1297 = ORIENTED_EDGE ( 'NONE', *, *, #1212, .F. ) ;
#1298 = COLOUR_RGB ( '',0.7529411764705882248, 0.7529411764705882248, 0.7529411764705882248 ) ;
#1299 =( LENGTH_UNIT ( ) NAMED_UNIT ( * ) SI_UNIT ( .MILLI., .METRE. ) );
#1300 = SURFACE_SIDE_STYLE ('',( #145 ) ) ;
#1301 = UNCERTAINTY_MEASURE_WITH_UNIT (LENGTH_MEASURE( 1.000000000000000082E-05 ), #673, 'distance_accuracy_value', 'NONE');
#1302 = EDGE_CURVE ( 'NONE', #893, #1549, #1288, .T. ) ;
#1303 = STYLED_ITEM ( 'NONE', ( #1159 ), #342 ) ;
#1304 = ORIENTED_EDGE ( 'NONE', *, *, #148, .F. ) ;
#1305 =( LENGTH_UNIT ( ) NAMED_UNIT ( * ) SI_UNIT ( .MILLI., .METRE. ) );
#1306 = STYLED_ITEM ( 'NONE', ( #497 ), #539 ) ;
#1307 =( GEOMETRIC_REPRESENTATION_CONTEXT ( 3 ) GLOBAL_UNCERTAINTY_ASSIGNED_CONTEXT ( ( #716 ) ) GLOBAL_UNIT_ASSIGNED_CONTEXT ( ( #1786, #890, #1188 ) ) REPRESENTATION_CONTEXT ( 'NONE', 'WORKASPACE' ) );
#1308 = PLANE ( 'NONE',  #1877 ) ;
#1309 = SURFACE_SIDE_STYLE ('',( #1444 ) ) ;
#1310 = CARTESIAN_POINT ( 'NONE',  ( -0.5000000000000000000, 0.5299999999999999156, 0.8800000000000000044 ) ) ;
#1311 = FILL_AREA_STYLE_COLOUR ( '', #18 ) ;
#1312 = DIRECTION ( 'NONE',  ( -0.0000000000000000000, -0.0000000000000000000, 1.000000000000000000 ) ) ;
#1313 = ORIENTED_EDGE ( 'NONE', *, *, #899, .F. ) ;
#1314 = SURFACE_SIDE_STYLE ('',( #1461 ) ) ;
#1315 = EDGE_CURVE ( 'NONE', #219, #1703, #1330, .T. ) ;
#1316 = FACE_OUTER_BOUND ( 'NONE', #1849, .T. ) ;
#1317 =( LENGTH_UNIT ( ) NAMED_UNIT ( * ) SI_UNIT ( .MILLI., .METRE. ) );
#1318 = CARTESIAN_POINT ( 'NONE',  ( -1.000000000000000000, 0.5699999999999999512, 0.02999999999999997113 ) ) ;
#1319 = CIRCLE ( 'NONE', #62, 0.02999999999999997113 ) ;
#1320 = ORIENTED_EDGE ( 'NONE', *, *, #320, .T. ) ;
#1321 = SURFACE_STYLE_USAGE ( .BOTH. , #1760 ) ;
#1322 = UNCERTAINTY_MEASURE_WITH_UNIT (LENGTH_MEASURE( 1.000000000000000082E-05 ), #1252, 'distance_accuracy_value', 'NONE');
#1323 = ORIENTED_EDGE ( 'NONE', *, *, #414, .F. ) ;
#1324 = LINE ( 'NONE', #14, #778 ) ;
#1325 = COLOUR_RGB ( '',0.1254901960784313708, 0.1254901960784313708, 0.1254901960784313708 ) ;
#1326 = FILL_AREA_STYLE ('',( #276 ) ) ;
#1327 = AXIS2_PLACEMENT_3D ( 'NONE', #1656, #56, #1218 ) ;
#1328 = PRESENTATION_STYLE_ASSIGNMENT (( #1044 ) ) ;
#1329 = DIRECTION ( 'NONE',  ( 1.000000000000000000, 0.0000000000000000000, 0.0000000000000000000 ) ) ;
#1330 = LINE ( 'NONE', #715, #1470 ) ;
#1331 = PRESENTATION_LAYER_ASSIGNMENT (  '', '', ( #1478 ) ) ;
#1332 = CIRCLE ( 'NONE', #693, 0.02999999999999999889 ) ;
#1333 = ORIENTED_EDGE ( 'NONE', *, *, #1685, .T. ) ;
#1334 = CARTESIAN_POINT ( 'NONE',  ( 0.5000000000000000000, 0.5699999999999999512, 0.8800000000000000044 ) ) ;
#1335 = MECHANICAL_DESIGN_GEOMETRIC_PRESENTATION_REPRESENTATION (  '', ( #396 ), #730 ) ;
#1336 = CARTESIAN_POINT ( 'NONE',  ( -0.5000000000000000000, 0.5700000000000000622, 0.0000000000000000000 ) ) ;
#1337 = AXIS2_PLACEMENT_3D ( 'NONE', #283, #734, #1440 ) ;
#1338 = SURFACE_SIDE_STYLE ('',( #1609 ) ) ;
#1339 = MECHANICAL_DESIGN_GEOMETRIC_PRESENTATION_REPRESENTATION (  '', ( #1306 ), #1307 ) ;
#1340 = SURFACE_STYLE_FILL_AREA ( #470 ) ;
#1341 = SURFACE_STYLE_USAGE ( .BOTH. , #852 ) ;
#1342 = ADVANCED_FACE ( 'NONE', ( #612 ), #1008, .T. ) ;
#1343 = COLOUR_RGB ( '',0.7960784313725489669, 0.8235294117647058432, 0.9372549019607843146 ) ;
#1344 =( NAMED_UNIT ( * ) PLANE_ANGLE_UNIT ( ) SI_UNIT ( $, .RADIAN. ) );
#1345 = SURFACE_STYLE_USAGE ( .BOTH. , #354 ) ;
#1346 = LINE ( 'NONE', #34, #1718 ) ;
#1347 = AXIS2_PLACEMENT_3D ( 'NONE', #364, #57, #915 ) ;
#1348 = ADVANCED_FACE ( 'NONE', ( #1166 ), #2, .F. ) ;
#1349 = ORIENTED_EDGE ( 'NONE', *, *, #1890, .F. ) ;
#1350 = DIRECTION ( 'NONE',  ( -1.000000000000000000, 0.0000000000000000000, -0.0000000000000000000 ) ) ;
#1351 = AXIS2_PLACEMENT_3D ( 'NONE', #1612, #304, #1659 ) ;
#1352 = DIRECTION ( 'NONE',  ( 0.0000000000000000000, 1.000000000000000000, 0.0000000000000000000 ) ) ;
#1353 = PRESENTATION_LAYER_ASSIGNMENT (  '', '', ( #919 ) ) ;
#1354 = LINE ( 'NONE', #1489, #1750 ) ;
#1355 = PRESENTATION_LAYER_ASSIGNMENT (  '', '', ( #687 ) ) ;
#1356 = DIRECTION ( 'NONE',  ( 1.000000000000000000, -0.0000000000000000000, 0.0000000000000000000 ) ) ;
#1357 = ORIENTED_EDGE ( 'NONE', *, *, #1224, .F. ) ;
#1358 = DIRECTION ( 'NONE',  ( 7.228014483236703064E-15, -1.000000000000000000, 0.0000000000000000000 ) ) ;
#1359 = FACE_OUTER_BOUND ( 'NONE', #1839, .T. ) ;
#1360 = EDGE_CURVE ( 'NONE', #1382, #404, #1776, .T. ) ;
#1361 = EDGE_LOOP ( 'NONE', ( #1888, #1724, #1366, #1383 ) ) ;
#1362 = CARTESIAN_POINT ( 'NONE',  ( -0.5000000000000000000, 0.5699999999999999512, 0.06999999999999996503 ) ) ;
#1363 = EDGE_CURVE ( 'NONE', #1692, #1121, #762, .T. ) ;
#1364 = DIRECTION ( 'NONE',  ( 0.0000000000000000000, 0.0000000000000000000, -1.000000000000000000 ) ) ;
#1365 =( NAMED_UNIT ( * ) PLANE_ANGLE_UNIT ( ) SI_UNIT ( $, .RADIAN. ) );
#1366 = ORIENTED_EDGE ( 'NONE', *, *, #1437, .F. ) ;
#1367 = CARTESIAN_POINT ( 'NONE',  ( 0.9700000000000003064, -0.5699999999999998401, 0.02999999999999999889 ) ) ;
#1368 =( NAMED_UNIT ( * ) SI_UNIT ( $, .STERADIAN. ) SOLID_ANGLE_UNIT ( ) );
#1369 = FILL_AREA_STYLE_COLOUR ( '', #1148 ) ;
#1370 = DIRECTION ( 'NONE',  ( 0.0000000000000000000, 0.0000000000000000000, -1.000000000000000000 ) ) ;
#1371 = EDGE_CURVE ( 'NONE', #1580, #725, #445, .T. ) ;
#1372 = DIRECTION ( 'NONE',  ( 0.0000000000000000000, 0.0000000000000000000, -1.000000000000000000 ) ) ;
#1373 = AXIS2_PLACEMENT_3D ( 'NONE', #1040, #593, #149 ) ;
#1374 = CYLINDRICAL_SURFACE ( 'NONE', #728, 0.02999999999999997113 ) ;
#1375 = VERTEX_POINT ( 'NONE', #1052 ) ;
#1376 = ORIENTED_EDGE ( 'NONE', *, *, #84, .F. ) ;
#1377 = FACE_OUTER_BOUND ( 'NONE', #1480, .T. ) ;
#1378 = CIRCLE ( 'NONE', #1499, 0.02999999999999997113 ) ;
#1379 = DIRECTION ( 'NONE',  ( 0.0000000000000000000, 0.0000000000000000000, 1.000000000000000000 ) ) ;
#1380 = ADVANCED_FACE ( 'NONE', ( #1628 ), #180, .T. ) ;
#1381 = DIRECTION ( 'NONE',  ( 0.0000000000000000000, -1.000000000000000000, 0.0000000000000000000 ) ) ;
#1382 = VERTEX_POINT ( 'NONE', #634 ) ;
#1383 = ORIENTED_EDGE ( 'NONE', *, *, #1485, .F. ) ;
#1384 = SURFACE_STYLE_FILL_AREA ( #706 ) ;
#1385 = CARTESIAN_POINT ( 'NONE',  ( -0.5000000000000000000, 0.5300000000000000266, 0.02999999999999999889 ) ) ;
#1386 =( GEOMETRIC_REPRESENTATION_CONTEXT ( 3 ) GLOBAL_UNCERTAINTY_ASSIGNED_CONTEXT ( ( #1449 ) ) GLOBAL_UNIT_ASSIGNED_CONTEXT ( ( #1162, #279, #114 ) ) REPRESENTATION_CONTEXT ( 'NONE', 'WORKASPACE' ) );
#1387 = CYLINDRICAL_SURFACE ( 'NONE', #905, 0.02999999999999997113 ) ;
#1388 = MECHANICAL_DESIGN_GEOMETRIC_PRESENTATION_REPRESENTATION (  '', ( #323 ), #1697 ) ;
#1389 = CARTESIAN_POINT ( 'NONE',  ( -0.9700000000000000844, 0.5699999999999999512, 0.9499999999999999556 ) ) ;
#1390 = PRESENTATION_STYLE_ASSIGNMENT (( #709 ) ) ;
#1391 =( LENGTH_UNIT ( ) NAMED_UNIT ( * ) SI_UNIT ( .MILLI., .METRE. ) );
#1392 = EDGE_CURVE ( 'NONE', #1631, #1771, #1346, .T. ) ;
#1393 = ORIENTED_EDGE ( 'NONE', *, *, #830, .F. ) ;
#1394 = SURFACE_STYLE_FILL_AREA ( #232 ) ;
#1395 = ORIENTED_EDGE ( 'NONE', *, *, #1475, .F. ) ;
#1396 = DIRECTION ( 'NONE',  ( 1.807003620809175125E-16, -1.000000000000000000, 0.0000000000000000000 ) ) ;
#1397 = LINE ( 'NONE', #1715, #181 ) ;
#1398 = SURFACE_STYLE_USAGE ( .BOTH. , #1532 ) ;
#1399 =( GEOMETRIC_REPRESENTATION_CONTEXT ( 3 ) GLOBAL_UNCERTAINTY_ASSIGNED_CONTEXT ( ( #1156 ) ) GLOBAL_UNIT_ASSIGNED_CONTEXT ( ( #165, #1001, #1018 ) ) REPRESENTATION_CONTEXT ( 'NONE', 'WORKASPACE' ) );
#1400 = EDGE_LOOP ( 'NONE', ( #1671, #442, #106, #1147 ) ) ;
#1401 = DIRECTION ( 'NONE',  ( 0.0000000000000000000, -3.614007241618351532E-15, 1.000000000000000000 ) ) ;
#1402 = ORIENTED_EDGE ( 'NONE', *, *, #647, .F. ) ;
#1403 =( NAMED_UNIT ( * ) SI_UNIT ( $, .STERADIAN. ) SOLID_ANGLE_UNIT ( ) );
#1404 = COLOUR_RGB ( '',0.7529411764705882248, 0.7529411764705882248, 0.7529411764705882248 ) ;
#1405 = AXIS2_PLACEMENT_3D ( 'NONE', #1582, #120, #961 ) ;
#1406 = DIRECTION ( 'NONE',  ( -1.000000000000000000, 0.0000000000000000000, 0.0000000000000000000 ) ) ;
#1407 = FACE_OUTER_BOUND ( 'NONE', #825, .T. ) ;
#1408 = SURFACE_SIDE_STYLE ('',( #1824 ) ) ;
#1409 =( GEOMETRIC_REPRESENTATION_CONTEXT ( 3 ) GLOBAL_UNCERTAINTY_ASSIGNED_CONTEXT ( ( #454 ) ) GLOBAL_UNIT_ASSIGNED_CONTEXT ( ( #122, #711, #1894 ) ) REPRESENTATION_CONTEXT ( 'NONE', 'WORKASPACE' ) );
#1410 = PRESENTATION_LAYER_ASSIGNMENT (  '', '', ( #540 ) ) ;
#1411 = APPLICATION_CONTEXT ( 'automotive_design' ) ;
#1412 = ORIENTED_EDGE ( 'NONE', *, *, #571, .T. ) ;
#1413 = VECTOR ( 'NONE', #1103, 1000.000000000000000 ) ;
#1414 = ORIENTED_EDGE ( 'NONE', *, *, #1441, .T. ) ;
#1415 = LINE ( 'NONE', #1571, #294 ) ;
#1416 = CARTESIAN_POINT ( 'NONE',  ( -0.9699999999999998623, -0.5699999999999999512, 0.9200000000000000400 ) ) ;
#1417 = EDGE_CURVE ( 'NONE', #510, #415, #1843, .T. ) ;
#1418 = FILL_AREA_STYLE ('',( #421 ) ) ;
#1419 = COLOUR_RGB ( '',0.1254901960784313708, 0.1254901960784313708, 0.1254901960784313708 ) ;
#1420 = SURFACE_STYLE_FILL_AREA ( #739 ) ;
#1421 = EDGE_LOOP ( 'NONE', ( #1527, #125, #1101, #137 ) ) ;
#1422 = SURFACE_STYLE_FILL_AREA ( #241 ) ;
#1423 = ORIENTED_EDGE ( 'NONE', *, *, #451, .F. ) ;
#1424 = DIRECTION ( 'NONE',  ( 0.0000000000000000000, 1.000000000000000000, 0.0000000000000000000 ) ) ;
#1425 = DIRECTION ( 'NONE',  ( 0.0000000000000000000, 1.000000000000000000, 0.0000000000000000000 ) ) ;
#1426 = SURFACE_SIDE_STYLE ('',( #1544 ) ) ;
#1427 = EDGE_CURVE ( 'NONE', #713, #1208, #885, .T. ) ;
#1428 = DIRECTION ( 'NONE',  ( -1.000000000000000000, 0.0000000000000000000, 0.0000000000000000000 ) ) ;
#1429 = CARTESIAN_POINT ( 'NONE',  ( 0.5000000000000000000, 0.5999999999999999778, 0.9499999999999999556 ) ) ;
#1430 = FILL_AREA_STYLE_COLOUR ( '', #524 ) ;
#1431 =( NAMED_UNIT ( * ) PLANE_ANGLE_UNIT ( ) SI_UNIT ( $, .RADIAN. ) );
#1432 = ORIENTED_EDGE ( 'NONE', *, *, #1061, .T. ) ;
#1433 = SURFACE_STYLE_USAGE ( .BOTH. , #466 ) ;
#1434 = DIRECTION ( 'NONE',  ( 0.0000000000000000000, 1.000000000000000000, 0.0000000000000000000 ) ) ;
#1435 = MECHANICAL_DESIGN_GEOMETRIC_PRESENTATION_REPRESENTATION (  '', ( #1214 ), #273 ) ;
#1436 = FACE_OUTER_BOUND ( 'NONE', #644, .T. ) ;
#1437 = EDGE_CURVE ( 'NONE', #725, #492, #1378, .T. ) ;
#1438 = EDGE_LOOP ( 'NONE', ( #245, #1007, #1109, #361 ) ) ;
#1439 = STYLED_ITEM ( 'NONE', ( #212 ), #1285 ) ;
#1440 = DIRECTION ( 'NONE',  ( 1.000000000000000000, 0.0000000000000000000, 0.0000000000000000000 ) ) ;
#1441 = EDGE_CURVE ( 'NONE', #814, #4, #1805, .T. ) ;
#1442 = ORIENTED_EDGE ( 'NONE', *, *, #1437, .T. ) ;
#1443 = AXIS2_PLACEMENT_3D ( 'NONE', #1020, #1425, #1123 ) ;
#1444 = SURFACE_STYLE_FILL_AREA ( #1326 ) ;
#1445 = SURFACE_SIDE_STYLE ('',( #724 ) ) ;
#1446 = MECHANICAL_DESIGN_GEOMETRIC_PRESENTATION_REPRESENTATION (  '', ( #1479 ), #964 ) ;
#1447 = PRESENTATION_STYLE_ASSIGNMENT (( #295 ) ) ;
#1448 = DIRECTION ( 'NONE',  ( 0.0000000000000000000, 1.000000000000000000, 0.0000000000000000000 ) ) ;
#1449 = UNCERTAINTY_MEASURE_WITH_UNIT (LENGTH_MEASURE( 1.000000000000000082E-05 ), #1162, 'distance_accuracy_value', 'NONE');
#1450 = EDGE_CURVE ( 'NONE', #152, #4, #210, .T. ) ;
#1451 = EDGE_LOOP ( 'NONE', ( #740, #1460, #13, #233 ) ) ;
#1452 =( NAMED_UNIT ( * ) SI_UNIT ( $, .STERADIAN. ) SOLID_ANGLE_UNIT ( ) );
#1453 = FACE_OUTER_BOUND ( 'NONE', #628, .T. ) ;
#1454 = DIRECTION ( 'NONE',  ( 0.0000000000000000000, 0.0000000000000000000, -1.000000000000000000 ) ) ;
#1455 =( NAMED_UNIT ( * ) PLANE_ANGLE_UNIT ( ) SI_UNIT ( $, .RADIAN. ) );
#1456 = PLANE ( 'NONE',  #661 ) ;
#1457 = DIRECTION ( 'NONE',  ( -1.000000000000000000, 0.0000000000000000000, 0.0000000000000000000 ) ) ;
#1458 = ORIENTED_EDGE ( 'NONE', *, *, #1636, .F. ) ;
#1459 = CARTESIAN_POINT ( 'NONE',  ( 1.000000000000000222, -0.5699999999999996181, 0.02999999999999997113 ) ) ;
#1460 = ORIENTED_EDGE ( 'NONE', *, *, #1735, .T. ) ;
#1461 = SURFACE_STYLE_FILL_AREA ( #846 ) ;
#1462 = ADVANCED_FACE ( 'NONE', ( #1081 ), #365, .F. ) ;
#1463 =( LENGTH_UNIT ( ) NAMED_UNIT ( * ) SI_UNIT ( .MILLI., .METRE. ) );
#1464 = SURFACE_SIDE_STYLE ('',( #1193 ) ) ;
#1465 = CARTESIAN_POINT ( 'NONE',  ( 0.5000000000000000000, 0.5999999999999999778, 0.9499999999999999556 ) ) ;
#1466 = MECHANICAL_DESIGN_GEOMETRIC_PRESENTATION_REPRESENTATION (  '', ( #1744 ), #589 ) ;
#1467 = CARTESIAN_POINT ( 'NONE',  ( -0.9700000000000000844, 0.5699999999999999512, 0.9200000000000000400 ) ) ;
#1468 = FACE_OUTER_BOUND ( 'NONE', #901, .T. ) ;
#1469 = DIRECTION ( 'NONE',  ( -0.0000000000000000000, -0.0000000000000000000, -1.000000000000000000 ) ) ;
#1470 = VECTOR ( 'NONE', #1469, 1000.000000000000000 ) ;
#1471 = EDGE_LOOP ( 'NONE', ( #1297, #1701, #435, #348 ) ) ;
#1472 = AXIS2_PLACEMENT_3D ( 'NONE', #1482, #468, #1352 ) ;
#1473 = FILL_AREA_STYLE ('',( #1793 ) ) ;
#1474 = CARTESIAN_POINT ( 'NONE',  ( -0.5000000000000000000, -0.5699999999999999512, 0.8800000000000000044 ) ) ;
#1475 = EDGE_CURVE ( 'NONE', #543, #73, #506, .T. ) ;
#1476 = FACE_OUTER_BOUND ( 'NONE', #1538, .T. ) ;
#1477 =( LENGTH_UNIT ( ) NAMED_UNIT ( * ) SI_UNIT ( .MILLI., .METRE. ) );
#1478 = STYLED_ITEM ( 'NONE', ( #1553 ), #582 ) ;
#1479 = STYLED_ITEM ( 'NONE', ( #292 ), #38 ) ;
#1480 = EDGE_LOOP ( 'NONE', ( #696, #1423, #501, #211 ) ) ;
#1481 = STYLED_ITEM ( 'NONE', ( #313 ), #550 ) ;
#1482 = CARTESIAN_POINT ( 'NONE',  ( 0.5000000000000001110, -0.5300000000000000266, 0.8800000000000000044 ) ) ;
#1483 = FILL_AREA_STYLE_COLOUR ( '', #1163 ) ;
#1484 = CARTESIAN_POINT ( 'NONE',  ( 0.9700000000000003064, -0.5699999999999998401, 0.0000000000000000000 ) ) ;
#1485 = EDGE_CURVE ( 'NONE', #1141, #725, #1638, .T. ) ;
#1486 = FILL_AREA_STYLE_COLOUR ( '', #1885 ) ;
#1487 = ORIENTED_EDGE ( 'NONE', *, *, #1212, .T. ) ;
#1488 =( LENGTH_UNIT ( ) NAMED_UNIT ( * ) SI_UNIT ( .MILLI., .METRE. ) );
#1489 = CARTESIAN_POINT ( 'NONE',  ( 1.000000000000000222, -0.5999999999999998668, 0.02999999999999997113 ) ) ;
#1490 = FACE_OUTER_BOUND ( 'NONE', #1400, .T. ) ;
#1491 = EDGE_CURVE ( 'NONE', #1751, #1631, #1806, .T. ) ;
#1492 = CIRCLE ( 'NONE', #93, 0.02999999999999997113 ) ;
#1493 = SURFACE_STYLE_FILL_AREA ( #22 ) ;
#1494 = DIRECTION ( 'NONE',  ( -1.000000000000000000, 0.0000000000000000000, 0.0000000000000000000 ) ) ;
#1495 = COLOUR_RGB ( '',0.7529411764705882248, 0.7529411764705882248, 0.7529411764705882248 ) ;
#1496 = EDGE_CURVE ( 'NONE', #814, #806, #1319, .T. ) ;
#1497 = ORIENTED_EDGE ( 'NONE', *, *, #671, .T. ) ;
#1498 =( NAMED_UNIT ( * ) PLANE_ANGLE_UNIT ( ) SI_UNIT ( $, .RADIAN. ) );
#1499 = AXIS2_PLACEMENT_3D ( 'NONE', #1367, #1358, #1207 ) ;
#1500 = ORIENTED_EDGE ( 'NONE', *, *, #1491, .F. ) ;
#1501 = LINE ( 'NONE', #629, #140 ) ;
#1502 = COLOUR_RGB ( '',0.7529411764705882248, 0.7529411764705882248, 0.7529411764705882248 ) ;
#1503 = CARTESIAN_POINT ( 'NONE',  ( -0.5000000000000000000, -0.5999999999999999778, 0.9499999999999999556 ) ) ;
#1504 = CARTESIAN_POINT ( 'NONE',  ( -0.9999999999999997780, -0.5999999999999999778, 0.9200000000000000400 ) ) ;
#1505 = DIRECTION ( 'NONE',  ( 1.000000000000000000, -0.0000000000000000000, 0.0000000000000000000 ) ) ;
#1506 = AXIS2_PLACEMENT_3D ( 'NONE', #1727, #1716, #849 ) ;
#1507 = SURFACE_SIDE_STYLE ('',( #1206 ) ) ;
#1508 = FACE_OUTER_BOUND ( 'NONE', #1471, .T. ) ;
#1509 = EDGE_CURVE ( 'NONE', #1673, #543, #1669, .T. ) ;
#1510 =( LENGTH_UNIT ( ) NAMED_UNIT ( * ) SI_UNIT ( .MILLI., .METRE. ) );
#1511 = AXIS2_PLACEMENT_3D ( 'NONE', #591, #1889, #436 ) ;
#1512 = DIRECTION ( 'NONE',  ( 0.0000000000000000000, 1.000000000000000000, 0.0000000000000000000 ) ) ;
#1513 =( LENGTH_UNIT ( ) NAMED_UNIT ( * ) SI_UNIT ( .MILLI., .METRE. ) );
#1514 = COLOUR_RGB ( '',0.7529411764705882248, 0.7529411764705882248, 0.7529411764705882248 ) ;
#1515 = DIRECTION ( 'NONE',  ( -1.000000000000000000, 0.0000000000000000000, 0.0000000000000000000 ) ) ;
#1516 =( NAMED_UNIT ( * ) SI_UNIT ( $, .STERADIAN. ) SOLID_ANGLE_UNIT ( ) );
#1517 = CARTESIAN_POINT ( 'NONE',  ( -0.9699999999999998623, -0.5999999999999999778, 0.9200000000000000400 ) ) ;
#1518 = ORIENTED_EDGE ( 'NONE', *, *, #630, .F. ) ;
#1519 = CARTESIAN_POINT ( 'NONE',  ( -0.9699999999999998623, -0.5699999999999999512, 0.02999999999999999889 ) ) ;
#1520 = SURFACE_STYLE_USAGE ( .BOTH. , #531 ) ;
#1521 = CYLINDRICAL_SURFACE ( 'NONE', #1648, 0.02999999999999997113 ) ;
#1522 = DIRECTION ( 'NONE',  ( 0.0000000000000000000, 1.000000000000000000, 0.0000000000000000000 ) ) ;
#1523 = DIRECTION ( 'NONE',  ( -0.0000000000000000000, 0.0000000000000000000, 1.000000000000000000 ) ) ;
#1524 = ORIENTED_EDGE ( 'NONE', *, *, #320, .F. ) ;
#1525 = SURFACE_SIDE_STYLE ('',( #1394 ) ) ;
#1526 = AXIS2_PLACEMENT_3D ( 'NONE', #440, #1434, #1737 ) ;
#1527 = ORIENTED_EDGE ( 'NONE', *, *, #1154, .F. ) ;
#1528 = SURFACE_SIDE_STYLE ('',( #362 ) ) ;
#1529 = DIRECTION ( 'NONE',  ( 1.807003620809174632E-16, -1.000000000000000000, 0.0000000000000000000 ) ) ;
#1530 = CARTESIAN_POINT ( 'NONE',  ( 0.5000000000000000000, -0.5300000000000000266, 0.9200000000000000400 ) ) ;
#1531 = PRESENTATION_LAYER_ASSIGNMENT (  '', '', ( #683 ) ) ;
#1532 = SURFACE_SIDE_STYLE ('',( #1698 ) ) ;
#1533 = UNCERTAINTY_MEASURE_WITH_UNIT (LENGTH_MEASURE( 1.000000000000000082E-05 ), #941, 'distance_accuracy_value', 'NONE');
#1534 = SURFACE_STYLE_USAGE ( .BOTH. , #794 ) ;
#1535 = CIRCLE ( 'NONE', #1194, 0.02999999999999997113 ) ;
#1536 = COLOUR_RGB ( '',0.7529411764705882248, 0.7529411764705882248, 0.7529411764705882248 ) ;
#1537 = SURFACE_STYLE_USAGE ( .BOTH. , #691 ) ;
#1538 = EDGE_LOOP ( 'NONE', ( #1119, #567, #729, #1192 ) ) ;
#1539 = PRESENTATION_STYLE_ASSIGNMENT (( #694 ) ) ;
#1540 = VERTEX_POINT ( 'NONE', #1658 ) ;
#1541 = LINE ( 'NONE', #946, #513 ) ;
#1542 = DIRECTION ( 'NONE',  ( -1.000000000000000000, 3.614007241618351532E-15, 0.0000000000000000000 ) ) ;
#1543 = SURFACE_SIDE_STYLE ('',( #1261 ) ) ;
#1544 = SURFACE_STYLE_FILL_AREA ( #1418 ) ;
#1545 = MECHANICAL_DESIGN_GEOMETRIC_PRESENTATION_REPRESENTATION (  '', ( #1884 ), #490 ) ;
#1546 = SURFACE_STYLE_FILL_AREA ( #962 ) ;
#1547 = VECTOR ( 'NONE', #1556, 1000.000000000000000 ) ;
#1548 = EDGE_CURVE ( 'NONE', #1055, #682, #341, .T. ) ;
#1549 = VERTEX_POINT ( 'NONE', #1078 ) ;
#1550 = ORIENTED_EDGE ( 'NONE', *, *, #462, .T. ) ;
#1551 = FACE_OUTER_BOUND ( 'NONE', #267, .T. ) ;
#1552 = CARTESIAN_POINT ( 'NONE',  ( -0.9700000000000000844, 0.5999999999999999778, 0.9200000000000000400 ) ) ;
#1553 = PRESENTATION_STYLE_ASSIGNMENT (( #410 ) ) ;
#1554 =( GEOMETRIC_REPRESENTATION_CONTEXT ( 3 ) GLOBAL_UNCERTAINTY_ASSIGNED_CONTEXT ( ( #82 ) ) GLOBAL_UNIT_ASSIGNED_CONTEXT ( ( #1463, #128, #1293 ) ) REPRESENTATION_CONTEXT ( 'NONE', 'WORKASPACE' ) );
#1555 = ORIENTED_EDGE ( 'NONE', *, *, #571, .F. ) ;
#1556 = DIRECTION ( 'NONE',  ( -0.0000000000000000000, 0.0000000000000000000, -1.000000000000000000 ) ) ;
#1557 = ADVANCED_FACE ( 'NONE', ( #1490 ), #60, .T. ) ;
#1558 = EDGE_LOOP ( 'NONE', ( #1815, #1349, #1825, #670 ) ) ;
#1559 = PLANE ( 'NONE',  #1090 ) ;
#1560 = DIRECTION ( 'NONE',  ( 0.0000000000000000000, 0.0000000000000000000, -1.000000000000000000 ) ) ;
#1561 = FILL_AREA_STYLE ('',( #1745 ) ) ;
#1562 = SURFACE_STYLE_FILL_AREA ( #408 ) ;
#1563 = PRESENTATION_LAYER_ASSIGNMENT (  '', '', ( #131 ) ) ;
#1564 = FILL_AREA_STYLE ('',( #971 ) ) ;
#1565 = PRESENTATION_LAYER_ASSIGNMENT (  '', '', ( #509 ) ) ;
#1566 = AXIS2_PLACEMENT_3D ( 'NONE', #425, #502, #1370 ) ;
#1567 = ORIENTED_EDGE ( 'NONE', *, *, #618, .F. ) ;
#1568 = CARTESIAN_POINT ( 'NONE',  ( -0.5000000000000000000, -0.5699999999999999512, 0.9200000000000000400 ) ) ;
#1569 = CIRCLE ( 'NONE', #15, 0.03999999999999999389 ) ;
#1570 = ORIENTED_EDGE ( 'NONE', *, *, #1302, .T. ) ;
#1571 = CARTESIAN_POINT ( 'NONE',  ( -0.9699999999999998623, -0.5999999999999999778, 0.9499999999999999556 ) ) ;
#1572 = ADVANCED_FACE ( 'NONE', ( #1272 ), #1282, .T. ) ;
#1573 =( NAMED_UNIT ( * ) PLANE_ANGLE_UNIT ( ) SI_UNIT ( $, .RADIAN. ) );
#1574 = CARTESIAN_POINT ( 'NONE',  ( 0.5000000000000001110, -0.5700000000000000622, 0.9499999999999999556 ) ) ;
#1575 = SURFACE_STYLE_USAGE ( .BOTH. , #1445 ) ;
#1576 = CIRCLE ( 'NONE', #1606, 0.02999999999999999889 ) ;
#1577 = STYLED_ITEM ( 'NONE', ( #1804 ), #521 ) ;
#1578 = PLANE ( 'NONE',  #1337 ) ;
#1579 = DIRECTION ( 'NONE',  ( -1.000000000000000000, 0.0000000000000000000, 0.0000000000000000000 ) ) ;
#1580 = VERTEX_POINT ( 'NONE', #1865 ) ;
#1581 = SURFACE_STYLE_FILL_AREA ( #1733 ) ;
#1582 = CARTESIAN_POINT ( 'NONE',  ( -0.5000000000000000000, 0.5700000000000000622, 0.9200000000000000400 ) ) ;
#1583 = EDGE_CURVE ( 'NONE', #1644, #814, #565, .T. ) ;
#1584 = PRESENTATION_STYLE_ASSIGNMENT (( #433 ) ) ;
#1585 = CARTESIAN_POINT ( 'NONE',  ( -0.9700000000000000844, 0.5699999999999999512, 0.02999999999999997807 ) ) ;
#1586 = CARTESIAN_POINT ( 'NONE',  ( -0.9699999999999997513, -0.5699999999999999512, 0.02999999999999999889 ) ) ;
#1587 = MECHANICAL_DESIGN_GEOMETRIC_PRESENTATION_REPRESENTATION (  '', ( #1244 ), #1801 ) ;
#1588 = ORIENTED_EDGE ( 'NONE', *, *, #907, .T. ) ;
#1589 = FILL_AREA_STYLE ('',( #572 ) ) ;
#1590 = DIRECTION ( 'NONE',  ( 1.000000000000000000, 0.0000000000000000000, 0.0000000000000000000 ) ) ;
#1591 = DIRECTION ( 'NONE',  ( 0.0000000000000000000, 0.0000000000000000000, 1.000000000000000000 ) ) ;
#1592 = AXIS2_PLACEMENT_3D ( 'NONE', #821, #1124, #1262 ) ;
#1593 = DIRECTION ( 'NONE',  ( 0.0000000000000000000, -1.000000000000000000, 0.0000000000000000000 ) ) ;
#1594 = EDGE_CURVE ( 'NONE', #272, #1807, #1165, .T. ) ;
#1595 = EDGE_LOOP ( 'NONE', ( #1393, #1027, #1268, #1828 ) ) ;
#1596 = AXIS2_PLACEMENT_3D ( 'NONE', #355, #641, #1198 ) ;
#1597 = EDGE_LOOP ( 'NONE', ( #1613, #174, #892, #63, #1487, #358, #1100, #1817 ) ) ;
#1598 = DIRECTION ( 'NONE',  ( 0.0000000000000000000, 0.0000000000000000000, 1.000000000000000000 ) ) ;
#1599 = PRESENTATION_STYLE_ASSIGNMENT (( #1160 ) ) ;
#1600 = PRESENTATION_LAYER_ASSIGNMENT (  '', '', ( #74 ) ) ;
#1601 = FILL_AREA_STYLE_COLOUR ( '', #1174 ) ;
#1602 = EDGE_CURVE ( 'NONE', #543, #893, #1652, .T. ) ;
#1603 =( GEOMETRIC_REPRESENTATION_CONTEXT ( 3 ) GLOBAL_UNCERTAINTY_ASSIGNED_CONTEXT ( ( #1183 ) ) GLOBAL_UNIT_ASSIGNED_CONTEXT ( ( #822, #422, #1005 ) ) REPRESENTATION_CONTEXT ( 'NONE', 'WORKASPACE' ) );
#1604 = FILL_AREA_STYLE ('',( #1611 ) ) ;
#1605 = DIRECTION ( 'NONE',  ( 1.000000000000000000, 0.0000000000000000000, 0.0000000000000000000 ) ) ;
#1606 = AXIS2_PLACEMENT_3D ( 'NONE', #988, #1714, #1870 ) ;
#1607 = ORIENTED_EDGE ( 'NONE', *, *, #1094, .F. ) ;
#1608 = PLANE ( 'NONE',  #966 ) ;
#1609 = SURFACE_STYLE_FILL_AREA ( #1473 ) ;
#1610 = VERTEX_POINT ( 'NONE', #1717 ) ;
#1611 = FILL_AREA_STYLE_COLOUR ( '', #1514 ) ;
#1612 = CARTESIAN_POINT ( 'NONE',  ( -0.5000000000000000000, -0.5699999999999999512, 0.9200000000000000400 ) ) ;
#1613 = ORIENTED_EDGE ( 'NONE', *, *, #663, .F. ) ;
#1614 = PRESENTATION_STYLE_ASSIGNMENT (( #299 ) ) ;
#1615 = AXIS2_PLACEMENT_3D ( 'NONE', #1416, #248, #831 ) ;
#1616 = ADVANCED_FACE ( 'NONE', ( #1004 ), #388, .T. ) ;
#1617 = LINE ( 'NONE', #1336, #942 ) ;
#1618 = CARTESIAN_POINT ( 'NONE',  ( 0.5000000000000000000, 0.5699999999999999512, 0.9200000000000000400 ) ) ;
#1619 = SURFACE_STYLE_USAGE ( .BOTH. , #50 ) ;
#1620 = PRESENTATION_LAYER_ASSIGNMENT (  '', '', ( #1838 ) ) ;
#1621 =( GEOMETRIC_REPRESENTATION_CONTEXT ( 3 ) GLOBAL_UNCERTAINTY_ASSIGNED_CONTEXT ( ( #859 ) ) GLOBAL_UNIT_ASSIGNED_CONTEXT ( ( #1099, #1365, #1516 ) ) REPRESENTATION_CONTEXT ( 'NONE', 'WORKASPACE' ) );
#1622 = PRESENTATION_STYLE_ASSIGNMENT (( #1321 ) ) ;
#1623 = UNCERTAINTY_MEASURE_WITH_UNIT (LENGTH_MEASURE( 1.000000000000000082E-05 ), #1305, 'distance_accuracy_value', 'NONE');
#1624 =( GEOMETRIC_REPRESENTATION_CONTEXT ( 3 ) GLOBAL_UNCERTAINTY_ASSIGNED_CONTEXT ( ( #439 ) ) GLOBAL_UNIT_ASSIGNED_CONTEXT ( ( #617, #625, #1787 ) ) REPRESENTATION_CONTEXT ( 'NONE', 'WORKASPACE' ) );
#1625 = COLOUR_RGB ( '',0.7529411764705882248, 0.7529411764705882248, 0.7529411764705882248 ) ;
#1626 = COLOUR_RGB ( '',0.7529411764705882248, 0.7529411764705882248, 0.7529411764705882248 ) ;
#1627 = ADVANCED_FACE ( 'NONE', ( #1407 ), #1855, .T. ) ;
#1628 = FACE_OUTER_BOUND ( 'NONE', #1054, .T. ) ;
#1629 = VECTOR ( 'NONE', #1720, 1000.000000000000000 ) ;
#1630 = AXIS2_PLACEMENT_3D ( 'NONE', #456, #1028, #875 ) ;
#1631 = VERTEX_POINT ( 'NONE', #458 ) ;
#1632 = VECTOR ( 'NONE', #1173, 1000.000000000000000 ) ;
#1633 = FILL_AREA_STYLE_COLOUR ( '', #1204 ) ;
#1634 = SURFACE_SIDE_STYLE ('',( #1772 ) ) ;
#1635 = SURFACE_SIDE_STYLE ('',( #1800 ) ) ;
#1636 = EDGE_CURVE ( 'NONE', #874, #713, #1893, .T. ) ;
#1637 = DIRECTION ( 'NONE',  ( 1.000000000000000000, -0.0000000000000000000, 0.0000000000000000000 ) ) ;
#1638 = LINE ( 'NONE', #519, #1747 ) ;
#1639 = ADVANCED_FACE ( 'NONE', ( #167 ), #290, .T. ) ;
#1640 = FILL_AREA_STYLE_COLOUR ( '', #1234 ) ;
#1641 = DIRECTION ( 'NONE',  ( -1.000000000000000000, 0.0000000000000000000, 0.0000000000000000000 ) ) ;
#1642 = ORIENTED_EDGE ( 'NONE', *, *, #1844, .T. ) ;
#1643 = CARTESIAN_POINT ( 'NONE',  ( 1.000000000000000000, 0.5999999999999999778, 0.9499999999999999556 ) ) ;
#1644 = VERTEX_POINT ( 'NONE', #27 ) ;
#1645 = SURFACE_SIDE_STYLE ('',( #1066 ) ) ;
#1646 = LINE ( 'NONE', #622, #191 ) ;
#1647 = FILL_AREA_STYLE ('',( #918 ) ) ;
#1648 = AXIS2_PLACEMENT_3D ( 'NONE', #1059, #1364, #503 ) ;
#1649 =( LENGTH_UNIT ( ) NAMED_UNIT ( * ) SI_UNIT ( .MILLI., .METRE. ) );
#1650 = EDGE_CURVE ( 'NONE', #874, #807, #607, .T. ) ;
#1651 = CARTESIAN_POINT ( 'NONE',  ( -0.9700000000000000844, 0.5699999999999999512, 0.02999999999999999889 ) ) ;
#1652 = CIRCLE ( 'NONE', #7, 0.02999999999999997113 ) ;
#1653 = ORIENTED_EDGE ( 'NONE', *, *, #230, .F. ) ;
#1654 = PRESENTATION_STYLE_ASSIGNMENT (( #1227 ) ) ;
#1655 = VECTOR ( 'NONE', #301, 1000.000000000000000 ) ;
#1656 = CARTESIAN_POINT ( 'NONE',  ( 0.5000000000000001110, -0.5699999999999999512, 0.9200000000000000400 ) ) ;
#1657 = VECTOR ( 'NONE', #48, 1000.000000000000000 ) ;
#1658 = CARTESIAN_POINT ( 'NONE',  ( 0.5000000000000000000, 0.5699999999999999512, 0.0000000000000000000 ) ) ;
#1659 = DIRECTION ( 'NONE',  ( 0.0000000000000000000, -0.0000000000000000000, 1.000000000000000000 ) ) ;
#1660 = ADVANCED_FACE ( 'NONE', ( #585 ), #638, .T. ) ;
#1661 =( GEOMETRIC_REPRESENTATION_CONTEXT ( 3 ) GLOBAL_UNCERTAINTY_ASSIGNED_CONTEXT ( ( #1668 ) ) GLOBAL_UNIT_ASSIGNED_CONTEXT ( ( #983, #366, #10 ) ) REPRESENTATION_CONTEXT ( 'NONE', 'WORKASPACE' ) );
#1662 = STYLED_ITEM ( 'NONE', ( #400 ), #29 ) ;
#1663 = CARTESIAN_POINT ( 'NONE',  ( 0.9700000000000000844, 0.5699999999999999512, 0.02999999999999999889 ) ) ;
#1664 = AXIS2_PLACEMENT_3D ( 'NONE', #1318, #350, #1781 ) ;
#1665 = FILL_AREA_STYLE_COLOUR ( '', #448 ) ;
#1666 = DIRECTION ( 'NONE',  ( 1.000000000000000000, 0.0000000000000000000, 0.0000000000000000000 ) ) ;
#1667 =( GEOMETRIC_REPRESENTATION_CONTEXT ( 3 ) GLOBAL_UNCERTAINTY_ASSIGNED_CONTEXT ( ( #1221 ) ) GLOBAL_UNIT_ASSIGNED_CONTEXT ( ( #1477, #480, #1064 ) ) REPRESENTATION_CONTEXT ( 'NONE', 'WORKASPACE' ) );
#1668 = UNCERTAINTY_MEASURE_WITH_UNIT (LENGTH_MEASURE( 1.000000000000000082E-05 ), #983, 'distance_accuracy_value', 'NONE');
#1669 = LINE ( 'NONE', #659, #559 ) ;
#1670 = FACE_BOUND ( 'NONE', #1245, .T. ) ;
#1671 = ORIENTED_EDGE ( 'NONE', *, *, #1602, .F. ) ;
#1672 = CARTESIAN_POINT ( 'NONE',  ( 1.000000000000000000, 0.5699999999999999512, 0.02999999999999997113 ) ) ;
#1673 = VERTEX_POINT ( 'NONE', #732 ) ;
#1674 = CARTESIAN_POINT ( 'NONE',  ( 0.5000000000000000000, -0.5299999999999999156, 0.9200000000000000400 ) ) ;
#1675 = CARTESIAN_POINT ( 'NONE',  ( 0.5000000000000000000, 0.5699999999999999512, 0.02999999999999997113 ) ) ;
#1676 = EDGE_CURVE ( 'NONE', #807, #1375, #338, .T. ) ;
#1677 = DIRECTION ( 'NONE',  ( 0.0000000000000000000, 1.000000000000000000, 0.0000000000000000000 ) ) ;
#1678 = SURFACE_STYLE_USAGE ( .BOTH. , #1507 ) ;
#1679 = VERTEX_POINT ( 'NONE', #33 ) ;
#1680 =( GEOMETRIC_REPRESENTATION_CONTEXT ( 3 ) GLOBAL_UNCERTAINTY_ASSIGNED_CONTEXT ( ( #564 ) ) GLOBAL_UNIT_ASSIGNED_CONTEXT ( ( #1513, #1203, #1794 ) ) REPRESENTATION_CONTEXT ( 'NONE', 'WORKASPACE' ) );
#1681 = EDGE_LOOP ( 'NONE', ( #282, #1402, #1313, #36 ) ) ;
#1682 = FILL_AREA_STYLE ('',( #234 ) ) ;
#1683 = CARTESIAN_POINT ( 'NONE',  ( -0.9999999999999997780, -0.5999999999999999778, 0.9499999999999999556 ) ) ;
#1684 = DIRECTION ( 'NONE',  ( 1.000000000000000000, -0.0000000000000000000, 0.0000000000000000000 ) ) ;
#1685 = EDGE_CURVE ( 'NONE', #44, #463, #1492, .T. ) ;
#1686 =( GEOMETRIC_REPRESENTATION_CONTEXT ( 3 ) GLOBAL_UNCERTAINTY_ASSIGNED_CONTEXT ( ( #1688 ) ) GLOBAL_UNIT_ASSIGNED_CONTEXT ( ( #12, #1740, #296 ) ) REPRESENTATION_CONTEXT ( 'NONE', 'WORKASPACE' ) );
#1687 = CARTESIAN_POINT ( 'NONE',  ( -0.9700000000000000844, 0.5699999999999999512, 0.02999999999999997113 ) ) ;
#1688 = UNCERTAINTY_MEASURE_WITH_UNIT (LENGTH_MEASURE( 1.000000000000000082E-05 ), #12, 'distance_accuracy_value', 'NONE');
#1689 = DIRECTION ( 'NONE',  ( 1.000000000000000000, 9.035018104045873159E-17, -0.0000000000000000000 ) ) ;
#1690 = VECTOR ( 'NONE', #275, 1000.000000000000000 ) ;
#1691 = SURFACE_STYLE_USAGE ( .BOTH. , #1107 ) ;
#1692 = VERTEX_POINT ( 'NONE', #352 ) ;
#1693 = DIRECTION ( 'NONE',  ( 1.807003620809174632E-16, -1.000000000000000000, 0.0000000000000000000 ) ) ;
#1694 = ORIENTED_EDGE ( 'NONE', *, *, #1224, .T. ) ;
#1695 = CARTESIAN_POINT ( 'NONE',  ( -0.9699999999999998623, -0.5699999999999999512, 0.9499999999999999556 ) ) ;
#1696 = DIRECTION ( 'NONE',  ( 1.000000000000000000, -0.0000000000000000000, -0.0000000000000000000 ) ) ;
#1697 =( GEOMETRIC_REPRESENTATION_CONTEXT ( 3 ) GLOBAL_UNCERTAINTY_ASSIGNED_CONTEXT ( ( #1276 ) ) GLOBAL_UNIT_ASSIGNED_CONTEXT ( ( #1488, #1209, #9 ) ) REPRESENTATION_CONTEXT ( 'NONE', 'WORKASPACE' ) );
#1698 = SURFACE_STYLE_FILL_AREA ( #970 ) ;
#1699 = EDGE_CURVE ( 'NONE', #1880, #544, #759, .T. ) ;
#1700 = ADVANCED_FACE ( 'NONE', ( #1086 ), #1521, .T. ) ;
#1701 = ORIENTED_EDGE ( 'NONE', *, *, #647, .T. ) ;
#1702 = LINE ( 'NONE', #403, #1547 ) ;
#1703 = VERTEX_POINT ( 'NONE', #49 ) ;
#1704 = SURFACE_SIDE_STYLE ('',( #828 ) ) ;
#1705 = CARTESIAN_POINT ( 'NONE',  ( -0.9699999999999998623, -0.5699999999999999512, 0.02999999999999997113 ) ) ;
#1706 = CARTESIAN_POINT ( 'NONE',  ( -0.5000000000000000000, -0.5699999999999999512, 0.9200000000000000400 ) ) ;
#1707 = UNCERTAINTY_MEASURE_WITH_UNIT (LENGTH_MEASURE( 1.000000000000000082E-05 ), #399, 'distance_accuracy_value', 'NONE');
#1708 = DIRECTION ( 'NONE',  ( 0.0000000000000000000, 0.0000000000000000000, -1.000000000000000000 ) ) ;
#1709 =( NAMED_UNIT ( * ) PLANE_ANGLE_UNIT ( ) SI_UNIT ( $, .RADIAN. ) );
#1710 = COLOUR_RGB ( '',0.7529411764705882248, 0.7529411764705882248, 0.7529411764705882248 ) ;
#1711 = ADVANCED_FACE ( 'NONE', ( #1377 ), #68, .T. ) ;
#1712 = ORIENTED_EDGE ( 'NONE', *, *, #1249, .T. ) ;
#1713 = ORIENTED_EDGE ( 'NONE', *, *, #1685, .F. ) ;
#1714 = DIRECTION ( 'NONE',  ( 1.000000000000000000, -0.0000000000000000000, -0.0000000000000000000 ) ) ;
#1715 = CARTESIAN_POINT ( 'NONE',  ( 0.9700000000000000844, 0.5999999999999999778, 0.9499999999999999556 ) ) ;
#1716 = DIRECTION ( 'NONE',  ( -1.000000000000000000, -9.035018104045873159E-17, 0.0000000000000000000 ) ) ;
#1717 = CARTESIAN_POINT ( 'NONE',  ( -0.9699999999999998623, -0.5699999999999999512, 0.0000000000000000000 ) ) ;
#1718 = VECTOR ( 'NONE', #1641, 1000.000000000000000 ) ;
#1719 = CARTESIAN_POINT ( 'NONE',  ( 0.5000000000000001110, -0.5699999999999999512, 0.0000000000000000000 ) ) ;
#1720 = DIRECTION ( 'NONE',  ( -0.0000000000000000000, -0.0000000000000000000, 1.000000000000000000 ) ) ;
#1721 =( GEOMETRIC_REPRESENTATION_CONTEXT ( 3 ) GLOBAL_UNCERTAINTY_ASSIGNED_CONTEXT ( ( #940 ) ) GLOBAL_UNIT_ASSIGNED_CONTEXT ( ( #310, #505, #640 ) ) REPRESENTATION_CONTEXT ( 'NONE', 'WORKASPACE' ) );
#1722 = AXIS2_PLACEMENT_3D ( 'NONE', #1155, #1736, #1590 ) ;
#1723 = PLANE ( 'NONE',  #576 ) ;
#1724 = ORIENTED_EDGE ( 'NONE', *, *, #494, .F. ) ;
#1725 = DIRECTION ( 'NONE',  ( 1.000000000000000000, 0.0000000000000000000, 0.0000000000000000000 ) ) ;
#1726 = CYLINDRICAL_SURFACE ( 'NONE', #1373, 0.02999999999999997113 ) ;
#1727 = CARTESIAN_POINT ( 'NONE',  ( 0.5000000000000001110, -0.5699999999999999512, 0.02999999999999997113 ) ) ;
#1728 = CIRCLE ( 'NONE', #76, 0.02999999999999999889 ) ;
#1729 = SURFACE_SIDE_STYLE ('',( #1875 ) ) ;
#1730 = COLOUR_RGB ( '',0.7529411764705882248, 0.7529411764705882248, 0.7529411764705882248 ) ;
#1731 = COLOUR_RGB ( '',0.7529411764705882248, 0.7529411764705882248, 0.7529411764705882248 ) ;
#1732 = ORIENTED_EDGE ( 'NONE', *, *, #1172, .T. ) ;
#1733 = FILL_AREA_STYLE ('',( #1152 ) ) ;
#1734 = SURFACE_STYLE_FILL_AREA ( #752 ) ;
#1735 = EDGE_CURVE ( 'NONE', #1679, #807, #1122, .T. ) ;
#1736 = DIRECTION ( 'NONE',  ( 0.0000000000000000000, -0.0000000000000000000, -1.000000000000000000 ) ) ;
#1737 = DIRECTION ( 'NONE',  ( 1.000000000000000000, 0.0000000000000000000, 0.0000000000000000000 ) ) ;
#1738 =( LENGTH_UNIT ( ) NAMED_UNIT ( * ) SI_UNIT ( .MILLI., .METRE. ) );
#1739 = FILL_AREA_STYLE ('',( #996 ) ) ;
#1740 =( NAMED_UNIT ( * ) PLANE_ANGLE_UNIT ( ) SI_UNIT ( $, .RADIAN. ) );
#1741 = UNCERTAINTY_MEASURE_WITH_UNIT (LENGTH_MEASURE( 1.000000000000000082E-05 ), #1010, 'distance_accuracy_value', 'NONE');
#1742 = VERTEX_POINT ( 'NONE', #406 ) ;
#1743 = CARTESIAN_POINT ( 'NONE',  ( -0.5000000000000000000, -0.5999999999999999778, 0.9200000000000000400 ) ) ;
#1744 = STYLED_ITEM ( 'NONE', ( #596 ), #1639 ) ;
#1745 = FILL_AREA_STYLE_COLOUR ( '', #989 ) ;
#1746 = UNCERTAINTY_MEASURE_WITH_UNIT (LENGTH_MEASURE( 1.000000000000000082E-05 ), #868, 'distance_accuracy_value', 'NONE');
#1747 = VECTOR ( 'NONE', #1803, 1000.000000000000000 ) ;
#1748 = COLOUR_RGB ( '',0.1254901960784313708, 0.1254901960784313708, 0.1254901960784313708 ) ;
#1749 = DIRECTION ( 'NONE',  ( -1.807003620809175125E-16, 1.000000000000000000, 0.0000000000000000000 ) ) ;
#1750 = VECTOR ( 'NONE', #1773, 1000.000000000000000 ) ;
#1751 = VERTEX_POINT ( 'NONE', #258 ) ;
#1752 = PLANE ( 'NONE',  #1511 ) ;
#1753 = FACE_OUTER_BOUND ( 'NONE', #1779, .T. ) ;
#1754 = FILL_AREA_STYLE ('',( #886 ) ) ;
#1755 = COLOUR_RGB ( '',0.7529411764705882248, 0.7529411764705882248, 0.7529411764705882248 ) ;
#1756 = DIRECTION ( 'NONE',  ( 1.000000000000000000, 9.035018104045873159E-17, -0.0000000000000000000 ) ) ;
#1757 = CIRCLE ( 'NONE', #605, 0.02999999999999999889 ) ;
#1758 = DIRECTION ( 'NONE',  ( 1.000000000000000000, 0.0000000000000000000, 0.0000000000000000000 ) ) ;
#1759 = EDGE_CURVE ( 'NONE', #1610, #415, #555, .T. ) ;
#1760 = SURFACE_SIDE_STYLE ('',( #600 ) ) ;
#1761 = UNCERTAINTY_MEASURE_WITH_UNIT (LENGTH_MEASURE( 1.000000000000000082E-05 ), #308, 'distance_accuracy_value', 'NONE');
#1762 = ORIENTED_EDGE ( 'NONE', *, *, #1602, .T. ) ;
#1763 = SURFACE_STYLE_FILL_AREA ( #1176 ) ;
#1764 = DIRECTION ( 'NONE',  ( -1.000000000000000000, 0.0000000000000000000, -0.0000000000000000000 ) ) ;
#1765 = UNCERTAINTY_MEASURE_WITH_UNIT (LENGTH_MEASURE( 1.000000000000000082E-05 ), #844, 'distance_accuracy_value', 'NONE');
#1766 = LINE ( 'NONE', #1051, #418 ) ;
#1767 = DIRECTION ( 'NONE',  ( -2.168404344971008621E-16, 1.000000000000000000, 0.0000000000000000000 ) ) ;
#1768 = EDGE_CURVE ( 'NONE', #1644, #544, #643, .T. ) ;
#1769 =( NAMED_UNIT ( * ) PLANE_ANGLE_UNIT ( ) SI_UNIT ( $, .RADIAN. ) );
#1770 = MECHANICAL_DESIGN_GEOMETRIC_PRESENTATION_REPRESENTATION (  '', ( #1011 ), #1399 ) ;
#1771 = VERTEX_POINT ( 'NONE', #990 ) ;
#1772 = SURFACE_STYLE_FILL_AREA ( #1032 ) ;
#1773 = DIRECTION ( 'NONE',  ( 1.000000000000000000, 2.168404344971008621E-16, 0.0000000000000000000 ) ) ;
#1774 = COLOUR_RGB ( '',0.7529411764705882248, 0.7529411764705882248, 0.7529411764705882248 ) ;
#1775 =( NAMED_UNIT ( * ) PLANE_ANGLE_UNIT ( ) SI_UNIT ( $, .RADIAN. ) );
#1776 = CIRCLE ( 'NONE', #561, 0.02999999999999997113 ) ;
#1777 = EDGE_CURVE ( 'NONE', #1742, #156, #699, .T. ) ;
#1778 = CARTESIAN_POINT ( 'NONE',  ( 0.0000000000000000000, 0.0000000000000000000, 0.0000000000000000000 ) ) ;
#1779 = EDGE_LOOP ( 'NONE', ( #1808, #560, #343, #1868 ) ) ;
#1780 = CIRCLE ( 'NONE', #861, 0.02999999999999997113 ) ;
#1781 = DIRECTION ( 'NONE',  ( 0.0000000000000000000, 0.0000000000000000000, 1.000000000000000000 ) ) ;
#1782 = CARTESIAN_POINT ( 'NONE',  ( 0.5000000000000000000, -0.5300000000000000266, 0.8800000000000000044 ) ) ;
#1783 = EDGE_CURVE ( 'NONE', #1644, #1055, #55, .T. ) ;
#1784 = SURFACE_STYLE_FILL_AREA ( #19 ) ;
#1785 = DIRECTION ( 'NONE',  ( -1.000000000000000000, 0.0000000000000000000, -0.0000000000000000000 ) ) ;
#1786 =( LENGTH_UNIT ( ) NAMED_UNIT ( * ) SI_UNIT ( .MILLI., .METRE. ) );
#1787 =( NAMED_UNIT ( * ) SI_UNIT ( $, .STERADIAN. ) SOLID_ANGLE_UNIT ( ) );
#1788 = COLOUR_RGB ( '',0.7529411764705882248, 0.7529411764705882248, 0.7529411764705882248 ) ;
#1789 = MECHANICAL_DESIGN_GEOMETRIC_PRESENTATION_REPRESENTATION (  '', ( #573 ), #21 ) ;
#1790 = ORIENTED_EDGE ( 'NONE', *, *, #1856, .F. ) ;
#1791 = AXIS2_PLACEMENT_3D ( 'NONE', #1236, #75, #382 ) ;
#1792 = DIRECTION ( 'NONE',  ( 0.0000000000000000000, 0.0000000000000000000, 1.000000000000000000 ) ) ;
#1793 = FILL_AREA_STYLE_COLOUR ( '', #1536 ) ;
#1794 =( NAMED_UNIT ( * ) SI_UNIT ( $, .STERADIAN. ) SOLID_ANGLE_UNIT ( ) );
#1795 = EDGE_CURVE ( 'NONE', #1540, #1141, #118, .T. ) ;
#1796 = CARTESIAN_POINT ( 'NONE',  ( -1.000000000000000000, 0.5699999999999999512, 0.9499999999999999556 ) ) ;
#1797 = ORIENTED_EDGE ( 'NONE', *, *, #1827, .F. ) ;
#1798 = DIRECTION ( 'NONE',  ( 0.0000000000000000000, -0.0000000000000000000, -1.000000000000000000 ) ) ;
#1799 = DIRECTION ( 'NONE',  ( 0.0000000000000000000, -1.000000000000000000, 0.0000000000000000000 ) ) ;
#1800 = SURFACE_STYLE_FILL_AREA ( #202 ) ;
#1801 =( GEOMETRIC_REPRESENTATION_CONTEXT ( 3 ) GLOBAL_UNCERTAINTY_ASSIGNED_CONTEXT ( ( #658 ) ) GLOBAL_UNIT_ASSIGNED_CONTEXT ( ( #979, #1831, #79 ) ) REPRESENTATION_CONTEXT ( 'NONE', 'WORKASPACE' ) );
#1802 = EDGE_CURVE ( 'NONE', #1208, #127, #969, .T. ) ;
#1803 = DIRECTION ( 'NONE',  ( 1.807003620809175125E-16, -1.000000000000000000, -0.0000000000000000000 ) ) ;
#1804 = PRESENTATION_STYLE_ASSIGNMENT (( #1341 ) ) ;
#1805 = LINE ( 'NONE', #1796, #796 ) ;
#1806 = CIRCLE ( 'NONE', #883, 0.03999999999999999389 ) ;
#1807 = VERTEX_POINT ( 'NONE', #417 ) ;
#1808 = ORIENTED_EDGE ( 'NONE', *, *, #451, .T. ) ;
#1809 = MECHANICAL_DESIGN_GEOMETRIC_PRESENTATION_REPRESENTATION (  '', ( #509 ), #562 ) ;
#1810 = DIRECTION ( 'NONE',  ( 1.000000000000000000, -0.0000000000000000000, -0.0000000000000000000 ) ) ;
#1811 = DIRECTION ( 'NONE',  ( 0.0000000000000000000, 0.0000000000000000000, -1.000000000000000000 ) ) ;
#1812 = SURFACE_STYLE_USAGE ( .BOTH. , #1543 ) ;
#1813 = DIRECTION ( 'NONE',  ( 0.0000000000000000000, 0.0000000000000000000, -1.000000000000000000 ) ) ;
#1814 = ADVANCED_FACE ( 'NONE', ( #1551 ), #1387, .T. ) ;
#1815 = ORIENTED_EDGE ( 'NONE', *, *, #159, .F. ) ;
#1816 = MECHANICAL_DESIGN_GEOMETRIC_PRESENTATION_REPRESENTATION (  '', ( #1662 ), #1603 ) ;
#1817 = ORIENTED_EDGE ( 'NONE', *, *, #1427, .T. ) ;
#1818 = AXIS2_PLACEMENT_3D ( 'NONE', #1142, #1396, #1725 ) ;
#1819 = DIRECTION ( 'NONE',  ( 0.0000000000000000000, 0.0000000000000000000, 1.000000000000000000 ) ) ;
#1820 = FILL_AREA_STYLE_COLOUR ( '', #1190 ) ;
#1821 = AXIS2_PLACEMENT_3D ( 'NONE', #761, #1080, #932 ) ;
#1822 = PRESENTATION_STYLE_ASSIGNMENT (( #1678 ) ) ;
#1823 = CARTESIAN_POINT ( 'NONE',  ( -0.5000000000000000000, -0.5699999999999999512, 0.0000000000000000000 ) ) ;
#1824 = SURFACE_STYLE_FILL_AREA ( #1564 ) ;
#1825 = ORIENTED_EDGE ( 'NONE', *, *, #179, .F. ) ;
#1826 = FILL_AREA_STYLE_COLOUR ( '', #1731 ) ;
#1827 = EDGE_CURVE ( 'NONE', #1167, #1673, #1130, .T. ) ;
#1828 = ORIENTED_EDGE ( 'NONE', *, *, #688, .F. ) ;
#1829 = DIRECTION ( 'NONE',  ( 0.0000000000000000000, 0.0000000000000000000, 1.000000000000000000 ) ) ;
#1830 = CARTESIAN_POINT ( 'NONE',  ( -1.000000000000000000, 0.5999999999999999778, 0.02999999999999997113 ) ) ;
#1831 =( NAMED_UNIT ( * ) PLANE_ANGLE_UNIT ( ) SI_UNIT ( $, .RADIAN. ) );
#1832 = CARTESIAN_POINT ( 'NONE',  ( -0.9700000000000000844, 0.5999999999999999778, 0.02999999999999997113 ) ) ;
#1833 = PRODUCT_DEFINITION_FORMATION_WITH_SPECIFIED_SOURCE ( 'ANY', '', #47, .NOT_KNOWN. ) ;
#1834 = FILL_AREA_STYLE_COLOUR ( '', #443 ) ;
#1835 = DIRECTION ( 'NONE',  ( 0.0000000000000000000, 3.614007241618351532E-15, 1.000000000000000000 ) ) ;
#1836 = ORIENTED_EDGE ( 'NONE', *, *, #371, .F. ) ;
#1837 =( NAMED_UNIT ( * ) SI_UNIT ( $, .STERADIAN. ) SOLID_ANGLE_UNIT ( ) );
#1838 = STYLED_ITEM ( 'NONE', ( #621 ), #1700 ) ;
#1839 = EDGE_LOOP ( 'NONE', ( #551, #286, #742, #1550 ) ) ;
#1840 = CYLINDRICAL_SURFACE ( 'NONE', #169, 0.03999999999999999389 ) ;
#1841 = DIRECTION ( 'NONE',  ( -1.000000000000000000, 0.0000000000000000000, 0.0000000000000000000 ) ) ;
#1842 = CARTESIAN_POINT ( 'NONE',  ( 0.5000000000000000000, 0.5999999999999999778, 0.0000000000000000000 ) ) ;
#1843 = CIRCLE ( 'NONE', #190, 0.02999999999999997113 ) ;
#1844 = EDGE_CURVE ( 'NONE', #1549, #1382, #1397, .T. ) ;
#1845 = DIRECTION ( 'NONE',  ( -0.0000000000000000000, -0.0000000000000000000, 1.000000000000000000 ) ) ;
#1846 = DIRECTION ( 'NONE',  ( 0.0000000000000000000, 1.000000000000000000, 0.0000000000000000000 ) ) ;
#1847 = CIRCLE ( 'NONE', #1170, 0.02999999999999997113 ) ;
#1848 = ORIENTED_EDGE ( 'NONE', *, *, #1371, .T. ) ;
#1849 = EDGE_LOOP ( 'NONE', ( #976, #303, #530 ) ) ;
#1850 = DIRECTION ( 'NONE',  ( 0.0000000000000000000, -1.000000000000000000, -0.0000000000000000000 ) ) ;
#1851 = AXIS2_PLACEMENT_3D ( 'NONE', #40, #370, #1798 ) ;
#1852 = DIRECTION ( 'NONE',  ( 9.035018104045870694E-17, -1.000000000000000000, 0.0000000000000000000 ) ) ;
#1853 = CIRCLE ( 'NONE', #835, 0.03999999999999999389 ) ;
#1854 = CARTESIAN_POINT ( 'NONE',  ( -0.5000000000000000000, 0.5999999999999999778, 0.9499999999999999556 ) ) ;
#1855 = CYLINDRICAL_SURFACE ( 'NONE', #411, 0.02999999999999997113 ) ;
#1856 = EDGE_CURVE ( 'NONE', #1540, #1869, #1250, .T. ) ;
#1857 = FILL_AREA_STYLE ('',( #710 ) ) ;
#1858 = PRESENTATION_LAYER_ASSIGNMENT (  '', '', ( #610 ) ) ;
#1859 = FILL_AREA_STYLE ('',( #950 ) ) ;
#1860 = ORIENTED_EDGE ( 'NONE', *, *, #760, .F. ) ;
#1861 = UNCERTAINTY_MEASURE_WITH_UNIT (LENGTH_MEASURE( 1.000000000000000082E-05 ), #229, 'distance_accuracy_value', 'NONE');
#1862 = VERTEX_POINT ( 'NONE', #547 ) ;
#1863 = PRESENTATION_STYLE_ASSIGNMENT (( #374 ) ) ;
#1864 = DIRECTION ( 'NONE',  ( 0.0000000000000000000, 0.0000000000000000000, 1.000000000000000000 ) ) ;
#1865 = CARTESIAN_POINT ( 'NONE',  ( 0.9700000000000003064, -0.5999999999999998668, 0.02999999999999997113 ) ) ;
#1866 = PLANE ( 'NONE',  #1851 ) ;
#1867 = DIRECTION ( 'NONE',  ( 0.0000000000000000000, 1.000000000000000000, 0.0000000000000000000 ) ) ;
#1868 = ORIENTED_EDGE ( 'NONE', *, *, #1699, .T. ) ;
#1869 = VERTEX_POINT ( 'NONE', #437 ) ;
#1870 = DIRECTION ( 'NONE',  ( 0.0000000000000000000, 0.0000000000000000000, 1.000000000000000000 ) ) ;
#1871 = MECHANICAL_DESIGN_GEOMETRIC_PRESENTATION_REPRESENTATION (  '', ( #680 ), #1621 ) ;
#1872 = DIRECTION ( 'NONE',  ( -1.000000000000000000, 0.0000000000000000000, 0.0000000000000000000 ) ) ;
#1873 = SURFACE_STYLE_USAGE ( .BOTH. , #103 ) ;
#1874 =( GEOMETRIC_REPRESENTATION_CONTEXT ( 3 ) GLOBAL_UNCERTAINTY_ASSIGNED_CONTEXT ( ( #1765 ) ) GLOBAL_UNIT_ASSIGNED_CONTEXT ( ( #844, #1431, #284 ) ) REPRESENTATION_CONTEXT ( 'NONE', 'WORKASPACE' ) );
#1875 = SURFACE_STYLE_FILL_AREA ( #1857 ) ;
#1876 = PLANE ( 'NONE',  #767 ) ;
#1877 = AXIS2_PLACEMENT_3D ( 'NONE', #1503, #914, #300 ) ;
#1878 = FILL_AREA_STYLE_COLOUR ( '', #1502 ) ;
#1879 = ADVANCED_FACE ( 'NONE', ( #1453 ), #1726, .T. ) ;
#1880 = VERTEX_POINT ( 'NONE', #1743 ) ;
#1881 = CARTESIAN_POINT ( 'NONE',  ( 1.000000000000000222, -0.5699999999999996181, 0.9499999999999999556 ) ) ;
#1882 = CIRCLE ( 'NONE', #520, 0.02999999999999999889 ) ;
#1883 = PRESENTATION_STYLE_ASSIGNMENT (( #1575 ) ) ;
#1884 = STYLED_ITEM ( 'NONE', ( #1614 ), #359 ) ;
#1885 = COLOUR_RGB ( '',0.7960784313725489669, 0.8235294117647058432, 0.9372549019607843146 ) ;
#1886 = EDGE_LOOP ( 'NONE', ( #853, #705, #955 ) ) ;
#1887 =( NAMED_UNIT ( * ) PLANE_ANGLE_UNIT ( ) SI_UNIT ( $, .RADIAN. ) );
#1888 = ORIENTED_EDGE ( 'NONE', *, *, #230, .T. ) ;
#1889 = DIRECTION ( 'NONE',  ( 1.000000000000000000, 1.807003620809174632E-16, -0.0000000000000000000 ) ) ;
#1890 = EDGE_CURVE ( 'NONE', #152, #1121, #1617, .T. ) ;
#1891 = PRESENTATION_STYLE_ASSIGNMENT (( #720 ) ) ;
#1892 = FACE_OUTER_BOUND ( 'NONE', #473, .T. ) ;
#1893 = LINE ( 'NONE', #1474, #1248 ) ;
#1894 =( NAMED_UNIT ( * ) SI_UNIT ( $, .STERADIAN. ) SOLID_ANGLE_UNIT ( ) );
ENDSEC;
END-ISO-10303-21;
