ISO-10303-21;
HEADER;
FILE_DESCRIPTION (( 'STEP AP214' ),
    '1' );
FILE_NAME ('M24M02E-FDW6TP.STEP',
    '2024-07-28T07:03:26',
    ( '' ),
    ( '' ),
    'SwSTEP 2.0',
    'SolidWorks 2023',
    '' );
FILE_SCHEMA (( 'AUTOMOTIVE_DESIGN' ));
ENDSEC;

DATA;
#1 = VERTEX_POINT ( 'NONE', #3456 ) ;
#2 = LINE ( 'NONE', #617, #2457 ) ;
#3 = LINE ( 'NONE', #2233, #48 ) ;
#4 = EDGE_CURVE ( 'NONE', #7277, #2883, #6214, .T. ) ;
#5 = COLOUR_RGB ( '',0.8039215686274510109, 0.8039215686274510109, 0.8039215686274510109 ) ;
#6 = FILL_AREA_STYLE_COLOUR ( '', #5568 ) ;
#7 = ADVANCED_FACE ( 'NONE', ( #657 ), #1686, .T. ) ;
#8 = FILL_AREA_STYLE_COLOUR ( '', #2040 ) ;
#9 = CARTESIAN_POINT ( 'NONE',  ( 0.2024999999999997635, -2.199999999999999289, 0.07249999999999999500 ) ) ;
#10 = MECHANICAL_DESIGN_GEOMETRIC_PRESENTATION_REPRESENTATION (  '', ( #713 ), #5314 ) ;
#11 = COLOUR_RGB ( '',0.8039215686274510109, 0.8039215686274510109, 0.8039215686274510109 ) ;
#12 = CARTESIAN_POINT ( 'NONE',  ( 1.097499999999999698, 2.599999999999999645, -0.5153054482615858634 ) ) ;
#13 = ORIENTED_EDGE ( 'NONE', *, *, #1523, .F. ) ;
#14 = AXIS2_PLACEMENT_3D ( 'NONE', #6873, #718, #5855 ) ;
#15 = FILL_AREA_STYLE_COLOUR ( '', #117 ) ;
#16 = VECTOR ( 'NONE', #4644, 1000.000000000000000 ) ;
#17 = DIRECTION ( 'NONE',  ( 0.000000000000000000, 0.000000000000000000, -1.000000000000000000 ) ) ;
#18 = STYLED_ITEM ( 'NONE', ( #4719 ), #1743 ) ;
#19 = FILL_AREA_STYLE_COLOUR ( '', #2713 ) ;
#20 = ADVANCED_FACE ( 'NONE', ( #2441 ), #4699, .T. ) ;
#21 = CARTESIAN_POINT ( 'NONE',  ( -1.499998880753508512, -2.125409738600888332, 0.07251064891903696852 ) ) ;
#22 = EDGE_LOOP ( 'NONE', ( #4039, #5555, #2276, #2566 ) ) ;
#23 = PRESENTATION_LAYER_ASSIGNMENT (  '', '', ( #4721 ) ) ;
#24 =( NAMED_UNIT ( * ) PLANE_ANGLE_UNIT ( ) SI_UNIT ( $, .RADIAN. ) );
#25 = ORIENTED_EDGE ( 'NONE', *, *, #5819, .T. ) ;
#26 =( NAMED_UNIT ( * ) SI_UNIT ( $, .STERADIAN. ) SOLID_ANGLE_UNIT ( ) );
#27 = FACE_OUTER_BOUND ( 'NONE', #4301, .T. ) ;
#28 = DIRECTION ( 'NONE',  ( 1.000000000000000000, 0.000000000000000000, 0.000000000000000000 ) ) ;
#29 = SURFACE_SIDE_STYLE ('',( #5076 ) ) ;
#30 =( NAMED_UNIT ( * ) PLANE_ANGLE_UNIT ( ) SI_UNIT ( $, .RADIAN. ) );
#31 = VECTOR ( 'NONE', #2885, 1000.000000000000114 ) ;
#32 = FACE_OUTER_BOUND ( 'NONE', #6299, .T. ) ;
#33 = ORIENTED_EDGE ( 'NONE', *, *, #6860, .T. ) ;
#34 = EDGE_LOOP ( 'NONE', ( #1338, #1564, #6807, #161 ) ) ;
#35 = CARTESIAN_POINT ( 'NONE',  ( -0.4475000000000001754, -2.715635909006247850, -0.4244066557889664137 ) ) ;
#36 = DIRECTION ( 'NONE',  ( 1.000000000000000000, 0.000000000000000000, 0.000000000000000000 ) ) ;
#37 = ORIENTED_EDGE ( 'NONE', *, *, #2724, .F. ) ;
#38 = MECHANICAL_DESIGN_GEOMETRIC_PRESENTATION_REPRESENTATION (  '', ( #3560 ), #4140 ) ;
#39 =( LENGTH_UNIT ( ) NAMED_UNIT ( * ) SI_UNIT ( .MILLI., .METRE. ) );
#40 = VECTOR ( 'NONE', #1272, 1000.000000000000000 ) ;
#41 = AXIS2_PLACEMENT_3D ( 'NONE', #1423, #7156, #6604 ) ;
#42 =( GEOMETRIC_REPRESENTATION_CONTEXT ( 3 ) GLOBAL_UNCERTAINTY_ASSIGNED_CONTEXT ( ( #7015 ) ) GLOBAL_UNIT_ASSIGNED_CONTEXT ( ( #5182, #5882, #4055 ) ) REPRESENTATION_CONTEXT ( 'NONE', 'WORKASPACE' ) );
#43 = FACE_OUTER_BOUND ( 'NONE', #2088, .T. ) ;
#44 = MECHANICAL_DESIGN_GEOMETRIC_PRESENTATION_REPRESENTATION (  '', ( #5811 ), #4392 ) ;
#45 = LINE ( 'NONE', #2179, #6769 ) ;
#46 = VECTOR ( 'NONE', #6342, 1000.000000000000114 ) ;
#47 = DIRECTION ( 'NONE',  ( 0.000000000000000000, 0.000000000000000000, -1.000000000000000000 ) ) ;
#48 = VECTOR ( 'NONE', #4486, 1000.000000000000000 ) ;
#49 = SURFACE_SIDE_STYLE ('',( #5094 ) ) ;
#50 = AXIS2_PLACEMENT_3D ( 'NONE', #5154, #5777, #602 ) ;
#51 = CARTESIAN_POINT ( 'NONE',  ( 0.2024999999999997635, -3.199999999999999289, -0.6499999999999998002 ) ) ;
#52 = EDGE_LOOP ( 'NONE', ( #3724, #2931, #5527, #6110, #6646, #4558, #4521, #345, #33, #4899, #6817, #1578 ) ) ;
#53 = VECTOR ( 'NONE', #3484, 1000.000000000000000 ) ;
#54 = ADVANCED_FACE ( 'NONE', ( #6964 ), #3035, .T. ) ;
#55 = ADVANCED_FACE ( 'NONE', ( #1936 ), #4191, .T. ) ;
#56 = PRESENTATION_LAYER_ASSIGNMENT (  '', '', ( #6298 ) ) ;
#57 = SURFACE_STYLE_FILL_AREA ( #1663 ) ;
#58 = LINE ( 'NONE', #2288, #5712 ) ;
#59 = SURFACE_STYLE_FILL_AREA ( #6737 ) ;
#60 = CIRCLE ( 'NONE', #766, 0.2199999999999999178 ) ;
#61 = COLOUR_RGB ( '',0.8039215686274510109, 0.8039215686274510109, 0.8039215686274510109 ) ;
#62 = AXIS2_PLACEMENT_3D ( 'NONE', #5146, #4023, #4991 ) ;
#63 = ORIENTED_EDGE ( 'NONE', *, *, #5778, .T. ) ;
#64 = CYLINDRICAL_SURFACE ( 'NONE', #2846, 0.07499999999999998335 ) ;
#65 = LINE ( 'NONE', #2297, #5546 ) ;
#66 = DIRECTION ( 'NONE',  ( 1.000000000000000000, 0.000000000000000000, 0.000000000000000000 ) ) ;
#67 = MECHANICAL_DESIGN_GEOMETRIC_PRESENTATION_REPRESENTATION (  '', ( #5976 ), #1010 ) ;
#68 = ORIENTED_EDGE ( 'NONE', *, *, #6786, .T. ) ;
#69 = SURFACE_STYLE_USAGE ( .BOTH. , #4474 ) ;
#70 = CARTESIAN_POINT ( 'NONE',  ( -1.382282424338301841, -2.082282424338301130, 0.4750000000000000333 ) ) ;
#71 =( NAMED_UNIT ( * ) PLANE_ANGLE_UNIT ( ) SI_UNIT ( $, .RADIAN. ) );
#72 = CARTESIAN_POINT ( 'NONE',  ( 0.2024999999999997635, 2.761796554868606535, -0.6193578300992984564 ) ) ;
#73 = FILL_AREA_STYLE ('',( #6273 ) ) ;
#74 = UNCERTAINTY_MEASURE_WITH_UNIT (LENGTH_MEASURE( 1.000000000000000082E-05 ), #4949, 'distance_accuracy_value', 'NONE');
#75 = ORIENTED_EDGE ( 'NONE', *, *, #4649, .T. ) ;
#76 = VERTEX_POINT ( 'NONE', #951 ) ;
#77 = ORIENTED_EDGE ( 'NONE', *, *, #1945, .T. ) ;
#78 = CARTESIAN_POINT ( 'NONE',  ( 1.097499999999999698, -2.199999999999999289, 0.07249999999999999500 ) ) ;
#79 = EDGE_CURVE ( 'NONE', #5787, #6105, #3718, .T. ) ;
#80 = ORIENTED_EDGE ( 'NONE', *, *, #3779, .T. ) ;
#81 = PRESENTATION_STYLE_ASSIGNMENT (( #4597 ) ) ;
#82 = SURFACE_SIDE_STYLE ('',( #3427 ) ) ;
#83 = SURFACE_STYLE_FILL_AREA ( #5728 ) ;
#84 = SURFACE_STYLE_USAGE ( .BOTH. , #111 ) ;
#85 = PRESENTATION_STYLE_ASSIGNMENT (( #4049 ) ) ;
#86 = CARTESIAN_POINT ( 'NONE',  ( -0.4475000000000001754, -2.502515066061893556, -0.03203957178574777520 ) ) ;
#87 = SURFACE_SIDE_STYLE ('',( #6805 ) ) ;
#88 = PLANE ( 'NONE',  #1907 ) ;
#89 = ORIENTED_EDGE ( 'NONE', *, *, #4185, .F. ) ;
#90 = CARTESIAN_POINT ( 'NONE',  ( -1.097500000000000142, -2.803509833814964214, -0.3766764416818402239 ) ) ;
#91 = EDGE_CURVE ( 'NONE', #871, #959, #7151, .T. ) ;
#92 = VERTEX_POINT ( 'NONE', #6493 ) ;
#93 = LINE ( 'NONE', #122, #4503 ) ;
#94 = EDGE_CURVE ( 'NONE', #76, #2975, #4730, .T. ) ;
#95 = CARTESIAN_POINT ( 'NONE',  ( -1.097500000000000142, 2.326767216444461273, -0.1275000000000000022 ) ) ;
#96 = PRESENTATION_STYLE_ASSIGNMENT (( #3452 ) ) ;
#97 = VERTEX_POINT ( 'NONE', #2656 ) ;
#98 = ORIENTED_EDGE ( 'NONE', *, *, #6500, .F. ) ;
#99 = EDGE_CURVE ( 'NONE', #2128, #7297, #356, .T. ) ;
#100 = FACE_OUTER_BOUND ( 'NONE', #2268, .T. ) ;
#101 = DIRECTION ( 'NONE',  ( 0.000000000000000000, 0.000000000000000000, 1.000000000000000000 ) ) ;
#102 = ORIENTED_EDGE ( 'NONE', *, *, #5921, .F. ) ;
#103 = SURFACE_STYLE_USAGE ( .BOTH. , #5051 ) ;
#104 = VERTEX_POINT ( 'NONE', #885 ) ;
#105 = PRODUCT_DEFINITION_SHAPE ( 'NONE', 'NONE',  #3115 ) ;
#106 = SURFACE_STYLE_FILL_AREA ( #4988 ) ;
#107 =( LENGTH_UNIT ( ) NAMED_UNIT ( * ) SI_UNIT ( .MILLI., .METRE. ) );
#108 = DIRECTION ( 'NONE',  ( 1.000000000000000000, 0.000000000000000000, 0.000000000000000000 ) ) ;
#109 = MECHANICAL_DESIGN_GEOMETRIC_PRESENTATION_REPRESENTATION (  '', ( #3404 ), #2675 ) ;
#110 = LINE ( 'NONE', #4756, #4277 ) ;
#111 = SURFACE_SIDE_STYLE ('',( #4535 ) ) ;
#112 = VECTOR ( 'NONE', #6966, 1000.000000000000000 ) ;
#113 = FILL_AREA_STYLE_COLOUR ( '', #597 ) ;
#114 = VECTOR ( 'NONE', #5878, 1000.000000000000000 ) ;
#115 = ORIENTED_EDGE ( 'NONE', *, *, #5700, .T. ) ;
#116 = COLOUR_RGB ( '',0.8039215686274510109, 0.8039215686274510109, 0.8039215686274510109 ) ;
#117 = COLOUR_RGB ( '',0.8039215686274510109, 0.8039215686274510109, 0.8039215686274510109 ) ;
#119 = DIRECTION ( 'NONE',  ( 0.000000000000000000, -1.000000000000000000, 0.000000000000000000 ) ) ;
#118 = CARTESIAN_POINT ( 'NONE',  ( -0.7222824243383022536, -1.642282424338300739, 0.5500000000000000444 ) ) ;
#120 = CARTESIAN_POINT ( 'NONE',  ( -0.9422824243383021159, -1.642282424338300739, -0.08225396744416157979 ) ) ;
#121 = ORIENTED_EDGE ( 'NONE', *, *, #6482, .T. ) ;
#122 = CARTESIAN_POINT ( 'NONE',  ( -1.162282424338302089, -1.642282424338300739, -0.08225396744416157979 ) ) ;
#123 = ADVANCED_FACE ( 'NONE', ( #5450 ), #4322, .T. ) ;
#124 = FACE_OUTER_BOUND ( 'NONE', #4903, .T. ) ;
#125 = SURFACE_SIDE_STYLE ('',( #5160 ) ) ;
#126 = EDGE_CURVE ( 'NONE', #6012, #2698, #4386, .T. ) ;
#127 = EDGE_CURVE ( 'NONE', #3953, #2128, #1192, .T. ) ;
#128 = SURFACE_SIDE_STYLE ('',( #1781 ) ) ;
#129 = SURFACE_SIDE_STYLE ('',( #654 ) ) ;
#130 = UNCERTAINTY_MEASURE_WITH_UNIT (LENGTH_MEASURE( 1.000000000000000082E-05 ), #7118, 'distance_accuracy_value', 'NONE');
#131 = ORIENTED_EDGE ( 'NONE', *, *, #1019, .T. ) ;
#132 = SURFACE_SIDE_STYLE ('',( #5864 ) ) ;
#133 = DIRECTION ( 'NONE',  ( 0.000000000000000000, 0.000000000000000000, -1.000000000000000000 ) ) ;
#134 = VERTEX_POINT ( 'NONE', #3263 ) ;
#135 = DIRECTION ( 'NONE',  ( 1.000000000000000000, 0.000000000000000000, 0.000000000000000000 ) ) ;
#136 = CARTESIAN_POINT ( 'NONE',  ( 1.097499999999999698, 2.299999999999999378, -0.07249999999999999500 ) ) ;
#137 = MANIFOLD_SOLID_BREP ( 'Boss-Extrude4', #427 ) ;
#138 = LINE ( 'NONE', #2373, #6607 ) ;
#139 = EDGE_LOOP ( 'NONE', ( #5441, #6824, #6754, #2424, #305, #2844, #5088, #5963, #3387, #4295, #276, #6488 ) ) ;
#140 = CIRCLE ( 'NONE', #733, 0.2000000000000002054 ) ;
#141 = LINE ( 'NONE', #1890, #504 ) ;
#142 = DIRECTION ( 'NONE',  ( 0.000000000000000000, 0.000000000000000000, 1.000000000000000000 ) ) ;
#143 = CARTESIAN_POINT ( 'NONE',  ( 1.499760935694445241, -2.168963392251839650, -0.07477454493104436495 ) ) ;
#144 = CARTESIAN_POINT ( 'NONE',  ( -1.097500000000000142, 2.199999999999999289, -0.07249999999999999500 ) ) ;
#145 = MECHANICAL_DESIGN_GEOMETRIC_PRESENTATION_REPRESENTATION (  '', ( #494 ), #1787 ) ;
#146 = LINE ( 'NONE', #2422, #1575 ) ;
#147 = VERTEX_POINT ( 'NONE', #2878 ) ;
#148 = VERTEX_POINT ( 'NONE', #3861 ) ;
#149 = VECTOR ( 'NONE', #4418, 1000.000000000000000 ) ;
#150 = VECTOR ( 'NONE', #809, 1000.000000000000000 ) ;
#151 = MECHANICAL_DESIGN_GEOMETRIC_PRESENTATION_REPRESENTATION (  '', ( #1442 ), #4855 ) ;
#152 = MECHANICAL_DESIGN_GEOMETRIC_PRESENTATION_REPRESENTATION (  '', ( #5949 ), #1329 ) ;
#153 = STYLED_ITEM ( 'NONE', ( #5711 ), #2584 ) ;
#154 = DIRECTION ( 'NONE',  ( 0.000000000000000000, 0.000000000000000000, -1.000000000000000000 ) ) ;
#155 =( LENGTH_UNIT ( ) NAMED_UNIT ( * ) SI_UNIT ( .MILLI., .METRE. ) );
#156 = CIRCLE ( 'NONE', #7220, 0.07499999999999998335 ) ;
#157 = MECHANICAL_DESIGN_GEOMETRIC_PRESENTATION_REPRESENTATION (  '', ( #6871 ), #7236 ) ;
#158 = LINE ( 'NONE', #2507, #7013 ) ;
#159 =( GEOMETRIC_REPRESENTATION_CONTEXT ( 3 ) GLOBAL_UNCERTAINTY_ASSIGNED_CONTEXT ( ( #6506 ) ) GLOBAL_UNIT_ASSIGNED_CONTEXT ( ( #4184, #286, #4292 ) ) REPRESENTATION_CONTEXT ( 'NONE', 'WORKASPACE' ) );
#160 = VECTOR ( 'NONE', #3129, 1000.000000000000000 ) ;
#161 = ORIENTED_EDGE ( 'NONE', *, *, #4309, .T. ) ;
#162 = CARTESIAN_POINT ( 'NONE',  ( -1.425136580382891927, -2.199999999999999289, 0.07249999999999988398 ) ) ;
#163 = STYLED_ITEM ( 'NONE', ( #5142 ), #5468 ) ;
#164 = CARTESIAN_POINT ( 'NONE',  ( -1.382282424338302063, 0.000000000000000000, 0.4750000000000000333 ) ) ;
#165 = SURFACE_STYLE_USAGE ( .BOTH. , #1774 ) ;
#166 = CARTESIAN_POINT ( 'NONE',  ( -0.4475000000000001754, 2.599999999999999645, -0.5153054482615858634 ) ) ;
#167 = VECTOR ( 'NONE', #101, 1000.000000000000000 ) ;
#168 =( GEOMETRIC_REPRESENTATION_CONTEXT ( 3 ) GLOBAL_UNCERTAINTY_ASSIGNED_CONTEXT ( ( #5315 ) ) GLOBAL_UNIT_ASSIGNED_CONTEXT ( ( #1509, #312, #1989 ) ) REPRESENTATION_CONTEXT ( 'NONE', 'WORKASPACE' ) );
#169 = ORIENTED_EDGE ( 'NONE', *, *, #1616, .T. ) ;
#170 = COLOUR_RGB ( '',0.8039215686274510109, 0.8039215686274510109, 0.8039215686274510109 ) ;
#171 = ADVANCED_FACE ( 'NONE', ( #3922 ), #6162, .T. ) ;
#172 = SURFACE_SIDE_STYLE ('',( #7002 ) ) ;
#173 = VERTEX_POINT ( 'NONE', #5006 ) ;
#174 =( NAMED_UNIT ( * ) PLANE_ANGLE_UNIT ( ) SI_UNIT ( $, .RADIAN. ) );
#175 = EDGE_CURVE ( 'NONE', #502, #568, #536, .T. ) ;
#176 = EDGE_LOOP ( 'NONE', ( #2873, #6890, #921, #3825 ) ) ;
#177 = CARTESIAN_POINT ( 'NONE',  ( 1.424999999999999600, -2.199999999999999289, -0.07249999999999999500 ) ) ;
#178 = CARTESIAN_POINT ( 'NONE',  ( -0.4475000000000001754, 2.299999999999999378, -0.07249999999999999500 ) ) ;
#179 = MECHANICAL_DESIGN_GEOMETRIC_PRESENTATION_REPRESENTATION (  '', ( #3364 ), #1090 ) ;
#180 = PRESENTATION_LAYER_ASSIGNMENT (  '', '', ( #1587 ) ) ;
#181 = DIRECTION ( 'NONE',  ( 1.000000000000000000, 0.000000000000000000, 0.000000000000000000 ) ) ;
#182 = LINE ( 'NONE', #2412, #2500 ) ;
#183 = LINE ( 'NONE', #3573, #2934 ) ;
#184 = FACE_OUTER_BOUND ( 'NONE', #4641, .T. ) ;
#185 = FACE_OUTER_BOUND ( 'NONE', #3794, .T. ) ;
#186 = CARTESIAN_POINT ( 'NONE',  ( 0.8524999999999997025, 2.502515066061893556, -0.03203957178574777520 ) ) ;
#187 = CARTESIAN_POINT ( 'NONE',  ( -0.4475000000000001754, 2.796534186440551739, -0.4764328467078228213 ) ) ;
#188 = VERTEX_POINT ( 'NONE', #5156 ) ;
#189 = VERTEX_POINT ( 'NONE', #5119 ) ;
#190 =( NAMED_UNIT ( * ) SI_UNIT ( $, .STERADIAN. ) SOLID_ANGLE_UNIT ( ) );
#191 = ADVANCED_FACE ( 'NONE', ( #5074 ), #4442, .T. ) ;
#192 =( NAMED_UNIT ( * ) PLANE_ANGLE_UNIT ( ) SI_UNIT ( $, .RADIAN. ) );
#193 = SURFACE_STYLE_USAGE ( .BOTH. , #4021 ) ;
#194 = SURFACE_SIDE_STYLE ('',( #4608 ) ) ;
#195 = CARTESIAN_POINT ( 'NONE',  ( 1.499998880753507846, -2.125409738600887444, 0.07251064891903695464 ) ) ;
#196 = DIRECTION ( 'NONE',  ( 0.000000000000000000, -0.06975647374412519142, -0.9975640502598243087 ) ) ;
#197 = VECTOR ( 'NONE', #215, 1000.000000000000000 ) ;
#198 = CLOSED_SHELL ( 'NONE', ( #4955, #6034, #711, #3840, #2639, #7186, #3055, #6993, #3703, #2250, #4361, #5102, #2201, #228 ) ) ;
#199 = EDGE_CURVE ( 'NONE', #6972, #134, #2252, .T. ) ;
#200 =( NAMED_UNIT ( * ) PLANE_ANGLE_UNIT ( ) SI_UNIT ( $, .RADIAN. ) );
#201 = VERTEX_POINT ( 'NONE', #2285 ) ;
#202 = DIRECTION ( 'NONE',  ( 0.000000000000000000, 0.000000000000000000, -1.000000000000000000 ) ) ;
#204 = DIRECTION ( 'NONE',  ( 0.000000000000000000, -0.000000000000000000, 1.000000000000000000 ) ) ;
#203 =( NAMED_UNIT ( * ) PLANE_ANGLE_UNIT ( ) SI_UNIT ( $, .RADIAN. ) );
#205 = EDGE_LOOP ( 'NONE', ( #5259, #3602, #2287, #98 ) ) ;
#206 = CARTESIAN_POINT ( 'NONE',  ( 1.500806167510463585, -2.126217025357842960, 0.06482982849429270999 ) ) ;
#207 = SURFACE_STYLE_FILL_AREA ( #2330 ) ;
#208 = FILL_AREA_STYLE ('',( #1269 ) ) ;
#209 = UNCERTAINTY_MEASURE_WITH_UNIT (LENGTH_MEASURE( 1.000000000000000082E-05 ), #3167, 'distance_accuracy_value', 'NONE');
#210 = ORIENTED_EDGE ( 'NONE', *, *, #4723, .T. ) ;
#211 =( LENGTH_UNIT ( ) NAMED_UNIT ( * ) SI_UNIT ( .MILLI., .METRE. ) );
#212 = LINE ( 'NONE', #5899, #7107 ) ;
#213 = EDGE_LOOP ( 'NONE', ( #5281, #355, #5502, #4557 ) ) ;
#214 = FACE_OUTER_BOUND ( 'NONE', #4035, .T. ) ;
#215 = DIRECTION ( 'NONE',  ( 1.000000000000000000, 0.000000000000000000, 0.000000000000000000 ) ) ;
#216 = UNCERTAINTY_MEASURE_WITH_UNIT (LENGTH_MEASURE( 1.000000000000000082E-05 ), #5385, 'distance_accuracy_value', 'NONE');
#217 =( NAMED_UNIT ( * ) PLANE_ANGLE_UNIT ( ) SI_UNIT ( $, .RADIAN. ) );
#218 = DIRECTION ( 'NONE',  ( -1.000000000000000000, 0.000000000000000000, -0.000000000000000000 ) ) ;
#219 = FILL_AREA_STYLE ('',( #261 ) ) ;
#220 = ORIENTED_EDGE ( 'NONE', *, *, #4928, .T. ) ;
#221 = ORIENTED_EDGE ( 'NONE', *, *, #1570, .T. ) ;
#222 = CARTESIAN_POINT ( 'NONE',  ( 1.382282424338300952, 2.082282424338301130, 0.4750000000000000333 ) ) ;
#223 = LINE ( 'NONE', #4716, #1804 ) ;
#224 = EDGE_CURVE ( 'NONE', #6316, #148, #3473, .T. ) ;
#225 = LINE ( 'NONE', #6938, #595 ) ;
#226 = MECHANICAL_DESIGN_GEOMETRIC_PRESENTATION_REPRESENTATION (  '', ( #2331 ), #1163 ) ;
#227 = SURFACE_STYLE_FILL_AREA ( #3016 ) ;
#228 = ADVANCED_FACE ( 'NONE', ( #5177 ), #5208, .T. ) ;
#229 = EDGE_CURVE ( 'NONE', #2173, #7180, #1655, .T. ) ;
#230 = CARTESIAN_POINT ( 'NONE',  ( 0.4474999999999997868, -2.775747849617431928, -0.4198450200473335392 ) ) ;
#231 = LINE ( 'NONE', #906, #2286 ) ;
#232 = MECHANICAL_DESIGN_GEOMETRIC_PRESENTATION_REPRESENTATION (  '', ( #1056 ), #2571 ) ;
#233 = FILL_AREA_STYLE ('',( #4238 ) ) ;
#234 = EDGE_LOOP ( 'NONE', ( #4250, #102, #2295, #5128 ) ) ;
#235 = CARTESIAN_POINT ( 'NONE',  ( 1.097499999999999698, 3.199999999999999289, -0.6499999999999998002 ) ) ;
#236 = SURFACE_STYLE_USAGE ( .BOTH. , #4130 ) ;
#237 = EDGE_CURVE ( 'NONE', #1376, #896, #3429, .T. ) ;
#238 = AXIS2_PLACEMENT_3D ( 'NONE', #3463, #1172, #3498 ) ;
#240 = FILL_AREA_STYLE_COLOUR ( '', #4327 ) ;
#239 = DIRECTION ( 'NONE',  ( 1.000000000000000000, 0.000000000000000000, 0.000000000000000000 ) ) ;
#241 = DIRECTION ( 'NONE',  ( 1.000000000000000000, 0.000000000000000000, 0.000000000000000000 ) ) ;
#242 = STYLED_ITEM ( 'NONE', ( #5598 ), #638 ) ;
#243 = CARTESIAN_POINT ( 'NONE',  ( 0.2024999999999997635, 2.796534186440551739, -0.4764328467078228213 ) ) ;
#244 = VECTOR ( 'NONE', #6968, 1000.000000000000000 ) ;
#245 = VERTEX_POINT ( 'NONE', #1697 ) ;
#246 = COLOUR_RGB ( '',0.2862745098039215508, 0.2862745098039215508, 0.2862745098039215508 ) ;
#247 = EDGE_CURVE ( 'NONE', #472, #1027, #630, .T. ) ;
#248 = FACE_OUTER_BOUND ( 'NONE', #2355, .T. ) ;
#249 =( GEOMETRIC_REPRESENTATION_CONTEXT ( 3 ) GLOBAL_UNCERTAINTY_ASSIGNED_CONTEXT ( ( #4347 ) ) GLOBAL_UNIT_ASSIGNED_CONTEXT ( ( #5799, #309, #7050 ) ) REPRESENTATION_CONTEXT ( 'NONE', 'WORKASPACE' ) );
#250 = CYLINDRICAL_SURFACE ( 'NONE', #899, 0.09999999999999979738 ) ;
#251 =( NAMED_UNIT ( * ) SI_UNIT ( $, .STERADIAN. ) SOLID_ANGLE_UNIT ( ) );
#252 = ORIENTED_EDGE ( 'NONE', *, *, #4378, .F. ) ;
#253 =( NAMED_UNIT ( * ) SI_UNIT ( $, .STERADIAN. ) SOLID_ANGLE_UNIT ( ) );
#254 = FACE_OUTER_BOUND ( 'NONE', #3795, .T. ) ;
#255 = PRESENTATION_STYLE_ASSIGNMENT (( #2442 ) ) ;
#256 = SURFACE_STYLE_USAGE ( .BOTH. , #1974 ) ;
#257 = CARTESIAN_POINT ( 'NONE',  ( 1.382282424338300952, 2.082282424338301574, 0.4750000000000000333 ) ) ;
#258 = DIRECTION ( 'NONE',  ( 0.1039620511844979306, 0.1039620511844979306, 0.9891328443778538704 ) ) ;
#259 =( GEOMETRIC_REPRESENTATION_CONTEXT ( 3 ) GLOBAL_UNCERTAINTY_ASSIGNED_CONTEXT ( ( #891 ) ) GLOBAL_UNIT_ASSIGNED_CONTEXT ( ( #2117, #4817, #4251 ) ) REPRESENTATION_CONTEXT ( 'NONE', 'WORKASPACE' ) );
#260 = FACE_OUTER_BOUND ( 'NONE', #6923, .T. ) ;
#261 = FILL_AREA_STYLE_COLOUR ( '', #1918 ) ;
#262 = ORIENTED_EDGE ( 'NONE', *, *, #5278, .T. ) ;
#263 = ORIENTED_EDGE ( 'NONE', *, *, #5513, .T. ) ;
#264 = SURFACE_STYLE_FILL_AREA ( #1431 ) ;
#265 = CARTESIAN_POINT ( 'NONE',  ( -1.097500000000000142, -3.199999999999999289, -0.6499999999999998002 ) ) ;
#266 = STYLED_ITEM ( 'NONE', ( #255 ), #3486 ) ;
#267 = PRESENTATION_STYLE_ASSIGNMENT (( #1807 ) ) ;
#268 = EDGE_CURVE ( 'NONE', #2577, #1165, #3506, .T. ) ;
#269 = CIRCLE ( 'NONE', #2711, 0.1000000000000001582 ) ;
#270 =( LENGTH_UNIT ( ) NAMED_UNIT ( * ) SI_UNIT ( .MILLI., .METRE. ) );
#271 = AXIS2_PLACEMENT_3D ( 'NONE', #4810, #6592, #6523 ) ;
#272 = AXIS2_PLACEMENT_3D ( 'NONE', #2345, #2926, #5248 ) ;
#273 = ADVANCED_FACE ( 'NONE', ( #6182 ), #3757, .T. ) ;
#274 = FILL_AREA_STYLE ('',( #5329 ) ) ;
#275 = EDGE_CURVE ( 'NONE', #76, #524, #469, .T. ) ;
#276 = ORIENTED_EDGE ( 'NONE', *, *, #126, .T. ) ;
#277 = COLOUR_RGB ( '',0.8039215686274510109, 0.8039215686274510109, 0.8039215686274510109 ) ;
#278 = DIRECTION ( 'NONE',  ( 1.000000000000000000, 1.156482317317871607E-14, -1.445602896647339508E-15 ) ) ;
#279 = COLOUR_RGB ( '',0.8039215686274510109, 0.8039215686274510109, 0.8039215686274510109 ) ;
#280 = LINE ( 'NONE', #6302, #4765 ) ;
#281 = SURFACE_STYLE_USAGE ( .BOTH. , #5444 ) ;
#282 =( GEOMETRIC_REPRESENTATION_CONTEXT ( 3 ) GLOBAL_UNCERTAINTY_ASSIGNED_CONTEXT ( ( #5387 ) ) GLOBAL_UNIT_ASSIGNED_CONTEXT ( ( #3405, #2828, #457 ) ) REPRESENTATION_CONTEXT ( 'NONE', 'WORKASPACE' ) );
#283 = VECTOR ( 'NONE', #4338, 1000.000000000000000 ) ;
#284 = VECTOR ( 'NONE', #463, 1000.000000000000000 ) ;
#285 = ORIENTED_EDGE ( 'NONE', *, *, #6279, .F. ) ;
#286 =( NAMED_UNIT ( * ) PLANE_ANGLE_UNIT ( ) SI_UNIT ( $, .RADIAN. ) );
#287 = PRESENTATION_LAYER_ASSIGNMENT (  '', '', ( #3461 ) ) ;
#288 = DIRECTION ( 'NONE',  ( 0.000000000000000000, -0.000000000000000000, 1.000000000000000000 ) ) ;
#289 = PLANE ( 'NONE',  #6865 ) ;
#290 = UNCERTAINTY_MEASURE_WITH_UNIT (LENGTH_MEASURE( 1.000000000000000082E-05 ), #6918, 'distance_accuracy_value', 'NONE');
#291 = COLOUR_RGB ( '',0.8039215686274510109, 0.8039215686274510109, 0.8039215686274510109 ) ;
#292 = ORIENTED_EDGE ( 'NONE', *, *, #6361, .F. ) ;
#293 = SURFACE_STYLE_FILL_AREA ( #5898 ) ;
#294 = FACE_OUTER_BOUND ( 'NONE', #610, .T. ) ;
#295 = CARTESIAN_POINT ( 'NONE',  ( -1.097500000000000142, -2.387873924808715298, -0.1247697858928739911 ) ) ;
#296 = LINE ( 'NONE', #4787, #887 ) ;
#297 = PRESENTATION_LAYER_ASSIGNMENT (  '', '', ( #4176 ) ) ;
#298 = CARTESIAN_POINT ( 'NONE',  ( 1.382282424338300952, -2.082282424338301130, -0.4750000000000000333 ) ) ;
#299 = CARTESIAN_POINT ( 'NONE',  ( 0.2024999999999997635, 3.199999999999999289, -0.6499999999999998002 ) ) ;
#300 = VECTOR ( 'NONE', #3625, 1000.000000000000000 ) ;
#301 = LINE ( 'NONE', #1356, #5859 ) ;
#302 = UNCERTAINTY_MEASURE_WITH_UNIT (LENGTH_MEASURE( 1.000000000000000082E-05 ), #6913, 'distance_accuracy_value', 'NONE');
#303 = FILL_AREA_STYLE ('',( #1897 ) ) ;
#304 = VERTEX_POINT ( 'NONE', #1425 ) ;
#305 = ORIENTED_EDGE ( 'NONE', *, *, #4414, .T. ) ;
#306 = AXIS2_PLACEMENT_3D ( 'NONE', #1546, #5478, #1479 ) ;
#307 = SURFACE_SIDE_STYLE ('',( #2425 ) ) ;
#308 = CARTESIAN_POINT ( 'NONE',  ( -1.500000000000000444, 2.124999999999999556, 0.07249999999999999500 ) ) ;
#309 =( NAMED_UNIT ( * ) PLANE_ANGLE_UNIT ( ) SI_UNIT ( $, .RADIAN. ) );
#310 = FILL_AREA_STYLE_COLOUR ( '', #2812 ) ;
#311 = CARTESIAN_POINT ( 'NONE',  ( -0.4475000000000001754, 2.199999999999999289, -0.07249999999999999500 ) ) ;
#312 =( NAMED_UNIT ( * ) PLANE_ANGLE_UNIT ( ) SI_UNIT ( $, .RADIAN. ) );
#313 = LINE ( 'NONE', #1370, #5890 ) ;
#314 = ORIENTED_EDGE ( 'NONE', *, *, #5789, .F. ) ;
#315 = CARTESIAN_POINT ( 'NONE',  ( -1.097500000000000142, -2.599999999999999645, -0.5153054482615858634 ) ) ;
#316 = UNCERTAINTY_MEASURE_WITH_UNIT (LENGTH_MEASURE( 1.000000000000000082E-05 ), #6815, 'distance_accuracy_value', 'NONE');
#317 = CARTESIAN_POINT ( 'NONE',  ( 0.2024999999999997635, -2.299999999999999378, -0.07249999999999999500 ) ) ;
#318 = CARTESIAN_POINT ( 'NONE',  ( -0.4475000000000001754, -2.299999999999999378, -0.07249999999999999500 ) ) ;
#319 = CARTESIAN_POINT ( 'NONE',  ( 0.4474999999999997868, -3.199999999999999289, -0.5046459247782298929 ) ) ;
#320 = CARTESIAN_POINT ( 'NONE',  ( 0.8524999999999997025, -2.599999999999999645, -0.5153054482615858634 ) ) ;
#321 = ORIENTED_EDGE ( 'NONE', *, *, #4859, .F. ) ;
#322 = ADVANCED_FACE ( 'NONE', ( #2008 ), #4259, .F. ) ;
#323 = CARTESIAN_POINT ( 'NONE',  ( 1.425409738600887266, 2.199998880753507802, 0.07251064891903699627 ) ) ;
#324 = AXIS2_PLACEMENT_3D ( 'NONE', #2397, #4652, #6911 ) ;
#325 = COLOUR_RGB ( '',0.8039215686274510109, 0.8039215686274510109, 0.8039215686274510109 ) ;
#326 = DIRECTION ( 'NONE',  ( 0.000000000000000000, 0.000000000000000000, -1.000000000000000000 ) ) ;
#327 =( NAMED_UNIT ( * ) PLANE_ANGLE_UNIT ( ) SI_UNIT ( $, .RADIAN. ) );
#328 = ORIENTED_EDGE ( 'NONE', *, *, #3476, .T. ) ;
#329 =( NAMED_UNIT ( * ) PLANE_ANGLE_UNIT ( ) SI_UNIT ( $, .RADIAN. ) );
#330 = CARTESIAN_POINT ( 'NONE',  ( -0.4475000000000001754, 2.299999999999999378, -0.07249999999999999500 ) ) ;
#331 = CYLINDRICAL_SURFACE ( 'NONE', #5862, 0.09999999999999979738 ) ;
#332 = PRESENTATION_STYLE_ASSIGNMENT (( #366 ) ) ;
#333 = EDGE_CURVE ( 'NONE', #3851, #2127, #1533, .T. ) ;
#334 = VERTEX_POINT ( 'NONE', #7222 ) ;
#335 = VERTEX_POINT ( 'NONE', #5997 ) ;
#336 = ORIENTED_EDGE ( 'NONE', *, *, #6722, .F. ) ;
#337 = FILL_AREA_STYLE ('',( #4229 ) ) ;
#338 = CARTESIAN_POINT ( 'NONE',  ( -1.393792701098379938, 2.093792701098378117, -0.3654870319356541275 ) ) ;
#339 = MECHANICAL_DESIGN_GEOMETRIC_PRESENTATION_REPRESENTATION (  '', ( #1731 ), #5759 ) ;
#340 = CARTESIAN_POINT ( 'NONE',  ( -0.2025000000000002076, -2.803509833814964214, -0.3766764416818402239 ) ) ;
#341 = DIRECTION ( 'NONE',  ( 1.000000000000000000, -0.000000000000000000, 0.000000000000000000 ) ) ;
#342 = PRESENTATION_STYLE_ASSIGNMENT (( #483 ) ) ;
#343 = EDGE_LOOP ( 'NONE', ( #2340, #7128, #7071, #4239 ) ) ;
#344 = FACE_OUTER_BOUND ( 'NONE', #7058, .T. ) ;
#345 = ORIENTED_EDGE ( 'NONE', *, *, #1141, .T. ) ;
#346 = DIRECTION ( 'NONE',  ( 0.000000000000000000, 0.4773021410712618984, 0.8787392480871610845 ) ) ;
#347 = SURFACE_STYLE_FILL_AREA ( #5980 ) ;
#348 = COLOUR_RGB ( '',0.8039215686274510109, 0.8039215686274510109, 0.8039215686274510109 ) ;
#349 = ORIENTED_EDGE ( 'NONE', *, *, #3479, .T. ) ;
#350 = AXIS2_PLACEMENT_3D ( 'NONE', #1650, #4973, #1210 ) ;
#351 = FILL_AREA_STYLE_COLOUR ( '', #1705 ) ;
#352 = UNCERTAINTY_MEASURE_WITH_UNIT (LENGTH_MEASURE( 1.000000000000000082E-05 ), #455, 'distance_accuracy_value', 'NONE');
#353 = EDGE_CURVE ( 'NONE', #5827, #2772, #5505, .T. ) ;
#354 =( GEOMETRIC_REPRESENTATION_CONTEXT ( 3 ) GLOBAL_UNCERTAINTY_ASSIGNED_CONTEXT ( ( #4283 ) ) GLOBAL_UNIT_ASSIGNED_CONTEXT ( ( #3940, #2236, #1109 ) ) REPRESENTATION_CONTEXT ( 'NONE', 'WORKASPACE' ) );
#355 = ORIENTED_EDGE ( 'NONE', *, *, #2051, .F. ) ;
#356 = LINE ( 'NONE', #4365, #5669 ) ;
#357 = STYLED_ITEM ( 'NONE', ( #3546 ), #3909 ) ;
#358 = CARTESIAN_POINT ( 'NONE',  ( 0.8524999999999997025, -2.796534186440551739, -0.4764328467078228213 ) ) ;
#359 = EDGE_CURVE ( 'NONE', #2663, #3702, #928, .T. ) ;
#360 = CARTESIAN_POINT ( 'NONE',  ( 1.097499999999999698, 2.796534186440551739, -0.4764328467078228213 ) ) ;
#361 = ADVANCED_FACE ( 'NONE', ( #3234 ), #5424, .T. ) ;
#362 =( NAMED_UNIT ( * ) SI_UNIT ( $, .STERADIAN. ) SOLID_ANGLE_UNIT ( ) );
#363 = VECTOR ( 'NONE', #1586, 1000.000000000000000 ) ;
#364 = MECHANICAL_DESIGN_GEOMETRIC_PRESENTATION_REPRESENTATION (  '', ( #6956 ), #6735 ) ;
#365 = CARTESIAN_POINT ( 'NONE',  ( -1.425409738600889042, 2.199998880753507802, -0.07251064891903279130 ) ) ;
#366 = SURFACE_STYLE_USAGE ( .BOTH. , #993 ) ;
#367 = UNCERTAINTY_MEASURE_WITH_UNIT (LENGTH_MEASURE( 1.000000000000000082E-05 ), #5353, 'distance_accuracy_value', 'NONE');
#368 = ORIENTED_EDGE ( 'NONE', *, *, #6846, .T. ) ;
#369 = ORIENTED_EDGE ( 'NONE', *, *, #5774, .F. ) ;
#370 = ORIENTED_EDGE ( 'NONE', *, *, #2244, .F. ) ;
#371 = CARTESIAN_POINT ( 'NONE',  ( 0.8524999999999997025, 2.199999999999999289, -0.07249999999999999500 ) ) ;
#372 = DIRECTION ( 'NONE',  ( 0.000000000000000000, -1.000000000000000000, 0.000000000000000000 ) ) ;
#373 = FILL_AREA_STYLE_COLOUR ( '', #5193 ) ;
#374 = DIRECTION ( 'NONE',  ( 0.000000000000000000, 0.9975640502598243087, 0.06975647374412519142 ) ) ;
#375 = FILL_AREA_STYLE ('',( #3170 ) ) ;
#376 = LINE ( 'NONE', #4834, #4769 ) ;
#377 = LINE ( 'NONE', #5925, #4333 ) ;
#378 = VERTEX_POINT ( 'NONE', #3865 ) ;
#379 = PRESENTATION_LAYER_ASSIGNMENT (  '', '', ( #266 ) ) ;
#380 = LINE ( 'NONE', #5375, #3493 ) ;
#381 = FILL_AREA_STYLE_COLOUR ( '', #2116 ) ;
#382 = DIRECTION ( 'NONE',  ( 1.000000000000000000, -0.000000000000000000, 0.000000000000000000 ) ) ;
#383 = COLOUR_RGB ( '',0.2862745098039215508, 0.2862745098039215508, 0.2862745098039215508 ) ;
#384 = AXIS2_PLACEMENT_3D ( 'NONE', #2892, #108, #4044 ) ;
#385 = EDGE_CURVE ( 'NONE', #2998, #2962, #3352, .T. ) ;
#386 = VECTOR ( 'NONE', #4483, 1000.000000000000000 ) ;
#387 = ORIENTED_EDGE ( 'NONE', *, *, #4859, .T. ) ;
#388 = VECTOR ( 'NONE', #2080, 1000.000000000000000 ) ;
#389 = AXIS2_PLACEMENT_3D ( 'NONE', #1964, #2001, #2587 ) ;
#390 = FILL_AREA_STYLE_COLOUR ( '', #2346 ) ;
#391 = DIRECTION ( 'NONE',  ( -1.000000000000000000, 0.000000000000000000, -0.000000000000000000 ) ) ;
#392 = AXIS2_PLACEMENT_3D ( 'NONE', #2879, #6879, #6997 ) ;
#393 = AXIS2_PLACEMENT_3D ( 'NONE', #4704, #5756, #2375 ) ;
#394 = VERTEX_POINT ( 'NONE', #3930 ) ;
#395 = SURFACE_SIDE_STYLE ('',( #4893 ) ) ;
#396 = DIRECTION ( 'NONE',  ( 0.000000000000000000, 0.06975647374412519142, -0.9975640502598243087 ) ) ;
#397 = MECHANICAL_DESIGN_GEOMETRIC_PRESENTATION_REPRESENTATION (  '', ( #6188 ), #3820 ) ;
#398 = COLOUR_RGB ( '',0.8039215686274510109, 0.8039215686274510109, 0.8039215686274510109 ) ;
#399 = EDGE_CURVE ( 'NONE', #2643, #1, #5013, .T. ) ;
#400 = CIRCLE ( 'NONE', #5362, 0.1000000000000001582 ) ;
#401 = VECTOR ( 'NONE', #2548, 1000.000000000000000 ) ;
#402 = SURFACE_STYLE_FILL_AREA ( #6576 ) ;
#403 = EDGE_CURVE ( 'NONE', #5504, #245, #541, .T. ) ;
#404 = ORIENTED_EDGE ( 'NONE', *, *, #1017, .T. ) ;
#405 = PRESENTATION_LAYER_ASSIGNMENT (  '', '', ( #7008 ) ) ;
#406 = ORIENTED_EDGE ( 'NONE', *, *, #1310, .F. ) ;
#407 = ORIENTED_EDGE ( 'NONE', *, *, #998, .F. ) ;
#408 = SURFACE_STYLE_FILL_AREA ( #473 ) ;
#409 = SURFACE_STYLE_USAGE ( .BOTH. , #5431 ) ;
#410 = AXIS2_PLACEMENT_3D ( 'NONE', #2758, #3879, #1187 ) ;
#411 = ORIENTED_EDGE ( 'NONE', *, *, #4058, .T. ) ;
#412 = DIRECTION ( 'NONE',  ( 0.000000000000000000, 0.000000000000000000, -1.000000000000000000 ) ) ;
#413 = DIRECTION ( 'NONE',  ( 0.000000000000000000, -0.4773021410712618984, 0.8787392480871610845 ) ) ;
#414 = MECHANICAL_DESIGN_GEOMETRIC_PRESENTATION_REPRESENTATION (  '', ( #4053 ), #6100 ) ;
#415 = PRESENTATION_STYLE_ASSIGNMENT (( #3173 ) ) ;
#416 = FACE_OUTER_BOUND ( 'NONE', #2187, .T. ) ;
#417 = EDGE_CURVE ( 'NONE', #744, #104, #5141, .T. ) ;
#418 = VERTEX_POINT ( 'NONE', #4554 ) ;
#419 = PRESENTATION_LAYER_ASSIGNMENT (  '', '', ( #4053 ) ) ;
#420 = CARTESIAN_POINT ( 'NONE',  ( 0.2024999999999997635, -2.803509833814964214, -0.3766764416818402239 ) ) ;
#421 = LINE ( 'NONE', #941, #6616 ) ;
#422 = CARTESIAN_POINT ( 'NONE',  ( -0.4475000000000001754, -3.199999999999999289, -0.5046459247782298929 ) ) ;
#423 = EDGE_CURVE ( 'NONE', #2509, #2901, #6747, .T. ) ;
#424 = SURFACE_STYLE_USAGE ( .BOTH. , #5414 ) ;
#425 = EDGE_LOOP ( 'NONE', ( #2003, #6060, #2921 ) ) ;
#426 = CARTESIAN_POINT ( 'NONE',  ( 0.8524999999999997025, 2.387873924808715298, -0.1247697858928739911 ) ) ;
#427 = CLOSED_SHELL ( 'NONE', ( #5292, #1127, #4237, #322 ) ) ;
#428 = DIRECTION ( 'NONE',  ( 0.000000000000000000, 0.000000000000000000, 1.000000000000000000 ) ) ;
#429 = ORIENTED_EDGE ( 'NONE', *, *, #4101, .F. ) ;
#430 = CARTESIAN_POINT ( 'NONE',  ( 0.2024999999999997635, -2.803509833814964214, -0.3766764416818402239 ) ) ;
#431 = DIRECTION ( 'NONE',  ( -0.000000000000000000, 0.000000000000000000, 1.000000000000000000 ) ) ;
#432 = AXIS2_PLACEMENT_3D ( 'NONE', #2279, #4916, #3467 ) ;
#433 =( NAMED_UNIT ( * ) PLANE_ANGLE_UNIT ( ) SI_UNIT ( $, .RADIAN. ) );
#434 = PLANE ( 'NONE',  #4580 ) ;
#435 = DIRECTION ( 'NONE',  ( 0.000000000000000000, 0.000000000000000000, -1.000000000000000000 ) ) ;
#436 = CARTESIAN_POINT ( 'NONE',  ( 0.8524999999999997025, -2.502515066061893556, -0.03203957178574777520 ) ) ;
#437 = ORIENTED_EDGE ( 'NONE', *, *, #2596, .F. ) ;
#438 = ORIENTED_EDGE ( 'NONE', *, *, #915, .T. ) ;
#439 = ORIENTED_EDGE ( 'NONE', *, *, #4584, .T. ) ;
#440 = SURFACE_STYLE_USAGE ( .BOTH. , #5430 ) ;
#441 = LINE ( 'NONE', #6581, #7051 ) ;
#442 = ORIENTED_EDGE ( 'NONE', *, *, #3222, .T. ) ;
#443 = DIRECTION ( 'NONE',  ( 0.000000000000000000, -0.06975647374412519142, -0.9975640502598243087 ) ) ;
#444 = LINE ( 'NONE', #2670, #6996 ) ;
#445 =( NAMED_UNIT ( * ) PLANE_ANGLE_UNIT ( ) SI_UNIT ( $, .RADIAN. ) );
#446 = DIRECTION ( 'NONE',  ( 0.000000000000000000, 0.000000000000000000, 1.000000000000000000 ) ) ;
#447 = EDGE_CURVE ( 'NONE', #3868, #334, #2801, .T. ) ;
#448 = EDGE_LOOP ( 'NONE', ( #907, #5073, #5538, #1733, #5359, #4806 ) ) ;
#449 =( BOUNDED_CURVE ( )  B_SPLINE_CURVE ( 3, ( #5871, #2490, #818, #4709 ),
 .UNSPECIFIED., .F., .F. ) 
 B_SPLINE_CURVE_WITH_KNOTS ( ( 4, 4 ),
 ( 5.503250352303694193, 7.063120262055498699 ),
 .UNSPECIFIED. ) 
 CURVE ( )  GEOMETRIC_REPRESENTATION_ITEM ( )  RATIONAL_B_SPLINE_CURVE ( ( 1.000000000000000000, 0.8073061876036344842, 0.8073061876036344842, 1.000000000000000000 ) ) 
 REPRESENTATION_ITEM ( '' )  );
#450 = EDGE_CURVE ( 'NONE', #201, #568, #2198, .T. ) ;
#451 = FACE_OUTER_BOUND ( 'NONE', #1034, .T. ) ;
#452 = EDGE_CURVE ( 'NONE', #2550, #6169, #2882, .T. ) ;
#453 = DIRECTION ( 'NONE',  ( 0.000000000000000000, 0.4773021410712616763, -0.8787392480871610845 ) ) ;
#454 = DIRECTION ( 'NONE',  ( 0.000000000000000000, 0.1045284632676537068, -0.9945218953682734009 ) ) ;
#455 =( LENGTH_UNIT ( ) NAMED_UNIT ( * ) SI_UNIT ( .MILLI., .METRE. ) );
#456 =( GEOMETRIC_REPRESENTATION_CONTEXT ( 3 ) GLOBAL_UNCERTAINTY_ASSIGNED_CONTEXT ( ( #6577 ) ) GLOBAL_UNIT_ASSIGNED_CONTEXT ( ( #5159, #6746, #3887 ) ) REPRESENTATION_CONTEXT ( 'NONE', 'WORKASPACE' ) );
#457 =( NAMED_UNIT ( * ) SI_UNIT ( $, .STERADIAN. ) SOLID_ANGLE_UNIT ( ) );
#458 = ORIENTED_EDGE ( 'NONE', *, *, #1432, .T. ) ;
#459 = FILL_AREA_STYLE ('',( #3259 ) ) ;
#460 = ADVANCED_FACE ( 'NONE', ( #1607 ), #2737, .T. ) ;
#461 = PRESENTATION_LAYER_ASSIGNMENT (  '', '', ( #3283 ) ) ;
#462 = LINE ( 'NONE', #6781, #4588 ) ;
#463 = DIRECTION ( 'NONE',  ( 0.000000000000000000, 1.000000000000000000, 0.000000000000000000 ) ) ;
#464 = ADVANCED_FACE ( 'NONE', ( #3889 ), #1681, .F. ) ;
#465 = ORIENTED_EDGE ( 'NONE', *, *, #5733, .T. ) ;
#466 = LINE ( 'NONE', #4550, #2498 ) ;
#467 = PRESENTATION_LAYER_ASSIGNMENT (  '', '', ( #4943 ) ) ;
#468 =( NAMED_UNIT ( * ) SI_UNIT ( $, .STERADIAN. ) SOLID_ANGLE_UNIT ( ) );
#469 = LINE ( 'NONE', #4932, #149 ) ;
#470 = SURFACE_STYLE_USAGE ( .BOTH. , #1064 ) ;
#471 = EDGE_LOOP ( 'NONE', ( #2686, #6549, #6381, #4472 ) ) ;
#472 = VERTEX_POINT ( 'NONE', #5747 ) ;
#473 = FILL_AREA_STYLE ('',( #3166 ) ) ;
#474 = COLOUR_RGB ( '',0.8039215686274510109, 0.8039215686274510109, 0.8039215686274510109 ) ;
#475 = DIRECTION ( 'NONE',  ( 1.000000000000000000, -0.000000000000000000, -0.000000000000000000 ) ) ;
#476 = DIRECTION ( 'NONE',  ( 0.000000000000000000, -0.4773021410712616763, -0.8787392480871611955 ) ) ;
#477 = ORIENTED_EDGE ( 'NONE', *, *, #3396, .T. ) ;
#478 = PLANE ( 'NONE',  #1871 ) ;
#479 = DIRECTION ( 'NONE',  ( 0.000000000000000000, -0.06975647374412519142, -0.9975640502598243087 ) ) ;
#480 = PLANE ( 'NONE',  #3089 ) ;
#481 = FILL_AREA_STYLE_COLOUR ( '', #879 ) ;
#482 = AXIS2_PLACEMENT_3D ( 'NONE', #3768, #4764, #903 ) ;
#483 = SURFACE_STYLE_USAGE ( .BOTH. , #3810 ) ;
#484 = CARTESIAN_POINT ( 'NONE',  ( -1.499998880753508512, -2.125409738600888332, -0.07251064891903702403 ) ) ;
#485 = EDGE_LOOP ( 'NONE', ( #4332, #2191, #599, #6037 ) ) ;
#486 =( NAMED_UNIT ( * ) PLANE_ANGLE_UNIT ( ) SI_UNIT ( $, .RADIAN. ) );
#487 = DIRECTION ( 'NONE',  ( -0.9945218953682732899, 0.000000000000000000, -0.1045284632676536235 ) ) ;
#488 = SURFACE_SIDE_STYLE ('',( #3977 ) ) ;
#489 = ADVANCED_FACE ( 'NONE', ( #4141 ), #5196, .T. ) ;
#490 =( BOUNDED_CURVE ( )  B_SPLINE_CURVE ( 3, ( #1559, #4405, #5524, #6706 ),
 .UNSPECIFIED., .F., .T. ) 
 B_SPLINE_CURVE_WITH_KNOTS ( ( 4, 4 ),
 ( 6.277722098658046868, 6.283185307179586232 ),
 .UNSPECIFIED. ) 
 CURVE ( )  GEOMETRIC_REPRESENTATION_ITEM ( )  RATIONAL_B_SPLINE_CURVE ( ( 1.000000000000000000, 0.9999975127809339615, 0.9999975127809339615, 1.000000000000000000 ) ) 
 REPRESENTATION_ITEM ( '' )  );
#491 =( NAMED_UNIT ( * ) SI_UNIT ( $, .STERADIAN. ) SOLID_ANGLE_UNIT ( ) );
#492 = AXIS2_PLACEMENT_3D ( 'NONE', #1789, #2775, #4561 ) ;
#493 = ORIENTED_EDGE ( 'NONE', *, *, #1001, .T. ) ;
#494 = STYLED_ITEM ( 'NONE', ( #738 ), #4782 ) ;
#495 = MECHANICAL_DESIGN_GEOMETRIC_PRESENTATION_REPRESENTATION (  '', ( #6287 ), #3322 ) ;
#496 = FILL_AREA_STYLE ('',( #567 ) ) ;
#497 =( GEOMETRIC_REPRESENTATION_CONTEXT ( 3 ) GLOBAL_UNCERTAINTY_ASSIGNED_CONTEXT ( ( #4706 ) ) GLOBAL_UNIT_ASSIGNED_CONTEXT ( ( #6678, #1673, #6133 ) ) REPRESENTATION_CONTEXT ( 'NONE', 'WORKASPACE' ) );
#498 = ORIENTED_EDGE ( 'NONE', *, *, #4622, .T. ) ;
#499 = VECTOR ( 'NONE', #5717, 1000.000000000000114 ) ;
#500 = DIRECTION ( 'NONE',  ( 1.000000000000000000, 0.000000000000000000, 0.000000000000000000 ) ) ;
#501 = FILL_AREA_STYLE_COLOUR ( '', #4494 ) ;
#502 = VERTEX_POINT ( 'NONE', #5230 ) ;
#503 = COLOUR_RGB ( '',0.8039215686274510109, 0.8039215686274510109, 0.8039215686274510109 ) ;
#504 = VECTOR ( 'NONE', #1355, 1000.000000000000000 ) ;
#505 = SURFACE_SIDE_STYLE ('',( #5565 ) ) ;
#506 = UNCERTAINTY_MEASURE_WITH_UNIT (LENGTH_MEASURE( 1.000000000000000082E-05 ), #1719, 'distance_accuracy_value', 'NONE');
#507 = STYLED_ITEM ( 'NONE', ( #6370 ), #5292 ) ;
#508 = ORIENTED_EDGE ( 'NONE', *, *, #5512, .T. ) ;
#509 = VERTEX_POINT ( 'NONE', #805 ) ;
#510 = CARTESIAN_POINT ( 'NONE',  ( -0.9422824243383021159, -1.642282424338300739, 0.5400000000000000355 ) ) ;
#511 = CARTESIAN_POINT ( 'NONE',  ( -1.097500000000000142, -2.599999999999999645, -0.5153054482615858634 ) ) ;
#512 = DIRECTION ( 'NONE',  ( 0.000000000000000000, -0.9975640502598241977, -0.06975647374412528856 ) ) ;
#513 = MECHANICAL_DESIGN_GEOMETRIC_PRESENTATION_REPRESENTATION (  '', ( #4750 ), #2841 ) ;
#514 = VERTEX_POINT ( 'NONE', #688 ) ;
#515 = CARTESIAN_POINT ( 'NONE',  ( -1.500000000000000444, -2.199999999999999289, -0.07249999999999999500 ) ) ;
#516 =( GEOMETRIC_REPRESENTATION_CONTEXT ( 3 ) GLOBAL_UNCERTAINTY_ASSIGNED_CONTEXT ( ( #2997 ) ) GLOBAL_UNIT_ASSIGNED_CONTEXT ( ( #872, #6413, #3181 ) ) REPRESENTATION_CONTEXT ( 'NONE', 'WORKASPACE' ) );
#517 = CARTESIAN_POINT ( 'NONE',  ( -1.500000000000000444, 2.124999999999999556, -0.07249999999999999500 ) ) ;
#518 = VECTOR ( 'NONE', #36, 1000.000000000000000 ) ;
#519 = MECHANICAL_DESIGN_GEOMETRIC_PRESENTATION_REPRESENTATION (  '', ( #4281 ), #5239 ) ;
#520 = SURFACE_STYLE_FILL_AREA ( #5617 ) ;
#521 = VECTOR ( 'NONE', #1391, 1000.000000000000000 ) ;
#522 = CARTESIAN_POINT ( 'NONE',  ( 0.4474999999999997868, -2.796534186440551739, -0.4764328467078228213 ) ) ;
#523 = FILL_AREA_STYLE ('',( #6292 ) ) ;
#524 = VERTEX_POINT ( 'NONE', #4070 ) ;
#525 = UNCERTAINTY_MEASURE_WITH_UNIT (LENGTH_MEASURE( 1.000000000000000082E-05 ), #7168, 'distance_accuracy_value', 'NONE');
#526 = SURFACE_STYLE_FILL_AREA ( #4496 ) ;
#527 = EDGE_CURVE ( 'NONE', #2942, #6225, #1241, .T. ) ;
#528 = SURFACE_STYLE_USAGE ( .BOTH. , #87 ) ;
#529 =( NAMED_UNIT ( * ) PLANE_ANGLE_UNIT ( ) SI_UNIT ( $, .RADIAN. ) );
#530 = COLOUR_RGB ( '',0.8039215686274510109, 0.8039215686274510109, 0.8039215686274510109 ) ;
#531 = FACE_OUTER_BOUND ( 'NONE', #4452, .T. ) ;
#532 = ORIENTED_EDGE ( 'NONE', *, *, #275, .T. ) ;
#533 = CARTESIAN_POINT ( 'NONE',  ( 1.382282424338300952, -2.082282424338301130, 0.4750000000000000333 ) ) ;
#534 = SURFACE_STYLE_USAGE ( .BOTH. , #6201 ) ;
#535 = ORIENTED_EDGE ( 'NONE', *, *, #6595, .T. ) ;
#536 = LINE ( 'NONE', #7257, #3436 ) ;
#537 = ADVANCED_FACE ( 'NONE', ( #3033 ), #250, .F. ) ;
#538 = LINE ( 'NONE', #5630, #2603 ) ;
#539 = DIRECTION ( 'NONE',  ( 1.000000000000000000, 0.000000000000000000, 0.000000000000000000 ) ) ;
#540 = ADVANCED_FACE ( 'NONE', ( #6058 ), #7037, .T. ) ;
#541 = LINE ( 'NONE', #6210, #1592 ) ;
#542 =( NAMED_UNIT ( * ) PLANE_ANGLE_UNIT ( ) SI_UNIT ( $, .RADIAN. ) );
#543 = ORIENTED_EDGE ( 'NONE', *, *, #2122, .T. ) ;
#544 = COLOUR_RGB ( '',0.8039215686274510109, 0.8039215686274510109, 0.8039215686274510109 ) ;
#545 = ORIENTED_EDGE ( 'NONE', *, *, #7231, .T. ) ;
#546 = CARTESIAN_POINT ( 'NONE',  ( -0.4475000000000001754, -2.775747849617431928, -0.4198450200473335392 ) ) ;
#547 = LINE ( 'NONE', #1208, #1341 ) ;
#548 = ORIENTED_EDGE ( 'NONE', *, *, #79, .T. ) ;
#549 = FILL_AREA_STYLE_COLOUR ( '', #246 ) ;
#550 = PLANE ( 'NONE',  #3451 ) ;
#551 = MECHANICAL_DESIGN_GEOMETRIC_PRESENTATION_REPRESENTATION (  '', ( #2543 ), #795 ) ;
#552 = FILL_AREA_STYLE ('',( #1692 ) ) ;
#553 = ADVANCED_FACE ( 'NONE', ( #4319 ), #880, .T. ) ;
#554 = DIRECTION ( 'NONE',  ( 1.000000000000000000, 0.000000000000000000, 0.000000000000000000 ) ) ;
#555 = CARTESIAN_POINT ( 'NONE',  ( -0.2025000000000002076, 2.326767216444461273, -0.1275000000000000022 ) ) ;
#556 = FILL_AREA_STYLE_COLOUR ( '', #1236 ) ;
#557 =( NAMED_UNIT ( * ) PLANE_ANGLE_UNIT ( ) SI_UNIT ( $, .RADIAN. ) );
#558 = SURFACE_STYLE_FILL_AREA ( #523 ) ;
#559 = ORIENTED_EDGE ( 'NONE', *, *, #2768, .F. ) ;
#560 = DIRECTION ( 'NONE',  ( 0.000000000000000000, -0.8787392480871611955, 0.4773021410712616763 ) ) ;
#561 = ORIENTED_EDGE ( 'NONE', *, *, #3052, .T. ) ;
#562 =( NAMED_UNIT ( * ) PLANE_ANGLE_UNIT ( ) SI_UNIT ( $, .RADIAN. ) );
#563 = DIRECTION ( 'NONE',  ( 0.000000000000000000, 0.4773021410712616763, -0.8787392480871611955 ) ) ;
#564 = ORIENTED_EDGE ( 'NONE', *, *, #4589, .T. ) ;
#565 = DIRECTION ( 'NONE',  ( 0.000000000000000000, 0.000000000000000000, -1.000000000000000000 ) ) ;
#566 = VECTOR ( 'NONE', #6222, 1000.000000000000000 ) ;
#567 = FILL_AREA_STYLE_COLOUR ( '', #1803 ) ;
#568 = VERTEX_POINT ( 'NONE', #4843 ) ;
#569 = CARTESIAN_POINT ( 'NONE',  ( 0.8524999999999997025, 2.796534186440551739, -0.4764328467078228213 ) ) ;
#570 = LINE ( 'NONE', #2800, #2562 ) ;
#571 =( NAMED_UNIT ( * ) PLANE_ANGLE_UNIT ( ) SI_UNIT ( $, .RADIAN. ) );
#572 = PRESENTATION_LAYER_ASSIGNMENT (  '', '', ( #5434 ) ) ;
#573 = CARTESIAN_POINT ( 'NONE',  ( -1.500000000000000444, -2.124999999999999112, 0.07249999999999999500 ) ) ;
#574 = CARTESIAN_POINT ( 'NONE',  ( -0.4475000000000001754, 2.299999999999999378, -0.07249999999999999500 ) ) ;
#575 = UNCERTAINTY_MEASURE_WITH_UNIT (LENGTH_MEASURE( 1.000000000000000082E-05 ), #890, 'distance_accuracy_value', 'NONE');
#576 = EDGE_LOOP ( 'NONE', ( #776, #5251, #4085, #5973 ) ) ;
#577 = ORIENTED_EDGE ( 'NONE', *, *, #2601, .F. ) ;
#578 = EDGE_CURVE ( 'NONE', #4005, #5962, #6103, .T. ) ;
#579 = SURFACE_SIDE_STYLE ('',( #4002 ) ) ;
#580 = ADVANCED_FACE ( 'NONE', ( #6024 ), #5448, .F. ) ;
#581 = FILL_AREA_STYLE ('',( #3359 ) ) ;
#582 =( LENGTH_UNIT ( ) NAMED_UNIT ( * ) SI_UNIT ( .MILLI., .METRE. ) );
#583 = ORIENTED_EDGE ( 'NONE', *, *, #2221, .F. ) ;
#584 = VERTEX_POINT ( 'NONE', #2725 ) ;
#585 = FILL_AREA_STYLE_COLOUR ( '', #2152 ) ;
#586 = SURFACE_STYLE_USAGE ( .BOTH. , #5645 ) ;
#587 = CARTESIAN_POINT ( 'NONE',  ( -1.097500000000000142, -2.599999999999999645, -0.5153054482615858634 ) ) ;
#588 =( LENGTH_UNIT ( ) NAMED_UNIT ( * ) SI_UNIT ( .MILLI., .METRE. ) );
#589 = FACE_OUTER_BOUND ( 'NONE', #895, .T. ) ;
#590 = AXIS2_PLACEMENT_3D ( 'NONE', #4159, #5139, #6437 ) ;
#591 = DIRECTION ( 'NONE',  ( 0.000000000000000000, 0.9975640502598243087, 0.06975647374412519142 ) ) ;
#592 = DIRECTION ( 'NONE',  ( 0.000000000000000000, -1.000000000000000000, 0.000000000000000000 ) ) ;
#593 = ORIENTED_EDGE ( 'NONE', *, *, #3853, .T. ) ;
#594 = FACE_OUTER_BOUND ( 'NONE', #5171, .T. ) ;
#595 = VECTOR ( 'NONE', #4801, 1000.000000000000000 ) ;
#596 = FILL_AREA_STYLE_COLOUR ( '', #3351 ) ;
#597 = COLOUR_RGB ( '',0.2862745098039215508, 0.2862745098039215508, 0.2862745098039215508 ) ;
#598 = CARTESIAN_POINT ( 'NONE',  ( -0.8525000000000001465, -2.599999999999999645, -0.5153054482615858634 ) ) ;
#599 = ORIENTED_EDGE ( 'NONE', *, *, #3135, .T. ) ;
#600 = STYLED_ITEM ( 'NONE', ( #6785 ), #137 ) ;
#601 = CARTESIAN_POINT ( 'NONE',  ( -1.425000000000000488, -2.199999999999999289, -0.07249999999999999500 ) ) ;
#602 = DIRECTION ( 'NONE',  ( 0.000000000000000000, 0.000000000000000000, -1.000000000000000000 ) ) ;
#603 = ORIENTED_EDGE ( 'NONE', *, *, #3517, .T. ) ;
#604 = SURFACE_STYLE_USAGE ( .BOTH. , #1710 ) ;
#605 =( NAMED_UNIT ( * ) PLANE_ANGLE_UNIT ( ) SI_UNIT ( $, .RADIAN. ) );
#606 = PLANE ( 'NONE',  #3277 ) ;
#607 = VECTOR ( 'NONE', #3120, 1000.000000000000114 ) ;
#608 = CARTESIAN_POINT ( 'NONE',  ( 0.000000000000000000, 0.000000000000000000, -0.5500000000000000444 ) ) ;
#609 = AXIS2_PLACEMENT_3D ( 'NONE', #3502, #2968, #5247 ) ;
#610 = EDGE_LOOP ( 'NONE', ( #4591, #429, #6693, #3882 ) ) ;
#611 = ORIENTED_EDGE ( 'NONE', *, *, #2469, .F. ) ;
#612 = VECTOR ( 'NONE', #2969, 1000.000000000000000 ) ;
#613 = CARTESIAN_POINT ( 'NONE',  ( -1.382282424338301841, -2.156871566490921488, -0.4828396347450740200 ) ) ;
#614 = CARTESIAN_POINT ( 'NONE',  ( 0.8524999999999997025, 2.715635909006247850, -0.4244066557889664137 ) ) ;
#615 = ORIENTED_EDGE ( 'NONE', *, *, #5328, .T. ) ;
#616 = PRESENTATION_LAYER_ASSIGNMENT (  '', '', ( #3560 ) ) ;
#617 = CARTESIAN_POINT ( 'NONE',  ( 0.8524999999999997025, -2.199999999999999289, 0.07249999999999999500 ) ) ;
#618 = EDGE_LOOP ( 'NONE', ( #210, #5446, #3176, #931 ) ) ;
#619 = SURFACE_SIDE_STYLE ('',( #6251 ) ) ;
#620 = MECHANICAL_DESIGN_GEOMETRIC_PRESENTATION_REPRESENTATION (  '', ( #6984 ), #2029 ) ;
#621 = CIRCLE ( 'NONE', #2146, 0.1000000000000001582 ) ;
#622 = PLANE ( 'NONE',  #5619 ) ;
#623 = AXIS2_PLACEMENT_3D ( 'NONE', #1664, #4177, #708 ) ;
#624 = STYLED_ITEM ( 'NONE', ( #5748 ), #5039 ) ;
#625 =( NAMED_UNIT ( * ) SI_UNIT ( $, .STERADIAN. ) SOLID_ANGLE_UNIT ( ) );
#626 = EDGE_CURVE ( 'NONE', #7127, #2942, #3989, .T. ) ;
#627 =( GEOMETRIC_REPRESENTATION_CONTEXT ( 3 ) GLOBAL_UNCERTAINTY_ASSIGNED_CONTEXT ( ( #4808 ) ) GLOBAL_UNIT_ASSIGNED_CONTEXT ( ( #5632, #30, #5011 ) ) REPRESENTATION_CONTEXT ( 'NONE', 'WORKASPACE' ) );
#628 = LINE ( 'NONE', #5762, #6551 ) ;
#629 = AXIS2_PLACEMENT_3D ( 'NONE', #5626, #5030, #563 ) ;
#630 = LINE ( 'NONE', #3901, #5100 ) ;
#631 =( GEOMETRIC_REPRESENTATION_CONTEXT ( 3 ) GLOBAL_UNCERTAINTY_ASSIGNED_CONTEXT ( ( #832 ) ) GLOBAL_UNIT_ASSIGNED_CONTEXT ( ( #39, #7235, #3973 ) ) REPRESENTATION_CONTEXT ( 'NONE', 'WORKASPACE' ) );
#632 = VECTOR ( 'NONE', #1264, 1000.000000000000000 ) ;
#633 = SURFACE_STYLE_USAGE ( .BOTH. , #1699 ) ;
#634 = EDGE_CURVE ( 'NONE', #5241, #5170, #1021, .T. ) ;
#635 = VECTOR ( 'NONE', #202, 1000.000000000000000 ) ;
#636 = PRESENTATION_LAYER_ASSIGNMENT (  '', '', ( #3221 ) ) ;
#637 = COLOUR_RGB ( '',0.8039215686274510109, 0.8039215686274510109, 0.8039215686274510109 ) ;
#638 = ADVANCED_FACE ( 'NONE', ( #2834 ), #2219, .T. ) ;
#639 = CARTESIAN_POINT ( 'NONE',  ( -1.097500000000000142, 2.299999999999999378, -0.07249999999999999500 ) ) ;
#640 =( GEOMETRIC_REPRESENTATION_CONTEXT ( 3 ) GLOBAL_UNCERTAINTY_ASSIGNED_CONTEXT ( ( #5823 ) ) GLOBAL_UNIT_ASSIGNED_CONTEXT ( ( #582, #5351, #1826 ) ) REPRESENTATION_CONTEXT ( 'NONE', 'WORKASPACE' ) );
#641 = DIRECTION ( 'NONE',  ( -0.000000000000000000, -0.000000000000000000, -1.000000000000000000 ) ) ;
#642 = VECTOR ( 'NONE', #6872, 1000.000000000000114 ) ;
#643 =( GEOMETRIC_REPRESENTATION_CONTEXT ( 3 ) GLOBAL_UNCERTAINTY_ASSIGNED_CONTEXT ( ( #1884 ) ) GLOBAL_UNIT_ASSIGNED_CONTEXT ( ( #6355, #6390, #1321 ) ) REPRESENTATION_CONTEXT ( 'NONE', 'WORKASPACE' ) );
#644 = ORIENTED_EDGE ( 'NONE', *, *, #626, .F. ) ;
#645 = PLANE ( 'NONE',  #324 ) ;
#646 = EDGE_CURVE ( 'NONE', #5241, #7100, #462, .T. ) ;
#647 = CARTESIAN_POINT ( 'NONE',  ( 0.4474999999999997868, 3.199999999999999289, -0.5046459247782298929 ) ) ;
#648 = MECHANICAL_DESIGN_GEOMETRIC_PRESENTATION_REPRESENTATION (  '', ( #6670 ), #6788 ) ;
#649 = ORIENTED_EDGE ( 'NONE', *, *, #1310, .T. ) ;
#650 = LINE ( 'NONE', #4100, #2262 ) ;
#651 = FILL_AREA_STYLE_COLOUR ( '', #6944 ) ;
#652 = CARTESIAN_POINT ( 'NONE',  ( -1.425000000000000488, -2.199999999999999289, 0.07249999999999999500 ) ) ;
#653 = DIRECTION ( 'NONE',  ( 1.000000000000000000, 0.000000000000000000, 0.000000000000000000 ) ) ;
#654 = SURFACE_STYLE_FILL_AREA ( #208 ) ;
#655 = UNCERTAINTY_MEASURE_WITH_UNIT (LENGTH_MEASURE( 1.000000000000000082E-05 ), #2895, 'distance_accuracy_value', 'NONE');
#656 = EDGE_LOOP ( 'NONE', ( #6548, #6098, #1541, #439 ) ) ;
#657 = FACE_OUTER_BOUND ( 'NONE', #2887, .T. ) ;
#658 = CARTESIAN_POINT ( 'NONE',  ( -0.8525000000000001465, -2.761796554868606535, -0.6193578300992984564 ) ) ;
#659 = SURFACE_STYLE_FILL_AREA ( #4593 ) ;
#660 = CARTESIAN_POINT ( 'NONE',  ( 1.097499999999999698, -2.796534186440551739, -0.4764328467078229323 ) ) ;
#661 = ORIENTED_EDGE ( 'NONE', *, *, #7170, .T. ) ;
#662 = DIRECTION ( 'NONE',  ( 1.000000000000000000, 0.000000000000000000, 0.000000000000000000 ) ) ;
#663 = ORIENTED_EDGE ( 'NONE', *, *, #2107, .F. ) ;
#664 = PRESENTATION_STYLE_ASSIGNMENT (( #2748 ) ) ;
#665 = FACE_OUTER_BOUND ( 'NONE', #2837, .T. ) ;
#666 = CARTESIAN_POINT ( 'NONE',  ( 0.4474999999999997868, -2.761796554868606535, -0.6193578300992984564 ) ) ;
#667 = LINE ( 'NONE', #2447, #5689 ) ;
#668 =( NAMED_UNIT ( * ) PLANE_ANGLE_UNIT ( ) SI_UNIT ( $, .RADIAN. ) );
#669 =( NAMED_UNIT ( * ) PLANE_ANGLE_UNIT ( ) SI_UNIT ( $, .RADIAN. ) );
#670 = DIRECTION ( 'NONE',  ( 0.000000000000000000, 0.9975640502598241977, -0.06975647374412530244 ) ) ;
#671 = SURFACE_STYLE_FILL_AREA ( #2350 ) ;
#672 =( NAMED_UNIT ( * ) PLANE_ANGLE_UNIT ( ) SI_UNIT ( $, .RADIAN. ) );
#673 =( LENGTH_UNIT ( ) NAMED_UNIT ( * ) SI_UNIT ( .MILLI., .METRE. ) );
#674 = EDGE_CURVE ( 'NONE', #3799, #4183, #2251, .T. ) ;
#675 =( LENGTH_UNIT ( ) NAMED_UNIT ( * ) SI_UNIT ( .MILLI., .METRE. ) );
#676 = EDGE_CURVE ( 'NONE', #1151, #189, #4020, .T. ) ;
#677 = EDGE_CURVE ( 'NONE', #3871, #5640, #65, .T. ) ;
#678 = ORIENTED_EDGE ( 'NONE', *, *, #4495, .F. ) ;
#679 = FILL_AREA_STYLE_COLOUR ( '', #4870 ) ;
#680 = EDGE_LOOP ( 'NONE', ( #6686, #1441, #336, #3877 ) ) ;
#682 = CARTESIAN_POINT ( 'NONE',  ( -0.4475000000000001754, -2.199999999999999289, -0.07249999999999999500 ) ) ;
#681 = PRESENTATION_STYLE_ASSIGNMENT (( #4062 ) ) ;
#683 = VERTEX_POINT ( 'NONE', #1057 ) ;
#684 = PLANE ( 'NONE',  #1099 ) ;
#685 = FACE_OUTER_BOUND ( 'NONE', #3165, .T. ) ;
#686 = VECTOR ( 'NONE', #5881, 1000.000000000000114 ) ;
#687 = EDGE_CURVE ( 'NONE', #3836, #4927, #1736, .T. ) ;
#688 = CARTESIAN_POINT ( 'NONE',  ( 0.4474999999999997868, 2.502515066061893556, -0.03203957178574777520 ) ) ;
#689 = DIRECTION ( 'NONE',  ( 1.000000000000000000, 0.000000000000000000, 0.000000000000000000 ) ) ;
#690 = MECHANICAL_DESIGN_GEOMETRIC_PRESENTATION_REPRESENTATION (  '', ( #7178 ), #1389 ) ;
#691 = ORIENTED_EDGE ( 'NONE', *, *, #4795, .F. ) ;
#692 = DIRECTION ( 'NONE',  ( 1.000000000000000000, 0.000000000000000000, 0.000000000000000000 ) ) ;
#693 = DIRECTION ( 'NONE',  ( 0.000000000000000000, -1.000000000000000000, 0.000000000000000000 ) ) ;
#694 = ORIENTED_EDGE ( 'NONE', *, *, #99, .F. ) ;
#695 = SURFACE_STYLE_USAGE ( .BOTH. , #3394 ) ;
#696 = CARTESIAN_POINT ( 'NONE',  ( -0.8525000000000001465, 2.299999999999999378, -0.1724999999999999867 ) ) ;
#697 = SURFACE_STYLE_USAGE ( .BOTH. , #4598 ) ;
#698 = DIRECTION ( 'NONE',  ( -0.1045284632676537068, 0.000000000000000000, -0.9945218953682734009 ) ) ;
#699 = PLANE ( 'NONE',  #410 ) ;
#700 = PRESENTATION_LAYER_ASSIGNMENT (  '', '', ( #1056 ) ) ;
#701 =( NAMED_UNIT ( * ) SI_UNIT ( $, .STERADIAN. ) SOLID_ANGLE_UNIT ( ) );
#702 = VERTEX_POINT ( 'NONE', #3439 ) ;
#703 = CYLINDRICAL_SURFACE ( 'NONE', #6617, 0.07499999999999998335 ) ;
#704 = SURFACE_STYLE_USAGE ( .BOTH. , #827 ) ;
#705 = PRESENTATION_LAYER_ASSIGNMENT (  '', '', ( #1287 ) ) ;
#706 = LINE ( 'NONE', #5800, #3424 ) ;
#707 = DIRECTION ( 'NONE',  ( 0.000000000000000000, 0.000000000000000000, -1.000000000000000000 ) ) ;
#708 = DIRECTION ( 'NONE',  ( 0.000000000000000000, 0.000000000000000000, -1.000000000000000000 ) ) ;
#709 = FILL_AREA_STYLE_COLOUR ( '', #4255 ) ;
#710 = ORIENTED_EDGE ( 'NONE', *, *, #3553, .F. ) ;
#711 = ADVANCED_FACE ( 'NONE', ( #2683 ), #4133, .T. ) ;
#712 =( NAMED_UNIT ( * ) SI_UNIT ( $, .STERADIAN. ) SOLID_ANGLE_UNIT ( ) );
#713 = STYLED_ITEM ( 'NONE', ( #3005 ), #2035 ) ;
#714 = AXIS2_PLACEMENT_3D ( 'NONE', #2513, #4772, #1960 ) ;
#715 = SURFACE_STYLE_FILL_AREA ( #1880 ) ;
#716 = ADVANCED_FACE ( 'NONE', ( #6951 ), #1263, .T. ) ;
#718 = DIRECTION ( 'NONE',  ( 1.000000000000000000, 0.000000000000000000, 0.000000000000000000 ) ) ;
#717 = LINE ( 'NONE', #2944, #6663 ) ;
#719 = CARTESIAN_POINT ( 'NONE',  ( -1.097500000000000142, 2.326767216444461273, 0.07249999999999999500 ) ) ;
#720 = ORIENTED_EDGE ( 'NONE', *, *, #4950, .T. ) ;
#721 =( BOUNDED_CURVE ( )  B_SPLINE_CURVE ( 3, ( #1874, #4128, #4722, #4178 ),
 .UNSPECIFIED., .F., .F. ) 
 B_SPLINE_CURVE_WITH_KNOTS ( ( 4, 4 ),
 ( 0.000000000000000000, 0.005463208521556376859 ),
 .UNSPECIFIED. ) 
 CURVE ( )  GEOMETRIC_REPRESENTATION_ITEM ( )  RATIONAL_B_SPLINE_CURVE ( ( 1.000000000000000000, 0.9999975127809339615, 0.9999975127809339615, 1.000000000000000000 ) ) 
 REPRESENTATION_ITEM ( '' )  );
#722 = FILL_AREA_STYLE_COLOUR ( '', #6135 ) ;
#723 = DIRECTION ( 'NONE',  ( 0.000000000000000000, -0.4773021410712616763, -0.8787392480871610845 ) ) ;
#724 = FILL_AREA_STYLE ('',( #5714 ) ) ;
#725 = UNCERTAINTY_MEASURE_WITH_UNIT (LENGTH_MEASURE( 1.000000000000000082E-05 ), #5735, 'distance_accuracy_value', 'NONE');
#726 = EDGE_CURVE ( 'NONE', #3689, #6779, #2434, .T. ) ;
#727 = ORIENTED_EDGE ( 'NONE', *, *, #3969, .T. ) ;
#728 = PRESENTATION_STYLE_ASSIGNMENT (( #6427 ) ) ;
#729 = DIRECTION ( 'NONE',  ( 0.000000000000000000, 0.9945218953682732899, 0.1045284632676541231 ) ) ;
#730 = CARTESIAN_POINT ( 'NONE',  ( 1.425136580382891260, -2.199999999999999289, -0.07249999999999988398 ) ) ;
#731 = CARTESIAN_POINT ( 'NONE',  ( -0.8525000000000001465, -2.199999999999999289, 0.07249999999999999500 ) ) ;
#732 = VERTEX_POINT ( 'NONE', #5702 ) ;
#733 = AXIS2_PLACEMENT_3D ( 'NONE', #546, #135, #3968 ) ;
#734 = CARTESIAN_POINT ( 'NONE',  ( 0.8524999999999997025, -2.715635909006247850, -0.4244066557889664137 ) ) ;
#735 = UNCERTAINTY_MEASURE_WITH_UNIT (LENGTH_MEASURE( 1.000000000000000082E-05 ), #5515, 'distance_accuracy_value', 'NONE');
#736 = PLANE ( 'NONE',  #590 ) ;
#737 = PRESENTATION_STYLE_ASSIGNMENT (( #2534 ) ) ;
#738 = PRESENTATION_STYLE_ASSIGNMENT (( #3469 ) ) ;
#739 =( GEOMETRIC_REPRESENTATION_CONTEXT ( 3 ) GLOBAL_UNCERTAINTY_ASSIGNED_CONTEXT ( ( #6643 ) ) GLOBAL_UNIT_ASSIGNED_CONTEXT ( ( #2857, #5616, #2314 ) ) REPRESENTATION_CONTEXT ( 'NONE', 'WORKASPACE' ) );
#740 = EDGE_CURVE ( 'NONE', #4491, #3617, #801, .T. ) ;
#741 = CARTESIAN_POINT ( 'NONE',  ( 0.8524999999999997025, -2.199999999999999289, 0.07249999999999999500 ) ) ;
#742 = VECTOR ( 'NONE', #1294, 1000.000000000000000 ) ;
#743 = FILL_AREA_STYLE_COLOUR ( '', #3223 ) ;
#744 = VERTEX_POINT ( 'NONE', #5297 ) ;
#745 = ORIENTED_EDGE ( 'NONE', *, *, #5551, .F. ) ;
#746 = DIRECTION ( 'NONE',  ( 0.000000000000000000, 1.000000000000000000, 0.000000000000000000 ) ) ;
#747 = AXIS2_PLACEMENT_3D ( 'NONE', #555, #1763, #47 ) ;
#748 = PRESENTATION_LAYER_ASSIGNMENT (  '', '', ( #5219 ) ) ;
#749 = PRESENTATION_STYLE_ASSIGNMENT (( #6333 ) ) ;
#750 = AXIS2_PLACEMENT_3D ( 'NONE', #6229, #5655, #487 ) ;
#751 = STYLED_ITEM ( 'NONE', ( #5785 ), #5045 ) ;
#752 = DIRECTION ( 'NONE',  ( 0.000000000000000000, 0.000000000000000000, 1.000000000000000000 ) ) ;
#753 = DIRECTION ( 'NONE',  ( 0.000000000000000000, 0.000000000000000000, -1.000000000000000000 ) ) ;
#754 = VECTOR ( 'NONE', #3675, 1000.000000000000114 ) ;
#755 = VECTOR ( 'NONE', #6709, 1000.000000000000000 ) ;
#756 = CARTESIAN_POINT ( 'NONE',  ( -0.2025000000000002076, -2.199999999999999289, 0.07249999999999999500 ) ) ;
#757 = VECTOR ( 'NONE', #5110, 1000.000000000000114 ) ;
#758 = DIRECTION ( 'NONE',  ( 1.000000000000000000, 0.000000000000000000, 0.000000000000000000 ) ) ;
#759 = ORIENTED_EDGE ( 'NONE', *, *, #1744, .F. ) ;
#760 = VECTOR ( 'NONE', #3248, 1000.000000000000000 ) ;
#761 = LINE ( 'NONE', #5807, #635 ) ;
#762 = ADVANCED_FACE ( 'NONE', ( #4063 ), #4581, .T. ) ;
#763 = STYLED_ITEM ( 'NONE', ( #1218 ), #5423 ) ;
#765 = SURFACE_STYLE_FILL_AREA ( #1881 ) ;
#764 = FILL_AREA_STYLE_COLOUR ( '', #61 ) ;
#766 = AXIS2_PLACEMENT_3D ( 'NONE', #5283, #641, #2872 ) ;
#767 = VECTOR ( 'NONE', #4654, 1000.000000000000000 ) ;
#768 = ORIENTED_EDGE ( 'NONE', *, *, #4135, .F. ) ;
#769 = MECHANICAL_DESIGN_GEOMETRIC_PRESENTATION_REPRESENTATION (  '', ( #6552 ), #1698 ) ;
#770 = CARTESIAN_POINT ( 'NONE',  ( 1.499999999999999778, -2.125136580382890550, 0.07249999999999988398 ) ) ;
#771 = STYLED_ITEM ( 'NONE', ( #3619 ), #5970 ) ;
#772 = EDGE_CURVE ( 'NONE', #6813, #2312, #4160, .T. ) ;
#773 = ORIENTED_EDGE ( 'NONE', *, *, #830, .F. ) ;
#774 = SURFACE_STYLE_FILL_AREA ( #6884 ) ;
#775 = SURFACE_SIDE_STYLE ('',( #4073 ) ) ;
#776 = ORIENTED_EDGE ( 'NONE', *, *, #3743, .T. ) ;
#777 =( NAMED_UNIT ( * ) PLANE_ANGLE_UNIT ( ) SI_UNIT ( $, .RADIAN. ) );
#778 = CARTESIAN_POINT ( 'NONE',  ( 1.425409738600887266, -2.199998880753507358, 0.07251064891903691301 ) ) ;
#779 = EDGE_CURVE ( 'NONE', #6225, #3414, #2637, .T. ) ;
#780 = SPHERICAL_SURFACE ( 'NONE', #393, 0.07499999999999999722 ) ;
#781 = SURFACE_STYLE_FILL_AREA ( #5834 ) ;
#782 = DIRECTION ( 'NONE',  ( 0.9945218953682734009, 0.000000000000000000, -0.1045284632676537068 ) ) ;
#783 = FILL_AREA_STYLE ('',( #4161 ) ) ;
#784 = VECTOR ( 'NONE', #1859, 1000.000000000000000 ) ;
#785 = DIRECTION ( 'NONE',  ( 1.000000000000000000, 0.000000000000000000, 0.000000000000000000 ) ) ;
#786 = SURFACE_SIDE_STYLE ('',( #3578 ) ) ;
#787 = EDGE_LOOP ( 'NONE', ( #1643, #4461, #1963, #6341 ) ) ;
#788 = ORIENTED_EDGE ( 'NONE', *, *, #199, .T. ) ;
#789 = PRESENTATION_STYLE_ASSIGNMENT (( #6396 ) ) ;
#790 = CARTESIAN_POINT ( 'NONE',  ( -0.8525000000000001465, -2.199999999999999289, -0.07249999999999999500 ) ) ;
#791 = EDGE_CURVE ( 'NONE', #1602, #1404, #1830, .T. ) ;
#792 = SURFACE_STYLE_USAGE ( .BOTH. , #5846 ) ;
#793 = FILL_AREA_STYLE_COLOUR ( '', #5946 ) ;
#794 = FACE_OUTER_BOUND ( 'NONE', #618, .T. ) ;
#795 =( GEOMETRIC_REPRESENTATION_CONTEXT ( 3 ) GLOBAL_UNCERTAINTY_ASSIGNED_CONTEXT ( ( #1164 ) ) GLOBAL_UNIT_ASSIGNED_CONTEXT ( ( #4771, #4311, #2028 ) ) REPRESENTATION_CONTEXT ( 'NONE', 'WORKASPACE' ) );
#796 = STYLED_ITEM ( 'NONE', ( #728 ), #54 ) ;
#797 = ORIENTED_EDGE ( 'NONE', *, *, #3379, .T. ) ;
#798 = DIRECTION ( 'NONE',  ( 0.000000000000000000, 0.000000000000000000, -1.000000000000000000 ) ) ;
#799 =( GEOMETRIC_REPRESENTATION_CONTEXT ( 3 ) GLOBAL_UNCERTAINTY_ASSIGNED_CONTEXT ( ( #1745 ) ) GLOBAL_UNIT_ASSIGNED_CONTEXT ( ( #2413, #4790, #3083 ) ) REPRESENTATION_CONTEXT ( 'NONE', 'WORKASPACE' ) );
#801 = LINE ( 'NONE', #3026, #6932 ) ;
#800 = DIRECTION ( 'NONE',  ( 0.000000000000000000, 0.06975647374412530244, 0.9975640502598243087 ) ) ;
#802 = FILL_AREA_STYLE_COLOUR ( '', #277 ) ;
#803 = VERTEX_POINT ( 'NONE', #2417 ) ;
#804 = CARTESIAN_POINT ( 'NONE',  ( -1.097500000000000142, 2.796534186440551739, -0.4764328467078228213 ) ) ;
#805 = CARTESIAN_POINT ( 'NONE',  ( 0.2024999999999997635, -2.199999999999999289, -0.07249999999999999500 ) ) ;
#806 = LINE ( 'NONE', #3149, #1677 ) ;
#807 = UNCERTAINTY_MEASURE_WITH_UNIT (LENGTH_MEASURE( 1.000000000000000082E-05 ), #3785, 'distance_accuracy_value', 'NONE');
#808 = ORIENTED_EDGE ( 'NONE', *, *, #4886, .F. ) ;
#809 = DIRECTION ( 'NONE',  ( 1.000000000000000000, 0.000000000000000000, 0.000000000000000000 ) ) ;
#810 = AXIS2_PLACEMENT_3D ( 'NONE', #4646, #5325, #707 ) ;
#811 = PRESENTATION_STYLE_ASSIGNMENT (( #4193 ) ) ;
#812 = DIRECTION ( 'NONE',  ( 0.000000000000000000, 0.000000000000000000, 1.000000000000000000 ) ) ;
#813 = CARTESIAN_POINT ( 'NONE',  ( -0.9422824243383021159, -1.642282424338300739, 0.5500000000000000444 ) ) ;
#814 = CARTESIAN_POINT ( 'NONE',  ( -0.8525000000000001465, 2.599999999999999645, -0.5153054482615858634 ) ) ;
#815 = DIRECTION ( 'NONE',  ( 1.000000000000000000, 0.000000000000000000, 0.000000000000000000 ) ) ;
#816 = UNCERTAINTY_MEASURE_WITH_UNIT (LENGTH_MEASURE( 1.000000000000000082E-05 ), #5486, 'distance_accuracy_value', 'NONE');
#817 = FILL_AREA_STYLE_COLOUR ( '', #5549 ) ;
#818 = CARTESIAN_POINT ( 'NONE',  ( -1.468963392251840805, -2.199760935694445418, 0.07477454493103759259 ) ) ;
#819 =( NAMED_UNIT ( * ) SI_UNIT ( $, .STERADIAN. ) SOLID_ANGLE_UNIT ( ) );
#820 = EDGE_CURVE ( 'NONE', #6316, #1990, #4538, .T. ) ;
#821 = EDGE_CURVE ( 'NONE', #173, #2663, #6451, .T. ) ;
#822 =( LENGTH_UNIT ( ) NAMED_UNIT ( * ) SI_UNIT ( .MILLI., .METRE. ) );
#823 = VERTEX_POINT ( 'NONE', #4224 ) ;
#824 = ORIENTED_EDGE ( 'NONE', *, *, #1043, .F. ) ;
#825 = FILL_AREA_STYLE ('',( #1363 ) ) ;
#826 = SURFACE_STYLE_USAGE ( .BOTH. , #3586 ) ;
#827 = SURFACE_SIDE_STYLE ('',( #4089 ) ) ;
#828 = FILL_AREA_STYLE ('',( #5883 ) ) ;
#829 = PRESENTATION_LAYER_ASSIGNMENT (  '', '', ( #7068 ) ) ;
#830 = EDGE_CURVE ( 'NONE', #6818, #702, #449, .T. ) ;
#831 = ORIENTED_EDGE ( 'NONE', *, *, #4911, .F. ) ;
#832 = UNCERTAINTY_MEASURE_WITH_UNIT (LENGTH_MEASURE( 1.000000000000000082E-05 ), #39, 'distance_accuracy_value', 'NONE');
#833 = CARTESIAN_POINT ( 'NONE',  ( 0.2024999999999997635, 2.326767216444461273, 0.07249999999999999500 ) ) ;
#834 = FILL_AREA_STYLE_COLOUR ( '', #3471 ) ;
#835 = FILL_AREA_STYLE ('',( #1923 ) ) ;
#836 = COLOUR_RGB ( '',0.8039215686274510109, 0.8039215686274510109, 0.8039215686274510109 ) ;
#837 = SURFACE_STYLE_FILL_AREA ( #6566 ) ;
#838 = PRESENTATION_LAYER_ASSIGNMENT (  '', '', ( #5067 ) ) ;
#839 = AXIS2_PLACEMENT_3D ( 'NONE', #6563, #1406, #868 ) ;
#840 = ORIENTED_EDGE ( 'NONE', *, *, #2779, .T. ) ;
#841 = AXIS2_PLACEMENT_3D ( 'NONE', #4762, #5254, #4051 ) ;
#842 =( NAMED_UNIT ( * ) PLANE_ANGLE_UNIT ( ) SI_UNIT ( $, .RADIAN. ) );
#843 = VERTEX_POINT ( 'NONE', #2925 ) ;
#844 = SURFACE_STYLE_USAGE ( .BOTH. , #775 ) ;
#845 = CARTESIAN_POINT ( 'NONE',  ( 0.8524999999999997025, -2.199999999999999289, -0.07249999999999999500 ) ) ;
#846 = DIRECTION ( 'NONE',  ( 1.000000000000000000, 0.000000000000000000, 0.000000000000000000 ) ) ;
#847 = LINE ( 'NONE', #5868, #6719 ) ;
#848 = FILL_AREA_STYLE ('',( #3613 ) ) ;
#849 = CARTESIAN_POINT ( 'NONE',  ( 0.2024999999999997635, 2.326767216444461273, 0.07249999999999999500 ) ) ;
#850 = AXIS2_PLACEMENT_3D ( 'NONE', #7072, #1461, #2154 ) ;
#851 = CARTESIAN_POINT ( 'NONE',  ( 1.382282424338301174, 2.082282424338300686, 0.4750000000000000333 ) ) ;
#852 = CARTESIAN_POINT ( 'NONE',  ( 1.499999626916908024, -2.125273160256224703, -0.07250354964850759532 ) ) ;
#853 = CARTESIAN_POINT ( 'NONE',  ( -0.2025000000000002076, -2.387873924808715298, -0.1247697858928739911 ) ) ;
#854 = ORIENTED_EDGE ( 'NONE', *, *, #1388, .F. ) ;
#855 = VERTEX_POINT ( 'NONE', #3042 ) ;
#856 = SURFACE_STYLE_FILL_AREA ( #375 ) ;
#857 = CIRCLE ( 'NONE', #2019, 0.2000000000000000389 ) ;
#858 = DIRECTION ( 'NONE',  ( 0.000000000000000000, 0.000000000000000000, 1.000000000000000000 ) ) ;
#859 = VECTOR ( 'NONE', #670, 1000.000000000000227 ) ;
#860 = VECTOR ( 'NONE', #4744, 1000.000000000000000 ) ;
#861 = PLANE ( 'NONE',  #2043 ) ;
#862 = ADVANCED_FACE ( 'NONE', ( #260 ), #4792, .F. ) ;
#863 = SURFACE_STYLE_USAGE ( .BOTH. , #4880 ) ;
#864 = ORIENTED_EDGE ( 'NONE', *, *, #2779, .F. ) ;
#865 = DIRECTION ( 'NONE',  ( 1.000000000000000000, 0.000000000000000000, 0.000000000000000000 ) ) ;
#866 = STYLED_ITEM ( 'NONE', ( #3378 ), #6478 ) ;
#867 = AXIS2_PLACEMENT_3D ( 'NONE', #7189, #1573, #3831 ) ;
#868 = DIRECTION ( 'NONE',  ( 0.000000000000000000, 0.000000000000000000, -1.000000000000000000 ) ) ;
#869 = ADVANCED_FACE ( 'NONE', ( #184 ), #5979, .T. ) ;
#870 =( GEOMETRIC_REPRESENTATION_CONTEXT ( 3 ) GLOBAL_UNCERTAINTY_ASSIGNED_CONTEXT ( ( #2479 ) ) GLOBAL_UNIT_ASSIGNED_CONTEXT ( ( #4661, #4142, #251 ) ) REPRESENTATION_CONTEXT ( 'NONE', 'WORKASPACE' ) );
#871 = VERTEX_POINT ( 'NONE', #2678 ) ;
#872 =( LENGTH_UNIT ( ) NAMED_UNIT ( * ) SI_UNIT ( .MILLI., .METRE. ) );
#873 = MECHANICAL_DESIGN_GEOMETRIC_PRESENTATION_REPRESENTATION (  '', ( #3814 ), #5585 ) ;
#874 = VECTOR ( 'NONE', #3292, 1000.000000000000000 ) ;
#875 = VECTOR ( 'NONE', #2835, 1000.000000000000114 ) ;
#876 = ORIENTED_EDGE ( 'NONE', *, *, #5047, .F. ) ;
#877 = EDGE_CURVE ( 'NONE', #418, #871, #4953, .T. ) ;
#878 = VECTOR ( 'NONE', #6937, 1000.000000000000000 ) ;
#879 = COLOUR_RGB ( '',0.8039215686274510109, 0.8039215686274510109, 0.8039215686274510109 ) ;
#880 = CYLINDRICAL_SURFACE ( 'NONE', #7077, 0.07499999999999998335 ) ;
#881 = CARTESIAN_POINT ( 'NONE',  ( -1.456871566490922199, -2.082282424338302018, -0.4828396347450740755 ) ) ;
#882 = UNCERTAINTY_MEASURE_WITH_UNIT (LENGTH_MEASURE( 1.000000000000000082E-05 ), #4290, 'distance_accuracy_value', 'NONE');
#883 = VECTOR ( 'NONE', #785, 1000.000000000000000 ) ;
#884 = EDGE_LOOP ( 'NONE', ( #7161, #3270, #2367, #5812 ) ) ;
#885 = CARTESIAN_POINT ( 'NONE',  ( -0.4475000000000001754, 2.599999999999999645, -0.5153054482615858634 ) ) ;
#886 = PRESENTATION_STYLE_ASSIGNMENT (( #5419 ) ) ;
#887 = VECTOR ( 'NONE', #1384, 1000.000000000000000 ) ;
#888 = FILL_AREA_STYLE ('',( #2528 ) ) ;
#889 = CARTESIAN_POINT ( 'NONE',  ( -1.097500000000000142, -2.502515066061893556, -0.03203957178574777520 ) ) ;
#890 =( LENGTH_UNIT ( ) NAMED_UNIT ( * ) SI_UNIT ( .MILLI., .METRE. ) );
#891 = UNCERTAINTY_MEASURE_WITH_UNIT (LENGTH_MEASURE( 1.000000000000000082E-05 ), #2117, 'distance_accuracy_value', 'NONE');
#892 = CARTESIAN_POINT ( 'NONE',  ( -1.097500000000000142, 3.199999999999999289, -0.5046459247782298929 ) ) ;
#893 = DIRECTION ( 'NONE',  ( 1.000000000000000000, 0.000000000000000000, 0.000000000000000000 ) ) ;
#894 = UNCERTAINTY_MEASURE_WITH_UNIT (LENGTH_MEASURE( 1.000000000000000082E-05 ), #5372, 'distance_accuracy_value', 'NONE');
#895 = EDGE_LOOP ( 'NONE', ( #2129, #6453, #831, #1281 ) ) ;
#896 = VERTEX_POINT ( 'NONE', #2033 ) ;
#897 = ORIENTED_EDGE ( 'NONE', *, *, #4915, .F. ) ;
#898 = PRESENTATION_LAYER_ASSIGNMENT (  '', '', ( #5132 ) ) ;
#899 = AXIS2_PLACEMENT_3D ( 'NONE', #7183, #7069, #326 ) ;
#900 = DIRECTION ( 'NONE',  ( 1.000000000000000000, 0.000000000000000000, 0.000000000000000000 ) ) ;
#901 = CARTESIAN_POINT ( 'NONE',  ( -1.097500000000000142, 2.775747849617431928, -0.4198450200473335392 ) ) ;
#902 = AXIS2_PLACEMENT_3D ( 'NONE', #4446, #1640, #1200 ) ;
#903 = DIRECTION ( 'NONE',  ( 0.000000000000000000, -0.000000000000000000, -1.000000000000000000 ) ) ;
#904 =( NAMED_UNIT ( * ) PLANE_ANGLE_UNIT ( ) SI_UNIT ( $, .RADIAN. ) );
#905 = CARTESIAN_POINT ( 'NONE',  ( 0.8524999999999997025, 2.796534186440551739, -0.4764328467078229323 ) ) ;
#906 = CARTESIAN_POINT ( 'NONE',  ( -1.097500000000000142, 3.199999999999999289, -0.5046459247782298929 ) ) ;
#907 = ORIENTED_EDGE ( 'NONE', *, *, #423, .T. ) ;
#908 = PRESENTATION_STYLE_ASSIGNMENT (( #4279 ) ) ;
#909 = ORIENTED_EDGE ( 'NONE', *, *, #2609, .T. ) ;
#910 = FACE_OUTER_BOUND ( 'NONE', #6282, .T. ) ;
#911 = EDGE_CURVE ( 'NONE', #3505, #7127, #4313, .T. ) ;
#912 = SURFACE_STYLE_USAGE ( .BOTH. , #3710 ) ;
#913 = VECTOR ( 'NONE', #5716, 1000.000000000000000 ) ;
#914 = EDGE_CURVE ( 'NONE', #6234, #4783, #2142, .T. ) ;
#915 = EDGE_CURVE ( 'NONE', #1775, #5388, #2581, .T. ) ;
#916 = DIRECTION ( 'NONE',  ( 1.000000000000000000, 0.000000000000000000, 0.000000000000000000 ) ) ;
#917 = ORIENTED_EDGE ( 'NONE', *, *, #3346, .F. ) ;
#918 = SURFACE_STYLE_USAGE ( .BOTH. , #1520 ) ;
#919 = DIRECTION ( 'NONE',  ( 0.000000000000000000, 1.000000000000000000, 0.000000000000000000 ) ) ;
#920 = SURFACE_STYLE_FILL_AREA ( #5386 ) ;
#921 = ORIENTED_EDGE ( 'NONE', *, *, #1662, .F. ) ;
#922 = CARTESIAN_POINT ( 'NONE',  ( 1.425273160256224525, 2.199999626916907314, -0.07250354964850760919 ) ) ;
#923 = LINE ( 'NONE', #3829, #754 ) ;
#924 = CARTESIAN_POINT ( 'NONE',  ( 0.2024999999999997635, 2.299999999999999378, -0.07249999999999999500 ) ) ;
#925 = SHAPE_DEFINITION_REPRESENTATION ( #105, #1074 ) ;
#926 = SURFACE_SIDE_STYLE ('',( #4445 ) ) ;
#927 = FILL_AREA_STYLE_COLOUR ( '', #4982 ) ;
#928 = LINE ( 'NONE', #3160, #6068 ) ;
#929 = SURFACE_SIDE_STYLE ('',( #402 ) ) ;
#930 = ORIENTED_EDGE ( 'NONE', *, *, #4917, .F. ) ;
#931 = ORIENTED_EDGE ( 'NONE', *, *, #1217, .T. ) ;
#932 = CARTESIAN_POINT ( 'NONE',  ( -1.382282424338301841, -2.156871566490921488, 0.4828396347450740755 ) ) ;
#933 = DIRECTION ( 'NONE',  ( 0.000000000000000000, 0.000000000000000000, 1.000000000000000000 ) ) ;
#934 = PLANE ( 'NONE',  #952 ) ;
#935 = LINE ( 'NONE', #3801, #4156 ) ;
#936 = PRESENTATION_LAYER_ASSIGNMENT (  '', '', ( #5285 ) ) ;
#937 =( NAMED_UNIT ( * ) SI_UNIT ( $, .STERADIAN. ) SOLID_ANGLE_UNIT ( ) );
#938 = ORIENTED_EDGE ( 'NONE', *, *, #4131, .T. ) ;
#939 = CARTESIAN_POINT ( 'NONE',  ( 1.393792701098379050, -2.093792701098378117, -0.3654870319356541275 ) ) ;
#940 = EDGE_LOOP ( 'NONE', ( #220, #5723, #7282, #2624 ) ) ;
#941 = CARTESIAN_POINT ( 'NONE',  ( -0.4475000000000001754, 2.761796554868606535, -0.6193578300992984564 ) ) ;
#942 = CARTESIAN_POINT ( 'NONE',  ( 0.8524999999999997025, 2.299999999999999378, -0.07249999999999999500 ) ) ;
#943 = CARTESIAN_POINT ( 'NONE',  ( -0.4475000000000001754, 2.387873924808715298, -0.1247697858928739911 ) ) ;
#944 = MECHANICAL_DESIGN_GEOMETRIC_PRESENTATION_REPRESENTATION (  '', ( #4943 ), #5060 ) ;
#945 = DIRECTION ( 'NONE',  ( 0.000000000000000000, 0.000000000000000000, -1.000000000000000000 ) ) ;
#946 = ORIENTED_EDGE ( 'NONE', *, *, #3194, .F. ) ;
#947 = SURFACE_STYLE_USAGE ( .BOTH. , #3186 ) ;
#948 = STYLED_ITEM ( 'NONE', ( #5053 ), #1920 ) ;
#949 = ORIENTED_EDGE ( 'NONE', *, *, #2517, .T. ) ;
#950 = PRESENTATION_LAYER_ASSIGNMENT (  '', '', ( #4113 ) ) ;
#951 = CARTESIAN_POINT ( 'NONE',  ( 1.424999999999999600, 2.199999999999999289, -0.07249999999999999500 ) ) ;
#952 = AXIS2_PLACEMENT_3D ( 'NONE', #2061, #443, #5473 ) ;
#953 =( NAMED_UNIT ( * ) SI_UNIT ( $, .STERADIAN. ) SOLID_ANGLE_UNIT ( ) );
#954 = PRESENTATION_LAYER_ASSIGNMENT (  '', '', ( #4832 ) ) ;
#955 =( GEOMETRIC_REPRESENTATION_CONTEXT ( 3 ) GLOBAL_UNCERTAINTY_ASSIGNED_CONTEXT ( ( #3323 ) ) GLOBAL_UNIT_ASSIGNED_CONTEXT ( ( #1288, #6086, #5366 ) ) REPRESENTATION_CONTEXT ( 'NONE', 'WORKASPACE' ) );
#956 = EDGE_CURVE ( 'NONE', #6560, #2228, #2105, .T. ) ;
#957 = SURFACE_STYLE_USAGE ( .BOTH. , #6032 ) ;
#958 = UNCERTAINTY_MEASURE_WITH_UNIT (LENGTH_MEASURE( 1.000000000000000082E-05 ), #1267, 'distance_accuracy_value', 'NONE');
#959 = VERTEX_POINT ( 'NONE', #7176 ) ;
#960 = EDGE_LOOP ( 'NONE', ( #6931, #2452, #2102, #1231, #1723, #6849, #4846, #6702 ) ) ;
#961 = SURFACE_STYLE_FILL_AREA ( #6144 ) ;
#962 = VERTEX_POINT ( 'NONE', #942 ) ;
#963 = DIRECTION ( 'NONE',  ( 1.000000000000000000, 0.000000000000000000, 0.000000000000000000 ) ) ;
#964 =( LENGTH_UNIT ( ) NAMED_UNIT ( * ) SI_UNIT ( .MILLI., .METRE. ) );
#965 = EDGE_CURVE ( 'NONE', #4927, #855, #6403, .T. ) ;
#966 = CARTESIAN_POINT ( 'NONE',  ( 1.499999999999999778, 2.125136580382890994, 0.07249999999999989786 ) ) ;
#967 = LINE ( 'NONE', #2181, #7182 ) ;
#968 = ORIENTED_EDGE ( 'NONE', *, *, #1299, .F. ) ;
#969 = PLANE ( 'NONE',  #5439 ) ;
#970 =( NAMED_UNIT ( * ) SI_UNIT ( $, .STERADIAN. ) SOLID_ANGLE_UNIT ( ) );
#971 = COLOUR_RGB ( '',0.2862745098039215508, 0.2862745098039215508, 0.2862745098039215508 ) ;
#972 = VECTOR ( 'NONE', #4014, 1000.000000000000000 ) ;
#973 = DIRECTION ( 'NONE',  ( 0.000000000000000000, 0.000000000000000000, 1.000000000000000000 ) ) ;
#974 = AXIS2_PLACEMENT_3D ( 'NONE', #7085, #5460, #7158 ) ;
#975 = CIRCLE ( 'NONE', #2838, 0.09999999999999979738 ) ;
#976 = ORIENTED_EDGE ( 'NONE', *, *, #3054, .F. ) ;
#977 =( GEOMETRIC_REPRESENTATION_CONTEXT ( 3 ) GLOBAL_UNCERTAINTY_ASSIGNED_CONTEXT ( ( #2512 ) ) GLOBAL_UNIT_ASSIGNED_CONTEXT ( ( #4078, #2342, #6967 ) ) REPRESENTATION_CONTEXT ( 'NONE', 'WORKASPACE' ) );
#978 =( NAMED_UNIT ( * ) PLANE_ANGLE_UNIT ( ) SI_UNIT ( $, .RADIAN. ) );
#979 = MECHANICAL_DESIGN_GEOMETRIC_PRESENTATION_REPRESENTATION (  '', ( #2720 ), #4741 ) ;
#980 = SURFACE_STYLE_FILL_AREA ( #3784 ) ;
#981 = DIRECTION ( 'NONE',  ( 0.000000000000000000, 0.9975640502598243087, 0.06975647374412519142 ) ) ;
#982 = MECHANICAL_DESIGN_GEOMETRIC_PRESENTATION_REPRESENTATION (  '', ( #2376 ), #6419 ) ;
#983 = EDGE_LOOP ( 'NONE', ( #6193, #946, #1614, #5118 ) ) ;
#984 = CARTESIAN_POINT ( 'NONE',  ( -0.2025000000000002076, -2.775747849617431928, -0.4198450200473335392 ) ) ;
#985 = VECTOR ( 'NONE', #1194, 1000.000000000000000 ) ;
#986 = CARTESIAN_POINT ( 'NONE',  ( 0.2024999999999997635, 2.299999999999999378, -0.1724999999999999867 ) ) ;
#987 = FACE_OUTER_BOUND ( 'NONE', #6249, .T. ) ;
#988 = PRESENTATION_LAYER_ASSIGNMENT (  '', '', ( #7001 ) ) ;
#989 = AXIS2_PLACEMENT_3D ( 'NONE', #2893, #6855, #4571 ) ;
#990 = AXIS2_PLACEMENT_3D ( 'NONE', #3742, #3067, #241 ) ;
#991 = EDGE_CURVE ( 'NONE', #4005, #1500, #4210, .T. ) ;
#992 = CARTESIAN_POINT ( 'NONE',  ( -1.499760935694446795, 2.168963392251839206, -0.07477454493104181144 ) ) ;
#993 = SURFACE_SIDE_STYLE ('',( #5425 ) ) ;
#994 = VERTEX_POINT ( 'NONE', #6485 ) ;
#995 = MECHANICAL_DESIGN_GEOMETRIC_PRESENTATION_REPRESENTATION (  '', ( #3928 ), #640 ) ;
#996 = VERTEX_POINT ( 'NONE', #318 ) ;
#997 = ORIENTED_EDGE ( 'NONE', *, *, #4135, .T. ) ;
#998 = EDGE_CURVE ( 'NONE', #584, #4099, #2547, .T. ) ;
#999 = FACE_OUTER_BOUND ( 'NONE', #2701, .T. ) ;
#1000 = AXIS2_PLACEMENT_3D ( 'NONE', #164, #3519, #2398 ) ;
#1001 = EDGE_CURVE ( 'NONE', #472, #3793, #6635, .T. ) ;
#1002 = FILL_AREA_STYLE ('',( #3728 ) ) ;
#1003 = PRESENTATION_STYLE_ASSIGNMENT (( #1069 ) ) ;
#1004 = VECTOR ( 'NONE', #3059, 1000.000000000000000 ) ;
#1005 = ORIENTED_EDGE ( 'NONE', *, *, #1929, .T. ) ;
#1006 = FILL_AREA_STYLE ('',( #2636 ) ) ;
#1007 = FACE_OUTER_BOUND ( 'NONE', #6518, .T. ) ;
#1008 = PRODUCT_DEFINITION_FORMATION_WITH_SPECIFIED_SOURCE ( 'ANY', '', #1228, .NOT_KNOWN. ) ;
#1009 = MANIFOLD_SOLID_BREP ( 'Mirror2', #1024 ) ;
#1010 =( GEOMETRIC_REPRESENTATION_CONTEXT ( 3 ) GLOBAL_UNCERTAINTY_ASSIGNED_CONTEXT ( ( #655 ) ) GLOBAL_UNIT_ASSIGNED_CONTEXT ( ( #2895, #5253, #190 ) ) REPRESENTATION_CONTEXT ( 'NONE', 'WORKASPACE' ) );
#1011 =( NAMED_UNIT ( * ) SI_UNIT ( $, .STERADIAN. ) SOLID_ANGLE_UNIT ( ) );
#1012 =( BOUNDED_CURVE ( )  B_SPLINE_CURVE ( 3, ( #5815, #5299, #770, #6954 ),
 .UNSPECIFIED., .F., .T. ) 
 B_SPLINE_CURVE_WITH_KNOTS ( ( 4, 4 ),
 ( 6.277722098658041538, 6.283185307179586232 ),
 .UNSPECIFIED. ) 
 CURVE ( )  GEOMETRIC_REPRESENTATION_ITEM ( )  RATIONAL_B_SPLINE_CURVE ( ( 1.000000000000000000, 0.9999975127809339615, 0.9999975127809339615, 1.000000000000000000 ) ) 
 REPRESENTATION_ITEM ( '' )  );
#1013 = EDGE_CURVE ( 'NONE', #2668, #3702, #4614, .T. ) ;
#1014 = CARTESIAN_POINT ( 'NONE',  ( -1.097500000000000142, 2.199999999999999289, 0.07249999999999999500 ) ) ;
#1015 = VERTEX_POINT ( 'NONE', #639 ) ;
#1016 = VECTOR ( 'NONE', #4478, 1000.000000000000000 ) ;
#1017 = EDGE_CURVE ( 'NONE', #5005, #2153, #2826, .T. ) ;
#1018 = DIRECTION ( 'NONE',  ( 0.000000000000000000, 0.000000000000000000, -1.000000000000000000 ) ) ;
#1019 = EDGE_CURVE ( 'NONE', #5097, #1108, #3954, .T. ) ;
#1020 = SURFACE_STYLE_USAGE ( .BOTH. , #3255 ) ;
#1021 =( BOUNDED_CURVE ( )  B_SPLINE_CURVE ( 3, ( #601, #1633, #3883, #6159 ),
 .UNSPECIFIED., .F., .T. ) 
 B_SPLINE_CURVE_WITH_KNOTS ( ( 4, 4 ),
 ( 3.141592653589793116, 3.147055862111332036 ),
 .UNSPECIFIED. ) 
 CURVE ( )  GEOMETRIC_REPRESENTATION_ITEM ( )  RATIONAL_B_SPLINE_CURVE ( ( 1.000000000000000000, 0.9999975127809339615, 0.9999975127809339615, 1.000000000000000000 ) ) 
 REPRESENTATION_ITEM ( '' )  );
#1022 = VERTEX_POINT ( 'NONE', #4398 ) ;
#1023 = CARTESIAN_POINT ( 'NONE',  ( -0.4475000000000001754, 3.199999999999999289, -0.6499999999999998002 ) ) ;
#1024 = CLOSED_SHELL ( 'NONE', ( #537, #4559, #5920, #5468, #3577, #5423, #6688, #6773, #171, #1349, #54, #1519, #5597, #4046 ) ) ;
#1025 =( LENGTH_UNIT ( ) NAMED_UNIT ( * ) SI_UNIT ( .MILLI., .METRE. ) );
#1026 = CARTESIAN_POINT ( 'NONE',  ( 1.456871566490921532, -2.199999999999999289, -0.4828396347450740755 ) ) ;
#1027 = VERTEX_POINT ( 'NONE', #5063 ) ;
#1028 =( NAMED_UNIT ( * ) SI_UNIT ( $, .STERADIAN. ) SOLID_ANGLE_UNIT ( ) );
#1029 = AXIS2_PLACEMENT_3D ( 'NONE', #2890, #5172, #6252 ) ;
#1030 = PRESENTATION_STYLE_ASSIGNMENT (( #6106 ) ) ;
#1031 =( NAMED_UNIT ( * ) SI_UNIT ( $, .STERADIAN. ) SOLID_ANGLE_UNIT ( ) );
#1032 = DIRECTION ( 'NONE',  ( 0.000000000000000000, 0.000000000000000000, -1.000000000000000000 ) ) ;
#1033 = EDGE_LOOP ( 'NONE', ( #2611, #7291, #4213, #4167 ) ) ;
#1034 = EDGE_LOOP ( 'NONE', ( #3309, #6356, #6371, #1195 ) ) ;
#1035 = FILL_AREA_STYLE ('',( #6039 ) ) ;
#1036 = DIRECTION ( 'NONE',  ( 0.000000000000000000, -0.4773021410712618984, 0.8787392480871610845 ) ) ;
#1037 = DIRECTION ( 'NONE',  ( 1.000000000000000000, 0.000000000000000000, 0.000000000000000000 ) ) ;
#1038 = ADVANCED_FACE ( 'NONE', ( #5590 ), #2870, .T. ) ;
#1039 = ORIENTED_EDGE ( 'NONE', *, *, #6641, .T. ) ;
#1040 = PRESENTATION_STYLE_ASSIGNMENT (( #3800 ) ) ;
#1041 = SURFACE_STYLE_FILL_AREA ( #6179 ) ;
#1042 = ADVANCED_FACE ( 'NONE', ( #3910 ), #5552, .T. ) ;
#1043 = EDGE_CURVE ( 'NONE', #147, #7127, #3911, .T. ) ;
#1044 = MANIFOLD_SOLID_BREP ( 'LPattern1[5]', #5266 ) ;
#1045 = DIRECTION ( 'NONE',  ( 0.000000000000000000, 0.9975640502598243087, 0.06975647374412519142 ) ) ;
#1046 = DIRECTION ( 'NONE',  ( 1.000000000000000000, 0.000000000000000000, 0.000000000000000000 ) ) ;
#1047 = FILL_AREA_STYLE_COLOUR ( '', #1350 ) ;
#1048 = DIRECTION ( 'NONE',  ( 1.000000000000000000, 0.000000000000000000, 0.000000000000000000 ) ) ;
#1049 = CIRCLE ( 'NONE', #4683, 0.1000000000000001582 ) ;
#1050 = ORIENTED_EDGE ( 'NONE', *, *, #5522, .T. ) ;
#1051 = SURFACE_SIDE_STYLE ('',( #7248 ) ) ;
#1052 = CIRCLE ( 'NONE', #3635, 0.2000000000000000389 ) ;
#1053 = CARTESIAN_POINT ( 'NONE',  ( 0.2024999999999997635, 3.199999999999999289, -0.6499999999999998002 ) ) ;
#1054 = ORIENTED_EDGE ( 'NONE', *, *, #3714, .T. ) ;
#1055 = DIRECTION ( 'NONE',  ( -1.000000000000000000, -0.000000000000000000, -0.000000000000000000 ) ) ;
#1056 = STYLED_ITEM ( 'NONE', ( #1940 ), #4237 ) ;
#1057 = CARTESIAN_POINT ( 'NONE',  ( -0.4475000000000001754, 2.326767216444461273, 0.07249999999999999500 ) ) ;
#1058 = CARTESIAN_POINT ( 'NONE',  ( 0.8524999999999997025, -2.599999999999999645, -0.5153054482615858634 ) ) ;
#1059 = ORIENTED_EDGE ( 'NONE', *, *, #399, .F. ) ;
#1060 = DIRECTION ( 'NONE',  ( 0.000000000000000000, -0.000000000000000000, -1.000000000000000000 ) ) ;
#1061 = FILL_AREA_STYLE ('',( #6602 ) ) ;
#1062 = CIRCLE ( 'NONE', #1750, 0.2000000000000002054 ) ;
#1063 = SURFACE_STYLE_USAGE ( .BOTH. , #505 ) ;
#1064 = SURFACE_SIDE_STYLE ('',( #7223 ) ) ;
#1065 =( GEOMETRIC_REPRESENTATION_CONTEXT ( 3 ) GLOBAL_UNCERTAINTY_ASSIGNED_CONTEXT ( ( #3835 ) ) GLOBAL_UNIT_ASSIGNED_CONTEXT ( ( #2501, #3655, #4268 ) ) REPRESENTATION_CONTEXT ( 'NONE', 'WORKASPACE' ) );
#1066 = ORIENTED_EDGE ( 'NONE', *, *, #3898, .T. ) ;
#1067 = ORIENTED_EDGE ( 'NONE', *, *, #527, .F. ) ;
#1068 =( GEOMETRIC_REPRESENTATION_CONTEXT ( 3 ) GLOBAL_UNCERTAINTY_ASSIGNED_CONTEXT ( ( #3159 ) ) GLOBAL_UNIT_ASSIGNED_CONTEXT ( ( #5033, #5661, #2794 ) ) REPRESENTATION_CONTEXT ( 'NONE', 'WORKASPACE' ) );
#1069 = SURFACE_STYLE_USAGE ( .BOTH. , #7132 ) ;
#1070 = EDGE_LOOP ( 'NONE', ( #6750, #4059, #5271, #6631 ) ) ;
#1071 =( LENGTH_UNIT ( ) NAMED_UNIT ( * ) SI_UNIT ( .MILLI., .METRE. ) );
#1072 = CARTESIAN_POINT ( 'NONE',  ( 0.2024999999999997635, -2.199999999999999289, 0.07249999999999999500 ) ) ;
#1073 = EDGE_CURVE ( 'NONE', #959, #4437, #3446, .T. ) ;
#1074 = ADVANCED_BREP_SHAPE_REPRESENTATION ( 'M24M02E-FDW6TP', ( #6000, #5910, #3509, #1009, #5838, #137, #5894, #1044, #2537, #4996, #2165 ), #3931 ) ;
#1075 = SURFACE_STYLE_USAGE ( .BOTH. , #2137 ) ;
#1076 = DIRECTION ( 'NONE',  ( 0.000000000000000000, 0.000000000000000000, 1.000000000000000000 ) ) ;
#1077 = FACE_OUTER_BOUND ( 'NONE', #1928, .T. ) ;
#1078 = ORIENTED_EDGE ( 'NONE', *, *, #2323, .F. ) ;
#1079 = FACE_OUTER_BOUND ( 'NONE', #3048, .T. ) ;
#1080 = ADVANCED_FACE ( 'NONE', ( #5769 ), #3481, .T. ) ;
#1081 = CARTESIAN_POINT ( 'NONE',  ( -0.8525000000000001465, -2.299999999999999378, -0.1724999999999999867 ) ) ;
#1082 = DIRECTION ( 'NONE',  ( 0.000000000000000000, 0.000000000000000000, -1.000000000000000000 ) ) ;
#1083 = STYLED_ITEM ( 'NONE', ( #811 ), #3480 ) ;
#1084 = ORIENTED_EDGE ( 'NONE', *, *, #6895, .T. ) ;
#1085 = MECHANICAL_DESIGN_GEOMETRIC_PRESENTATION_REPRESENTATION (  '', ( #6064 ), #2144 ) ;
#1086 = PRESENTATION_LAYER_ASSIGNMENT (  '', '', ( #7105 ) ) ;
#1087 = FILL_AREA_STYLE ('',( #3960 ) ) ;
#1088 = CARTESIAN_POINT ( 'NONE',  ( -0.4475000000000001754, 3.199999999999999289, -0.5046459247782298929 ) ) ;
#1089 = VERTEX_POINT ( 'NONE', #195 ) ;
#1090 =( GEOMETRIC_REPRESENTATION_CONTEXT ( 3 ) GLOBAL_UNCERTAINTY_ASSIGNED_CONTEXT ( ( #5305 ) ) GLOBAL_UNIT_ASSIGNED_CONTEXT ( ( #1430, #1472, #5964 ) ) REPRESENTATION_CONTEXT ( 'NONE', 'WORKASPACE' ) );
#1091 = DIRECTION ( 'NONE',  ( 1.000000000000000000, 0.000000000000000000, 0.000000000000000000 ) ) ;
#1092 = CARTESIAN_POINT ( 'NONE',  ( 1.382282424338301174, 2.149812727660638689, 0.5500000000000000444 ) ) ;
#1093 = STYLED_ITEM ( 'NONE', ( #5275 ), #869 ) ;
#1094 = CARTESIAN_POINT ( 'NONE',  ( -0.2025000000000002076, -2.715635909006247850, -0.4244066557889664137 ) ) ;
#1095 = AXIS2_PLACEMENT_3D ( 'NONE', #5985, #1377, #3671 ) ;
#1096 = ADVANCED_FACE ( 'NONE', ( #4647 ), #88, .F. ) ;
#1097 = FILL_AREA_STYLE_COLOUR ( '', #4272 ) ;
#1098 = PRESENTATION_LAYER_ASSIGNMENT (  '', '', ( #5811 ) ) ;
#1099 = AXIS2_PLACEMENT_3D ( 'NONE', #1304, #4692, #4066 ) ;
#1100 = FILL_AREA_STYLE ('',( #6167 ) ) ;
#1101 = UNCERTAINTY_MEASURE_WITH_UNIT (LENGTH_MEASURE( 1.000000000000000082E-05 ), #5563, 'distance_accuracy_value', 'NONE');
#1102 = ORIENTED_EDGE ( 'NONE', *, *, #6596, .F. ) ;
#1103 = EDGE_LOOP ( 'NONE', ( #4936, #5637, #773, #5947, #1059, #6492, #3375, #5798 ) ) ;
#1104 = MECHANICAL_DESIGN_GEOMETRIC_PRESENTATION_REPRESENTATION (  '', ( #2269 ), #2646 ) ;
#1105 = CARTESIAN_POINT ( 'NONE',  ( -0.2025000000000002076, 2.803509833814964214, -0.3766764416818402239 ) ) ;
#1106 = LINE ( 'NONE', #1688, #31 ) ;
#1107 = SURFACE_STYLE_USAGE ( .BOTH. , #1648 ) ;
#1108 = VERTEX_POINT ( 'NONE', #4767 ) ;
#1109 =( NAMED_UNIT ( * ) SI_UNIT ( $, .STERADIAN. ) SOLID_ANGLE_UNIT ( ) );
#1110 = COLOUR_RGB ( '',0.8039215686274510109, 0.8039215686274510109, 0.8039215686274510109 ) ;
#1111 = PRESENTATION_LAYER_ASSIGNMENT (  '', '', ( #3350 ) ) ;
#1112 = CARTESIAN_POINT ( 'NONE',  ( 1.097499999999999698, -3.199999999999999289, -0.5046459247782298929 ) ) ;
#1113 = VECTOR ( 'NONE', #1227, 1000.000000000000000 ) ;
#1114 = SURFACE_STYLE_USAGE ( .BOTH. , #6051 ) ;
#1115 = SURFACE_STYLE_FILL_AREA ( #4537 ) ;
#1116 = ORIENTED_EDGE ( 'NONE', *, *, #4649, .F. ) ;
#1117 = UNCERTAINTY_MEASURE_WITH_UNIT (LENGTH_MEASURE( 1.000000000000000082E-05 ), #4636, 'distance_accuracy_value', 'NONE');
#1118 = VECTOR ( 'NONE', #1222, 1000.000000000000000 ) ;
#1119 = PLANE ( 'NONE',  #4284 ) ;
#1120 = ORIENTED_EDGE ( 'NONE', *, *, #4854, .T. ) ;
#1121 = FILL_AREA_STYLE_COLOUR ( '', #383 ) ;
#1122 = STYLED_ITEM ( 'NONE', ( #4968 ), #6000 ) ;
#1123 = ORIENTED_EDGE ( 'NONE', *, *, #3332, .T. ) ;
#1124 = ADVANCED_FACE ( 'NONE', ( #7095 ), #3808, .T. ) ;
#1125 = LINE ( 'NONE', #1632, #7000 ) ;
#1126 = MECHANICAL_DESIGN_GEOMETRIC_PRESENTATION_REPRESENTATION (  '', ( #1725 ), #5267 ) ;
#1127 = ADVANCED_FACE ( 'NONE', ( #6481 ), #2099, .T. ) ;
#1128 = CARTESIAN_POINT ( 'NONE',  ( -1.097500000000000142, 2.199999999999999289, -0.07249999999999999500 ) ) ;
#1129 = ORIENTED_EDGE ( 'NONE', *, *, #914, .F. ) ;
#1130 = DIRECTION ( 'NONE',  ( 0.000000000000000000, -0.9975640502598243087, 0.06975647374412519142 ) ) ;
#1131 = SURFACE_STYLE_FILL_AREA ( #1674 ) ;
#1132 = DIRECTION ( 'NONE',  ( 0.000000000000000000, 0.000000000000000000, -1.000000000000000000 ) ) ;
#1133 = SURFACE_STYLE_USAGE ( .BOTH. , #5530 ) ;
#1134 = CARTESIAN_POINT ( 'NONE',  ( -1.500000000000000444, 2.199999999999999289, 0.07249999999999999500 ) ) ;
#1135 = DIRECTION ( 'NONE',  ( 1.000000000000000000, 0.000000000000000000, 0.000000000000000000 ) ) ;
#1136 = VECTOR ( 'NONE', #1250, 1000.000000000000000 ) ;
#1137 = VERTEX_POINT ( 'NONE', #5971 ) ;
#1138 = FILL_AREA_STYLE_COLOUR ( '', #544 ) ;
#1139 =( NAMED_UNIT ( * ) SI_UNIT ( $, .STERADIAN. ) SOLID_ANGLE_UNIT ( ) );
#1140 = SURFACE_STYLE_FILL_AREA ( #581 ) ;
#1141 = EDGE_CURVE ( 'NONE', #6378, #5664, #2066, .T. ) ;
#1142 = FILL_AREA_STYLE_COLOUR ( '', #1924 ) ;
#1143 = VERTEX_POINT ( 'NONE', #3134 ) ;
#1144 = PRESENTATION_STYLE_ASSIGNMENT (( #1792 ) ) ;
#1145 = SURFACE_STYLE_FILL_AREA ( #5643 ) ;
#1146 = CARTESIAN_POINT ( 'NONE',  ( -0.4475000000000001754, 2.599999999999999645, -0.5153054482615858634 ) ) ;
#1147 = LINE ( 'NONE', #3279, #3903 ) ;
#1148 = FACE_OUTER_BOUND ( 'NONE', #2555, .T. ) ;
#1149 = LINE ( 'NONE', #6359, #1511 ) ;
#1150 = CARTESIAN_POINT ( 'NONE',  ( -1.500000000000000666, 2.125136580382890994, -0.07249999999999988398 ) ) ;
#1151 = VERTEX_POINT ( 'NONE', #6587 ) ;
#1152 = SURFACE_SIDE_STYLE ('',( #1625 ) ) ;
#1153 = PRESENTATION_STYLE_ASSIGNMENT (( #528 ) ) ;
#1154 = SURFACE_SIDE_STYLE ('',( #2679 ) ) ;
#1155 = VERTEX_POINT ( 'NONE', #5407 ) ;
#1156 = COLOUR_RGB ( '',0.2862745098039215508, 0.2862745098039215508, 0.2862745098039215508 ) ;
#1157 = CARTESIAN_POINT ( 'NONE',  ( 1.499999999999999556, 2.124999999999999556, -0.07249999999999999500 ) ) ;
#1158 = SURFACE_SIDE_STYLE ('',( #4064 ) ) ;
#1159 = EDGE_LOOP ( 'NONE', ( #1129, #6349, #369, #5886, #4047, #5043, #1993, #1102, #6228, #4630, #6963, #7032 ) ) ;
#1160 = DIRECTION ( 'NONE',  ( -0.000000000000000000, 1.000000000000000000, -0.000000000000000000 ) ) ;
#1161 = EDGE_CURVE ( 'NONE', #4958, #6560, #400, .T. ) ;
#1162 = FILL_AREA_STYLE ('',( #3993 ) ) ;
#1163 =( GEOMETRIC_REPRESENTATION_CONTEXT ( 3 ) GLOBAL_UNCERTAINTY_ASSIGNED_CONTEXT ( ( #3891 ) ) GLOBAL_UNIT_ASSIGNED_CONTEXT ( ( #3704, #2576, #1957 ) ) REPRESENTATION_CONTEXT ( 'NONE', 'WORKASPACE' ) );
#1164 = UNCERTAINTY_MEASURE_WITH_UNIT (LENGTH_MEASURE( 1.000000000000000082E-05 ), #4771, 'distance_accuracy_value', 'NONE');
#1165 = VERTEX_POINT ( 'NONE', #6048 ) ;
#1166 = ORIENTED_EDGE ( 'NONE', *, *, #1073, .T. ) ;
#1167 = LINE ( 'NONE', #3934, #4612 ) ;
#1168 = AXIS2_PLACEMENT_3D ( 'NONE', #6823, #6322, #6889 ) ;
#1169 = LINE ( 'NONE', #5049, #518 ) ;
#1170 = EDGE_CURVE ( 'NONE', #201, #4199, #4402, .T. ) ;
#1171 = ORIENTED_EDGE ( 'NONE', *, *, #3756, .T. ) ;
#1172 = DIRECTION ( 'NONE',  ( -1.000000000000000000, -0.000000000000000000, -0.000000000000000000 ) ) ;
#1173 = ORIENTED_EDGE ( 'NONE', *, *, #3740, .T. ) ;
#1174 = CARTESIAN_POINT ( 'NONE',  ( -0.8525000000000001465, -2.326767216444461273, 0.07249999999999999500 ) ) ;
#1175 = ADVANCED_FACE ( 'NONE', ( #4276 ), #1478, .F. ) ;
#1176 = DIRECTION ( 'NONE',  ( 0.000000000000000000, -0.4773021410712618984, 0.8787392480871610845 ) ) ;
#1177 = MECHANICAL_DESIGN_GEOMETRIC_PRESENTATION_REPRESENTATION (  '', ( #242 ), #1068 ) ;
#1178 = SURFACE_STYLE_USAGE ( .BOTH. , #488 ) ;
#1179 = PLANE ( 'NONE',  #2169 ) ;
#1180 = SURFACE_SIDE_STYLE ('',( #6184 ) ) ;
#1181 = AXIS2_PLACEMENT_3D ( 'NONE', #3064, #5334, #278 ) ;
#1182 = SURFACE_STYLE_USAGE ( .BOTH. , #2896 ) ;
#1183 = CARTESIAN_POINT ( 'NONE',  ( -1.097500000000000142, -2.299999999999999378, -0.1724999999999999867 ) ) ;
#1184 = ORIENTED_EDGE ( 'NONE', *, *, #5276, .T. ) ;
#1185 = EDGE_CURVE ( 'NONE', #188, #2698, #45, .T. ) ;
#1186 = CARTESIAN_POINT ( 'NONE',  ( -0.2025000000000002076, 3.199999999999999289, -0.5046459247782298929 ) ) ;
#1187 = DIRECTION ( 'NONE',  ( 0.000000000000000000, 0.000000000000000000, -1.000000000000000000 ) ) ;
#1188 = MECHANICAL_DESIGN_GEOMETRIC_PRESENTATION_REPRESENTATION (  '', ( #1418 ), #4349 ) ;
#1189 = DIRECTION ( 'NONE',  ( 1.000000000000000000, 0.000000000000000000, 0.000000000000000000 ) ) ;
#1190 = CARTESIAN_POINT ( 'NONE',  ( -0.2025000000000002076, -2.199999999999999289, -0.07249999999999999500 ) ) ;
#1191 = VERTEX_POINT ( 'NONE', #6180 ) ;
#1192 = CIRCLE ( 'NONE', #6387, 0.1000000000000001582 ) ;
#1193 = DIRECTION ( 'NONE',  ( 0.000000000000000000, 0.9975640502598243087, 0.06975647374412519142 ) ) ;
#1194 = DIRECTION ( 'NONE',  ( 1.000000000000000000, 0.000000000000000000, 0.000000000000000000 ) ) ;
#1195 = ORIENTED_EDGE ( 'NONE', *, *, #5551, .T. ) ;
#1196 = DIRECTION ( 'NONE',  ( 0.000000000000000000, 0.000000000000000000, -1.000000000000000000 ) ) ;
#1197 =( BOUNDED_CURVE ( )  B_SPLINE_CURVE ( 3, ( #4318, #3072, #6598, #323 ),
 .UNSPECIFIED., .F., .T. ) 
 B_SPLINE_CURVE_WITH_KNOTS ( ( 4, 4 ),
 ( 5.503250352303694193, 7.063120262055498699 ),
 .UNSPECIFIED. ) 
 CURVE ( )  GEOMETRIC_REPRESENTATION_ITEM ( )  RATIONAL_B_SPLINE_CURVE ( ( 1.000000000000000000, 0.8073061876036344842, 0.8073061876036344842, 1.000000000000000000 ) ) 
 REPRESENTATION_ITEM ( '' )  );
#1198 = VECTOR ( 'NONE', #1647, 1000.000000000000000 ) ;
#1199 = AXIS2_PLACEMENT_3D ( 'NONE', #6308, #5093, #5143 ) ;
#1200 = DIRECTION ( 'NONE',  ( 1.000000000000000000, 0.000000000000000000, 0.000000000000000000 ) ) ;
#1201 = FACE_OUTER_BOUND ( 'NONE', #471, .T. ) ;
#1202 = CIRCLE ( 'NONE', #5808, 0.2199999999999999178 ) ;
#1203 = MECHANICAL_DESIGN_GEOMETRIC_PRESENTATION_REPRESENTATION (  '', ( #3559 ), #4976 ) ;
#1204 = ORIENTED_EDGE ( 'NONE', *, *, #1302, .F. ) ;
#1205 = ORIENTED_EDGE ( 'NONE', *, *, #2078, .F. ) ;
#1206 = PRESENTATION_LAYER_ASSIGNMENT (  '', '', ( #4139 ) ) ;
#1207 = SPHERICAL_SURFACE ( 'NONE', #2014, 0.07499999999999999722 ) ;
#1208 = CARTESIAN_POINT ( 'NONE',  ( 1.097499999999999698, -2.199999999999999289, 0.07249999999999999500 ) ) ;
#1209 = ORIENTED_EDGE ( 'NONE', *, *, #6724, .T. ) ;
#1210 = DIRECTION ( 'NONE',  ( 0.000000000000000000, 0.000000000000000000, -1.000000000000000000 ) ) ;
#1211 = CARTESIAN_POINT ( 'NONE',  ( 1.097499999999999698, 2.803509833814964214, -0.3766764416818402239 ) ) ;
#1212 = EDGE_CURVE ( 'NONE', #3551, #1500, #4457, .T. ) ;
#1213 = PRESENTATION_LAYER_ASSIGNMENT (  '', '', ( #4499 ) ) ;
#1214 = MECHANICAL_DESIGN_GEOMETRIC_PRESENTATION_REPRESENTATION (  '', ( #7110 ), #3811 ) ;
#1215 = SURFACE_STYLE_FILL_AREA ( #4754 ) ;
#1216 = PRESENTATION_LAYER_ASSIGNMENT (  '', '', ( #153 ) ) ;
#1217 = EDGE_CURVE ( 'NONE', #2755, #7115, #1588, .T. ) ;
#1218 = PRESENTATION_STYLE_ASSIGNMENT (( #1020 ) ) ;
#1219 = EDGE_CURVE ( 'NONE', #4373, #3455, #5541, .T. ) ;
#1220 =( NAMED_UNIT ( * ) SI_UNIT ( $, .STERADIAN. ) SOLID_ANGLE_UNIT ( ) );
#1221 = AXIS2_PLACEMENT_3D ( 'NONE', #6651, #963, #5474 ) ;
#1222 = DIRECTION ( 'NONE',  ( 1.000000000000000000, 0.000000000000000000, 0.000000000000000000 ) ) ;
#1223 = VECTOR ( 'NONE', #6160, 1000.000000000000227 ) ;
#1224 = DIRECTION ( 'NONE',  ( -5.782411586589358033E-15, 0.000000000000000000, 1.000000000000000000 ) ) ;
#1225 = SURFACE_SIDE_STYLE ('',( #558 ) ) ;
#1226 =( GEOMETRIC_REPRESENTATION_CONTEXT ( 3 ) GLOBAL_UNCERTAINTY_ASSIGNED_CONTEXT ( ( #4103 ) ) GLOBAL_UNIT_ASSIGNED_CONTEXT ( ( #2309, #5673, #4562 ) ) REPRESENTATION_CONTEXT ( 'NONE', 'WORKASPACE' ) );
#1227 = DIRECTION ( 'NONE',  ( 1.000000000000000000, 0.000000000000000000, 0.000000000000000000 ) ) ;
#1228 = PRODUCT ( 'M24M02E-FDW6TP', 'M24M02E-FDW6TP', '', ( #7076 ) ) ;
#1229 = SURFACE_SIDE_STYLE ('',( #2940 ) ) ;
#1230 = ADVANCED_FACE ( 'NONE', ( #1148 ), #4980, .F. ) ;
#1231 = ORIENTED_EDGE ( 'NONE', *, *, #6626, .F. ) ;
#1232 =( NAMED_UNIT ( * ) PLANE_ANGLE_UNIT ( ) SI_UNIT ( $, .RADIAN. ) );
#1233 = ADVANCED_FACE ( 'NONE', ( #2782 ), #5056, .T. ) ;
#1234 = LINE ( 'NONE', #4688, #767 ) ;
#1235 =( LENGTH_UNIT ( ) NAMED_UNIT ( * ) SI_UNIT ( .MILLI., .METRE. ) );
#1236 = COLOUR_RGB ( '',0.8039215686274510109, 0.8039215686274510109, 0.8039215686274510109 ) ;
#1237 = ORIENTED_EDGE ( 'NONE', *, *, #2788, .T. ) ;
#1238 = CARTESIAN_POINT ( 'NONE',  ( -1.499998880753508734, 2.125409738600887444, 0.07251064891903695464 ) ) ;
#1239 = PLANE ( 'NONE',  #5180 ) ;
#1240 = COLOUR_RGB ( '',0.8039215686274510109, 0.8039215686274510109, 0.8039215686274510109 ) ;
#1241 = LINE ( 'NONE', #5860, #5133 ) ;
#1242 = UNCERTAINTY_MEASURE_WITH_UNIT (LENGTH_MEASURE( 1.000000000000000082E-05 ), #5382, 'distance_accuracy_value', 'NONE');
#1243 = ORIENTED_EDGE ( 'NONE', *, *, #6469, .T. ) ;
#1244 =( NAMED_UNIT ( * ) PLANE_ANGLE_UNIT ( ) SI_UNIT ( $, .RADIAN. ) );
#1245 = DIRECTION ( 'NONE',  ( 0.000000000000000000, 0.000000000000000000, 1.000000000000000000 ) ) ;
#1246 = PRESENTATION_STYLE_ASSIGNMENT (( #6820 ) ) ;
#1247 =( BOUNDED_CURVE ( )  B_SPLINE_CURVE ( 3, ( #3641, #5866, #730, #177 ),
 .UNSPECIFIED., .F., .T. ) 
 B_SPLINE_CURVE_WITH_KNOTS ( ( 4, 4 ),
 ( 3.136129445068248423, 3.141592653589793116 ),
 .UNSPECIFIED. ) 
 CURVE ( )  GEOMETRIC_REPRESENTATION_ITEM ( )  RATIONAL_B_SPLINE_CURVE ( ( 1.000000000000000000, 0.9999975127809339615, 0.9999975127809339615, 1.000000000000000000 ) ) 
 REPRESENTATION_ITEM ( '' )  );
#1248 = LINE ( 'NONE', #5794, #2917 ) ;
#1249 = ORIENTED_EDGE ( 'NONE', *, *, #4821, .F. ) ;
#1250 = DIRECTION ( 'NONE',  ( -0.000000000000000000, -0.000000000000000000, 1.000000000000000000 ) ) ;
#1251 = CARTESIAN_POINT ( 'NONE',  ( 0.4474999999999997868, 2.299999999999999378, -0.07249999999999999500 ) ) ;
#1252 = SURFACE_STYLE_USAGE ( .BOTH. , #2347 ) ;
#1253 = DIRECTION ( 'NONE',  ( 1.000000000000000000, 0.000000000000000000, 0.000000000000000000 ) ) ;
#1254 = ORIENTED_EDGE ( 'NONE', *, *, #6023, .F. ) ;
#1255 = SPHERICAL_SURFACE ( 'NONE', #2632, 0.07499999999999999722 ) ;
#1256 = CARTESIAN_POINT ( 'NONE',  ( -1.382282424338302285, 2.082282424338301130, -0.4749999999999999778 ) ) ;
#1257 = EDGE_CURVE ( 'NONE', #4264, #3010, #628, .T. ) ;
#1258 = LINE ( 'NONE', #4054, #5665 ) ;
#1259 = LINE ( 'NONE', #7259, #742 ) ;
#1260 = ORIENTED_EDGE ( 'NONE', *, *, #3065, .T. ) ;
#1261 = FILL_AREA_STYLE_COLOUR ( '', #1569 ) ;
#1262 = CARTESIAN_POINT ( 'NONE',  ( 1.097499999999999698, -3.199999999999999289, -0.6499999999999998002 ) ) ;
#1263 = PLANE ( 'NONE',  #2231 ) ;
#1264 = DIRECTION ( 'NONE',  ( -0.000000000000000000, 1.000000000000000000, -0.000000000000000000 ) ) ;
#1265 = VERTEX_POINT ( 'NONE', #6971 ) ;
#1266 = CARTESIAN_POINT ( 'NONE',  ( -1.425409738600888598, 2.199998880753507802, 0.07251064891903279130 ) ) ;
#1267 =( LENGTH_UNIT ( ) NAMED_UNIT ( * ) SI_UNIT ( .MILLI., .METRE. ) );
#1268 = MECHANICAL_DESIGN_GEOMETRIC_PRESENTATION_REPRESENTATION (  '', ( #6707 ), #1506 ) ;
#1269 = FILL_AREA_STYLE_COLOUR ( '', #279 ) ;
#1270 =( GEOMETRIC_REPRESENTATION_CONTEXT ( 3 ) GLOBAL_UNCERTAINTY_ASSIGNED_CONTEXT ( ( #958 ) ) GLOBAL_UNIT_ASSIGNED_CONTEXT ( ( #1267, #4335, #1473 ) ) REPRESENTATION_CONTEXT ( 'NONE', 'WORKASPACE' ) );
#1271 = ORIENTED_EDGE ( 'NONE', *, *, #1437, .F. ) ;
#1272 = DIRECTION ( 'NONE',  ( 0.000000000000000000, 0.000000000000000000, -1.000000000000000000 ) ) ;
#1273 = LINE ( 'NONE', #1312, #607 ) ;
#1274 = CARTESIAN_POINT ( 'NONE',  ( 1.097499999999999698, 2.299999999999999378, -0.07249999999999999500 ) ) ;
#1275 = SURFACE_STYLE_FILL_AREA ( #3421 ) ;
#1276 = ORIENTED_EDGE ( 'NONE', *, *, #1704, .F. ) ;
#1277 = PRESENTATION_STYLE_ASSIGNMENT (( #4040 ) ) ;
#1278 = LINE ( 'NONE', #3537, #197 ) ;
#1279 = CARTESIAN_POINT ( 'NONE',  ( -1.382282424338301841, 2.156871566490921488, 0.4828396347450740755 ) ) ;
#1280 =( LENGTH_UNIT ( ) NAMED_UNIT ( * ) SI_UNIT ( .MILLI., .METRE. ) );
#1281 = ORIENTED_EDGE ( 'NONE', *, *, #6067, .F. ) ;
#1282 = ORIENTED_EDGE ( 'NONE', *, *, #6654, .F. ) ;
#1283 = CARTESIAN_POINT ( 'NONE',  ( 0.8524999999999997025, -2.803509833814964214, -0.3766764416818402239 ) ) ;
#1284 = ADVANCED_FACE ( 'NONE', ( #2859 ), #5839, .T. ) ;
#1285 =( NAMED_UNIT ( * ) SI_UNIT ( $, .STERADIAN. ) SOLID_ANGLE_UNIT ( ) );
#1286 = CARTESIAN_POINT ( 'NONE',  ( 0.2024999999999997635, -2.796534186440551739, -0.4764328467078228213 ) ) ;
#1287 = STYLED_ITEM ( 'NONE', ( #1144 ), #4090 ) ;
#1288 =( LENGTH_UNIT ( ) NAMED_UNIT ( * ) SI_UNIT ( .MILLI., .METRE. ) );
#1289 = COLOUR_RGB ( '',0.8039215686274510109, 0.8039215686274510109, 0.8039215686274510109 ) ;
#1290 =( NAMED_UNIT ( * ) SI_UNIT ( $, .STERADIAN. ) SOLID_ANGLE_UNIT ( ) );
#1291 = COLOUR_RGB ( '',0.8039215686274510109, 0.8039215686274510109, 0.8039215686274510109 ) ;
#1292 = CARTESIAN_POINT ( 'NONE',  ( 1.499999999999999556, 2.156871566490921488, -0.4828396347450739645 ) ) ;
#1293 =( GEOMETRIC_REPRESENTATION_CONTEXT ( 3 ) GLOBAL_UNCERTAINTY_ASSIGNED_CONTEXT ( ( #302 ) ) GLOBAL_UNIT_ASSIGNED_CONTEXT ( ( #6913, #5776, #3555 ) ) REPRESENTATION_CONTEXT ( 'NONE', 'WORKASPACE' ) );
#1294 = DIRECTION ( 'NONE',  ( 0.000000000000000000, 1.000000000000000000, 0.000000000000000000 ) ) ;
#1295 = VERTEX_POINT ( 'NONE', #1798 ) ;
#1296 =( NAMED_UNIT ( * ) SI_UNIT ( $, .STERADIAN. ) SOLID_ANGLE_UNIT ( ) );
#1297 = COLOUR_RGB ( '',0.8039215686274510109, 0.8039215686274510109, 0.8039215686274510109 ) ;
#1298 = CIRCLE ( 'NONE', #1181, 0.07499999999999998335 ) ;
#1299 = EDGE_CURVE ( 'NONE', #2173, #1644, #6328, .T. ) ;
#1300 =( NAMED_UNIT ( * ) SI_UNIT ( $, .STERADIAN. ) SOLID_ANGLE_UNIT ( ) );
#1301 =( NAMED_UNIT ( * ) SI_UNIT ( $, .STERADIAN. ) SOLID_ANGLE_UNIT ( ) );
#1302 = EDGE_CURVE ( 'NONE', #994, #514, #2930, .T. ) ;
#1303 = ORIENTED_EDGE ( 'NONE', *, *, #1401, .T. ) ;
#1304 = CARTESIAN_POINT ( 'NONE',  ( 0.2024999999999997635, 2.199999999999999289, -0.07249999999999999500 ) ) ;
#1305 = AXIS2_PLACEMENT_3D ( 'NONE', #984, #3231, #5496 ) ;
#1306 = PRESENTATION_STYLE_ASSIGNMENT (( #4586 ) ) ;
#1307 = DIRECTION ( 'NONE',  ( 0.000000000000000000, 1.000000000000000000, 0.000000000000000000 ) ) ;
#1308 = UNCERTAINTY_MEASURE_WITH_UNIT (LENGTH_MEASURE( 1.000000000000000082E-05 ), #2369, 'distance_accuracy_value', 'NONE');
#1309 = ORIENTED_EDGE ( 'NONE', *, *, #877, .T. ) ;
#1310 = EDGE_CURVE ( 'NONE', #6443, #843, #146, .T. ) ;
#1311 = LINE ( 'NONE', #7007, #150 ) ;
#1312 = CARTESIAN_POINT ( 'NONE',  ( -1.097500000000000142, -2.502515066061893556, -0.03203957178574777520 ) ) ;
#1313 = CARTESIAN_POINT ( 'NONE',  ( -1.456871566490922199, 2.082282424338301130, 0.4828396347450740755 ) ) ;
#1314 = FACE_OUTER_BOUND ( 'NONE', #3198, .T. ) ;
#1315 = CARTESIAN_POINT ( 'NONE',  ( -1.097500000000000142, 2.199999999999999289, 0.07249999999999999500 ) ) ;
#1316 = UNCERTAINTY_MEASURE_WITH_UNIT (LENGTH_MEASURE( 1.000000000000000082E-05 ), #1280, 'distance_accuracy_value', 'NONE');
#1317 = DIRECTION ( 'NONE',  ( -0.1039620511844979306, 0.1039620511844979306, -0.9891328443778538704 ) ) ;
#1318 = DIRECTION ( 'NONE',  ( -1.000000000000000000, 2.907131363079794345E-15, 0.000000000000000000 ) ) ;
#1319 = SURFACE_STYLE_USAGE ( .BOTH. , #1862 ) ;
#1320 = PRESENTATION_LAYER_ASSIGNMENT (  '', '', ( #2707 ) ) ;
#1321 =( NAMED_UNIT ( * ) SI_UNIT ( $, .STERADIAN. ) SOLID_ANGLE_UNIT ( ) );
#1322 = VECTOR ( 'NONE', #758, 1000.000000000000000 ) ;
#1323 = FILL_AREA_STYLE ('',( #6391 ) ) ;
#1324 = ORIENTED_EDGE ( 'NONE', *, *, #6465, .F. ) ;
#1325 = ORIENTED_EDGE ( 'NONE', *, *, #7035, .T. ) ;
#1326 = SURFACE_SIDE_STYLE ('',( #4201 ) ) ;
#1327 = COLOUR_RGB ( '',0.8039215686274510109, 0.8039215686274510109, 0.8039215686274510109 ) ;
#1328 = COLOUR_RGB ( '',0.2862745098039215508, 0.2862745098039215508, 0.2862745098039215508 ) ;
#1329 =( GEOMETRIC_REPRESENTATION_CONTEXT ( 3 ) GLOBAL_UNCERTAINTY_ASSIGNED_CONTEXT ( ( #3150 ) ) GLOBAL_UNIT_ASSIGNED_CONTEXT ( ( #6211, #542, #4519 ) ) REPRESENTATION_CONTEXT ( 'NONE', 'WORKASPACE' ) );
#1330 = STYLED_ITEM ( 'NONE', ( #7109 ), #2650 ) ;
#1331 =( NAMED_UNIT ( * ) PLANE_ANGLE_UNIT ( ) SI_UNIT ( $, .RADIAN. ) );
#1332 = AXIS2_PLACEMENT_3D ( 'NONE', #2223, #3992, #1060 ) ;
#1333 = MECHANICAL_DESIGN_GEOMETRIC_PRESENTATION_REPRESENTATION (  '', ( #2614 ), #627 ) ;
#1334 = STYLED_ITEM ( 'NONE', ( #4655 ), #5242 ) ;
#1335 = CARTESIAN_POINT ( 'NONE',  ( -0.8525000000000001465, -3.199999999999999289, -0.6499999999999998002 ) ) ;
#1336 = AXIS2_PLACEMENT_3D ( 'NONE', #90, #5852, #6808 ) ;
#1337 =( NAMED_UNIT ( * ) SI_UNIT ( $, .STERADIAN. ) SOLID_ANGLE_UNIT ( ) );
#1338 = ORIENTED_EDGE ( 'NONE', *, *, #3250, .T. ) ;
#1339 = LINE ( 'NONE', #6990, #642 ) ;
#1340 = PRESENTATION_STYLE_ASSIGNMENT (( #281 ) ) ;
#1341 = VECTOR ( 'NONE', #5719, 1000.000000000000000 ) ;
#1342 = AXIS2_PLACEMENT_3D ( 'NONE', #6456, #1814, #5295 ) ;
#1343 = PRESENTATION_LAYER_ASSIGNMENT (  '', '', ( #2623 ) ) ;
#1344 =( NAMED_UNIT ( * ) SI_UNIT ( $, .STERADIAN. ) SOLID_ANGLE_UNIT ( ) );
#1345 = ORIENTED_EDGE ( 'NONE', *, *, #779, .T. ) ;
#1346 = SURFACE_SIDE_STYLE ('',( #207 ) ) ;
#1347 = VECTOR ( 'NONE', #2919, 1000.000000000000000 ) ;
#1348 = EDGE_CURVE ( 'NONE', #3813, #6466, #6899, .T. ) ;
#1349 = ADVANCED_FACE ( 'NONE', ( #6930 ), #1179, .T. ) ;
#1350 = COLOUR_RGB ( '',0.8039215686274510109, 0.8039215686274510109, 0.8039215686274510109 ) ;
#1351 = COLOUR_RGB ( '',0.2862745098039215508, 0.2862745098039215508, 0.2862745098039215508 ) ;
#1352 =( LENGTH_UNIT ( ) NAMED_UNIT ( * ) SI_UNIT ( .MILLI., .METRE. ) );
#1353 = VERTEX_POINT ( 'NONE', #118 ) ;
#1354 =( GEOMETRIC_REPRESENTATION_CONTEXT ( 3 ) GLOBAL_UNCERTAINTY_ASSIGNED_CONTEXT ( ( #4034 ) ) GLOBAL_UNIT_ASSIGNED_CONTEXT ( ( #3582, #5361, #1983 ) ) REPRESENTATION_CONTEXT ( 'NONE', 'WORKASPACE' ) );
#1355 = DIRECTION ( 'NONE',  ( 0.000000000000000000, 1.000000000000000000, 0.000000000000000000 ) ) ;
#1356 = CARTESIAN_POINT ( 'NONE',  ( 0.2024999999999997635, 2.199999999999999289, 0.07249999999999999500 ) ) ;
#1357 = SURFACE_SIDE_STYLE ('',( #5316 ) ) ;
#1358 = DIRECTION ( 'NONE',  ( -2.891205793294679017E-15, -1.000000000000000000, 0.000000000000000000 ) ) ;
#1359 = AXIS2_PLACEMENT_3D ( 'NONE', #4080, #1318, #1358 ) ;
#1360 = FACE_OUTER_BOUND ( 'NONE', #4826, .T. ) ;
#1361 = ORIENTED_EDGE ( 'NONE', *, *, #3148, .T. ) ;
#1362 = ORIENTED_EDGE ( 'NONE', *, *, #126, .F. ) ;
#1363 = FILL_AREA_STYLE_COLOUR ( '', #3715 ) ;
#1364 = DIRECTION ( 'NONE',  ( 1.000000000000000000, 0.000000000000000000, 0.000000000000000000 ) ) ;
#1365 =( NAMED_UNIT ( * ) SI_UNIT ( $, .STERADIAN. ) SOLID_ANGLE_UNIT ( ) );
#1366 = DIRECTION ( 'NONE',  ( 0.000000000000000000, -0.9975640502598243087, 0.06975647374412519142 ) ) ;
#1367 = FILL_AREA_STYLE_COLOUR ( '', #6070 ) ;
#1368 = LINE ( 'NONE', #1292, #1004 ) ;
#1369 = COLOUR_RGB ( '',0.8039215686274510109, 0.8039215686274510109, 0.8039215686274510109 ) ;
#1370 = CARTESIAN_POINT ( 'NONE',  ( 0.8524999999999997025, -2.299999999999999378, -0.07249999999999999500 ) ) ;
#1371 = ORIENTED_EDGE ( 'NONE', *, *, #2999, .F. ) ;
#1372 = PLANE ( 'NONE',  #5740 ) ;
#1373 = DIRECTION ( 'NONE',  ( 0.000000000000000000, 0.000000000000000000, 1.000000000000000000 ) ) ;
#1375 = SURFACE_STYLE_USAGE ( .BOTH. , #6458 ) ;
#1374 = FACE_OUTER_BOUND ( 'NONE', #2809, .T. ) ;
#1376 = VERTEX_POINT ( 'NONE', #3554 ) ;
#1377 = DIRECTION ( 'NONE',  ( 1.000000000000000000, 0.000000000000000000, 0.000000000000000000 ) ) ;
#1378 = UNCERTAINTY_MEASURE_WITH_UNIT (LENGTH_MEASURE( 1.000000000000000082E-05 ), #270, 'distance_accuracy_value', 'NONE');
#1379 = ORIENTED_EDGE ( 'NONE', *, *, #5061, .F. ) ;
#1380 = CARTESIAN_POINT ( 'NONE',  ( -0.4475000000000001754, -2.326767216444461273, -0.1275000000000000022 ) ) ;
#1381 = DIRECTION ( 'NONE',  ( -1.000000000000000000, -0.000000000000000000, -0.000000000000000000 ) ) ;
#1382 = VECTOR ( 'NONE', #6113, 1000.000000000000000 ) ;
#1383 = CARTESIAN_POINT ( 'NONE',  ( 0.2024999999999997635, -2.387873924808715298, -0.1247697858928739911 ) ) ;
#1384 = DIRECTION ( 'NONE',  ( 1.000000000000000000, 0.000000000000000000, 0.000000000000000000 ) ) ;
#1385 = DIRECTION ( 'NONE',  ( 0.000000000000000000, 0.000000000000000000, -1.000000000000000000 ) ) ;
#1386 = DIRECTION ( 'NONE',  ( 0.000000000000000000, 0.000000000000000000, -1.000000000000000000 ) ) ;
#1387 = UNCERTAINTY_MEASURE_WITH_UNIT (LENGTH_MEASURE( 1.000000000000000082E-05 ), #5500, 'distance_accuracy_value', 'NONE');
#1388 = EDGE_CURVE ( 'NONE', #2409, #1773, #1339, .T. ) ;
#1389 =( GEOMETRIC_REPRESENTATION_CONTEXT ( 3 ) GLOBAL_UNCERTAINTY_ASSIGNED_CONTEXT ( ( #3759 ) ) GLOBAL_UNIT_ASSIGNED_CONTEXT ( ( #5122, #71, #3447 ) ) REPRESENTATION_CONTEXT ( 'NONE', 'WORKASPACE' ) );
#1390 = CARTESIAN_POINT ( 'NONE',  ( 1.499999999999999556, -2.124999999999999112, -0.07249999999999999500 ) ) ;
#1391 = DIRECTION ( 'NONE',  ( 0.000000000000000000, 0.000000000000000000, 1.000000000000000000 ) ) ;
#1392 = ORIENTED_EDGE ( 'NONE', *, *, #3790, .T. ) ;
#1393 = MECHANICAL_DESIGN_GEOMETRIC_PRESENTATION_REPRESENTATION (  '', ( #7285 ), #1738 ) ;
#1394 = VERTEX_POINT ( 'NONE', #5222 ) ;
#1395 = DIRECTION ( 'NONE',  ( 0.000000000000000000, 0.000000000000000000, -1.000000000000000000 ) ) ;
#1396 = EDGE_CURVE ( 'NONE', #378, #3435, #1815, .T. ) ;
#1397 = FILL_AREA_STYLE ('',( #3547 ) ) ;
#1398 = CYLINDRICAL_SURFACE ( 'NONE', #1652, 0.07500000000000002498 ) ;
#1399 = CYLINDRICAL_SURFACE ( 'NONE', #2089, 0.2199999999999999178 ) ;
#1400 = LINE ( 'NONE', #6943, #5969 ) ;
#1401 = EDGE_CURVE ( 'NONE', #3188, #6989, #5336, .T. ) ;
#1402 = PRESENTATION_LAYER_ASSIGNMENT (  '', '', ( #3171 ) ) ;
#1403 = PRESENTATION_STYLE_ASSIGNMENT (( #863 ) ) ;
#1404 = VERTEX_POINT ( 'NONE', #5741 ) ;
#1405 = UNCERTAINTY_MEASURE_WITH_UNIT (LENGTH_MEASURE( 1.000000000000000082E-05 ), #4748, 'distance_accuracy_value', 'NONE');
#1406 = DIRECTION ( 'NONE',  ( 1.000000000000000000, 0.000000000000000000, 0.000000000000000000 ) ) ;
#1407 = CIRCLE ( 'NONE', #6150, 0.1000000000000001582 ) ;
#1408 = CARTESIAN_POINT ( 'NONE',  ( 0.000000000000000000, 2.082282424338301130, -0.5500000000000000444 ) ) ;
#1409 = SURFACE_SIDE_STYLE ('',( #347 ) ) ;
#1410 = VECTOR ( 'NONE', #2653, 1000.000000000000114 ) ;
#1411 = SURFACE_SIDE_STYLE ('',( #837 ) ) ;
#1412 = CIRCLE ( 'NONE', #6955, 0.09999999999999979738 ) ;
#1413 = CIRCLE ( 'NONE', #2803, 0.1000000000000001582 ) ;
#1414 = VERTEX_POINT ( 'NONE', #5888 ) ;
#1415 = SURFACE_STYLE_FILL_AREA ( #6489 ) ;
#1416 = FILL_AREA_STYLE_COLOUR ( '', #1351 ) ;
#1417 = PRESENTATION_STYLE_ASSIGNMENT (( #3749 ) ) ;
#1418 = STYLED_ITEM ( 'NONE', ( #1476 ), #1845 ) ;
#1419 = VERTEX_POINT ( 'NONE', #3487 ) ;
#1420 = PRESENTATION_STYLE_ASSIGNMENT (( #1565 ) ) ;
#1421 = CARTESIAN_POINT ( 'NONE',  ( 1.097499999999999698, -2.326767216444461273, 0.07249999999999999500 ) ) ;
#1422 = SURFACE_STYLE_FILL_AREA ( #2372 ) ;
#1423 = CARTESIAN_POINT ( 'NONE',  ( 0.2024999999999997635, 2.775747849617431928, -0.4198450200473335392 ) ) ;
#1424 = CARTESIAN_POINT ( 'NONE',  ( 1.097499999999999698, -2.599999999999999645, -0.5153054482615858634 ) ) ;
#1425 = CARTESIAN_POINT ( 'NONE',  ( 0.2024999999999997635, -2.199999999999999289, 0.07249999999999999500 ) ) ;
#1426 = FILL_AREA_STYLE ('',( #3792 ) ) ;
#1427 = SURFACE_STYLE_USAGE ( .BOTH. , #3686 ) ;
#1428 = EDGE_LOOP ( 'NONE', ( #4940, #2913, #3760, #2054 ) ) ;
#1429 = EDGE_LOOP ( 'NONE', ( #2474, #6791, #1835, #3638 ) ) ;
#1430 =( LENGTH_UNIT ( ) NAMED_UNIT ( * ) SI_UNIT ( .MILLI., .METRE. ) );
#1431 = FILL_AREA_STYLE ('',( #5404 ) ) ;
#1432 = EDGE_CURVE ( 'NONE', #962, #7215, #280, .T. ) ;
#1433 = CARTESIAN_POINT ( 'NONE',  ( 1.097499999999999698, 2.326767216444461273, -0.1275000000000000022 ) ) ;
#1434 = PRESENTATION_LAYER_ASSIGNMENT (  '', '', ( #2602 ) ) ;
#1435 = ADVANCED_FACE ( 'NONE', ( #5775 ), #3520, .T. ) ;
#1436 = CIRCLE ( 'NONE', #6854, 0.07499999999999998335 ) ;
#1437 = EDGE_CURVE ( 'NONE', #5962, #2012, #1234, .T. ) ;
#1438 = DIRECTION ( 'NONE',  ( 0.000000000000000000, -0.000000000000000000, 1.000000000000000000 ) ) ;
#1439 = STYLED_ITEM ( 'NONE', ( #3000 ), #6241 ) ;
#1440 = DIRECTION ( 'NONE',  ( 0.000000000000000000, 0.9975640502598241977, -0.06975647374412530244 ) ) ;
#1441 = ORIENTED_EDGE ( 'NONE', *, *, #6569, .T. ) ;
#1442 = STYLED_ITEM ( 'NONE', ( #4435 ), #1042 ) ;
#1443 = ORIENTED_EDGE ( 'NONE', *, *, #1161, .F. ) ;
#1444 = FACE_OUTER_BOUND ( 'NONE', #6613, .T. ) ;
#1445 = PRESENTATION_LAYER_ASSIGNMENT (  '', '', ( #4029 ) ) ;
#1446 = STYLED_ITEM ( 'NONE', ( #4789 ), #2476 ) ;
#1447 = FILL_AREA_STYLE_COLOUR ( '', #5906 ) ;
#1448 = PRESENTATION_LAYER_ASSIGNMENT (  '', '', ( #507 ) ) ;
#1449 = SURFACE_STYLE_FILL_AREA ( #2647 ) ;
#1450 = SURFACE_SIDE_STYLE ('',( #6524 ) ) ;
#1451 = EDGE_CURVE ( 'NONE', #7204, #3594, #717, .T. ) ;
#1452 = CARTESIAN_POINT ( 'NONE',  ( -0.4475000000000001754, 2.387873924808715298, -0.1247697858928739911 ) ) ;
#1453 = AXIS2_PLACEMENT_3D ( 'NONE', #5338, #4811, #3598 ) ;
#1454 = ORIENTED_EDGE ( 'NONE', *, *, #5774, .T. ) ;
#1455 = FILL_AREA_STYLE_COLOUR ( '', #6992 ) ;
#1456 = AXIS2_PLACEMENT_3D ( 'NONE', #2205, #3970, #6281 ) ;
#1457 = PRESENTATION_STYLE_ASSIGNMENT (( #4247 ) ) ;
#1458 = DIRECTION ( 'NONE',  ( 0.000000000000000000, 0.000000000000000000, 1.000000000000000000 ) ) ;
#1459 = UNCERTAINTY_MEASURE_WITH_UNIT (LENGTH_MEASURE( 1.000000000000000082E-05 ), #3187, 'distance_accuracy_value', 'NONE');
#1460 = ORIENTED_EDGE ( 'NONE', *, *, #3417, .F. ) ;
#1461 = DIRECTION ( 'NONE',  ( 1.000000000000000000, 0.000000000000000000, 0.000000000000000000 ) ) ;
#1462 = VECTOR ( 'NONE', #4631, 1000.000000000000000 ) ;
#1463 =( LENGTH_UNIT ( ) NAMED_UNIT ( * ) SI_UNIT ( .MILLI., .METRE. ) );
#1464 = DIRECTION ( 'NONE',  ( 0.000000000000000000, 0.000000000000000000, -1.000000000000000000 ) ) ;
#1465 = VECTOR ( 'NONE', #6227, 1000.000000000000000 ) ;
#1466 = UNCERTAINTY_MEASURE_WITH_UNIT (LENGTH_MEASURE( 1.000000000000000082E-05 ), #1932, 'distance_accuracy_value', 'NONE');
#1467 = CARTESIAN_POINT ( 'NONE',  ( 1.499999999999999778, -2.125136580382890550, -0.07249999999999988398 ) ) ;
#1468 = ORIENTED_EDGE ( 'NONE', *, *, #127, .F. ) ;
#1469 = ORIENTED_EDGE ( 'NONE', *, *, #5696, .F. ) ;
#1470 =( GEOMETRIC_REPRESENTATION_CONTEXT ( 3 ) GLOBAL_UNCERTAINTY_ASSIGNED_CONTEXT ( ( #5896 ) ) GLOBAL_UNIT_ASSIGNED_CONTEXT ( ( #3049, #4675, #4087 ) ) REPRESENTATION_CONTEXT ( 'NONE', 'WORKASPACE' ) );
#1471 = AXIS2_PLACEMENT_3D ( 'NONE', #6881, #1307, #288 ) ;
#1472 =( NAMED_UNIT ( * ) PLANE_ANGLE_UNIT ( ) SI_UNIT ( $, .RADIAN. ) );
#1473 =( NAMED_UNIT ( * ) SI_UNIT ( $, .STERADIAN. ) SOLID_ANGLE_UNIT ( ) );
#1474 = DIRECTION ( 'NONE',  ( 0.000000000000000000, -0.9975640502598243087, 0.06975647374412519142 ) ) ;
#1475 =( NAMED_UNIT ( * ) SI_UNIT ( $, .STERADIAN. ) SOLID_ANGLE_UNIT ( ) );
#1476 = PRESENTATION_STYLE_ASSIGNMENT (( #5435 ) ) ;
#1477 = EDGE_CURVE ( 'NONE', #1022, #4005, #6457, .T. ) ;
#1478 = CYLINDRICAL_SURFACE ( 'NONE', #2510, 0.09999999999999979738 ) ;
#1479 = DIRECTION ( 'NONE',  ( 0.000000000000000000, 0.000000000000000000, 1.000000000000000000 ) ) ;
#1480 = EDGE_LOOP ( 'NONE', ( #4797, #121, #5851 ) ) ;
#1481 = ADVANCED_FACE ( 'NONE', ( #1374 ), #5739, .T. ) ;
#1482 = ORIENTED_EDGE ( 'NONE', *, *, #6254, .F. ) ;
#1483 = SURFACE_STYLE_USAGE ( .BOTH. , #7059 ) ;
#1484 = UNCERTAINTY_MEASURE_WITH_UNIT (LENGTH_MEASURE( 1.000000000000000082E-05 ), #4396, 'distance_accuracy_value', 'NONE');
#1485 = SURFACE_STYLE_FILL_AREA ( #6015 ) ;
#1486 = MECHANICAL_DESIGN_GEOMETRIC_PRESENTATION_REPRESENTATION (  '', ( #5153 ), #5397 ) ;
#1487 = PRESENTATION_STYLE_ASSIGNMENT (( #912 ) ) ;
#1488 =( NAMED_UNIT ( * ) SI_UNIT ( $, .STERADIAN. ) SOLID_ANGLE_UNIT ( ) );
#1489 = ORIENTED_EDGE ( 'NONE', *, *, #3848, .T. ) ;
#1490 = EDGE_CURVE ( 'NONE', #3422, #1602, #4517, .T. ) ;
#1491 =( GEOMETRIC_REPRESENTATION_CONTEXT ( 3 ) GLOBAL_UNCERTAINTY_ASSIGNED_CONTEXT ( ( #74 ) ) GLOBAL_UNIT_ASSIGNED_CONTEXT ( ( #4949, #6851, #4566 ) ) REPRESENTATION_CONTEXT ( 'NONE', 'WORKASPACE' ) );
#1492 =( NAMED_UNIT ( * ) SI_UNIT ( $, .STERADIAN. ) SOLID_ANGLE_UNIT ( ) );
#1493 = SURFACE_STYLE_FILL_AREA ( #2524 ) ;
#1494 = ORIENTED_EDGE ( 'NONE', *, *, #5234, .T. ) ;
#1495 = SURFACE_STYLE_FILL_AREA ( #5389 ) ;
#1496 = CARTESIAN_POINT ( 'NONE',  ( -0.8525000000000001465, 2.502515066061893556, -0.03203957178574777520 ) ) ;
#1497 = EDGE_CURVE ( 'NONE', #2962, #3320, #5482, .T. ) ;
#1498 = SURFACE_STYLE_USAGE ( .BOTH. , #926 ) ;
#1499 = CARTESIAN_POINT ( 'NONE',  ( -1.382282424338301841, -2.082282424338301574, 0.4750000000000000333 ) ) ;
#1500 = VERTEX_POINT ( 'NONE', #1262 ) ;
#1501 = ORIENTED_EDGE ( 'NONE', *, *, #6254, .T. ) ;
#1502 = DIRECTION ( 'NONE',  ( -0.000000000000000000, -0.000000000000000000, 1.000000000000000000 ) ) ;
#1503 = ORIENTED_EDGE ( 'NONE', *, *, #4926, .T. ) ;
#1504 = SURFACE_SIDE_STYLE ('',( #2747 ) ) ;
#1505 = PRESENTATION_STYLE_ASSIGNMENT (( #6614 ) ) ;
#1506 =( GEOMETRIC_REPRESENTATION_CONTEXT ( 3 ) GLOBAL_UNCERTAINTY_ASSIGNED_CONTEXT ( ( #7224 ) ) GLOBAL_UNIT_ASSIGNED_CONTEXT ( ( #5514, #6008, #4340 ) ) REPRESENTATION_CONTEXT ( 'NONE', 'WORKASPACE' ) );
#1507 = SURFACE_SIDE_STYLE ('',( #4204 ) ) ;
#1508 = DIRECTION ( 'NONE',  ( 0.000000000000000000, -0.4773021410712618984, 0.8787392480871610845 ) ) ;
#1509 =( LENGTH_UNIT ( ) NAMED_UNIT ( * ) SI_UNIT ( .MILLI., .METRE. ) );
#1510 = DIRECTION ( 'NONE',  ( 1.000000000000000000, 0.000000000000000000, 0.000000000000000000 ) ) ;
#1511 = VECTOR ( 'NONE', #2387, 1000.000000000000000 ) ;
#1512 = ORIENTED_EDGE ( 'NONE', *, *, #5147, .T. ) ;
#1513 = CARTESIAN_POINT ( 'NONE',  ( 1.425409738600887266, 2.199998880753507802, -0.07251064891903699627 ) ) ;
#1514 = CARTESIAN_POINT ( 'NONE',  ( 1.097499999999999698, -2.199999999999999289, -0.07249999999999999500 ) ) ;
#1515 = DIRECTION ( 'NONE',  ( 0.000000000000000000, 0.000000000000000000, -1.000000000000000000 ) ) ;
#1516 = STYLED_ITEM ( 'NONE', ( #2260 ), #4358 ) ;
#1517 = CARTESIAN_POINT ( 'NONE',  ( 1.499999999999999556, -2.124999999999999112, -0.07249999999999999500 ) ) ;
#1518 = ORIENTED_EDGE ( 'NONE', *, *, #6852, .T. ) ;
#1519 = ADVANCED_FACE ( 'NONE', ( #3552 ), #4653, .T. ) ;
#1520 = SURFACE_SIDE_STYLE ('',( #1415 ) ) ;
#1521 = AXIS2_PLACEMENT_3D ( 'NONE', #3361, #2207, #412 ) ;
#1522 = EDGE_CURVE ( 'NONE', #6813, #7204, #4613, .T. ) ;
#1523 = EDGE_CURVE ( 'NONE', #2883, #7108, #4181, .T. ) ;
#1524 = VERTEX_POINT ( 'NONE', #5260 ) ;
#1525 = STYLED_ITEM ( 'NONE', ( #2215 ), #1669 ) ;
#1526 = CARTESIAN_POINT ( 'NONE',  ( -0.4475000000000001754, 2.775747849617431928, -0.4198450200473335392 ) ) ;
#1527 = STYLED_ITEM ( 'NONE', ( #4172 ), #3958 ) ;
#1528 =( LENGTH_UNIT ( ) NAMED_UNIT ( * ) SI_UNIT ( .MILLI., .METRE. ) );
#1529 = FILL_AREA_STYLE_COLOUR ( '', #5091 ) ;
#1530 =( NAMED_UNIT ( * ) PLANE_ANGLE_UNIT ( ) SI_UNIT ( $, .RADIAN. ) );
#1531 = FILL_AREA_STYLE ('',( #4368 ) ) ;
#1532 =( GEOMETRIC_REPRESENTATION_CONTEXT ( 3 ) GLOBAL_UNCERTAINTY_ASSIGNED_CONTEXT ( ( #3252 ) ) GLOBAL_UNIT_ASSIGNED_CONTEXT ( ( #2898, #672, #3478 ) ) REPRESENTATION_CONTEXT ( 'NONE', 'WORKASPACE' ) );
#1533 = LINE ( 'NONE', #3723, #1901 ) ;
#1534 = UNCERTAINTY_MEASURE_WITH_UNIT (LENGTH_MEASURE( 1.000000000000000082E-05 ), #2218, 'distance_accuracy_value', 'NONE');
#1535 = EDGE_CURVE ( 'NONE', #3782, #5465, #6986, .T. ) ;
#1536 = VERTEX_POINT ( 'NONE', #833 ) ;
#1537 = ORIENTED_EDGE ( 'NONE', *, *, #2237, .T. ) ;
#1538 = CARTESIAN_POINT ( 'NONE',  ( -0.2025000000000002076, -2.761796554868606535, -0.6193578300992984564 ) ) ;
#1539 = FACE_OUTER_BOUND ( 'NONE', #1707, .T. ) ;
#1540 =( NAMED_UNIT ( * ) PLANE_ANGLE_UNIT ( ) SI_UNIT ( $, .RADIAN. ) );
#1541 = ORIENTED_EDGE ( 'NONE', *, *, #5158, .T. ) ;
#1542 = DIRECTION ( 'NONE',  ( 1.000000000000000000, 0.000000000000000000, 0.000000000000000000 ) ) ;
#1543 = EDGE_CURVE ( 'NONE', #97, #148, #1298, .T. ) ;
#1544 = CARTESIAN_POINT ( 'NONE',  ( -0.4475000000000001754, 2.715635909006247850, -0.4244066557889664137 ) ) ;
#1545 = FILL_AREA_STYLE ('',( #3100 ) ) ;
#1546 = CARTESIAN_POINT ( 'NONE',  ( -1.382282424338301841, 2.082282424338301130, -0.4750000000000000333 ) ) ;
#1547 = CARTESIAN_POINT ( 'NONE',  ( 1.499999999999999556, -2.124999999999999112, 0.07249999999999999500 ) ) ;
#1548 = ORIENTED_EDGE ( 'NONE', *, *, #2514, .T. ) ;
#1549 = DIRECTION ( 'NONE',  ( 0.000000000000000000, 0.000000000000000000, -1.000000000000000000 ) ) ;
#1550 = UNCERTAINTY_MEASURE_WITH_UNIT (LENGTH_MEASURE( 1.000000000000000082E-05 ), #7135, 'distance_accuracy_value', 'NONE');
#1551 =( GEOMETRIC_REPRESENTATION_CONTEXT ( 3 ) GLOBAL_UNCERTAINTY_ASSIGNED_CONTEXT ( ( #3615 ) ) GLOBAL_UNIT_ASSIGNED_CONTEXT ( ( #2839, #3410, #26 ) ) REPRESENTATION_CONTEXT ( 'NONE', 'WORKASPACE' ) );
#1552 = VECTOR ( 'NONE', #1854, 1000.000000000000000 ) ;
#1553 = DIRECTION ( 'NONE',  ( 1.000000000000000000, 0.000000000000000000, 0.000000000000000000 ) ) ;
#1554 = AXIS2_PLACEMENT_3D ( 'NONE', #5378, #5520, #454 ) ;
#1555 = PRESENTATION_LAYER_ASSIGNMENT (  '', '', ( #6064 ) ) ;
#1556 = AXIS2_PLACEMENT_3D ( 'NONE', #2527, #431, #3264 ) ;
#1557 = ORIENTED_EDGE ( 'NONE', *, *, #1073, .F. ) ;
#1558 = CIRCLE ( 'NONE', #3444, 0.07499999999999981681 ) ;
#1559 = CARTESIAN_POINT ( 'NONE',  ( -1.499998880753508734, 2.125409738600887444, 0.07251064891903695464 ) ) ;
#1560 = PRESENTATION_LAYER_ASSIGNMENT (  '', '', ( #6759 ) ) ;
#1561 = AXIS2_PLACEMENT_3D ( 'NONE', #95, #4736, #1196 ) ;
#1562 = LINE ( 'NONE', #5071, #1223 ) ;
#1563 = COLOUR_RGB ( '',0.2862745098039215508, 0.2862745098039215508, 0.2862745098039215508 ) ;
#1564 = ORIENTED_EDGE ( 'NONE', *, *, #3624, .F. ) ;
#1565 = SURFACE_STYLE_USAGE ( .BOTH. , #7116 ) ;
#1566 = PLANE ( 'NONE',  #6079 ) ;
#1567 = PRESENTATION_STYLE_ASSIGNMENT (( #4366 ) ) ;
#1568 = ORIENTED_EDGE ( 'NONE', *, *, #5086, .F. ) ;
#1569 = COLOUR_RGB ( '',0.8039215686274510109, 0.8039215686274510109, 0.8039215686274510109 ) ;
#1570 = EDGE_CURVE ( 'NONE', #3499, #2619, #6267, .T. ) ;
#1571 = DIRECTION ( 'NONE',  ( 0.000000000000000000, -0.4773021410712618984, 0.8787392480871610845 ) ) ;
#1572 = EDGE_CURVE ( 'NONE', #744, #2535, #421, .T. ) ;
#1573 = DIRECTION ( 'NONE',  ( 1.000000000000000000, 0.000000000000000000, 0.000000000000000000 ) ) ;
#1574 = AXIS2_PLACEMENT_3D ( 'NONE', #3243, #1583, #2634 ) ;
#1575 = VECTOR ( 'NONE', #4672, 1000.000000000000227 ) ;
#1576 = STYLED_ITEM ( 'NONE', ( #4729 ), #5413 ) ;
#1577 = FILL_AREA_STYLE_COLOUR ( '', #5221 ) ;
#1578 = ORIENTED_EDGE ( 'NONE', *, *, #6258, .T. ) ;
#1579 = AXIS2_PLACEMENT_3D ( 'NONE', #4865, #4379, #476 ) ;
#1580 = ORIENTED_EDGE ( 'NONE', *, *, #5974, .F. ) ;
#1581 = ORIENTED_EDGE ( 'NONE', *, *, #3298, .T. ) ;
#1582 = CARTESIAN_POINT ( 'NONE',  ( -0.2025000000000002076, 2.599999999999999645, -0.5153054482615858634 ) ) ;
#1583 = DIRECTION ( 'NONE',  ( 0.1039620511844979445, 0.1039620511844979445, -0.9891328443778539814 ) ) ;
#1584 = ORIENTED_EDGE ( 'NONE', *, *, #4681, .F. ) ;
#1585 = CARTESIAN_POINT ( 'NONE',  ( -0.4475000000000001754, 2.796534186440551739, -0.4764328467078228213 ) ) ;
#1586 = DIRECTION ( 'NONE',  ( 0.000000000000000000, -1.000000000000000000, 0.000000000000000000 ) ) ;
#1587 = STYLED_ITEM ( 'NONE', ( #4187 ), #537 ) ;
#1588 = LINE ( 'NONE', #6148, #760 ) ;
#1589 =( NAMED_UNIT ( * ) PLANE_ANGLE_UNIT ( ) SI_UNIT ( $, .RADIAN. ) );
#1590 = DIRECTION ( 'NONE',  ( 0.000000000000000000, 0.000000000000000000, -1.000000000000000000 ) ) ;
#1591 = ORIENTED_EDGE ( 'NONE', *, *, #91, .T. ) ;
#1592 = VECTOR ( 'NONE', #653, 1000.000000000000000 ) ;
#1593 = LINE ( 'NONE', #3286, #3735 ) ;
#1594 = FILL_AREA_STYLE_COLOUR ( '', #6156 ) ;
#1595 = SURFACE_STYLE_USAGE ( .BOTH. , #4993 ) ;
#1596 = FACE_OUTER_BOUND ( 'NONE', #6115, .T. ) ;
#1597 = DIRECTION ( 'NONE',  ( 0.000000000000000000, 0.000000000000000000, -1.000000000000000000 ) ) ;
#1598 = VERTEX_POINT ( 'NONE', #7175 ) ;
#1599 =( NAMED_UNIT ( * ) PLANE_ANGLE_UNIT ( ) SI_UNIT ( $, .RADIAN. ) );
#1600 = PRESENTATION_LAYER_ASSIGNMENT (  '', '', ( #2881 ) ) ;
#1601 = CARTESIAN_POINT ( 'NONE',  ( 1.382282424338300952, 0.000000000000000000, -0.5500000000000000444 ) ) ;
#1602 = VERTEX_POINT ( 'NONE', #317 ) ;
#1603 = CIRCLE ( 'NONE', #2304, 0.07500000000000003886 ) ;
#1604 = DIRECTION ( 'NONE',  ( 0.000000000000000000, 1.156482317317871607E-14, 1.000000000000000000 ) ) ;
#1605 =( LENGTH_UNIT ( ) NAMED_UNIT ( * ) SI_UNIT ( .MILLI., .METRE. ) );
#1606 = DIRECTION ( 'NONE',  ( 0.000000000000000000, 0.000000000000000000, -1.000000000000000000 ) ) ;
#1607 = FACE_OUTER_BOUND ( 'NONE', #1755, .T. ) ;
#1608 = UNCERTAINTY_MEASURE_WITH_UNIT (LENGTH_MEASURE( 1.000000000000000082E-05 ), #2048, 'distance_accuracy_value', 'NONE');
#1609 = ORIENTED_EDGE ( 'NONE', *, *, #6122, .T. ) ;
#1610 = ORIENTED_EDGE ( 'NONE', *, *, #353, .F. ) ;
#1611 = DIRECTION ( 'NONE',  ( 0.000000000000000000, 0.1045284632676537068, 0.9945218953682734009 ) ) ;
#1612 = SURFACE_SIDE_STYLE ('',( #5570 ) ) ;
#1613 = SURFACE_STYLE_FILL_AREA ( #5471 ) ;
#1614 = ORIENTED_EDGE ( 'NONE', *, *, #2177, .T. ) ;
#1615 =( NAMED_UNIT ( * ) SI_UNIT ( $, .STERADIAN. ) SOLID_ANGLE_UNIT ( ) );
#1616 = EDGE_CURVE ( 'NONE', #584, #2577, #1413, .T. ) ;
#1617 = DIRECTION ( 'NONE',  ( 1.000000000000000000, -0.000000000000000000, 0.000000000000000000 ) ) ;
#1618 = DIRECTION ( 'NONE',  ( 0.000000000000000000, 0.06975647374412519142, -0.9975640502598243087 ) ) ;
#1619 = SURFACE_SIDE_STYLE ('',( #6120 ) ) ;
#1620 = DIRECTION ( 'NONE',  ( 0.000000000000000000, 0.000000000000000000, 1.000000000000000000 ) ) ;
#1621 = PRESENTATION_LAYER_ASSIGNMENT (  '', '', ( #5525 ) ) ;
#1622 = EDGE_LOOP ( 'NONE', ( #1120, #5020, #3962, #3869 ) ) ;
#1623 = UNCERTAINTY_MEASURE_WITH_UNIT (LENGTH_MEASURE( 1.000000000000000082E-05 ), #5296, 'distance_accuracy_value', 'NONE');
#1624 = AXIS2_PLACEMENT_3D ( 'NONE', #3007, #782, #698 ) ;
#1625 = SURFACE_STYLE_FILL_AREA ( #4990 ) ;
#1626 = CARTESIAN_POINT ( 'NONE',  ( 0.2024999999999997635, 2.299999999999999378, -0.07249999999999999500 ) ) ;
#1627 = DIRECTION ( 'NONE',  ( 0.000000000000000000, 0.000000000000000000, -1.000000000000000000 ) ) ;
#1628 = COLOUR_RGB ( '',0.8039215686274510109, 0.8039215686274510109, 0.8039215686274510109 ) ;
#1629 = EDGE_CURVE ( 'NONE', #3188, #3557, #5550, .T. ) ;
#1630 = DIRECTION ( 'NONE',  ( 1.000000000000000000, -0.000000000000000000, 0.000000000000000000 ) ) ;
#1631 = EDGE_LOOP ( 'NONE', ( #3892, #1947, #2299, #6819, #7242, #2253 ) ) ;
#1632 = CARTESIAN_POINT ( 'NONE',  ( -0.2025000000000002076, -2.502515066061893556, -0.03203957178574777520 ) ) ;
#1633 = CARTESIAN_POINT ( 'NONE',  ( -1.425136580382891927, -2.199999999999999289, -0.07249999999999988398 ) ) ;
#1634 = LINE ( 'NONE', #3261, #4869 ) ;
#1635 = ORIENTED_EDGE ( 'NONE', *, *, #5733, .F. ) ;
#1636 = FILL_AREA_STYLE_COLOUR ( '', #4733 ) ;
#1637 =( LENGTH_UNIT ( ) NAMED_UNIT ( * ) SI_UNIT ( .MILLI., .METRE. ) );
#1638 = EDGE_LOOP ( 'NONE', ( #3605, #3651, #2741, #535 ) ) ;
#1639 = CARTESIAN_POINT ( 'NONE',  ( 0.2024999999999997635, 2.299999999999999378, -0.1724999999999999867 ) ) ;
#1640 = DIRECTION ( 'NONE',  ( -0.000000000000000000, 0.000000000000000000, 1.000000000000000000 ) ) ;
#1641 = FILL_AREA_STYLE_COLOUR ( '', #7225 ) ;
#1642 = MECHANICAL_DESIGN_GEOMETRIC_PRESENTATION_REPRESENTATION (  '', ( #2580 ), #2344 ) ;
#1643 = ORIENTED_EDGE ( 'NONE', *, *, #4325, .T. ) ;
#1644 = VERTEX_POINT ( 'NONE', #4285 ) ;
#1645 = FACE_OUTER_BOUND ( 'NONE', #1969, .T. ) ;
#1646 = VECTOR ( 'NONE', #1193, 1000.000000000000114 ) ;
#1647 = DIRECTION ( 'NONE',  ( 1.000000000000000000, 0.000000000000000000, 0.000000000000000000 ) ) ;
#1648 = SURFACE_SIDE_STYLE ('',( #6721 ) ) ;
#1649 = VERTEX_POINT ( 'NONE', #1514 ) ;
#1650 = CARTESIAN_POINT ( 'NONE',  ( 1.097499999999999698, 2.299999999999999378, -0.1724999999999999867 ) ) ;
#1652 = AXIS2_PLACEMENT_3D ( 'NONE', #5475, #6479, #3657 ) ;
#1651 = DIRECTION ( 'NONE',  ( 0.000000000000000000, 0.000000000000000000, -1.000000000000000000 ) ) ;
#1653 = FACE_OUTER_BOUND ( 'NONE', #7256, .T. ) ;
#1654 = FILL_AREA_STYLE ('',( #4979 ) ) ;
#1655 = LINE ( 'NONE', #2932, #859 ) ;
#1656 = FILL_AREA_STYLE ('',( #2819 ) ) ;
#1657 = ADVANCED_FACE ( 'NONE', ( #6591 ), #3665, .F. ) ;
#1658 = PRESENTATION_STYLE_ASSIGNMENT (( #2753 ) ) ;
#1659 = SURFACE_STYLE_USAGE ( .BOTH. , #2242 ) ;
#1660 = ORIENTED_EDGE ( 'NONE', *, *, #2203, .T. ) ;
#1661 = ADVANCED_FACE ( 'NONE', ( #3178 ), #969, .T. ) ;
#1662 = EDGE_CURVE ( 'NONE', #1598, #5402, #6097, .T. ) ;
#1663 = FILL_AREA_STYLE ('',( #15 ) ) ;
#1664 = CARTESIAN_POINT ( 'NONE',  ( -0.8525000000000001465, -2.803509833814964214, -0.3766764416818402239 ) ) ;
#1665 = FILL_AREA_STYLE ('',( #6054 ) ) ;
#1666 = ORIENTED_EDGE ( 'NONE', *, *, #6558, .T. ) ;
#1667 = CARTESIAN_POINT ( 'NONE',  ( 1.097499999999999698, -2.502515066061893556, -0.03203957178574777520 ) ) ;
#1668 = DIRECTION ( 'NONE',  ( 0.000000000000000000, 0.000000000000000000, -1.000000000000000000 ) ) ;
#1669 = ADVANCED_FACE ( 'NONE', ( #4951 ), #7206, .T. ) ;
#1670 = VECTOR ( 'NONE', #4016, 1000.000000000000000 ) ;
#1671 = ORIENTED_EDGE ( 'NONE', *, *, #7084, .T. ) ;
#1672 =( GEOMETRIC_REPRESENTATION_CONTEXT ( 3 ) GLOBAL_UNCERTAINTY_ASSIGNED_CONTEXT ( ( #4781 ) ) GLOBAL_UNIT_ASSIGNED_CONTEXT ( ( #7162, #6216, #1139 ) ) REPRESENTATION_CONTEXT ( 'NONE', 'WORKASPACE' ) );
#1673 =( NAMED_UNIT ( * ) PLANE_ANGLE_UNIT ( ) SI_UNIT ( $, .RADIAN. ) );
#1674 = FILL_AREA_STYLE ('',( #3862 ) ) ;
#1675 = AXIS2_PLACEMENT_3D ( 'NONE', #2712, #6703, #1627 ) ;
#1676 = CARTESIAN_POINT ( 'NONE',  ( 0.2024999999999997635, 2.326767216444461273, -0.1275000000000000022 ) ) ;
#1677 = VECTOR ( 'NONE', #2042, 1000.000000000000000 ) ;
#1678 = FILL_AREA_STYLE_COLOUR ( '', #4866 ) ;
#1679 =( GEOMETRIC_REPRESENTATION_CONTEXT ( 3 ) GLOBAL_UNCERTAINTY_ASSIGNED_CONTEXT ( ( #6014 ) ) GLOBAL_UNIT_ASSIGNED_CONTEXT ( ( #2362, #4621, #5858 ) ) REPRESENTATION_CONTEXT ( 'NONE', 'WORKASPACE' ) );
#1680 = COLOUR_RGB ( '',0.8039215686274510109, 0.8039215686274510109, 0.8039215686274510109 ) ;
#1681 = PLANE ( 'NONE',  #1471 ) ;
#1682 = CARTESIAN_POINT ( 'NONE',  ( 0.2024999999999997635, -2.299999999999999378, -0.1724999999999999867 ) ) ;
#1683 = UNCERTAINTY_MEASURE_WITH_UNIT (LENGTH_MEASURE( 1.000000000000000082E-05 ), #1605, 'distance_accuracy_value', 'NONE');
#1684 = VECTOR ( 'NONE', #981, 1000.000000000000114 ) ;
#1685 = ORIENTED_EDGE ( 'NONE', *, *, #5335, .F. ) ;
#1686 = CYLINDRICAL_SURFACE ( 'NONE', #6802, 0.2000000000000000389 ) ;
#1687 = COLOUR_RGB ( '',0.8039215686274510109, 0.8039215686274510109, 0.8039215686274510109 ) ;
#1688 = CARTESIAN_POINT ( 'NONE',  ( 1.393792701098378606, -2.168381843250998475, 0.3733266666807281142 ) ) ;
#1689 = LINE ( 'NONE', #5085, #2039 ) ;
#1690 = ORIENTED_EDGE ( 'NONE', *, *, #2244, .T. ) ;
#1691 = CYLINDRICAL_SURFACE ( 'NONE', #3571, 0.07499999999999998335 ) ;
#1692 = FILL_AREA_STYLE_COLOUR ( '', #1289 ) ;
#1693 = DIRECTION ( 'NONE',  ( 1.000000000000000000, 0.000000000000000000, 0.000000000000000000 ) ) ;
#1694 = STYLED_ITEM ( 'NONE', ( #4170 ), #6993 ) ;
#1695 =( GEOMETRIC_REPRESENTATION_CONTEXT ( 3 ) GLOBAL_UNCERTAINTY_ASSIGNED_CONTEXT ( ( #1623 ) ) GLOBAL_UNIT_ASSIGNED_CONTEXT ( ( #5296, #203, #3596 ) ) REPRESENTATION_CONTEXT ( 'NONE', 'WORKASPACE' ) );
#1696 = SURFACE_SIDE_STYLE ('',( #6799 ) ) ;
#1697 = CARTESIAN_POINT ( 'NONE',  ( 1.097499999999999698, 2.502515066061893556, -0.03203957178574777520 ) ) ;
#1698 =( GEOMETRIC_REPRESENTATION_CONTEXT ( 3 ) GLOBAL_UNCERTAINTY_ASSIGNED_CONTEXT ( ( #3528 ) ) GLOBAL_UNIT_ASSIGNED_CONTEXT ( ( #3090, #4796, #2869 ) ) REPRESENTATION_CONTEXT ( 'NONE', 'WORKASPACE' ) );
#1699 = SURFACE_SIDE_STYLE ('',( #3980 ) ) ;
#1700 =( GEOMETRIC_REPRESENTATION_CONTEXT ( 3 ) GLOBAL_UNCERTAINTY_ASSIGNED_CONTEXT ( ( #5780 ) ) GLOBAL_UNIT_ASSIGNED_CONTEXT ( ( #7010, #777, #1938 ) ) REPRESENTATION_CONTEXT ( 'NONE', 'WORKASPACE' ) );
#1701 = ORIENTED_EDGE ( 'NONE', *, *, #4660, .F. ) ;
#1702 = VECTOR ( 'NONE', #1837, 1000.000000000000000 ) ;
#1703 = ADVANCED_FACE ( 'NONE', ( #594 ), #2757, .T. ) ;
#1704 = EDGE_CURVE ( 'NONE', #4510, #7115, #5062, .T. ) ;
#1705 = COLOUR_RGB ( '',0.8039215686274510109, 0.8039215686274510109, 0.8039215686274510109 ) ;
#1706 = LINE ( 'NONE', #7249, #4989 ) ;
#1707 = EDGE_LOOP ( 'NONE', ( #4665, #5608, #3356, #6784 ) ) ;
#1708 = LINE ( 'NONE', #3956, #5228 ) ;
#1709 = ORIENTED_EDGE ( 'NONE', *, *, #2389, .F. ) ;
#1710 = SURFACE_SIDE_STYLE ('',( #7288 ) ) ;
#1711 = FILL_AREA_STYLE ('',( #2797 ) ) ;
#1712 = ADVANCED_FACE ( 'NONE', ( #5548 ), #3432, .T. ) ;
#1713 = CARTESIAN_POINT ( 'NONE',  ( 0.2024999999999997635, -2.199999999999999289, -0.07249999999999999500 ) ) ;
#1714 = CARTESIAN_POINT ( 'NONE',  ( -0.2025000000000002076, 2.199999999999999289, 0.07249999999999999500 ) ) ;
#1715 = ORIENTED_EDGE ( 'NONE', *, *, #6469, .F. ) ;
#1716 = PRESENTATION_LAYER_ASSIGNMENT (  '', '', ( #796 ) ) ;
#1717 = ORIENTED_EDGE ( 'NONE', *, *, #175, .T. ) ;
#1718 = EDGE_CURVE ( 'NONE', #2127, #4183, #5181, .T. ) ;
#1719 =( LENGTH_UNIT ( ) NAMED_UNIT ( * ) SI_UNIT ( .MILLI., .METRE. ) );
#1720 = DIRECTION ( 'NONE',  ( 1.000000000000000000, 0.000000000000000000, 0.000000000000000000 ) ) ;
#1721 = ORIENTED_EDGE ( 'NONE', *, *, #4045, .T. ) ;
#1722 = SURFACE_STYLE_FILL_AREA ( #2275 ) ;
#1723 = ORIENTED_EDGE ( 'NONE', *, *, #2122, .F. ) ;
#1724 = FACE_OUTER_BOUND ( 'NONE', #448, .T. ) ;
#1725 = STYLED_ITEM ( 'NONE', ( #4823 ), #3281 ) ;
#1726 = DIRECTION ( 'NONE',  ( 0.1039620511844979306, -0.1039620511844979306, -0.9891328443778538704 ) ) ;
#1727 = PRESENTATION_STYLE_ASSIGNMENT (( #633 ) ) ;
#1728 =( NAMED_UNIT ( * ) PLANE_ANGLE_UNIT ( ) SI_UNIT ( $, .RADIAN. ) );
#1729 = ORIENTED_EDGE ( 'NONE', *, *, #237, .T. ) ;
#1730 = CARTESIAN_POINT ( 'NONE',  ( -1.453250491929916510, -2.078661349777295886, -0.5172918578343979057 ) ) ;
#1731 = STYLED_ITEM ( 'NONE', ( #2459 ), #4559 ) ;
#1732 = FACE_OUTER_BOUND ( 'NONE', #4757, .T. ) ;
#1733 = ORIENTED_EDGE ( 'NONE', *, *, #5679, .T. ) ;
#1734 = CARTESIAN_POINT ( 'NONE',  ( -0.2025000000000002076, -2.796534186440551739, -0.4764328467078228213 ) ) ;
#1735 = STYLED_ITEM ( 'NONE', ( #7194 ), #4412 ) ;
#1736 = LINE ( 'NONE', #6268, #1646 ) ;
#1737 = DIRECTION ( 'NONE',  ( 0.000000000000000000, 0.000000000000000000, -1.000000000000000000 ) ) ;
#1738 =( GEOMETRIC_REPRESENTATION_CONTEXT ( 3 ) GLOBAL_UNCERTAINTY_ASSIGNED_CONTEXT ( ( #1892 ) ) GLOBAL_UNIT_ASSIGNED_CONTEXT ( ( #6303, #5889, #5337 ) ) REPRESENTATION_CONTEXT ( 'NONE', 'WORKASPACE' ) );
#1739 = ORIENTED_EDGE ( 'NONE', *, *, #3562, .T. ) ;
#1740 =( NAMED_UNIT ( * ) SI_UNIT ( $, .STERADIAN. ) SOLID_ANGLE_UNIT ( ) );
#1741 = EDGE_CURVE ( 'NONE', #1602, #509, #3548, .T. ) ;
#1742 = COLOUR_RGB ( '',0.8039215686274510109, 0.8039215686274510109, 0.8039215686274510109 ) ;
#1743 = ADVANCED_FACE ( 'NONE', ( #4091 ), #5734, .T. ) ;
#1744 = EDGE_CURVE ( 'NONE', #3544, #2655, #6962, .T. ) ;
#1745 = UNCERTAINTY_MEASURE_WITH_UNIT (LENGTH_MEASURE( 1.000000000000000082E-05 ), #2413, 'distance_accuracy_value', 'NONE');
#1746 = ORIENTED_EDGE ( 'NONE', *, *, #3898, .F. ) ;
#1747 = ORIENTED_EDGE ( 'NONE', *, *, #2389, .T. ) ;
#1748 = CARTESIAN_POINT ( 'NONE',  ( 1.499999999999999556, 2.199999999999999289, -0.07249999999999999500 ) ) ;
#1749 = EDGE_LOOP ( 'NONE', ( #3199, #2830, #1935, #2370 ) ) ;
#1750 = AXIS2_PLACEMENT_3D ( 'NONE', #4820, #4788, #1385 ) ;
#1751 = PRESENTATION_STYLE_ASSIGNMENT (( #6217 ) ) ;
#1752 = DIRECTION ( 'NONE',  ( 0.000000000000000000, 0.000000000000000000, -1.000000000000000000 ) ) ;
#1753 = ORIENTED_EDGE ( 'NONE', *, *, #4819, .T. ) ;
#1754 =( NAMED_UNIT ( * ) SI_UNIT ( $, .STERADIAN. ) SOLID_ANGLE_UNIT ( ) );
#1755 = EDGE_LOOP ( 'NONE', ( #4920, #6483, #5706, #6644 ) ) ;
#1756 = CARTESIAN_POINT ( 'NONE',  ( -0.8525000000000001465, 3.199999999999999289, -0.6499999999999998002 ) ) ;
#1757 =( NAMED_UNIT ( * ) PLANE_ANGLE_UNIT ( ) SI_UNIT ( $, .RADIAN. ) );
#1758 = EDGE_CURVE ( 'NONE', #6140, #2000, #1258, .T. ) ;
#1759 = DIRECTION ( 'NONE',  ( 1.000000000000000000, 0.000000000000000000, 0.000000000000000000 ) ) ;
#1760 = PRESENTATION_LAYER_ASSIGNMENT (  '', '', ( #4948 ) ) ;
#1761 = FILL_AREA_STYLE ('',( #743 ) ) ;
#1762 = EDGE_CURVE ( 'NONE', #2755, #744, #5767, .T. ) ;
#1763 = DIRECTION ( 'NONE',  ( -1.000000000000000000, -0.000000000000000000, -0.000000000000000000 ) ) ;
#1764 = DIRECTION ( 'NONE',  ( 1.000000000000000000, 0.000000000000000000, 0.000000000000000000 ) ) ;
#1765 = STYLED_ITEM ( 'NONE', ( #2176 ), #1968 ) ;
#1766 = AXIS2_PLACEMENT_3D ( 'NONE', #2104, #5930, #6522 ) ;
#1767 = EDGE_CURVE ( 'NONE', #3837, #6772, #706, .T. ) ;
#1768 = CARTESIAN_POINT ( 'NONE',  ( -0.2025000000000002076, -2.326767216444461273, 0.07249999999999999500 ) ) ;
#1769 = FACE_OUTER_BOUND ( 'NONE', #3289, .T. ) ;
#1770 = MECHANICAL_DESIGN_GEOMETRIC_PRESENTATION_REPRESENTATION (  '', ( #4832 ), #249 ) ;
#1771 = AXIS2_PLACEMENT_3D ( 'NONE', #4680, #6334, #6941 ) ;
#1772 =( NAMED_UNIT ( * ) SI_UNIT ( $, .STERADIAN. ) SOLID_ANGLE_UNIT ( ) );
#1773 = VERTEX_POINT ( 'NONE', #2458 ) ;
#1774 = SURFACE_SIDE_STYLE ('',( #6836 ) ) ;
#1775 = VERTEX_POINT ( 'NONE', #2938 ) ;
#1776 = SURFACE_STYLE_USAGE ( .BOTH. , #4618 ) ;
#1777 = SURFACE_STYLE_USAGE ( .BOTH. , #4477 ) ;
#1778 = FILL_AREA_STYLE_COLOUR ( '', #4987 ) ;
#1779 = AXIS2_PLACEMENT_3D ( 'NONE', #5090, #3363, #2781 ) ;
#1780 = MECHANICAL_DESIGN_GEOMETRIC_PRESENTATION_REPRESENTATION (  '', ( #1889 ), #5804 ) ;
#1781 = SURFACE_STYLE_FILL_AREA ( #3074 ) ;
#1782 = DIRECTION ( 'NONE',  ( 0.1039620511844979306, 0.1039620511844979306, -0.9891328443778538704 ) ) ;
#1783 = PRESENTATION_LAYER_ASSIGNMENT (  '', '', ( #1439 ) ) ;
#1784 = AXIS2_PLACEMENT_3D ( 'NONE', #4242, #4498, #6157 ) ;
#1785 = ORIENTED_EDGE ( 'NONE', *, *, #2289, .T. ) ;
#1786 =( LENGTH_UNIT ( ) NAMED_UNIT ( * ) SI_UNIT ( .MILLI., .METRE. ) );
#1787 =( GEOMETRIC_REPRESENTATION_CONTEXT ( 3 ) GLOBAL_UNCERTAINTY_ASSIGNED_CONTEXT ( ( #2771 ) ) GLOBAL_UNIT_ASSIGNED_CONTEXT ( ( #3043, #1831, #4116 ) ) REPRESENTATION_CONTEXT ( 'NONE', 'WORKASPACE' ) );
#1788 = EDGE_CURVE ( 'NONE', #92, #5743, #3588, .T. ) ;
#1789 = CARTESIAN_POINT ( 'NONE',  ( 0.8524999999999997025, 2.326767216444461273, -0.1275000000000000022 ) ) ;
#1790 = CARTESIAN_POINT ( 'NONE',  ( 1.097499999999999698, 2.199999999999999289, 0.07249999999999999500 ) ) ;
#1791 = ORIENTED_EDGE ( 'NONE', *, *, #2816, .F. ) ;
#1792 = SURFACE_STYLE_USAGE ( .BOTH. , #6219 ) ;
#1793 = EDGE_LOOP ( 'NONE', ( #1828, #745, #2011, #4024 ) ) ;
#1794 = PRESENTATION_LAYER_ASSIGNMENT (  '', '', ( #7114 ) ) ;
#1795 = CARTESIAN_POINT ( 'NONE',  ( 1.425273160256224525, 2.199999626916907314, 0.07250354964850760919 ) ) ;
#1796 = PRESENTATION_LAYER_ASSIGNMENT (  '', '', ( #5104 ) ) ;
#1797 = LINE ( 'NONE', #1833, #883 ) ;
#1798 = CARTESIAN_POINT ( 'NONE',  ( -0.4475000000000001754, -2.199999999999999289, -0.07249999999999999500 ) ) ;
#1799 = PRESENTATION_LAYER_ASSIGNMENT (  '', '', ( #3099 ) ) ;
#1800 = CARTESIAN_POINT ( 'NONE',  ( -1.382282424338302063, -2.149812727660638689, 0.5500000000000000444 ) ) ;
#1801 = VECTOR ( 'NONE', #5432, 1000.000000000000000 ) ;
#1802 = CYLINDRICAL_SURFACE ( 'NONE', #3936, 0.07500000000000002498 ) ;
#1803 = COLOUR_RGB ( '',0.8039215686274510109, 0.8039215686274510109, 0.8039215686274510109 ) ;
#1804 = VECTOR ( 'NONE', #7021, 1000.000000000000000 ) ;
#1805 = DIRECTION ( 'NONE',  ( 0.000000000000000000, 1.000000000000000000, 0.000000000000000000 ) ) ;
#1806 = AXIS2_PLACEMENT_3D ( 'NONE', #3472, #6288, #4164 ) ;
#1807 = SURFACE_STYLE_USAGE ( .BOTH. , #194 ) ;
#1808 = VECTOR ( 'NONE', #6473, 1000.000000000000000 ) ;
#1809 = PRESENTATION_STYLE_ASSIGNMENT (( #5287 ) ) ;
#1810 = SURFACE_STYLE_USAGE ( .BOTH. , #6866 ) ;
#1811 = STYLED_ITEM ( 'NONE', ( #6294 ), #5612 ) ;
#1812 = ORIENTED_EDGE ( 'NONE', *, *, #646, .T. ) ;
#1813 = DIRECTION ( 'NONE',  ( 0.000000000000000000, 0.000000000000000000, -1.000000000000000000 ) ) ;
#1814 = DIRECTION ( 'NONE',  ( -1.000000000000000000, -0.000000000000000000, -0.000000000000000000 ) ) ;
#1816 = FILL_AREA_STYLE_COLOUR ( '', #836 ) ;
#1815 = LINE ( 'NONE', #4773, #2518 ) ;
#1817 = ORIENTED_EDGE ( 'NONE', *, *, #423, .F. ) ;
#1818 = SURFACE_SIDE_STYLE ('',( #5782 ) ) ;
#1819 = ADVANCED_FACE ( 'NONE', ( #2391 ), #4645, .T. ) ;
#1820 = CARTESIAN_POINT ( 'NONE',  ( -1.097500000000000142, -2.299999999999999378, -0.07249999999999999500 ) ) ;
#1821 = UNCERTAINTY_MEASURE_WITH_UNIT (LENGTH_MEASURE( 1.000000000000000082E-05 ), #5966, 'distance_accuracy_value', 'NONE');
#1822 = ORIENTED_EDGE ( 'NONE', *, *, #5778, .F. ) ;
#1823 = CARTESIAN_POINT ( 'NONE',  ( 0.8524999999999997025, 2.599999999999999645, -0.5153054482615858634 ) ) ;
#1824 = ORIENTED_EDGE ( 'NONE', *, *, #2718, .F. ) ;
#1825 = FACE_OUTER_BOUND ( 'NONE', #5779, .T. ) ;
#1826 =( NAMED_UNIT ( * ) SI_UNIT ( $, .STERADIAN. ) SOLID_ANGLE_UNIT ( ) );
#1827 = CYLINDRICAL_SURFACE ( 'NONE', #1168, 0.09999999999999979738 ) ;
#1828 = ORIENTED_EDGE ( 'NONE', *, *, #5165, .F. ) ;
#1829 = DIRECTION ( 'NONE',  ( 0.000000000000000000, -0.9945218953682731788, -0.1045284632676548170 ) ) ;
#1830 = LINE ( 'NONE', #6438, #6793 ) ;
#1831 =( NAMED_UNIT ( * ) PLANE_ANGLE_UNIT ( ) SI_UNIT ( $, .RADIAN. ) );
#1832 =( GEOMETRIC_REPRESENTATION_CONTEXT ( 3 ) GLOBAL_UNCERTAINTY_ASSIGNED_CONTEXT ( ( #3246 ) ) GLOBAL_UNIT_ASSIGNED_CONTEXT ( ( #1786, #1244, #1970 ) ) REPRESENTATION_CONTEXT ( 'NONE', 'WORKASPACE' ) );
#1833 = CARTESIAN_POINT ( 'NONE',  ( 0.2024999999999997635, -2.387873924808715298, -0.1247697858928739911 ) ) ;
#1834 = CARTESIAN_POINT ( 'NONE',  ( -1.097500000000000142, -3.199999999999999289, -0.5046459247782298929 ) ) ;
#1835 = ORIENTED_EDGE ( 'NONE', *, *, #1013, .F. ) ;
#1836 = ORIENTED_EDGE ( 'NONE', *, *, #3373, .T. ) ;
#1837 = DIRECTION ( 'NONE',  ( 0.000000000000000000, 1.000000000000000000, 0.000000000000000000 ) ) ;
#1838 = DIRECTION ( 'NONE',  ( 1.000000000000000000, -0.000000000000000000, 0.000000000000000000 ) ) ;
#1839 = EDGE_CURVE ( 'NONE', #4742, #1143, #3805, .T. ) ;
#1840 = MECHANICAL_DESIGN_GEOMETRIC_PRESENTATION_REPRESENTATION (  '', ( #5510 ), #5996 ) ;
#1841 = FILL_AREA_STYLE ('',( #3102 ) ) ;
#1842 = EDGE_LOOP ( 'NONE', ( #2243, #221 ) ) ;
#1843 = CARTESIAN_POINT ( 'NONE',  ( 0.2024999999999997635, -3.199999999999999289, -0.5046459247782298929 ) ) ;
#1844 =( LENGTH_UNIT ( ) NAMED_UNIT ( * ) SI_UNIT ( .MILLI., .METRE. ) );
#1845 = ADVANCED_FACE ( 'NONE', ( #2018 ), #1398, .T. ) ;
#1846 = DIRECTION ( 'NONE',  ( 1.000000000000000000, 0.000000000000000000, 0.000000000000000000 ) ) ;
#1847 = EDGE_LOOP ( 'NONE', ( #3105, #2746, #5235, #2222, #6230, #2845, #4986, #2760, #6843, #1900, #13, #3360 ) ) ;
#1848 = CARTESIAN_POINT ( 'NONE',  ( -0.4475000000000001754, -2.387873924808715298, -0.1247697858928739911 ) ) ;
#1849 = LINE ( 'NONE', #3448, #7111 ) ;
#1850 = AXIS2_PLACEMENT_3D ( 'NONE', #6655, #858, #3098 ) ;
#1851 = DIRECTION ( 'NONE',  ( -1.000000000000000000, -0.000000000000000000, -0.000000000000000000 ) ) ;
#1852 = SURFACE_STYLE_USAGE ( .BOTH. , #2843 ) ;
#1853 = EDGE_LOOP ( 'NONE', ( #1660, #5863, #1324, #720 ) ) ;
#1854 = DIRECTION ( 'NONE',  ( 1.000000000000000000, 0.000000000000000000, 0.000000000000000000 ) ) ;
#1855 = FILL_AREA_STYLE_COLOUR ( '', #3899 ) ;
#1856 = LINE ( 'NONE', #1274, #2864 ) ;
#1857 = MECHANICAL_DESIGN_GEOMETRIC_PRESENTATION_REPRESENTATION (  '', ( #1527 ), #1065 ) ;
#1858 = CARTESIAN_POINT ( 'NONE',  ( 0.8524999999999997025, 2.803509833814964214, -0.3766764416818402239 ) ) ;
#1859 = DIRECTION ( 'NONE',  ( 0.000000000000000000, 0.000000000000000000, -1.000000000000000000 ) ) ;
#1860 = CARTESIAN_POINT ( 'NONE',  ( -1.500806167510464473, 2.126217025357842960, 0.06482982849429270999 ) ) ;
#1861 = DIRECTION ( 'NONE',  ( 1.000000000000000000, 0.000000000000000000, 0.000000000000000000 ) ) ;
#1862 = SURFACE_SIDE_STYLE ('',( #1215 ) ) ;
#1863 =( GEOMETRIC_REPRESENTATION_CONTEXT ( 3 ) GLOBAL_UNCERTAINTY_ASSIGNED_CONTEXT ( ( #1101 ) ) GLOBAL_UNIT_ASSIGNED_CONTEXT ( ( #5563, #2225, #3348 ) ) REPRESENTATION_CONTEXT ( 'NONE', 'WORKASPACE' ) );
#1864 = SURFACE_STYLE_FILL_AREA ( #1761 ) ;
#1865 = EDGE_LOOP ( 'NONE', ( #2973, #2993, #917, #4674 ) ) ;
#1866 = ORIENTED_EDGE ( 'NONE', *, *, #1973, .T. ) ;
#1867 = LINE ( 'NONE', #6611, #3942 ) ;
#1868 = CARTESIAN_POINT ( 'NONE',  ( -1.426217025357843893, -2.200806167510463318, 0.06482982849429265448 ) ) ;
#1869 =( LENGTH_UNIT ( ) NAMED_UNIT ( * ) SI_UNIT ( .MILLI., .METRE. ) );
#1870 = SURFACE_SIDE_STYLE ('',( #3656 ) ) ;
#1871 = AXIS2_PLACEMENT_3D ( 'NONE', #3872, #3310, #5021 ) ;
#1872 = FILL_AREA_STYLE_COLOUR ( '', #2097 ) ;
#1873 = STYLED_ITEM ( 'NONE', ( #1040 ), #4019 ) ;
#1874 = CARTESIAN_POINT ( 'NONE',  ( -1.500000000000000444, -2.124999999999999112, 0.07249999999999999500 ) ) ;
#1875 = ADVANCED_FACE ( 'NONE', ( #4802 ), #2063, .T. ) ;
#1876 = FACE_OUTER_BOUND ( 'NONE', #2495, .T. ) ;
#1877 = EDGE_CURVE ( 'NONE', #683, #1598, #3299, .T. ) ;
#1878 = ORIENTED_EDGE ( 'NONE', *, *, #5086, .T. ) ;
#1879 = MECHANICAL_DESIGN_GEOMETRIC_PRESENTATION_REPRESENTATION (  '', ( #5438 ), #5109 ) ;
#1880 = FILL_AREA_STYLE ('',( #5773 ) ) ;
#1881 = FILL_AREA_STYLE ('',( #2990 ) ) ;
#1882 = FACE_OUTER_BOUND ( 'NONE', #3021, .T. ) ;
#1883 = DIRECTION ( 'NONE',  ( 0.000000000000000000, 0.4773021410712618984, 0.8787392480871610845 ) ) ;
#1884 = UNCERTAINTY_MEASURE_WITH_UNIT (LENGTH_MEASURE( 1.000000000000000082E-05 ), #6355, 'distance_accuracy_value', 'NONE');
#1885 = ORIENTED_EDGE ( 'NONE', *, *, #4414, .F. ) ;
#1886 = DIRECTION ( 'NONE',  ( -0.9945218953682732899, 0.000000000000000000, 0.1045284632676537206 ) ) ;
#1887 = LINE ( 'NONE', #4108, #1347 ) ;
#1888 = CARTESIAN_POINT ( 'NONE',  ( 1.499760935694445463, -2.168963392251840094, 0.07477454493103763422 ) ) ;
#1889 = STYLED_ITEM ( 'NONE', ( #1030 ), #3516 ) ;
#1890 = CARTESIAN_POINT ( 'NONE',  ( 1.499999999999999556, -2.199999999999999289, -0.07249999999999999500 ) ) ;
#1891 = DIRECTION ( 'NONE',  ( 1.000000000000000000, 0.000000000000000000, 0.000000000000000000 ) ) ;
#1892 = UNCERTAINTY_MEASURE_WITH_UNIT (LENGTH_MEASURE( 1.000000000000000082E-05 ), #6303, 'distance_accuracy_value', 'NONE');
#1893 = VECTOR ( 'NONE', #6622, 1000.000000000000000 ) ;
#1894 = SURFACE_STYLE_USAGE ( .BOTH. , #7029 ) ;
#1895 = DIRECTION ( 'NONE',  ( 0.000000000000000000, 0.000000000000000000, -1.000000000000000000 ) ) ;
#1896 = VECTOR ( 'NONE', #7086, 1000.000000000000000 ) ;
#1897 = FILL_AREA_STYLE_COLOUR ( '', #2172 ) ;
#1898 = SURFACE_STYLE_USAGE ( .BOTH. , #4119 ) ;
#1899 = ORIENTED_EDGE ( 'NONE', *, *, #4821, .T. ) ;
#1900 = ORIENTED_EDGE ( 'NONE', *, *, #2203, .F. ) ;
#1901 = VECTOR ( 'NONE', #3791, 1000.000000000000000 ) ;
#1902 = AXIS2_PLACEMENT_3D ( 'NONE', #3727, #3763, #6003 ) ;
#1903 = SURFACE_SIDE_STYLE ('',( #264 ) ) ;
#1904 = COLOUR_RGB ( '',0.8039215686274510109, 0.8039215686274510109, 0.8039215686274510109 ) ;
#1905 = DIRECTION ( 'NONE',  ( 0.000000000000000000, -0.4773021410712616763, -0.8787392480871611955 ) ) ;
#1906 = PRESENTATION_STYLE_ASSIGNMENT (( #704 ) ) ;
#1907 = AXIS2_PLACEMENT_3D ( 'NONE', #6979, #1911, #4126 ) ;
#1908 = PRESENTATION_LAYER_ASSIGNMENT (  '', '', ( #5949 ) ) ;
#1909 = FACE_OUTER_BOUND ( 'NONE', #2740, .T. ) ;
#1910 = CIRCLE ( 'NONE', #6869, 0.07499999999999998335 ) ;
#1911 = DIRECTION ( 'NONE',  ( 1.000000000000000000, 0.000000000000000000, 0.000000000000000000 ) ) ;
#1912 = CIRCLE ( 'NONE', #6766, 0.09999999999999979738 ) ;
#1913 = DIRECTION ( 'NONE',  ( 0.000000000000000000, 0.000000000000000000, -1.000000000000000000 ) ) ;
#1914 = COLOUR_RGB ( '',0.2862745098039215508, 0.2862745098039215508, 0.2862745098039215508 ) ;
#1915 = AXIS2_PLACEMENT_3D ( 'NONE', #7031, #5936, #1997 ) ;
#1916 = VERTEX_POINT ( 'NONE', #2209 ) ;
#1917 = VECTOR ( 'NONE', #4640, 1000.000000000000000 ) ;
#1918 = COLOUR_RGB ( '',0.8039215686274510109, 0.8039215686274510109, 0.8039215686274510109 ) ;
#1919 = DIRECTION ( 'NONE',  ( -1.000000000000000000, -0.000000000000000000, -0.000000000000000000 ) ) ;
#1920 = ADVANCED_FACE ( 'NONE', ( #1653 ), #5511, .T. ) ;
#1922 = FILL_AREA_STYLE ('',( #1816 ) ) ;
#1921 = SURFACE_SIDE_STYLE ('',( #5261 ) ) ;
#1923 = FILL_AREA_STYLE_COLOUR ( '', #3224 ) ;
#1924 = COLOUR_RGB ( '',0.8039215686274510109, 0.8039215686274510109, 0.8039215686274510109 ) ;
#1925 = COLOUR_RGB ( '',0.8039215686274510109, 0.8039215686274510109, 0.8039215686274510109 ) ;
#1926 =( GEOMETRIC_REPRESENTATION_CONTEXT ( 3 ) GLOBAL_UNCERTAINTY_ASSIGNED_CONTEXT ( ( #1378 ) ) GLOBAL_UNIT_ASSIGNED_CONTEXT ( ( #270, #2393, #4205 ) ) REPRESENTATION_CONTEXT ( 'NONE', 'WORKASPACE' ) );
#1927 = CARTESIAN_POINT ( 'NONE',  ( 0.4474999999999997868, 2.502515066061893556, -0.03203957178574777520 ) ) ;
#1928 = EDGE_LOOP ( 'NONE', ( #2958, #7005, #3091, #3306, #1039, #3030 ) ) ;
#1929 = EDGE_CURVE ( 'NONE', #4183, #3010, #7237, .T. ) ;
#1930 = CARTESIAN_POINT ( 'NONE',  ( -0.7222824243383022536, -1.642282424338300739, 0.5400000000000000355 ) ) ;
#1931 = MECHANICAL_DESIGN_GEOMETRIC_PRESENTATION_REPRESENTATION (  '', ( #5843 ), #6555 ) ;
#1932 =( LENGTH_UNIT ( ) NAMED_UNIT ( * ) SI_UNIT ( .MILLI., .METRE. ) );
#1933 = DIRECTION ( 'NONE',  ( 0.000000000000000000, 0.4773021410712618984, 0.8787392480871610845 ) ) ;
#1934 = EDGE_CURVE ( 'NONE', #2772, #3532, #3395, .T. ) ;
#1935 = ORIENTED_EDGE ( 'NONE', *, *, #5562, .F. ) ;
#1936 = FACE_OUTER_BOUND ( 'NONE', #4357, .T. ) ;
#1937 = DIRECTION ( 'NONE',  ( -1.000000000000000000, -0.000000000000000000, -0.000000000000000000 ) ) ;
#1938 =( NAMED_UNIT ( * ) SI_UNIT ( $, .STERADIAN. ) SOLID_ANGLE_UNIT ( ) );
#1939 = VECTOR ( 'NONE', #7263, 1000.000000000000000 ) ;
#1940 = PRESENTATION_STYLE_ASSIGNMENT (( #6433 ) ) ;
#1941 = DIRECTION ( 'NONE',  ( 0.000000000000000000, -1.000000000000000000, 0.000000000000000000 ) ) ;
#1942 = SURFACE_STYLE_FILL_AREA ( #5869 ) ;
#1943 = FILL_AREA_STYLE ('',( #4670 ) ) ;
#1944 = CARTESIAN_POINT ( 'NONE',  ( 1.425409738600887266, 2.199998880753507802, -0.07251064891903699627 ) ) ;
#1945 = EDGE_CURVE ( 'NONE', #1143, #1015, #1412, .T. ) ;
#1946 = FACE_OUTER_BOUND ( 'NONE', #52, .T. ) ;
#1947 = ORIENTED_EDGE ( 'NONE', *, *, #2690, .T. ) ;
#1948 = ORIENTED_EDGE ( 'NONE', *, *, #3287, .F. ) ;
#1949 = CARTESIAN_POINT ( 'NONE',  ( 1.378661349777295042, 2.078661349777295886, -0.5094522230893238079 ) ) ;
#1950 = LINE ( 'NONE', #1868, #6656 ) ;
#1951 = PLANE ( 'NONE',  #4469 ) ;
#1952 = CARTESIAN_POINT ( 'NONE',  ( -0.8525000000000001465, -2.387873924808715298, -0.1247697858928739911 ) ) ;
#1953 = DIRECTION ( 'NONE',  ( 0.000000000000000000, -0.4773021410712618984, 0.8787392480871610845 ) ) ;
#1954 = FILL_AREA_STYLE_COLOUR ( '', #3269 ) ;
#1955 =( NAMED_UNIT ( * ) SI_UNIT ( $, .STERADIAN. ) SOLID_ANGLE_UNIT ( ) );
#1956 = STYLED_ITEM ( 'NONE', ( #81 ), #3055 ) ;
#1957 =( NAMED_UNIT ( * ) SI_UNIT ( $, .STERADIAN. ) SOLID_ANGLE_UNIT ( ) );
#1958 = VERTEX_POINT ( 'NONE', #517 ) ;
#1959 = SURFACE_SIDE_STYLE ('',( #5332 ) ) ;
#1960 = DIRECTION ( 'NONE',  ( 1.000000000000000000, 0.000000000000000000, 0.000000000000000000 ) ) ;
#1961 = CARTESIAN_POINT ( 'NONE',  ( 0.8524999999999997025, -2.715635909006247850, -0.4244066557889664137 ) ) ;
#1962 = DIRECTION ( 'NONE',  ( 0.000000000000000000, 0.4773021410712616763, -0.8787392480871611955 ) ) ;
#1963 = ORIENTED_EDGE ( 'NONE', *, *, #3052, .F. ) ;
#1964 = CARTESIAN_POINT ( 'NONE',  ( -1.097500000000000142, -3.199999999999999289, -0.5046459247782298929 ) ) ;
#1965 = SURFACE_STYLE_FILL_AREA ( #3117 ) ;
#1966 = CARTESIAN_POINT ( 'NONE',  ( 0.2024999999999997635, -2.299999999999999378, -0.07249999999999999500 ) ) ;
#1967 = UNCERTAINTY_MEASURE_WITH_UNIT (LENGTH_MEASURE( 1.000000000000000082E-05 ), #5622, 'distance_accuracy_value', 'NONE');
#1968 = ADVANCED_FACE ( 'NONE', ( #4942 ), #5578, .T. ) ;
#1969 = EDGE_LOOP ( 'NONE', ( #5688, #4770, #4226, #3908, #3409, #1050 ) ) ;
#1970 =( NAMED_UNIT ( * ) SI_UNIT ( $, .STERADIAN. ) SOLID_ANGLE_UNIT ( ) );
#1971 = AXIS2_PLACEMENT_3D ( 'NONE', #230, #3017, #753 ) ;
#1972 = CARTESIAN_POINT ( 'NONE',  ( 0.2024999999999997635, -2.796534186440551739, -0.4764328467078229323 ) ) ;
#1973 = EDGE_CURVE ( 'NONE', #3702, #6794, #2114, .T. ) ;
#1974 = SURFACE_SIDE_STYLE ('',( #4668 ) ) ;
#1975 = ADVANCED_FACE ( 'NONE', ( #3974 ), #6253, .T. ) ;
#1976 = DIRECTION ( 'NONE',  ( 1.000000000000000000, 0.000000000000000000, 0.000000000000000000 ) ) ;
#1977 = UNCERTAINTY_MEASURE_WITH_UNIT (LENGTH_MEASURE( 1.000000000000000082E-05 ), #3087, 'distance_accuracy_value', 'NONE');
#1978 = CARTESIAN_POINT ( 'NONE',  ( -1.097500000000000142, 3.199999999999999289, -0.6499999999999998002 ) ) ;
#1979 = CARTESIAN_POINT ( 'NONE',  ( -0.8525000000000001465, 2.326767216444461273, 0.07249999999999999500 ) ) ;
#1980 = UNCERTAINTY_MEASURE_WITH_UNIT (LENGTH_MEASURE( 1.000000000000000082E-05 ), #4344, 'distance_accuracy_value', 'NONE');
#1981 = ORIENTED_EDGE ( 'NONE', *, *, #1017, .F. ) ;
#1982 = ORIENTED_EDGE ( 'NONE', *, *, #3417, .T. ) ;
#1983 =( NAMED_UNIT ( * ) SI_UNIT ( $, .STERADIAN. ) SOLID_ANGLE_UNIT ( ) );
#1984 = DIRECTION ( 'NONE',  ( 0.000000000000000000, 0.4773021410712616763, -0.8787392480871611955 ) ) ;
#1985 = SURFACE_STYLE_FILL_AREA ( #337 ) ;
#1986 =( NAMED_UNIT ( * ) SI_UNIT ( $, .STERADIAN. ) SOLID_ANGLE_UNIT ( ) );
#1987 = MECHANICAL_DESIGN_GEOMETRIC_PRESENTATION_REPRESENTATION (  '', ( #5770 ), #6262 ) ;
#1988 = EDGE_CURVE ( 'NONE', #2306, #6234, #183, .T. ) ;
#1989 =( NAMED_UNIT ( * ) SI_UNIT ( $, .STERADIAN. ) SOLID_ANGLE_UNIT ( ) );
#1990 = VERTEX_POINT ( 'NONE', #1279 ) ;
#1991 = COLOUR_RGB ( '',0.8039215686274510109, 0.8039215686274510109, 0.8039215686274510109 ) ;
#1992 = CYLINDRICAL_SURFACE ( 'NONE', #2101, 0.2000000000000000389 ) ;
#1993 = ORIENTED_EDGE ( 'NONE', *, *, #6893, .F. ) ;
#1994 = UNCERTAINTY_MEASURE_WITH_UNIT (LENGTH_MEASURE( 1.000000000000000082E-05 ), #7262, 'distance_accuracy_value', 'NONE');
#1995 = MECHANICAL_DESIGN_GEOMETRIC_PRESENTATION_REPRESENTATION (  '', ( #357 ), #4585 ) ;
#1996 = CARTESIAN_POINT ( 'NONE',  ( -0.4475000000000001754, 2.715635909006247850, -0.4244066557889664137 ) ) ;
#1997 = DIRECTION ( 'NONE',  ( 0.000000000000000000, 0.000000000000000000, -1.000000000000000000 ) ) ;
#1998 = MECHANICAL_DESIGN_GEOMETRIC_PRESENTATION_REPRESENTATION (  '', ( #1765 ), #3775 ) ;
#1999 = PRESENTATION_LAYER_ASSIGNMENT (  '', '', ( #6956 ) ) ;
#2000 = VERTEX_POINT ( 'NONE', #666 ) ;
#2001 = DIRECTION ( 'NONE',  ( 0.000000000000000000, -1.000000000000000000, 0.000000000000000000 ) ) ;
#2002 = CARTESIAN_POINT ( 'NONE',  ( 0.2024999999999997635, 2.796534186440551739, -0.4764328467078229323 ) ) ;
#2003 = ORIENTED_EDGE ( 'NONE', *, *, #821, .T. ) ;
#2004 =( NAMED_UNIT ( * ) SI_UNIT ( $, .STERADIAN. ) SOLID_ANGLE_UNIT ( ) );
#2005 = FACE_OUTER_BOUND ( 'NONE', #2396, .T. ) ;
#2006 =( NAMED_UNIT ( * ) SI_UNIT ( $, .STERADIAN. ) SOLID_ANGLE_UNIT ( ) );
#2007 = EDGE_CURVE ( 'NONE', #4816, #3300, #2343, .T. ) ;
#2008 = FACE_OUTER_BOUND ( 'NONE', #2068, .T. ) ;
#2009 = PLANE ( 'NONE',  #4500 ) ;
#2010 = VERTEX_POINT ( 'NONE', #2891 ) ;
#2011 = ORIENTED_EDGE ( 'NONE', *, *, #99, .T. ) ;
#2012 = VERTEX_POINT ( 'NONE', #4043 ) ;
#2013 = DIRECTION ( 'NONE',  ( 0.000000000000000000, 1.000000000000000000, 0.000000000000000000 ) ) ;
#2014 = AXIS2_PLACEMENT_3D ( 'NONE', #4003, #5718, #3390 ) ;
#2015 = CYLINDRICAL_SURFACE ( 'NONE', #1574, 0.07500000000000002498 ) ;
#2016 = DIRECTION ( 'NONE',  ( -0.1039620511844979445, 0.1039620511844979445, 0.9891328443778539814 ) ) ;
#2017 = AXIS2_PLACEMENT_3D ( 'NONE', #2052, #7125, #4824 ) ;
#2018 = FACE_OUTER_BOUND ( 'NONE', #5657, .T. ) ;
#2019 = AXIS2_PLACEMENT_3D ( 'NONE', #1676, #5805, #6945 ) ;
#2020 = SURFACE_STYLE_FILL_AREA ( #5368 ) ;
#2021 = DIRECTION ( 'NONE',  ( -1.000000000000000000, -0.000000000000000000, -0.000000000000000000 ) ) ;
#2022 = VECTOR ( 'NONE', #2230, 1000.000000000000114 ) ;
#2023 = EDGE_CURVE ( 'NONE', #7264, #5197, #5205, .T. ) ;
#2024 = ORIENTED_EDGE ( 'NONE', *, *, #4, .T. ) ;
#2025 = DIRECTION ( 'NONE',  ( 0.1039620511844979306, -0.1039620511844979306, 0.9891328443778538704 ) ) ;
#2026 = EDGE_LOOP ( 'NONE', ( #7227, #1282, #6510, #6609, #4520, #6145, #3392, #897 ) ) ;
#2027 = COLOUR_RGB ( '',0.8039215686274510109, 0.8039215686274510109, 0.8039215686274510109 ) ;
#2028 =( NAMED_UNIT ( * ) SI_UNIT ( $, .STERADIAN. ) SOLID_ANGLE_UNIT ( ) );
#2029 =( GEOMETRIC_REPRESENTATION_CONTEXT ( 3 ) GLOBAL_UNCERTAINTY_ASSIGNED_CONTEXT ( ( #130 ) ) GLOBAL_UNIT_ASSIGNED_CONTEXT ( ( #7118, #6538, #953 ) ) REPRESENTATION_CONTEXT ( 'NONE', 'WORKASPACE' ) );
#2030 = PRESENTATION_LAYER_ASSIGNMENT (  '', '', ( #6183 ) ) ;
#2031 = DIRECTION ( 'NONE',  ( 1.000000000000000000, -0.000000000000000000, 0.000000000000000000 ) ) ;
#2032 = MECHANICAL_DESIGN_GEOMETRIC_PRESENTATION_REPRESENTATION (  '', ( #2259 ), #6537 ) ;
#2033 = CARTESIAN_POINT ( 'NONE',  ( -0.8525000000000001465, 2.199999999999999289, 0.07249999999999999500 ) ) ;
#2034 = PRESENTATION_LAYER_ASSIGNMENT (  '', '', ( #6085 ) ) ;
#2035 = ADVANCED_FACE ( 'NONE', ( #2856 ), #736, .T. ) ;
#2036 = MECHANICAL_DESIGN_GEOMETRIC_PRESENTATION_REPRESENTATION (  '', ( #1576 ), #2162 ) ;
#2037 = EDGE_LOOP ( 'NONE', ( #5415, #2145, #2199, #6264 ) ) ;
#2038 = CARTESIAN_POINT ( 'NONE',  ( 0.000000000000000000, 2.082282424338300686, 0.4750000000000000333 ) ) ;
#2039 = VECTOR ( 'NONE', #6845, 1000.000000000000000 ) ;
#2040 = COLOUR_RGB ( '',0.8039215686274510109, 0.8039215686274510109, 0.8039215686274510109 ) ;
#2041 = DIRECTION ( 'NONE',  ( 0.000000000000000000, 0.06975647374412530244, 0.9975640502598243087 ) ) ;
#2042 = DIRECTION ( 'NONE',  ( 0.000000000000000000, -1.000000000000000000, 0.000000000000000000 ) ) ;
#2043 = AXIS2_PLACEMENT_3D ( 'NONE', #4648, #196, #4093 ) ;
#2044 = ORIENTED_EDGE ( 'NONE', *, *, #687, .T. ) ;
#2045 = DIRECTION ( 'NONE',  ( 0.000000000000000000, 1.000000000000000000, 0.000000000000000000 ) ) ;
#2046 = MECHANICAL_DESIGN_GEOMETRIC_PRESENTATION_REPRESENTATION (  '', ( #6668 ), #1700 ) ;
#2047 = DIRECTION ( 'NONE',  ( 0.000000000000000000, 0.000000000000000000, -1.000000000000000000 ) ) ;
#2048 =( LENGTH_UNIT ( ) NAMED_UNIT ( * ) SI_UNIT ( .MILLI., .METRE. ) );
#2049 = SURFACE_SIDE_STYLE ('',( #5422 ) ) ;
#2050 =( GEOMETRIC_REPRESENTATION_CONTEXT ( 3 ) GLOBAL_UNCERTAINTY_ASSIGNED_CONTEXT ( ( #3603 ) ) GLOBAL_UNIT_ASSIGNED_CONTEXT ( ( #4308, #2574, #2606 ) ) REPRESENTATION_CONTEXT ( 'NONE', 'WORKASPACE' ) );
#2051 = EDGE_CURVE ( 'NONE', #509, #3868, #6326, .T. ) ;
#2052 = CARTESIAN_POINT ( 'NONE',  ( 1.382282424338300952, 2.082282424338301130, -0.4750000000000000333 ) ) ;
#2053 = UNCERTAINTY_MEASURE_WITH_UNIT (LENGTH_MEASURE( 1.000000000000000082E-05 ), #2936, 'distance_accuracy_value', 'NONE');
#2054 = ORIENTED_EDGE ( 'NONE', *, *, #991, .T. ) ;
#2055 = EDGE_LOOP ( 'NONE', ( #1899, #6723, #4121, #1503 ) ) ;
#2056 = ORIENTED_EDGE ( 'NONE', *, *, #2421, .T. ) ;
#2057 = VECTOR ( 'NONE', #900, 1000.000000000000000 ) ;
#2058 = STYLED_ITEM ( 'NONE', ( #3526 ), #489 ) ;
#2059 = SURFACE_SIDE_STYLE ('',( #3242 ) ) ;
#2060 = DIRECTION ( 'NONE',  ( -2.891205793294679017E-15, 0.000000000000000000, -1.000000000000000000 ) ) ;
#2061 = CARTESIAN_POINT ( 'NONE',  ( 0.2024999999999997635, 3.199999999999999289, -0.6499999999999998002 ) ) ;
#2062 = LINE ( 'NONE', #6584, #283 ) ;
#2063 = CYLINDRICAL_SURFACE ( 'NONE', #3885, 0.07499999999999998335 ) ;
#2064 = AXIS2_PLACEMENT_3D ( 'NONE', #2351, #592, #5620 ) ;
#2065 = SURFACE_STYLE_USAGE ( .BOTH. , #2604 ) ;
#2066 = LINE ( 'NONE', #905, #3707 ) ;
#2067 = EDGE_CURVE ( 'NONE', #6013, #92, #6497, .T. ) ;
#2068 = EDGE_LOOP ( 'NONE', ( #3580, #4404 ) ) ;
#2069 = DIRECTION ( 'NONE',  ( -0.1039620511844979306, -0.1039620511844979306, -0.9891328443778538704 ) ) ;
#2070 = ADVANCED_FACE ( 'NONE', ( #3501 ), #3622, .T. ) ;
#2071 = UNCERTAINTY_MEASURE_WITH_UNIT (LENGTH_MEASURE( 1.000000000000000082E-05 ), #1844, 'distance_accuracy_value', 'NONE');
#2072 =( NAMED_UNIT ( * ) PLANE_ANGLE_UNIT ( ) SI_UNIT ( $, .RADIAN. ) );
#2073 = CARTESIAN_POINT ( 'NONE',  ( -1.097500000000000142, 2.715635909006247850, -0.4244066557889664137 ) ) ;
#2074 = CARTESIAN_POINT ( 'NONE',  ( 0.8524999999999997025, 2.599999999999999645, -0.5153054482615858634 ) ) ;
#2075 = DIRECTION ( 'NONE',  ( 0.000000000000000000, 0.000000000000000000, -1.000000000000000000 ) ) ;
#2076 = VERTEX_POINT ( 'NONE', #6397 ) ;
#2077 = COLOUR_RGB ( '',0.8039215686274510109, 0.8039215686274510109, 0.8039215686274510109 ) ;
#2078 = EDGE_CURVE ( 'NONE', #1143, #1773, #5284, .T. ) ;
#2079 = PRESENTATION_STYLE_ASSIGNMENT (( #2621 ) ) ;
#2080 = DIRECTION ( 'NONE',  ( 1.000000000000000000, 0.000000000000000000, 0.000000000000000000 ) ) ;
#2081 = ORIENTED_EDGE ( 'NONE', *, *, #5695, .T. ) ;
#2082 = DIRECTION ( 'NONE',  ( 0.000000000000000000, -0.4773021410712616763, -0.8787392480871610845 ) ) ;
#2083 =( NAMED_UNIT ( * ) PLANE_ANGLE_UNIT ( ) SI_UNIT ( $, .RADIAN. ) );
#2084 = DIRECTION ( 'NONE',  ( -1.000000000000000000, -0.000000000000000000, 0.000000000000000000 ) ) ;
#2085 =( NAMED_UNIT ( * ) SI_UNIT ( $, .STERADIAN. ) SOLID_ANGLE_UNIT ( ) );
#2086 = FILL_AREA_STYLE_COLOUR ( '', #2337 ) ;
#2087 = DIRECTION ( 'NONE',  ( 0.000000000000000000, 1.000000000000000000, 0.000000000000000000 ) ) ;
#2088 = EDGE_LOOP ( 'NONE', ( #2787, #3669, #1443, #1392 ) ) ;
#2089 = AXIS2_PLACEMENT_3D ( 'NONE', #3512, #6906, #3590 ) ;
#2090 = ORIENTED_EDGE ( 'NONE', *, *, #3783, .F. ) ;
#2091 = ORIENTED_EDGE ( 'NONE', *, *, #5158, .F. ) ;
#2092 = SURFACE_SIDE_STYLE ('',( #4375 ) ) ;
#2093 = DIRECTION ( 'NONE',  ( -1.000000000000000000, 0.000000000000000000, 0.000000000000000000 ) ) ;
#2094 = ORIENTED_EDGE ( 'NONE', *, *, #1490, .F. ) ;
#2095 = SURFACE_SIDE_STYLE ('',( #5615 ) ) ;
#2096 = CARTESIAN_POINT ( 'NONE',  ( 0.8524999999999997025, 2.326767216444461273, 0.07249999999999999500 ) ) ;
#2097 = COLOUR_RGB ( '',0.8039215686274510109, 0.8039215686274510109, 0.8039215686274510109 ) ;
#2098 =( NAMED_UNIT ( * ) PLANE_ANGLE_UNIT ( ) SI_UNIT ( $, .RADIAN. ) );
#2099 = CYLINDRICAL_SURFACE ( 'NONE', #6876, 0.2199999999999999178 ) ;
#2100 =( NAMED_UNIT ( * ) PLANE_ANGLE_UNIT ( ) SI_UNIT ( $, .RADIAN. ) );
#2101 = AXIS2_PLACEMENT_3D ( 'NONE', #3060, #3139, #5290 ) ;
#2102 = ORIENTED_EDGE ( 'NONE', *, *, #6605, .F. ) ;
#2103 = PRESENTATION_STYLE_ASSIGNMENT (( #7173 ) ) ;
#2104 = CARTESIAN_POINT ( 'NONE',  ( 0.8524999999999997025, -2.803509833814964214, -0.3766764416818402239 ) ) ;
#2105 = LINE ( 'NONE', #7143, #5687 ) ;
#2106 = DIRECTION ( 'NONE',  ( 0.1039620511844980277, -0.1039620511844983192, 0.9891328443778538704 ) ) ;
#2107 = EDGE_CURVE ( 'NONE', #2115, #1916, #3508, .T. ) ;
#2108 = ADVANCED_FACE ( 'NONE', ( #5766 ), #2502, .T. ) ;
#2109 =( NAMED_UNIT ( * ) SI_UNIT ( $, .STERADIAN. ) SOLID_ANGLE_UNIT ( ) );
#2110 = EDGE_LOOP ( 'NONE', ( #5320, #5584, #1666, #1878 ) ) ;
#2111 = SPHERICAL_SURFACE ( 'NONE', #5112, 0.07499999999999999722 ) ;
#2112 =( LENGTH_UNIT ( ) NAMED_UNIT ( * ) SI_UNIT ( .MILLI., .METRE. ) );
#2113 = PLANE ( 'NONE',  #3817 ) ;
#2114 = CIRCLE ( 'NONE', #6155, 0.07499999999999998335 ) ;
#2115 = VERTEX_POINT ( 'NONE', #2937 ) ;
#2116 = COLOUR_RGB ( '',0.8039215686274510109, 0.8039215686274510109, 0.8039215686274510109 ) ;
#2117 =( LENGTH_UNIT ( ) NAMED_UNIT ( * ) SI_UNIT ( .MILLI., .METRE. ) );
#2118 = FILL_AREA_STYLE_COLOUR ( '', #1680 ) ;
#2119 = EDGE_LOOP ( 'NONE', ( #4798, #1271, #5207, #545 ) ) ;
#2120 = DIRECTION ( 'NONE',  ( 0.000000000000000000, -0.8787392480871610845, -0.4773021410712618984 ) ) ;
#2121 = SURFACE_SIDE_STYLE ('',( #4931 ) ) ;
#2122 = EDGE_CURVE ( 'NONE', #524, #2901, #225, .T. ) ;
#2123 = STYLED_ITEM ( 'NONE', ( #749 ), #2157 ) ;
#2124 = AXIS2_PLACEMENT_3D ( 'NONE', #2429, #752, #6398 ) ;
#2125 =( NAMED_UNIT ( * ) PLANE_ANGLE_UNIT ( ) SI_UNIT ( $, .RADIAN. ) );
#2126 = UNCERTAINTY_MEASURE_WITH_UNIT (LENGTH_MEASURE( 1.000000000000000082E-05 ), #7273, 'distance_accuracy_value', 'NONE');
#2127 = VERTEX_POINT ( 'NONE', #790 ) ;
#2128 = VERTEX_POINT ( 'NONE', #1286 ) ;
#2129 = ORIENTED_EDGE ( 'NONE', *, *, #5022, .T. ) ;
#2130 = CARTESIAN_POINT ( 'NONE',  ( 0.8524999999999997025, -3.199999999999999289, -0.5046459247782298929 ) ) ;
#2131 = EDGE_LOOP ( 'NONE', ( #6768, #1866, #6442 ) ) ;
#2132 = CARTESIAN_POINT ( 'NONE',  ( 0.8524999999999997025, -3.199999999999999289, -0.6499999999999998002 ) ) ;
#2133 = CARTESIAN_POINT ( 'NONE',  ( 0.8524999999999997025, 2.199999999999999289, 0.07249999999999999500 ) ) ;
#2134 = DIRECTION ( 'NONE',  ( 0.000000000000000000, -0.9975640502598243087, 0.06975647374412519142 ) ) ;
#2135 = DIRECTION ( 'NONE',  ( 0.000000000000000000, -0.8787392480871610845, -0.4773021410712618984 ) ) ;
#2136 = AXIS2_PLACEMENT_3D ( 'NONE', #2689, #2626, #2047 ) ;
#2137 = SURFACE_SIDE_STYLE ('',( #4342 ) ) ;
#2138 = ORIENTED_EDGE ( 'NONE', *, *, #6365, .F. ) ;
#2139 = UNCERTAINTY_MEASURE_WITH_UNIT (LENGTH_MEASURE( 1.000000000000000082E-05 ), #3141, 'distance_accuracy_value', 'NONE');
#2140 =( GEOMETRIC_REPRESENTATION_CONTEXT ( 3 ) GLOBAL_UNCERTAINTY_ASSIGNED_CONTEXT ( ( #5833 ) ) GLOBAL_UNIT_ASSIGNED_CONTEXT ( ( #3991, #5707, #2328 ) ) REPRESENTATION_CONTEXT ( 'NONE', 'WORKASPACE' ) );
#2141 =( NAMED_UNIT ( * ) SI_UNIT ( $, .STERADIAN. ) SOLID_ANGLE_UNIT ( ) );
#2142 = CIRCLE ( 'NONE', #5220, 0.09999999999999979738 ) ;
#2143 = LINE ( 'NONE', #422, #4512 ) ;
#2144 =( GEOMETRIC_REPRESENTATION_CONTEXT ( 3 ) GLOBAL_UNCERTAINTY_ASSIGNED_CONTEXT ( ( #5015 ) ) GLOBAL_UNIT_ASSIGNED_CONTEXT ( ( #4710, #5836, #819 ) ) REPRESENTATION_CONTEXT ( 'NONE', 'WORKASPACE' ) );
#2145 = ORIENTED_EDGE ( 'NONE', *, *, #3740, .F. ) ;
#2146 = AXIS2_PLACEMENT_3D ( 'NONE', #1858, #5831, #1386 ) ;
#2147 = DIRECTION ( 'NONE',  ( 0.000000000000000000, 0.000000000000000000, -1.000000000000000000 ) ) ;
#2148 = MECHANICAL_DESIGN_GEOMETRIC_PRESENTATION_REPRESENTATION (  '', ( #624 ), #2714 ) ;
#2149 = SURFACE_STYLE_FILL_AREA ( #1087 ) ;
#2150 = DIRECTION ( 'NONE',  ( -0.1039620511844979306, 0.1039620511844979306, 0.9891328443778538704 ) ) ;
#2151 = CIRCLE ( 'NONE', #6867, 0.2000000000000000389 ) ;
#2152 = COLOUR_RGB ( '',0.8039215686274510109, 0.8039215686274510109, 0.8039215686274510109 ) ;
#2153 = VERTEX_POINT ( 'NONE', #1952 ) ;
#2154 = DIRECTION ( 'NONE',  ( 0.000000000000000000, 0.000000000000000000, -1.000000000000000000 ) ) ;
#2155 = VECTOR ( 'NONE', #2150, 1000.000000000000114 ) ;
#2156 = SURFACE_SIDE_STYLE ('',( #2256 ) ) ;
#2157 = ADVANCED_FACE ( 'NONE', ( #4203 ), #6477, .T. ) ;
#2158 = PLANE ( 'NONE',  #3677 ) ;
#2159 = SURFACE_STYLE_FILL_AREA ( #5529 ) ;
#2160 = CARTESIAN_POINT ( 'NONE',  ( 0.2024999999999997635, 2.299999999999999378, -0.07249999999999999500 ) ) ;
#2161 = VECTOR ( 'NONE', #2886, 1000.000000000000000 ) ;
#2162 =( GEOMETRIC_REPRESENTATION_CONTEXT ( 3 ) GLOBAL_UNCERTAINTY_ASSIGNED_CONTEXT ( ( #7003 ) ) GLOBAL_UNIT_ASSIGNED_CONTEXT ( ( #4314, #6593, #3778 ) ) REPRESENTATION_CONTEXT ( 'NONE', 'WORKASPACE' ) );
#2163 = EDGE_CURVE ( 'NONE', #6129, #245, #6837, .T. ) ;
#2164 =( NAMED_UNIT ( * ) SI_UNIT ( $, .STERADIAN. ) SOLID_ANGLE_UNIT ( ) );
#2165 = AXIS2_PLACEMENT_3D ( 'NONE', #2593, #5992, #4850 ) ;
#2166 = ORIENTED_EDGE ( 'NONE', *, *, #4548, .F. ) ;
#2167 = VERTEX_POINT ( 'NONE', #3695 ) ;
#2168 = SURFACE_STYLE_USAGE ( .BOTH. , #2059 ) ;
#2169 = AXIS2_PLACEMENT_3D ( 'NONE', #5810, #2904, #2433 ) ;
#2170 = FILL_AREA_STYLE ('',( #7230 ) ) ;
#2171 = PLANE ( 'NONE',  #4995 ) ;
#2172 = COLOUR_RGB ( '',0.8039215686274510109, 0.8039215686274510109, 0.8039215686274510109 ) ;
#2173 = VERTEX_POINT ( 'NONE', #1585 ) ;
#2174 = DIRECTION ( 'NONE',  ( 0.000000000000000000, 0.000000000000000000, -1.000000000000000000 ) ) ;
#2175 = DIRECTION ( 'NONE',  ( 1.000000000000000000, 0.000000000000000000, 0.000000000000000000 ) ) ;
#2176 = PRESENTATION_STYLE_ASSIGNMENT (( #586 ) ) ;
#2177 = EDGE_CURVE ( 'NONE', #732, #3966, #4974, .T. ) ;
#2178 = CARTESIAN_POINT ( 'NONE',  ( 1.456871566490921532, 2.082282424338302018, -0.4828396347450740755 ) ) ;
#2179 = CARTESIAN_POINT ( 'NONE',  ( -0.4475000000000001754, -2.599999999999999645, -0.5153054482615858634 ) ) ;
#2180 = DIRECTION ( 'NONE',  ( 0.000000000000000000, -0.4773021410712618984, 0.8787392480871610845 ) ) ;
#2181 = CARTESIAN_POINT ( 'NONE',  ( -0.4475000000000001754, 2.199999999999999289, -0.07249999999999999500 ) ) ;
#2182 = VERTEX_POINT ( 'NONE', #5539 ) ;
#2183 = STYLED_ITEM ( 'NONE', ( #3305 ), #460 ) ;
#2184 = FACE_OUTER_BOUND ( 'NONE', #4067, .T. ) ;
#2185 = DIRECTION ( 'NONE',  ( 0.000000000000000000, 0.000000000000000000, -1.000000000000000000 ) ) ;
#2186 = CARTESIAN_POINT ( 'NONE',  ( -0.8525000000000001465, 2.803509833814964214, -0.3766764416818402239 ) ) ;
#2187 = EDGE_LOOP ( 'NONE', ( #2056, #6509, #2662, #6731 ) ) ;
#2188 =( BOUNDED_CURVE ( )  B_SPLINE_CURVE ( 3, ( #6033, #5998, #6505, #1944 ),
 .UNSPECIFIED., .F., .T. ) 
 B_SPLINE_CURVE_WITH_KNOTS ( ( 4, 4 ),
 ( 5.503250352303690640, 7.063120262055493370 ),
 .UNSPECIFIED. ) 
 CURVE ( )  GEOMETRIC_REPRESENTATION_ITEM ( )  RATIONAL_B_SPLINE_CURVE ( ( 1.000000000000000000, 0.8073061876036347062, 0.8073061876036347062, 1.000000000000000000 ) ) 
 REPRESENTATION_ITEM ( '' )  );
#2189 = DIRECTION ( 'NONE',  ( 0.000000000000000000, 0.000000000000000000, -1.000000000000000000 ) ) ;
#2190 = CARTESIAN_POINT ( 'NONE',  ( -1.097500000000000142, 3.199999999999999289, -0.5046459247782298929 ) ) ;
#2191 = ORIENTED_EDGE ( 'NONE', *, *, #2303, .F. ) ;
#2192 = CARTESIAN_POINT ( 'NONE',  ( 0.8524999999999997025, 2.326767216444461273, -0.1275000000000000022 ) ) ;
#2193 = LINE ( 'NONE', #1092, #4387 ) ;
#2194 = PRESENTATION_LAYER_ASSIGNMENT (  '', '', ( #5153 ) ) ;
#2195 = DIRECTION ( 'NONE',  ( 1.000000000000000000, 0.000000000000000000, 0.000000000000000000 ) ) ;
#2196 = PRESENTATION_STYLE_ASSIGNMENT (( #1133 ) ) ;
#2197 = EDGE_CURVE ( 'NONE', #335, #6129, #3767, .T. ) ;
#2198 = LINE ( 'NONE', #72, #2871 ) ;
#2199 = ORIENTED_EDGE ( 'NONE', *, *, #5974, .T. ) ;
#2200 = ORIENTED_EDGE ( 'NONE', *, *, #6741, .F. ) ;
#2201 = ADVANCED_FACE ( 'NONE', ( #1007 ), #2569, .F. ) ;
#2202 =( LENGTH_UNIT ( ) NAMED_UNIT ( * ) SI_UNIT ( .MILLI., .METRE. ) );
#2203 = EDGE_CURVE ( 'NONE', #7108, #6129, #2062, .T. ) ;
#2204 = CARTESIAN_POINT ( 'NONE',  ( -0.2025000000000002076, -2.326767216444461273, -0.1275000000000000022 ) ) ;
#2205 = CARTESIAN_POINT ( 'NONE',  ( -0.2025000000000002076, 2.775747849617431928, -0.4198450200473335392 ) ) ;
#2206 = ORIENTED_EDGE ( 'NONE', *, *, #4045, .F. ) ;
#2207 = DIRECTION ( 'NONE',  ( 1.000000000000000000, 0.000000000000000000, 0.000000000000000000 ) ) ;
#2208 =( NAMED_UNIT ( * ) PLANE_ANGLE_UNIT ( ) SI_UNIT ( $, .RADIAN. ) );
#2209 = CARTESIAN_POINT ( 'NONE',  ( 0.8524999999999997025, 2.761796554868606535, -0.6193578300992984564 ) ) ;
#2210 = DIRECTION ( 'NONE',  ( -0.000000000000000000, -0.000000000000000000, -1.000000000000000000 ) ) ;
#2211 =( NAMED_UNIT ( * ) SI_UNIT ( $, .STERADIAN. ) SOLID_ANGLE_UNIT ( ) );
#2212 = SURFACE_STYLE_USAGE ( .BOTH. , #3367 ) ;
#2213 =( LENGTH_UNIT ( ) NAMED_UNIT ( * ) SI_UNIT ( .MILLI., .METRE. ) );
#2214 = ORIENTED_EDGE ( 'NONE', *, *, #6362, .T. ) ;
#2215 = PRESENTATION_STYLE_ASSIGNMENT (( #3854 ) ) ;
#2216 = SURFACE_STYLE_FILL_AREA ( #1665 ) ;
#2217 = ORIENTED_EDGE ( 'NONE', *, *, #1570, .F. ) ;
#2218 =( LENGTH_UNIT ( ) NAMED_UNIT ( * ) SI_UNIT ( .MILLI., .METRE. ) );
#2219 = CYLINDRICAL_SURFACE ( 'NONE', #5783, 0.2000000000000002054 ) ;
#2220 = LINE ( 'NONE', #1128, #5816 ) ;
#2221 = EDGE_CURVE ( 'NONE', #3225, #2010, #935, .T. ) ;
#2222 = ORIENTED_EDGE ( 'NONE', *, *, #385, .F. ) ;
#2223 = CARTESIAN_POINT ( 'NONE',  ( 0.8524999999999997025, -3.199999999999999289, -0.5046459247782298929 ) ) ;
#2224 = CARTESIAN_POINT ( 'NONE',  ( -0.8525000000000001465, 2.761796554868606535, -0.6193578300992984564 ) ) ;
#2225 =( NAMED_UNIT ( * ) PLANE_ANGLE_UNIT ( ) SI_UNIT ( $, .RADIAN. ) );
#2226 =( GEOMETRIC_REPRESENTATION_CONTEXT ( 3 ) GLOBAL_UNCERTAINTY_ASSIGNED_CONTEXT ( ( #525 ) ) GLOBAL_UNIT_ASSIGNED_CONTEXT ( ( #7168, #2098, #1986 ) ) REPRESENTATION_CONTEXT ( 'NONE', 'WORKASPACE' ) );
#2227 = VECTOR ( 'NONE', #2540, 1000.000000000000000 ) ;
#2228 = VERTEX_POINT ( 'NONE', #4270 ) ;
#2229 = VERTEX_POINT ( 'NONE', #5509 ) ;
#2230 = DIRECTION ( 'NONE',  ( 0.1039620511844979306, 0.1039620511844979306, 0.9891328443778538704 ) ) ;
#2231 = AXIS2_PLACEMENT_3D ( 'NONE', #682, #5262, #204 ) ;
#2232 = ORIENTED_EDGE ( 'NONE', *, *, #6595, .F. ) ;
#2234 = PRESENTATION_LAYER_ASSIGNMENT (  '', '', ( #2123 ) ) ;
#2233 = CARTESIAN_POINT ( 'NONE',  ( -1.097500000000000142, -2.199999999999999289, -0.07249999999999999500 ) ) ;
#2235 = STYLED_ITEM ( 'NONE', ( #3372 ), #1703 ) ;
#2236 =( NAMED_UNIT ( * ) PLANE_ANGLE_UNIT ( ) SI_UNIT ( $, .RADIAN. ) );
#2237 = EDGE_CURVE ( 'NONE', #1295, #4491, #3730, .T. ) ;
#2238 = CARTESIAN_POINT ( 'NONE',  ( -1.097500000000000142, -2.299999999999999378, -0.1724999999999999867 ) ) ;
#2239 =( NAMED_UNIT ( * ) PLANE_ANGLE_UNIT ( ) SI_UNIT ( $, .RADIAN. ) );
#2240 = STYLED_ITEM ( 'NONE', ( #1420 ), #123 ) ;
#2241 = DIRECTION ( 'NONE',  ( 0.000000000000000000, 0.000000000000000000, -1.000000000000000000 ) ) ;
#2242 = SURFACE_SIDE_STYLE ('',( #1115 ) ) ;
#2243 = ORIENTED_EDGE ( 'NONE', *, *, #6153, .T. ) ;
#2244 = EDGE_CURVE ( 'NONE', #1015, #5280, #444, .T. ) ;
#2245 = COLOUR_RGB ( '',0.2862745098039215508, 0.2862745098039215508, 0.2862745098039215508 ) ;
#2246 = VERTEX_POINT ( 'NONE', #2133 ) ;
#2247 = CARTESIAN_POINT ( 'NONE',  ( -1.097500000000000142, -3.199999999999999289, -0.6499999999999998002 ) ) ;
#2248 = PRESENTATION_LAYER_ASSIGNMENT (  '', '', ( #4417 ) ) ;
#2249 = PRESENTATION_LAYER_ASSIGNMENT (  '', '', ( #2833 ) ) ;
#2250 = ADVANCED_FACE ( 'NONE', ( #3845 ), #6117, .T. ) ;
#2251 = LINE ( 'NONE', #6675, #3658 ) ;
#2252 = CIRCLE ( 'NONE', #747, 0.2000000000000000389 ) ;
#2253 = ORIENTED_EDGE ( 'NONE', *, *, #6809, .T. ) ;
#2254 = COLOUR_RGB ( '',0.2862745098039215508, 0.2862745098039215508, 0.2862745098039215508 ) ;
#2255 = FILL_AREA_STYLE ('',( #2765 ) ) ;
#2256 = SURFACE_STYLE_FILL_AREA ( #1711 ) ;
#2257 = COLOUR_RGB ( '',0.9607843137254902244, 0.9607843137254902244, 0.9607843137254902244 ) ;
#2258 = SURFACE_STYLE_FILL_AREA ( #2394 ) ;
#2259 = STYLED_ITEM ( 'NONE', ( #1417 ), #5102 ) ;
#2260 = PRESENTATION_STYLE_ASSIGNMENT (( #1777 ) ) ;
#2261 = FACE_OUTER_BOUND ( 'NONE', #6393, .T. ) ;
#2262 = VECTOR ( 'NONE', #3029, 1000.000000000000000 ) ;
#2263 = CARTESIAN_POINT ( 'NONE',  ( 0.4474999999999997868, -2.199999999999999289, -0.07249999999999999500 ) ) ;
#2264 = PRESENTATION_STYLE_ASSIGNMENT (( #6168 ) ) ;
#2265 = UNCERTAINTY_MEASURE_WITH_UNIT (LENGTH_MEASURE( 1.000000000000000082E-05 ), #6720, 'distance_accuracy_value', 'NONE');
#2266 = AXIS2_PLACEMENT_3D ( 'NONE', #4027, #6914, #2401 ) ;
#2267 = ORIENTED_EDGE ( 'NONE', *, *, #4101, .T. ) ;
#2268 = EDGE_LOOP ( 'NONE', ( #1066, #4691, #6672 ) ) ;
#2269 = STYLED_ITEM ( 'NONE', ( #2943 ), #2866 ) ;
#2270 = FILL_AREA_STYLE_COLOUR ( '', #2831 ) ;
#2271 = AXIS2_PLACEMENT_3D ( 'NONE', #3183, #973, #4919 ) ;
#2272 = PLANE ( 'NONE',  #3073 ) ;
#2273 = LINE ( 'NONE', #660, #5591 ) ;
#2274 = ORIENTED_EDGE ( 'NONE', *, *, #4601, .F. ) ;
#2275 = FILL_AREA_STYLE ('',( #6283 ) ) ;
#2276 = ORIENTED_EDGE ( 'NONE', *, *, #2293, .F. ) ;
#2277 = DIRECTION ( 'NONE',  ( 1.000000000000000000, -0.000000000000000000, 0.000000000000000000 ) ) ;
#2278 = AXIS2_PLACEMENT_3D ( 'NONE', #2929, #3044, #3541 ) ;
#2279 = CARTESIAN_POINT ( 'NONE',  ( 1.097499999999999698, -2.775747849617431928, -0.4198450200473335392 ) ) ;
#2280 = CARTESIAN_POINT ( 'NONE',  ( -1.097500000000000142, 3.199999999999999289, -0.6499999999999998002 ) ) ;
#2281 =( NAMED_UNIT ( * ) SI_UNIT ( $, .STERADIAN. ) SOLID_ANGLE_UNIT ( ) );
#2282 = CIRCLE ( 'NONE', #4763, 0.09999999999999979738 ) ;
#2283 = VECTOR ( 'NONE', #6369, 1000.000000000000000 ) ;
#2284 = PRESENTATION_STYLE_ASSIGNMENT (( #6727 ) ) ;
#2285 = CARTESIAN_POINT ( 'NONE',  ( 0.2024999999999997635, 2.761796554868606535, -0.6193578300992984564 ) ) ;
#2286 = VECTOR ( 'NONE', #5848, 1000.000000000000000 ) ;
#2287 = ORIENTED_EDGE ( 'NONE', *, *, #821, .F. ) ;
#2288 = CARTESIAN_POINT ( 'NONE',  ( 1.449812727660638956, 2.156871566490921488, 0.4828396347450740755 ) ) ;
#2289 = EDGE_CURVE ( 'NONE', #3230, #4278, #2728, .T. ) ;
#2290 =( LENGTH_UNIT ( ) NAMED_UNIT ( * ) SI_UNIT ( .MILLI., .METRE. ) );
#2291 = STYLED_ITEM ( 'NONE', ( #5913 ), #5983 ) ;
#2292 = VECTOR ( 'NONE', #3996, 1000.000000000000000 ) ;
#2293 = EDGE_CURVE ( 'NONE', #5097, #6225, #1910, .T. ) ;
#2294 = EDGE_CURVE ( 'NONE', #1958, #2643, #3311, .T. ) ;
#2295 = ORIENTED_EDGE ( 'NONE', *, *, #2552, .T. ) ;
#2296 = SURFACE_SIDE_STYLE ('',( #2988 ) ) ;
#2297 = CARTESIAN_POINT ( 'NONE',  ( 0.4474999999999997868, -2.502515066061893556, -0.03203957178574777520 ) ) ;
#2298 = CARTESIAN_POINT ( 'NONE',  ( -0.2025000000000002076, 2.299999999999999378, -0.1724999999999999867 ) ) ;
#2299 = ORIENTED_EDGE ( 'NONE', *, *, #4042, .T. ) ;
#2300 = PRESENTATION_STYLE_ASSIGNMENT (( #69 ) ) ;
#2301 = ADVANCED_FACE ( 'NONE', ( #1724 ), #550, .T. ) ;
#2302 = SURFACE_STYLE_FILL_AREA ( #7219 ) ;
#2303 = EDGE_CURVE ( 'NONE', #3886, #2127, #3, .T. ) ;
#2304 = AXIS2_PLACEMENT_3D ( 'NONE', #3062, #4727, #4240 ) ;
#2305 = ORIENTED_EDGE ( 'NONE', *, *, #2865, .T. ) ;
#2306 = VERTEX_POINT ( 'NONE', #6756 ) ;
#2307 = DIRECTION ( 'NONE',  ( 0.000000000000000000, 0.4773021410712618984, 0.8787392480871610845 ) ) ;
#2308 = DIRECTION ( 'NONE',  ( 0.1045284632676537068, 0.000000000000000000, -0.9945218953682734009 ) ) ;
#2309 =( LENGTH_UNIT ( ) NAMED_UNIT ( * ) SI_UNIT ( .MILLI., .METRE. ) );
#2310 = EDGE_LOOP ( 'NONE', ( #6920, #7148, #370, #6139 ) ) ;
#2311 = DIRECTION ( 'NONE',  ( 0.000000000000000000, -0.06975647374412530244, 0.9975640502598243087 ) ) ;
#2312 = VERTEX_POINT ( 'NONE', #1756 ) ;
#2313 = FILL_AREA_STYLE_COLOUR ( '', #1369 ) ;
#2314 =( NAMED_UNIT ( * ) SI_UNIT ( $, .STERADIAN. ) SOLID_ANGLE_UNIT ( ) );
#2315 = CARTESIAN_POINT ( 'NONE',  ( 0.4474999999999997868, -2.299999999999999378, -0.1724999999999999867 ) ) ;
#2316 = CARTESIAN_POINT ( 'NONE',  ( -1.499998880753508734, 2.125409738600887444, -0.07251064891903699627 ) ) ;
#2317 = DIRECTION ( 'NONE',  ( 1.000000000000000000, 0.000000000000000000, 0.000000000000000000 ) ) ;
#2318 =( NAMED_UNIT ( * ) SI_UNIT ( $, .STERADIAN. ) SOLID_ANGLE_UNIT ( ) );
#2319 = ORIENTED_EDGE ( 'NONE', *, *, #1877, .F. ) ;
#2320 = ADVANCED_FACE ( 'NONE', ( #4007 ), #1691, .T. ) ;
#2321 = FACE_OUTER_BOUND ( 'NONE', #5977, .T. ) ;
#2322 = PRESENTATION_LAYER_ASSIGNMENT (  '', '', ( #1735 ) ) ;
#2323 = EDGE_CURVE ( 'NONE', #7172, #6378, #621, .T. ) ;
#2324 = EDGE_CURVE ( 'NONE', #6772, #189, #141, .T. ) ;
#2325 = SURFACE_SIDE_STYLE ('',( #765 ) ) ;
#2326 = SURFACE_SIDE_STYLE ('',( #2906 ) ) ;
#2327 = ORIENTED_EDGE ( 'NONE', *, *, #5377, .T. ) ;
#2328 =( NAMED_UNIT ( * ) SI_UNIT ( $, .STERADIAN. ) SOLID_ANGLE_UNIT ( ) );
#2329 = CARTESIAN_POINT ( 'NONE',  ( -1.425273160256225413, 2.199999626916907758, 0.07250354964850358463 ) ) ;
#2330 = FILL_AREA_STYLE ('',( #1778 ) ) ;
#2331 = STYLED_ITEM ( 'NONE', ( #908 ), #3703 ) ;
#2332 = CARTESIAN_POINT ( 'NONE',  ( -1.500000000000000444, 2.199999999999999289, 0.07249999999999999500 ) ) ;
#2333 = UNCERTAINTY_MEASURE_WITH_UNIT (LENGTH_MEASURE( 1.000000000000000082E-05 ), #4243, 'distance_accuracy_value', 'NONE');
#2334 = EDGE_LOOP ( 'NONE', ( #3746, #2599, #1537, #1609 ) ) ;
#2335 = PRESENTATION_STYLE_ASSIGNMENT (( #5167 ) ) ;
#2336 = LINE ( 'NONE', #6347, #40 ) ;
#2337 = COLOUR_RGB ( '',0.8039215686274510109, 0.8039215686274510109, 0.8039215686274510109 ) ;
#2338 = LINE ( 'NONE', #3418, #1198 ) ;
#2339 = FACE_OUTER_BOUND ( 'NONE', #1793, .T. ) ;
#2340 = ORIENTED_EDGE ( 'NONE', *, *, #3562, .F. ) ;
#2341 = PRESENTATION_STYLE_ASSIGNMENT (( #103 ) ) ;
#2342 =( NAMED_UNIT ( * ) PLANE_ANGLE_UNIT ( ) SI_UNIT ( $, .RADIAN. ) );
#2343 = LINE ( 'NONE', #6894, #244 ) ;
#2344 =( GEOMETRIC_REPRESENTATION_CONTEXT ( 3 ) GLOBAL_UNCERTAINTY_ASSIGNED_CONTEXT ( ( #1980 ) ) GLOBAL_UNIT_ASSIGNED_CONTEXT ( ( #4344, #557, #4088 ) ) REPRESENTATION_CONTEXT ( 'NONE', 'WORKASPACE' ) );
#2345 = CARTESIAN_POINT ( 'NONE',  ( -0.9422824243383021159, -1.642282424338300739, 0.5500000000000000444 ) ) ;
#2346 = COLOUR_RGB ( '',0.8039215686274510109, 0.8039215686274510109, 0.8039215686274510109 ) ;
#2347 = SURFACE_SIDE_STYLE ('',( #4671 ) ) ;
#2348 = FILL_AREA_STYLE_COLOUR ( '', #5341 ) ;
#2349 =( GEOMETRIC_REPRESENTATION_CONTEXT ( 3 ) GLOBAL_UNCERTAINTY_ASSIGNED_CONTEXT ( ( #1117 ) ) GLOBAL_UNIT_ASSIGNED_CONTEXT ( ( #4636, #1757, #4114 ) ) REPRESENTATION_CONTEXT ( 'NONE', 'WORKASPACE' ) );
#2350 = FILL_AREA_STYLE ('',( #5095 ) ) ;
#2351 = CARTESIAN_POINT ( 'NONE',  ( -1.097500000000000142, 2.199999999999999289, -0.07249999999999999500 ) ) ;
#2352 = CARTESIAN_POINT ( 'NONE',  ( -0.2025000000000002076, 3.199999999999999289, -0.5046459247782298929 ) ) ;
#2353 = COLOUR_RGB ( '',0.8039215686274510109, 0.8039215686274510109, 0.8039215686274510109 ) ;
#2354 = CARTESIAN_POINT ( 'NONE',  ( 1.424999999999999600, -2.124999999999999112, 0.07249999999999999500 ) ) ;
#2355 = EDGE_LOOP ( 'NONE', ( #5737, #5627, #3145, #4302 ) ) ;
#2356 = ADVANCED_FACE ( 'NONE', ( #3500 ), #780, .T. ) ;
#2357 = DIRECTION ( 'NONE',  ( -1.000000000000000000, -0.000000000000000000, 0.000000000000000000 ) ) ;
#2358 = SURFACE_STYLE_USAGE ( .BOTH. , #2325 ) ;
#2359 = PRESENTATION_LAYER_ASSIGNMENT (  '', '', ( #6627 ) ) ;
#2360 = ORIENTED_EDGE ( 'NONE', *, *, #3287, .T. ) ;
#2361 = DIRECTION ( 'NONE',  ( 0.000000000000000000, 0.4773021410712616763, -0.8787392480871610845 ) ) ;
#2362 =( LENGTH_UNIT ( ) NAMED_UNIT ( * ) SI_UNIT ( .MILLI., .METRE. ) );
#2363 =( GEOMETRIC_REPRESENTATION_CONTEXT ( 3 ) GLOBAL_UNCERTAINTY_ASSIGNED_CONTEXT ( ( #2126 ) ) GLOBAL_UNIT_ASSIGNED_CONTEXT ( ( #7273, #5140, #2281 ) ) REPRESENTATION_CONTEXT ( 'NONE', 'WORKASPACE' ) );
#2364 = AXIS2_PLACEMENT_3D ( 'NONE', #3347, #2732, #6909 ) ;
#2365 = EDGE_CURVE ( 'NONE', #6426, #4099, #4110, .T. ) ;
#2366 = PRESENTATION_LAYER_ASSIGNMENT (  '', '', ( #1442 ) ) ;
#2367 = ORIENTED_EDGE ( 'NONE', *, *, #6440, .T. ) ;
#2368 = VECTOR ( 'NONE', #1782, 1000.000000000000114 ) ;
#2369 =( LENGTH_UNIT ( ) NAMED_UNIT ( * ) SI_UNIT ( .MILLI., .METRE. ) );
#2370 = ORIENTED_EDGE ( 'NONE', *, *, #3626, .T. ) ;
#2371 = SURFACE_SIDE_STYLE ('',( #659 ) ) ;
#2372 = FILL_AREA_STYLE ('',( #5793 ) ) ;
#2373 = CARTESIAN_POINT ( 'NONE',  ( -1.097500000000000142, -2.387873924808715298, -0.1247697858928739911 ) ) ;
#2374 = ORIENTED_EDGE ( 'NONE', *, *, #3624, .T. ) ;
#2375 = DIRECTION ( 'NONE',  ( 1.000000000000000000, 0.000000000000000000, 0.000000000000000000 ) ) ;
#2376 = STYLED_ITEM ( 'NONE', ( #7179 ), #6683 ) ;
#2377 = AXIS2_PLACEMENT_3D ( 'NONE', #889, #3123, #2661 ) ;
#2378 = CARTESIAN_POINT ( 'NONE',  ( -1.097500000000000142, -2.199999999999999289, -0.07249999999999999500 ) ) ;
#2379 = AXIS2_PLACEMENT_3D ( 'NONE', #2298, #4547, #1737 ) ;
#2380 = CARTESIAN_POINT ( 'NONE',  ( 1.499998880753507846, -2.125409738600887444, -0.07251064891903699627 ) ) ;
#2381 = LINE ( 'NONE', #4639, #521 ) ;
#2382 =( NAMED_UNIT ( * ) PLANE_ANGLE_UNIT ( ) SI_UNIT ( $, .RADIAN. ) );
#2383 =( GEOMETRIC_REPRESENTATION_CONTEXT ( 3 ) GLOBAL_UNCERTAINTY_ASSIGNED_CONTEXT ( ( #1242 ) ) GLOBAL_UNIT_ASSIGNED_CONTEXT ( ( #5382, #3632, #5340 ) ) REPRESENTATION_CONTEXT ( 'NONE', 'WORKASPACE' ) );
#2384 = ORIENTED_EDGE ( 'NONE', *, *, #6277, .T. ) ;
#2385 = ORIENTED_EDGE ( 'NONE', *, *, #3135, .F. ) ;
#2386 = LINE ( 'NONE', #5282, #1702 ) ;
#2387 = DIRECTION ( 'NONE',  ( 0.000000000000000000, 1.000000000000000000, 0.000000000000000000 ) ) ;
#2388 = DIRECTION ( 'NONE',  ( 0.000000000000000000, 0.000000000000000000, 1.000000000000000000 ) ) ;
#2389 = EDGE_CURVE ( 'NONE', #2631, #6739, #6384, .T. ) ;
#2390 =( GEOMETRIC_REPRESENTATION_CONTEXT ( 3 ) GLOBAL_UNCERTAINTY_ASSIGNED_CONTEXT ( ( #209 ) ) GLOBAL_UNIT_ASSIGNED_CONTEXT ( ( #3167, #1540, #6612 ) ) REPRESENTATION_CONTEXT ( 'NONE', 'WORKASPACE' ) );
#2391 = FACE_OUTER_BOUND ( 'NONE', #4217, .T. ) ;
#2392 =( GEOMETRIC_REPRESENTATION_CONTEXT ( 3 ) GLOBAL_UNCERTAINTY_ASSIGNED_CONTEXT ( ( #2487 ) ) GLOBAL_UNIT_ASSIGNED_CONTEXT ( ( #6256, #2672, #2211 ) ) REPRESENTATION_CONTEXT ( 'NONE', 'WORKASPACE' ) );
#2393 =( NAMED_UNIT ( * ) PLANE_ANGLE_UNIT ( ) SI_UNIT ( $, .RADIAN. ) );
#2394 = FILL_AREA_STYLE ('',( #709 ) ) ;
#2395 = MECHANICAL_DESIGN_GEOMETRIC_PRESENTATION_REPRESENTATION (  '', ( #6320 ), #5488 ) ;
#2396 = EDGE_LOOP ( 'NONE', ( #6536, #1325, #1254 ) ) ;
#2397 = CARTESIAN_POINT ( 'NONE',  ( -1.097500000000000142, 2.299999999999999378, -0.07249999999999999500 ) ) ;
#2398 = DIRECTION ( 'NONE',  ( 0.000000000000000000, 0.000000000000000000, -1.000000000000000000 ) ) ;
#2400 =( NAMED_UNIT ( * ) PLANE_ANGLE_UNIT ( ) SI_UNIT ( $, .RADIAN. ) );
#2399 = CARTESIAN_POINT ( 'NONE',  ( -0.4475000000000001754, 2.796534186440551739, -0.4764328467078229323 ) ) ;
#2401 = DIRECTION ( 'NONE',  ( -0.9945218953682732899, 0.000000000000000000, 0.1045284632676536235 ) ) ;
#2402 = ORIENTED_EDGE ( 'NONE', *, *, #5381, .T. ) ;
#2403 = CARTESIAN_POINT ( 'NONE',  ( -1.425409738600888598, 2.199998880753507802, 0.07251064891903279130 ) ) ;
#2404 = CYLINDRICAL_SURFACE ( 'NONE', #7056, 0.2199999999999999178 ) ;
#2405 = FILL_AREA_STYLE ('',( #5194 ) ) ;
#2406 = COLOUR_RGB ( '',0.2862745098039215508, 0.2862745098039215508, 0.2862745098039215508 ) ;
#2407 = SURFACE_STYLE_USAGE ( .BOTH. , #5231 ) ;
#2408 = UNCERTAINTY_MEASURE_WITH_UNIT (LENGTH_MEASURE( 1.000000000000000082E-05 ), #4863, 'distance_accuracy_value', 'NONE');
#2409 = VERTEX_POINT ( 'NONE', #814 ) ;
#2410 = LINE ( 'NONE', #6922, #1552 ) ;
#2411 = FILL_AREA_STYLE ('',( #6498 ) ) ;
#2412 = CARTESIAN_POINT ( 'NONE',  ( -1.449812727660639844, 2.082282424338300686, 0.5500000000000000444 ) ) ;
#2413 =( LENGTH_UNIT ( ) NAMED_UNIT ( * ) SI_UNIT ( .MILLI., .METRE. ) );
#2414 = EDGE_CURVE ( 'NONE', #2663, #5960, #1558, .T. ) ;
#2415 = UNCERTAINTY_MEASURE_WITH_UNIT (LENGTH_MEASURE( 1.000000000000000082E-05 ), #588, 'distance_accuracy_value', 'NONE');
#2416 = VECTOR ( 'NONE', #142, 1000.000000000000000 ) ;
#2417 = CARTESIAN_POINT ( 'NONE',  ( -0.2025000000000002076, -2.502515066061893556, -0.03203957178574777520 ) ) ;
#2418 = SURFACE_STYLE_FILL_AREA ( #783 ) ;
#2419 = EDGE_CURVE ( 'NONE', #5401, #1649, #2484, .T. ) ;
#2420 = CARTESIAN_POINT ( 'NONE',  ( 0.2024999999999997635, -2.796534186440551739, -0.4764328467078228213 ) ) ;
#2421 = EDGE_CURVE ( 'NONE', #173, #6316, #182, .T. ) ;
#2422 = CARTESIAN_POINT ( 'NONE',  ( -0.8525000000000001465, 2.796534186440551739, -0.4764328467078229323 ) ) ;
#2423 = ORIENTED_EDGE ( 'NONE', *, *, #1629, .F. ) ;
#2424 = ORIENTED_EDGE ( 'NONE', *, *, #3833, .T. ) ;
#2425 = SURFACE_STYLE_FILL_AREA ( #5323 ) ;
#2426 = DIRECTION ( 'NONE',  ( 0.000000000000000000, 0.06975647374412519142, -0.9975640502598243087 ) ) ;
#2427 = COLOUR_RGB ( '',0.8039215686274510109, 0.8039215686274510109, 0.8039215686274510109 ) ;
#2428 =( LENGTH_UNIT ( ) NAMED_UNIT ( * ) SI_UNIT ( .MILLI., .METRE. ) );
#2429 = CARTESIAN_POINT ( 'NONE',  ( -0.9422824243383021159, -1.642282424338300739, 0.5500000000000000444 ) ) ;
#2430 = LINE ( 'NONE', #3592, #2520 ) ;
#2431 = ORIENTED_EDGE ( 'NONE', *, *, #1616, .F. ) ;
#2432 = CARTESIAN_POINT ( 'NONE',  ( -0.2025000000000002076, 2.199999999999999289, -0.07249999999999999500 ) ) ;
#2434 = LINE ( 'NONE', #5189, #3158 ) ;
#2433 = DIRECTION ( 'NONE',  ( 1.000000000000000000, 0.000000000000000000, 0.000000000000000000 ) ) ;
#2435 =( LENGTH_UNIT ( ) NAMED_UNIT ( * ) SI_UNIT ( .MILLI., .METRE. ) );
#2436 = ORIENTED_EDGE ( 'NONE', *, *, #7065, .T. ) ;
#2437 = DIRECTION ( 'NONE',  ( 0.000000000000000000, 0.4773021410712616763, -0.8787392480871610845 ) ) ;
#2438 = VECTOR ( 'NONE', #3847, 1000.000000000000114 ) ;
#2439 =( NAMED_UNIT ( * ) PLANE_ANGLE_UNIT ( ) SI_UNIT ( $, .RADIAN. ) );
#2440 = ORIENTED_EDGE ( 'NONE', *, *, #4186, .F. ) ;
#2441 = FACE_OUTER_BOUND ( 'NONE', #139, .T. ) ;
#2442 = SURFACE_STYLE_USAGE ( .BOTH. , #6382 ) ;
#2443 = PRESENTATION_LAYER_ASSIGNMENT (  '', '', ( #3404 ) ) ;
#2444 = FILL_AREA_STYLE_COLOUR ( '', #4339 ) ;
#2445 = LINE ( 'NONE', #849, #3855 ) ;
#2446 = FILL_AREA_STYLE_COLOUR ( '', #5724 ) ;
#2447 = CARTESIAN_POINT ( 'NONE',  ( 0.2024999999999997635, -2.326767216444461273, 0.07249999999999999500 ) ) ;
#2448 = PLANE ( 'NONE',  #6312 ) ;
#2449 =( GEOMETRIC_REPRESENTATION_CONTEXT ( 3 ) GLOBAL_UNCERTAINTY_ASSIGNED_CONTEXT ( ( #1608 ) ) GLOBAL_UNIT_ASSIGNED_CONTEXT ( ( #2048, #3754, #468 ) ) REPRESENTATION_CONTEXT ( 'NONE', 'WORKASPACE' ) );
#2450 = DIRECTION ( 'NONE',  ( 1.000000000000000000, 0.000000000000000000, 0.000000000000000000 ) ) ;
#2451 = ORIENTED_EDGE ( 'NONE', *, *, #2007, .F. ) ;
#2452 = ORIENTED_EDGE ( 'NONE', *, *, #2690, .F. ) ;
#2453 = LINE ( 'NONE', #4799, #6088 ) ;
#2454 = FACE_OUTER_BOUND ( 'NONE', #4481, .T. ) ;
#2455 = FILL_AREA_STYLE ('',( #3015 ) ) ;
#2456 = ADVANCED_FACE ( 'NONE', ( #1314 ), #3157, .T. ) ;
#2457 = VECTOR ( 'NONE', #662, 1000.000000000000000 ) ;
#2458 = CARTESIAN_POINT ( 'NONE',  ( -0.8525000000000001465, 2.387873924808715298, -0.1247697858928739911 ) ) ;
#2459 = PRESENTATION_STYLE_ASSIGNMENT (( #792 ) ) ;
#2460 = AXIS2_PLACEMENT_3D ( 'NONE', #4567, #4013, #3468 ) ;
#2461 = PRESENTATION_STYLE_ASSIGNMENT (( #5256 ) ) ;
#2462 = CIRCLE ( 'NONE', #5069, 0.2000000000000000389 ) ;
#2463 = SURFACE_SIDE_STYLE ('',( #7025 ) ) ;
#2464 = DIRECTION ( 'NONE',  ( 1.000000000000000000, 0.000000000000000000, 0.000000000000000000 ) ) ;
#2465 = ORIENTED_EDGE ( 'NONE', *, *, #5644, .F. ) ;
#2466 = CARTESIAN_POINT ( 'NONE',  ( 1.097499999999999698, 2.199999999999999289, -0.07249999999999999500 ) ) ;
#2467 = VECTOR ( 'NONE', #1366, 1000.000000000000114 ) ;
#2468 = PRESENTATION_STYLE_ASSIGNMENT (( #1894 ) ) ;
#2469 = EDGE_CURVE ( 'NONE', #6779, #502, #5455, .T. ) ;
#2470 = DIRECTION ( 'NONE',  ( 1.000000000000000000, 0.000000000000000000, 0.000000000000000000 ) ) ;
#2471 = FILL_AREA_STYLE ('',( #5932 ) ) ;
#2472 = FILL_AREA_STYLE ('',( #802 ) ) ;
#2473 = ORIENTED_EDGE ( 'NONE', *, *, #6440, .F. ) ;
#2474 = ORIENTED_EDGE ( 'NONE', *, *, #4182, .T. ) ;
#2475 = SURFACE_STYLE_USAGE ( .BOTH. , #125 ) ;
#2476 = ADVANCED_FACE ( 'NONE', ( #3755 ), #3082, .T. ) ;
#2477 = SURFACE_STYLE_USAGE ( .BOTH. , #172 ) ;
#2478 = CARTESIAN_POINT ( 'NONE',  ( 0.8524999999999997025, -2.199999999999999289, 0.07249999999999999500 ) ) ;
#2479 = UNCERTAINTY_MEASURE_WITH_UNIT (LENGTH_MEASURE( 1.000000000000000082E-05 ), #4661, 'distance_accuracy_value', 'NONE');
#2480 = ORIENTED_EDGE ( 'NONE', *, *, #3912, .T. ) ;
#2481 = DIRECTION ( 'NONE',  ( 0.000000000000000000, 0.000000000000000000, 1.000000000000000000 ) ) ;
#2482 = CARTESIAN_POINT ( 'NONE',  ( -1.426217025357843893, -2.126217025357842960, 0.05699019374921864001 ) ) ;
#2483 =( GEOMETRIC_REPRESENTATION_CONTEXT ( 3 ) GLOBAL_UNCERTAINTY_ASSIGNED_CONTEXT ( ( #3453 ) ) GLOBAL_UNIT_ASSIGNED_CONTEXT ( ( #6574, #6063, #7075 ) ) REPRESENTATION_CONTEXT ( 'NONE', 'WORKASPACE' ) );
#2484 = LINE ( 'NONE', #7011, #5692 ) ;
#2485 = CARTESIAN_POINT ( 'NONE',  ( -1.097500000000000142, -2.761796554868606535, -0.6193578300992984564 ) ) ;
#2486 = STYLED_ITEM ( 'NONE', ( #3301 ), #171 ) ;
#2487 = UNCERTAINTY_MEASURE_WITH_UNIT (LENGTH_MEASURE( 1.000000000000000082E-05 ), #6256, 'distance_accuracy_value', 'NONE');
#2488 = COLOUR_RGB ( '',0.8039215686274510109, 0.8039215686274510109, 0.8039215686274510109 ) ;
#2489 = VECTOR ( 'NONE', #3666, 1000.000000000000000 ) ;
#2490 = CARTESIAN_POINT ( 'NONE',  ( -1.499760935694445907, -2.168963392251840538, 0.07477454493103762034 ) ) ;
#2491 = CYLINDRICAL_SURFACE ( 'NONE', #5098, 0.1000000000000001582 ) ;
#2492 = PRESENTATION_LAYER_ASSIGNMENT (  '', '', ( #494 ) ) ;
#2493 = DIRECTION ( 'NONE',  ( 0.000000000000000000, -0.9975640502598241977, -0.06975647374412528856 ) ) ;
#2494 = ORIENTED_EDGE ( 'NONE', *, *, #677, .T. ) ;
#2495 = EDGE_LOOP ( 'NONE', ( #5601, #6795, #6042, #5449 ) ) ;
#2496 = DIRECTION ( 'NONE',  ( 1.000000000000000000, 0.000000000000000000, 0.000000000000000000 ) ) ;
#2497 = VECTOR ( 'NONE', #2082, 1000.000000000000114 ) ;
#2498 = VECTOR ( 'NONE', #2688, 1000.000000000000000 ) ;
#2499 = DIRECTION ( 'NONE',  ( 0.000000000000000000, 0.000000000000000000, -1.000000000000000000 ) ) ;
#2500 = VECTOR ( 'NONE', #6925, 1000.000000000000000 ) ;
#2501 =( LENGTH_UNIT ( ) NAMED_UNIT ( * ) SI_UNIT ( .MILLI., .METRE. ) );
#2502 = PLANE ( 'NONE',  #841 ) ;
#2503 =( GEOMETRIC_REPRESENTATION_CONTEXT ( 3 ) GLOBAL_UNCERTAINTY_ASSIGNED_CONTEXT ( ( #7081 ) ) GLOBAL_UNIT_ASSIGNED_CONTEXT ( ( #675, #5736, #1772 ) ) REPRESENTATION_CONTEXT ( 'NONE', 'WORKASPACE' ) );
#2504 = PRESENTATION_LAYER_ASSIGNMENT (  '', '', ( #624 ) ) ;
#2505 = DIRECTION ( 'NONE',  ( 0.000000000000000000, 0.4773021410712616763, -0.8787392480871610845 ) ) ;
#2506 = PRESENTATION_LAYER_ASSIGNMENT (  '', '', ( #5698 ) ) ;
#2507 = CARTESIAN_POINT ( 'NONE',  ( -0.4475000000000001754, 2.199999999999999289, 0.07249999999999999500 ) ) ;
#2508 = DIRECTION ( 'NONE',  ( 0.000000000000000000, 1.000000000000000000, 0.000000000000000000 ) ) ;
#2509 = VERTEX_POINT ( 'NONE', #3195 ) ;
#2510 = AXIS2_PLACEMENT_3D ( 'NONE', #6699, #1046, #3900 ) ;
#2511 = SURFACE_STYLE_USAGE ( .BOTH. , #1959 ) ;
#2512 = UNCERTAINTY_MEASURE_WITH_UNIT (LENGTH_MEASURE( 1.000000000000000082E-05 ), #4078, 'distance_accuracy_value', 'NONE');
#2513 = CARTESIAN_POINT ( 'NONE',  ( -0.9422824243383021159, -1.642282424338300739, 0.5400000000000000355 ) ) ;
#2514 = EDGE_CURVE ( 'NONE', #3010, #871, #6295, .T. ) ;
#2515 = ORIENTED_EDGE ( 'NONE', *, *, #676, .T. ) ;
#2516 = SURFACE_STYLE_FILL_AREA ( #3066 ) ;
#2517 = EDGE_CURVE ( 'NONE', #7287, #1394, #5354, .T. ) ;
#2518 = VECTOR ( 'NONE', #5188, 1000.000000000000000 ) ;
#2519 = EDGE_CURVE ( 'NONE', #2651, #962, #3094, .T. ) ;
#2520 = VECTOR ( 'NONE', #3136, 1000.000000000000000 ) ;
#2521 = DIRECTION ( 'NONE',  ( 0.000000000000000000, 0.000000000000000000, -1.000000000000000000 ) ) ;
#2522 = ORIENTED_EDGE ( 'NONE', *, *, #1219, .F. ) ;
#2523 = FILL_AREA_STYLE ('',( #4245 ) ) ;
#2524 = FILL_AREA_STYLE ('',( #6534 ) ) ;
#2525 = EDGE_LOOP ( 'NONE', ( #5518, #4582, #4726, #115 ) ) ;
#2526 = SURFACE_SIDE_STYLE ('',( #293 ) ) ;
#2527 = CARTESIAN_POINT ( 'NONE',  ( 0.8524999999999997025, -2.199999999999999289, 0.07249999999999999500 ) ) ;
#2528 = FILL_AREA_STYLE_COLOUR ( '', #2245 ) ;
#2529 = CARTESIAN_POINT ( 'NONE',  ( -0.4475000000000001754, 2.199999999999999289, 0.07249999999999999500 ) ) ;
#2530 = STYLED_ITEM ( 'NONE', ( #96 ), #464 ) ;
#2531 = DIRECTION ( 'NONE',  ( 0.000000000000000000, 1.000000000000000000, 0.000000000000000000 ) ) ;
#2532 = ADVANCED_FACE ( 'NONE', ( #3722 ), #4853, .F. ) ;
#2533 = SURFACE_STYLE_USAGE ( .BOTH. , #3572 ) ;
#2534 = SURFACE_STYLE_USAGE ( .BOTH. , #3646 ) ;
#2535 = VERTEX_POINT ( 'NONE', #3864 ) ;
#2536 = EDGE_LOOP ( 'NONE', ( #2796, #611, #4626, #5383 ) ) ;
#2537 = MANIFOLD_SOLID_BREP ( 'LPattern1[6]', #6908 ) ;
#2538 = DIRECTION ( 'NONE',  ( 1.000000000000000000, 0.000000000000000000, 0.000000000000000000 ) ) ;
#2539 =( NAMED_UNIT ( * ) PLANE_ANGLE_UNIT ( ) SI_UNIT ( $, .RADIAN. ) );
#2540 = DIRECTION ( 'NONE',  ( 0.000000000000000000, 0.000000000000000000, 1.000000000000000000 ) ) ;
#2541 = ADVANCED_FACE ( 'NONE', ( #2261 ), #7292, .F. ) ;
#2542 = DIRECTION ( 'NONE',  ( -1.000000000000000000, -0.000000000000000000, -0.000000000000000000 ) ) ;
#2543 = STYLED_ITEM ( 'NONE', ( #7101 ), #2953 ) ;
#2544 = VERTEX_POINT ( 'NONE', #3888 ) ;
#2545 = SURFACE_STYLE_FILL_AREA ( #4282 ) ;
#2546 = SURFACE_SIDE_STYLE ('',( #4884 ) ) ;
#2547 = LINE ( 'NONE', #2073, #5343 ) ;
#2548 = DIRECTION ( 'NONE',  ( 0.000000000000000000, 0.000000000000000000, -1.000000000000000000 ) ) ;
#2549 = EDGE_CURVE ( 'NONE', #4372, #584, #5038, .T. ) ;
#2550 = VERTEX_POINT ( 'NONE', #2160 ) ;
#2551 = PRESENTATION_STYLE_ASSIGNMENT (( #3114 ) ) ;
#2552 = EDGE_CURVE ( 'NONE', #304, #6650, #1849, .T. ) ;
#2553 = FILL_AREA_STYLE ('',( #351 ) ) ;
#2554 = UNCERTAINTY_MEASURE_WITH_UNIT (LENGTH_MEASURE( 1.000000000000000082E-05 ), #4761, 'distance_accuracy_value', 'NONE');
#2555 = EDGE_LOOP ( 'NONE', ( #2091, #2522, #3137, #559, #6474, #5636, #6357, #1460, #4166, #808, #2385, #6083 ) ) ;
#2556 = DIRECTION ( 'NONE',  ( 0.000000000000000000, 0.000000000000000000, -1.000000000000000000 ) ) ;
#2557 = COLOUR_RGB ( '',0.8039215686274510109, 0.8039215686274510109, 0.8039215686274510109 ) ;
#2558 = DIRECTION ( 'NONE',  ( 1.000000000000000000, 0.000000000000000000, -0.000000000000000000 ) ) ;
#2559 = DIRECTION ( 'NONE',  ( 0.000000000000000000, -1.000000000000000000, 0.000000000000000000 ) ) ;
#2560 = FILL_AREA_STYLE_COLOUR ( '', #2427 ) ;
#2561 = UNCERTAINTY_MEASURE_WITH_UNIT (LENGTH_MEASURE( 1.000000000000000082E-05 ), #5356, 'distance_accuracy_value', 'NONE');
#2563 =( NAMED_UNIT ( * ) PLANE_ANGLE_UNIT ( ) SI_UNIT ( $, .RADIAN. ) );
#2562 = VECTOR ( 'NONE', #2361, 1000.000000000000114 ) ;
#2564 = DIRECTION ( 'NONE',  ( -1.000000000000000000, -0.000000000000000000, -0.000000000000000000 ) ) ;
#2565 = UNCERTAINTY_MEASURE_WITH_UNIT (LENGTH_MEASURE( 1.000000000000000082E-05 ), #1071, 'distance_accuracy_value', 'NONE');
#2566 = ORIENTED_EDGE ( 'NONE', *, *, #2788, .F. ) ;
#2567 = ORIENTED_EDGE ( 'NONE', *, *, #5150, .F. ) ;
#2568 =( NAMED_UNIT ( * ) PLANE_ANGLE_UNIT ( ) SI_UNIT ( $, .RADIAN. ) );
#2569 = PLANE ( 'NONE',  #1221 ) ;
#2570 = PRESENTATION_STYLE_ASSIGNMENT (( #3132 ) ) ;
#2571 =( GEOMETRIC_REPRESENTATION_CONTEXT ( 3 ) GLOBAL_UNCERTAINTY_ASSIGNED_CONTEXT ( ( #3161 ) ) GLOBAL_UNIT_ASSIGNED_CONTEXT ( ( #1463, #329, #4109 ) ) REPRESENTATION_CONTEXT ( 'NONE', 'WORKASPACE' ) );
#2572 = LINE ( 'NONE', #4872, #4211 ) ;
#2573 = DIRECTION ( 'NONE',  ( 0.000000000000000000, 0.000000000000000000, -1.000000000000000000 ) ) ;
#2574 =( NAMED_UNIT ( * ) PLANE_ANGLE_UNIT ( ) SI_UNIT ( $, .RADIAN. ) );
#2575 = EDGE_LOOP ( 'NONE', ( #1512, #4578, #1635, #2950 ) ) ;
#2576 =( NAMED_UNIT ( * ) PLANE_ANGLE_UNIT ( ) SI_UNIT ( $, .RADIAN. ) );
#2577 = VERTEX_POINT ( 'NONE', #804 ) ;
#2578 = CYLINDRICAL_SURFACE ( 'NONE', #4662, 0.2000000000000002054 ) ;
#2579 =( NAMED_UNIT ( * ) SI_UNIT ( $, .STERADIAN. ) SOLID_ANGLE_UNIT ( ) );
#2580 = STYLED_ITEM ( 'NONE', ( #4985 ), #3838 ) ;
#2581 = LINE ( 'NONE', #4352, #1893 ) ;
#2582 = STYLED_ITEM ( 'NONE', ( #2905 ), #711 ) ;
#2583 = DIRECTION ( 'NONE',  ( 1.000000000000000000, 0.000000000000000000, 0.000000000000000000 ) ) ;
#2584 = ADVANCED_FACE ( 'NONE', ( #6916 ), #6880, .T. ) ;
#2585 = VECTOR ( 'NONE', #3951, 1000.000000000000000 ) ;
#2586 = ORIENTED_EDGE ( 'NONE', *, *, #1299, .T. ) ;
#2587 = DIRECTION ( 'NONE',  ( 0.000000000000000000, -0.000000000000000000, -1.000000000000000000 ) ) ;
#2588 = SURFACE_STYLE_FILL_AREA ( #2553 ) ;
#2589 = DIRECTION ( 'NONE',  ( 0.000000000000000000, 0.000000000000000000, -1.000000000000000000 ) ) ;
#2590 = EDGE_LOOP ( 'NONE', ( #2206, #854, #3857, #4698, #3464, #406, #4179, #5674, #292, #3420, #4421, #3652 ) ) ;
#2591 = FILL_AREA_STYLE_COLOUR ( '', #5691 ) ;
#2592 = FILL_AREA_STYLE_COLOUR ( '', #2488 ) ;
#2593 = CARTESIAN_POINT ( 'NONE',  ( 0.000000000000000000, 0.000000000000000000, 0.000000000000000000 ) ) ;
#2594 = LINE ( 'NONE', #3830, #5893 ) ;
#2595 =( NAMED_UNIT ( * ) PLANE_ANGLE_UNIT ( ) SI_UNIT ( $, .RADIAN. ) );
#2596 = EDGE_CURVE ( 'NONE', #3275, #1027, #4137, .T. ) ;
#2597 = FILL_AREA_STYLE_COLOUR ( '', #6983 ) ;
#2598 = EDGE_LOOP ( 'NONE', ( #1209, #1739, #7089, #5912, #263, #2494, #4316, #4642, #2402, #3543, #5184, #3343 ) ) ;
#2599 = ORIENTED_EDGE ( 'NONE', *, *, #7006, .F. ) ;
#2600 = AXIS2_PLACEMENT_3D ( 'NONE', #3534, #5309, #5272 ) ;
#2601 = EDGE_CURVE ( 'NONE', #2544, #3011, #3525, .T. ) ;
#2602 = STYLED_ITEM ( 'NONE', ( #332 ), #4874 ) ;
#2603 = VECTOR ( 'NONE', #3924, 1000.000000000000000 ) ;
#2604 = SURFACE_SIDE_STYLE ('',( #2020 ) ) ;
#2605 = AXIS2_PLACEMENT_3D ( 'NONE', #2192, #1091, #2730 ) ;
#2606 =( NAMED_UNIT ( * ) SI_UNIT ( $, .STERADIAN. ) SOLID_ANGLE_UNIT ( ) );
#2607 = COLOUR_RGB ( '',0.8039215686274510109, 0.8039215686274510109, 0.8039215686274510109 ) ;
#2608 = VECTOR ( 'NONE', #1933, 1000.000000000000114 ) ;
#2609 = EDGE_CURVE ( 'NONE', #1108, #2643, #5214, .T. ) ;
#2610 = DIRECTION ( 'NONE',  ( 0.9945218953682732899, 0.000000000000000000, -0.1045284632676538178 ) ) ;
#2611 = ORIENTED_EDGE ( 'NONE', *, *, #4042, .F. ) ;
#2612 = MECHANICAL_DESIGN_GEOMETRIC_PRESENTATION_REPRESENTATION (  '', ( #2960 ), #159 ) ;
#2613 = DIRECTION ( 'NONE',  ( 0.000000000000000000, 0.000000000000000000, -1.000000000000000000 ) ) ;
#2614 = STYLED_ITEM ( 'NONE', ( #2196 ), #2537 ) ;
#2615 = ORIENTED_EDGE ( 'NONE', *, *, #1945, .F. ) ;
#2616 = DIRECTION ( 'NONE',  ( 0.000000000000000000, 0.9975640502598241977, -0.06975647374412530244 ) ) ;
#2617 = AXIS2_PLACEMENT_3D ( 'NONE', #2186, #1630, #1082 ) ;
#2618 = AXIS2_PLACEMENT_3D ( 'NONE', #4833, #2021, #4341 ) ;
#2619 = VERTEX_POINT ( 'NONE', #1930 ) ;
#2620 =( LENGTH_UNIT ( ) NAMED_UNIT ( * ) SI_UNIT ( .MILLI., .METRE. ) );
#2621 = SURFACE_STYLE_USAGE ( .BOTH. , #4215 ) ;
#2622 = SURFACE_SIDE_STYLE ('',( #1493 ) ) ;
#2623 = STYLED_ITEM ( 'NONE', ( #1153 ), #5653 ) ;
#2624 = ORIENTED_EDGE ( 'NONE', *, *, #5696, .T. ) ;
#2625 = VECTOR ( 'NONE', #693, 1000.000000000000000 ) ;
#2626 = DIRECTION ( 'NONE',  ( -1.000000000000000000, -0.000000000000000000, -0.000000000000000000 ) ) ;
#2627 = AXIS2_PLACEMENT_3D ( 'NONE', #1283, #2496, #6935 ) ;
#2628 =( NAMED_UNIT ( * ) SI_UNIT ( $, .STERADIAN. ) SOLID_ANGLE_UNIT ( ) );
#2629 = ORIENTED_EDGE ( 'NONE', *, *, #5841, .F. ) ;
#2630 = ORIENTED_EDGE ( 'NONE', *, *, #4921, .F. ) ;
#2631 = VERTEX_POINT ( 'NONE', #652 ) ;
#2632 = AXIS2_PLACEMENT_3D ( 'NONE', #222, #746, #2538 ) ;
#2633 =( NAMED_UNIT ( * ) PLANE_ANGLE_UNIT ( ) SI_UNIT ( $, .RADIAN. ) );
#2634 = DIRECTION ( 'NONE',  ( -0.9945218953682732899, 0.000000000000000000, -0.1045284632676537206 ) ) ;
#2635 = ORIENTED_EDGE ( 'NONE', *, *, #2999, .T. ) ;
#2636 = FILL_AREA_STYLE_COLOUR ( '', #6368 ) ;
#2637 = CIRCLE ( 'NONE', #4894, 0.07499999999999998335 ) ;
#2638 = FILL_AREA_STYLE ('',( #310 ) ) ;
#2639 = ADVANCED_FACE ( 'NONE', ( #2880 ), #2952, .T. ) ;
#2640 = ADVANCED_FACE ( 'NONE', ( #248 ), #2652, .T. ) ;
#2641 = SURFACE_STYLE_FILL_AREA ( #5542 ) ;
#2642 =( NAMED_UNIT ( * ) PLANE_ANGLE_UNIT ( ) SI_UNIT ( $, .RADIAN. ) );
#2643 = VERTEX_POINT ( 'NONE', #3634 ) ;
#2644 = CARTESIAN_POINT ( 'NONE',  ( 1.425136580382891038, 2.199999999999999289, 0.07249999999999988398 ) ) ;
#2645 =( NAMED_UNIT ( * ) SI_UNIT ( $, .STERADIAN. ) SOLID_ANGLE_UNIT ( ) );
#2646 =( GEOMETRIC_REPRESENTATION_CONTEXT ( 3 ) GLOBAL_UNCERTAINTY_ASSIGNED_CONTEXT ( ( #5462 ) ) GLOBAL_UNIT_ASSIGNED_CONTEXT ( ( #5217, #4060, #712 ) ) REPRESENTATION_CONTEXT ( 'NONE', 'WORKASPACE' ) );
#2647 = FILL_AREA_STYLE ('',( #3818 ) ) ;
#2648 = CARTESIAN_POINT ( 'NONE',  ( -1.382282424338301841, 2.082282424338301130, 0.4750000000000000333 ) ) ;
#2649 = MECHANICAL_DESIGN_GEOMETRIC_PRESENTATION_REPRESENTATION (  '', ( #796 ), #6696 ) ;
#2650 = ADVANCED_FACE ( 'NONE', ( #4841 ), #5892, .T. ) ;
#2651 = VERTEX_POINT ( 'NONE', #426 ) ;
#2652 = PLANE ( 'NONE',  #389 ) ;
#2653 = DIRECTION ( 'NONE',  ( 0.000000000000000000, 0.9975640502598243087, 0.06975647374412519142 ) ) ;
#2654 =( NAMED_UNIT ( * ) PLANE_ANGLE_UNIT ( ) SI_UNIT ( $, .RADIAN. ) );
#2655 = VERTEX_POINT ( 'NONE', #4889 ) ;
#2656 = CARTESIAN_POINT ( 'NONE',  ( -1.456871566490922199, -2.082282424338301574, 0.4828396347450740755 ) ) ;
#2657 = LINE ( 'NONE', #6601, #5684 ) ;
#2658 = CARTESIAN_POINT ( 'NONE',  ( -1.097500000000000142, -3.199999999999999289, -0.6499999999999998002 ) ) ;
#2659 = ORIENTED_EDGE ( 'NONE', *, *, #268, .T. ) ;
#2660 = FILL_AREA_STYLE_COLOUR ( '', #7063 ) ;
#2661 = DIRECTION ( 'NONE',  ( 0.000000000000000000, -0.4773021410712616763, -0.8787392480871611955 ) ) ;
#2662 = ORIENTED_EDGE ( 'NONE', *, *, #3104, .T. ) ;
#2663 = VERTEX_POINT ( 'NONE', #6531 ) ;
#2664 = EDGE_LOOP ( 'NONE', ( #5081, #1482, #3913, #4776 ) ) ;
#2665 = LINE ( 'NONE', #3839, #2057 ) ;
#2666 = CARTESIAN_POINT ( 'NONE',  ( -0.9422824243383021159, -1.642282424338300739, 0.5400000000000000355 ) ) ;
#2667 = FILL_AREA_STYLE_COLOUR ( '', #6875 ) ;
#2668 = VERTEX_POINT ( 'NONE', #7067 ) ;
#2669 = FACE_OUTER_BOUND ( 'NONE', #6315, .T. ) ;
#2670 = CARTESIAN_POINT ( 'NONE',  ( -1.097500000000000142, 2.299999999999999378, -0.07249999999999999500 ) ) ;
#2671 = LINE ( 'NONE', #4944, #6352 ) ;
#2672 =( NAMED_UNIT ( * ) PLANE_ANGLE_UNIT ( ) SI_UNIT ( $, .RADIAN. ) );
#2673 = FILL_AREA_STYLE_COLOUR ( '', #4052 ) ;
#2674 = CARTESIAN_POINT ( 'NONE',  ( -1.425409738600888154, -2.199998880753507802, -0.07251064891903699627 ) ) ;
#2675 =( GEOMETRIC_REPRESENTATION_CONTEXT ( 3 ) GLOBAL_UNCERTAINTY_ASSIGNED_CONTEXT ( ( #894 ) ) GLOBAL_UNIT_ASSIGNED_CONTEXT ( ( #5372, #7057, #4724 ) ) REPRESENTATION_CONTEXT ( 'NONE', 'WORKASPACE' ) );
#2676 = ORIENTED_EDGE ( 'NONE', *, *, #6065, .F. ) ;
#2677 = EDGE_CURVE ( 'NONE', #394, #6124, #1197, .T. ) ;
#2678 = CARTESIAN_POINT ( 'NONE',  ( -0.8525000000000001465, -2.502515066061893556, -0.03203957178574777520 ) ) ;
#2679 = SURFACE_STYLE_FILL_AREA ( #6704 ) ;
#2680 = ORIENTED_EDGE ( 'NONE', *, *, #6205, .T. ) ;
#2681 = ADVANCED_FACE ( 'NONE', ( #5384 ), #4214, .T. ) ;
#2682 = SURFACE_STYLE_FILL_AREA ( #459 ) ;
#2683 = FACE_OUTER_BOUND ( 'NONE', #2525, .T. ) ;
#2684 = FILL_AREA_STYLE_COLOUR ( '', #4158 ) ;
#2685 = MECHANICAL_DESIGN_GEOMETRIC_PRESENTATION_REPRESENTATION (  '', ( #948 ), #354 ) ;
#2686 = ORIENTED_EDGE ( 'NONE', *, *, #5335, .T. ) ;
#2687 = STYLED_ITEM ( 'NONE', ( #5376 ), #1661 ) ;
#2688 = DIRECTION ( 'NONE',  ( 0.000000000000000000, 0.000000000000000000, -1.000000000000000000 ) ) ;
#2689 = CARTESIAN_POINT ( 'NONE',  ( -0.8525000000000001465, 2.775747849617431928, -0.4198450200473335392 ) ) ;
#2690 = EDGE_CURVE ( 'NONE', #5197, #3937, #490, .T. ) ;
#2691 = PRESENTATION_STYLE_ASSIGNMENT (( #4326 ) ) ;
#2692 = CARTESIAN_POINT ( 'NONE',  ( 0.8524999999999997025, -2.299999999999999378, -0.1724999999999999867 ) ) ;
#2693 = MECHANICAL_DESIGN_GEOMETRIC_PRESENTATION_REPRESENTATION (  '', ( #6047 ), #7200 ) ;
#2694 = VECTOR ( 'NONE', #6293, 1000.000000000000000 ) ;
#2695 = CARTESIAN_POINT ( 'NONE',  ( 0.2024999999999997635, -2.761796554868606535, -0.6193578300992984564 ) ) ;
#2696 = UNCERTAINTY_MEASURE_WITH_UNIT (LENGTH_MEASURE( 1.000000000000000082E-05 ), #1869, 'distance_accuracy_value', 'NONE');
#2697 = ORIENTED_EDGE ( 'NONE', *, *, #1043, .T. ) ;
#2698 = VERTEX_POINT ( 'NONE', #6130 ) ;
#2699 = PLANE ( 'NONE',  #3802 ) ;
#2700 = FACE_OUTER_BOUND ( 'NONE', #3902, .T. ) ;
#2701 = EDGE_LOOP ( 'NONE', ( #2676, #4331, #3164, #508 ) ) ;
#2702 = UNCERTAINTY_MEASURE_WITH_UNIT (LENGTH_MEASURE( 1.000000000000000082E-05 ), #5826, 'distance_accuracy_value', 'NONE');
#2703 = LINE ( 'NONE', #5023, #2438 ) ;
#2704 = SURFACE_SIDE_STYLE ('',( #520 ) ) ;
#2705 =( LENGTH_UNIT ( ) NAMED_UNIT ( * ) SI_UNIT ( .MILLI., .METRE. ) );
#2706 = ORIENTED_EDGE ( 'NONE', *, *, #1401, .F. ) ;
#2707 = STYLED_ITEM ( 'NONE', ( #7238 ), #4725 ) ;
#2708 = VECTOR ( 'NONE', #28, 1000.000000000000000 ) ;
#2709 = DIRECTION ( 'NONE',  ( 1.000000000000000000, 0.000000000000000000, 0.000000000000000000 ) ) ;
#2710 = STYLED_ITEM ( 'NONE', ( #2300 ), #191 ) ;
#2711 = AXIS2_PLACEMENT_3D ( 'NONE', #5752, #1381, #133 ) ;
#2712 = CARTESIAN_POINT ( 'NONE',  ( 1.382282424338300952, 2.082282424338301130, -0.4750000000000000333 ) ) ;
#2713 = COLOUR_RGB ( '',0.8039215686274510109, 0.8039215686274510109, 0.8039215686274510109 ) ;
#2714 =( GEOMETRIC_REPRESENTATION_CONTEXT ( 3 ) GLOBAL_UNCERTAINTY_ASSIGNED_CONTEXT ( ( #290 ) ) GLOBAL_UNIT_ASSIGNED_CONTEXT ( ( #6918, #3492, #6816 ) ) REPRESENTATION_CONTEXT ( 'NONE', 'WORKASPACE' ) );
#2715 = LINE ( 'NONE', #4997, #4749 ) ;
#2716 = MECHANICAL_DESIGN_GEOMETRIC_PRESENTATION_REPRESENTATION (  '', ( #866 ), #6862 ) ;
#2717 = ORIENTED_EDGE ( 'NONE', *, *, #2955, .T. ) ;
#2718 = EDGE_CURVE ( 'NONE', #5388, #4372, #3220, .T. ) ;
#2719 =( NAMED_UNIT ( * ) PLANE_ANGLE_UNIT ( ) SI_UNIT ( $, .RADIAN. ) );
#2720 = STYLED_ITEM ( 'NONE', ( #1809 ), #1096 ) ;
#2721 = STYLED_ITEM ( 'NONE', ( #2770 ), #4955 ) ;
#2722 = AXIS2_PLACEMENT_3D ( 'NONE', #2038, #7033, #5491 ) ;
#2723 = EDGE_CURVE ( 'NONE', #2853, #4816, #3915, .T. ) ;
#2724 = EDGE_CURVE ( 'NONE', #803, #3564, #1125, .T. ) ;
#2725 = CARTESIAN_POINT ( 'NONE',  ( -1.097500000000000142, 2.715635909006247850, -0.4244066557889664137 ) ) ;
#2726 = CARTESIAN_POINT ( 'NONE',  ( 0.4474999999999997868, 3.199999999999999289, -0.5046459247782298929 ) ) ;
#2727 = AXIS2_PLACEMENT_3D ( 'NONE', #5981, #2583, #2075 ) ;
#2728 = CIRCLE ( 'NONE', #4033, 0.1000000000000001582 ) ;
#2729 = ORIENTED_EDGE ( 'NONE', *, *, #6809, .F. ) ;
#2730 = DIRECTION ( 'NONE',  ( 0.000000000000000000, 0.000000000000000000, -1.000000000000000000 ) ) ;
#2731 = PRESENTATION_STYLE_ASSIGNMENT (( #4443 ) ) ;
#2732 = DIRECTION ( 'NONE',  ( 0.000000000000000000, 1.000000000000000000, 0.000000000000000000 ) ) ;
#2733 = DIRECTION ( 'NONE',  ( 0.000000000000000000, 0.9975640502598243087, 0.06975647374412519142 ) ) ;
#2734 = FILL_AREA_STYLE ('',( #1678 ) ) ;
#2735 = STYLED_ITEM ( 'NONE', ( #1003 ), #7036 ) ;
#2736 = MECHANICAL_DESIGN_GEOMETRIC_PRESENTATION_REPRESENTATION (  '', ( #763 ), #4634 ) ;
#2737 = PLANE ( 'NONE',  #902 ) ;
#2738 = LINE ( 'NONE', #574, #6859 ) ;
#2739 = COLOUR_RGB ( '',0.8039215686274510109, 0.8039215686274510109, 0.8039215686274510109 ) ;
#2740 = EDGE_LOOP ( 'NONE', ( #6199, #5026, #3271, #6578 ) ) ;
#2741 = ORIENTED_EDGE ( 'NONE', *, *, #2816, .T. ) ;
#2742 = CARTESIAN_POINT ( 'NONE',  ( 1.453250491929915622, 2.078661349777295886, -0.5172918578343979057 ) ) ;
#2743 = CARTESIAN_POINT ( 'NONE',  ( 1.499999999999999556, -2.199999999999999289, 0.07249999999999999500 ) ) ;
#2744 = CARTESIAN_POINT ( 'NONE',  ( 1.382282424338300952, 2.082282424338301130, -0.5500000000000000444 ) ) ;
#2745 = MECHANICAL_DESIGN_GEOMETRIC_PRESENTATION_REPRESENTATION (  '', ( #3929 ), #2050 ) ;
#2746 = ORIENTED_EDGE ( 'NONE', *, *, #4589, .F. ) ;
#2747 = SURFACE_STYLE_FILL_AREA ( #4381 ) ;
#2748 = SURFACE_STYLE_USAGE ( .BOTH. , #4427 ) ;
#2749 = DIRECTION ( 'NONE',  ( -6.077559477998636602E-16, -1.000000000000000000, 5.782411586589361189E-15 ) ) ;
#2750 = PLANE ( 'NONE',  #1779 ) ;
#2751 = MECHANICAL_DESIGN_GEOMETRIC_PRESENTATION_REPRESENTATION (  '', ( #771 ), #1470 ) ;
#2752 =( NAMED_UNIT ( * ) PLANE_ANGLE_UNIT ( ) SI_UNIT ( $, .RADIAN. ) );
#2753 = SURFACE_STYLE_USAGE ( .BOTH. , #5582 ) ;
#2754 = FILL_AREA_STYLE_COLOUR ( '', #3014 ) ;
#2755 = VERTEX_POINT ( 'NONE', #1023 ) ;
#2756 = VECTOR ( 'NONE', #6713, 1000.000000000000114 ) ;
#2757 = PLANE ( 'NONE',  #5786 ) ;
#2758 = CARTESIAN_POINT ( 'NONE',  ( 0.8524999999999997025, 2.299999999999999378, -0.1724999999999999867 ) ) ;
#2759 = CARTESIAN_POINT ( 'NONE',  ( -1.425000000000000488, -2.199999999999999289, 0.07249999999999999500 ) ) ;
#2760 = ORIENTED_EDGE ( 'NONE', *, *, #6810, .F. ) ;
#2761 =( NAMED_UNIT ( * ) SI_UNIT ( $, .STERADIAN. ) SOLID_ANGLE_UNIT ( ) );
#2762 =( GEOMETRIC_REPRESENTATION_CONTEXT ( 3 ) GLOBAL_UNCERTAINTY_ASSIGNED_CONTEXT ( ( #2702 ) ) GLOBAL_UNIT_ASSIGNED_CONTEXT ( ( #5826, #3606, #253 ) ) REPRESENTATION_CONTEXT ( 'NONE', 'WORKASPACE' ) );
#2763 = ADVANCED_FACE ( 'NONE', ( #7251 ), #2111, .T. ) ;
#2764 = ORIENTED_EDGE ( 'NONE', *, *, #247, .F. ) ;
#2765 = FILL_AREA_STYLE_COLOUR ( '', #3207 ) ;
#2766 = VECTOR ( 'NONE', #865, 1000.000000000000000 ) ;
#2767 = PLANE ( 'NONE',  #2364 ) ;
#2768 = EDGE_CURVE ( 'NONE', #1414, #3151, #3337, .T. ) ;
#2769 =( NAMED_UNIT ( * ) SI_UNIT ( $, .STERADIAN. ) SOLID_ANGLE_UNIT ( ) );
#2770 = PRESENTATION_STYLE_ASSIGNMENT (( #470 ) ) ;
#2771 = UNCERTAINTY_MEASURE_WITH_UNIT (LENGTH_MEASURE( 1.000000000000000082E-05 ), #3043, 'distance_accuracy_value', 'NONE');
#2772 = VERTEX_POINT ( 'NONE', #4359 ) ;
#2773 = ORIENTED_EDGE ( 'NONE', *, *, #7212, .F. ) ;
#2774 = LINE ( 'NONE', #3967, #499 ) ;
#2775 = DIRECTION ( 'NONE',  ( -1.000000000000000000, -0.000000000000000000, -0.000000000000000000 ) ) ;
#2776 = ORIENTED_EDGE ( 'NONE', *, *, #1388, .T. ) ;
#2777 = FACE_OUTER_BOUND ( 'NONE', #3355, .T. ) ;
#2778 = CARTESIAN_POINT ( 'NONE',  ( 1.499999999999999556, 2.199999999999999289, 0.07249999999999999500 ) ) ;
#2779 = EDGE_CURVE ( 'NONE', #2182, #6989, #4505, .T. ) ;
#2780 = SURFACE_STYLE_FILL_AREA ( #552 ) ;
#2781 = DIRECTION ( 'NONE',  ( 0.000000000000000000, -0.000000000000000000, -1.000000000000000000 ) ) ;
#2782 = FACE_OUTER_BOUND ( 'NONE', #4549, .T. ) ;
#2783 =( NAMED_UNIT ( * ) SI_UNIT ( $, .STERADIAN. ) SOLID_ANGLE_UNIT ( ) );
#2784 = DIRECTION ( 'NONE',  ( 1.000000000000000000, 0.000000000000000000, 0.000000000000000000 ) ) ;
#2785 = SURFACE_STYLE_USAGE ( .BOTH. , #1225 ) ;
#2786 = CIRCLE ( 'NONE', #3752, 0.2199999999999999178 ) ;
#2787 = ORIENTED_EDGE ( 'NONE', *, *, #6893, .T. ) ;
#2788 = EDGE_CURVE ( 'NONE', #3532, #5097, #1708, .T. ) ;
#2789 =( LENGTH_UNIT ( ) NAMED_UNIT ( * ) SI_UNIT ( .MILLI., .METRE. ) );
#2790 = DIRECTION ( 'NONE',  ( 0.000000000000000000, -0.4773021410712616763, -0.8787392480871610845 ) ) ;
#2791 = EDGE_LOOP ( 'NONE', ( #2805, #6792, #2214, #6751 ) ) ;
#2792 = CARTESIAN_POINT ( 'NONE',  ( -1.097500000000000142, 2.326767216444461273, -0.1275000000000000022 ) ) ;
#2793 = VECTOR ( 'NONE', #6839, 1000.000000000000227 ) ;
#2794 =( NAMED_UNIT ( * ) SI_UNIT ( $, .STERADIAN. ) SOLID_ANGLE_UNIT ( ) );
#2795 = SURFACE_STYLE_FILL_AREA ( #496 ) ;
#2796 = ORIENTED_EDGE ( 'NONE', *, *, #5238, .T. ) ;
#2797 = FILL_AREA_STYLE_COLOUR ( '', #6640 ) ;
#2798 = CARTESIAN_POINT ( 'NONE',  ( -0.4475000000000001754, -2.326767216444461273, 0.07249999999999999500 ) ) ;
#2799 = CIRCLE ( 'NONE', #6035, 0.09999999999999979738 ) ;
#2800 = CARTESIAN_POINT ( 'NONE',  ( 0.2024999999999997635, 2.502515066061893556, -0.03203957178574777520 ) ) ;
#2801 = LINE ( 'NONE', #2263, #1939 ) ;
#2802 = FACE_OUTER_BOUND ( 'NONE', #4280, .T. ) ;
#2803 = AXIS2_PLACEMENT_3D ( 'NONE', #5485, #2031, #1018 ) ;
#2804 = MECHANICAL_DESIGN_GEOMETRIC_PRESENTATION_REPRESENTATION (  '', ( #1873 ), #4701 ) ;
#2805 = ORIENTED_EDGE ( 'NONE', *, *, #333, .F. ) ;
#2806 = CARTESIAN_POINT ( 'NONE',  ( 0.8524999999999997025, 2.199999999999999289, -0.07249999999999999500 ) ) ;
#2807 = DIRECTION ( 'NONE',  ( 0.9945218953682734009, 0.000000000000000000, 0.1045284632676537068 ) ) ;
#2808 = PLANE ( 'NONE',  #3826 ) ;
#2809 = EDGE_LOOP ( 'NONE', ( #6516, #2729, #6705, #4482 ) ) ;
#2811 = AXIS2_PLACEMENT_3D ( 'NONE', #338, #2016, #7167 ) ;
#2810 = SURFACE_STYLE_USAGE ( .BOTH. , #619 ) ;
#2812 = COLOUR_RGB ( '',0.2862745098039215508, 0.2862745098039215508, 0.2862745098039215508 ) ;
#2813 = EDGE_CURVE ( 'NONE', #702, #2631, #5303, .T. ) ;
#2814 = SURFACE_STYLE_USAGE ( .BOTH. , #6221 ) ;
#2815 = EDGE_CURVE ( 'NONE', #5987, #6610, #4162, .T. ) ;
#2816 = EDGE_CURVE ( 'NONE', #7297, #3836, #4545, .T. ) ;
#2817 = DIRECTION ( 'NONE',  ( 0.000000000000000000, 0.000000000000000000, -1.000000000000000000 ) ) ;
#2818 = FILL_AREA_STYLE ('',( #2348 ) ) ;
#2819 = FILL_AREA_STYLE_COLOUR ( '', #6444 ) ;
#2820 = MECHANICAL_DESIGN_GEOMETRIC_PRESENTATION_REPRESENTATION (  '', ( #600 ), #497 ) ;
#2821 = CARTESIAN_POINT ( 'NONE',  ( -1.097500000000000142, -2.199999999999999289, -0.07249999999999999500 ) ) ;
#2822 = ORIENTED_EDGE ( 'NONE', *, *, #6736, .T. ) ;
#2823 =( NAMED_UNIT ( * ) SI_UNIT ( $, .STERADIAN. ) SOLID_ANGLE_UNIT ( ) );
#2824 =( NAMED_UNIT ( * ) PLANE_ANGLE_UNIT ( ) SI_UNIT ( $, .RADIAN. ) );
#2825 = ORIENTED_EDGE ( 'NONE', *, *, #452, .F. ) ;
#2826 = LINE ( 'NONE', #598, #5940 ) ;
#2827 = ADVANCED_FACE ( 'NONE', ( #2321 ), #64, .T. ) ;
#2828 =( NAMED_UNIT ( * ) PLANE_ANGLE_UNIT ( ) SI_UNIT ( $, .RADIAN. ) );
#2829 = MECHANICAL_DESIGN_GEOMETRIC_PRESENTATION_REPRESENTATION (  '', ( #266 ), #4842 ) ;
#2830 = ORIENTED_EDGE ( 'NONE', *, *, #6010, .F. ) ;
#2831 = COLOUR_RGB ( '',0.2862745098039215508, 0.2862745098039215508, 0.2862745098039215508 ) ;
#2832 = MECHANICAL_DESIGN_GEOMETRIC_PRESENTATION_REPRESENTATION (  '', ( #6062 ), #3205 ) ;
#2833 = STYLED_ITEM ( 'NONE', ( #5646 ), #4777 ) ;
#2834 = FACE_OUTER_BOUND ( 'NONE', #2119, .T. ) ;
#2835 = DIRECTION ( 'NONE',  ( 0.000000000000000000, -0.4773021410712618984, 0.8787392480871610845 ) ) ;
#2836 = MECHANICAL_DESIGN_GEOMETRIC_PRESENTATION_REPRESENTATION (  '', ( #2710 ), #2140 ) ;
#2837 = EDGE_LOOP ( 'NONE', ( #649, #6687, #5559, #4207 ) ) ;
#2838 = AXIS2_PLACEMENT_3D ( 'NONE', #986, #4297, #2556 ) ;
#2839 =( LENGTH_UNIT ( ) NAMED_UNIT ( * ) SI_UNIT ( .MILLI., .METRE. ) );
#2840 = MECHANICAL_DESIGN_GEOMETRIC_PRESENTATION_REPRESENTATION (  '', ( #6183 ), #4388 ) ;
#2841 =( GEOMETRIC_REPRESENTATION_CONTEXT ( 3 ) GLOBAL_UNCERTAINTY_ASSIGNED_CONTEXT ( ( #5333 ) ) GLOBAL_UNIT_ASSIGNED_CONTEXT ( ( #7270, #2208, #6176 ) ) REPRESENTATION_CONTEXT ( 'NONE', 'WORKASPACE' ) );
#2842 = DIRECTION ( 'NONE',  ( 0.000000000000000000, 0.000000000000000000, -1.000000000000000000 ) ) ;
#2843 = SURFACE_SIDE_STYLE ('',( #5861 ) ) ;
#2844 = ORIENTED_EDGE ( 'NONE', *, *, #2724, .T. ) ;
#2845 = ORIENTED_EDGE ( 'NONE', *, *, #5695, .F. ) ;
#2846 = AXIS2_PLACEMENT_3D ( 'NONE', #6870, #5699, #6367 ) ;
#2847 =( NAMED_UNIT ( * ) PLANE_ANGLE_UNIT ( ) SI_UNIT ( $, .RADIAN. ) );
#2848 = MECHANICAL_DESIGN_GEOMETRIC_PRESENTATION_REPRESENTATION (  '', ( #3099 ), #2972 ) ;
#2849 = CARTESIAN_POINT ( 'NONE',  ( -0.4475000000000001754, 3.199999999999999289, -0.5046459247782298929 ) ) ;
#2850 = PRESENTATION_LAYER_ASSIGNMENT (  '', '', ( #3583 ) ) ;
#2851 = ORIENTED_EDGE ( 'NONE', *, *, #1217, .F. ) ;
#2852 = DIRECTION ( 'NONE',  ( 0.000000000000000000, -0.9975640502598241977, -0.06975647374412528856 ) ) ;
#2853 = VERTEX_POINT ( 'NONE', #1734 ) ;
#2854 = DIRECTION ( 'NONE',  ( -0.000000000000000000, -1.000000000000000000, -0.000000000000000000 ) ) ;
#2855 = STYLED_ITEM ( 'NONE', ( #6441 ), #5596 ) ;
#2856 = FACE_OUTER_BOUND ( 'NONE', #1842, .T. ) ;
#2857 =( LENGTH_UNIT ( ) NAMED_UNIT ( * ) SI_UNIT ( .MILLI., .METRE. ) );
#2858 = VECTOR ( 'NONE', #2470, 1000.000000000000000 ) ;
#2859 = FACE_OUTER_BOUND ( 'NONE', #176, .T. ) ;
#2860 = CARTESIAN_POINT ( 'NONE',  ( -0.8525000000000001465, 2.199999999999999289, -0.07249999999999999500 ) ) ;
#2861 = EDGE_CURVE ( 'NONE', #3813, #1414, #761, .T. ) ;
#2862 = FACE_OUTER_BOUND ( 'NONE', #3786, .T. ) ;
#2863 =( NAMED_UNIT ( * ) SI_UNIT ( $, .STERADIAN. ) SOLID_ANGLE_UNIT ( ) );
#2864 = VECTOR ( 'NONE', #3642, 1000.000000000000000 ) ;
#2865 = EDGE_CURVE ( 'NONE', #5410, #7287, #4755, .T. ) ;
#2866 = ADVANCED_FACE ( 'NONE', ( #6265 ), #645, .T. ) ;
#2867 =( GEOMETRIC_REPRESENTATION_CONTEXT ( 3 ) GLOBAL_UNCERTAINTY_ASSIGNED_CONTEXT ( ( #3538 ) ) GLOBAL_UNIT_ASSIGNED_CONTEXT ( ( #6917, #6464, #2995 ) ) REPRESENTATION_CONTEXT ( 'NONE', 'WORKASPACE' ) );
#2868 = DIRECTION ( 'NONE',  ( 1.000000000000000000, 0.000000000000000000, 0.000000000000000000 ) ) ;
#2869 =( NAMED_UNIT ( * ) SI_UNIT ( $, .STERADIAN. ) SOLID_ANGLE_UNIT ( ) );
#2870 = PLANE ( 'NONE',  #4138 ) ;
#2871 = VECTOR ( 'NONE', #5078, 1000.000000000000000 ) ;
#2872 = DIRECTION ( 'NONE',  ( 1.000000000000000000, 0.000000000000000000, 0.000000000000000000 ) ) ;
#2873 = ORIENTED_EDGE ( 'NONE', *, *, #4548, .T. ) ;
#2874 = SURFACE_STYLE_USAGE ( .BOTH. , #4095 ) ;
#2875 = PRESENTATION_STYLE_ASSIGNMENT (( #1375 ) ) ;
#2876 =( NAMED_UNIT ( * ) PLANE_ANGLE_UNIT ( ) SI_UNIT ( $, .RADIAN. ) );
#2877 = ORIENTED_EDGE ( 'NONE', *, *, #6959, .F. ) ;
#2878 = CARTESIAN_POINT ( 'NONE',  ( 1.382282424338300952, 2.156871566490921488, -0.4828396347450740200 ) ) ;
#2879 = CARTESIAN_POINT ( 'NONE',  ( -0.4475000000000001754, -2.299999999999999378, -0.1724999999999999867 ) ) ;
#2880 = FACE_OUTER_BOUND ( 'NONE', #1638, .T. ) ;
#2881 = STYLED_ITEM ( 'NONE', ( #7040 ), #20 ) ;
#2882 = LINE ( 'NONE', #6138, #6102 ) ;
#2883 = VERTEX_POINT ( 'NONE', #2466 ) ;
#2884 = SURFACE_STYLE_FILL_AREA ( #5567 ) ;
#2885 = DIRECTION ( 'NONE',  ( -0.1039620511844979306, 0.1039620511844979306, 0.9891328443778538704 ) ) ;
#2886 = DIRECTION ( 'NONE',  ( 0.000000000000000000, 1.000000000000000000, 0.000000000000000000 ) ) ;
#2887 = EDGE_LOOP ( 'NONE', ( #1885, #3126, #2822, #4065 ) ) ;
#2888 = CARTESIAN_POINT ( 'NONE',  ( 0.2024999999999997635, 3.199999999999999289, -0.6499999999999998002 ) ) ;
#2889 = EDGE_LOOP ( 'NONE', ( #4364, #5134, #3293, #5857 ) ) ;
#2890 = CARTESIAN_POINT ( 'NONE',  ( 1.382282424338301174, -2.082282424338300686, 0.4750000000000000333 ) ) ;
#2891 = CARTESIAN_POINT ( 'NONE',  ( -0.4475000000000001754, -3.199999999999999289, -0.5046459247782298929 ) ) ;
#2892 = CARTESIAN_POINT ( 'NONE',  ( 0.2024999999999997635, 2.803509833814964214, -0.3766764416818402239 ) ) ;
#2893 = CARTESIAN_POINT ( 'NONE',  ( -0.4475000000000001754, 2.502515066061893556, -0.03203957178574777520 ) ) ;
#2894 = DIRECTION ( 'NONE',  ( 1.000000000000000000, 0.000000000000000000, 0.000000000000000000 ) ) ;
#2895 =( LENGTH_UNIT ( ) NAMED_UNIT ( * ) SI_UNIT ( .MILLI., .METRE. ) );
#2896 = SURFACE_SIDE_STYLE ('',( #671 ) ) ;
#2897 =( NAMED_UNIT ( * ) SI_UNIT ( $, .STERADIAN. ) SOLID_ANGLE_UNIT ( ) );
#2898 =( LENGTH_UNIT ( ) NAMED_UNIT ( * ) SI_UNIT ( .MILLI., .METRE. ) );
#2899 =( LENGTH_UNIT ( ) NAMED_UNIT ( * ) SI_UNIT ( .MILLI., .METRE. ) );
#2900 = VECTOR ( 'NONE', #4908, 1000.000000000000000 ) ;
#2901 = VERTEX_POINT ( 'NONE', #6520 ) ;
#2902 = FILL_AREA_STYLE ('',( #679 ) ) ;
#2903 = EDGE_CURVE ( 'NONE', #5504, #7172, #5928, .T. ) ;
#2905 = PRESENTATION_STYLE_ASSIGNMENT (( #2358 ) ) ;
#2904 = DIRECTION ( 'NONE',  ( 0.000000000000000000, 0.000000000000000000, 1.000000000000000000 ) ) ;
#2906 = SURFACE_STYLE_FILL_AREA ( #7254 ) ;
#2907 = ORIENTED_EDGE ( 'NONE', *, *, #1437, .T. ) ;
#2908 = AXIS2_PLACEMENT_3D ( 'NONE', #939, #6588, #2610 ) ;
#2909 = AXIS2_PLACEMENT_3D ( 'NONE', #298, #2531, #4254 ) ;
#2910 = FILL_AREA_STYLE ('',( #6343 ) ) ;
#2911 = CYLINDRICAL_SURFACE ( 'NONE', #1095, 0.09999999999999979738 ) ;
#2912 = UNCERTAINTY_MEASURE_WITH_UNIT (LENGTH_MEASURE( 1.000000000000000082E-05 ), #1528, 'distance_accuracy_value', 'NONE');
#2913 = ORIENTED_EDGE ( 'NONE', *, *, #4456, .F. ) ;
#2914 = FILL_AREA_STYLE_COLOUR ( '', #3957 ) ;
#2915 = EDGE_CURVE ( 'NONE', #2942, #3335, #1603, .T. ) ;
#2916 = DIRECTION ( 'NONE',  ( -0.1039620511844975281, -0.1039620511844983192, 0.9891328443778538704 ) ) ;
#2917 = VECTOR ( 'NONE', #3393, 1000.000000000000000 ) ;
#2918 = FILL_AREA_STYLE_COLOUR ( '', #4376 ) ;
#2919 = DIRECTION ( 'NONE',  ( 0.000000000000000000, 0.000000000000000000, 1.000000000000000000 ) ) ;
#2920 = PLANE ( 'NONE',  #5426 ) ;
#2921 = ORIENTED_EDGE ( 'NONE', *, *, #4440, .F. ) ;
#2922 = UNCERTAINTY_MEASURE_WITH_UNIT (LENGTH_MEASURE( 1.000000000000000082E-05 ), #4151, 'distance_accuracy_value', 'NONE');
#2923 = LINE ( 'NONE', #1315, #4912 ) ;
#2924 = CARTESIAN_POINT ( 'NONE',  ( 1.468963392251840139, -2.199760935694444530, -0.07477454493104435107 ) ) ;
#2925 = CARTESIAN_POINT ( 'NONE',  ( -0.8525000000000001465, 3.199999999999999289, -0.5046459247782298929 ) ) ;
#2926 = DIRECTION ( 'NONE',  ( 0.000000000000000000, 0.000000000000000000, 1.000000000000000000 ) ) ;
#2927 =( BOUNDED_CURVE ( )  B_SPLINE_CURVE ( 3, ( #1390, #1467, #852, #4793 ),
 .UNSPECIFIED., .F., .F. ) 
 B_SPLINE_CURVE_WITH_KNOTS ( ( 4, 4 ),
 ( 3.141592653589793116, 3.147055862111337809 ),
 .UNSPECIFIED. ) 
 CURVE ( )  GEOMETRIC_REPRESENTATION_ITEM ( )  RATIONAL_B_SPLINE_CURVE ( ( 1.000000000000000000, 0.9999975127809339615, 0.9999975127809339615, 1.000000000000000000 ) ) 
 REPRESENTATION_ITEM ( '' )  );
#2928 =( GEOMETRIC_REPRESENTATION_CONTEXT ( 3 ) GLOBAL_UNCERTAINTY_ASSIGNED_CONTEXT ( ( #3084 ) ) GLOBAL_UNIT_ASSIGNED_CONTEXT ( ( #4098, #2400, #3597 ) ) REPRESENTATION_CONTEXT ( 'NONE', 'WORKASPACE' ) );
#2929 = CARTESIAN_POINT ( 'NONE',  ( 0.8524999999999997025, 3.199999999999999289, -0.6499999999999998002 ) ) ;
#2930 = LINE ( 'NONE', #5206, #1917 ) ;
#2931 = ORIENTED_EDGE ( 'NONE', *, *, #5047, .T. ) ;
#2932 = CARTESIAN_POINT ( 'NONE',  ( -0.4475000000000001754, 2.796534186440551739, -0.4764328467078229323 ) ) ;
#2933 = CARTESIAN_POINT ( 'NONE',  ( 0.8524999999999997025, -2.761796554868606535, -0.6193578300992984564 ) ) ;
#2934 = VECTOR ( 'NONE', #5726, 1000.000000000000000 ) ;
#2935 = MECHANICAL_DESIGN_GEOMETRIC_PRESENTATION_REPRESENTATION (  '', ( #2235 ), #3180 ) ;
#2936 =( LENGTH_UNIT ( ) NAMED_UNIT ( * ) SI_UNIT ( .MILLI., .METRE. ) );
#2937 = CARTESIAN_POINT ( 'NONE',  ( 0.8524999999999997025, 3.199999999999999289, -0.6499999999999998002 ) ) ;
#2938 = CARTESIAN_POINT ( 'NONE',  ( -1.097500000000000142, 2.199999999999999289, 0.07249999999999999500 ) ) ;
#2939 = CARTESIAN_POINT ( 'NONE',  ( -1.097500000000000142, 2.775747849617431928, -0.4198450200473335392 ) ) ;
#2940 = SURFACE_STYLE_FILL_AREA ( #3591 ) ;
#2941 =( NAMED_UNIT ( * ) SI_UNIT ( $, .STERADIAN. ) SOLID_ANGLE_UNIT ( ) );
#2942 = VERTEX_POINT ( 'NONE', #4807 ) ;
#2943 = PRESENTATION_STYLE_ASSIGNMENT (( #2874 ) ) ;
#2944 = CARTESIAN_POINT ( 'NONE',  ( -1.097500000000000142, 2.761796554868606535, -0.6193578300992984564 ) ) ;
#2945 = FILL_AREA_STYLE_COLOUR ( '', #4397 ) ;
#2946 = MECHANICAL_DESIGN_GEOMETRIC_PRESENTATION_REPRESENTATION (  '', ( #1083 ), #5564 ) ;
#2947 = ORIENTED_EDGE ( 'NONE', *, *, #1212, .T. ) ;
#2948 = FILL_AREA_STYLE_COLOUR ( '', #503 ) ;
#2949 = ADVANCED_FACE ( 'NONE', ( #910 ), #1372, .T. ) ;
#2950 = ORIENTED_EDGE ( 'NONE', *, *, #5149, .T. ) ;
#2951 = PRESENTATION_STYLE_ASSIGNMENT (( #4658 ) ) ;
#2952 = PLANE ( 'NONE',  #5951 ) ;
#2953 = ADVANCED_FACE ( 'NONE', ( #1444 ), #2578, .T. ) ;
#2954 = PRESENTATION_LAYER_ASSIGNMENT (  '', '', ( #6287 ) ) ;
#2955 = EDGE_CURVE ( 'NONE', #4927, #2000, #6590, .T. ) ;
#2956 =( NAMED_UNIT ( * ) SI_UNIT ( $, .STERADIAN. ) SOLID_ANGLE_UNIT ( ) );
#2957 = CIRCLE ( 'NONE', #7216, 0.07499999999999980294 ) ;
#2958 = ORIENTED_EDGE ( 'NONE', *, *, #3623, .T. ) ;
#2959 = LINE ( 'NONE', #4075, #1462 ) ;
#2960 = STYLED_ITEM ( 'NONE', ( #2551 ), #2640 ) ;
#2961 = CARTESIAN_POINT ( 'NONE',  ( -1.449812727660639844, -2.156871566490921488, 0.4828396347450740755 ) ) ;
#2962 = VERTEX_POINT ( 'NONE', #3107 ) ;
#2963 = CARTESIAN_POINT ( 'NONE',  ( -0.8525000000000001465, 2.502515066061893556, -0.03203957178574777520 ) ) ;
#2964 = AXIS2_PLACEMENT_3D ( 'NONE', #7258, #6163, #3302 ) ;
#2965 = FACE_OUTER_BOUND ( 'NONE', #2590, .T. ) ;
#2966 = STYLED_ITEM ( 'NONE', ( #6025 ), #5113 ) ;
#2967 = FILL_AREA_STYLE_COLOUR ( '', #7080 ) ;
#2968 = DIRECTION ( 'NONE',  ( 1.000000000000000000, 0.000000000000000000, 0.000000000000000000 ) ) ;
#2969 = DIRECTION ( 'NONE',  ( 0.000000000000000000, 1.000000000000000000, 0.000000000000000000 ) ) ;
#2970 = DIRECTION ( 'NONE',  ( 0.000000000000000000, -1.000000000000000000, 0.000000000000000000 ) ) ;
#2971 = PRESENTATION_STYLE_ASSIGNMENT (( #1898 ) ) ;
#2972 =( GEOMETRIC_REPRESENTATION_CONTEXT ( 3 ) GLOBAL_UNCERTAINTY_ASSIGNED_CONTEXT ( ( #2554 ) ) GLOBAL_UNIT_ASSIGNED_CONTEXT ( ( #4761, #2539, #3012 ) ) REPRESENTATION_CONTEXT ( 'NONE', 'WORKASPACE' ) );
#2973 = ORIENTED_EDGE ( 'NONE', *, *, #2163, .T. ) ;
#2974 = EDGE_CURVE ( 'NONE', #2975, #147, #380, .T. ) ;
#2975 = VERTEX_POINT ( 'NONE', #1513 ) ;
#2976 = CARTESIAN_POINT ( 'NONE',  ( -1.097500000000000142, -2.715635909006247850, -0.4244066557889664137 ) ) ;
#2977 = STYLED_ITEM ( 'NONE', ( #5092 ), #1233 ) ;
#2978 =( LENGTH_UNIT ( ) NAMED_UNIT ( * ) SI_UNIT ( .MILLI., .METRE. ) );
#2979 = COLOUR_RGB ( '',0.8039215686274510109, 0.8039215686274510109, 0.8039215686274510109 ) ;
#2980 = SURFACE_STYLE_FILL_AREA ( #5880 ) ;
#2981 = STYLED_ITEM ( 'NONE', ( #6514 ), #1127 ) ;
#2982 = FILL_AREA_STYLE ('',( #1954 ) ) ;
#2983 = VECTOR ( 'NONE', #1440, 1000.000000000000227 ) ;
#2984 = LINE ( 'NONE', #5257, #300 ) ;
#2985 = CYLINDRICAL_SURFACE ( 'NONE', #2908, 0.07500000000000002498 ) ;
#2986 = PRESENTATION_LAYER_ASSIGNMENT (  '', '', ( #5843 ) ) ;
#2987 = ORIENTED_EDGE ( 'NONE', *, *, #1522, .T. ) ;
#2988 = SURFACE_STYLE_FILL_AREA ( #2902 ) ;
#2989 = DIRECTION ( 'NONE',  ( 0.000000000000000000, -0.9975640502598243087, 0.06975647374412519142 ) ) ;
#2990 = FILL_AREA_STYLE_COLOUR ( '', #5310 ) ;
#2991 = COLOUR_RGB ( '',0.8039215686274510109, 0.8039215686274510109, 0.8039215686274510109 ) ;
#2992 = MECHANICAL_DESIGN_GEOMETRIC_PRESENTATION_REPRESENTATION (  '', ( #1587 ), #2867 ) ;
#2993 = ORIENTED_EDGE ( 'NONE', *, *, #403, .F. ) ;
#2994 = CARTESIAN_POINT ( 'NONE',  ( -1.425409738600888598, 2.199998880753507802, 0.07251064891903279130 ) ) ;
#2995 =( NAMED_UNIT ( * ) SI_UNIT ( $, .STERADIAN. ) SOLID_ANGLE_UNIT ( ) );
#2996 = DIRECTION ( 'NONE',  ( 0.000000000000000000, 0.000000000000000000, -1.000000000000000000 ) ) ;
#2997 = UNCERTAINTY_MEASURE_WITH_UNIT (LENGTH_MEASURE( 1.000000000000000082E-05 ), #872, 'distance_accuracy_value', 'NONE');
#2998 = VERTEX_POINT ( 'NONE', #235 ) ;
#2999 = EDGE_CURVE ( 'NONE', #4437, #6466, #6664, .T. ) ;
#3000 = PRESENTATION_STYLE_ASSIGNMENT (( #844 ) ) ;
#3001 = EDGE_LOOP ( 'NONE', ( #5293, #6404, #5642, #2267 ) ) ;
#3002 = PRESENTATION_STYLE_ASSIGNMENT (( #695 ) ) ;
#3003 = LINE ( 'NONE', #4194, #3006 ) ;
#3004 = UNCERTAINTY_MEASURE_WITH_UNIT (LENGTH_MEASURE( 1.000000000000000082E-05 ), #1352, 'distance_accuracy_value', 'NONE');
#3005 = PRESENTATION_STYLE_ASSIGNMENT (( #5173 ) ) ;
#3006 = VECTOR ( 'NONE', #1976, 1000.000000000000000 ) ;
#3007 = CARTESIAN_POINT ( 'NONE',  ( 1.499999999999999556, -2.199999999999999289, -0.07249999999999999500 ) ) ;
#3008 = DIRECTION ( 'NONE',  ( -6.077559477998636602E-16, -1.000000000000000000, -5.782411586589361189E-15 ) ) ;
#3009 = SURFACE_STYLE_USAGE ( .BOTH. , #786 ) ;
#3010 = VERTEX_POINT ( 'NONE', #1174 ) ;
#3011 = VERTEX_POINT ( 'NONE', #6286 ) ;
#3012 =( NAMED_UNIT ( * ) SI_UNIT ( $, .STERADIAN. ) SOLID_ANGLE_UNIT ( ) );
#3013 = EDGE_CURVE ( 'NONE', #6124, #2509, #4212, .T. ) ;
#3014 = COLOUR_RGB ( '',0.8039215686274510109, 0.8039215686274510109, 0.8039215686274510109 ) ;
#3015 = FILL_AREA_STYLE_COLOUR ( '', #6960 ) ;
#3016 = FILL_AREA_STYLE ('',( #5286 ) ) ;
#3017 = DIRECTION ( 'NONE',  ( 1.000000000000000000, 0.000000000000000000, 0.000000000000000000 ) ) ;
#3018 = FILL_AREA_STYLE ('',( #793 ) ) ;
#3019 = DIRECTION ( 'NONE',  ( 0.000000000000000000, 1.000000000000000000, 0.000000000000000000 ) ) ;
#3020 = EDGE_CURVE ( 'NONE', #2668, #6794, #3138, .T. ) ;
#3021 = EDGE_LOOP ( 'NONE', ( #3518, #407, #5621, #3202 ) ) ;
#3022 = PRESENTATION_STYLE_ASSIGNMENT (( #6834 ) ) ;
#3023 = UNCERTAINTY_MEASURE_WITH_UNIT (LENGTH_MEASURE( 1.000000000000000082E-05 ), #4173, 'distance_accuracy_value', 'NONE');
#3024 =( LENGTH_UNIT ( ) NAMED_UNIT ( * ) SI_UNIT ( .MILLI., .METRE. ) );
#3026 = CARTESIAN_POINT ( 'NONE',  ( -0.4475000000000001754, -2.199999999999999289, 0.07249999999999999500 ) ) ;
#3025 = DIRECTION ( 'NONE',  ( 0.000000000000000000, 0.9975640502598241977, -0.06975647374412528856 ) ) ;
#3027 = FILL_AREA_STYLE_COLOUR ( '', #291 ) ;
#3028 =( GEOMETRIC_REPRESENTATION_CONTEXT ( 3 ) GLOBAL_UNCERTAINTY_ASSIGNED_CONTEXT ( ( #5533 ) ) GLOBAL_UNIT_ASSIGNED_CONTEXT ( ( #155, #1331, #3056 ) ) REPRESENTATION_CONTEXT ( 'NONE', 'WORKASPACE' ) );
#3029 = DIRECTION ( 'NONE',  ( 1.000000000000000000, 0.000000000000000000, 0.000000000000000000 ) ) ;
#3030 = ORIENTED_EDGE ( 'NONE', *, *, #6654, .T. ) ;
#3031 = DIRECTION ( 'NONE',  ( 0.000000000000000000, -0.000000000000000000, -1.000000000000000000 ) ) ;
#3032 = COLOUR_RGB ( '',0.2862745098039215508, 0.2862745098039215508, 0.2862745098039215508 ) ;
#3033 = FACE_OUTER_BOUND ( 'NONE', #6246, .T. ) ;
#3034 = ORIENTED_EDGE ( 'NONE', *, *, #1302, .T. ) ;
#3035 = PLANE ( 'NONE',  #3495 ) ;
#3036 = DIRECTION ( 'NONE',  ( 0.000000000000000000, 0.000000000000000000, -1.000000000000000000 ) ) ;
#3037 = CARTESIAN_POINT ( 'NONE',  ( 0.4474999999999997868, -2.199999999999999289, 0.07249999999999999500 ) ) ;
#3038 = PRESENTATION_LAYER_ASSIGNMENT (  '', '', ( #2331 ) ) ;
#3039 = DIRECTION ( 'NONE',  ( 0.000000000000000000, 0.000000000000000000, 1.000000000000000000 ) ) ;
#3040 = PRESENTATION_STYLE_ASSIGNMENT (( #2533 ) ) ;
#3041 = FILL_AREA_STYLE ('',( #817 ) ) ;
#3042 = CARTESIAN_POINT ( 'NONE',  ( 0.2024999999999997635, -2.599999999999999645, -0.5153054482615858634 ) ) ;
#3043 =( LENGTH_UNIT ( ) NAMED_UNIT ( * ) SI_UNIT ( .MILLI., .METRE. ) );
#3044 = DIRECTION ( 'NONE',  ( 0.000000000000000000, -0.06975647374412519142, -0.9975640502598243087 ) ) ;
#3045 = VECTOR ( 'NONE', #2733, 1000.000000000000114 ) ;
#3046 =( NAMED_UNIT ( * ) PLANE_ANGLE_UNIT ( ) SI_UNIT ( $, .RADIAN. ) );
#3047 = ORIENTED_EDGE ( 'NONE', *, *, #6722, .T. ) ;
#3048 = EDGE_LOOP ( 'NONE', ( #77, #1690, #3118, #438, #5155, #3737, #169, #2659, #465, #2987, #2480, #3258 ) ) ;
#3049 =( LENGTH_UNIT ( ) NAMED_UNIT ( * ) SI_UNIT ( .MILLI., .METRE. ) );
#3050 = PLANE ( 'NONE',  #1579 ) ;
#3051 = DIRECTION ( 'NONE',  ( 0.000000000000000000, 0.000000000000000000, -1.000000000000000000 ) ) ;
#3052 = EDGE_CURVE ( 'NONE', #6560, #3689, #1593, .T. ) ;
#3053 = CARTESIAN_POINT ( 'NONE',  ( -0.8525000000000001465, -2.199999999999999289, -0.07249999999999999500 ) ) ;
#3054 = EDGE_CURVE ( 'NONE', #189, #5772, #6325, .T. ) ;
#3055 = ADVANCED_FACE ( 'NONE', ( #451 ), #4393, .F. ) ;
#3056 =( NAMED_UNIT ( * ) SI_UNIT ( $, .STERADIAN. ) SOLID_ANGLE_UNIT ( ) );
#3057 = AXIS2_PLACEMENT_3D ( 'NONE', #4232, #7136, #6585 ) ;
#3058 = MECHANICAL_DESIGN_GEOMETRIC_PRESENTATION_REPRESENTATION (  '', ( #2687 ), #6503 ) ;
#3059 = DIRECTION ( 'NONE',  ( -1.000000000000000000, 0.000000000000000000, 0.000000000000000000 ) ) ;
#3060 = CARTESIAN_POINT ( 'NONE',  ( 0.2024999999999997635, -2.326767216444461273, -0.1275000000000000022 ) ) ;
#3061 = ORIENTED_EDGE ( 'NONE', *, *, #3256, .F. ) ;
#3062 = CARTESIAN_POINT ( 'NONE',  ( 1.382282424338301396, -2.082282424338301130, -0.4749999999999999778 ) ) ;
#3063 =( GEOMETRIC_REPRESENTATION_CONTEXT ( 3 ) GLOBAL_UNCERTAINTY_ASSIGNED_CONTEXT ( ( #6455 ) ) GLOBAL_UNIT_ASSIGNED_CONTEXT ( ( #2428, #4905, #4230 ) ) REPRESENTATION_CONTEXT ( 'NONE', 'WORKASPACE' ) );
#3064 = CARTESIAN_POINT ( 'NONE',  ( -1.382282424338302063, -2.082282424338300686, 0.4750000000000000333 ) ) ;
#3065 = EDGE_CURVE ( 'NONE', #2012, #3275, #5028, .T. ) ;
#3066 = FILL_AREA_STYLE ('',( #834 ) ) ;
#3067 = DIRECTION ( 'NONE',  ( -0.000000000000000000, 0.000000000000000000, 1.000000000000000000 ) ) ;
#3068 = ADVANCED_FACE ( 'NONE', ( #665 ), #622, .T. ) ;
#3069 = DIRECTION ( 'NONE',  ( -1.000000000000000000, -0.000000000000000000, -0.000000000000000000 ) ) ;
#3070 = ORIENTED_EDGE ( 'NONE', *, *, #3431, .F. ) ;
#3071 = MECHANICAL_DESIGN_GEOMETRIC_PRESENTATION_REPRESENTATION (  '', ( #4721 ), #259 ) ;
#3072 = CARTESIAN_POINT ( 'NONE',  ( 1.499760935694445019, 2.168963392251840538, 0.07477454493103762034 ) ) ;
#3073 = AXIS2_PLACEMENT_3D ( 'NONE', #5792, #5237, #4666 ) ;
#3074 = FILL_AREA_STYLE ('',( #3636 ) ) ;
#3075 = PLANE ( 'NONE',  #4992 ) ;
#3076 = UNCERTAINTY_MEASURE_WITH_UNIT (LENGTH_MEASURE( 1.000000000000000082E-05 ), #5560, 'distance_accuracy_value', 'NONE');
#3077 = ORIENTED_EDGE ( 'NONE', *, *, #3611, .T. ) ;
#3078 = DIRECTION ( 'NONE',  ( 0.000000000000000000, 0.000000000000000000, 1.000000000000000000 ) ) ;
#3079 = PLANE ( 'NONE',  #4287 ) ;
#3080 = PRESENTATION_STYLE_ASSIGNMENT (( #256 ) ) ;
#3081 = VECTOR ( 'NONE', #2195, 1000.000000000000000 ) ;
#3082 = PLANE ( 'NONE',  #2377 ) ;
#3083 =( NAMED_UNIT ( * ) SI_UNIT ( $, .STERADIAN. ) SOLID_ANGLE_UNIT ( ) );
#3084 = UNCERTAINTY_MEASURE_WITH_UNIT (LENGTH_MEASURE( 1.000000000000000082E-05 ), #4098, 'distance_accuracy_value', 'NONE');
#3085 = AXIS2_PLACEMENT_3D ( 'NONE', #3566, #1937, #3036 ) ;
#3086 = PRESENTATION_LAYER_ASSIGNMENT (  '', '', ( #1093 ) ) ;
#3087 =( LENGTH_UNIT ( ) NAMED_UNIT ( * ) SI_UNIT ( .MILLI., .METRE. ) );
#3088 = SURFACE_STYLE_USAGE ( .BOTH. , #929 ) ;
#3089 = AXIS2_PLACEMENT_3D ( 'NONE', #3941, #1618, #1045 ) ;
#3090 =( LENGTH_UNIT ( ) NAMED_UNIT ( * ) SI_UNIT ( .MILLI., .METRE. ) );
#3091 = ORIENTED_EDGE ( 'NONE', *, *, #4453, .T. ) ;
#3092 = ORIENTED_EDGE ( 'NONE', *, *, #3357, .T. ) ;
#3093 = DIRECTION ( 'NONE',  ( 1.000000000000000000, -0.000000000000000000, 0.000000000000000000 ) ) ;
#3094 = CIRCLE ( 'NONE', #7221, 0.09999999999999979738 ) ;
#3095 = FILL_AREA_STYLE ('',( #373 ) ) ;
#3096 = DIRECTION ( 'NONE',  ( 1.000000000000000000, 0.000000000000000000, 0.000000000000000000 ) ) ;
#3097 =( GEOMETRIC_REPRESENTATION_CONTEXT ( 3 ) GLOBAL_UNCERTAINTY_ASSIGNED_CONTEXT ( ( #4556 ) ) GLOBAL_UNIT_ASSIGNED_CONTEXT ( ( #2620, #978, #3747 ) ) REPRESENTATION_CONTEXT ( 'NONE', 'WORKASPACE' ) );
#3098 = DIRECTION ( 'NONE',  ( 1.000000000000000000, 0.000000000000000000, 0.000000000000000000 ) ) ;
#3099 = STYLED_ITEM ( 'NONE', ( #3620 ), #6898 ) ;
#3100 = FILL_AREA_STYLE_COLOUR ( '', #5693 ) ;
#3101 = AXIS2_PLACEMENT_3D ( 'NONE', #120, #5223, #66 ) ;
#3102 = FILL_AREA_STYLE_COLOUR ( '', #5369 ) ;
#3103 = LINE ( 'NONE', #3736, #5647 ) ;
#3104 = EDGE_CURVE ( 'NONE', #148, #6794, #7044, .T. ) ;
#3105 = ORIENTED_EDGE ( 'NONE', *, *, #4058, .F. ) ;
#3106 = COLOUR_RGB ( '',0.8039215686274510109, 0.8039215686274510109, 0.8039215686274510109 ) ;
#3107 = CARTESIAN_POINT ( 'NONE',  ( 1.097499999999999698, 2.761796554868606535, -0.6193578300992984564 ) ) ;
#3108 = UNCERTAINTY_MEASURE_WITH_UNIT (LENGTH_MEASURE( 1.000000000000000082E-05 ), #4897, 'distance_accuracy_value', 'NONE');
#3109 = ORIENTED_EDGE ( 'NONE', *, *, #6405, .T. ) ;
#3110 = CARTESIAN_POINT ( 'NONE',  ( 0.4474999999999997868, 2.299999999999999378, -0.1724999999999999867 ) ) ;
#3111 = PRESENTATION_STYLE_ASSIGNMENT (( #4286 ) ) ;
#3112 = COLOUR_RGB ( '',0.8039215686274510109, 0.8039215686274510109, 0.8039215686274510109 ) ;
#3113 = ORIENTED_EDGE ( 'NONE', *, *, #4360, .F. ) ;
#3114 = SURFACE_STYLE_USAGE ( .BOTH. , #5939 ) ;
#3115 = PRODUCT_DEFINITION ( 'UNKNOWN', '', #1008, #6936 ) ;
#3116 =( GEOMETRIC_REPRESENTATION_CONTEXT ( 3 ) GLOBAL_UNCERTAINTY_ASSIGNED_CONTEXT ( ( #5232 ) ) GLOBAL_UNIT_ASSIGNED_CONTEXT ( ( #2213, #2752, #5057 ) ) REPRESENTATION_CONTEXT ( 'NONE', 'WORKASPACE' ) );
#3117 = FILL_AREA_STYLE ('',( #1416 ) ) ;
#3118 = ORIENTED_EDGE ( 'NONE', *, *, #5187, .T. ) ;
#3119 = CARTESIAN_POINT ( 'NONE',  ( 0.8524999999999997025, 2.199999999999999289, 0.07249999999999999500 ) ) ;
#3120 = DIRECTION ( 'NONE',  ( 0.000000000000000000, -0.4773021410712616763, -0.8787392480871610845 ) ) ;
#3121 = PRESENTATION_LAYER_ASSIGNMENT (  '', '', ( #2183 ) ) ;
#3122 =( NAMED_UNIT ( * ) PLANE_ANGLE_UNIT ( ) SI_UNIT ( $, .RADIAN. ) );
#3123 = DIRECTION ( 'NONE',  ( 0.000000000000000000, -0.8787392480871611955, 0.4773021410712616763 ) ) ;
#3124 = SURFACE_STYLE_FILL_AREA ( #3679 ) ;
#3125 = SURFACE_SIDE_STYLE ('',( #6545 ) ) ;
#3126 = ORIENTED_EDGE ( 'NONE', *, *, #5819, .F. ) ;
#3127 = ORIENTED_EDGE ( 'NONE', *, *, #772, .T. ) ;
#3128 = ORIENTED_EDGE ( 'NONE', *, *, #6279, .T. ) ;
#3129 = DIRECTION ( 'NONE',  ( 0.000000000000000000, 0.000000000000000000, -1.000000000000000000 ) ) ;
#3130 = DIRECTION ( 'NONE',  ( 0.000000000000000000, 0.000000000000000000, -1.000000000000000000 ) ) ;
#3131 = CARTESIAN_POINT ( 'NONE',  ( -0.4475000000000001754, -3.199999999999999289, -0.6499999999999998002 ) ) ;
#3132 = SURFACE_STYLE_USAGE ( .BOTH. , #7052 ) ;
#3133 = DIRECTION ( 'NONE',  ( -1.000000000000000000, -0.000000000000000000, -0.000000000000000000 ) ) ;
#3134 = CARTESIAN_POINT ( 'NONE',  ( -1.097500000000000142, 2.387873924808715298, -0.1247697858928739911 ) ) ;
#3135 = EDGE_CURVE ( 'NONE', #3886, #3799, #6892, .T. ) ;
#3136 = DIRECTION ( 'NONE',  ( 1.000000000000000000, 0.000000000000000000, 0.000000000000000000 ) ) ;
#3137 = ORIENTED_EDGE ( 'NONE', *, *, #3611, .F. ) ;
#3138 = CIRCLE ( 'NONE', #1029, 0.07499999999999998335 ) ;
#3139 = DIRECTION ( 'NONE',  ( 1.000000000000000000, 0.000000000000000000, 0.000000000000000000 ) ) ;
#3140 = ORIENTED_EDGE ( 'NONE', *, *, #7138, .T. ) ;
#3141 =( LENGTH_UNIT ( ) NAMED_UNIT ( * ) SI_UNIT ( .MILLI., .METRE. ) );
#3142 = DIRECTION ( 'NONE',  ( 1.000000000000000000, 0.000000000000000000, 0.000000000000000000 ) ) ;
#3143 = CARTESIAN_POINT ( 'NONE',  ( 0.2024999999999997635, -2.502515066061893556, -0.03203957178574777520 ) ) ;
#3144 = CARTESIAN_POINT ( 'NONE',  ( 0.4474999999999997868, -2.299999999999999378, -0.1724999999999999867 ) ) ;
#3145 = ORIENTED_EDGE ( 'NONE', *, *, #2861, .T. ) ;
#3146 = EDGE_CURVE ( 'NONE', #6818, #97, #4079, .T. ) ;
#3147 = PRESENTATION_STYLE_ASSIGNMENT (( #918 ) ) ;
#3148 = EDGE_CURVE ( 'NONE', #6868, #1536, #301, .T. ) ;
#3149 = CARTESIAN_POINT ( 'NONE',  ( 0.8524999999999997025, 2.299999999999999378, -0.07249999999999999500 ) ) ;
#3150 = UNCERTAINTY_MEASURE_WITH_UNIT (LENGTH_MEASURE( 1.000000000000000082E-05 ), #6211, 'distance_accuracy_value', 'NONE');
#3151 = VERTEX_POINT ( 'NONE', #2485 ) ;
#3152 =( LENGTH_UNIT ( ) NAMED_UNIT ( * ) SI_UNIT ( .MILLI., .METRE. ) );
#3153 = CARTESIAN_POINT ( 'NONE',  ( -0.8525000000000001465, -3.199999999999999289, -0.5046459247782298929 ) ) ;
#3154 = CIRCLE ( 'NONE', #1971, 0.2000000000000002054 ) ;
#3155 = DIRECTION ( 'NONE',  ( 0.000000000000000000, 0.000000000000000000, -1.000000000000000000 ) ) ;
#3156 = DIRECTION ( 'NONE',  ( 0.000000000000000000, -0.9945218953682734009, 0.1045284632676537068 ) ) ;
#3157 = CYLINDRICAL_SURFACE ( 'NONE', #41, 0.2000000000000002054 ) ;
#3158 = VECTOR ( 'NONE', #6412, 1000.000000000000000 ) ;
#3159 = UNCERTAINTY_MEASURE_WITH_UNIT (LENGTH_MEASURE( 1.000000000000000082E-05 ), #5033, 'distance_accuracy_value', 'NONE');
#3160 = CARTESIAN_POINT ( 'NONE',  ( 1.456871566490921532, -2.149812727660638689, 0.4828396347450740755 ) ) ;
#3161 = UNCERTAINTY_MEASURE_WITH_UNIT (LENGTH_MEASURE( 1.000000000000000082E-05 ), #1463, 'distance_accuracy_value', 'NONE');
#3162 = EDGE_CURVE ( 'NONE', #2544, #803, #1278, .T. ) ;
#3163 = ORIENTED_EDGE ( 'NONE', *, *, #2469, .T. ) ;
#3164 = ORIENTED_EDGE ( 'NONE', *, *, #5089, .T. ) ;
#3165 = EDGE_LOOP ( 'NONE', ( #1685, #3618, #7046, #3688, #1276, #6161, #5429, #2166, #5891, #3581, #6677, #1249 ) ) ;
#3166 = FILL_AREA_STYLE_COLOUR ( '', #1327 ) ;
#3167 =( LENGTH_UNIT ( ) NAMED_UNIT ( * ) SI_UNIT ( .MILLI., .METRE. ) );
#3168 = CARTESIAN_POINT ( 'NONE',  ( -0.8525000000000001465, 3.199999999999999289, -0.6499999999999998002 ) ) ;
#3169 = DIRECTION ( 'NONE',  ( 0.000000000000000000, -0.9975640502598241977, -0.06975647374412530244 ) ) ;
#3170 = FILL_AREA_STYLE_COLOUR ( '', #5904 ) ;
#3171 = STYLED_ITEM ( 'NONE', ( #6137 ), #4317 ) ;
#3172 = LINE ( 'NONE', #5968, #5174 ) ;
#3173 = SURFACE_STYLE_USAGE ( .BOTH. , #7024 ) ;
#3174 =( LENGTH_UNIT ( ) NAMED_UNIT ( * ) SI_UNIT ( .MILLI., .METRE. ) );
#3175 =( GEOMETRIC_REPRESENTATION_CONTEXT ( 3 ) GLOBAL_UNCERTAINTY_ASSIGNED_CONTEXT ( ( #7087 ) ) GLOBAL_UNIT_ASSIGNED_CONTEXT ( ( #3844, #7134, #1615 ) ) REPRESENTATION_CONTEXT ( 'NONE', 'WORKASPACE' ) );
#3176 = ORIENTED_EDGE ( 'NONE', *, *, #1762, .F. ) ;
#3177 = UNCERTAINTY_MEASURE_WITH_UNIT (LENGTH_MEASURE( 1.000000000000000082E-05 ), #6840, 'distance_accuracy_value', 'NONE');
#3178 = FACE_OUTER_BOUND ( 'NONE', #4565, .T. ) ;
#3179 = PRESENTATION_LAYER_ASSIGNMENT (  '', '', ( #713 ) ) ;
#3180 =( GEOMETRIC_REPRESENTATION_CONTEXT ( 3 ) GLOBAL_UNCERTAINTY_ASSIGNED_CONTEXT ( ( #7028 ) ) GLOBAL_UNIT_ASSIGNED_CONTEXT ( ( #5027, #7278, #2823 ) ) REPRESENTATION_CONTEXT ( 'NONE', 'WORKASPACE' ) );
#3181 =( NAMED_UNIT ( * ) SI_UNIT ( $, .STERADIAN. ) SOLID_ANGLE_UNIT ( ) );
#3182 =( GEOMETRIC_REPRESENTATION_CONTEXT ( 3 ) GLOBAL_UNCERTAINTY_ASSIGNED_CONTEXT ( ( #5245 ) ) GLOBAL_UNIT_ASSIGNED_CONTEXT ( ( #1025, #24, #5002 ) ) REPRESENTATION_CONTEXT ( 'NONE', 'WORKASPACE' ) );
#3183 = CARTESIAN_POINT ( 'NONE',  ( -0.9422824243383021159, -1.642282424338300739, 0.5500000000000000444 ) ) ;
#3184 = AXIS2_PLACEMENT_3D ( 'NONE', #4686, #5854, #2357 ) ;
#3185 = ORIENTED_EDGE ( 'NONE', *, *, #2177, .F. ) ;
#3186 = SURFACE_SIDE_STYLE ('',( #6056 ) ) ;
#3187 =( LENGTH_UNIT ( ) NAMED_UNIT ( * ) SI_UNIT ( .MILLI., .METRE. ) );
#3188 = VERTEX_POINT ( 'NONE', #734 ) ;
#3189 = CARTESIAN_POINT ( 'NONE',  ( 1.424999999999999600, 2.199999999999999289, -0.07249999999999999500 ) ) ;
#3190 = COLOUR_RGB ( '',0.9607843137254902244, 0.9607843137254902244, 0.9607843137254902244 ) ;
#3191 = DIRECTION ( 'NONE',  ( 0.000000000000000000, 0.000000000000000000, -1.000000000000000000 ) ) ;
#3192 = EDGE_CURVE ( 'NONE', #7100, #6739, #4751, .T. ) ;
#3193 = SURFACE_SIDE_STYLE ('',( #4852 ) ) ;
#3194 = EDGE_CURVE ( 'NONE', #732, #3300, #3003, .T. ) ;
#3195 = CARTESIAN_POINT ( 'NONE',  ( 1.424999999999999600, 2.199999999999999289, 0.07249999999999999500 ) ) ;
#3196 = PRESENTATION_STYLE_ASSIGNMENT (( #957 ) ) ;
#3197 = PRESENTATION_STYLE_ASSIGNMENT (( #3088 ) ) ;
#3198 = EDGE_LOOP ( 'NONE', ( #1454, #1715, #3284, #5501 ) ) ;
#3199 = ORIENTED_EDGE ( 'NONE', *, *, #7260, .T. ) ;
#3200 = COLOUR_RGB ( '',0.8039215686274510109, 0.8039215686274510109, 0.8039215686274510109 ) ;
#3201 = DIRECTION ( 'NONE',  ( 1.000000000000000000, 0.000000000000000000, 0.000000000000000000 ) ) ;
#3202 = ORIENTED_EDGE ( 'NONE', *, *, #4678, .T. ) ;
#3203 =( NAMED_UNIT ( * ) PLANE_ANGLE_UNIT ( ) SI_UNIT ( $, .RADIAN. ) );
#3204 = SURFACE_SIDE_STYLE ('',( #7093 ) ) ;
#3205 =( GEOMETRIC_REPRESENTATION_CONTEXT ( 3 ) GLOBAL_UNCERTAINTY_ASSIGNED_CONTEXT ( ( #4791 ) ) GLOBAL_UNIT_ASSIGNED_CONTEXT ( ( #2290, #529, #4541 ) ) REPRESENTATION_CONTEXT ( 'NONE', 'WORKASPACE' ) );
#3206 = CARTESIAN_POINT ( 'NONE',  ( 1.499999999999999556, 2.124999999999999556, 0.07249999999999999500 ) ) ;
#3207 = COLOUR_RGB ( '',0.8039215686274510109, 0.8039215686274510109, 0.8039215686274510109 ) ;
#3208 = CARTESIAN_POINT ( 'NONE',  ( 0.8524999999999997025, -2.199999999999999289, -0.07249999999999999500 ) ) ;
#3209 = AXIS2_PLACEMENT_3D ( 'NONE', #3607, #3531, #5790 ) ;
#3210 = VECTOR ( 'NONE', #6638, 1000.000000000000000 ) ;
#3211 = CARTESIAN_POINT ( 'NONE',  ( 0.4474999999999997868, -2.326767216444461273, 0.07249999999999999500 ) ) ;
#3212 = MECHANICAL_DESIGN_GEOMETRIC_PRESENTATION_REPRESENTATION (  '', ( #5104 ), #42 ) ;
#3213 = AXIS2_PLACEMENT_3D ( 'NONE', #1682, #4419, #4370 ) ;
#3214 = ORIENTED_EDGE ( 'NONE', *, *, #2293, .T. ) ;
#3215 = DIRECTION ( 'NONE',  ( 0.000000000000000000, -0.9975640502598241977, -0.06975647374412530244 ) ) ;
#3216 = MECHANICAL_DESIGN_GEOMETRIC_PRESENTATION_REPRESENTATION (  '', ( #4029 ), #5580 ) ;
#3217 = ORIENTED_EDGE ( 'NONE', *, *, #3874, .F. ) ;
#3218 =( NAMED_UNIT ( * ) PLANE_ANGLE_UNIT ( ) SI_UNIT ( $, .RADIAN. ) );
#3219 = PLANE ( 'NONE',  #6544 ) ;
#3220 = CIRCLE ( 'NONE', #3917, 0.2000000000000000389 ) ;
#3221 = STYLED_ITEM ( 'NONE', ( #4436 ), #6773 ) ;
#3222 = EDGE_CURVE ( 'NONE', #2167, #3532, #3254, .T. ) ;
#3223 = COLOUR_RGB ( '',0.8039215686274510109, 0.8039215686274510109, 0.8039215686274510109 ) ;
#3224 = COLOUR_RGB ( '',0.2862745098039215508, 0.2862745098039215508, 0.2862745098039215508 ) ;
#3225 = VERTEX_POINT ( 'NONE', #5204 ) ;
#3226 = MECHANICAL_DESIGN_GEOMETRIC_PRESENTATION_REPRESENTATION (  '', ( #6432 ), #1695 ) ;
#3227 = SURFACE_SIDE_STYLE ('',( #980 ) ) ;
#3228 = CARTESIAN_POINT ( 'NONE',  ( -1.425409738600888154, -2.199998880753507802, -0.07251064891903699627 ) ) ;
#3229 = MECHANICAL_DESIGN_GEOMETRIC_PRESENTATION_REPRESENTATION (  '', ( #6665 ), #1926 ) ;
#3230 = VERTEX_POINT ( 'NONE', #6385 ) ;
#3231 = DIRECTION ( 'NONE',  ( 1.000000000000000000, 0.000000000000000000, 0.000000000000000000 ) ) ;
#3232 = PLANE ( 'NONE',  #1556 ) ;
#3233 = PRESENTATION_LAYER_ASSIGNMENT (  '', '', ( #5976 ) ) ;
#3234 = FACE_OUTER_BOUND ( 'NONE', #1631, .T. ) ;
#3235 =( LENGTH_UNIT ( ) NAMED_UNIT ( * ) SI_UNIT ( .MILLI., .METRE. ) );
#3236 = EDGE_CURVE ( 'NONE', #1536, #4391, #2445, .T. ) ;
#3237 = ORIENTED_EDGE ( 'NONE', *, *, #2514, .F. ) ;
#3238 = ORIENTED_EDGE ( 'NONE', *, *, #7006, .T. ) ;
#3239 = ORIENTED_EDGE ( 'NONE', *, *, #2324, .F. ) ;
#3240 =( GEOMETRIC_REPRESENTATION_CONTEXT ( 3 ) GLOBAL_UNCERTAINTY_ASSIGNED_CONTEXT ( ( #2408 ) ) GLOBAL_UNIT_ASSIGNED_CONTEXT ( ( #4863, #6580, #6550 ) ) REPRESENTATION_CONTEXT ( 'NONE', 'WORKASPACE' ) );
#3241 = MECHANICAL_DESIGN_GEOMETRIC_PRESENTATION_REPRESENTATION (  '', ( #4738 ), #7252 ) ;
#3242 = SURFACE_STYLE_FILL_AREA ( #6111 ) ;
#3243 = CARTESIAN_POINT ( 'NONE',  ( 1.426217025357843005, 2.126217025357842960, 0.05699019374921864001 ) ) ;
#3244 = ORIENTED_EDGE ( 'NONE', *, *, #3020, .T. ) ;
#3245 = ADVANCED_FACE ( 'NONE', ( #2965 ), #5244, .T. ) ;
#3246 = UNCERTAINTY_MEASURE_WITH_UNIT (LENGTH_MEASURE( 1.000000000000000082E-05 ), #1786, 'distance_accuracy_value', 'NONE');
#3247 = LINE ( 'NONE', #1544, #3867 ) ;
#3248 = DIRECTION ( 'NONE',  ( 1.000000000000000000, 0.000000000000000000, 0.000000000000000000 ) ) ;
#3249 = PRESENTATION_STYLE_ASSIGNMENT (( #1075 ) ) ;
#3250 = EDGE_CURVE ( 'NONE', #3442, #2998, #5757, .T. ) ;
#3251 = ORIENTED_EDGE ( 'NONE', *, *, #3612, .T. ) ;
#3252 = UNCERTAINTY_MEASURE_WITH_UNIT (LENGTH_MEASURE( 1.000000000000000082E-05 ), #2898, 'distance_accuracy_value', 'NONE');
#3253 = CARTESIAN_POINT ( 'NONE',  ( -0.4475000000000001754, 2.502515066061893556, -0.03203957178574777520 ) ) ;
#3254 = CIRCLE ( 'NONE', #7034, 0.07500000000000002498 ) ;
#3255 = SURFACE_SIDE_STYLE ('',( #83 ) ) ;
#3256 = EDGE_CURVE ( 'NONE', #1775, #896, #2923, .T. ) ;
#3257 = LINE ( 'NONE', #4502, #3342 ) ;
#3258 = ORIENTED_EDGE ( 'NONE', *, *, #1839, .T. ) ;
#3259 = FILL_AREA_STYLE_COLOUR ( '', #1914 ) ;
#3260 =( NAMED_UNIT ( * ) PLANE_ANGLE_UNIT ( ) SI_UNIT ( $, .RADIAN. ) );
#3261 = CARTESIAN_POINT ( 'NONE',  ( -1.097500000000000142, 2.796534186440551739, -0.4764328467078228213 ) ) ;
#3262 = ORIENTED_EDGE ( 'NONE', *, *, #687, .F. ) ;
#3263 = CARTESIAN_POINT ( 'NONE',  ( -0.2025000000000002076, 2.502515066061893556, -0.03203957178574777520 ) ) ;
#3264 = DIRECTION ( 'NONE',  ( 1.000000000000000000, 0.000000000000000000, 0.000000000000000000 ) ) ;
#3265 = PLANE ( 'NONE',  #6029 ) ;
#3266 = DIRECTION ( 'NONE',  ( 1.000000000000000000, 0.000000000000000000, 0.000000000000000000 ) ) ;
#3267 =( NAMED_UNIT ( * ) SI_UNIT ( $, .STERADIAN. ) SOLID_ANGLE_UNIT ( ) );
#3268 = DIRECTION ( 'NONE',  ( 0.000000000000000000, 0.000000000000000000, -1.000000000000000000 ) ) ;
#3269 = COLOUR_RGB ( '',0.8039215686274510109, 0.8039215686274510109, 0.8039215686274510109 ) ;
#3270 = ORIENTED_EDGE ( 'NONE', *, *, #1185, .F. ) ;
#3271 = ORIENTED_EDGE ( 'NONE', *, *, #3912, .F. ) ;
#3272 = FILL_AREA_STYLE_COLOUR ( '', #5492 ) ;
#3273 = CARTESIAN_POINT ( 'NONE',  ( -0.4475000000000001754, -2.199999999999999289, 0.07249999999999999500 ) ) ;
#3274 = CARTESIAN_POINT ( 'NONE',  ( 1.382282424338300952, -2.082282424338301130, -0.4750000000000000333 ) ) ;
#3275 = VERTEX_POINT ( 'NONE', #1424 ) ;
#3276 = DIRECTION ( 'NONE',  ( -1.000000000000000000, -0.000000000000000000, -0.000000000000000000 ) ) ;
#3277 = AXIS2_PLACEMENT_3D ( 'NONE', #3926, #3382, #5631 ) ;
#3278 = DIRECTION ( 'NONE',  ( 0.000000000000000000, 0.000000000000000000, -1.000000000000000000 ) ) ;
#3279 = CARTESIAN_POINT ( 'NONE',  ( -0.4475000000000001754, -3.199999999999999289, -0.5046459247782298929 ) ) ;
#3280 = DIRECTION ( 'NONE',  ( 0.000000000000000000, 0.000000000000000000, -1.000000000000000000 ) ) ;
#3281 = ADVANCED_FACE ( 'NONE', ( #5395 ), #331, .F. ) ;
#3282 = FILL_AREA_STYLE_COLOUR ( '', #6957 ) ;
#3283 = STYLED_ITEM ( 'NONE', ( #1658 ), #3806 ) ;
#3284 = ORIENTED_EDGE ( 'NONE', *, *, #1170, .F. ) ;
#3285 = ADVANCED_FACE ( 'NONE', ( #1769 ), #3401, .T. ) ;
#3286 = CARTESIAN_POINT ( 'NONE',  ( 0.2024999999999997635, 2.796534186440551739, -0.4764328467078229323 ) ) ;
#3287 = EDGE_CURVE ( 'NONE', #5170, #3414, #7276, .T. ) ;
#3288 = DIRECTION ( 'NONE',  ( 0.000000000000000000, 0.000000000000000000, -1.000000000000000000 ) ) ;
#3289 = EDGE_LOOP ( 'NONE', ( #1729, #3061, #5101, #1753 ) ) ;
#3290 = FILL_AREA_STYLE_COLOUR ( '', #637 ) ;
#3291 =( GEOMETRIC_REPRESENTATION_CONTEXT ( 3 ) GLOBAL_UNCERTAINTY_ASSIGNED_CONTEXT ( ( #5999 ) ) GLOBAL_UNIT_ASSIGNED_CONTEXT ( ( #3938, #6848, #4564 ) ) REPRESENTATION_CONTEXT ( 'NONE', 'WORKASPACE' ) );
#3292 = DIRECTION ( 'NONE',  ( -0.000000000000000000, -0.000000000000000000, 1.000000000000000000 ) ) ;
#3293 = ORIENTED_EDGE ( 'NONE', *, *, #2903, .F. ) ;
#3294 = AXIS2_PLACEMENT_3D ( 'NONE', #901, #3621, #3130 ) ;
#3295 = MECHANICAL_DESIGN_GEOMETRIC_PRESENTATION_REPRESENTATION (  '', ( #2582 ), #2928 ) ;
#3296 = CARTESIAN_POINT ( 'NONE',  ( 1.499998880753507624, 2.125409738600888332, -0.07251064891903702403 ) ) ;
#3297 = DIRECTION ( 'NONE',  ( 0.000000000000000000, 0.000000000000000000, -1.000000000000000000 ) ) ;
#3298 = EDGE_CURVE ( 'NONE', #1958, #2772, #5024, .T. ) ;
#3299 = CIRCLE ( 'NONE', #3057, 0.2000000000000000389 ) ;
#3300 = VERTEX_POINT ( 'NONE', #5651 ) ;
#3301 = PRESENTATION_STYLE_ASSIGNMENT (( #3344 ) ) ;
#3302 = DIRECTION ( 'NONE',  ( 0.000000000000000000, 0.000000000000000000, -1.000000000000000000 ) ) ;
#3303 = FILL_AREA_STYLE ('',( #1529 ) ) ;
#3304 = PRESENTATION_STYLE_ASSIGNMENT (( #6165 ) ) ;
#3305 = PRESENTATION_STYLE_ASSIGNMENT (( #1063 ) ) ;
#3306 = ORIENTED_EDGE ( 'NONE', *, *, #359, .T. ) ;
#3307 = ORIENTED_EDGE ( 'NONE', *, *, #5595, .T. ) ;
#3308 = CARTESIAN_POINT ( 'NONE',  ( 0.4474999999999997868, 2.326767216444461273, 0.07249999999999999500 ) ) ;
#3309 = ORIENTED_EDGE ( 'NONE', *, *, #6237, .F. ) ;
#3310 = DIRECTION ( 'NONE',  ( 1.000000000000000000, 0.000000000000000000, 0.000000000000000000 ) ) ;
#3311 = LINE ( 'NONE', #515, #6082 ) ;
#3312 = UNCERTAINTY_MEASURE_WITH_UNIT (LENGTH_MEASURE( 1.000000000000000082E-05 ), #211, 'distance_accuracy_value', 'NONE');
#3313 = CARTESIAN_POINT ( 'NONE',  ( -1.097500000000000142, 2.299999999999999378, -0.1724999999999999867 ) ) ;
#3314 = FACE_OUTER_BOUND ( 'NONE', #3370, .T. ) ;
#3315 = VECTOR ( 'NONE', #7300, 1000.000000000000000 ) ;
#3316 = SURFACE_STYLE_USAGE ( .BOTH. , #1619 ) ;
#3317 = PRESENTATION_STYLE_ASSIGNMENT (( #6330 ) ) ;
#3318 = LINE ( 'NONE', #4913, #3762 ) ;
#3319 =( NAMED_UNIT ( * ) PLANE_ANGLE_UNIT ( ) SI_UNIT ( $, .RADIAN. ) );
#3320 = VERTEX_POINT ( 'NONE', #12 ) ;
#3321 = COLOUR_RGB ( '',0.8039215686274510109, 0.8039215686274510109, 0.8039215686274510109 ) ;
#3322 =( GEOMETRIC_REPRESENTATION_CONTEXT ( 3 ) GLOBAL_UNCERTAINTY_ASSIGNED_CONTEXT ( ( #6715 ) ) GLOBAL_UNIT_ASSIGNED_CONTEXT ( ( #5771, #3593, #2941 ) ) REPRESENTATION_CONTEXT ( 'NONE', 'WORKASPACE' ) );
#3323 = UNCERTAINTY_MEASURE_WITH_UNIT (LENGTH_MEASURE( 1.000000000000000082E-05 ), #1288, 'distance_accuracy_value', 'NONE');
#3324 = ADVANCED_FACE ( 'NONE', ( #1077 ), #4605, .T. ) ;
#3325 =( NAMED_UNIT ( * ) SI_UNIT ( $, .STERADIAN. ) SOLID_ANGLE_UNIT ( ) );
#3326 = AXIS2_PLACEMENT_3D ( 'NONE', #892, #2087, #435 ) ;
#3327 = SURFACE_STYLE_FILL_AREA ( #4433 ) ;
#3328 = CIRCLE ( 'NONE', #3209, 0.2000000000000002054 ) ;
#3329 = DIRECTION ( 'NONE',  ( -0.1039620511844979306, -0.1039620511844979306, 0.9891328443778538704 ) ) ;
#3330 =( GEOMETRIC_REPRESENTATION_CONTEXT ( 3 ) GLOBAL_UNCERTAINTY_ASSIGNED_CONTEXT ( ( #1977 ) ) GLOBAL_UNIT_ASSIGNED_CONTEXT ( ( #3087, #4637, #6388 ) ) REPRESENTATION_CONTEXT ( 'NONE', 'WORKASPACE' ) );
#3331 = MECHANICAL_DESIGN_GEOMETRIC_PRESENTATION_REPRESENTATION (  '', ( #751 ), #870 ) ;
#3332 = EDGE_CURVE ( 'NONE', #3953, #5640, #2338, .T. ) ;
#3333 = CARTESIAN_POINT ( 'NONE',  ( -0.4475000000000001754, -2.775747849617431928, -0.4198450200473335392 ) ) ;
#3334 =( GEOMETRIC_REPRESENTATION_CONTEXT ( 3 ) GLOBAL_UNCERTAINTY_ASSIGNED_CONTEXT ( ( #4189 ) ) GLOBAL_UNIT_ASSIGNED_CONTEXT ( ( #1637, #5121, #1740 ) ) REPRESENTATION_CONTEXT ( 'NONE', 'WORKASPACE' ) );
#3335 = VERTEX_POINT ( 'NONE', #3459 ) ;
#3336 = VECTOR ( 'NONE', #2559, 1000.000000000000000 ) ;
#3337 = LINE ( 'NONE', #2247, #757 ) ;
#3338 = PRESENTATION_LAYER_ASSIGNMENT (  '', '', ( #6871 ) ) ;
#3339 = VECTOR ( 'NONE', #5123, 1000.000000000000114 ) ;
#3340 = SURFACE_SIDE_STYLE ('',( #2149 ) ) ;
#3341 = CARTESIAN_POINT ( 'NONE',  ( -0.8525000000000001465, 3.199999999999999289, -0.5046459247782298929 ) ) ;
#3342 = VECTOR ( 'NONE', #2790, 1000.000000000000114 ) ;
#3343 = ORIENTED_EDGE ( 'NONE', *, *, #6065, .T. ) ;
#3344 = SURFACE_STYLE_USAGE ( .BOTH. , #6203 ) ;
#3345 = SURFACE_SIDE_STYLE ('',( #1131 ) ) ;
#3346 = EDGE_CURVE ( 'NONE', #335, #5504, #5339, .T. ) ;
#3347 = CARTESIAN_POINT ( 'NONE',  ( 0.8524999999999997025, 3.199999999999999289, -0.5046459247782298929 ) ) ;
#3348 =( NAMED_UNIT ( * ) SI_UNIT ( $, .STERADIAN. ) SOLID_ANGLE_UNIT ( ) );
#3349 = CARTESIAN_POINT ( 'NONE',  ( -1.097500000000000142, 2.502515066061893556, -0.03203957178574777520 ) ) ;
#3350 = STYLED_ITEM ( 'NONE', ( #2971 ), #1284 ) ;
#3351 = COLOUR_RGB ( '',0.8039215686274510109, 0.8039215686274510109, 0.8039215686274510109 ) ;
#3352 = LINE ( 'NONE', #5040, #2756 ) ;
#3353 = FILL_AREA_STYLE ('',( #1577 ) ) ;
#3354 = PRESENTATION_LAYER_ASSIGNMENT (  '', '', ( #6668 ) ) ;
#3355 = EDGE_LOOP ( 'NONE', ( #1721, #4244, #2615, #5629 ) ) ;
#3356 = ORIENTED_EDGE ( 'NONE', *, *, #3623, .F. ) ;
#3357 = EDGE_CURVE ( 'NONE', #3966, #188, #140, .T. ) ;
#3358 = DIRECTION ( 'NONE',  ( 1.000000000000000000, -0.000000000000000000, 0.000000000000000000 ) ) ;
#3359 = FILL_AREA_STYLE_COLOUR ( '', #3200 ) ;
#3360 = ORIENTED_EDGE ( 'NONE', *, *, #7210, .F. ) ;
#3361 = CARTESIAN_POINT ( 'NONE',  ( -1.500000000000000444, -2.082282424338301130, -0.4750000000000000333 ) ) ;
#3362 =( LENGTH_UNIT ( ) NAMED_UNIT ( * ) SI_UNIT ( .MILLI., .METRE. ) );
#3363 = DIRECTION ( 'NONE',  ( 0.000000000000000000, -1.000000000000000000, 0.000000000000000000 ) ) ;
#3364 = STYLED_ITEM ( 'NONE', ( #4828 ), #6021 ) ;
#3365 = AXIS2_PLACEMENT_3D ( 'NONE', #1820, #6313, #4695 ) ;
#3366 = DIRECTION ( 'NONE',  ( 0.000000000000000000, 0.4773021410712618984, 0.8787392480871610845 ) ) ;
#3367 = SURFACE_SIDE_STYLE ('',( #3398 ) ) ;
#3368 = PRESENTATION_STYLE_ASSIGNMENT (( #5730 ) ) ;
#3369 = DIRECTION ( 'NONE',  ( 1.000000000000000000, 0.000000000000000000, 0.000000000000000000 ) ) ;
#3370 = EDGE_LOOP ( 'NONE', ( #1817, #6271, #532, #543 ) ) ;
#3371 = MECHANICAL_DESIGN_GEOMETRIC_PRESENTATION_REPRESENTATION (  '', ( #7145 ), #6850 ) ;
#3372 = PRESENTATION_STYLE_ASSIGNMENT (( #3984 ) ) ;
#3373 = EDGE_CURVE ( 'NONE', #3557, #1137, #5753, .T. ) ;
#3374 = FILL_AREA_STYLE_COLOUR ( '', #3112 ) ;
#3375 = ORIENTED_EDGE ( 'NONE', *, *, #3783, .T. ) ;
#3376 = VECTOR ( 'NONE', #258, 1000.000000000000114 ) ;
#3377 = ORIENTED_EDGE ( 'NONE', *, *, #1762, .T. ) ;
#3378 = PRESENTATION_STYLE_ASSIGNMENT (( #4513 ) ) ;
#3379 = EDGE_CURVE ( 'NONE', #4373, #5005, #5084, .T. ) ;
#3380 = PRESENTATION_LAYER_ASSIGNMENT (  '', '', ( #6575 ) ) ;
#3381 = LINE ( 'NONE', #569, #1322 ) ;
#3382 = DIRECTION ( 'NONE',  ( 1.000000000000000000, 0.000000000000000000, 0.000000000000000000 ) ) ;
#3383 = ADVANCED_FACE ( 'NONE', ( #100 ), #1207, .T. ) ;
#3384 =( NAMED_UNIT ( * ) PLANE_ANGLE_UNIT ( ) SI_UNIT ( $, .RADIAN. ) );
#3385 = DIRECTION ( 'NONE',  ( -1.000000000000000000, 0.000000000000000000, -0.000000000000000000 ) ) ;
#3386 = UNCERTAINTY_MEASURE_WITH_UNIT (LENGTH_MEASURE( 1.000000000000000082E-05 ), #6673, 'distance_accuracy_value', 'NONE');
#3387 = ORIENTED_EDGE ( 'NONE', *, *, #2007, .T. ) ;
#3388 = SURFACE_SIDE_STYLE ('',( #2884 ) ) ;
#3389 = LINE ( 'NONE', #2742, #2022 ) ;
#3390 = DIRECTION ( 'NONE',  ( 1.000000000000000000, 0.000000000000000000, 0.000000000000000000 ) ) ;
#3391 = PRESENTATION_STYLE_ASSIGNMENT (( #6174 ) ) ;
#3392 = ORIENTED_EDGE ( 'NONE', *, *, #2067, .T. ) ;
#3393 = DIRECTION ( 'NONE',  ( 1.000000000000000000, 0.000000000000000000, 0.000000000000000000 ) ) ;
#3394 = SURFACE_SIDE_STYLE ('',( #1145 ) ) ;
#3395 = LINE ( 'NONE', #3846, #4468 ) ;
#3396 = EDGE_CURVE ( 'NONE', #5472, #2668, #1106, .T. ) ;
#3397 = LINE ( 'NONE', #6726, #566 ) ;
#3398 = SURFACE_STYLE_FILL_AREA ( #3944 ) ;
#3399 = CARTESIAN_POINT ( 'NONE',  ( 0.8524999999999997025, 2.775747849617431928, -0.4198450200473335392 ) ) ;
#3400 = CARTESIAN_POINT ( 'NONE',  ( 0.4474999999999997868, -2.502515066061893556, -0.03203957178574777520 ) ) ;
#3401 = PLANE ( 'NONE',  #2064 ) ;
#3402 = MECHANICAL_DESIGN_GEOMETRIC_PRESENTATION_REPRESENTATION (  '', ( #5525 ), #3028 ) ;
#3403 = ORIENTED_EDGE ( 'NONE', *, *, #5512, .F. ) ;
#3404 = STYLED_ITEM ( 'NONE', ( #1403 ), #3744 ) ;
#3405 =( LENGTH_UNIT ( ) NAMED_UNIT ( * ) SI_UNIT ( .MILLI., .METRE. ) );
#3406 = EDGE_LOOP ( 'NONE', ( #2217, #68, #5623, #5825 ) ) ;
#3407 = SURFACE_SIDE_STYLE ('',( #2682 ) ) ;
#3408 = MECHANICAL_DESIGN_GEOMETRIC_PRESENTATION_REPRESENTATION (  '', ( #1516 ), #456 ) ;
#3409 = ORIENTED_EDGE ( 'NONE', *, *, #5185, .T. ) ;
#3410 =( NAMED_UNIT ( * ) PLANE_ANGLE_UNIT ( ) SI_UNIT ( $, .RADIAN. ) );
#3411 =( LENGTH_UNIT ( ) NAMED_UNIT ( * ) SI_UNIT ( .MILLI., .METRE. ) );
#3412 = VECTOR ( 'NONE', #1474, 1000.000000000000114 ) ;
#3413 = VERTEX_POINT ( 'NONE', #4038 ) ;
#3414 = VERTEX_POINT ( 'NONE', #613 ) ;
#3415 = ADVANCED_FACE ( 'NONE', ( #3935 ), #2272, .T. ) ;
#3416 = CARTESIAN_POINT ( 'NONE',  ( 1.097499999999999698, 2.326767216444461273, 0.07249999999999999500 ) ) ;
#3417 = EDGE_CURVE ( 'NONE', #418, #5987, #1273, .T. ) ;
#3418 = CARTESIAN_POINT ( 'NONE',  ( 0.2024999999999997635, -2.715635909006247850, -0.4244066557889664137 ) ) ;
#3419 = CARTESIAN_POINT ( 'NONE',  ( -0.2025000000000002076, 3.199999999999999289, -0.6499999999999998002 ) ) ;
#3420 = ORIENTED_EDGE ( 'NONE', *, *, #3743, .F. ) ;
#3421 = FILL_AREA_STYLE ('',( #5722 ) ) ;
#3422 = VERTEX_POINT ( 'NONE', #1383 ) ;
#3423 = AXIS2_PLACEMENT_3D ( 'NONE', #6976, #2388, #3096 ) ;
#3424 = VECTOR ( 'NONE', #154, 1000.000000000000000 ) ;
#3425 = DIRECTION ( 'NONE',  ( 0.000000000000000000, 0.9975640502598241977, -0.06975647374412530244 ) ) ;
#3426 = CARTESIAN_POINT ( 'NONE',  ( 0.2024999999999997635, -2.199999999999999289, -0.07249999999999999500 ) ) ;
#3427 = SURFACE_STYLE_FILL_AREA ( #1654 ) ;
#3428 = DIRECTION ( 'NONE',  ( 1.000000000000000000, 0.000000000000000000, 0.000000000000000000 ) ) ;
#3429 = LINE ( 'NONE', #2860, #6755 ) ;
#3430 = VERTEX_POINT ( 'NONE', #4702 ) ;
#3431 = EDGE_CURVE ( 'NONE', #2229, #5066, #6430, .T. ) ;
#3432 = PLANE ( 'NONE',  #1771 ) ;
#3433 = FILL_AREA_STYLE ('',( #1121 ) ) ;
#3434 = CARTESIAN_POINT ( 'NONE',  ( 1.097499999999999698, -2.326767216444461273, -0.1275000000000000022 ) ) ;
#3435 = VERTEX_POINT ( 'NONE', #1421 ) ;
#3436 = VECTOR ( 'NONE', #1130, 1000.000000000000114 ) ;
#3437 = VECTOR ( 'NONE', #5349, 1000.000000000000000 ) ;
#3438 = VECTOR ( 'NONE', #6564, 1000.000000000000000 ) ;
#3439 = CARTESIAN_POINT ( 'NONE',  ( -1.425409738600888154, -2.199998880753507802, 0.07251064891903699627 ) ) ;
#3440 = CYLINDRICAL_SURFACE ( 'NONE', #1453, 0.07499999999999998335 ) ;
#3441 = MECHANICAL_DESIGN_GEOMETRIC_PRESENTATION_REPRESENTATION (  '', ( #2240 ), #4127 ) ;
#3442 = VERTEX_POINT ( 'NONE', #6348 ) ;
#3443 = CIRCLE ( 'NONE', #392, 0.09999999999999979738 ) ;
#3444 = AXIS2_PLACEMENT_3D ( 'NONE', #257, #5243, #1829 ) ;
#3445 = FACE_OUTER_BOUND ( 'NONE', #1749, .T. ) ;
#3446 = CIRCLE ( 'NONE', #623, 0.1000000000000001582 ) ;
#3447 =( NAMED_UNIT ( * ) SI_UNIT ( $, .STERADIAN. ) SOLID_ANGLE_UNIT ( ) );
#3448 = CARTESIAN_POINT ( 'NONE',  ( 0.2024999999999997635, -2.199999999999999289, 0.07249999999999999500 ) ) ;
#3449 = PRESENTATION_LAYER_ASSIGNMENT (  '', '', ( #1330 ) ) ;
#3450 = AXIS2_PLACEMENT_3D ( 'NONE', #5363, #3093, #2499 ) ;
#3451 = AXIS2_PLACEMENT_3D ( 'NONE', #2778, #5137, #5052 ) ;
#3452 = SURFACE_STYLE_USAGE ( .BOTH. , #5606 ) ;
#3453 = UNCERTAINTY_MEASURE_WITH_UNIT (LENGTH_MEASURE( 1.000000000000000082E-05 ), #6574, 'distance_accuracy_value', 'NONE');
#3454 = MECHANICAL_DESIGN_GEOMETRIC_PRESENTATION_REPRESENTATION (  '', ( #2966 ), #6652 ) ;
#3455 = VERTEX_POINT ( 'NONE', #295 ) ;
#3456 = CARTESIAN_POINT ( 'NONE',  ( -1.500000000000000444, -2.124999999999999112, 0.07249999999999999500 ) ) ;
#3457 = PRESENTATION_LAYER_ASSIGNMENT (  '', '', ( #6188 ) ) ;
#3458 = LINE ( 'NONE', #5083, #3561 ) ;
#3459 = CARTESIAN_POINT ( 'NONE',  ( 1.382282424338301396, -2.156871566490921488, -0.4828396347450740200 ) ) ;
#3460 = DIRECTION ( 'NONE',  ( 0.000000000000000000, -0.06975647374412530244, 0.9975640502598243087 ) ) ;
#3461 = STYLED_ITEM ( 'NONE', ( #5279 ), #1349 ) ;
#3462 = ORIENTED_EDGE ( 'NONE', *, *, #2414, .F. ) ;
#3463 = CARTESIAN_POINT ( 'NONE',  ( -0.2025000000000002076, -2.299999999999999378, -0.1724999999999999867 ) ) ;
#3464 = ORIENTED_EDGE ( 'NONE', *, *, #5147, .F. ) ;
#3465 = DIRECTION ( 'NONE',  ( -0.000000000000000000, 0.000000000000000000, 1.000000000000000000 ) ) ;
#3466 = PRESENTATION_LAYER_ASSIGNMENT (  '', '', ( #6771 ) ) ;
#3467 = DIRECTION ( 'NONE',  ( 0.000000000000000000, 0.000000000000000000, -1.000000000000000000 ) ) ;
#3468 = DIRECTION ( 'NONE',  ( 0.000000000000000000, -0.4773021410712618984, 0.8787392480871610845 ) ) ;
#3469 = SURFACE_STYLE_USAGE ( .BOTH. , #6853 ) ;
#3470 = VECTOR ( 'NONE', #846, 1000.000000000000000 ) ;
#3471 = COLOUR_RGB ( '',0.2862745098039215508, 0.2862745098039215508, 0.2862745098039215508 ) ;
#3472 = CARTESIAN_POINT ( 'NONE',  ( -0.4475000000000001754, 2.326767216444461273, -0.1275000000000000022 ) ) ;
#3473 = LINE ( 'NONE', #1800, #1670 ) ;
#3474 = FACE_OUTER_BOUND ( 'NONE', #6901, .T. ) ;
#3475 = DIRECTION ( 'NONE',  ( 0.000000000000000000, 0.000000000000000000, -1.000000000000000000 ) ) ;
#3476 = EDGE_CURVE ( 'NONE', #5408, #3953, #5829, .T. ) ;
#3477 = AXIS2_PLACEMENT_3D ( 'NONE', #6121, #1620, #4910 ) ;
#3478 =( NAMED_UNIT ( * ) SI_UNIT ( $, .STERADIAN. ) SOLID_ANGLE_UNIT ( ) );
#3479 = EDGE_CURVE ( 'NONE', #6013, #7100, #1247, .T. ) ;
#3480 = ADVANCED_FACE ( 'NONE', ( #1825 ), #3567, .T. ) ;
#3481 = CYLINDRICAL_SURFACE ( 'NONE', #6409, 0.07499999999999998335 ) ;
#3482 = PRESENTATION_LAYER_ASSIGNMENT (  '', '', ( #4738 ) ) ;
#3483 = EDGE_LOOP ( 'NONE', ( #2081, #5000, #5017, #3251 ) ) ;
#3484 = DIRECTION ( 'NONE',  ( 0.000000000000000000, 0.000000000000000000, -1.000000000000000000 ) ) ;
#3485 =( NAMED_UNIT ( * ) SI_UNIT ( $, .STERADIAN. ) SOLID_ANGLE_UNIT ( ) );
#3486 = ADVANCED_FACE ( 'NONE', ( #5350 ), #6924, .T. ) ;
#3488 = PRESENTATION_STYLE_ASSIGNMENT (( #165 ) ) ;
#3487 = CARTESIAN_POINT ( 'NONE',  ( -0.2025000000000002076, 2.387873924808715298, -0.1247697858928739911 ) ) ;
#3489 = EDGE_LOOP ( 'NONE', ( #6833, #2515, #3239, #6803, #6323, #1494 ) ) ;
#3490 = DIRECTION ( 'NONE',  ( 0.000000000000000000, 1.000000000000000000, 0.000000000000000000 ) ) ;
#3491 = CLOSED_SHELL ( 'NONE', ( #2541, #1975, #2456, #3999, #6021, #540, #4778, #6898, #55, #2070, #6634, #3516, #4317, #6425 ) ) ;
#3492 =( NAMED_UNIT ( * ) PLANE_ANGLE_UNIT ( ) SI_UNIT ( $, .RADIAN. ) );
#3493 = VECTOR ( 'NONE', #2069, 1000.000000000000114 ) ;
#3494 = ORIENTED_EDGE ( 'NONE', *, *, #6736, .F. ) ;
#3495 = AXIS2_PLACEMENT_3D ( 'NONE', #5788, #5307, #2481 ) ;
#3496 = DIRECTION ( 'NONE',  ( 0.000000000000000000, -0.4773021410712618984, 0.8787392480871610845 ) ) ;
#3497 =( NAMED_UNIT ( * ) SI_UNIT ( $, .STERADIAN. ) SOLID_ANGLE_UNIT ( ) );
#3498 = DIRECTION ( 'NONE',  ( 0.000000000000000000, 0.000000000000000000, -1.000000000000000000 ) ) ;
#3499 = VERTEX_POINT ( 'NONE', #5498 ) ;
#3500 = FACE_OUTER_BOUND ( 'NONE', #3662, .T. ) ;
#3501 = FACE_OUTER_BOUND ( 'NONE', #1622, .T. ) ;
#3502 = CARTESIAN_POINT ( 'NONE',  ( -0.4475000000000001754, 2.803509833814964214, -0.3766764416818402239 ) ) ;
#3503 = LINE ( 'NONE', #144, #972 ) ;
#3504 = LINE ( 'NONE', #2420, #1808 ) ;
#3505 = VERTEX_POINT ( 'NONE', #5990 ) ;
#3506 = LINE ( 'NONE', #4602, #4972 ) ;
#3507 = CARTESIAN_POINT ( 'NONE',  ( 1.424999999999999600, -2.199999999999999289, 0.07249999999999999500 ) ) ;
#3508 = LINE ( 'NONE', #5324, #4355 ) ;
#3509 = MANIFOLD_SOLID_BREP ( 'LPattern1[3]', #5392 ) ;
#3510 =( BOUNDED_CURVE ( )  B_SPLINE_CURVE ( 3, ( #3507, #6903, #3946, #6828 ),
 .UNSPECIFIED., .F., .F. ) 
 B_SPLINE_CURVE_WITH_KNOTS ( ( 4, 4 ),
 ( 0.000000000000000000, 0.005463208521539029625 ),
 .UNSPECIFIED. ) 
 CURVE ( )  GEOMETRIC_REPRESENTATION_ITEM ( )  RATIONAL_B_SPLINE_CURVE ( ( 1.000000000000000000, 0.9999975127809339615, 0.9999975127809339615, 1.000000000000000000 ) ) 
 REPRESENTATION_ITEM ( '' )  );
#3511 = DIRECTION ( 'NONE',  ( 0.000000000000000000, 0.9975640502598243087, 0.06975647374412519142 ) ) ;
#3512 = CARTESIAN_POINT ( 'NONE',  ( -0.9422824243383021159, -1.642282424338300739, 0.5400000000000000355 ) ) ;
#3513 = EDGE_CURVE ( 'NONE', #3594, #2409, #3556, .T. ) ;
#3514 =( NAMED_UNIT ( * ) PLANE_ANGLE_UNIT ( ) SI_UNIT ( $, .RADIAN. ) );
#3515 = AXIS2_PLACEMENT_3D ( 'NONE', #2939, #5768, #3659 ) ;
#3516 = ADVANCED_FACE ( 'NONE', ( #7154 ), #2158, .T. ) ;
#3517 = EDGE_CURVE ( 'NONE', #4735, #7127, #1436, .T. ) ;
#3518 = ORIENTED_EDGE ( 'NONE', *, *, #2365, .T. ) ;
#3519 = DIRECTION ( 'NONE',  ( 0.000000000000000000, -1.000000000000000000, 0.000000000000000000 ) ) ;
#3520 = PLANE ( 'NONE',  #5367 ) ;
#3521 = FACE_OUTER_BOUND ( 'NONE', #680, .T. ) ;
#3522 = ORIENTED_EDGE ( 'NONE', *, *, #4587, .F. ) ;
#3523 = CARTESIAN_POINT ( 'NONE',  ( -1.499760935694446795, 2.168963392251840094, 0.07477454493103544153 ) ) ;
#3524 = FILL_AREA_STYLE ('',( #722 ) ) ;
#3525 = LINE ( 'NONE', #5265, #6647 ) ;
#3526 = PRESENTATION_STYLE_ASSIGNMENT (( #5895 ) ) ;
#3527 = SURFACE_STYLE_USAGE ( .BOTH. , #129 ) ;
#3528 = UNCERTAINTY_MEASURE_WITH_UNIT (LENGTH_MEASURE( 1.000000000000000082E-05 ), #3090, 'distance_accuracy_value', 'NONE');
#3529 = ORIENTED_EDGE ( 'NONE', *, *, #6153, .F. ) ;
#3530 = DIRECTION ( 'NONE',  ( 1.000000000000000000, 0.000000000000000000, 0.000000000000000000 ) ) ;
#3531 = DIRECTION ( 'NONE',  ( 1.000000000000000000, 0.000000000000000000, 0.000000000000000000 ) ) ;
#3532 = VERTEX_POINT ( 'NONE', #3863 ) ;
#3533 = CIRCLE ( 'NONE', #350, 0.09999999999999979738 ) ;
#3534 = CARTESIAN_POINT ( 'NONE',  ( 1.499999999999999556, 2.082282424338301130, -0.4750000000000000333 ) ) ;
#3535 = CARTESIAN_POINT ( 'NONE',  ( 0.8524999999999997025, -2.599999999999999645, -0.5153054482615858634 ) ) ;
#3536 = ORIENTED_EDGE ( 'NONE', *, *, #2677, .T. ) ;
#3537 = CARTESIAN_POINT ( 'NONE',  ( -0.4475000000000001754, -2.502515066061893556, -0.03203957178574777520 ) ) ;
#3538 = UNCERTAINTY_MEASURE_WITH_UNIT (LENGTH_MEASURE( 1.000000000000000082E-05 ), #6917, 'distance_accuracy_value', 'NONE');
#3539 = CARTESIAN_POINT ( 'NONE',  ( -0.2025000000000002076, 2.299999999999999378, -0.07249999999999999500 ) ) ;
#3540 = MECHANICAL_DESIGN_GEOMETRIC_PRESENTATION_REPRESENTATION (  '', ( #4948 ), #1293 ) ;
#3541 = DIRECTION ( 'NONE',  ( 0.000000000000000000, -0.9975640502598243087, 0.06975647374412519142 ) ) ;
#3542 =( LENGTH_UNIT ( ) NAMED_UNIT ( * ) SI_UNIT ( .MILLI., .METRE. ) );
#3543 = ORIENTED_EDGE ( 'NONE', *, *, #1758, .T. ) ;
#3544 = VERTEX_POINT ( 'NONE', #5420 ) ;
#3545 = STYLED_ITEM ( 'NONE', ( #6408 ), #1519 ) ;
#3546 = PRESENTATION_STYLE_ASSIGNMENT (( #1182 ) ) ;
#3547 = FILL_AREA_STYLE_COLOUR ( '', #5914 ) ;
#3548 = LINE ( 'NONE', #6977, #3781 ) ;
#3549 = LINE ( 'NONE', #5802, #5635 ) ;
#3550 = SURFACE_SIDE_STYLE ('',( #6335 ) ) ;
#3551 = VERTEX_POINT ( 'NONE', #5561 ) ;
#3552 = FACE_OUTER_BOUND ( 'NONE', #6900, .T. ) ;
#3553 = EDGE_CURVE ( 'NONE', #1027, #5401, #3904, .T. ) ;
#3555 =( NAMED_UNIT ( * ) SI_UNIT ( $, .STERADIAN. ) SOLID_ANGLE_UNIT ( ) );
#3554 = CARTESIAN_POINT ( 'NONE',  ( -0.8525000000000001465, 2.199999999999999289, -0.07249999999999999500 ) ) ;
#3556 = CIRCLE ( 'NONE', #2136, 0.2000000000000002054 ) ;
#3557 = VERTEX_POINT ( 'NONE', #358 ) ;
#3558 = CARTESIAN_POINT ( 'NONE',  ( -0.2025000000000002076, 2.599999999999999645, -0.5153054482615858634 ) ) ;
#3559 = STYLED_ITEM ( 'NONE', ( #1487 ), #1009 ) ;
#3560 = STYLED_ITEM ( 'NONE', ( #5398 ), #322 ) ;
#3561 = VECTOR ( 'NONE', #5610, 1000.000000000000114 ) ;
#3562 = EDGE_CURVE ( 'NONE', #1404, #3868, #538, .T. ) ;
#3563 = AXIS2_PLACEMENT_3D ( 'NONE', #5931, #3777, #1515 ) ;
#3564 = VERTEX_POINT ( 'NONE', #1094 ) ;
#3565 = COLOUR_RGB ( '',0.8039215686274510109, 0.8039215686274510109, 0.8039215686274510109 ) ;
#3566 = CARTESIAN_POINT ( 'NONE',  ( -0.8525000000000001465, 2.326767216444461273, -0.1275000000000000022 ) ) ;
#3567 = CYLINDRICAL_SURFACE ( 'NONE', #2600, 0.07499999999999998335 ) ;
#3568 = LINE ( 'NONE', #3535, #3470 ) ;
#3569 = DIRECTION ( 'NONE',  ( 0.000000000000000000, 0.000000000000000000, -1.000000000000000000 ) ) ;
#3570 = AXIS2_PLACEMENT_3D ( 'NONE', #6679, #5007, #6134 ) ;
#3571 = AXIS2_PLACEMENT_3D ( 'NONE', #4633, #1941, #3569 ) ;
#3572 = SURFACE_SIDE_STYLE ('',( #1942 ) ) ;
#3573 = CARTESIAN_POINT ( 'NONE',  ( 0.2024999999999997635, 2.387873924808715298, -0.1247697858928739911 ) ) ;
#3574 = DIRECTION ( 'NONE',  ( 1.000000000000000000, 0.000000000000000000, 0.000000000000000000 ) ) ;
#3575 = LINE ( 'NONE', #6354, #6637 ) ;
#3576 = VECTOR ( 'NONE', #6625, 1000.000000000000227 ) ;
#3577 = ADVANCED_FACE ( 'NONE', ( #6206 ), #2767, .T. ) ;
#3578 = SURFACE_STYLE_FILL_AREA ( #1323 ) ;
#3579 =( GEOMETRIC_REPRESENTATION_CONTEXT ( 3 ) GLOBAL_UNCERTAINTY_ASSIGNED_CONTEXT ( ( #4624 ) ) GLOBAL_UNIT_ASSIGNED_CONTEXT ( ( #4465, #6196, #491 ) ) REPRESENTATION_CONTEXT ( 'NONE', 'WORKASPACE' ) );
#3580 = ORIENTED_EDGE ( 'NONE', *, *, #4681, .T. ) ;
#3581 = ORIENTED_EDGE ( 'NONE', *, *, #4928, .F. ) ;
#3582 =( LENGTH_UNIT ( ) NAMED_UNIT ( * ) SI_UNIT ( .MILLI., .METRE. ) );
#3583 = STYLED_ITEM ( 'NONE', ( #2284 ), #1230 ) ;
#3584 = CARTESIAN_POINT ( 'NONE',  ( -0.4475000000000001754, -2.761796554868606535, -0.6193578300992984564 ) ) ;
#3585 = PRESENTATION_LAYER_ASSIGNMENT (  '', '', ( #5233 ) ) ;
#3586 = SURFACE_SIDE_STYLE ('',( #1985 ) ) ;
#3587 =( GEOMETRIC_REPRESENTATION_CONTEXT ( 3 ) GLOBAL_UNCERTAINTY_ASSIGNED_CONTEXT ( ( #1821 ) ) GLOBAL_UNIT_ASSIGNED_CONTEXT ( ( #5966, #3798, #7164 ) ) REPRESENTATION_CONTEXT ( 'NONE', 'WORKASPACE' ) );
#3588 = LINE ( 'NONE', #5210, #3664 ) ;
#3589 =( GEOMETRIC_REPRESENTATION_CONTEXT ( 3 ) GLOBAL_UNCERTAINTY_ASSIGNED_CONTEXT ( ( #2071 ) ) GLOBAL_UNIT_ASSIGNED_CONTEXT ( ( #1844, #4209, #6948 ) ) REPRESENTATION_CONTEXT ( 'NONE', 'WORKASPACE' ) );
#3590 = DIRECTION ( 'NONE',  ( 1.000000000000000000, 0.000000000000000000, 0.000000000000000000 ) ) ;
#3591 = FILL_AREA_STYLE ('',( #1367 ) ) ;
#3592 = CARTESIAN_POINT ( 'NONE',  ( 0.2024999999999997635, -2.599999999999999645, -0.5153054482615858634 ) ) ;
#3593 =( NAMED_UNIT ( * ) PLANE_ANGLE_UNIT ( ) SI_UNIT ( $, .RADIAN. ) );
#3594 = VERTEX_POINT ( 'NONE', #2224 ) ;
#3595 =( NAMED_UNIT ( * ) PLANE_ANGLE_UNIT ( ) SI_UNIT ( $, .RADIAN. ) );
#3597 =( NAMED_UNIT ( * ) SI_UNIT ( $, .STERADIAN. ) SOLID_ANGLE_UNIT ( ) );
#3596 =( NAMED_UNIT ( * ) SI_UNIT ( $, .STERADIAN. ) SOLID_ANGLE_UNIT ( ) );
#3598 = DIRECTION ( 'NONE',  ( 0.000000000000000000, 0.000000000000000000, 1.000000000000000000 ) ) ;
#3599 = PRESENTATION_LAYER_ASSIGNMENT (  '', '', ( #1122 ) ) ;
#3600 = AXIS2_PLACEMENT_3D ( 'NONE', #2002, #2041, #7112 ) ;
#3601 = LINE ( 'NONE', #1927, #6415 ) ;
#3602 = ORIENTED_EDGE ( 'NONE', *, *, #359, .F. ) ;
#3603 = UNCERTAINTY_MEASURE_WITH_UNIT (LENGTH_MEASURE( 1.000000000000000082E-05 ), #4308, 'distance_accuracy_value', 'NONE');
#3604 = EDGE_CURVE ( 'NONE', #1536, #994, #857, .T. ) ;
#3605 = ORIENTED_EDGE ( 'NONE', *, *, #5381, .F. ) ;
#3606 =( NAMED_UNIT ( * ) PLANE_ANGLE_UNIT ( ) SI_UNIT ( $, .RADIAN. ) );
#3607 = CARTESIAN_POINT ( 'NONE',  ( -0.8525000000000001465, -2.775747849617431928, -0.4198450200473335392 ) ) ;
#3608 =( NAMED_UNIT ( * ) PLANE_ANGLE_UNIT ( ) SI_UNIT ( $, .RADIAN. ) );
#3609 = CLOSED_SHELL ( 'NONE', ( #4493, #4412, #4777, #1096, #464, #4273, #3324, #2301, #361, #5850, #869, #6507, #6149, #762, #4956, #5344, #4874, #4269, #3480, #5935, #3650, #4019, #2320, #3383, #1875, #1080, #2356, #2157, #6994, #553, #1042, #1845, #3838, #5983, #2763, #3909, #5242, #2650, #2827, #6241, #5413, #1743, #1481, #4371, #2035 ) ) ;
#3610 = DIRECTION ( 'NONE',  ( 0.000000000000000000, -0.06975647374412530244, 0.9975640502598243087 ) ) ;
#3611 = EDGE_CURVE ( 'NONE', #3151, #4373, #4969, .T. ) ;
#3612 = EDGE_CURVE ( 'NONE', #6378, #4278, #3381, .T. ) ;
#3613 = FILL_AREA_STYLE_COLOUR ( '', #1328 ) ;
#3614 = DIRECTION ( 'NONE',  ( 0.000000000000000000, 0.9975640502598241977, -0.06975647374412528856 ) ) ;
#3615 = UNCERTAINTY_MEASURE_WITH_UNIT (LENGTH_MEASURE( 1.000000000000000082E-05 ), #2839, 'distance_accuracy_value', 'NONE');
#3616 = LINE ( 'NONE', #3539, #4609 ) ;
#3617 = VERTEX_POINT ( 'NONE', #2798 ) ;
#3618 = ORIENTED_EDGE ( 'NONE', *, *, #4463, .F. ) ;
#3619 = PRESENTATION_STYLE_ASSIGNMENT (( #4759 ) ) ;
#3620 = PRESENTATION_STYLE_ASSIGNMENT (( #5844 ) ) ;
#3621 = DIRECTION ( 'NONE',  ( -1.000000000000000000, -0.000000000000000000, -0.000000000000000000 ) ) ;
#3622 = PLANE ( 'NONE',  #3423 ) ;
#3623 = EDGE_CURVE ( 'NONE', #3837, #5772, #1259, .T. ) ;
#3624 = EDGE_CURVE ( 'NONE', #2115, #2998, #5009, .T. ) ;
#3625 = DIRECTION ( 'NONE',  ( 1.000000000000000000, 0.000000000000000000, 0.000000000000000000 ) ) ;
#3626 = EDGE_CURVE ( 'NONE', #6169, #6175, #4444, .T. ) ;
#3627 = EDGE_LOOP ( 'NONE', ( #4935, #1469, #5347, #1171 ) ) ;
#3628 = DIRECTION ( 'NONE',  ( 0.000000000000000000, 0.4773021410712616763, -0.8787392480871610845 ) ) ;
#3629 = DIRECTION ( 'NONE',  ( 0.000000000000000000, 0.000000000000000000, 1.000000000000000000 ) ) ;
#3630 = PRESENTATION_STYLE_ASSIGNMENT (( #5870 ) ) ;
#3631 = CARTESIAN_POINT ( 'NONE',  ( -1.097500000000000142, 2.326767216444461273, 0.07249999999999999500 ) ) ;
#3632 =( NAMED_UNIT ( * ) PLANE_ANGLE_UNIT ( ) SI_UNIT ( $, .RADIAN. ) );
#3633 = ORIENTED_EDGE ( 'NONE', *, *, #3104, .F. ) ;
#3634 = CARTESIAN_POINT ( 'NONE',  ( -1.500000000000000444, -2.124999999999999112, -0.07249999999999999500 ) ) ;
#3635 = AXIS2_PLACEMENT_3D ( 'NONE', #2204, #6080, #4970 ) ;
#3636 = FILL_AREA_STYLE_COLOUR ( '', #530 ) ;
#3637 = SURFACE_SIDE_STYLE ('',( #920 ) ) ;
#3638 = ORIENTED_EDGE ( 'NONE', *, *, #3396, .F. ) ;
#3639 = FILL_AREA_STYLE_COLOUR ( '', #325 ) ;
#3640 = FILL_AREA_STYLE ('',( #6965 ) ) ;
#3641 = CARTESIAN_POINT ( 'NONE',  ( 1.425409738600887710, -2.199998880753507358, -0.07251064891903691301 ) ) ;
#3642 = DIRECTION ( 'NONE',  ( 0.000000000000000000, -1.000000000000000000, 0.000000000000000000 ) ) ;
#3643 = COLOUR_RGB ( '',0.8039215686274510109, 0.8039215686274510109, 0.8039215686274510109 ) ;
#3644 =( NAMED_UNIT ( * ) SI_UNIT ( $, .STERADIAN. ) SOLID_ANGLE_UNIT ( ) );
#3645 = DIRECTION ( 'NONE',  ( -0.9945218953682732899, 0.000000000000000000, -0.1045284632676538178 ) ) ;
#3646 = SURFACE_SIDE_STYLE ('',( #6504 ) ) ;
#3647 = CARTESIAN_POINT ( 'NONE',  ( 0.8524999999999997025, 2.775747849617431928, -0.4198450200473335392 ) ) ;
#3648 = DIRECTION ( 'NONE',  ( -2.891205793294679017E-15, -5.782411586589358033E-15, 1.000000000000000000 ) ) ;
#3649 = PRESENTATION_LAYER_ASSIGNMENT (  '', '', ( #6363 ) ) ;
#3650 = ADVANCED_FACE ( 'NONE', ( #1876 ), #2985, .T. ) ;
#3651 = ORIENTED_EDGE ( 'NONE', *, *, #7211, .F. ) ;
#3652 = ORIENTED_EDGE ( 'NONE', *, *, #5918, .F. ) ;
#3653 = SURFACE_STYLE_USAGE ( .BOTH. , #1326 ) ;
#3654 = CARTESIAN_POINT ( 'NONE',  ( -0.8525000000000001465, -2.299999999999999378, -0.1724999999999999867 ) ) ;
#3655 =( NAMED_UNIT ( * ) PLANE_ANGLE_UNIT ( ) SI_UNIT ( $, .RADIAN. ) );
#3656 = SURFACE_STYLE_FILL_AREA ( #1397 ) ;
#3657 = DIRECTION ( 'NONE',  ( 0.9945218953682732899, 0.000000000000000000, 0.1045284632676538178 ) ) ;
#3658 = VECTOR ( 'NONE', #4507, 1000.000000000000000 ) ;
#3659 = DIRECTION ( 'NONE',  ( 0.000000000000000000, 0.000000000000000000, -1.000000000000000000 ) ) ;
#3660 =( NAMED_UNIT ( * ) PLANE_ANGLE_UNIT ( ) SI_UNIT ( $, .RADIAN. ) );
#3661 = AXIS2_PLACEMENT_3D ( 'NONE', #4432, #2868, #3288 ) ;
#3662 = EDGE_LOOP ( 'NONE', ( #3214, #1345, #4758 ) ) ;
#3663 = CARTESIAN_POINT ( 'NONE',  ( -1.097500000000000142, -2.775747849617431928, -0.4198450200473335392 ) ) ;
#3664 = VECTOR ( 'NONE', #5845, 1000.000000000000114 ) ;
#3665 = PLANE ( 'NONE',  #839 ) ;
#3666 = DIRECTION ( 'NONE',  ( 1.000000000000000000, 0.000000000000000000, 0.000000000000000000 ) ) ;
#3667 = CARTESIAN_POINT ( 'NONE',  ( 0.4474999999999997868, 2.326767216444461273, -0.1275000000000000022 ) ) ;
#3668 = PRESENTATION_STYLE_ASSIGNMENT (( #7064 ) ) ;
#3669 = ORIENTED_EDGE ( 'NONE', *, *, #956, .F. ) ;
#3670 = VECTOR ( 'NONE', #692, 1000.000000000000000 ) ;
#3671 = DIRECTION ( 'NONE',  ( 0.000000000000000000, 0.000000000000000000, -1.000000000000000000 ) ) ;
#3672 = UNCERTAINTY_MEASURE_WITH_UNIT (LENGTH_MEASURE( 1.000000000000000082E-05 ), #4429, 'distance_accuracy_value', 'NONE');
#3673 = ORIENTED_EDGE ( 'NONE', *, *, #7146, .F. ) ;
#3674 = PRESENTATION_STYLE_ASSIGNMENT (( #4784 ) ) ;
#3675 = DIRECTION ( 'NONE',  ( 0.000000000000000000, 0.4773021410712618984, 0.8787392480871610845 ) ) ;
#3676 = CARTESIAN_POINT ( 'NONE',  ( 1.499998880753507846, -2.125409738600887444, 0.07251064891903695464 ) ) ;
#3677 = AXIS2_PLACEMENT_3D ( 'NONE', #924, #4411, #2084 ) ;
#3678 = SURFACE_SIDE_STYLE ('',( #4222 ) ) ;
#3679 = FILL_AREA_STYLE ('',( #2560 ) ) ;
#3680 = STYLED_ITEM ( 'NONE', ( #5648 ), #228 ) ;
#3681 = UNCERTAINTY_MEASURE_WITH_UNIT (LENGTH_MEASURE( 1.000000000000000082E-05 ), #2112, 'distance_accuracy_value', 'NONE');
#3682 = EDGE_CURVE ( 'NONE', #3335, #6013, #5975, .T. ) ;
#3683 = CIRCLE ( 'NONE', #1902, 0.07500000000000002498 ) ;
#3684 = SPHERICAL_SURFACE ( 'NONE', #2017, 0.07499999999999999722 ) ;
#3685 = UNCERTAINTY_MEASURE_WITH_UNIT (LENGTH_MEASURE( 1.000000000000000082E-05 ), #4490, 'distance_accuracy_value', 'NONE');
#3686 = SURFACE_SIDE_STYLE ('',( #5959 ) ) ;
#3687 = ORIENTED_EDGE ( 'NONE', *, *, #1396, .F. ) ;
#3688 = ORIENTED_EDGE ( 'NONE', *, *, #4723, .F. ) ;
#3689 = VERTEX_POINT ( 'NONE', #6517 ) ;
#3690 = FACE_OUTER_BOUND ( 'NONE', #2536, .T. ) ;
#3691 = PRESENTATION_LAYER_ASSIGNMENT (  '', '', ( #866 ) ) ;
#3692 = FILL_AREA_STYLE_COLOUR ( '', #398 ) ;
#3693 = VECTOR ( 'NONE', #6891, 1000.000000000000000 ) ;
#3694 = DIRECTION ( 'NONE',  ( -1.000000000000000000, 0.000000000000000000, 0.000000000000000000 ) ) ;
#3695 = CARTESIAN_POINT ( 'NONE',  ( -1.382282424338302285, 2.156871566490921488, -0.4828396347450740200 ) ) ;
#3696 = CIRCLE ( 'NONE', #50, 0.2000000000000000389 ) ;
#3697 = FACE_OUTER_BOUND ( 'NONE', #3627, .T. ) ;
#3698 = COLOUR_RGB ( '',0.8039215686274510109, 0.8039215686274510109, 0.8039215686274510109 ) ;
#3699 = PRESENTATION_LAYER_ASSIGNMENT (  '', '', ( #4750 ) ) ;
#3700 = DIRECTION ( 'NONE',  ( 1.000000000000000000, 0.000000000000000000, 0.000000000000000000 ) ) ;
#3701 = PRESENTATION_LAYER_ASSIGNMENT (  '', '', ( #1334 ) ) ;
#3702 = VERTEX_POINT ( 'NONE', #7026 ) ;
#3703 = ADVANCED_FACE ( 'NONE', ( #344 ), #1992, .T. ) ;
#3704 =( LENGTH_UNIT ( ) NAMED_UNIT ( * ) SI_UNIT ( .MILLI., .METRE. ) );
#3705 = PRESENTATION_LAYER_ASSIGNMENT (  '', '', ( #2735 ) ) ;
#3706 = ORIENTED_EDGE ( 'NONE', *, *, #2294, .F. ) ;
#3707 = VECTOR ( 'NONE', #4307, 1000.000000000000227 ) ;
#3708 = CIRCLE ( 'NONE', #5120, 0.07499999999999998335 ) ;
#3709 =( LENGTH_UNIT ( ) NAMED_UNIT ( * ) SI_UNIT ( .MILLI., .METRE. ) );
#3710 = SURFACE_SIDE_STYLE ('',( #1449 ) ) ;
#3711 = SURFACE_STYLE_USAGE ( .BOTH. , #1450 ) ;
#3712 = DIRECTION ( 'NONE',  ( 0.000000000000000000, 0.8787392480871611955, 0.4773021410712616763 ) ) ;
#3713 = EDGE_LOOP ( 'NONE', ( #4120, #6101, #6170, #4595 ) ) ;
#3714 = EDGE_CURVE ( 'NONE', #3414, #3335, #3103, .T. ) ;
#3715 = COLOUR_RGB ( '',0.8039215686274510109, 0.8039215686274510109, 0.8039215686274510109 ) ;
#3716 = CARTESIAN_POINT ( 'NONE',  ( 0.2024999999999997635, -2.599999999999999645, -0.5153054482615858634 ) ) ;
#3717 = ORIENTED_EDGE ( 'NONE', *, *, #94, .F. ) ;
#3718 = LINE ( 'NONE', #5948, #5443 ) ;
#3719 = CARTESIAN_POINT ( 'NONE',  ( -1.097500000000000142, -2.299999999999999378, -0.07249999999999999500 ) ) ;
#3720 = DIRECTION ( 'NONE',  ( -1.000000000000000000, -0.000000000000000000, -0.000000000000000000 ) ) ;
#3721 = PRESENTATION_LAYER_ASSIGNMENT (  '', '', ( #1725 ) ) ;
#3722 = FACE_OUTER_BOUND ( 'NONE', #6579, .T. ) ;
#3723 = CARTESIAN_POINT ( 'NONE',  ( -0.8525000000000001465, -2.299999999999999378, -0.07249999999999999500 ) ) ;
#3724 = ORIENTED_EDGE ( 'NONE', *, *, #2519, .T. ) ;
#3725 = ORIENTED_EDGE ( 'NONE', *, *, #2552, .F. ) ;
#3726 = ORIENTED_EDGE ( 'NONE', *, *, #2813, .T. ) ;
#3727 = CARTESIAN_POINT ( 'NONE',  ( 1.382282424338300952, -2.082282424338301130, -0.4750000000000000333 ) ) ;
#3728 = FILL_AREA_STYLE_COLOUR ( '', #3032 ) ;
#3729 = LINE ( 'NONE', #4124, #2227 ) ;
#3730 = LINE ( 'NONE', #6006, #1801 ) ;
#3731 = DIRECTION ( 'NONE',  ( 0.000000000000000000, 0.000000000000000000, -1.000000000000000000 ) ) ;
#3732 = CARTESIAN_POINT ( 'NONE',  ( 0.8524999999999997025, 2.599999999999999645, -0.5153054482615858634 ) ) ;
#3733 = DIRECTION ( 'NONE',  ( 0.000000000000000000, 1.000000000000000000, 0.000000000000000000 ) ) ;
#3734 = ORIENTED_EDGE ( 'NONE', *, *, #6757, .F. ) ;
#3735 = VECTOR ( 'NONE', #3425, 1000.000000000000227 ) ;
#3736 = CARTESIAN_POINT ( 'NONE',  ( -1.500000000000000444, -2.156871566490921488, -0.4828396347450739645 ) ) ;
#3737 = ORIENTED_EDGE ( 'NONE', *, *, #2549, .T. ) ;
#3738 = FILL_AREA_STYLE_COLOUR ( '', #6573 ) ;
#3739 = SURFACE_SIDE_STYLE ('',( #1485 ) ) ;
#3740 = EDGE_CURVE ( 'NONE', #3793, #5401, #313, .T. ) ;
#3741 = CARTESIAN_POINT ( 'NONE',  ( 0.8524999999999997025, -3.199999999999999289, -0.6499999999999998002 ) ) ;
#3742 = CARTESIAN_POINT ( 'NONE',  ( -0.4475000000000001754, -2.199999999999999289, 0.07249999999999999500 ) ) ;
#3743 = EDGE_CURVE ( 'NONE', #896, #4892, #377, .T. ) ;
#3744 = ADVANCED_FACE ( 'NONE', ( #4206 ), #6452, .F. ) ;
#3745 = CYLINDRICAL_SURFACE ( 'NONE', #2727, 0.1000000000000001582 ) ;
#3746 = ORIENTED_EDGE ( 'NONE', *, *, #6470, .F. ) ;
#3747 =( NAMED_UNIT ( * ) SI_UNIT ( $, .STERADIAN. ) SOLID_ANGLE_UNIT ( ) );
#3748 = CARTESIAN_POINT ( 'NONE',  ( 0.8524999999999997025, -3.199999999999999289, -0.6499999999999998002 ) ) ;
#3749 = SURFACE_STYLE_USAGE ( .BOTH. , #3637 ) ;
#3750 = EDGE_LOOP ( 'NONE', ( #321, #759 ) ) ;
#3751 = LINE ( 'NONE', #3119, #5813 ) ;
#3752 = AXIS2_PLACEMENT_3D ( 'NONE', #4487, #2210, #4531 ) ;
#3753 = SURFACE_SIDE_STYLE ('',( #4849 ) ) ;
#3754 =( NAMED_UNIT ( * ) PLANE_ANGLE_UNIT ( ) SI_UNIT ( $, .RADIAN. ) );
#3755 = FACE_OUTER_BOUND ( 'NONE', #5082, .T. ) ;
#3756 = EDGE_CURVE ( 'NONE', #1394, #3782, #967, .T. ) ;
#3757 = PLANE ( 'NONE',  #3326 ) ;
#3758 =( NAMED_UNIT ( * ) PLANE_ANGLE_UNIT ( ) SI_UNIT ( $, .RADIAN. ) );
#3759 = UNCERTAINTY_MEASURE_WITH_UNIT (LENGTH_MEASURE( 1.000000000000000082E-05 ), #5122, 'distance_accuracy_value', 'NONE');
#3760 = ORIENTED_EDGE ( 'NONE', *, *, #1477, .T. ) ;
#3761 = VERTEX_POINT ( 'NONE', #522 ) ;
#3762 = VECTOR ( 'NONE', #7171, 1000.000000000000000 ) ;
#3763 = DIRECTION ( 'NONE',  ( 0.1039620511844980416, -0.1039620511844970147, 0.9891328443778539814 ) ) ;
#3764 = DIRECTION ( 'NONE',  ( -0.1039620511844979306, -0.1039620511844979306, 0.9891328443778538704 ) ) ;
#3765 = ORIENTED_EDGE ( 'NONE', *, *, #7181, .T. ) ;
#3766 = DIRECTION ( 'NONE',  ( 0.000000000000000000, 0.000000000000000000, -1.000000000000000000 ) ) ;
#3767 = LINE ( 'NONE', #2096, #4008 ) ;
#3768 = CARTESIAN_POINT ( 'NONE',  ( -0.4475000000000001754, -3.199999999999999289, -0.5046459247782298929 ) ) ;
#3769 = MECHANICAL_DESIGN_GEOMETRIC_PRESENTATION_REPRESENTATION (  '', ( #6363 ), #2449 ) ;
#3770 = LINE ( 'NONE', #6554, #2900 ) ;
#3771 = CARTESIAN_POINT ( 'NONE',  ( 0.2024999999999997635, 2.803509833814964214, -0.3766764416818402239 ) ) ;
#3772 = CARTESIAN_POINT ( 'NONE',  ( 0.2024999999999997635, 2.715635909006247850, -0.4244066557889664137 ) ) ;
#3773 = ORIENTED_EDGE ( 'NONE', *, *, #779, .F. ) ;
#3774 = CARTESIAN_POINT ( 'NONE',  ( 0.8524999999999997025, 2.502515066061893556, -0.03203957178574777520 ) ) ;
#3775 =( GEOMETRIC_REPRESENTATION_CONTEXT ( 3 ) GLOBAL_UNCERTAINTY_ASSIGNED_CONTEXT ( ( #6095 ) ) GLOBAL_UNIT_ASSIGNED_CONTEXT ( ( #3362, #445, #6146 ) ) REPRESENTATION_CONTEXT ( 'NONE', 'WORKASPACE' ) );
#3776 = VECTOR ( 'NONE', #1373, 1000.000000000000000 ) ;
#3777 = DIRECTION ( 'NONE',  ( 1.000000000000000000, 0.000000000000000000, 0.000000000000000000 ) ) ;
#3778 =( NAMED_UNIT ( * ) SI_UNIT ( $, .STERADIAN. ) SOLID_ANGLE_UNIT ( ) );
#3779 = EDGE_CURVE ( 'NONE', #6650, #5408, #6826, .T. ) ;
#3780 = PLANE ( 'NONE',  #629 ) ;
#3781 = VECTOR ( 'NONE', #4575, 1000.000000000000000 ) ;
#3782 = VERTEX_POINT ( 'NONE', #4430 ) ;
#3783 = EDGE_CURVE ( 'NONE', #1108, #5170, #5263, .T. ) ;
#3784 = FILL_AREA_STYLE ('',( #390 ) ) ;
#3785 =( LENGTH_UNIT ( ) NAMED_UNIT ( * ) SI_UNIT ( .MILLI., .METRE. ) );
#3786 = EDGE_LOOP ( 'NONE', ( #4528, #2232, #2044, #2717 ) ) ;
#3787 = DIRECTION ( 'NONE',  ( 1.000000000000000000, 0.000000000000000000, 0.000000000000000000 ) ) ;
#3788 =( LENGTH_UNIT ( ) NAMED_UNIT ( * ) SI_UNIT ( .MILLI., .METRE. ) );
#3789 = DIRECTION ( 'NONE',  ( 0.000000000000000000, -0.1045284632676537068, -0.9945218953682734009 ) ) ;
#3790 = EDGE_CURVE ( 'NONE', #4958, #7192, #7275, .T. ) ;
#3791 = DIRECTION ( 'NONE',  ( 0.000000000000000000, 1.000000000000000000, 0.000000000000000000 ) ) ;
#3792 = FILL_AREA_STYLE_COLOUR ( '', #5803 ) ;
#3793 = VERTEX_POINT ( 'NONE', #7203 ) ;
#3794 = EDGE_LOOP ( 'NONE', ( #4337, #603, #824 ) ) ;
#3795 = EDGE_LOOP ( 'NONE', ( #4263, #2877, #2630, #6946 ) ) ;
#3796 = DIRECTION ( 'NONE',  ( 0.000000000000000000, 0.4773021410712618984, 0.8787392480871610845 ) ) ;
#3797 = VECTOR ( 'NONE', #5391, 1000.000000000000114 ) ;
#3798 =( NAMED_UNIT ( * ) PLANE_ANGLE_UNIT ( ) SI_UNIT ( $, .RADIAN. ) );
#3799 = VERTEX_POINT ( 'NONE', #6729 ) ;
#3800 = SURFACE_STYLE_USAGE ( .BOTH. , #1504 ) ;
#3801 = CARTESIAN_POINT ( 'NONE',  ( -0.4475000000000001754, -2.796534186440551739, -0.4764328467078229323 ) ) ;
#3802 = AXIS2_PLACEMENT_3D ( 'NONE', #7091, #2013, #4266 ) ;
#3803 = VECTOR ( 'NONE', #3329, 1000.000000000000114 ) ;
#3804 = AXIS2_PLACEMENT_3D ( 'NONE', #1499, #5908, #5958 ) ;
#3805 = LINE ( 'NONE', #7022, #4596 ) ;
#3806 = ADVANCED_FACE ( 'NONE', ( #5058 ), #5517, .T. ) ;
#3807 = PRESENTATION_LAYER_ASSIGNMENT (  '', '', ( #6856 ) ) ;
#3808 = PLANE ( 'NONE',  #4983 ) ;
#3809 = COLOUR_RGB ( '',0.8039215686274510109, 0.8039215686274510109, 0.8039215686274510109 ) ;
#3810 = SURFACE_SIDE_STYLE ('',( #2641 ) ) ;
#3811 =( GEOMETRIC_REPRESENTATION_CONTEXT ( 3 ) GLOBAL_UNCERTAINTY_ASSIGNED_CONTEXT ( ( #6344 ) ) GLOBAL_UNIT_ASSIGNED_CONTEXT ( ( #6422, #2439, #4623 ) ) REPRESENTATION_CONTEXT ( 'NONE', 'WORKASPACE' ) );
#3812 = FILL_AREA_STYLE ('',( #3282 ) ) ;
#3813 = VERTEX_POINT ( 'NONE', #4459 ) ;
#3814 = STYLED_ITEM ( 'NONE', ( #3147 ), #2681 ) ;
#3815 = MECHANICAL_DESIGN_GEOMETRIC_PRESENTATION_REPRESENTATION (  '', ( #4395 ), #631 ) ;
#3816 = DIRECTION ( 'NONE',  ( -1.000000000000000000, 0.000000000000000000, -0.000000000000000000 ) ) ;
#3817 = AXIS2_PLACEMENT_3D ( 'NONE', #1058, #4363, #4508 ) ;
#3818 = FILL_AREA_STYLE_COLOUR ( '', #6178 ) ;
#3819 = DIRECTION ( 'NONE',  ( -1.000000000000000000, -0.000000000000000000, -0.000000000000000000 ) ) ;
#3820 =( GEOMETRIC_REPRESENTATION_CONTEXT ( 3 ) GLOBAL_UNCERTAINTY_ASSIGNED_CONTEXT ( ( #3386 ) ) GLOBAL_UNIT_ASSIGNED_CONTEXT ( ( #6673, #1599, #5001 ) ) REPRESENTATION_CONTEXT ( 'NONE', 'WORKASPACE' ) );
#3821 = VECTOR ( 'NONE', #6527, 1000.000000000000114 ) ;
#3822 = SURFACE_STYLE_USAGE ( .BOTH. , #6738 ) ;
#3823 = MECHANICAL_DESIGN_GEOMETRIC_PRESENTATION_REPRESENTATION (  '', ( #2981 ), #168 ) ;
#3824 = AXIS2_PLACEMENT_3D ( 'NONE', #7177, #2106, #5680 ) ;
#3825 = ORIENTED_EDGE ( 'NONE', *, *, #6152, .T. ) ;
#3826 = AXIS2_PLACEMENT_3D ( 'NONE', #4004, #3460, #512 ) ;
#3827 = MECHANICAL_DESIGN_GEOMETRIC_PRESENTATION_REPRESENTATION (  '', ( #2855 ), #643 ) ;
#3828 = ORIENTED_EDGE ( 'NONE', *, *, #914, .T. ) ;
#3829 = CARTESIAN_POINT ( 'NONE',  ( -0.4475000000000001754, -2.599999999999999645, -0.5153054482615858634 ) ) ;
#3830 = CARTESIAN_POINT ( 'NONE',  ( 0.8524999999999997025, 3.199999999999999289, -0.5046459247782298929 ) ) ;
#3831 = DIRECTION ( 'NONE',  ( 0.000000000000000000, 0.000000000000000000, -1.000000000000000000 ) ) ;
#3832 = PRESENTATION_LAYER_ASSIGNMENT (  '', '', ( #771 ) ) ;
#3833 = EDGE_CURVE ( 'NONE', #5763, #3893, #3318, .T. ) ;
#3834 =( NAMED_UNIT ( * ) PLANE_ANGLE_UNIT ( ) SI_UNIT ( $, .RADIAN. ) );
#3835 = UNCERTAINTY_MEASURE_WITH_UNIT (LENGTH_MEASURE( 1.000000000000000082E-05 ), #2501, 'distance_accuracy_value', 'NONE');
#3836 = VERTEX_POINT ( 'NONE', #6661 ) ;
#3837 = VERTEX_POINT ( 'NONE', #1547 ) ;
#3838 = ADVANCED_FACE ( 'NONE', ( #6186 ), #6123, .T. ) ;
#3839 = CARTESIAN_POINT ( 'NONE',  ( 0.2024999999999997635, 2.199999999999999289, 0.07249999999999999500 ) ) ;
#3840 = ADVANCED_FACE ( 'NONE', ( #2862 ), #4604, .T. ) ;
#3841 = LINE ( 'NONE', #2130, #1382 ) ;
#3842 = LINE ( 'NONE', #6114, #4174 ) ;
#3843 = ORIENTED_EDGE ( 'NONE', *, *, #4463, .T. ) ;
#3844 =( LENGTH_UNIT ( ) NAMED_UNIT ( * ) SI_UNIT ( .MILLI., .METRE. ) );
#3845 = FACE_OUTER_BOUND ( 'NONE', #234, .T. ) ;
#3846 = CARTESIAN_POINT ( 'NONE',  ( -1.500806167510464473, 2.126217025357842960, -0.06482982849429268224 ) ) ;
#3847 = DIRECTION ( 'NONE',  ( 0.000000000000000000, -0.9975640502598243087, 0.06975647374412519142 ) ) ;
#3848 = EDGE_CURVE ( 'NONE', #6739, #5472, #3510, .T. ) ;
#3849 = CARTESIAN_POINT ( 'NONE',  ( 0.2024999999999997635, -2.326767216444461273, -0.1275000000000000022 ) ) ;
#3850 = MECHANICAL_DESIGN_GEOMETRIC_PRESENTATION_REPRESENTATION (  '', ( #4306 ), #1832 ) ;
#3851 = VERTEX_POINT ( 'NONE', #4677 ) ;
#3852 = FILL_AREA_STYLE_COLOUR ( '', #7153 ) ;
#3853 = EDGE_CURVE ( 'NONE', #6020, #683, #1149, .T. ) ;
#3854 = SURFACE_STYLE_USAGE ( .BOTH. , #7246 ) ;
#3855 = VECTOR ( 'NONE', #6472, 1000.000000000000000 ) ;
#3856 =( NAMED_UNIT ( * ) SI_UNIT ( $, .STERADIAN. ) SOLID_ANGLE_UNIT ( ) );
#3857 = ORIENTED_EDGE ( 'NONE', *, *, #3513, .F. ) ;
#3858 = CARTESIAN_POINT ( 'NONE',  ( -0.2025000000000002076, -2.796534186440551739, -0.4764328467078229323 ) ) ;
#3859 = CARTESIAN_POINT ( 'NONE',  ( -1.393792701098379938, 2.168381843250998475, -0.3733266666807282252 ) ) ;
#3860 = ORIENTED_EDGE ( 'NONE', *, *, #3604, .F. ) ;
#3861 = CARTESIAN_POINT ( 'NONE',  ( -1.382282424338302063, -2.082282424338300686, 0.5500000000000000444 ) ) ;
#3862 = FILL_AREA_STYLE_COLOUR ( '', #3809 ) ;
#3863 = CARTESIAN_POINT ( 'NONE',  ( -1.456871566490922199, 2.082282424338301130, -0.4828396347450740755 ) ) ;
#3864 = CARTESIAN_POINT ( 'NONE',  ( -0.2025000000000002076, 2.761796554868606535, -0.6193578300992984564 ) ) ;
#3865 = CARTESIAN_POINT ( 'NONE',  ( 0.8524999999999997025, -2.326767216444461273, 0.07249999999999999500 ) ) ;
#3866 =( NAMED_UNIT ( * ) SI_UNIT ( $, .STERADIAN. ) SOLID_ANGLE_UNIT ( ) );
#3867 = VECTOR ( 'NONE', #7139, 1000.000000000000000 ) ;
#3868 = VERTEX_POINT ( 'NONE', #6259 ) ;
#3869 = ORIENTED_EDGE ( 'NONE', *, *, #6010, .T. ) ;
#3870 = LINE ( 'NONE', #6142, #6857 ) ;
#3871 = VERTEX_POINT ( 'NONE', #3400 ) ;
#3872 = CARTESIAN_POINT ( 'NONE',  ( 1.097499999999999698, 2.299999999999999378, -0.1724999999999999867 ) ) ;
#3873 = PRESENTATION_LAYER_ASSIGNMENT (  '', '', ( #7178 ) ) ;
#3874 = EDGE_CURVE ( 'NONE', #5402, #2173, #1407, .T. ) ;
#3875 = SURFACE_STYLE_FILL_AREA ( #4569 ) ;
#3876 =( NAMED_UNIT ( * ) SI_UNIT ( $, .STERADIAN. ) SOLID_ANGLE_UNIT ( ) );
#3877 = ORIENTED_EDGE ( 'NONE', *, *, #6277, .F. ) ;
#3878 = FILL_AREA_STYLE_COLOUR ( '', #11 ) ;
#3879 = DIRECTION ( 'NONE',  ( 1.000000000000000000, 0.000000000000000000, 0.000000000000000000 ) ) ;
#3880 = FILL_AREA_STYLE_COLOUR ( '', #2607 ) ;
#3881 = CYLINDRICAL_SURFACE ( 'NONE', #4165, 0.2000000000000002054 ) ;
#3882 = ORIENTED_EDGE ( 'NONE', *, *, #1396, .T. ) ;
#3883 = CARTESIAN_POINT ( 'NONE',  ( -1.425273160256225191, -2.199999626916907314, -0.07250354964850760919 ) ) ;
#3884 = CARTESIAN_POINT ( 'NONE',  ( -0.2025000000000002076, -3.199999999999999289, -0.6499999999999998002 ) ) ;
#3885 = AXIS2_PLACEMENT_3D ( 'NONE', #4871, #3731, #5919 ) ;
#3886 = VERTEX_POINT ( 'NONE', #2821 ) ;
#3887 =( NAMED_UNIT ( * ) SI_UNIT ( $, .STERADIAN. ) SOLID_ANGLE_UNIT ( ) );
#3888 = CARTESIAN_POINT ( 'NONE',  ( -0.4475000000000001754, -2.502515066061893556, -0.03203957178574777520 ) ) ;
#3889 = FACE_OUTER_BOUND ( 'NONE', #5842, .T. ) ;
#3890 = FILL_AREA_STYLE ('',( #1641 ) ) ;
#3891 = UNCERTAINTY_MEASURE_WITH_UNIT (LENGTH_MEASURE( 1.000000000000000082E-05 ), #3704, 'distance_accuracy_value', 'NONE');
#3892 = ORIENTED_EDGE ( 'NONE', *, *, #2023, .T. ) ;
#3893 = VERTEX_POINT ( 'NONE', #1768 ) ;
#3894 = CARTESIAN_POINT ( 'NONE',  ( 0.2024999999999997635, 2.199999999999999289, -0.07249999999999999500 ) ) ;
#3895 = CARTESIAN_POINT ( 'NONE',  ( -1.097500000000000142, -2.599999999999999645, -0.5153054482615858634 ) ) ;
#3896 = SURFACE_STYLE_FILL_AREA ( #6319 ) ;
#3897 = ORIENTED_EDGE ( 'NONE', *, *, #6569, .F. ) ;
#3898 = EDGE_CURVE ( 'NONE', #2167, #3505, #5055, .T. ) ;
#3899 = COLOUR_RGB ( '',0.8039215686274510109, 0.8039215686274510109, 0.8039215686274510109 ) ;
#3900 = DIRECTION ( 'NONE',  ( 0.000000000000000000, 0.000000000000000000, -1.000000000000000000 ) ) ;
#3901 = CARTESIAN_POINT ( 'NONE',  ( 0.8524999999999997025, -2.387873924808715298, -0.1247697858928739911 ) ) ;
#3902 = EDGE_LOOP ( 'NONE', ( #3536, #4072, #3462, #4504 ) ) ;
#3903 = VECTOR ( 'NONE', #6698, 1000.000000000000000 ) ;
#3904 = CIRCLE ( 'NONE', #6173, 0.09999999999999979738 ) ;
#3905 = MECHANICAL_DESIGN_GEOMETRIC_PRESENTATION_REPRESENTATION (  '', ( #2486 ), #1551 ) ;
#3906 = CYLINDRICAL_SURFACE ( 'NONE', #62, 0.1000000000000001582 ) ;
#3907 = MECHANICAL_DESIGN_GEOMETRIC_PRESENTATION_REPRESENTATION (  '', ( #5219 ), #1672 ) ;
#3908 = ORIENTED_EDGE ( 'NONE', *, *, #5681, .T. ) ;
#3909 = ADVANCED_FACE ( 'NONE', ( #5731 ), #703, .T. ) ;
#3910 = FACE_OUTER_BOUND ( 'NONE', #1429, .T. ) ;
#3911 = CIRCLE ( 'NONE', #1675, 0.07499999999999998335 ) ;
#3912 = EDGE_CURVE ( 'NONE', #7204, #4742, #6494, .T. ) ;
#3913 = ORIENTED_EDGE ( 'NONE', *, *, #2221, .T. ) ;
#3914 =( GEOMETRIC_REPRESENTATION_CONTEXT ( 3 ) GLOBAL_UNCERTAINTY_ASSIGNED_CONTEXT ( ( #316 ) ) GLOBAL_UNIT_ASSIGNED_CONTEXT ( ( #6815, #571, #4553 ) ) REPRESENTATION_CONTEXT ( 'NONE', 'WORKASPACE' ) );
#3915 = LINE ( 'NONE', #3858, #3576 ) ;
#3916 = PRESENTATION_LAYER_ASSIGNMENT (  '', '', ( #2259 ) ) ;
#3917 = AXIS2_PLACEMENT_3D ( 'NONE', #2792, #1055, #565 ) ;
#3918 = CARTESIAN_POINT ( 'NONE',  ( 0.8524999999999997025, -2.775747849617431928, -0.4198450200473335392 ) ) ;
#3919 = LINE ( 'NONE', #3884, #1684 ) ;
#3920 = AXIS2_PLACEMENT_3D ( 'NONE', #3144, #3069, #2521 ) ;
#3921 = ORIENTED_EDGE ( 'NONE', *, *, #3373, .F. ) ;
#3922 = FACE_OUTER_BOUND ( 'NONE', #1865, .T. ) ;
#3923 = DIRECTION ( 'NONE',  ( 0.000000000000000000, 0.000000000000000000, 1.000000000000000000 ) ) ;
#3924 = DIRECTION ( 'NONE',  ( 0.000000000000000000, 1.000000000000000000, 0.000000000000000000 ) ) ;
#3925 = EDGE_CURVE ( 'NONE', #1414, #5787, #7092, .T. ) ;
#3926 = CARTESIAN_POINT ( 'NONE',  ( -0.2025000000000002076, 2.299999999999999378, -0.1724999999999999867 ) ) ;
#3927 = SURFACE_STYLE_USAGE ( .BOTH. , #2049 ) ;
#3928 = STYLED_ITEM ( 'NONE', ( #5613 ), #7186 ) ;
#3929 = STYLED_ITEM ( 'NONE', ( #3249 ), #5838 ) ;
#3930 = CARTESIAN_POINT ( 'NONE',  ( 1.499998880753507624, 2.125409738600888332, 0.07251064891903696852 ) ) ;
#3931 =( GEOMETRIC_REPRESENTATION_CONTEXT ( 3 ) GLOBAL_UNCERTAINTY_ASSIGNED_CONTEXT ( ( #2922 ) ) GLOBAL_UNIT_ASSIGNED_CONTEXT ( ( #4151, #7120, #2085 ) ) REPRESENTATION_CONTEXT ( 'NONE', 'WORKASPACE' ) );
#3932 = ORIENTED_EDGE ( 'NONE', *, *, #1522, .F. ) ;
#3933 = ORIENTED_EDGE ( 'NONE', *, *, #676, .F. ) ;
#3934 = CARTESIAN_POINT ( 'NONE',  ( -0.4475000000000001754, -2.199999999999999289, 0.07249999999999999500 ) ) ;
#3935 = FACE_OUTER_BOUND ( 'NONE', #884, .T. ) ;
#3936 = AXIS2_PLACEMENT_3D ( 'NONE', #1949, #7020, #6445 ) ;
#3937 = VERTEX_POINT ( 'NONE', #308 ) ;
#3938 =( LENGTH_UNIT ( ) NAMED_UNIT ( * ) SI_UNIT ( .MILLI., .METRE. ) );
#3939 = FILL_AREA_STYLE_COLOUR ( '', #6416 ) ;
#3940 =( LENGTH_UNIT ( ) NAMED_UNIT ( * ) SI_UNIT ( .MILLI., .METRE. ) );
#3941 = CARTESIAN_POINT ( 'NONE',  ( -0.4475000000000001754, -3.199999999999999289, -0.6499999999999998002 ) ) ;
#3942 = VECTOR ( 'NONE', #3796, 1000.000000000000114 ) ;
#3943 = SURFACE_STYLE_USAGE ( .BOTH. , #1696 ) ;
#3944 = FILL_AREA_STYLE ('',( #4572 ) ) ;
#3945 = CARTESIAN_POINT ( 'NONE',  ( -0.8525000000000001465, 2.299999999999999378, -0.07249999999999999500 ) ) ;
#3946 = CARTESIAN_POINT ( 'NONE',  ( 1.425273160256224525, -2.199999626916907314, 0.07250354964850760919 ) ) ;
#3947 = DIRECTION ( 'NONE',  ( 0.000000000000000000, 0.000000000000000000, -1.000000000000000000 ) ) ;
#3948 = VECTOR ( 'NONE', #1861, 1000.000000000000000 ) ;
#3949 = ORIENTED_EDGE ( 'NONE', *, *, #6258, .F. ) ;
#3950 = MECHANICAL_DESIGN_GEOMETRIC_PRESENTATION_REPRESENTATION (  '', ( #6575 ), #4650 ) ;
#3951 = DIRECTION ( 'NONE',  ( 0.000000000000000000, 0.000000000000000000, -1.000000000000000000 ) ) ;
#3952 = CARTESIAN_POINT ( 'NONE',  ( 0.8524999999999997025, -2.199999999999999289, -0.07249999999999999500 ) ) ;
#3953 = VERTEX_POINT ( 'NONE', #4829 ) ;
#3954 = LINE ( 'NONE', #1730, #3803 ) ;
#3955 = ORIENTED_EDGE ( 'NONE', *, *, #5556, .F. ) ;
#3956 = CARTESIAN_POINT ( 'NONE',  ( -1.456871566490922199, 2.199999999999999289, -0.4828396347450740755 ) ) ;
#3957 = COLOUR_RGB ( '',0.8039215686274510109, 0.8039215686274510109, 0.8039215686274510109 ) ;
#3958 = ADVANCED_FACE ( 'NONE', ( #5405 ), #1951, .T. ) ;
#3959 = EDGE_CURVE ( 'NONE', #1649, #7047, #3729, .T. ) ;
#3960 = FILL_AREA_STYLE_COLOUR ( '', #474 ) ;
#3961 = LINE ( 'NONE', #5190, #985 ) ;
#3962 = ORIENTED_EDGE ( 'NONE', *, *, #3148, .F. ) ;
#3963 = FILL_AREA_STYLE ('',( #4511 ) ) ;
#3964 = DIRECTION ( 'NONE',  ( 0.000000000000000000, -1.000000000000000000, 0.000000000000000000 ) ) ;
#3965 = ORIENTED_EDGE ( 'NONE', *, *, #3192, .T. ) ;
#3966 = VERTEX_POINT ( 'NONE', #4800 ) ;
#3967 = CARTESIAN_POINT ( 'NONE',  ( 0.4474999999999997868, -2.599999999999999645, -0.5153054482615858634 ) ) ;
#3968 = DIRECTION ( 'NONE',  ( 0.000000000000000000, 0.000000000000000000, -1.000000000000000000 ) ) ;
#3969 = EDGE_CURVE ( 'NONE', #2312, #3594, #6553, .T. ) ;
#3970 = DIRECTION ( 'NONE',  ( -1.000000000000000000, -0.000000000000000000, -0.000000000000000000 ) ) ;
#3971 = EDGE_LOOP ( 'NONE', ( #7265, #2200, #2440, #4380, #6075, #6973, #2423, #6092, #4712, #4028, #3070, #1580 ) ) ;
#3972 =( LENGTH_UNIT ( ) NAMED_UNIT ( * ) SI_UNIT ( .MILLI., .METRE. ) );
#3973 =( NAMED_UNIT ( * ) SI_UNIT ( $, .STERADIAN. ) SOLID_ANGLE_UNIT ( ) );
#3974 = FACE_OUTER_BOUND ( 'NONE', #6710, .T. ) ;
#3975 = VECTOR ( 'NONE', #1036, 1000.000000000000114 ) ;
#3976 = FILL_AREA_STYLE_COLOUR ( '', #6594 ) ;
#3977 = SURFACE_STYLE_FILL_AREA ( #5553 ) ;
#3978 = DIRECTION ( 'NONE',  ( 1.000000000000000000, 0.000000000000000000, 0.000000000000000000 ) ) ;
#3979 = LINE ( 'NONE', #3945, #4289 ) ;
#3980 = SURFACE_STYLE_FILL_AREA ( #6291 ) ;
#3981 = PRESENTATION_STYLE_ASSIGNMENT (( #1659 ) ) ;
#3982 = MECHANICAL_DESIGN_GEOMETRIC_PRESENTATION_REPRESENTATION (  '', ( #1735 ), #4929 ) ;
#3983 = ORIENTED_EDGE ( 'NONE', *, *, #2601, .T. ) ;
#3984 = SURFACE_STYLE_USAGE ( .BOTH. , #6189 ) ;
#3985 =( NAMED_UNIT ( * ) SI_UNIT ( $, .STERADIAN. ) SOLID_ANGLE_UNIT ( ) );
#3986 = VECTOR ( 'NONE', #7241, 1000.000000000000000 ) ;
#3987 = ORIENTED_EDGE ( 'NONE', *, *, #1170, .T. ) ;
#3988 = CARTESIAN_POINT ( 'NONE',  ( -1.425273160256225191, -2.199999626916907314, 0.07250354964850760919 ) ) ;
#3989 = LINE ( 'NONE', #1601, #4233 ) ;
#3990 = ORIENTED_EDGE ( 'NONE', *, *, #6365, .T. ) ;
#3991 =( LENGTH_UNIT ( ) NAMED_UNIT ( * ) SI_UNIT ( .MILLI., .METRE. ) );
#3992 = DIRECTION ( 'NONE',  ( 0.000000000000000000, -1.000000000000000000, 0.000000000000000000 ) ) ;
#3993 = FILL_AREA_STYLE_COLOUR ( '', #1628 ) ;
#3994 = PRESENTATION_LAYER_ASSIGNMENT (  '', '', ( #242 ) ) ;
#3995 = STYLED_ITEM ( 'NONE', ( #6386 ), #1975 ) ;
#3996 = DIRECTION ( 'NONE',  ( -1.000000000000000000, -0.000000000000000000, -0.000000000000000000 ) ) ;
#3997 = CARTESIAN_POINT ( 'NONE',  ( 0.8524999999999997025, -2.326767216444461273, -0.1275000000000000022 ) ) ;
#3998 = PRESENTATION_LAYER_ASSIGNMENT (  '', '', ( #1525 ) ) ;
#3999 = ADVANCED_FACE ( 'NONE', ( #2454 ), #934, .T. ) ;
#4000 = EDGE_LOOP ( 'NONE', ( #3237, #4291, #1184, #1309 ) ) ;
#4001 = ORIENTED_EDGE ( 'NONE', *, *, #6543, .T. ) ;
#4002 = SURFACE_STYLE_FILL_AREA ( #5638 ) ;
#4003 = CARTESIAN_POINT ( 'NONE',  ( -1.382282424338301841, 2.082282424338301130, -0.4750000000000000333 ) ) ;
#4004 = CARTESIAN_POINT ( 'NONE',  ( 0.8524999999999997025, -2.796534186440551739, -0.4764328467078229323 ) ) ;
#4005 = VERTEX_POINT ( 'NONE', #2132 ) ;
#4006 = DIRECTION ( 'NONE',  ( 1.000000000000000000, 0.000000000000000000, 0.000000000000000000 ) ) ;
#4008 = VECTOR ( 'NONE', #4830, 1000.000000000000000 ) ;
#4007 = FACE_OUTER_BOUND ( 'NONE', #22, .T. ) ;
#4009 = STYLED_ITEM ( 'NONE', ( #6905 ), #1819 ) ;
#4010 = APPLICATION_CONTEXT ( 'automotive_design' ) ;
#4011 = SURFACE_STYLE_FILL_AREA ( #5676 ) ;
#4012 = EDGE_CURVE ( 'NONE', #378, #4888, #2462, .T. ) ;
#4013 = DIRECTION ( 'NONE',  ( 0.000000000000000000, -0.8787392480871610845, -0.4773021410712618984 ) ) ;
#4014 = DIRECTION ( 'NONE',  ( 1.000000000000000000, 0.000000000000000000, 0.000000000000000000 ) ) ;
#4015 =( NAMED_UNIT ( * ) PLANE_ANGLE_UNIT ( ) SI_UNIT ( $, .RADIAN. ) );
#4016 = DIRECTION ( 'NONE',  ( -0.000000000000000000, -1.000000000000000000, 0.000000000000000000 ) ) ;
#4017 = DIRECTION ( 'NONE',  ( 0.000000000000000000, -1.000000000000000000, 0.000000000000000000 ) ) ;
#4018 = DIRECTION ( 'NONE',  ( -1.000000000000000000, -6.077559477998646463E-16, -5.782411586589353300E-15 ) ) ;
#4019 = ADVANCED_FACE ( 'NONE', ( #2669 ), #5508, .T. ) ;
#4020 =( BOUNDED_CURVE ( )  B_SPLINE_CURVE ( 3, ( #3296, #5114, #6232, #1157 ),
 .UNSPECIFIED., .F., .F. ) 
 B_SPLINE_CURVE_WITH_KNOTS ( ( 4, 4 ),
 ( 3.136129445068236876, 3.141592653589787343 ),
 .UNSPECIFIED. ) 
 CURVE ( )  GEOMETRIC_REPRESENTATION_ITEM ( )  RATIONAL_B_SPLINE_CURVE ( ( 1.000000000000000000, 0.9999975127809339615, 0.9999975127809339615, 1.000000000000000000 ) ) 
 REPRESENTATION_ITEM ( '' )  );
#4021 = SURFACE_SIDE_STYLE ('',( #2980 ) ) ;
#4022 = PRESENTATION_LAYER_ASSIGNMENT (  '', '', ( #4731 ) ) ;
#4023 = DIRECTION ( 'NONE',  ( 1.000000000000000000, 0.000000000000000000, 0.000000000000000000 ) ) ;
#4024 = ORIENTED_EDGE ( 'NONE', *, *, #7211, .T. ) ;
#4025 = AXIS2_PLACEMENT_3D ( 'NONE', #2315, #3978, #5729 ) ;
#4026 =( LENGTH_UNIT ( ) NAMED_UNIT ( * ) SI_UNIT ( .MILLI., .METRE. ) );
#4027 = CARTESIAN_POINT ( 'NONE',  ( -1.426217025357843893, 2.126217025357842960, 0.05699019374921866082 ) ) ;
#4028 = ORIENTED_EDGE ( 'NONE', *, *, #5479, .F. ) ;
#4029 = STYLED_ITEM ( 'NONE', ( #5744 ), #6634 ) ;
#4030 = CARTESIAN_POINT ( 'NONE',  ( -1.097500000000000142, -2.796534186440551739, -0.4764328467078228213 ) ) ;
#4031 =( GEOMETRIC_REPRESENTATION_CONTEXT ( 3 ) GLOBAL_UNCERTAINTY_ASSIGNED_CONTEXT ( ( #4257 ) ) GLOBAL_UNIT_ASSIGNED_CONTEXT ( ( #5923, #3660, #1955 ) ) REPRESENTATION_CONTEXT ( 'NONE', 'WORKASPACE' ) );
#4032 = CARTESIAN_POINT ( 'NONE',  ( -1.499999626916908912, -2.125273160256225591, -0.07250354964850755368 ) ) ;
#4033 = AXIS2_PLACEMENT_3D ( 'NONE', #1211, #2277, #1651 ) ;
#4034 = UNCERTAINTY_MEASURE_WITH_UNIT (LENGTH_MEASURE( 1.000000000000000082E-05 ), #3582, 'distance_accuracy_value', 'NONE');
#4035 = EDGE_LOOP ( 'NONE', ( #5059, #3726, #1747, #1489, #477, #4374 ) ) ;
#4036 = DIRECTION ( 'NONE',  ( -0.1039620511844979445, -0.1039620511844979445, -0.9891328443778539814 ) ) ;
#4037 = MECHANICAL_DESIGN_GEOMETRIC_PRESENTATION_REPRESENTATION (  '', ( #2735 ), #4400 ) ;
#4038 = CARTESIAN_POINT ( 'NONE',  ( 0.4474999999999997868, 2.199999999999999289, 0.07249999999999999500 ) ) ;
#4039 = ORIENTED_EDGE ( 'NONE', *, *, #5885, .F. ) ;
#4040 = SURFACE_STYLE_USAGE ( .BOTH. , #5312 ) ;
#4041 = VECTOR ( 'NONE', #2970, 1000.000000000000000 ) ;
#4042 = EDGE_CURVE ( 'NONE', #3937, #1, #4904, .T. ) ;
#4043 = CARTESIAN_POINT ( 'NONE',  ( 1.097499999999999698, -2.761796554868606535, -0.6193578300992984564 ) ) ;
#4044 = DIRECTION ( 'NONE',  ( 0.000000000000000000, 0.000000000000000000, -1.000000000000000000 ) ) ;
#4045 = EDGE_CURVE ( 'NONE', #1773, #1524, #2799, .T. ) ;
#4046 = ADVANCED_FACE ( 'NONE', ( #5573 ), #478, .T. ) ;
#4047 = ORIENTED_EDGE ( 'NONE', *, *, #5238, .F. ) ;
#4048 =( GEOMETRIC_REPRESENTATION_CONTEXT ( 3 ) GLOBAL_UNCERTAINTY_ASSIGNED_CONTEXT ( ( #1967 ) ) GLOBAL_UNIT_ASSIGNED_CONTEXT ( ( #5622, #2824, #3985 ) ) REPRESENTATION_CONTEXT ( 'NONE', 'WORKASPACE' ) );
#4049 = SURFACE_STYLE_USAGE ( .BOTH. , #49 ) ;
#4050 = CARTESIAN_POINT ( 'NONE',  ( -1.425000000000000488, 2.124999999999999556, 0.07249999999999999500 ) ) ;
#4051 = DIRECTION ( 'NONE',  ( 0.000000000000000000, 0.9975640502598243087, 0.06975647374412519142 ) ) ;
#4052 = COLOUR_RGB ( '',0.2862745098039215508, 0.2862745098039215508, 0.2862745098039215508 ) ;
#4053 = STYLED_ITEM ( 'NONE', ( #2079 ), #553 ) ;
#4054 = CARTESIAN_POINT ( 'NONE',  ( 0.4474999999999997868, -3.199999999999999289, -0.6499999999999998002 ) ) ;
#4055 =( NAMED_UNIT ( * ) SI_UNIT ( $, .STERADIAN. ) SOLID_ANGLE_UNIT ( ) );
#4056 = MECHANICAL_DESIGN_GEOMETRIC_PRESENTATION_REPRESENTATION (  '', ( #2183 ), #5727 ) ;
#4057 = SURFACE_SIDE_STYLE ('',( #6364 ) ) ;
#4058 = EDGE_CURVE ( 'NONE', #823, #7215, #3533, .T. ) ;
#4059 = ORIENTED_EDGE ( 'NONE', *, *, #3925, .F. ) ;
#4060 =( NAMED_UNIT ( * ) PLANE_ANGLE_UNIT ( ) SI_UNIT ( $, .RADIAN. ) );
#4061 = CARTESIAN_POINT ( 'NONE',  ( 1.097499999999999698, 2.775747849617431928, -0.4198450200473335392 ) ) ;
#4063 = FACE_OUTER_BOUND ( 'NONE', #3489, .T. ) ;
#4062 = SURFACE_STYLE_USAGE ( .BOTH. , #1921 ) ;
#4064 = SURFACE_STYLE_FILL_AREA ( #6874 ) ;
#4065 = ORIENTED_EDGE ( 'NONE', *, *, #3162, .T. ) ;
#4066 = DIRECTION ( 'NONE',  ( 0.000000000000000000, 0.000000000000000000, 1.000000000000000000 ) ) ;
#4067 = EDGE_LOOP ( 'NONE', ( #3522, #4663, #4001, #1501 ) ) ;
#4068 = CARTESIAN_POINT ( 'NONE',  ( -1.500000000000000666, -2.125136580382890994, -0.07249999999999988398 ) ) ;
#4069 = CLOSED_SHELL ( 'NONE', ( #2532, #5218, #638, #2108, #6478, #7098, #5970, #3958, #5039, #6411, #1124, #4925, #1657, #2681 ) ) ;
#4070 = CARTESIAN_POINT ( 'NONE',  ( -1.425000000000000488, 2.199999999999999289, -0.07249999999999999500 ) ) ;
#4071 = PRESENTATION_LAYER_ASSIGNMENT (  '', '', ( #1956 ) ) ;
#4072 = ORIENTED_EDGE ( 'NONE', *, *, #5008, .F. ) ;
#4073 = SURFACE_STYLE_FILL_AREA ( #3640 ) ;
#4074 = SURFACE_STYLE_FILL_AREA ( #888 ) ;
#4075 = CARTESIAN_POINT ( 'NONE',  ( 0.2024999999999997635, -3.199999999999999289, -0.5046459247782298929 ) ) ;
#4076 = CARTESIAN_POINT ( 'NONE',  ( -0.4475000000000001754, -2.796534186440551739, -0.4764328467078229323 ) ) ;
#4077 = ORIENTED_EDGE ( 'NONE', *, *, #3874, .T. ) ;
#4078 =( LENGTH_UNIT ( ) NAMED_UNIT ( * ) SI_UNIT ( .MILLI., .METRE. ) );
#4079 = LINE ( 'NONE', #6435, #3376 ) ;
#4080 = CARTESIAN_POINT ( 'NONE',  ( -1.382282424338302063, 2.082282424338300686, 0.4750000000000000333 ) ) ;
#4081 = CARTESIAN_POINT ( 'NONE',  ( -1.097500000000000142, -2.803509833814964214, -0.3766764416818402239 ) ) ;
#4082 =( NAMED_UNIT ( * ) SI_UNIT ( $, .STERADIAN. ) SOLID_ANGLE_UNIT ( ) );
#4083 =( NAMED_UNIT ( * ) SI_UNIT ( $, .STERADIAN. ) SOLID_ANGLE_UNIT ( ) );
#4084 = ORIENTED_EDGE ( 'NONE', *, *, #5302, .T. ) ;
#4085 = ORIENTED_EDGE ( 'NONE', *, *, #915, .F. ) ;
#4086 = EDGE_CURVE ( 'NONE', #5495, #4901, #6950, .T. ) ;
#4087 =( NAMED_UNIT ( * ) SI_UNIT ( $, .STERADIAN. ) SOLID_ANGLE_UNIT ( ) );
#4088 =( NAMED_UNIT ( * ) SI_UNIT ( $, .STERADIAN. ) SOLID_ANGLE_UNIT ( ) );
#4089 = SURFACE_STYLE_FILL_AREA ( #2455 ) ;
#4090 = ADVANCED_FACE ( 'NONE', ( #5755 ), #2920, .T. ) ;
#4091 = FACE_OUTER_BOUND ( 'NONE', #1480, .T. ) ;
#4092 =( NAMED_UNIT ( * ) PLANE_ANGLE_UNIT ( ) SI_UNIT ( $, .RADIAN. ) );
#4093 = DIRECTION ( 'NONE',  ( 0.000000000000000000, -0.9975640502598243087, 0.06975647374412519142 ) ) ;
#4094 = EDGE_LOOP ( 'NONE', ( #5572, #6662, #5545, #3140, #1084, #840, #4321, #7209, #2947, #4310, #1260, #4539 ) ) ;
#4095 = SURFACE_SIDE_STYLE ('',( #4579 ) ) ;
#4096 = CARTESIAN_POINT ( 'NONE',  ( -1.097500000000000142, 3.199999999999999289, -0.6499999999999998002 ) ) ;
#4097 = EDGE_CURVE ( 'NONE', #4888, #2182, #1248, .T. ) ;
#4098 =( LENGTH_UNIT ( ) NAMED_UNIT ( * ) SI_UNIT ( .MILLI., .METRE. ) );
#4099 = VERTEX_POINT ( 'NONE', #5203 ) ;
#4100 = CARTESIAN_POINT ( 'NONE',  ( 0.2024999999999997635, -3.199999999999999289, -0.6499999999999998002 ) ) ;
#4101 = EDGE_CURVE ( 'NONE', #5066, #7047, #2, .T. ) ;
#4102 = AXIS2_PLACEMENT_3D ( 'NONE', #6066, #3156, #3789 ) ;
#4103 = UNCERTAINTY_MEASURE_WITH_UNIT (LENGTH_MEASURE( 1.000000000000000082E-05 ), #2309, 'distance_accuracy_value', 'NONE');
#4104 = ORIENTED_EDGE ( 'NONE', *, *, #229, .T. ) ;
#4105 = LINE ( 'NONE', #4664, #3437 ) ;
#4106 = PRESENTATION_LAYER_ASSIGNMENT (  '', '', ( #6147 ) ) ;
#4107 = FILL_AREA_STYLE ('',( #1855 ) ) ;
#4108 = CARTESIAN_POINT ( 'NONE',  ( 0.4474999999999997868, 2.199999999999999289, -0.07249999999999999500 ) ) ;
#4109 =( NAMED_UNIT ( * ) SI_UNIT ( $, .STERADIAN. ) SOLID_ANGLE_UNIT ( ) );
#4110 = LINE ( 'NONE', #2963, #4740 ) ;
#4111 = DIRECTION ( 'NONE',  ( 1.000000000000000000, -0.000000000000000000, -0.000000000000000000 ) ) ;
#4112 = UNCERTAINTY_MEASURE_WITH_UNIT (LENGTH_MEASURE( 1.000000000000000082E-05 ), #3542, 'distance_accuracy_value', 'NONE');
#4113 = STYLED_ITEM ( 'NONE', ( #6226 ), #1712 ) ;
#4114 =( NAMED_UNIT ( * ) SI_UNIT ( $, .STERADIAN. ) SOLID_ANGLE_UNIT ( ) );
#4115 =( GEOMETRIC_REPRESENTATION_CONTEXT ( 3 ) GLOBAL_UNCERTAINTY_ASSIGNED_CONTEXT ( ( #2696 ) ) GLOBAL_UNIT_ASSIGNED_CONTEXT ( ( #1869, #4717, #6975 ) ) REPRESENTATION_CONTEXT ( 'NONE', 'WORKASPACE' ) );
#4116 =( NAMED_UNIT ( * ) SI_UNIT ( $, .STERADIAN. ) SOLID_ANGLE_UNIT ( ) );
#4117 = AXIS2_PLACEMENT_3D ( 'NONE', #7253, #5557, #2189 ) ;
#4118 = CARTESIAN_POINT ( 'NONE',  ( 0.4474999999999997868, -2.326767216444461273, -0.1275000000000000022 ) ) ;
#4119 = SURFACE_SIDE_STYLE ('',( #1864 ) ) ;
#4120 = ORIENTED_EDGE ( 'NONE', *, *, #4440, .T. ) ;
#4121 = ORIENTED_EDGE ( 'NONE', *, *, #2517, .F. ) ;
#4122 = SURFACE_STYLE_FILL_AREA ( #825 ) ;
#4123 = DIRECTION ( 'NONE',  ( -1.000000000000000000, -0.000000000000000000, -0.000000000000000000 ) ) ;
#4124 = CARTESIAN_POINT ( 'NONE',  ( 1.097499999999999698, -2.199999999999999289, -0.07249999999999999500 ) ) ;
#4125 = PLANE ( 'NONE',  #4568 ) ;
#4126 = DIRECTION ( 'NONE',  ( 0.000000000000000000, 0.000000000000000000, -1.000000000000000000 ) ) ;
#4127 =( GEOMETRIC_REPRESENTATION_CONTEXT ( 3 ) GLOBAL_UNCERTAINTY_ASSIGNED_CONTEXT ( ( #5905 ) ) GLOBAL_UNIT_ASSIGNED_CONTEXT ( ( #3152, #4847, #1028 ) ) REPRESENTATION_CONTEXT ( 'NONE', 'WORKASPACE' ) );
#4128 = CARTESIAN_POINT ( 'NONE',  ( -1.500000000000000666, -2.125136580382890994, 0.07249999999999988398 ) ) ;
#4129 = ORIENTED_EDGE ( 'NONE', *, *, #911, .T. ) ;
#4130 = SURFACE_SIDE_STYLE ('',( #715 ) ) ;
#4131 = EDGE_CURVE ( 'NONE', #3455, #2153, #138, .T. ) ;
#4133 = CYLINDRICAL_SURFACE ( 'NONE', #14, 0.2000000000000002054 ) ;
#4132 = FILL_AREA_STYLE ('',( #764 ) ) ;
#4134 = MECHANICAL_DESIGN_GEOMETRIC_PRESENTATION_REPRESENTATION (  '', ( #6284 ), #4246 ) ;
#4135 = EDGE_CURVE ( 'NONE', #6779, #201, #4527, .T. ) ;
#4136 = PLANE ( 'NONE',  #5116 ) ;
#4137 = LINE ( 'NONE', #5227, #5106 ) ;
#4138 = AXIS2_PLACEMENT_3D ( 'NONE', #1081, #1189, #2185 ) ;
#4139 = STYLED_ITEM ( 'NONE', ( #3197 ), #4925 ) ;
#4140 =( GEOMETRIC_REPRESENTATION_CONTEXT ( 3 ) GLOBAL_UNCERTAINTY_ASSIGNED_CONTEXT ( ( #6502 ) ) GLOBAL_UNIT_ASSIGNED_CONTEXT ( ( #6606, #2563, #4328 ) ) REPRESENTATION_CONTEXT ( 'NONE', 'WORKASPACE' ) );
#4141 = FACE_OUTER_BOUND ( 'NONE', #2791, .T. ) ;
#4142 =( NAMED_UNIT ( * ) PLANE_ANGLE_UNIT ( ) SI_UNIT ( $, .RADIAN. ) );
#4143 = VECTOR ( 'NONE', #2045, 1000.000000000000000 ) ;
#4144 = PRESENTATION_LAYER_ASSIGNMENT (  '', '', ( #6863 ) ) ;
#4145 = MECHANICAL_DESIGN_GEOMETRIC_PRESENTATION_REPRESENTATION (  '', ( #6759 ), #2503 ) ;
#4146 = EDGE_LOOP ( 'NONE', ( #368, #2567, #2431, #5982 ) ) ;
#4147 = VECTOR ( 'NONE', #6243, 1000.000000000000000 ) ;
#4148 = ADVANCED_FACE ( 'NONE', ( #2777 ), #1827, .F. ) ;
#4149 = LINE ( 'NONE', #6428, #6407 ) ;
#4150 = CARTESIAN_POINT ( 'NONE',  ( 0.2024999999999997635, -2.502515066061893556, -0.03203957178574777520 ) ) ;
#4151 =( LENGTH_UNIT ( ) NAMED_UNIT ( * ) SI_UNIT ( .MILLI., .METRE. ) );
#4152 = AXIS2_PLACEMENT_3D ( 'NONE', #1639, #3266, #1032 ) ;
#4153 = FACE_OUTER_BOUND ( 'NONE', #4632, .T. ) ;
#4154 = CARTESIAN_POINT ( 'NONE',  ( -1.500000000000000444, -2.199999999999999289, 0.07249999999999999500 ) ) ;
#4155 = VECTOR ( 'NONE', #3923, 1000.000000000000000 ) ;
#4156 = VECTOR ( 'NONE', #3169, 1000.000000000000227 ) ;
#4157 = CARTESIAN_POINT ( 'NONE',  ( 1.097499999999999698, 3.199999999999999289, -0.5046459247782298929 ) ) ;
#4158 = COLOUR_RGB ( '',0.2862745098039215508, 0.2862745098039215508, 0.2862745098039215508 ) ;
#4159 = CARTESIAN_POINT ( 'NONE',  ( -0.9422824243383021159, -1.642282424338300739, 0.5400000000000000355 ) ) ;
#4160 = LINE ( 'NONE', #1978, #3948 ) ;
#4161 = FILL_AREA_STYLE_COLOUR ( '', #4851 ) ;
#4162 = CIRCLE ( 'NONE', #1336, 0.1000000000000001582 ) ;
#4163 = CARTESIAN_POINT ( 'NONE',  ( 1.425409738600887266, -2.199998880753507358, 0.07251064891903691301 ) ) ;
#4164 = DIRECTION ( 'NONE',  ( 0.000000000000000000, 0.000000000000000000, -1.000000000000000000 ) ) ;
#4165 = AXIS2_PLACEMENT_3D ( 'NONE', #3333, #4401, #1597 ) ;
#4166 = ORIENTED_EDGE ( 'NONE', *, *, #5276, .F. ) ;
#4167 = ORIENTED_EDGE ( 'NONE', *, *, #399, .T. ) ;
#4168 = FACE_OUTER_BOUND ( 'NONE', #5535, .T. ) ;
#4169 =( GEOMETRIC_REPRESENTATION_CONTEXT ( 3 ) GLOBAL_UNCERTAINTY_ASSIGNED_CONTEXT ( ( #1316 ) ) GLOBAL_UNIT_ASSIGNED_CONTEXT ( ( #1280, #669, #701 ) ) REPRESENTATION_CONTEXT ( 'NONE', 'WORKASPACE' ) );
#4170 = PRESENTATION_STYLE_ASSIGNMENT (( #6806 ) ) ;
#4171 = VECTOR ( 'NONE', #2616, 1000.000000000000227 ) ;
#4172 = PRESENTATION_STYLE_ASSIGNMENT (( #826 ) ) ;
#4173 =( LENGTH_UNIT ( ) NAMED_UNIT ( * ) SI_UNIT ( .MILLI., .METRE. ) );
#4174 = VECTOR ( 'NONE', #1037, 1000.000000000000000 ) ;
#4175 = SURFACE_SIDE_STYLE ('',( #227 ) ) ;
#4176 = STYLED_ITEM ( 'NONE', ( #2468 ), #1481 ) ;
#4177 = DIRECTION ( 'NONE',  ( -1.000000000000000000, -0.000000000000000000, -0.000000000000000000 ) ) ;
#4178 = CARTESIAN_POINT ( 'NONE',  ( -1.499998880753508512, -2.125409738600888332, 0.07251064891903696852 ) ) ;
#4179 = ORIENTED_EDGE ( 'NONE', *, *, #6846, .F. ) ;
#4180 = DIRECTION ( 'NONE',  ( 0.000000000000000000, 0.8787392480871610845, -0.4773021410712618984 ) ) ;
#4181 = LINE ( 'NONE', #5887, #3776 ) ;
#4182 = EDGE_CURVE ( 'NONE', #5472, #1089, #6038, .T. ) ;
#4183 = VERTEX_POINT ( 'NONE', #731 ) ;
#4184 =( LENGTH_UNIT ( ) NAMED_UNIT ( * ) SI_UNIT ( .MILLI., .METRE. ) );
#4185 = EDGE_CURVE ( 'NONE', #7180, #4510, #847, .T. ) ;
#4186 = EDGE_CURVE ( 'NONE', #5962, #5108, #1062, .T. ) ;
#4187 = PRESENTATION_STYLE_ASSIGNMENT (( #2477 ) ) ;
#4188 = CARTESIAN_POINT ( 'NONE',  ( 0.2024999999999997635, -2.199999999999999289, -0.07249999999999999500 ) ) ;
#4189 = UNCERTAINTY_MEASURE_WITH_UNIT (LENGTH_MEASURE( 1.000000000000000082E-05 ), #1637, 'distance_accuracy_value', 'NONE');
#4190 = ORIENTED_EDGE ( 'NONE', *, *, #6786, .F. ) ;
#4191 = CYLINDRICAL_SURFACE ( 'NONE', #850, 0.2000000000000000389 ) ;
#4192 = LINE ( 'NONE', #3719, #4143 ) ;
#4193 = SURFACE_STYLE_USAGE ( .BOTH. , #6468 ) ;
#4194 = CARTESIAN_POINT ( 'NONE',  ( -0.4475000000000001754, -3.199999999999999289, -0.6499999999999998002 ) ) ;
#4195 = UNCERTAINTY_MEASURE_WITH_UNIT (LENGTH_MEASURE( 1.000000000000000082E-05 ), #822, 'distance_accuracy_value', 'NONE');
#4196 = COLOUR_RGB ( '',0.8039215686274510109, 0.8039215686274510109, 0.8039215686274510109 ) ;
#4197 = DIRECTION ( 'NONE',  ( -1.000000000000000000, -1.156482317317871607E-14, 0.000000000000000000 ) ) ;
#4198 = DIRECTION ( 'NONE',  ( 0.000000000000000000, 0.000000000000000000, -1.000000000000000000 ) ) ;
#4199 = VERTEX_POINT ( 'NONE', #6383 ) ;
#4200 = EDGE_LOOP ( 'NONE', ( #4966, #1116, #5652, #6599 ) ) ;
#4201 = SURFACE_STYLE_FILL_AREA ( #6394 ) ;
#4202 = CARTESIAN_POINT ( 'NONE',  ( -0.2025000000000002076, 2.326767216444461273, 0.07249999999999999500 ) ) ;
#4203 = FACE_OUTER_BOUND ( 'NONE', #5191, .T. ) ;
#4204 = SURFACE_STYLE_FILL_AREA ( #2638 ) ;
#4205 =( NAMED_UNIT ( * ) SI_UNIT ( $, .STERADIAN. ) SOLID_ANGLE_UNIT ( ) );
#4206 = FACE_OUTER_BOUND ( 'NONE', #6822, .T. ) ;
#4207 = ORIENTED_EDGE ( 'NONE', *, *, #5150, .T. ) ;
#4208 = UNCERTAINTY_MEASURE_WITH_UNIT (LENGTH_MEASURE( 1.000000000000000082E-05 ), #107, 'distance_accuracy_value', 'NONE');
#4209 =( NAMED_UNIT ( * ) PLANE_ANGLE_UNIT ( ) SI_UNIT ( $, .RADIAN. ) );
#4210 = LINE ( 'NONE', #3741, #5452 ) ;
#4211 = VECTOR ( 'NONE', #5437, 1000.000000000000000 ) ;
#4212 =( BOUNDED_CURVE ( )  B_SPLINE_CURVE ( 3, ( #5519, #1795, #2644, #5138 ),
 .UNSPECIFIED., .F., .F. ) 
 B_SPLINE_CURVE_WITH_KNOTS ( ( 4, 4 ),
 ( 6.277722098658046868, 6.283185307179586232 ),
 .UNSPECIFIED. ) 
 CURVE ( )  GEOMETRIC_REPRESENTATION_ITEM ( )  RATIONAL_B_SPLINE_CURVE ( ( 1.000000000000000000, 0.9999975127809339615, 0.9999975127809339615, 1.000000000000000000 ) ) 
 REPRESENTATION_ITEM ( '' )  );
#4213 = ORIENTED_EDGE ( 'NONE', *, *, #2294, .T. ) ;
#4214 = PLANE ( 'NONE',  #6539 ) ;
#4215 = SURFACE_SIDE_STYLE ('',( #1965 ) ) ;
#4216 = CARTESIAN_POINT ( 'NONE',  ( 0.8524999999999997025, -2.599999999999999645, -0.5153054482615858634 ) ) ;
#4217 = EDGE_LOOP ( 'NONE', ( #2451, #5199, #5897, #6886 ) ) ;
#4218 = SURFACE_STYLE_USAGE ( .BOTH. , #6346 ) ;
#4219 =( NAMED_UNIT ( * ) SI_UNIT ( $, .STERADIAN. ) SOLID_ANGLE_UNIT ( ) );
#4220 = AXIS2_PLACEMENT_3D ( 'NONE', #4836, #6701, #2241 ) ;
#4221 =( NAMED_UNIT ( * ) SI_UNIT ( $, .STERADIAN. ) SOLID_ANGLE_UNIT ( ) );
#4222 = SURFACE_STYLE_FILL_AREA ( #1531 ) ;
#4223 = EDGE_CURVE ( 'NONE', #2668, #6026, #6540, .T. ) ;
#4224 = CARTESIAN_POINT ( 'NONE',  ( 1.097499999999999698, 2.387873924808715298, -0.1247697858928739911 ) ) ;
#4225 = AXIS2_PLACEMENT_3D ( 'NONE', #813, #3039, #2558 ) ;
#4226 = ORIENTED_EDGE ( 'NONE', *, *, #2974, .T. ) ;
#4227 = ORIENTED_EDGE ( 'NONE', *, *, #6118, .T. ) ;
#4228 = CARTESIAN_POINT ( 'NONE',  ( 1.382282424338300952, 2.156871566490921488, 0.4828396347450740755 ) ) ;
#4229 = FILL_AREA_STYLE_COLOUR ( '', #4231 ) ;
#4230 =( NAMED_UNIT ( * ) SI_UNIT ( $, .STERADIAN. ) SOLID_ANGLE_UNIT ( ) );
#4231 = COLOUR_RGB ( '',0.8039215686274510109, 0.8039215686274510109, 0.8039215686274510109 ) ;
#4232 = CARTESIAN_POINT ( 'NONE',  ( -0.4475000000000001754, 2.326767216444461273, -0.1275000000000000022 ) ) ;
#4233 = VECTOR ( 'NONE', #6708, 1000.000000000000000 ) ;
#4234 = PRESENTATION_LAYER_ASSIGNMENT (  '', '', ( #1765 ) ) ;
#4235 = LINE ( 'NONE', #6700, #6669 ) ;
#4236 = ORIENTED_EDGE ( 'NONE', *, *, #6777, .T. ) ;
#4237 = ADVANCED_FACE ( 'NONE', ( #4153 ), #5902, .T. ) ;
#4238 = FILL_AREA_STYLE_COLOUR ( '', #7062 ) ;
#4239 = ORIENTED_EDGE ( 'NONE', *, *, #2051, .T. ) ;
#4240 = DIRECTION ( 'NONE',  ( -5.782411586589354089E-15, 0.000000000000000000, -1.000000000000000000 ) ) ;
#4241 = CARTESIAN_POINT ( 'NONE',  ( -0.4475000000000001754, -2.299999999999999378, -0.07249999999999999500 ) ) ;
#4242 = CARTESIAN_POINT ( 'NONE',  ( 1.382282424338300952, -2.082282424338301130, 0.4750000000000000333 ) ) ;
#4243 =( LENGTH_UNIT ( ) NAMED_UNIT ( * ) SI_UNIT ( .MILLI., .METRE. ) );
#4244 = ORIENTED_EDGE ( 'NONE', *, *, #6338, .F. ) ;
#4245 = FILL_AREA_STYLE_COLOUR ( '', #4501 ) ;
#4246 =( GEOMETRIC_REPRESENTATION_CONTEXT ( 3 ) GLOBAL_UNCERTAINTY_ASSIGNED_CONTEXT ( ( #506 ) ) GLOBAL_UNIT_ASSIGNED_CONTEXT ( ( #1719, #5672, #4219 ) ) REPRESENTATION_CONTEXT ( 'NONE', 'WORKASPACE' ) );
#4247 = SURFACE_STYLE_USAGE ( .BOTH. , #5942 ) ;
#4248 =( NAMED_UNIT ( * ) SI_UNIT ( $, .STERADIAN. ) SOLID_ANGLE_UNIT ( ) );
#4249 = UNCERTAINTY_MEASURE_WITH_UNIT (LENGTH_MEASURE( 1.000000000000000082E-05 ), #5461, 'distance_accuracy_value', 'NONE');
#4250 = ORIENTED_EDGE ( 'NONE', *, *, #7286, .F. ) ;
#4251 =( NAMED_UNIT ( * ) SI_UNIT ( $, .STERADIAN. ) SOLID_ANGLE_UNIT ( ) );
#4252 = CARTESIAN_POINT ( 'NONE',  ( 1.097499999999999698, -2.299999999999999378, -0.1724999999999999867 ) ) ;
#4253 = MECHANICAL_DESIGN_GEOMETRIC_PRESENTATION_REPRESENTATION (  '', ( #4139 ), #6296 ) ;
#4254 = DIRECTION ( 'NONE',  ( 1.000000000000000000, 0.000000000000000000, 0.000000000000000000 ) ) ;
#4255 = COLOUR_RGB ( '',0.2862745098039215508, 0.2862745098039215508, 0.2862745098039215508 ) ;
#4256 = PRESENTATION_LAYER_ASSIGNMENT (  '', '', ( #3680 ) ) ;
#4257 = UNCERTAINTY_MEASURE_WITH_UNIT (LENGTH_MEASURE( 1.000000000000000082E-05 ), #5923, 'distance_accuracy_value', 'NONE');
#4258 =( GEOMETRIC_REPRESENTATION_CONTEXT ( 3 ) GLOBAL_UNCERTAINTY_ASSIGNED_CONTEXT ( ( #6491 ) ) GLOBAL_UNIT_ASSIGNED_CONTEXT ( ( #2202, #2847, #5129 ) ) REPRESENTATION_CONTEXT ( 'NONE', 'WORKASPACE' ) );
#4259 = PLANE ( 'NONE',  #974 ) ;
#4260 = FILL_AREA_STYLE_COLOUR ( '', #3321 ) ;
#4261 = UNCERTAINTY_MEASURE_WITH_UNIT (LENGTH_MEASURE( 1.000000000000000082E-05 ), #3972, 'distance_accuracy_value', 'NONE');
#4262 = ORIENTED_EDGE ( 'NONE', *, *, #2519, .F. ) ;
#4263 = ORIENTED_EDGE ( 'NONE', *, *, #830, .T. ) ;
#4264 = VERTEX_POINT ( 'NONE', #5311 ) ;
#4265 = MECHANICAL_DESIGN_GEOMETRIC_PRESENTATION_REPRESENTATION (  '', ( #6760 ), #5352 ) ;
#4266 = DIRECTION ( 'NONE',  ( 0.000000000000000000, 0.000000000000000000, -1.000000000000000000 ) ) ;
#4267 = DIRECTION ( 'NONE',  ( 0.000000000000000000, 0.000000000000000000, -1.000000000000000000 ) ) ;
#4268 =( NAMED_UNIT ( * ) SI_UNIT ( $, .STERADIAN. ) SOLID_ANGLE_UNIT ( ) );
#4269 = ADVANCED_FACE ( 'NONE', ( #2005 ), #4703, .T. ) ;
#4270 = CARTESIAN_POINT ( 'NONE',  ( 0.4474999999999997868, 2.796534186440551739, -0.4764328467078228213 ) ) ;
#4271 =( GEOMETRIC_REPRESENTATION_CONTEXT ( 3 ) GLOBAL_UNCERTAINTY_ASSIGNED_CONTEXT ( ( #5986 ) ) GLOBAL_UNIT_ASSIGNED_CONTEXT ( ( #2435, #5662, #4689 ) ) REPRESENTATION_CONTEXT ( 'NONE', 'WORKASPACE' ) );
#4272 = COLOUR_RGB ( '',0.8039215686274510109, 0.8039215686274510109, 0.8039215686274510109 ) ;
#4273 = ADVANCED_FACE ( 'NONE', ( #214 ), #6030, .T. ) ;
#4274 = EDGE_CURVE ( 'NONE', #1500, #2012, #4896, .T. ) ;
#4275 = CIRCLE ( 'NONE', #3450, 0.1000000000000001582 ) ;
#4276 = FACE_OUTER_BOUND ( 'NONE', #2110, .T. ) ;
#4277 = VECTOR ( 'NONE', #4600, 1000.000000000000000 ) ;
#4278 = VERTEX_POINT ( 'NONE', #360 ) ;
#4279 = SURFACE_STYLE_USAGE ( .BOTH. , #5440 ) ;
#4280 = EDGE_LOOP ( 'NONE', ( #6307, #3403, #7268, #6608 ) ) ;
#4281 = STYLED_ITEM ( 'NONE', ( #7201 ), #1175 ) ;
#4282 = FILL_AREA_STYLE ('',( #6053 ) ) ;
#4283 = UNCERTAINTY_MEASURE_WITH_UNIT (LENGTH_MEASURE( 1.000000000000000082E-05 ), #3940, 'distance_accuracy_value', 'NONE');
#4284 = AXIS2_PLACEMENT_3D ( 'NONE', #6770, #4576, #17 ) ;
#4285 = CARTESIAN_POINT ( 'NONE',  ( -0.2025000000000002076, 2.796534186440551739, -0.4764328467078228213 ) ) ;
#4286 = SURFACE_STYLE_USAGE ( .BOTH. , #1409 ) ;
#4287 = AXIS2_PLACEMENT_3D ( 'NONE', #2529, #812, #7042 ) ;
#4288 = ADVANCED_FACE ( 'NONE', ( #987 ), #434, .T. ) ;
#4289 = VECTOR ( 'NONE', #4017, 1000.000000000000000 ) ;
#4290 =( LENGTH_UNIT ( ) NAMED_UNIT ( * ) SI_UNIT ( .MILLI., .METRE. ) );
#4291 = ORIENTED_EDGE ( 'NONE', *, *, #1257, .F. ) ;
#4292 =( NAMED_UNIT ( * ) SI_UNIT ( $, .STERADIAN. ) SOLID_ANGLE_UNIT ( ) );
#4293 = PRESENTATION_LAYER_ASSIGNMENT (  '', '', ( #2291 ) ) ;
#4294 =( NAMED_UNIT ( * ) SI_UNIT ( $, .STERADIAN. ) SOLID_ANGLE_UNIT ( ) );
#4295 = ORIENTED_EDGE ( 'NONE', *, *, #5161, .T. ) ;
#4296 = CARTESIAN_POINT ( 'NONE',  ( 1.425409738600887266, 2.199998880753507802, -0.07251064891903699627 ) ) ;
#4297 = DIRECTION ( 'NONE',  ( 1.000000000000000000, -0.000000000000000000, 0.000000000000000000 ) ) ;
#4298 = CARTESIAN_POINT ( 'NONE',  ( 1.382282424338300952, 2.082282424338302018, -0.4750000000000000333 ) ) ;
#4299 = CARTESIAN_POINT ( 'NONE',  ( -1.499998880753508734, 2.125409738600887444, -0.07251064891903699627 ) ) ;
#4300 = CARTESIAN_POINT ( 'NONE',  ( -0.4475000000000001754, -2.387873924808715298, -0.1247697858928739911 ) ) ;
#4301 = EDGE_LOOP ( 'NONE', ( #3706, #1581, #6998, #1237, #131, #909 ) ) ;
#4302 = ORIENTED_EDGE ( 'NONE', *, *, #3925, .T. ) ;
#4303 = CARTESIAN_POINT ( 'NONE',  ( 1.382282424338300952, 2.082282424338301130, 0.4750000000000000333 ) ) ;
#4304 = CARTESIAN_POINT ( 'NONE',  ( -1.500000000000000444, -2.199999999999999289, 0.07249999999999999500 ) ) ;
#4305 = FILL_AREA_STYLE ('',( #4868 ) ) ;
#4306 = STYLED_ITEM ( 'NONE', ( #2335 ), #7 ) ;
#4307 = DIRECTION ( 'NONE',  ( 0.000000000000000000, 0.9975640502598241977, -0.06975647374412530244 ) ) ;
#4308 =( LENGTH_UNIT ( ) NAMED_UNIT ( * ) SI_UNIT ( .MILLI., .METRE. ) );
#4309 = EDGE_CURVE ( 'NONE', #5664, #3442, #2594, .T. ) ;
#4310 = ORIENTED_EDGE ( 'NONE', *, *, #4274, .T. ) ;
#4311 =( NAMED_UNIT ( * ) PLANE_ANGLE_UNIT ( ) SI_UNIT ( $, .RADIAN. ) );
#4312 = SURFACE_STYLE_USAGE ( .BOTH. , #3739 ) ;
#4313 = LINE ( 'NONE', #1408, #3438 ) ;
#4314 =( LENGTH_UNIT ( ) NAMED_UNIT ( * ) SI_UNIT ( .MILLI., .METRE. ) );
#4315 = LINE ( 'NONE', #1452, #7123 ) ;
#4316 = ORIENTED_EDGE ( 'NONE', *, *, #6237, .T. ) ;
#4317 = ADVANCED_FACE ( 'NONE', ( #6107 ), #3265, .F. ) ;
#4318 = CARTESIAN_POINT ( 'NONE',  ( 1.499998880753507624, 2.125409738600888332, 0.07251064891903696852 ) ) ;
#4319 = FACE_OUTER_BOUND ( 'NONE', #205, .T. ) ;
#4320 =( NAMED_UNIT ( * ) PLANE_ANGLE_UNIT ( ) SI_UNIT ( $, .RADIAN. ) );
#4321 = ORIENTED_EDGE ( 'NONE', *, *, #4524, .T. ) ;
#4322 = CYLINDRICAL_SURFACE ( 'NONE', #5080, 0.2000000000000002054 ) ;
#4323 =( GEOMETRIC_REPRESENTATION_CONTEXT ( 3 ) GLOBAL_UNCERTAINTY_ASSIGNED_CONTEXT ( ( #4330 ) ) GLOBAL_UNIT_ASSIGNED_CONTEXT ( ( #673, #4092, #7023 ) ) REPRESENTATION_CONTEXT ( 'NONE', 'WORKASPACE' ) );
#4324 = SURFACE_SIDE_STYLE ('',( #7119 ) ) ;
#4325 = EDGE_CURVE ( 'NONE', #2228, #5300, #6311, .T. ) ;
#4326 = SURFACE_STYLE_USAGE ( .BOTH. , #3193 ) ;
#4327 = COLOUR_RGB ( '',0.2862745098039215508, 0.2862745098039215508, 0.2862745098039215508 ) ;
#4328 =( NAMED_UNIT ( * ) SI_UNIT ( $, .STERADIAN. ) SOLID_ANGLE_UNIT ( ) );
#4329 =( NAMED_UNIT ( * ) PLANE_ANGLE_UNIT ( ) SI_UNIT ( $, .RADIAN. ) );
#4330 = UNCERTAINTY_MEASURE_WITH_UNIT (LENGTH_MEASURE( 1.000000000000000082E-05 ), #673, 'distance_accuracy_value', 'NONE');
#4331 = ORIENTED_EDGE ( 'NONE', *, *, #5700, .F. ) ;
#4332 = ORIENTED_EDGE ( 'NONE', *, *, #1718, .F. ) ;
#4333 = VECTOR ( 'NONE', #2508, 1000.000000000000000 ) ;
#4334 = CARTESIAN_POINT ( 'NONE',  ( -0.4475000000000001754, 2.199999999999999289, 0.07249999999999999500 ) ) ;
#4335 =( NAMED_UNIT ( * ) PLANE_ANGLE_UNIT ( ) SI_UNIT ( $, .RADIAN. ) );
#4336 = SURFACE_STYLE_USAGE ( .BOTH. , #4939 ) ;
#4337 = ORIENTED_EDGE ( 'NONE', *, *, #5022, .F. ) ;
#4338 = DIRECTION ( 'NONE',  ( 0.000000000000000000, 1.000000000000000000, 0.000000000000000000 ) ) ;
#4339 = COLOUR_RGB ( '',0.9607843137254902244, 0.9607843137254902244, 0.9607843137254902244 ) ;
#4340 =( NAMED_UNIT ( * ) SI_UNIT ( $, .STERADIAN. ) SOLID_ANGLE_UNIT ( ) );
#4341 = DIRECTION ( 'NONE',  ( 0.000000000000000000, 0.000000000000000000, -1.000000000000000000 ) ) ;
#4342 = SURFACE_STYLE_FILL_AREA ( #828 ) ;
#4343 = VECTOR ( 'NONE', #5135, 1000.000000000000114 ) ;
#4344 =( LENGTH_UNIT ( ) NAMED_UNIT ( * ) SI_UNIT ( .MILLI., .METRE. ) );
#4345 = ORIENTED_EDGE ( 'NONE', *, *, #6558, .F. ) ;
#4346 = PRESENTATION_LAYER_ASSIGNMENT (  '', '', ( #6832 ) ) ;
#4347 = UNCERTAINTY_MEASURE_WITH_UNIT (LENGTH_MEASURE( 1.000000000000000082E-05 ), #5799, 'distance_accuracy_value', 'NONE');
#4348 = DIRECTION ( 'NONE',  ( 0.000000000000000000, 0.000000000000000000, -1.000000000000000000 ) ) ;
#4349 =( GEOMETRIC_REPRESENTATION_CONTEXT ( 3 ) GLOBAL_UNCERTAINTY_ASSIGNED_CONTEXT ( ( #5853 ) ) GLOBAL_UNIT_ASSIGNED_CONTEXT ( ( #964, #6007, #4907 ) ) REPRESENTATION_CONTEXT ( 'NONE', 'WORKASPACE' ) );
#4350 =( GEOMETRIC_REPRESENTATION_CONTEXT ( 3 ) GLOBAL_UNCERTAINTY_ASSIGNED_CONTEXT ( ( #6521 ) ) GLOBAL_UNIT_ASSIGNED_CONTEXT ( ( #3024, #1232, #3485 ) ) REPRESENTATION_CONTEXT ( 'NONE', 'WORKASPACE' ) );
#4351 = AXIS2_PLACEMENT_3D ( 'NONE', #1256, #4018, #1224 ) ;
#4352 = CARTESIAN_POINT ( 'NONE',  ( -1.097500000000000142, 2.199999999999999289, 0.07249999999999999500 ) ) ;
#4353 = DIRECTION ( 'NONE',  ( 0.000000000000000000, 0.000000000000000000, -1.000000000000000000 ) ) ;
#4354 = FILL_AREA_STYLE_COLOUR ( '', #3698 ) ;
#4355 = VECTOR ( 'NONE', #6904, 1000.000000000000114 ) ;
#4356 =( GEOMETRIC_REPRESENTATION_CONTEXT ( 3 ) GLOBAL_UNCERTAINTY_ASSIGNED_CONTEXT ( ( #1484 ) ) GLOBAL_UNIT_ASSIGNED_CONTEXT ( ( #4396, #486, #3325 ) ) REPRESENTATION_CONTEXT ( 'NONE', 'WORKASPACE' ) );
#4357 = EDGE_LOOP ( 'NONE', ( #5330, #1204, #3860, #6847 ) ) ;
#4358 = ADVANCED_FACE ( 'NONE', ( #685 ), #606, .T. ) ;
#4359 = CARTESIAN_POINT ( 'NONE',  ( -1.499998880753508734, 2.125409738600887444, -0.07251064891903699627 ) ) ;
#4360 = EDGE_CURVE ( 'NONE', #994, #4958, #570, .T. ) ;
#4361 = ADVANCED_FACE ( 'NONE', ( #4515 ), #1239, .T. ) ;
#4362 = DIRECTION ( 'NONE',  ( 0.000000000000000000, 0.000000000000000000, 1.000000000000000000 ) ) ;
#4363 = DIRECTION ( 'NONE',  ( 0.000000000000000000, 0.8787392480871610845, -0.4773021410712618984 ) ) ;
#4364 = ORIENTED_EDGE ( 'NONE', *, *, #6810, .T. ) ;
#4365 = CARTESIAN_POINT ( 'NONE',  ( 0.2024999999999997635, -2.796534186440551739, -0.4764328467078229323 ) ) ;
#4366 = SURFACE_STYLE_USAGE ( .BOTH. , #3753 ) ;
#4367 = FILL_AREA_STYLE_COLOUR ( '', #348 ) ;
#4368 = FILL_AREA_STYLE_COLOUR ( '', #4617 ) ;
#4369 = FILL_AREA_STYLE_COLOUR ( '', #6406 ) ;
#4370 = DIRECTION ( 'NONE',  ( 0.000000000000000000, 0.000000000000000000, -1.000000000000000000 ) ) ;
#4371 = ADVANCED_FACE ( 'NONE', ( #124 ), #2404, .F. ) ;
#4372 = VERTEX_POINT ( 'NONE', #7267 ) ;
#4373 = VERTEX_POINT ( 'NONE', #511 ) ;
#4374 = ORIENTED_EDGE ( 'NONE', *, *, #4223, .T. ) ;
#4375 = SURFACE_STYLE_FILL_AREA ( #1035 ) ;
#4376 = COLOUR_RGB ( '',0.2862745098039215508, 0.2862745098039215508, 0.2862745098039215508 ) ;
#4377 = LINE ( 'NONE', #1582, #3975 ) ;
#4378 = EDGE_CURVE ( 'NONE', #7277, #2246, #4938, .T. ) ;
#4379 = DIRECTION ( 'NONE',  ( 0.000000000000000000, -0.8787392480871611955, 0.4773021410712616763 ) ) ;
#4380 = ORIENTED_EDGE ( 'NONE', *, *, #578, .F. ) ;
#4381 = FILL_AREA_STYLE ('',( #549 ) ) ;
#4382 = CIRCLE ( 'NONE', #6290, 0.1000000000000001582 ) ;
#4383 = PRESENTATION_LAYER_ASSIGNMENT (  '', '', ( #3559 ) ) ;
#4384 = VECTOR ( 'NONE', #893, 1000.000000000000000 ) ;
#4385 = CARTESIAN_POINT ( 'NONE',  ( -0.2025000000000002076, 2.715635909006247850, -0.4244066557889664137 ) ) ;
#4386 = CIRCLE ( 'NONE', #1305, 0.2000000000000002054 ) ;
#4387 = VECTOR ( 'NONE', #1160, 1000.000000000000000 ) ;
#4388 =( GEOMETRIC_REPRESENTATION_CONTEXT ( 3 ) GLOBAL_UNCERTAINTY_ASSIGNED_CONTEXT ( ( #5929 ) ) GLOBAL_UNIT_ASSIGNED_CONTEXT ( ( #5394, #7078, #2006 ) ) REPRESENTATION_CONTEXT ( 'NONE', 'WORKASPACE' ) );
#4389 = PRESENTATION_LAYER_ASSIGNMENT (  '', '', ( #2720 ) ) ;
#4390 = COLOUR_RGB ( '',0.7921568627450980005, 0.8196078431372548767, 0.9333333333333333481 ) ;
#4391 = VERTEX_POINT ( 'NONE', #3308 ) ;
#4392 =( GEOMETRIC_REPRESENTATION_CONTEXT ( 3 ) GLOBAL_UNCERTAINTY_ASSIGNED_CONTEXT ( ( #1994 ) ) GLOBAL_UNIT_ASSIGNED_CONTEXT ( ( #7262, #6712, #2769 ) ) REPRESENTATION_CONTEXT ( 'NONE', 'WORKASPACE' ) );
#4393 = CYLINDRICAL_SURFACE ( 'NONE', #4906, 0.1000000000000001582 ) ;
#4394 = CIRCLE ( 'NONE', #1915, 0.2000000000000000389 ) ;
#4395 = STYLED_ITEM ( 'NONE', ( #5574 ), #2250 ) ;
#4396 =( LENGTH_UNIT ( ) NAMED_UNIT ( * ) SI_UNIT ( .MILLI., .METRE. ) );
#4397 = COLOUR_RGB ( '',0.9607843137254902244, 0.9607843137254902244, 0.9607843137254902244 ) ;
#4398 = CARTESIAN_POINT ( 'NONE',  ( 0.8524999999999997025, -3.199999999999999289, -0.5046459247782298929 ) ) ;
#4399 = DIRECTION ( 'NONE',  ( 0.000000000000000000, 0.000000000000000000, -1.000000000000000000 ) ) ;
#4400 =( GEOMETRIC_REPRESENTATION_CONTEXT ( 3 ) GLOBAL_UNCERTAINTY_ASSIGNED_CONTEXT ( ( #6919 ) ) GLOBAL_UNIT_ASSIGNED_CONTEXT ( ( #5571, #2568, #6005 ) ) REPRESENTATION_CONTEXT ( 'NONE', 'WORKASPACE' ) );
#4401 = DIRECTION ( 'NONE',  ( 1.000000000000000000, 0.000000000000000000, 0.000000000000000000 ) ) ;
#4402 = CIRCLE ( 'NONE', #2618, 0.2000000000000002054 ) ;
#4403 = COLOUR_RGB ( '',0.2862745098039215508, 0.2862745098039215508, 0.2862745098039215508 ) ;
#4404 = ORIENTED_EDGE ( 'NONE', *, *, #6934, .T. ) ;
#4405 = CARTESIAN_POINT ( 'NONE',  ( -1.499999626916908912, 2.125273160256225147, 0.07250354964850760919 ) ) ;
#4406 = MECHANICAL_DESIGN_GEOMETRIC_PRESENTATION_REPRESENTATION (  '', ( #3461 ), #6093 ) ;
#4407 = CARTESIAN_POINT ( 'NONE',  ( -1.097500000000000142, -2.299999999999999378, -0.1724999999999999867 ) ) ;
#4408 = PRESENTATION_LAYER_ASSIGNMENT (  '', '', ( #6552 ) ) ;
#4409 = EDGE_LOOP ( 'NONE', ( #437, #6462, #5750, #6329 ) ) ;
#4410 = FILL_AREA_STYLE ('',( #1636 ) ) ;
#4411 = DIRECTION ( 'NONE',  ( -0.000000000000000000, 0.000000000000000000, -1.000000000000000000 ) ) ;
#4412 = ADVANCED_FACE ( 'NONE', ( #1539 ), #4902, .F. ) ;
#4413 = SURFACE_SIDE_STYLE ('',( #2159 ) ) ;
#4414 = EDGE_CURVE ( 'NONE', #3893, #803, #1052, .T. ) ;
#4415 = CIRCLE ( 'NONE', #306, 0.07499999999999998335 ) ;
#4416 = MECHANICAL_DESIGN_GEOMETRIC_PRESENTATION_REPRESENTATION (  '', ( #2058 ), #6561 ) ;
#4417 = STYLED_ITEM ( 'NONE', ( #737 ), #862 ) ;
#4418 = DIRECTION ( 'NONE',  ( -1.000000000000000000, -0.000000000000000000, -0.000000000000000000 ) ) ;
#4419 = DIRECTION ( 'NONE',  ( 1.000000000000000000, 0.000000000000000000, 0.000000000000000000 ) ) ;
#4420 = VERTEX_POINT ( 'NONE', #6040 ) ;
#4421 = ORIENTED_EDGE ( 'NONE', *, *, #237, .F. ) ;
#4422 = PLANE ( 'NONE',  #5457 ) ;
#4423 = CARTESIAN_POINT ( 'NONE',  ( -0.8525000000000001465, -2.796534186440551739, -0.4764328467078228213 ) ) ;
#4424 = CARTESIAN_POINT ( 'NONE',  ( 0.2024999999999997635, -2.502515066061893556, -0.03203957178574777520 ) ) ;
#4425 = ORIENTED_EDGE ( 'NONE', *, *, #820, .T. ) ;
#4426 = PRESENTATION_STYLE_ASSIGNMENT (( #4867 ) ) ;
#4427 = SURFACE_SIDE_STYLE ('',( #5725 ) ) ;
#4428 = SURFACE_STYLE_USAGE ( .BOTH. , #82 ) ;
#4429 =( LENGTH_UNIT ( ) NAMED_UNIT ( * ) SI_UNIT ( .MILLI., .METRE. ) );
#4430 = CARTESIAN_POINT ( 'NONE',  ( -0.2025000000000002076, 2.199999999999999289, -0.07249999999999999500 ) ) ;
#4431 = EDGE_LOOP ( 'NONE', ( #5671, #6345, #6570, #1005, #1548, #1591, #1166, #2635, #5166, #548, #3128, #404 ) ) ;
#4432 = CARTESIAN_POINT ( 'NONE',  ( -1.097500000000000142, -2.326767216444461273, -0.1275000000000000022 ) ) ;
#4433 = FILL_AREA_STYLE ('',( #596 ) ) ;
#4434 = VECTOR ( 'NONE', #3628, 1000.000000000000114 ) ;
#4435 = PRESENTATION_STYLE_ASSIGNMENT (( #4462 ) ) ;
#4436 = PRESENTATION_STYLE_ASSIGNMENT (( #3822 ) ) ;
#4437 = VERTEX_POINT ( 'NONE', #4423 ) ;
#4438 = CARTESIAN_POINT ( 'NONE',  ( 1.097499999999999698, -2.299999999999999378, -0.1724999999999999867 ) ) ;
#4439 = DIRECTION ( 'NONE',  ( 0.000000000000000000, 1.000000000000000000, 0.000000000000000000 ) ) ;
#4440 = EDGE_CURVE ( 'NONE', #173, #5960, #4922, .T. ) ;
#4441 = ORIENTED_EDGE ( 'NONE', *, *, #6543, .F. ) ;
#4442 = PLANE ( 'NONE',  #1199 ) ;
#4443 = SURFACE_STYLE_USAGE ( .BOTH. , #2156 ) ;
#4444 = LINE ( 'NONE', #6164, #2708 ) ;
#4445 = SURFACE_STYLE_FILL_AREA ( #5010 ) ;
#4446 = CARTESIAN_POINT ( 'NONE',  ( -1.097500000000000142, -2.199999999999999289, 0.07249999999999999500 ) ) ;
#4447 = CYLINDRICAL_SURFACE ( 'NONE', #3213, 0.09999999999999979738 ) ;
#4448 = PRESENTATION_LAYER_ASSIGNMENT (  '', '', ( #6707 ) ) ;
#4449 = ORIENTED_EDGE ( 'NONE', *, *, #3612, .F. ) ;
#4450 = ORIENTED_EDGE ( 'NONE', *, *, #1185, .T. ) ;
#4451 = CARTESIAN_POINT ( 'NONE',  ( -0.4475000000000001754, 2.199999999999999289, -0.07249999999999999500 ) ) ;
#4452 = EDGE_LOOP ( 'NONE', ( #1362, #6547, #3092, #4450 ) ) ;
#4453 = EDGE_CURVE ( 'NONE', #394, #2663, #441, .T. ) ;
#4454 = PRESENTATION_LAYER_ASSIGNMENT (  '', '', ( #4814 ) ) ;
#4455 = DIRECTION ( 'NONE',  ( 0.000000000000000000, -0.8787392480871610845, -0.4773021410712618984 ) ) ;
#4456 = EDGE_CURVE ( 'NONE', #1022, #3551, #3841, .T. ) ;
#4457 = LINE ( 'NONE', #1112, #6306 ) ;
#4458 = PRESENTATION_STYLE_ASSIGNMENT (( #2212 ) ) ;
#4459 = CARTESIAN_POINT ( 'NONE',  ( -1.097500000000000142, -3.199999999999999289, -0.5046459247782298929 ) ) ;
#4460 = CARTESIAN_POINT ( 'NONE',  ( -1.426217025357843893, -2.200806167510463318, -0.06482982849429266836 ) ) ;
#4461 = ORIENTED_EDGE ( 'NONE', *, *, #5255, .F. ) ;
#4462 = SURFACE_STYLE_USAGE ( .BOTH. , #1051 ) ;
#4463 = EDGE_CURVE ( 'NONE', #6666, #1419, #4377, .T. ) ;
#4464 =( GEOMETRIC_REPRESENTATION_CONTEXT ( 3 ) GLOBAL_UNCERTAINTY_ASSIGNED_CONTEXT ( ( #4261 ) ) GLOBAL_UNIT_ASSIGNED_CONTEXT ( ( #3972, #5641, #1754 ) ) REPRESENTATION_CONTEXT ( 'NONE', 'WORKASPACE' ) );
#4465 =( LENGTH_UNIT ( ) NAMED_UNIT ( * ) SI_UNIT ( .MILLI., .METRE. ) );
#4466 = ORIENTED_EDGE ( 'NONE', *, *, #1988, .F. ) ;
#4467 = DIRECTION ( 'NONE',  ( 1.000000000000000000, 0.000000000000000000, 0.000000000000000000 ) ) ;
#4468 = VECTOR ( 'NONE', #1726, 1000.000000000000114 ) ;
#4469 = AXIS2_PLACEMENT_3D ( 'NONE', #6476, #5917, #1905 ) ;
#4470 = LINE ( 'NONE', #2190, #7117 ) ;
#4471 = AXIS2_PLACEMENT_3D ( 'NONE', #1433, #3276, #4941 ) ;
#4472 = ORIENTED_EDGE ( 'NONE', *, *, #6757, .T. ) ;
#4473 = PRESENTATION_LAYER_ASSIGNMENT (  '', '', ( #3545 ) ) ;
#4474 = SURFACE_SIDE_STYLE ('',( #5035 ) ) ;
#4475 = CARTESIAN_POINT ( 'NONE',  ( -0.2025000000000002076, -2.199999999999999289, -0.07249999999999999500 ) ) ;
#4476 = DIRECTION ( 'NONE',  ( 1.000000000000000000, 0.000000000000000000, 0.000000000000000000 ) ) ;
#4477 = SURFACE_SIDE_STYLE ('',( #4552 ) ) ;
#4478 = DIRECTION ( 'NONE',  ( -0.000000000000000000, -0.000000000000000000, 1.000000000000000000 ) ) ;
#4479 = CARTESIAN_POINT ( 'NONE',  ( 0.8524999999999997025, 2.199999999999999289, 0.07249999999999999500 ) ) ;
#4480 = UNCERTAINTY_MEASURE_WITH_UNIT (LENGTH_MEASURE( 1.000000000000000082E-05 ), #6125, 'distance_accuracy_value', 'NONE');
#4481 = EDGE_LOOP ( 'NONE', ( #1717, #5926, #768, #3163 ) ) ;
#4482 = ORIENTED_EDGE ( 'NONE', *, *, #224, .F. ) ;
#4483 = DIRECTION ( 'NONE',  ( 1.000000000000000000, 0.000000000000000000, 0.000000000000000000 ) ) ;
#4484 = CARTESIAN_POINT ( 'NONE',  ( 1.424999999999999600, -2.199999999999999289, -0.07249999999999999500 ) ) ;
#4485 = ORIENTED_EDGE ( 'NONE', *, *, #4524, .F. ) ;
#4486 = DIRECTION ( 'NONE',  ( 1.000000000000000000, 0.000000000000000000, 0.000000000000000000 ) ) ;
#4487 = CARTESIAN_POINT ( 'NONE',  ( -0.9422824243383021159, -1.642282424338300739, 0.5400000000000000355 ) ) ;
#4488 =( NAMED_UNIT ( * ) SI_UNIT ( $, .STERADIAN. ) SOLID_ANGLE_UNIT ( ) );
#4489 = CARTESIAN_POINT ( 'NONE',  ( -1.499760935694445685, -2.168963392251840094, -0.07477454493104100652 ) ) ;
#4490 =( LENGTH_UNIT ( ) NAMED_UNIT ( * ) SI_UNIT ( .MILLI., .METRE. ) );
#4491 = VERTEX_POINT ( 'NONE', #3273 ) ;
#4492 =( GEOMETRIC_REPRESENTATION_CONTEXT ( 3 ) GLOBAL_UNCERTAINTY_ASSIGNED_CONTEXT ( ( #6212 ) ) GLOBAL_UNIT_ASSIGNED_CONTEXT ( ( #3235, #3758, #2628 ) ) REPRESENTATION_CONTEXT ( 'NONE', 'WORKASPACE' ) );
#4493 = ADVANCED_FACE ( 'NONE', ( #5537 ), #1399, .F. ) ;
#4494 = COLOUR_RGB ( '',0.8039215686274510109, 0.8039215686274510109, 0.8039215686274510109 ) ;
#4495 = EDGE_CURVE ( 'NONE', #6645, #1990, #6942, .T. ) ;
#4496 = FILL_AREA_STYLE ('',( #1594 ) ) ;
#4497 = LINE ( 'NONE', #3952, #1465 ) ;
#4498 = DIRECTION ( 'NONE',  ( -0.1039620511844980277, 0.1039620511844983192, 0.9891328443778538704 ) ) ;
#4499 = STYLED_ITEM ( 'NONE', ( #415 ), #1124 ) ;
#4500 = AXIS2_PLACEMENT_3D ( 'NONE', #6714, #4933, #3385 ) ;
#4501 = COLOUR_RGB ( '',0.2862745098039215508, 0.2862745098039215508, 0.2862745098039215508 ) ;
#4502 = CARTESIAN_POINT ( 'NONE',  ( 0.8524999999999997025, -2.502515066061893556, -0.03203957178574777520 ) ) ;
#4503 = VECTOR ( 'NONE', #6372, 1000.000000000000000 ) ;
#4504 = ORIENTED_EDGE ( 'NONE', *, *, #4453, .F. ) ;
#4505 = LINE ( 'NONE', #1667, #6418 ) ;
#4506 = MECHANICAL_DESIGN_GEOMETRIC_PRESENTATION_REPRESENTATION (  '', ( #1334 ), #4271 ) ;
#4507 = DIRECTION ( 'NONE',  ( 1.000000000000000000, 0.000000000000000000, 0.000000000000000000 ) ) ;
#4508 = DIRECTION ( 'NONE',  ( 0.000000000000000000, 0.4773021410712618984, 0.8787392480871610845 ) ) ;
#4509 = AXIS2_PLACEMENT_3D ( 'NONE', #4543, #7048, #1984 ) ;
#4510 = VERTEX_POINT ( 'NONE', #2352 ) ;
#4511 = FILL_AREA_STYLE_COLOUR ( '', #3190 ) ;
#4512 = VECTOR ( 'NONE', #4399, 1000.000000000000000 ) ;
#4513 = SURFACE_STYLE_USAGE ( .BOTH. , #3345 ) ;
#4514 = FILL_AREA_STYLE ('',( #501 ) ) ;
#4515 = FACE_OUTER_BOUND ( 'NONE', #213, .T. ) ;
#4516 = SURFACE_SIDE_STYLE ('',( #2302 ) ) ;
#4517 = CIRCLE ( 'NONE', #1342, 0.09999999999999979738 ) ;
#4518 = SURFACE_STYLE_FILL_AREA ( #1100 ) ;
#4519 =( NAMED_UNIT ( * ) SI_UNIT ( $, .STERADIAN. ) SOLID_ANGLE_UNIT ( ) );
#4520 = ORIENTED_EDGE ( 'NONE', *, *, #3192, .F. ) ;
#4521 = ORIENTED_EDGE ( 'NONE', *, *, #2323, .T. ) ;
#4522 = CARTESIAN_POINT ( 'NONE',  ( 0.4474999999999997868, -3.199999999999999289, -0.6499999999999998002 ) ) ;
#4523 = FACE_OUTER_BOUND ( 'NONE', #5224, .T. ) ;
#4524 = EDGE_CURVE ( 'NONE', #6989, #1137, #5289, .T. ) ;
#4525 = PRESENTATION_LAYER_ASSIGNMENT (  '', '', ( #6670 ) ) ;
#4526 = EDGE_LOOP ( 'NONE', ( #4610, #2851, #5321, #4860 ) ) ;
#4527 = LINE ( 'NONE', #2888, #4343 ) ;
#4528 = ORIENTED_EDGE ( 'NONE', *, *, #1758, .F. ) ;
#4529 = DIRECTION ( 'NONE',  ( 1.215511895599726729E-15, -1.000000000000000000, -1.156482317317871764E-14 ) ) ;
#4530 =( NAMED_UNIT ( * ) SI_UNIT ( $, .STERADIAN. ) SOLID_ANGLE_UNIT ( ) );
#4531 = DIRECTION ( 'NONE',  ( 1.000000000000000000, 0.000000000000000000, 0.000000000000000000 ) ) ;
#4532 = MECHANICAL_DESIGN_GEOMETRIC_PRESENTATION_REPRESENTATION (  '', ( #2291 ), #1354 ) ;
#4533 = AXIS2_PLACEMENT_3D ( 'NONE', #6684, #6790, #2842 ) ;
#4534 = DIRECTION ( 'NONE',  ( 0.000000000000000000, 0.9975640502598241977, -0.06975647374412528856 ) ) ;
#4535 = SURFACE_STYLE_FILL_AREA ( #2818 ) ;
#4536 =( NAMED_UNIT ( * ) SI_UNIT ( $, .STERADIAN. ) SOLID_ANGLE_UNIT ( ) );
#4537 = FILL_AREA_STYLE ('',( #2754 ) ) ;
#4538 = CIRCLE ( 'NONE', #1359, 0.07499999999999998335 ) ;
#4539 = ORIENTED_EDGE ( 'NONE', *, *, #2596, .T. ) ;
#4540 = FILL_AREA_STYLE ('',( #3374 ) ) ;
#4541 =( NAMED_UNIT ( * ) SI_UNIT ( $, .STERADIAN. ) SOLID_ANGLE_UNIT ( ) );
#4542 = ADVANCED_FACE ( 'NONE', ( #1909 ), #6861, .T. ) ;
#4543 = CARTESIAN_POINT ( 'NONE',  ( 0.2024999999999997635, 2.502515066061893556, -0.03203957178574777520 ) ) ;
#4544 = ORIENTED_EDGE ( 'NONE', *, *, #3626, .F. ) ;
#4545 = LINE ( 'NONE', #1843, #53 ) ;
#4546 = SURFACE_STYLE_USAGE ( .BOTH. , #3340 ) ;
#4547 = DIRECTION ( 'NONE',  ( 1.000000000000000000, -0.000000000000000000, 0.000000000000000000 ) ) ;
#4548 = EDGE_CURVE ( 'NONE', #134, #4651, #3549, .T. ) ;
#4549 = EDGE_LOOP ( 'NONE', ( #788, #6567, #2319, #7191 ) ) ;
#4550 = CARTESIAN_POINT ( 'NONE',  ( 1.424999999999999600, 2.199999999999999289, 0.07249999999999999500 ) ) ;
#4551 = EDGE_CURVE ( 'NONE', #2000, #3430, #3154, .T. ) ;
#4552 = SURFACE_STYLE_FILL_AREA ( #6787 ) ;
#4553 =( NAMED_UNIT ( * ) SI_UNIT ( $, .STERADIAN. ) SOLID_ANGLE_UNIT ( ) );
#4554 = CARTESIAN_POINT ( 'NONE',  ( -1.097500000000000142, -2.502515066061893556, -0.03203957178574777520 ) ) ;
#4555 = SURFACE_STYLE_FILL_AREA ( #73 ) ;
#4556 = UNCERTAINTY_MEASURE_WITH_UNIT (LENGTH_MEASURE( 1.000000000000000082E-05 ), #2620, 'distance_accuracy_value', 'NONE');
#4557 = ORIENTED_EDGE ( 'NONE', *, *, #5921, .T. ) ;
#4558 = ORIENTED_EDGE ( 'NONE', *, *, #2903, .T. ) ;
#4559 = ADVANCED_FACE ( 'NONE', ( #4766 ), #4125, .T. ) ;
#4560 = PRESENTATION_STYLE_ASSIGNMENT (( #6278 ) ) ;
#4561 = DIRECTION ( 'NONE',  ( 0.000000000000000000, 0.000000000000000000, -1.000000000000000000 ) ) ;
#4562 =( NAMED_UNIT ( * ) SI_UNIT ( $, .STERADIAN. ) SOLID_ANGLE_UNIT ( ) );
#4563 = ORIENTED_EDGE ( 'NONE', *, *, #3013, .F. ) ;
#4564 =( NAMED_UNIT ( * ) SI_UNIT ( $, .STERADIAN. ) SOLID_ANGLE_UNIT ( ) );
#4565 = EDGE_LOOP ( 'NONE', ( #314, #1568, #661, #3238 ) ) ;
#4566 =( NAMED_UNIT ( * ) SI_UNIT ( $, .STERADIAN. ) SOLID_ANGLE_UNIT ( ) );
#4567 = CARTESIAN_POINT ( 'NONE',  ( 0.2024999999999997635, 2.599999999999999645, -0.5153054482615858634 ) ) ;
#4568 = AXIS2_PLACEMENT_3D ( 'NONE', #3732, #2135, #413 ) ;
#4569 = FILL_AREA_STYLE ('',( #3976 ) ) ;
#4570 =( LENGTH_UNIT ( ) NAMED_UNIT ( * ) SI_UNIT ( .MILLI., .METRE. ) );
#4571 = DIRECTION ( 'NONE',  ( 0.000000000000000000, 0.4773021410712616763, -0.8787392480871611955 ) ) ;
#4572 = FILL_AREA_STYLE_COLOUR ( '', #5683 ) ;
#4573 = CYLINDRICAL_SURFACE ( 'NONE', #5720, 0.2000000000000002054 ) ;
#4574 = MECHANICAL_DESIGN_GEOMETRIC_PRESENTATION_REPRESENTATION (  '', ( #4814 ), #1270 ) ;
#4575 = DIRECTION ( 'NONE',  ( 0.000000000000000000, 1.000000000000000000, 0.000000000000000000 ) ) ;
#4576 = DIRECTION ( 'NONE',  ( 1.000000000000000000, 0.000000000000000000, 0.000000000000000000 ) ) ;
#4577 = MECHANICAL_DESIGN_GEOMETRIC_PRESENTATION_REPRESENTATION (  '', ( #3283 ), #5183 ) ;
#4578 = ORIENTED_EDGE ( 'NONE', *, *, #772, .F. ) ;
#4579 = SURFACE_STYLE_FILL_AREA ( #5186 ) ;
#4580 = AXIS2_PLACEMENT_3D ( 'NONE', #7188, #2120, #1571 ) ;
#4581 = PLANE ( 'NONE',  #1624 ) ;
#4582 = ORIENTED_EDGE ( 'NONE', *, *, #2955, .F. ) ;
#4583 = SURFACE_STYLE_FILL_AREA ( #5226 ) ;
#4584 = EDGE_CURVE ( 'NONE', #5797, #3851, #2572, .T. ) ;
#4585 =( GEOMETRIC_REPRESENTATION_CONTEXT ( 3 ) GLOBAL_UNCERTAINTY_ASSIGNED_CONTEXT ( ( #2053 ) ) GLOBAL_UNIT_ASSIGNED_CONTEXT ( ( #2936, #5209, #1365 ) ) REPRESENTATION_CONTEXT ( 'NONE', 'WORKASPACE' ) );
#4586 = SURFACE_STYLE_USAGE ( .BOTH. , #1346 ) ;
#4587 = EDGE_CURVE ( 'NONE', #3564, #2853, #1049, .T. ) ;
#4588 = VECTOR ( 'NONE', #5070, 1000.000000000000000 ) ;
#4589 = EDGE_CURVE ( 'NONE', #3320, #823, #3172, .T. ) ;
#4590 = DIRECTION ( 'NONE',  ( 0.1039620511844975281, 0.1039620511844983192, 0.9891328443778538704 ) ) ;
#4591 = ORIENTED_EDGE ( 'NONE', *, *, #7138, .F. ) ;
#4592 = LINE ( 'NONE', #6885, #860 ) ;
#4593 = FILL_AREA_STYLE ('',( #2918 ) ) ;
#4594 = FILL_AREA_STYLE ('',( #5639 ) ) ;
#4595 = ORIENTED_EDGE ( 'NONE', *, *, #2421, .F. ) ;
#4596 = VECTOR ( 'NONE', #1953, 1000.000000000000114 ) ;
#4597 = SURFACE_STYLE_USAGE ( .BOTH. , #5547 ) ;
#4598 = SURFACE_SIDE_STYLE ('',( #6351 ) ) ;
#4599 = FACE_OUTER_BOUND ( 'NONE', #5721, .T. ) ;
#4600 = DIRECTION ( 'NONE',  ( 0.000000000000000000, -1.000000000000000000, 0.000000000000000000 ) ) ;
#4601 = EDGE_CURVE ( 'NONE', #3151, #6105, #3770, .T. ) ;
#4602 = CARTESIAN_POINT ( 'NONE',  ( -1.097500000000000142, 2.796534186440551739, -0.4764328467078229323 ) ) ;
#4603 = SURFACE_SIDE_STYLE ('',( #5178 ) ) ;
#4604 = PLANE ( 'NONE',  #5543 ) ;
#4605 = PLANE ( 'NONE',  #5927 ) ;
#4606 = CARTESIAN_POINT ( 'NONE',  ( -1.382282424338301841, -2.082282424338301130, 0.4750000000000000333 ) ) ;
#4607 = PRESENTATION_LAYER_ASSIGNMENT (  '', '', ( #1083 ) ) ;
#4608 = SURFACE_STYLE_FILL_AREA ( #5212 ) ;
#4609 = VECTOR ( 'NONE', #5760, 1000.000000000000000 ) ;
#4610 = ORIENTED_EDGE ( 'NONE', *, *, #1704, .T. ) ;
#4611 = MECHANICAL_DESIGN_GEOMETRIC_PRESENTATION_REPRESENTATION (  '', ( #6856 ), #6528 ) ;
#4612 = VECTOR ( 'NONE', #5168, 1000.000000000000000 ) ;
#4613 = LINE ( 'NONE', #4096, #4707 ) ;
#4614 = CIRCLE ( 'NONE', #1784, 0.07499999999999980294 ) ;
#4615 = CARTESIAN_POINT ( 'NONE',  ( -1.382282424338301841, 0.000000000000000000, -0.5500000000000000444 ) ) ;
#4616 = ORIENTED_EDGE ( 'NONE', *, *, #5562, .T. ) ;
#4617 = COLOUR_RGB ( '',0.8039215686274510109, 0.8039215686274510109, 0.8039215686274510109 ) ;
#4618 = SURFACE_SIDE_STYLE ('',( #4583 ) ) ;
#4619 = PRESENTATION_LAYER_ASSIGNMENT (  '', '', ( #2966 ) ) ;
#4620 = SURFACE_STYLE_USAGE ( .BOTH. , #29 ) ;
#4621 =( NAMED_UNIT ( * ) PLANE_ANGLE_UNIT ( ) SI_UNIT ( $, .RADIAN. ) );
#4622 = EDGE_CURVE ( 'NONE', #5402, #4651, #3247, .T. ) ;
#4623 =( NAMED_UNIT ( * ) SI_UNIT ( $, .STERADIAN. ) SOLID_ANGLE_UNIT ( ) );
#4624 = UNCERTAINTY_MEASURE_WITH_UNIT (LENGTH_MEASURE( 1.000000000000000082E-05 ), #4465, 'distance_accuracy_value', 'NONE');
#4625 = AXIS2_PLACEMENT_3D ( 'NONE', #2648, #6099, #4994 ) ;
#4626 = ORIENTED_EDGE ( 'NONE', *, *, #726, .F. ) ;
#4627 = FILL_AREA_STYLE_COLOUR ( '', #6460 ) ;
#4628 = EDGE_CURVE ( 'NONE', #5772, #394, #7243, .T. ) ;
#4629 =( NAMED_UNIT ( * ) SI_UNIT ( $, .STERADIAN. ) SOLID_ANGLE_UNIT ( ) );
#4630 = ORIENTED_EDGE ( 'NONE', *, *, #4854, .F. ) ;
#4631 = DIRECTION ( 'NONE',  ( 1.000000000000000000, 0.000000000000000000, 0.000000000000000000 ) ) ;
#4632 = EDGE_LOOP ( 'NONE', ( #3047, #7088 ) ) ;
#4633 = CARTESIAN_POINT ( 'NONE',  ( -1.382282424338301841, 2.199999999999999289, -0.4750000000000000333 ) ) ;
#4634 =( GEOMETRIC_REPRESENTATION_CONTEXT ( 3 ) GLOBAL_UNCERTAINTY_ASSIGNED_CONTEXT ( ( #352 ) ) GLOBAL_UNIT_ASSIGNED_CONTEXT ( ( #455, #668, #3856 ) ) REPRESENTATION_CONTEXT ( 'NONE', 'WORKASPACE' ) );
#4635 = CARTESIAN_POINT ( 'NONE',  ( 1.449812727660638956, -2.082282424338300686, 0.5500000000000000444 ) ) ;
#4636 =( LENGTH_UNIT ( ) NAMED_UNIT ( * ) SI_UNIT ( .MILLI., .METRE. ) );
#4637 =( NAMED_UNIT ( * ) PLANE_ANGLE_UNIT ( ) SI_UNIT ( $, .RADIAN. ) );
#4638 = PRESENTATION_STYLE_ASSIGNMENT (( #1319 ) ) ;
#4639 = CARTESIAN_POINT ( 'NONE',  ( 0.2024999999999997635, 2.199999999999999289, -0.07249999999999999500 ) ) ;
#4640 = DIRECTION ( 'NONE',  ( 1.000000000000000000, 0.000000000000000000, 0.000000000000000000 ) ) ;
#4641 = EDGE_LOOP ( 'NONE', ( #5840, #5791, #2360, #1054, #6151, #349 ) ) ;
#4642 = ORIENTED_EDGE ( 'NONE', *, *, #5165, .T. ) ;
#4643 = ADVANCED_FACE ( 'NONE', ( #3697 ), #6087, .T. ) ;
#4644 = DIRECTION ( 'NONE',  ( 1.000000000000000000, 0.000000000000000000, 0.000000000000000000 ) ) ;
#4645 = PLANE ( 'NONE',  #482 ) ;
#4646 = CARTESIAN_POINT ( 'NONE',  ( 1.097499999999999698, -2.803509833814964214, -0.3766764416818402239 ) ) ;
#4647 = FACE_OUTER_BOUND ( 'NONE', #1033, .T. ) ;
#4648 = CARTESIAN_POINT ( 'NONE',  ( -0.4475000000000001754, 3.199999999999999289, -0.6499999999999998002 ) ) ;
#4649 = EDGE_CURVE ( 'NONE', #104, #6666, #2671, .T. ) ;
#4650 =( GEOMETRIC_REPRESENTATION_CONTEXT ( 3 ) GLOBAL_UNCERTAINTY_ASSIGNED_CONTEXT ( ( #3685 ) ) GLOBAL_UNIT_ASSIGNED_CONTEXT ( ( #4490, #3319, #2863 ) ) REPRESENTATION_CONTEXT ( 'NONE', 'WORKASPACE' ) );
#4651 = VERTEX_POINT ( 'NONE', #4385 ) ;
#4652 = DIRECTION ( 'NONE',  ( -0.000000000000000000, 0.000000000000000000, -1.000000000000000000 ) ) ;
#4653 = PLANE ( 'NONE',  #3184 ) ;
#4654 = DIRECTION ( 'NONE',  ( 1.000000000000000000, 0.000000000000000000, 0.000000000000000000 ) ) ;
#4655 = PRESENTATION_STYLE_ASSIGNMENT (( #6340 ) ) ;
#4656 = ORIENTED_EDGE ( 'NONE', *, *, #4, .F. ) ;
#4657 = CARTESIAN_POINT ( 'NONE',  ( 0.2024999999999997635, -2.326767216444461273, 0.07249999999999999500 ) ) ;
#4658 = SURFACE_STYLE_USAGE ( .BOTH. , #1818 ) ;
#4659 = AXIS2_PLACEMENT_3D ( 'NONE', #5269, #3530, #5751 ) ;
#4660 = EDGE_CURVE ( 'NONE', #2076, #1353, #7283, .T. ) ;
#4661 =( LENGTH_UNIT ( ) NAMED_UNIT ( * ) SI_UNIT ( .MILLI., .METRE. ) );
#4662 = AXIS2_PLACEMENT_3D ( 'NONE', #3663, #5442, #2613 ) ;
#4663 = ORIENTED_EDGE ( 'NONE', *, *, #6127, .F. ) ;
#4664 = CARTESIAN_POINT ( 'NONE',  ( 0.8524999999999997025, 2.715635909006247850, -0.4244066557889664137 ) ) ;
#4665 = ORIENTED_EDGE ( 'NONE', *, *, #2324, .T. ) ;
#4666 = DIRECTION ( 'NONE',  ( 0.000000000000000000, 0.4773021410712618984, 0.8787392480871610845 ) ) ;
#4667 = CARTESIAN_POINT ( 'NONE',  ( 0.2024999999999997635, -3.199999999999999289, -0.5046459247782298929 ) ) ;
#4668 = SURFACE_STYLE_FILL_AREA ( #2411 ) ;
#4669 = SURFACE_STYLE_FILL_AREA ( #848 ) ;
#4670 = FILL_AREA_STYLE_COLOUR ( '', #971 ) ;
#4671 = SURFACE_STYLE_FILL_AREA ( #219 ) ;
#4672 = DIRECTION ( 'NONE',  ( 0.000000000000000000, 0.9975640502598241977, -0.06975647374412530244 ) ) ;
#4673 = ORIENTED_EDGE ( 'NONE', *, *, #6122, .F. ) ;
#4674 = ORIENTED_EDGE ( 'NONE', *, *, #2197, .T. ) ;
#4675 =( NAMED_UNIT ( * ) PLANE_ANGLE_UNIT ( ) SI_UNIT ( $, .RADIAN. ) );
#4676 = LINE ( 'NONE', #3584, #878 ) ;
#4677 = CARTESIAN_POINT ( 'NONE',  ( -0.8525000000000001465, -2.299999999999999378, -0.07249999999999999500 ) ) ;
#4678 = EDGE_CURVE ( 'NONE', #4372, #6426, #6513, .T. ) ;
#4679 = CARTESIAN_POINT ( 'NONE',  ( -1.097500000000000142, 2.387873924808715298, -0.1247697858928739911 ) ) ;
#4680 = CARTESIAN_POINT ( 'NONE',  ( -1.097500000000000142, -2.199999999999999289, -0.07249999999999999500 ) ) ;
#4681 = EDGE_CURVE ( 'NONE', #4420, #7196, #2786, .T. ) ;
#4682 = LINE ( 'NONE', #6402, #6198 ) ;
#4683 = AXIS2_PLACEMENT_3D ( 'NONE', #340, #3133, #6586 ) ;
#4684 = ORIENTED_EDGE ( 'NONE', *, *, #677, .F. ) ;
#4685 = CARTESIAN_POINT ( 'NONE',  ( -0.4475000000000001754, 2.299999999999999378, -0.1724999999999999867 ) ) ;
#4686 = CARTESIAN_POINT ( 'NONE',  ( 0.8524999999999997025, 2.299999999999999378, -0.07249999999999999500 ) ) ;
#4687 = EDGE_CURVE ( 'NONE', #2651, #823, #3397, .T. ) ;
#4688 = CARTESIAN_POINT ( 'NONE',  ( 0.8524999999999997025, -2.761796554868606535, -0.6193578300992984564 ) ) ;
#4689 =( NAMED_UNIT ( * ) SI_UNIT ( $, .STERADIAN. ) SOLID_ANGLE_UNIT ( ) );
#4690 = MECHANICAL_DESIGN_GEOMETRIC_PRESENTATION_REPRESENTATION (  '', ( #5434 ), #7073 ) ;
#4691 = ORIENTED_EDGE ( 'NONE', *, *, #5885, .T. ) ;
#4692 = DIRECTION ( 'NONE',  ( 0.000000000000000000, -1.000000000000000000, 0.000000000000000000 ) ) ;
#4693 = DIRECTION ( 'NONE',  ( 0.000000000000000000, -1.000000000000000000, 0.000000000000000000 ) ) ;
#4694 = MECHANICAL_DESIGN_GEOMETRIC_PRESENTATION_REPRESENTATION (  '', ( #3171 ), #1863 ) ;
#4695 = DIRECTION ( 'NONE',  ( -1.000000000000000000, 0.000000000000000000, -0.000000000000000000 ) ) ;
#4696 = CARTESIAN_POINT ( 'NONE',  ( -0.8525000000000001465, -2.599999999999999645, -0.5153054482615858634 ) ) ;
#4697 = UNCERTAINTY_MEASURE_WITH_UNIT (LENGTH_MEASURE( 1.000000000000000082E-05 ), #5014, 'distance_accuracy_value', 'NONE');
#4698 = ORIENTED_EDGE ( 'NONE', *, *, #3969, .F. ) ;
#4699 = PLANE ( 'NONE',  #4659 ) ;
#4700 = DIRECTION ( 'NONE',  ( 0.000000000000000000, 0.000000000000000000, -1.000000000000000000 ) ) ;
#4701 =( GEOMETRIC_REPRESENTATION_CONTEXT ( 3 ) GLOBAL_UNCERTAINTY_ASSIGNED_CONTEXT ( ( #2565 ) ) GLOBAL_UNIT_ASSIGNED_CONTEXT ( ( #1071, #3203, #7269 ) ) REPRESENTATION_CONTEXT ( 'NONE', 'WORKASPACE' ) );
#4702 = CARTESIAN_POINT ( 'NONE',  ( 0.4474999999999997868, -2.599999999999999645, -0.5153054482615858634 ) ) ;
#4703 = SPHERICAL_SURFACE ( 'NONE', #2909, 0.07499999999999999722 ) ;
#4704 = CARTESIAN_POINT ( 'NONE',  ( -1.382282424338301841, -2.082282424338301130, -0.4750000000000000333 ) ) ;
#4705 = CARTESIAN_POINT ( 'NONE',  ( -1.097500000000000142, 2.796534186440551739, -0.4764328467078229323 ) ) ;
#4706 = UNCERTAINTY_MEASURE_WITH_UNIT (LENGTH_MEASURE( 1.000000000000000082E-05 ), #6678, 'distance_accuracy_value', 'NONE');
#4707 = VECTOR ( 'NONE', #2989, 1000.000000000000114 ) ;
#4708 = PRESENTATION_LAYER_ASSIGNMENT (  '', '', ( #1527 ) ) ;
#4709 = CARTESIAN_POINT ( 'NONE',  ( -1.425409738600888154, -2.199998880753507802, 0.07251064891903699627 ) ) ;
#4710 =( LENGTH_UNIT ( ) NAMED_UNIT ( * ) SI_UNIT ( .MILLI., .METRE. ) );
#4711 = ORIENTED_EDGE ( 'NONE', *, *, #1451, .F. ) ;
#4712 = ORIENTED_EDGE ( 'NONE', *, *, #4012, .F. ) ;
#4713 = FACE_OUTER_BOUND ( 'NONE', #425, .T. ) ;
#4714 = PRESENTATION_LAYER_ASSIGNMENT (  '', '', ( #6047 ) ) ;
#4715 = MECHANICAL_DESIGN_GEOMETRIC_PRESENTATION_REPRESENTATION (  '', ( #18 ), #1532 ) ;
#4716 = CARTESIAN_POINT ( 'NONE',  ( -0.4475000000000001754, 2.326767216444461273, 0.07249999999999999500 ) ) ;
#4717 =( NAMED_UNIT ( * ) PLANE_ANGLE_UNIT ( ) SI_UNIT ( $, .RADIAN. ) );
#4718 =( NAMED_UNIT ( * ) PLANE_ANGLE_UNIT ( ) SI_UNIT ( $, .RADIAN. ) );
#4719 = PRESENTATION_STYLE_ASSIGNMENT (( #193 ) ) ;
#4720 = CARTESIAN_POINT ( 'NONE',  ( -1.393792701098379494, 2.168381843250998475, 0.3733266666807281142 ) ) ;
#4721 = STYLED_ITEM ( 'NONE', ( #3674 ), #55 ) ;
#4722 = CARTESIAN_POINT ( 'NONE',  ( -1.499999626916908912, -2.125273160256225591, 0.07250354964850755368 ) ) ;
#4723 = EDGE_CURVE ( 'NONE', #7115, #2535, #2703, .T. ) ;
#4724 =( NAMED_UNIT ( * ) SI_UNIT ( $, .STERADIAN. ) SOLID_ANGLE_UNIT ( ) );
#4725 = ADVANCED_FACE ( 'NONE', ( #6825 ), #480, .T. ) ;
#4726 = ORIENTED_EDGE ( 'NONE', *, *, #965, .T. ) ;
#4727 = DIRECTION ( 'NONE',  ( -1.000000000000000000, -6.077559477998646463E-16, 5.782411586589353300E-15 ) ) ;
#4728 = DIRECTION ( 'NONE',  ( 1.000000000000000000, 0.000000000000000000, 0.000000000000000000 ) ) ;
#4729 = PRESENTATION_STYLE_ASSIGNMENT (( #3711 ) ) ;
#4730 =( BOUNDED_CURVE ( )  B_SPLINE_CURVE ( 3, ( #3189, #6027, #922, #4296 ),
 .UNSPECIFIED., .F., .T. ) 
 B_SPLINE_CURVE_WITH_KNOTS ( ( 4, 4 ),
 ( 3.141592653589793116, 3.147055862111332036 ),
 .UNSPECIFIED. ) 
 CURVE ( )  GEOMETRIC_REPRESENTATION_ITEM ( )  RATIONAL_B_SPLINE_CURVE ( ( 1.000000000000000000, 0.9999975127809339615, 0.9999975127809339615, 1.000000000000000000 ) ) 
 REPRESENTATION_ITEM ( '' )  );
#4731 = STYLED_ITEM ( 'NONE', ( #1567 ), #3509 ) ;
#4732 = SURFACE_STYLE_FILL_AREA ( #2472 ) ;
#4733 = COLOUR_RGB ( '',0.8039215686274510109, 0.8039215686274510109, 0.8039215686274510109 ) ;
#4734 =( GEOMETRIC_REPRESENTATION_CONTEXT ( 3 ) GLOBAL_UNCERTAINTY_ASSIGNED_CONTEXT ( ( #1308 ) ) GLOBAL_UNIT_ASSIGNED_CONTEXT ( ( #2369, #5270, #4629 ) ) REPRESENTATION_CONTEXT ( 'NONE', 'WORKASPACE' ) );
#4735 = VERTEX_POINT ( 'NONE', #2178 ) ;
#4736 = DIRECTION ( 'NONE',  ( 1.000000000000000000, 0.000000000000000000, 0.000000000000000000 ) ) ;
#4737 = EDGE_CURVE ( 'NONE', #2010, #4816, #1147, .T. ) ;
#4738 = STYLED_ITEM ( 'NONE', ( #3196 ), #361 ) ;
#4739 = STYLED_ITEM ( 'NONE', ( #7152 ), #6411 ) ;
#4740 = VECTOR ( 'NONE', #5903, 1000.000000000000114 ) ;
#4741 =( GEOMETRIC_REPRESENTATION_CONTEXT ( 3 ) GLOBAL_UNCERTAINTY_ASSIGNED_CONTEXT ( ( #6927 ) ) GLOBAL_UNIT_ASSIGNED_CONTEXT ( ( #6401, #3514, #1290 ) ) REPRESENTATION_CONTEXT ( 'NONE', 'WORKASPACE' ) );
#4742 = VERTEX_POINT ( 'NONE', #5540 ) ;
#4743 = DIRECTION ( 'NONE',  ( 1.000000000000000000, 0.000000000000000000, 0.000000000000000000 ) ) ;
#4744 = DIRECTION ( 'NONE',  ( 1.000000000000000000, 0.000000000000000000, 0.000000000000000000 ) ) ;
#4745 =( NAMED_UNIT ( * ) PLANE_ANGLE_UNIT ( ) SI_UNIT ( $, .RADIAN. ) );
#4746 = PRESENTATION_STYLE_ASSIGNMENT (( #6888 ) ) ;
#4747 = PRESENTATION_LAYER_ASSIGNMENT (  '', '', ( #3814 ) ) ;
#4748 =( LENGTH_UNIT ( ) NAMED_UNIT ( * ) SI_UNIT ( .MILLI., .METRE. ) );
#4749 = VECTOR ( 'NONE', #6671, 1000.000000000000000 ) ;
#4750 = STYLED_ITEM ( 'NONE', ( #664 ), #2301 ) ;
#4751 = LINE ( 'NONE', #5832, #1136 ) ;
#4752 = CIRCLE ( 'NONE', #2379, 0.09999999999999979738 ) ;
#4753 = FILL_AREA_STYLE ('',( #2446 ) ) ;
#4754 = FILL_AREA_STYLE ('',( #6 ) ) ;
#4755 = CIRCLE ( 'NONE', #7121, 0.09999999999999979738 ) ;
#4756 = CARTESIAN_POINT ( 'NONE',  ( 0.4474999999999997868, 2.299999999999999378, -0.07249999999999999500 ) ) ;
#4757 = EDGE_LOOP ( 'NONE', ( #4914, #5427, #3113, #3034 ) ) ;
#4758 = ORIENTED_EDGE ( 'NONE', *, *, #6215, .F. ) ;
#4759 = SURFACE_STYLE_USAGE ( .BOTH. , #5875 ) ;
#4760 = AXIS2_PLACEMENT_3D ( 'NONE', #2238, #554, #2817 ) ;
#4761 =( LENGTH_UNIT ( ) NAMED_UNIT ( * ) SI_UNIT ( .MILLI., .METRE. ) );
#4762 = CARTESIAN_POINT ( 'NONE',  ( 0.8524999999999997025, -3.199999999999999289, -0.6499999999999998002 ) ) ;
#4763 = AXIS2_PLACEMENT_3D ( 'NONE', #3654, #4123, #6395 ) ;
#4764 = DIRECTION ( 'NONE',  ( 0.000000000000000000, -1.000000000000000000, 0.000000000000000000 ) ) ;
#4765 = VECTOR ( 'NONE', #4728, 1000.000000000000000 ) ;
#4766 = FACE_OUTER_BOUND ( 'NONE', #7150, .T. ) ;
#4767 = CARTESIAN_POINT ( 'NONE',  ( -1.499998880753508512, -2.125409738600888332, -0.07251064891903702403 ) ) ;
#4768 = PRESENTATION_STYLE_ASSIGNMENT (( #5371 ) ) ;
#4769 = VECTOR ( 'NONE', #6556, 1000.000000000000000 ) ;
#4770 = ORIENTED_EDGE ( 'NONE', *, *, #94, .T. ) ;
#4771 =( LENGTH_UNIT ( ) NAMED_UNIT ( * ) SI_UNIT ( .MILLI., .METRE. ) );
#4772 = DIRECTION ( 'NONE',  ( 0.000000000000000000, 0.000000000000000000, 1.000000000000000000 ) ) ;
#4773 = CARTESIAN_POINT ( 'NONE',  ( 0.8524999999999997025, -2.326767216444461273, 0.07249999999999999500 ) ) ;
#4774 = CARTESIAN_POINT ( 'NONE',  ( 1.097499999999999698, -2.299999999999999378, -0.07249999999999999500 ) ) ;
#4775 = COLOUR_RGB ( '',0.2862745098039215508, 0.2862745098039215508, 0.2862745098039215508 ) ;
#4776 = ORIENTED_EDGE ( 'NONE', *, *, #4737, .T. ) ;
#4777 = ADVANCED_FACE ( 'NONE', ( #3314 ), #2750, .F. ) ;
#4778 = ADVANCED_FACE ( 'NONE', ( #43 ), #5054, .F. ) ;
#4779 =( NAMED_UNIT ( * ) SI_UNIT ( $, .STERADIAN. ) SOLID_ANGLE_UNIT ( ) );
#4780 = SURFACE_STYLE_USAGE ( .BOTH. , #2622 ) ;
#4781 = UNCERTAINTY_MEASURE_WITH_UNIT (LENGTH_MEASURE( 1.000000000000000082E-05 ), #7162, 'distance_accuracy_value', 'NONE');
#4782 = ADVANCED_FACE ( 'NONE', ( #4599 ), #2491, .F. ) ;
#4783 = VERTEX_POINT ( 'NONE', #1251 ) ;
#4784 = SURFACE_STYLE_USAGE ( .BOTH. , #2526 ) ;
#4785 = CARTESIAN_POINT ( 'NONE',  ( 0.4474999999999997868, 2.299999999999999378, -0.1724999999999999867 ) ) ;
#4786 =( LENGTH_UNIT ( ) NAMED_UNIT ( * ) SI_UNIT ( .MILLI., .METRE. ) );
#4787 = CARTESIAN_POINT ( 'NONE',  ( 0.8524999999999997025, 2.761796554868606535, -0.6193578300992984564 ) ) ;
#4788 = DIRECTION ( 'NONE',  ( 1.000000000000000000, 0.000000000000000000, 0.000000000000000000 ) ) ;
#4789 = PRESENTATION_STYLE_ASSIGNMENT (( #6108 ) ) ;
#4790 =( NAMED_UNIT ( * ) PLANE_ANGLE_UNIT ( ) SI_UNIT ( $, .RADIAN. ) );
#4791 = UNCERTAINTY_MEASURE_WITH_UNIT (LENGTH_MEASURE( 1.000000000000000082E-05 ), #2290, 'distance_accuracy_value', 'NONE');
#4792 = CYLINDRICAL_SURFACE ( 'NONE', #609, 0.1000000000000001582 ) ;
#4793 = CARTESIAN_POINT ( 'NONE',  ( 1.499998880753507846, -2.125409738600887444, -0.07251064891903699627 ) ) ;
#4794 = UNCERTAINTY_MEASURE_WITH_UNIT (LENGTH_MEASURE( 1.000000000000000082E-05 ), #3788, 'distance_accuracy_value', 'NONE');
#4795 = EDGE_CURVE ( 'NONE', #6650, #5874, #667, .T. ) ;
#4796 =( NAMED_UNIT ( * ) PLANE_ANGLE_UNIT ( ) SI_UNIT ( $, .RADIAN. ) );
#4797 = ORIENTED_EDGE ( 'NONE', *, *, #4921, .T. ) ;
#4798 = ORIENTED_EDGE ( 'NONE', *, *, #3065, .F. ) ;
#4799 = CARTESIAN_POINT ( 'NONE',  ( 0.8524999999999997025, 3.199999999999999289, -0.5046459247782298929 ) ) ;
#4800 = CARTESIAN_POINT ( 'NONE',  ( -0.4475000000000001754, -2.761796554868606535, -0.6193578300992984564 ) ) ;
#4801 = DIRECTION ( 'NONE',  ( -0.000000000000000000, -0.000000000000000000, 1.000000000000000000 ) ) ;
#4802 = FACE_OUTER_BOUND ( 'NONE', #6158, .T. ) ;
#4803 = CARTESIAN_POINT ( 'NONE',  ( -1.097500000000000142, 2.502515066061893556, -0.03203957178574777520 ) ) ;
#4804 = CARTESIAN_POINT ( 'NONE',  ( -0.9422824243383021159, -1.642282424338300739, -0.08225396744416157979 ) ) ;
#4805 = DIRECTION ( 'NONE',  ( 1.000000000000000000, 0.000000000000000000, 0.000000000000000000 ) ) ;
#4806 = ORIENTED_EDGE ( 'NONE', *, *, #3013, .T. ) ;
#4807 = CARTESIAN_POINT ( 'NONE',  ( 1.382282424338300952, -2.082282424338301130, -0.5500000000000000444 ) ) ;
#4808 = UNCERTAINTY_MEASURE_WITH_UNIT (LENGTH_MEASURE( 1.000000000000000082E-05 ), #5632, 'distance_accuracy_value', 'NONE');
#4809 = SURFACE_STYLE_USAGE ( .BOTH. , #2546 ) ;
#4810 = CARTESIAN_POINT ( 'NONE',  ( 0.8524999999999997025, -2.299999999999999378, -0.1724999999999999867 ) ) ;
#4811 = DIRECTION ( 'NONE',  ( 0.000000000000000000, 1.000000000000000000, 0.000000000000000000 ) ) ;
#4812 = AXIS2_PLACEMENT_3D ( 'NONE', #4303, #5506, #2060 ) ;
#4813 = ORIENTED_EDGE ( 'NONE', *, *, #877, .F. ) ;
#4814 = STYLED_ITEM ( 'NONE', ( #2951 ), #4371 ) ;
#4815 = EDGE_CURVE ( 'NONE', #3557, #1022, #3575, .T. ) ;
#4816 = VERTEX_POINT ( 'NONE', #6439 ) ;
#4817 =( NAMED_UNIT ( * ) PLANE_ANGLE_UNIT ( ) SI_UNIT ( $, .RADIAN. ) );
#4818 =( NAMED_UNIT ( * ) SI_UNIT ( $, .STERADIAN. ) SOLID_ANGLE_UNIT ( ) );
#4819 = EDGE_CURVE ( 'NONE', #5280, #1376, #3503, .T. ) ;
#4820 = CARTESIAN_POINT ( 'NONE',  ( 0.8524999999999997025, -2.775747849617431928, -0.4198450200473335392 ) ) ;
#4821 = EDGE_CURVE ( 'NONE', #1265, #3782, #3616, .T. ) ;
#4822 = CARTESIAN_POINT ( 'NONE',  ( 0.8524999999999997025, 2.299999999999999378, -0.1724999999999999867 ) ) ;
#4823 = PRESENTATION_STYLE_ASSIGNMENT (( #7079 ) ) ;
#4824 = DIRECTION ( 'NONE',  ( 1.000000000000000000, 0.000000000000000000, 0.000000000000000000 ) ) ;
#4825 = MECHANICAL_DESIGN_GEOMETRIC_PRESENTATION_REPRESENTATION (  '', ( #1287 ), #4464 ) ;
#4826 = EDGE_LOOP ( 'NONE', ( #1371, #7226, #3109, #5031 ) ) ;
#4827 = EDGE_LOOP ( 'NONE', ( #4684, #6250, #328, #1123 ) ) ;
#4828 = PRESENTATION_STYLE_ASSIGNMENT (( #2168 ) ) ;
#4829 = CARTESIAN_POINT ( 'NONE',  ( 0.2024999999999997635, -2.715635909006247850, -0.4244066557889664137 ) ) ;
#4830 = DIRECTION ( 'NONE',  ( 1.000000000000000000, 0.000000000000000000, 0.000000000000000000 ) ) ;
#4831 = COLOUR_RGB ( '',0.2862745098039215508, 0.2862745098039215508, 0.2862745098039215508 ) ;
#4832 = STYLED_ITEM ( 'NONE', ( #3630 ), #2070 ) ;
#4833 = CARTESIAN_POINT ( 'NONE',  ( 0.2024999999999997635, 2.775747849617431928, -0.4198450200473335392 ) ) ;
#4834 = CARTESIAN_POINT ( 'NONE',  ( -0.8525000000000001465, -3.199999999999999289, -0.5046459247782298929 ) ) ;
#4835 = ORIENTED_EDGE ( 'NONE', *, *, #7065, .F. ) ;
#4836 = CARTESIAN_POINT ( 'NONE',  ( -0.4475000000000001754, -2.299999999999999378, -0.1724999999999999867 ) ) ;
#4837 = EDGE_LOOP ( 'NONE', ( #2327, #89, #4861, #2586 ) ) ;
#4838 = FILL_AREA_STYLE ('',( #3738 ) ) ;
#4839 = FACE_OUTER_BOUND ( 'NONE', #2889, .T. ) ;
#4840 = ORIENTED_EDGE ( 'NONE', *, *, #1839, .F. ) ;
#4841 = FACE_OUTER_BOUND ( 'NONE', #3713, .T. ) ;
#4842 =( GEOMETRIC_REPRESENTATION_CONTEXT ( 3 ) GLOBAL_UNCERTAINTY_ASSIGNED_CONTEXT ( ( #6073 ) ) GLOBAL_UNIT_ASSIGNED_CONTEXT ( ( #4786, #4745, #5453 ) ) REPRESENTATION_CONTEXT ( 'NONE', 'WORKASPACE' ) );
#4843 = CARTESIAN_POINT ( 'NONE',  ( 0.4474999999999997868, 2.761796554868606535, -0.6193578300992984564 ) ) ;
#4844 = FACE_OUTER_BOUND ( 'NONE', #4526, .T. ) ;
#4845 = UNCERTAINTY_MEASURE_WITH_UNIT (LENGTH_MEASURE( 1.000000000000000082E-05 ), #3174, 'distance_accuracy_value', 'NONE');
#4846 = ORIENTED_EDGE ( 'NONE', *, *, #353, .T. ) ;
#4847 =( NAMED_UNIT ( * ) PLANE_ANGLE_UNIT ( ) SI_UNIT ( $, .RADIAN. ) );
#4848 = SURFACE_SIDE_STYLE ('',( #6572 ) ) ;
#4849 = SURFACE_STYLE_FILL_AREA ( #1061 ) ;
#4850 = DIRECTION ( 'NONE',  ( 1.000000000000000000, 0.000000000000000000, 0.000000000000000000 ) ) ;
#4851 = COLOUR_RGB ( '',0.8039215686274510109, 0.8039215686274510109, 0.8039215686274510109 ) ;
#4852 = SURFACE_STYLE_FILL_AREA ( #4930 ) ;
#4853 = CYLINDRICAL_SURFACE ( 'NONE', #5814, 0.09999999999999979738 ) ;
#4854 = EDGE_CURVE ( 'NONE', #3413, #4391, #5175, .T. ) ;
#4855 =( GEOMETRIC_REPRESENTATION_CONTEXT ( 3 ) GLOBAL_UNCERTAINTY_ASSIGNED_CONTEXT ( ( #6436 ) ) GLOBAL_UNIT_ASSIGNED_CONTEXT ( ( #2789, #562, #2141 ) ) REPRESENTATION_CONTEXT ( 'NONE', 'WORKASPACE' ) );
#4856 = FILL_AREA_STYLE ('',( #2597 ) ) ;
#4857 = UNCERTAINTY_MEASURE_WITH_UNIT (LENGTH_MEASURE( 1.000000000000000082E-05 ), #6562, 'distance_accuracy_value', 'NONE');
#4858 = AXIS2_PLACEMENT_3D ( 'NONE', #6314, #4590, #6961 ) ;
#4859 = EDGE_CURVE ( 'NONE', #2655, #3544, #7217, .T. ) ;
#4860 = ORIENTED_EDGE ( 'NONE', *, *, #4185, .T. ) ;
#4861 = ORIENTED_EDGE ( 'NONE', *, *, #229, .F. ) ;
#4862 = PRESENTATION_LAYER_ASSIGNMENT (  '', '', ( #2960 ) ) ;
#4863 =( LENGTH_UNIT ( ) NAMED_UNIT ( * ) SI_UNIT ( .MILLI., .METRE. ) );
#4864 = STYLED_ITEM ( 'NONE', ( #2731 ), #6507 ) ;
#4865 = CARTESIAN_POINT ( 'NONE',  ( 0.2024999999999997635, -2.502515066061893556, -0.03203957178574777520 ) ) ;
#4866 = COLOUR_RGB ( '',0.8039215686274510109, 0.8039215686274510109, 0.8039215686274510109 ) ;
#4867 = SURFACE_STYLE_USAGE ( .BOTH. , #2095 ) ;
#4868 = FILL_AREA_STYLE_COLOUR ( '', #1297 ) ;
#4869 = VECTOR ( 'NONE', #5558, 1000.000000000000000 ) ;
#4870 = COLOUR_RGB ( '',0.2862745098039215508, 0.2862745098039215508, 0.2862745098039215508 ) ;
#4871 = CARTESIAN_POINT ( 'NONE',  ( 1.424999999999999600, 2.124999999999999112, 0.07249999999999999500 ) ) ;
#4872 = CARTESIAN_POINT ( 'NONE',  ( -1.097500000000000142, -2.299999999999999378, -0.07249999999999999500 ) ) ;
#4873 = COLOUR_RGB ( '',0.8039215686274510109, 0.8039215686274510109, 0.8039215686274510109 ) ;
#4874 = ADVANCED_FACE ( 'NONE', ( #185 ), #3684, .T. ) ;
#4875 = PRESENTATION_LAYER_ASSIGNMENT (  '', '', ( #2977 ) ) ;
#4876 = SURFACE_SIDE_STYLE ('',( #4909 ) ) ;
#4877 =( GEOMETRIC_REPRESENTATION_CONTEXT ( 3 ) GLOBAL_UNCERTAINTY_ASSIGNED_CONTEXT ( ( #2333 ) ) GLOBAL_UNIT_ASSIGNED_CONTEXT ( ( #4243, #4885, #1488 ) ) REPRESENTATION_CONTEXT ( 'NONE', 'WORKASPACE' ) );
#4878 = SURFACE_STYLE_FILL_AREA ( #5516 ) ;
#4879 = EDGE_CURVE ( 'NONE', #6589, #5495, #6072, .T. ) ;
#4880 = SURFACE_SIDE_STYLE ('',( #5849 ) ) ;
#4881 = VECTOR ( 'NONE', #3201, 1000.000000000000000 ) ;
#4882 = ORIENTED_EDGE ( 'NONE', *, *, #1988, .T. ) ;
#4883 = MECHANICAL_DESIGN_GEOMETRIC_PRESENTATION_REPRESENTATION (  '', ( #1811 ), #4048 ) ;
#4884 = SURFACE_STYLE_FILL_AREA ( #7102 ) ;
#4885 =( NAMED_UNIT ( * ) PLANE_ANGLE_UNIT ( ) SI_UNIT ( $, .RADIAN. ) );
#4886 = EDGE_CURVE ( 'NONE', #3799, #4264, #5357, .T. ) ;
#4887 = LINE ( 'NONE', #6019, #5586 ) ;
#4888 = VERTEX_POINT ( 'NONE', #436 ) ;
#4889 = CARTESIAN_POINT ( 'NONE',  ( -0.7222824243383022536, -1.642282424338300739, 0.5500000000000000444 ) ) ;
#4890 = COLOUR_RGB ( '',0.8039215686274510109, 0.8039215686274510109, 0.8039215686274510109 ) ;
#4891 = FACE_OUTER_BOUND ( 'NONE', #343, .T. ) ;
#4892 = VERTEX_POINT ( 'NONE', #1979 ) ;
#4893 = SURFACE_STYLE_FILL_AREA ( #5497 ) ;
#4894 = AXIS2_PLACEMENT_3D ( 'NONE', #5907, #218, #6969 ) ;
#4895 = AXIS2_PLACEMENT_3D ( 'NONE', #696, #815, #5313 ) ;
#4896 = LINE ( 'NONE', #5421, #3045 ) ;
#4897 =( LENGTH_UNIT ( ) NAMED_UNIT ( * ) SI_UNIT ( .MILLI., .METRE. ) );
#4898 = SURFACE_STYLE_USAGE ( .BOTH. , #3125 ) ;
#4899 = ORIENTED_EDGE ( 'NONE', *, *, #2107, .T. ) ;
#4900 = ORIENTED_EDGE ( 'NONE', *, *, #1497, .T. ) ;
#4901 = VERTEX_POINT ( 'NONE', #6546 ) ;
#4902 = PLANE ( 'NONE',  #5884 ) ;
#4903 = EDGE_LOOP ( 'NONE', ( #4190, #3529, #7027, #387 ) ) ;
#4904 = LINE ( 'NONE', #4304, #5064 ) ;
#4905 =( NAMED_UNIT ( * ) PLANE_ANGLE_UNIT ( ) SI_UNIT ( $, .RADIAN. ) );
#4906 = AXIS2_PLACEMENT_3D ( 'NONE', #420, #2709, #1549 ) ;
#4907 =( NAMED_UNIT ( * ) SI_UNIT ( $, .STERADIAN. ) SOLID_ANGLE_UNIT ( ) );
#4908 = DIRECTION ( 'NONE',  ( 1.000000000000000000, 0.000000000000000000, 0.000000000000000000 ) ) ;
#4909 = SURFACE_STYLE_FILL_AREA ( #7140 ) ;
#4910 = DIRECTION ( 'NONE',  ( 1.000000000000000000, 0.000000000000000000, -0.000000000000000000 ) ) ;
#4911 = EDGE_CURVE ( 'NONE', #1151, #2975, #2188, .T. ) ;
#4912 = VECTOR ( 'NONE', #1891, 1000.000000000000000 ) ;
#4913 = CARTESIAN_POINT ( 'NONE',  ( -0.2025000000000002076, -2.199999999999999289, 0.07249999999999999500 ) ) ;
#4914 = ORIENTED_EDGE ( 'NONE', *, *, #6596, .T. ) ;
#4915 = EDGE_CURVE ( 'NONE', #6772, #92, #2927, .T. ) ;
#4916 = DIRECTION ( 'NONE',  ( 1.000000000000000000, 0.000000000000000000, 0.000000000000000000 ) ) ;
#4917 = EDGE_CURVE ( 'NONE', #1916, #5428, #6525, .T. ) ;
#4918 =( NAMED_UNIT ( * ) SI_UNIT ( $, .STERADIAN. ) SOLID_ANGLE_UNIT ( ) );
#4919 = DIRECTION ( 'NONE',  ( 1.000000000000000000, 0.000000000000000000, 0.000000000000000000 ) ) ;
#4920 = ORIENTED_EDGE ( 'NONE', *, *, #1929, .F. ) ;
#4921 = EDGE_CURVE ( 'NONE', #97, #6026, #5454, .T. ) ;
#4922 = CIRCLE ( 'NONE', #4812, 0.07499999999999998335 ) ;
#4923 = SURFACE_STYLE_USAGE ( .BOTH. , #3227 ) ;
#4924 = CARTESIAN_POINT ( 'NONE',  ( -1.499998880753508734, 2.125409738600887444, 0.07251064891903695464 ) ) ;
#4925 = ADVANCED_FACE ( 'NONE', ( #7045 ), #2009, .T. ) ;
#4926 = EDGE_CURVE ( 'NONE', #7287, #1265, #2738, .T. ) ;
#4927 = VERTEX_POINT ( 'NONE', #2695 ) ;
#4928 = EDGE_CURVE ( 'NONE', #5465, #6972, #7294, .T. ) ;
#4929 =( GEOMETRIC_REPRESENTATION_CONTEXT ( 3 ) GLOBAL_UNCERTAINTY_ASSIGNED_CONTEXT ( ( #7159 ) ) GLOBAL_UNIT_ASSIGNED_CONTEXT ( ( #5470, #2633, #7163 ) ) REPRESENTATION_CONTEXT ( 'NONE', 'WORKASPACE' ) );
#4930 = FILL_AREA_STYLE ('',( #2086 ) ) ;
#4931 = SURFACE_STYLE_FILL_AREA ( #6499 ) ;
#4932 = CARTESIAN_POINT ( 'NONE',  ( -1.500000000000000444, 2.199999999999999289, -0.07249999999999999500 ) ) ;
#4933 = DIRECTION ( 'NONE',  ( 0.000000000000000000, 0.000000000000000000, -1.000000000000000000 ) ) ;
#4934 = UNCERTAINTY_MEASURE_WITH_UNIT (LENGTH_MEASURE( 1.000000000000000082E-05 ), #6336, 'distance_accuracy_value', 'NONE');
#4935 = ORIENTED_EDGE ( 'NONE', *, *, #1535, .T. ) ;
#4936 = ORIENTED_EDGE ( 'NONE', *, *, #6852, .F. ) ;
#4937 = PLANE ( 'NONE',  #6069 ) ;
#4938 = LINE ( 'NONE', #371, #6244 ) ;
#4939 = SURFACE_SIDE_STYLE ('',( #961 ) ) ;
#4940 = ORIENTED_EDGE ( 'NONE', *, *, #1212, .F. ) ;
#4941 = DIRECTION ( 'NONE',  ( 0.000000000000000000, 0.000000000000000000, -1.000000000000000000 ) ) ;
#4942 = FACE_OUTER_BOUND ( 'NONE', #5268, .T. ) ;
#4943 = STYLED_ITEM ( 'NONE', ( #2691 ), #4288 ) ;
#4944 = CARTESIAN_POINT ( 'NONE',  ( -0.4475000000000001754, 2.599999999999999645, -0.5153054482615858634 ) ) ;
#4945 = SURFACE_SIDE_STYLE ('',( #4878 ) ) ;
#4946 = SURFACE_STYLE_FILL_AREA ( #6090 ) ;
#4947 = ORIENTED_EDGE ( 'NONE', *, *, #6895, .F. ) ;
#4948 = STYLED_ITEM ( 'NONE', ( #3488 ), #716 ) ;
#4949 =( LENGTH_UNIT ( ) NAMED_UNIT ( * ) SI_UNIT ( .MILLI., .METRE. ) );
#4950 = EDGE_CURVE ( 'NONE', #2246, #7108, #5041, .T. ) ;
#4951 = FACE_OUTER_BOUND ( 'NONE', #4000, .T. ) ;
#4952 = VECTOR ( 'NONE', #3629, 1000.000000000000000 ) ;
#4953 = LINE ( 'NONE', #7207, #2489 ) ;
#4954 = FILL_AREA_STYLE_COLOUR ( '', #6309 ) ;
#4955 = ADVANCED_FACE ( 'NONE', ( #2802 ), #4447, .F. ) ;
#4956 = ADVANCED_FACE ( 'NONE', ( #32 ), #5667, .T. ) ;
#4957 = FILL_AREA_STYLE_COLOUR ( '', #4873 ) ;
#4958 = VERTEX_POINT ( 'NONE', #6685 ) ;
#4959 = PRESENTATION_STYLE_ASSIGNMENT (( #5628 ) ) ;
#4960 = DIRECTION ( 'NONE',  ( 1.000000000000000000, 0.000000000000000000, 0.000000000000000000 ) ) ;
#4961 = FACE_OUTER_BOUND ( 'NONE', #5044, .T. ) ;
#4962 = ORIENTED_EDGE ( 'NONE', *, *, #1219, .T. ) ;
#4963 = PLANE ( 'NONE',  #3570 ) ;
#4964 =( GEOMETRIC_REPRESENTATION_CONTEXT ( 3 ) GLOBAL_UNCERTAINTY_ASSIGNED_CONTEXT ( ( #2265 ) ) GLOBAL_UNIT_ASSIGNED_CONTEXT ( ( #6720, #6280, #3497 ) ) REPRESENTATION_CONTEXT ( 'NONE', 'WORKASPACE' ) );
#4965 = EDGE_LOOP ( 'NONE', ( #5087, #5127, #1824, #262 ) ) ;
#4966 = ORIENTED_EDGE ( 'NONE', *, *, #7137, .T. ) ;
#4967 = MECHANICAL_DESIGN_GEOMETRIC_PRESENTATION_REPRESENTATION (  '', ( #2707 ), #2363 ) ;
#4968 = PRESENTATION_STYLE_ASSIGNMENT (( #7129 ) ) ;
#4969 = CIRCLE ( 'NONE', #5934, 0.2000000000000002054 ) ;
#4970 = DIRECTION ( 'NONE',  ( 0.000000000000000000, 0.000000000000000000, -1.000000000000000000 ) ) ;
#4971 = ORIENTED_EDGE ( 'NONE', *, *, #5459, .F. ) ;
#4972 = VECTOR ( 'NONE', #6257, 1000.000000000000227 ) ;
#4973 = DIRECTION ( 'NONE',  ( 1.000000000000000000, -0.000000000000000000, 0.000000000000000000 ) ) ;
#4974 = LINE ( 'NONE', #3131, #5072 ) ;
#4975 = CIRCLE ( 'NONE', #3085, 0.2000000000000000389 ) ;
#4976 =( GEOMETRIC_REPRESENTATION_CONTEXT ( 3 ) GLOBAL_UNCERTAINTY_ASSIGNED_CONTEXT ( ( #816 ) ) GLOBAL_UNIT_ASSIGNED_CONTEXT ( ( #5486, #7103, #970 ) ) REPRESENTATION_CONTEXT ( 'NONE', 'WORKASPACE' ) );
#4977 = MECHANICAL_DESIGN_GEOMETRIC_PRESENTATION_REPRESENTATION (  '', ( #2602 ), #4492 ) ;
#4978 = CARTESIAN_POINT ( 'NONE',  ( 1.382282424338300952, -2.082282424338301130, 0.4750000000000000333 ) ) ;
#4979 = FILL_AREA_STYLE_COLOUR ( '', #6171 ) ;
#4980 = PLANE ( 'NONE',  #4760 ) ;
#4981 = CIRCLE ( 'NONE', #2964, 0.1000000000000001582 ) ;
#4982 = COLOUR_RGB ( '',0.8039215686274510109, 0.8039215686274510109, 0.8039215686274510109 ) ;
#4983 = AXIS2_PLACEMENT_3D ( 'NONE', #3208, #3733, #1438 ) ;
#4984 = PRESENTATION_LAYER_ASSIGNMENT (  '', '', ( #751 ) ) ;
#4985 = PRESENTATION_STYLE_ASSIGNMENT (( #1114 ) ) ;
#4986 = ORIENTED_EDGE ( 'NONE', *, *, #2289, .F. ) ;
#4987 = COLOUR_RGB ( '',0.8039215686274510109, 0.8039215686274510109, 0.8039215686274510109 ) ;
#4988 = FILL_AREA_STYLE ('',( #2313 ) ) ;
#4989 = VECTOR ( 'NONE', #6623, 1000.000000000000114 ) ;
#4990 = FILL_AREA_STYLE ('',( #3878 ) ) ;
#4991 = DIRECTION ( 'NONE',  ( 0.000000000000000000, 0.000000000000000000, -1.000000000000000000 ) ) ;
#4992 = AXIS2_PLACEMENT_3D ( 'NONE', #1966, #2589, #391 ) ;
#4993 = SURFACE_SIDE_STYLE ('',( #59 ) ) ;
#4994 = DIRECTION ( 'NONE',  ( 1.000000000000000000, 0.000000000000000000, 0.000000000000000000 ) ) ;
#4995 = AXIS2_PLACEMENT_3D ( 'NONE', #6041, #1720, #1752 ) ;
#4996 = MANIFOLD_SOLID_BREP ( 'LPattern2', #198 ) ;
#4997 = CARTESIAN_POINT ( 'NONE',  ( -1.456871566490922199, 2.149812727660638689, 0.4828396347450740755 ) ) ;
#4998 = MECHANICAL_DESIGN_GEOMETRIC_PRESENTATION_REPRESENTATION (  '', ( #3583 ), #2392 ) ;
#4999 = CIRCLE ( 'NONE', #6424, 0.2000000000000000389 ) ;
#5000 = ORIENTED_EDGE ( 'NONE', *, *, #4309, .F. ) ;
#5001 =( NAMED_UNIT ( * ) SI_UNIT ( $, .STERADIAN. ) SOLID_ANGLE_UNIT ( ) );
#5002 =( NAMED_UNIT ( * ) SI_UNIT ( $, .STERADIAN. ) SOLID_ANGLE_UNIT ( ) );
#5003 = CARTESIAN_POINT ( 'NONE',  ( -1.425000000000000488, -2.199999999999999289, -0.07249999999999999500 ) ) ;
#5004 = CIRCLE ( 'NONE', #5600, 0.2000000000000002054 ) ;
#5005 = VERTEX_POINT ( 'NONE', #4696 ) ;
#5006 = CARTESIAN_POINT ( 'NONE',  ( 1.382282424338301174, 2.082282424338300686, 0.5500000000000000444 ) ) ;
#5007 = DIRECTION ( 'NONE',  ( -0.9945218953682734009, 0.000000000000000000, -0.1045284632676537068 ) ) ;
#5008 = EDGE_CURVE ( 'NONE', #5960, #6124, #5126, .T. ) ;
#5009 = LINE ( 'NONE', #5075, #3081 ) ;
#5010 = FILL_AREA_STYLE ('',( #2660 ) ) ;
#5011 =( NAMED_UNIT ( * ) SI_UNIT ( $, .STERADIAN. ) SOLID_ANGLE_UNIT ( ) );
#5012 = PRESENTATION_LAYER_ASSIGNMENT (  '', '', ( #5373 ) ) ;
#5013 = LINE ( 'NONE', #573, #1016 ) ;
#5014 =( LENGTH_UNIT ( ) NAMED_UNIT ( * ) SI_UNIT ( .MILLI., .METRE. ) );
#5015 = UNCERTAINTY_MEASURE_WITH_UNIT (LENGTH_MEASURE( 1.000000000000000082E-05 ), #4710, 'distance_accuracy_value', 'NONE');
#5016 = ORIENTED_EDGE ( 'NONE', *, *, #3162, .F. ) ;
#5017 = ORIENTED_EDGE ( 'NONE', *, *, #1141, .F. ) ;
#5018 = MECHANICAL_DESIGN_GEOMETRIC_PRESENTATION_REPRESENTATION (  '', ( #2530 ), #5493 ) ;
#5019 = DIRECTION ( 'NONE',  ( 0.000000000000000000, 0.000000000000000000, 1.000000000000000000 ) ) ;
#5020 = ORIENTED_EDGE ( 'NONE', *, *, #3236, .F. ) ;
#5021 = DIRECTION ( 'NONE',  ( 0.000000000000000000, 0.000000000000000000, -1.000000000000000000 ) ) ;
#5022 = EDGE_CURVE ( 'NONE', #4735, #147, #5348, .T. ) ;
#5023 = CARTESIAN_POINT ( 'NONE',  ( -0.2025000000000002076, 3.199999999999999289, -0.6499999999999998002 ) ) ;
#5024 =( BOUNDED_CURVE ( )  B_SPLINE_CURVE ( 3, ( #6801, #1150, #5583, #2316 ),
 .UNSPECIFIED., .F., .F. ) 
 B_SPLINE_CURVE_WITH_KNOTS ( ( 4, 4 ),
 ( 3.141592653589793116, 3.147055862111332036 ),
 .UNSPECIFIED. ) 
 CURVE ( )  GEOMETRIC_REPRESENTATION_ITEM ( )  RATIONAL_B_SPLINE_CURVE ( ( 1.000000000000000000, 0.9999975127809339615, 0.9999975127809339615, 1.000000000000000000 ) ) 
 REPRESENTATION_ITEM ( '' )  );
#5025 = FILL_AREA_STYLE ('',( #6618 ) ) ;
#5026 = ORIENTED_EDGE ( 'NONE', *, *, #6332, .F. ) ;
#5027 =( LENGTH_UNIT ( ) NAMED_UNIT ( * ) SI_UNIT ( .MILLI., .METRE. ) );
#5028 = CIRCLE ( 'NONE', #432, 0.2000000000000002054 ) ;
#5029 = FILL_AREA_STYLE ('',( #3880 ) ) ;
#5030 = DIRECTION ( 'NONE',  ( 0.000000000000000000, 0.8787392480871611955, 0.4773021410712616763 ) ) ;
#5031 = ORIENTED_EDGE ( 'NONE', *, *, #1348, .T. ) ;
#5032 = DIRECTION ( 'NONE',  ( 1.000000000000000000, 0.000000000000000000, 0.000000000000000000 ) ) ;
#5033 =( LENGTH_UNIT ( ) NAMED_UNIT ( * ) SI_UNIT ( .MILLI., .METRE. ) );
#5034 = ORIENTED_EDGE ( 'NONE', *, *, #626, .T. ) ;
#5035 = SURFACE_STYLE_FILL_AREA ( #2255 ) ;
#5036 = PLANE ( 'NONE',  #1332 ) ;
#5037 = SURFACE_STYLE_USAGE ( .BOTH. , #4057 ) ;
#5038 = LINE ( 'NONE', #3349, #3339 ) ;
#5039 = ADVANCED_FACE ( 'NONE', ( #6376 ), #5163, .T. ) ;
#5040 = CARTESIAN_POINT ( 'NONE',  ( 1.097499999999999698, 3.199999999999999289, -0.6499999999999998002 ) ) ;
#5041 = LINE ( 'NONE', #4479, #6988 ) ;
#5042 = AXIS2_PLACEMENT_3D ( 'NONE', #311, #7169, #446 ) ;
#5043 = ORIENTED_EDGE ( 'NONE', *, *, #4325, .F. ) ;
#5044 = EDGE_LOOP ( 'NONE', ( #5697, #6001, #4971, #678 ) ) ;
#5045 = ADVANCED_FACE ( 'NONE', ( #1201 ), #2911, .F. ) ;
#5046 = CARTESIAN_POINT ( 'NONE',  ( 1.425409738600887266, 2.199998880753507802, 0.07251064891903699627 ) ) ;
#5047 = EDGE_CURVE ( 'NONE', #962, #7277, #806, .T. ) ;
#5048 = CARTESIAN_POINT ( 'NONE',  ( 1.499999999999999556, -2.199999999999999289, 0.07249999999999999500 ) ) ;
#5049 = CARTESIAN_POINT ( 'NONE',  ( -1.097500000000000142, -2.796534186440551739, -0.4764328467078228213 ) ) ;
#5050 = ORIENTED_EDGE ( 'NONE', *, *, #726, .T. ) ;
#5051 = SURFACE_SIDE_STYLE ('',( #1722 ) ) ;
#5052 = DIRECTION ( 'NONE',  ( 0.000000000000000000, -0.1045284632676537068, 0.9945218953682734009 ) ) ;
#5053 = PRESENTATION_STYLE_ASSIGNMENT (( #2814 ) ) ;
#5054 = CYLINDRICAL_SURFACE ( 'NONE', #384, 0.1000000000000001582 ) ;
#5055 = CIRCLE ( 'NONE', #4351, 0.07499999999999998335 ) ;
#5056 = CYLINDRICAL_SURFACE ( 'NONE', #1806, 0.2000000000000000389 ) ;
#5057 =( NAMED_UNIT ( * ) SI_UNIT ( $, .STERADIAN. ) SOLID_ANGLE_UNIT ( ) );
#5058 = FACE_OUTER_BOUND ( 'NONE', #576, .T. ) ;
#5059 = ORIENTED_EDGE ( 'NONE', *, *, #6959, .T. ) ;
#5060 =( GEOMETRIC_REPRESENTATION_CONTEXT ( 3 ) GLOBAL_UNCERTAINTY_ASSIGNED_CONTEXT ( ( #1683 ) ) GLOBAL_UNIT_ASSIGNED_CONTEXT ( ( #1605, #1530, #1031 ) ) REPRESENTATION_CONTEXT ( 'NONE', 'WORKASPACE' ) );
#5061 = EDGE_CURVE ( 'NONE', #509, #304, #5943, .T. ) ;
#5062 = LINE ( 'NONE', #1186, #2585 ) ;
#5063 = CARTESIAN_POINT ( 'NONE',  ( 1.097499999999999698, -2.387873924808715298, -0.1247697858928739911 ) ) ;
#5064 = VECTOR ( 'NONE', #6583, 1000.000000000000000 ) ;
#5065 = CARTESIAN_POINT ( 'NONE',  ( 1.382282424338301174, -2.082282424338300686, 0.5500000000000000444 ) ) ;
#5066 = VERTEX_POINT ( 'NONE', #2478 ) ;
#5067 = STYLED_ITEM ( 'NONE', ( #2570 ), #1875 ) ;
#5068 = MECHANICAL_DESIGN_GEOMETRIC_PRESENTATION_REPRESENTATION (  '', ( #4113 ), #4356 ) ;
#5069 = AXIS2_PLACEMENT_3D ( 'NONE', #7234, #1542, #2174 ) ;
#5070 = DIRECTION ( 'NONE',  ( 1.000000000000000000, 0.000000000000000000, 0.000000000000000000 ) ) ;
#5071 = CARTESIAN_POINT ( 'NONE',  ( 0.4474999999999997868, -2.796534186440551739, -0.4764328467078229323 ) ) ;
#5072 = VECTOR ( 'NONE', #374, 1000.000000000000114 ) ;
#5073 = ORIENTED_EDGE ( 'NONE', *, *, #6626, .T. ) ;
#5074 = FACE_OUTER_BOUND ( 'NONE', #2055, .T. ) ;
#5075 = CARTESIAN_POINT ( 'NONE',  ( 0.8524999999999997025, 3.199999999999999289, -0.6499999999999998002 ) ) ;
#5076 = SURFACE_STYLE_FILL_AREA ( #1162 ) ;
#5077 = SURFACE_STYLE_FILL_AREA ( #2734 ) ;
#5078 = DIRECTION ( 'NONE',  ( 1.000000000000000000, 0.000000000000000000, 0.000000000000000000 ) ) ;
#5079 = UNCERTAINTY_MEASURE_WITH_UNIT (LENGTH_MEASURE( 1.000000000000000082E-05 ), #5179, 'distance_accuracy_value', 'NONE');
#5080 = AXIS2_PLACEMENT_3D ( 'NONE', #1526, #3787, #6061 ) ;
#5081 = ORIENTED_EDGE ( 'NONE', *, *, #2723, .F. ) ;
#5082 = EDGE_LOOP ( 'NONE', ( #7160, #4813, #1982, #63 ) ) ;
#5083 = CARTESIAN_POINT ( 'NONE',  ( 0.4474999999999997868, 2.599999999999999645, -0.5153054482615858634 ) ) ;
#5084 = LINE ( 'NONE', #3895, #3315 ) ;
#5085 = CARTESIAN_POINT ( 'NONE',  ( 0.8524999999999997025, 2.599999999999999645, -0.5153054482615858634 ) ) ;
#5086 = EDGE_CURVE ( 'NONE', #996, #4901, #6490, .T. ) ;
#5087 = ORIENTED_EDGE ( 'NONE', *, *, #6361, .T. ) ;
#5088 = ORIENTED_EDGE ( 'NONE', *, *, #4587, .T. ) ;
#5089 = EDGE_CURVE ( 'NONE', #855, #3422, #7038, .T. ) ;
#5090 = CARTESIAN_POINT ( 'NONE',  ( -1.500000000000000444, 2.199999999999999289, 0.07249999999999999500 ) ) ;
#5091 = COLOUR_RGB ( '',0.8039215686274510109, 0.8039215686274510109, 0.8039215686274510109 ) ;
#5092 = PRESENTATION_STYLE_ASSIGNMENT (( #3943 ) ) ;
#5093 = DIRECTION ( 'NONE',  ( -0.000000000000000000, 0.000000000000000000, -1.000000000000000000 ) ) ;
#5094 = SURFACE_STYLE_FILL_AREA ( #6728 ) ;
#5095 = FILL_AREA_STYLE_COLOUR ( '', #4831 ) ;
#5096 = MECHANICAL_DESIGN_GEOMETRIC_PRESENTATION_REPRESENTATION (  '', ( #1093 ), #5576 ) ;
#5097 = VERTEX_POINT ( 'NONE', #881 ) ;
#5098 = AXIS2_PLACEMENT_3D ( 'NONE', #4081, #6327, #1895 ) ;
#5099 =( LENGTH_UNIT ( ) NAMED_UNIT ( * ) SI_UNIT ( .MILLI., .METRE. ) );
#5100 = VECTOR ( 'NONE', #2894, 1000.000000000000000 ) ;
#5101 = ORIENTED_EDGE ( 'NONE', *, *, #5187, .F. ) ;
#5102 = ADVANCED_FACE ( 'NONE', ( #4891 ), #3075, .T. ) ;
#5103 = DIRECTION ( 'NONE',  ( 0.000000000000000000, 0.4773021410712618984, 0.8787392480871610845 ) ) ;
#5104 = STYLED_ITEM ( 'NONE', ( #6449 ), #1080 ) ;
#5105 = AXIS2_PLACEMENT_3D ( 'NONE', #608, #3268, #5532 ) ;
#5106 = VECTOR ( 'NONE', #1883, 1000.000000000000114 ) ;
#5107 =( GEOMETRIC_REPRESENTATION_CONTEXT ( 3 ) GLOBAL_UNCERTAINTY_ASSIGNED_CONTEXT ( ( #2912 ) ) GLOBAL_UNIT_ASSIGNED_CONTEXT ( ( #1528, #2083, #4818 ) ) REPRESENTATION_CONTEXT ( 'NONE', 'WORKASPACE' ) );
#5108 = VERTEX_POINT ( 'NONE', #4216 ) ;
#5109 =( GEOMETRIC_REPRESENTATION_CONTEXT ( 3 ) GLOBAL_UNCERTAINTY_ASSIGNED_CONTEXT ( ( #1550 ) ) GLOBAL_UNIT_ASSIGNED_CONTEXT ( ( #7135, #6043, #1475 ) ) REPRESENTATION_CONTEXT ( 'NONE', 'WORKASPACE' ) );
#5110 = DIRECTION ( 'NONE',  ( 0.000000000000000000, 0.9975640502598243087, 0.06975647374412519142 ) ) ;
#5111 = VECTOR ( 'NONE', #1846, 1000.000000000000000 ) ;
#5112 = AXIS2_PLACEMENT_3D ( 'NONE', #533, #6740, #5032 ) ;
#5113 = ADVANCED_FACE ( 'NONE', ( #4844 ), #289, .T. ) ;
#5114 = CARTESIAN_POINT ( 'NONE',  ( 1.499999626916908024, 2.125273160256225591, -0.07250354964850756756 ) ) ;
#5115 = LINE ( 'NONE', #719, #5111 ) ;
#5116 = AXIS2_PLACEMENT_3D ( 'NONE', #7106, #3712, #1962 ) ;
#5117 = VECTOR ( 'NONE', #1253, 1000.000000000000000 ) ;
#5118 = ORIENTED_EDGE ( 'NONE', *, *, #6939, .T. ) ;
#5119 = CARTESIAN_POINT ( 'NONE',  ( 1.499999999999999556, 2.124999999999999556, -0.07249999999999999500 ) ) ;
#5120 = AXIS2_PLACEMENT_3D ( 'NONE', #7016, #3008, #3648 ) ;
#5121 =( NAMED_UNIT ( * ) PLANE_ANGLE_UNIT ( ) SI_UNIT ( $, .RADIAN. ) );
#5122 =( LENGTH_UNIT ( ) NAMED_UNIT ( * ) SI_UNIT ( .MILLI., .METRE. ) );
#5123 = DIRECTION ( 'NONE',  ( 0.000000000000000000, 0.4773021410712616763, -0.8787392480871610845 ) ) ;
#5124 = AXIS2_PLACEMENT_3D ( 'NONE', #4061, #1919, #798 ) ;
#5125 = FILL_AREA_STYLE ('',( #5162 ) ) ;
#5126 = LINE ( 'NONE', #6882, #2368 ) ;
#5127 = ORIENTED_EDGE ( 'NONE', *, *, #4678, .F. ) ;
#5128 = ORIENTED_EDGE ( 'NONE', *, *, #4795, .T. ) ;
#5129 =( NAMED_UNIT ( * ) SI_UNIT ( $, .STERADIAN. ) SOLID_ANGLE_UNIT ( ) );
#5130 = ORIENTED_EDGE ( 'NONE', *, *, #4360, .T. ) ;
#5131 = PLANE ( 'NONE',  #5837 ) ;
#5132 = STYLED_ITEM ( 'NONE', ( #342 ), #5894 ) ;
#5133 = VECTOR ( 'NONE', #1851, 1000.000000000000000 ) ;
#5134 = ORIENTED_EDGE ( 'NONE', *, *, #6205, .F. ) ;
#5135 = DIRECTION ( 'NONE',  ( 0.000000000000000000, -0.9975640502598243087, 0.06975647374412519142 ) ) ;
#5136 = ORIENTED_EDGE ( 'NONE', *, *, #4628, .F. ) ;
#5137 = DIRECTION ( 'NONE',  ( 0.000000000000000000, 0.9945218953682734009, 0.1045284632676537068 ) ) ;
#5138 = CARTESIAN_POINT ( 'NONE',  ( 1.424999999999999600, 2.199999999999999289, 0.07249999999999999500 ) ) ;
#5139 = DIRECTION ( 'NONE',  ( 0.000000000000000000, 0.000000000000000000, 1.000000000000000000 ) ) ;
#5140 =( NAMED_UNIT ( * ) PLANE_ANGLE_UNIT ( ) SI_UNIT ( $, .RADIAN. ) );
#5141 = CIRCLE ( 'NONE', #4533, 0.2000000000000002054 ) ;
#5142 = PRESENTATION_STYLE_ASSIGNMENT (( #1178 ) ) ;
#5143 = DIRECTION ( 'NONE',  ( -1.000000000000000000, -0.000000000000000000, 0.000000000000000000 ) ) ;
#5144 = FILL_AREA_STYLE_COLOUR ( '', #1291 ) ;
#5145 = DIRECTION ( 'NONE',  ( 0.1039620511844979306, 0.1039620511844979306, -0.9891328443778538704 ) ) ;
#5146 = CARTESIAN_POINT ( 'NONE',  ( -0.4475000000000001754, -2.803509833814964214, -0.3766764416818402239 ) ) ;
#5147 = EDGE_CURVE ( 'NONE', #843, #2312, #5526, .T. ) ;
#5148 = CARTESIAN_POINT ( 'NONE',  ( 0.2024999999999997635, 2.199999999999999289, 0.07249999999999999500 ) ) ;
#5149 = EDGE_CURVE ( 'NONE', #1165, #843, #4470, .T. ) ;
#5150 = EDGE_CURVE ( 'NONE', #2577, #6443, #1634, .T. ) ;
#5151 = ORIENTED_EDGE ( 'NONE', *, *, #1161, .T. ) ;
#5152 = CARTESIAN_POINT ( 'NONE',  ( -1.425000000000000488, -2.199999999999999289, 0.07249999999999999500 ) ) ;
#5153 = STYLED_ITEM ( 'NONE', ( #5294 ), #2949 ) ;
#5154 = CARTESIAN_POINT ( 'NONE',  ( -1.097500000000000142, -2.326767216444461273, -0.1275000000000000022 ) ) ;
#5155 = ORIENTED_EDGE ( 'NONE', *, *, #2718, .T. ) ;
#5156 = CARTESIAN_POINT ( 'NONE',  ( -0.4475000000000001754, -2.599999999999999645, -0.5153054482615858634 ) ) ;
#5157 = CARTESIAN_POINT ( 'NONE',  ( -1.425000000000000488, 2.199999999999999289, 0.07249999999999999500 ) ) ;
#5158 = EDGE_CURVE ( 'NONE', #3455, #5797, #1912, .T. ) ;
#5159 =( LENGTH_UNIT ( ) NAMED_UNIT ( * ) SI_UNIT ( .MILLI., .METRE. ) );
#5160 = SURFACE_STYLE_FILL_AREA ( #2405 ) ;
#5161 = EDGE_CURVE ( 'NONE', #3300, #6012, #3919, .T. ) ;
#5162 = FILL_AREA_STYLE_COLOUR ( '', #1240 ) ;
#5163 = CYLINDRICAL_SURFACE ( 'NONE', #5694, 0.2000000000000000389 ) ;
#5164 = UNCERTAINTY_MEASURE_WITH_UNIT (LENGTH_MEASURE( 1.000000000000000082E-05 ), #6827, 'distance_accuracy_value', 'NONE');
#5165 = EDGE_CURVE ( 'NONE', #3761, #1191, #1562, .T. ) ;
#5166 = ORIENTED_EDGE ( 'NONE', *, *, #5877, .T. ) ;
#5167 = SURFACE_STYLE_USAGE ( .BOTH. , #3388 ) ;
#5168 = DIRECTION ( 'NONE',  ( 1.000000000000000000, 0.000000000000000000, 0.000000000000000000 ) ) ;
#5169 = LINE ( 'NONE', #4451, #167 ) ;
#5170 = VERTEX_POINT ( 'NONE', #3228 ) ;
#5171 = EDGE_LOOP ( 'NONE', ( #37, #5016, #3983, #7233 ) ) ;
#5172 = DIRECTION ( 'NONE',  ( -1.000000000000000000, 2.907131363079794345E-15, -0.000000000000000000 ) ) ;
#5173 = SURFACE_STYLE_USAGE ( .BOTH. , #5246 ) ;
#5174 = VECTOR ( 'NONE', #1508, 1000.000000000000114 ) ;
#5175 = LINE ( 'NONE', #5872, #612 ) ;
#5176 = DIRECTION ( 'NONE',  ( 1.000000000000000000, 0.000000000000000000, 0.000000000000000000 ) ) ;
#5177 = FACE_OUTER_BOUND ( 'NONE', #2598, .T. ) ;
#5178 = SURFACE_STYLE_FILL_AREA ( #1656 ) ;
#5179 =( LENGTH_UNIT ( ) NAMED_UNIT ( * ) SI_UNIT ( .MILLI., .METRE. ) );
#5180 = AXIS2_PLACEMENT_3D ( 'NONE', #1713, #3490, #5745 ) ;
#5181 = LINE ( 'NONE', #3053, #2694 ) ;
#5182 =( LENGTH_UNIT ( ) NAMED_UNIT ( * ) SI_UNIT ( .MILLI., .METRE. ) );
#5183 =( GEOMETRIC_REPRESENTATION_CONTEXT ( 3 ) GLOBAL_UNCERTAINTY_ASSIGNED_CONTEXT ( ( #7295 ) ) GLOBAL_UNIT_ASSIGNED_CONTEXT ( ( #2705, #2642, #3876 ) ) REPRESENTATION_CONTEXT ( 'NONE', 'WORKASPACE' ) );
#5184 = ORIENTED_EDGE ( 'NONE', *, *, #4551, .T. ) ;
#5185 = EDGE_CURVE ( 'NONE', #2167, #5827, #6104, .T. ) ;
#5186 = FILL_AREA_STYLE ('',( #1261 ) ) ;
#5187 = EDGE_CURVE ( 'NONE', #5280, #1775, #2220, .T. ) ;
#5189 = CARTESIAN_POINT ( 'NONE',  ( 0.2024999999999997635, 3.199999999999999289, -0.5046459247782298929 ) ) ;
#5188 = DIRECTION ( 'NONE',  ( 1.000000000000000000, 0.000000000000000000, 0.000000000000000000 ) ) ;
#5190 = CARTESIAN_POINT ( 'NONE',  ( 0.2024999999999997635, 3.199999999999999289, -0.5046459247782298929 ) ) ;
#5191 = EDGE_LOOP ( 'NONE', ( #442, #6838, #1610, #6275 ) ) ;
#5192 = LINE ( 'NONE', #206, #46 ) ;
#5193 = COLOUR_RGB ( '',0.8039215686274510109, 0.8039215686274510109, 0.8039215686274510109 ) ;
#5194 = FILL_AREA_STYLE_COLOUR ( '', #6297 ) ;
#5195 = PRESENTATION_LAYER_ASSIGNMENT (  '', '', ( #948 ) ) ;
#5196 = PLANE ( 'NONE',  #3365 ) ;
#5197 = VERTEX_POINT ( 'NONE', #4924 ) ;
#5198 = FILL_AREA_STYLE ('',( #2914 ) ) ;
#5199 = ORIENTED_EDGE ( 'NONE', *, *, #4737, .F. ) ;
#5200 = CARTESIAN_POINT ( 'NONE',  ( 0.8524999999999997025, -2.796534186440551739, -0.4764328467078228213 ) ) ;
#5201 = PRODUCT_RELATED_PRODUCT_CATEGORY ( 'part', '', ( #1228 ) ) ;
#5202 = CARTESIAN_POINT ( 'NONE',  ( -1.097500000000000142, 2.761796554868606535, -0.6193578300992984564 ) ) ;
#5203 = CARTESIAN_POINT ( 'NONE',  ( -0.8525000000000001465, 2.715635909006247850, -0.4244066557889664137 ) ) ;
#5204 = CARTESIAN_POINT ( 'NONE',  ( -0.4475000000000001754, -2.796534186440551739, -0.4764328467078228213 ) ) ;
#5205 = LINE ( 'NONE', #1860, #5433 ) ;
#5206 = CARTESIAN_POINT ( 'NONE',  ( 0.2024999999999997635, 2.502515066061893556, -0.03203957178574777520 ) ) ;
#5207 = ORIENTED_EDGE ( 'NONE', *, *, #4186, .T. ) ;
#5208 = PLANE ( 'NONE',  #4025 ) ;
#5209 =( NAMED_UNIT ( * ) PLANE_ANGLE_UNIT ( ) SI_UNIT ( $, .RADIAN. ) );
#5210 = CARTESIAN_POINT ( 'NONE',  ( 1.500806167510463585, -2.126217025357842960, -0.06482982849429268224 ) ) ;
#5211 = MECHANICAL_DESIGN_GEOMETRIC_PRESENTATION_REPRESENTATION (  '', ( #6627 ), #4964 ) ;
#5212 = FILL_AREA_STYLE ('',( #1872 ) ) ;
#5213 = SURFACE_STYLE_USAGE ( .BOTH. , #1229 ) ;
#5214 =( BOUNDED_CURVE ( )  B_SPLINE_CURVE ( 3, ( #6999, #4032, #4068, #6375 ),
 .UNSPECIFIED., .F., .F. ) 
 B_SPLINE_CURVE_WITH_KNOTS ( ( 4, 4 ),
 ( 3.136129445068236876, 3.141592653589793116 ),
 .UNSPECIFIED. ) 
 CURVE ( )  GEOMETRIC_REPRESENTATION_ITEM ( )  RATIONAL_B_SPLINE_CURVE ( ( 1.000000000000000000, 0.9999975127809339615, 0.9999975127809339615, 1.000000000000000000 ) ) 
 REPRESENTATION_ITEM ( '' )  );
#5215 = EDGE_LOOP ( 'NONE', ( #6276, #6109, #5938, #2907 ) ) ;
#5216 = PRESENTATION_LAYER_ASSIGNMENT (  '', '', ( #2710 ) ) ;
#5217 =( LENGTH_UNIT ( ) NAMED_UNIT ( * ) SI_UNIT ( .MILLI., .METRE. ) );
#5218 = ADVANCED_FACE ( 'NONE', ( #5599 ), #2113, .T. ) ;
#5219 = STYLED_ITEM ( 'NONE', ( #5467 ), #6034 ) ;
#5220 = AXIS2_PLACEMENT_3D ( 'NONE', #3110, #382, #5412 ) ;
#5221 = COLOUR_RGB ( '',0.8039215686274510109, 0.8039215686274510109, 0.8039215686274510109 ) ;
#5222 = CARTESIAN_POINT ( 'NONE',  ( -0.4475000000000001754, 2.199999999999999289, -0.07249999999999999500 ) ) ;
#5223 = DIRECTION ( 'NONE',  ( 0.000000000000000000, 0.000000000000000000, 1.000000000000000000 ) ) ;
#5224 = EDGE_LOOP ( 'NONE', ( #3673, #3921, #6915, #6511 ) ) ;
#5225 = PRESENTATION_LAYER_ASSIGNMENT (  '', '', ( #2376 ) ) ;
#5226 = FILL_AREA_STYLE ('',( #2948 ) ) ;
#5227 = CARTESIAN_POINT ( 'NONE',  ( 1.097499999999999698, -2.599999999999999645, -0.5153054482615858634 ) ) ;
#5228 = VECTOR ( 'NONE', #6231, 1000.000000000000000 ) ;
#5229 = MECHANICAL_DESIGN_GEOMETRIC_PRESENTATION_REPRESENTATION (  '', ( #3221 ), #3579 ) ;
#5230 = CARTESIAN_POINT ( 'NONE',  ( 0.4474999999999997868, 3.199999999999999289, -0.6499999999999998002 ) ) ;
#5231 = SURFACE_SIDE_STYLE ('',( #4555 ) ) ;
#5232 = UNCERTAINTY_MEASURE_WITH_UNIT (LENGTH_MEASURE( 1.000000000000000082E-05 ), #2213, 'distance_accuracy_value', 'NONE');
#5233 = STYLED_ITEM ( 'NONE', ( #3111 ), #5380 ) ;
#5234 = EDGE_CURVE ( 'NONE', #5743, #4735, #6629, .T. ) ;
#5235 = ORIENTED_EDGE ( 'NONE', *, *, #1497, .F. ) ;
#5236 = CARTESIAN_POINT ( 'NONE',  ( -1.382282424338301841, -2.082282424338301130, -0.4749999999999999778 ) ) ;
#5237 = DIRECTION ( 'NONE',  ( 0.000000000000000000, 0.8787392480871610845, -0.4773021410712618984 ) ) ;
#5238 = EDGE_CURVE ( 'NONE', #5300, #502, #6131, .T. ) ;
#5239 =( GEOMETRIC_REPRESENTATION_CONTEXT ( 3 ) GLOBAL_UNCERTAINTY_ASSIGNED_CONTEXT ( ( #735 ) ) GLOBAL_UNIT_ASSIGNED_CONTEXT ( ( #5515, #7240, #4488 ) ) REPRESENTATION_CONTEXT ( 'NONE', 'WORKASPACE' ) );
#5240 = CARTESIAN_POINT ( 'NONE',  ( 1.468963392251840139, -2.199760935694445418, 0.07477454493103763422 ) ) ;
#5241 = VERTEX_POINT ( 'NONE', #5003 ) ;
#5242 = ADVANCED_FACE ( 'NONE', ( #4961 ), #6782, .T. ) ;
#5243 = DIRECTION ( 'NONE',  ( -0.1039620511844980139, -0.1039620511844989159, 0.9891328443778537594 ) ) ;
#5244 = PLANE ( 'NONE',  #4895 ) ;
#5245 = UNCERTAINTY_MEASURE_WITH_UNIT (LENGTH_MEASURE( 1.000000000000000082E-05 ), #1025, 'distance_accuracy_value', 'NONE');
#5246 = SURFACE_SIDE_STYLE ('',( #781 ) ) ;
#5247 = DIRECTION ( 'NONE',  ( 0.000000000000000000, 0.000000000000000000, -1.000000000000000000 ) ) ;
#5248 = DIRECTION ( 'NONE',  ( 1.000000000000000000, 0.000000000000000000, 0.000000000000000000 ) ) ;
#5249 = CARTESIAN_POINT ( 'NONE',  ( -1.425273160256225857, 2.199999626916907758, -0.07250354964850355688 ) ) ;
#5250 = ORIENTED_EDGE ( 'NONE', *, *, #4012, .T. ) ;
#5251 = ORIENTED_EDGE ( 'NONE', *, *, #5278, .F. ) ;
#5252 = MECHANICAL_DESIGN_GEOMETRIC_PRESENTATION_REPRESENTATION (  '', ( #5132 ), #7019 ) ;
#5253 =( NAMED_UNIT ( * ) PLANE_ANGLE_UNIT ( ) SI_UNIT ( $, .RADIAN. ) );
#5254 = DIRECTION ( 'NONE',  ( 0.000000000000000000, 0.06975647374412519142, -0.9975640502598243087 ) ) ;
#5255 = EDGE_CURVE ( 'NONE', #3689, #5300, #3961, .T. ) ;
#5256 = SURFACE_STYLE_USAGE ( .BOTH. , #6831 ) ;
#5257 = CARTESIAN_POINT ( 'NONE',  ( -1.097500000000000142, -2.715635909006247850, -0.4244066557889664137 ) ) ;
#5258 = PRESENTATION_LAYER_ASSIGNMENT (  '', '', ( #6896 ) ) ;
#5259 = ORIENTED_EDGE ( 'NONE', *, *, #1973, .F. ) ;
#5260 = CARTESIAN_POINT ( 'NONE',  ( -0.8525000000000001465, 2.299999999999999378, -0.07249999999999999500 ) ) ;
#5262 = DIRECTION ( 'NONE',  ( 0.000000000000000000, 1.000000000000000000, 0.000000000000000000 ) ) ;
#5261 = SURFACE_STYLE_FILL_AREA ( #4132 ) ;
#5263 =( BOUNDED_CURVE ( )  B_SPLINE_CURVE ( 3, ( #484, #4489, #6619, #2674 ),
 .UNSPECIFIED., .F., .T. ) 
 B_SPLINE_CURVE_WITH_KNOTS ( ( 4, 4 ),
 ( 5.503250352303690640, 7.063120262055493370 ),
 .UNSPECIFIED. ) 
 CURVE ( )  GEOMETRIC_REPRESENTATION_ITEM ( )  RATIONAL_B_SPLINE_CURVE ( ( 1.000000000000000000, 0.8073061876036347062, 0.8073061876036347062, 1.000000000000000000 ) ) 
 REPRESENTATION_ITEM ( '' )  );
#5264 = ORIENTED_EDGE ( 'NONE', *, *, #3833, .F. ) ;
#5265 = CARTESIAN_POINT ( 'NONE',  ( -0.4475000000000001754, -2.502515066061893556, -0.03203957178574777520 ) ) ;
#5266 = CLOSED_SHELL ( 'NONE', ( #5045, #1920, #123, #5765, #5113, #1435, #862, #1284, #1233, #7255, #4643, #191, #7036, #4358 ) ) ;
#5267 =( GEOMETRIC_REPRESENTATION_CONTEXT ( 3 ) GLOBAL_UNCERTAINTY_ASSIGNED_CONTEXT ( ( #575 ) ) GLOBAL_UNIT_ASSIGNED_CONTEXT ( ( #890, #5686, #2897 ) ) REPRESENTATION_CONTEXT ( 'NONE', 'WORKASPACE' ) );
#5268 = EDGE_LOOP ( 'NONE', ( #727, #4711, #3932, #3127 ) ) ;
#5269 = CARTESIAN_POINT ( 'NONE',  ( -0.2025000000000002076, -2.299999999999999378, -0.1724999999999999867 ) ) ;
#5270 =( NAMED_UNIT ( * ) PLANE_ANGLE_UNIT ( ) SI_UNIT ( $, .RADIAN. ) );
#5271 = ORIENTED_EDGE ( 'NONE', *, *, #2768, .T. ) ;
#5272 = DIRECTION ( 'NONE',  ( 0.000000000000000000, 0.000000000000000000, 1.000000000000000000 ) ) ;
#5273 = CARTESIAN_POINT ( 'NONE',  ( 0.4474999999999997868, 2.715635909006247850, -0.4244066557889664137 ) ) ;
#5274 = DIRECTION ( 'NONE',  ( -0.1039620511844980416, 0.1039620511844970147, 0.9891328443778539814 ) ) ;
#5275 = PRESENTATION_STYLE_ASSIGNMENT (( #5835 ) ) ;
#5276 = EDGE_CURVE ( 'NONE', #4264, #418, #3696, .T. ) ;
#5277 = CARTESIAN_POINT ( 'NONE',  ( -1.425000000000000488, 2.199999999999999289, -0.07249999999999999500 ) ) ;
#5278 = EDGE_CURVE ( 'NONE', #5388, #4892, #5115, .T. ) ;
#5279 = PRESENTATION_STYLE_ASSIGNMENT (( #3009 ) ) ;
#5280 = VERTEX_POINT ( 'NONE', #6233 ) ;
#5281 = ORIENTED_EDGE ( 'NONE', *, *, #447, .F. ) ;
#5282 = CARTESIAN_POINT ( 'NONE',  ( 0.8524999999999997025, -2.299999999999999378, -0.07249999999999999500 ) ) ;
#5283 = CARTESIAN_POINT ( 'NONE',  ( -0.9422824243383021159, -1.642282424338300739, 0.5400000000000000355 ) ) ;
#5284 = LINE ( 'NONE', #4679, #16 ) ;
#5285 = STYLED_ITEM ( 'NONE', ( #267 ), #4542 ) ;
#5286 = FILL_AREA_STYLE_COLOUR ( '', #2353 ) ;
#5287 = SURFACE_STYLE_USAGE ( .BOTH. , #3550 ) ;
#5288 = CARTESIAN_POINT ( 'NONE',  ( 0.4474999999999997868, 2.775747849617431928, -0.4198450200473335392 ) ) ;
#5289 = CIRCLE ( 'NONE', #810, 0.1000000000000001582 ) ;
#5290 = DIRECTION ( 'NONE',  ( 0.000000000000000000, 0.000000000000000000, -1.000000000000000000 ) ) ;
#5291 = PRESENTATION_LAYER_ASSIGNMENT (  '', '', ( #7285 ) ) ;
#5292 = ADVANCED_FACE ( 'NONE', ( #3521 ), #5742, .T. ) ;
#5293 = ORIENTED_EDGE ( 'NONE', *, *, #3959, .F. ) ;
#5294 = PRESENTATION_STYLE_ASSIGNMENT (( #1483 ) ) ;
#5295 = DIRECTION ( 'NONE',  ( 0.000000000000000000, 0.000000000000000000, -1.000000000000000000 ) ) ;
#5297 = CARTESIAN_POINT ( 'NONE',  ( -0.4475000000000001754, 2.761796554868606535, -0.6193578300992984564 ) ) ;
#5296 =( LENGTH_UNIT ( ) NAMED_UNIT ( * ) SI_UNIT ( .MILLI., .METRE. ) );
#5298 = PLANE ( 'NONE',  #990 ) ;
#5299 = CARTESIAN_POINT ( 'NONE',  ( 1.499999626916908024, -2.125273160256224703, 0.07250354964850759532 ) ) ;
#5300 = VERTEX_POINT ( 'NONE', #647 ) ;
#5301 = DIRECTION ( 'NONE',  ( 0.000000000000000000, -1.000000000000000000, 0.000000000000000000 ) ) ;
#5302 = EDGE_CURVE ( 'NONE', #6225, #3505, #5703, .T. ) ;
#5303 =( BOUNDED_CURVE ( )  B_SPLINE_CURVE ( 3, ( #5738, #3988, #162, #5152 ),
 .UNSPECIFIED., .F., .F. ) 
 B_SPLINE_CURVE_WITH_KNOTS ( ( 4, 4 ),
 ( 6.277722098658046868, 6.283185307179586232 ),
 .UNSPECIFIED. ) 
 CURVE ( )  GEOMETRIC_REPRESENTATION_ITEM ( )  RATIONAL_B_SPLINE_CURVE ( ( 1.000000000000000000, 0.9999975127809339615, 0.9999975127809339615, 1.000000000000000000 ) ) 
 REPRESENTATION_ITEM ( '' )  );
#5304 =( NAMED_UNIT ( * ) PLANE_ANGLE_UNIT ( ) SI_UNIT ( $, .RADIAN. ) );
#5305 = UNCERTAINTY_MEASURE_WITH_UNIT (LENGTH_MEASURE( 1.000000000000000082E-05 ), #1430, 'distance_accuracy_value', 'NONE');
#5306 = ORIENTED_EDGE ( 'NONE', *, *, #452, .T. ) ;
#5307 = DIRECTION ( 'NONE',  ( 0.000000000000000000, -1.000000000000000000, 0.000000000000000000 ) ) ;
#5308 = CARTESIAN_POINT ( 'NONE',  ( 0.4474999999999997868, 2.387873924808715298, -0.1247697858928739911 ) ) ;
#5309 = DIRECTION ( 'NONE',  ( -1.000000000000000000, 0.000000000000000000, 0.000000000000000000 ) ) ;
#5310 = COLOUR_RGB ( '',0.8039215686274510109, 0.8039215686274510109, 0.8039215686274510109 ) ;
#5311 = CARTESIAN_POINT ( 'NONE',  ( -1.097500000000000142, -2.326767216444461273, 0.07249999999999999500 ) ) ;
#5312 = SURFACE_SIDE_STYLE ('',( #4669 ) ) ;
#5313 = DIRECTION ( 'NONE',  ( 0.000000000000000000, 0.000000000000000000, -1.000000000000000000 ) ) ;
#5314 =( GEOMETRIC_REPRESENTATION_CONTEXT ( 3 ) GLOBAL_UNCERTAINTY_ASSIGNED_CONTEXT ( ( #4208 ) ) GLOBAL_UNIT_ASSIGNED_CONTEXT ( ( #107, #217, #625 ) ) REPRESENTATION_CONTEXT ( 'NONE', 'WORKASPACE' ) );
#5315 = UNCERTAINTY_MEASURE_WITH_UNIT (LENGTH_MEASURE( 1.000000000000000082E-05 ), #1509, 'distance_accuracy_value', 'NONE');
#5316 = SURFACE_STYLE_FILL_AREA ( #3041 ) ;
#5317 = AXIS2_PLACEMENT_3D ( 'NONE', #4050, #5685, #6331 ) ;
#5318 = SURFACE_SIDE_STYLE ('',( #6928 ) ) ;
#5319 = DIRECTION ( 'NONE',  ( 0.000000000000000000, 0.000000000000000000, -1.000000000000000000 ) ) ;
#5320 = ORIENTED_EDGE ( 'NONE', *, *, #4086, .F. ) ;
#5321 = ORIENTED_EDGE ( 'NONE', *, *, #6272, .F. ) ;
#5322 = PRESENTATION_LAYER_ASSIGNMENT (  '', '', ( #18 ) ) ;
#5323 = FILL_AREA_STYLE ('',( #3692 ) ) ;
#5324 = CARTESIAN_POINT ( 'NONE',  ( 0.8524999999999997025, 3.199999999999999289, -0.6499999999999998002 ) ) ;
#5325 = DIRECTION ( 'NONE',  ( -1.000000000000000000, -0.000000000000000000, -0.000000000000000000 ) ) ;
#5326 = FILL_AREA_STYLE_COLOUR ( '', #2257 ) ;
#5327 = PRESENTATION_LAYER_ASSIGNMENT (  '', '', ( #600 ) ) ;
#5328 = EDGE_CURVE ( 'NONE', #104, #5410, #6952, .T. ) ;
#5329 = FILL_AREA_STYLE_COLOUR ( '', #1742 ) ;
#5330 = ORIENTED_EDGE ( 'NONE', *, *, #5416, .T. ) ;
#5331 = COLOUR_RGB ( '',0.8039215686274510109, 0.8039215686274510109, 0.8039215686274510109 ) ;
#5332 = SURFACE_STYLE_FILL_AREA ( #4838 ) ;
#5333 = UNCERTAINTY_MEASURE_WITH_UNIT (LENGTH_MEASURE( 1.000000000000000082E-05 ), #7270, 'distance_accuracy_value', 'NONE');
#5334 = DIRECTION ( 'NONE',  ( -1.162852545231924522E-14, 1.000000000000000000, -0.000000000000000000 ) ) ;
#5335 = EDGE_CURVE ( 'NONE', #1419, #1265, #4752, .T. ) ;
#5337 =( NAMED_UNIT ( * ) SI_UNIT ( $, .STERADIAN. ) SOLID_ANGLE_UNIT ( ) );
#5336 = LINE ( 'NONE', #1961, #2858 ) ;
#5338 = CARTESIAN_POINT ( 'NONE',  ( 1.382282424338300952, -2.199999999999999289, -0.4750000000000000333 ) ) ;
#5339 = CIRCLE ( 'NONE', #492, 0.2000000000000000389 ) ;
#5340 =( NAMED_UNIT ( * ) SI_UNIT ( $, .STERADIAN. ) SOLID_ANGLE_UNIT ( ) );
#5341 = COLOUR_RGB ( '',0.8039215686274510109, 0.8039215686274510109, 0.8039215686274510109 ) ;
#5342 = ORIENTED_EDGE ( 'NONE', *, *, #385, .T. ) ;
#5343 = VECTOR ( 'NONE', #1553, 1000.000000000000000 ) ;
#5344 = ADVANCED_FACE ( 'NONE', ( #6269 ), #3440, .T. ) ;
#5345 =( GEOMETRIC_REPRESENTATION_CONTEXT ( 3 ) GLOBAL_UNCERTAINTY_ASSIGNED_CONTEXT ( ( #3108 ) ) GLOBAL_UNIT_ASSIGNED_CONTEXT ( ( #4897, #2595, #362 ) ) REPRESENTATION_CONTEXT ( 'NONE', 'WORKASPACE' ) );
#5346 = MECHANICAL_DESIGN_GEOMETRIC_PRESENTATION_REPRESENTATION (  '', ( #4499 ), #4031 ) ;
#5347 = ORIENTED_EDGE ( 'NONE', *, *, #7181, .F. ) ;
#5348 = CIRCLE ( 'NONE', #4858, 0.07499999999999980294 ) ;
#5349 = DIRECTION ( 'NONE',  ( 1.000000000000000000, 0.000000000000000000, 0.000000000000000000 ) ) ;
#5350 = FACE_OUTER_BOUND ( 'NONE', #1070, .T. ) ;
#5351 =( NAMED_UNIT ( * ) PLANE_ANGLE_UNIT ( ) SI_UNIT ( $, .RADIAN. ) );
#5352 =( GEOMETRIC_REPRESENTATION_CONTEXT ( 3 ) GLOBAL_UNCERTAINTY_ASSIGNED_CONTEXT ( ( #3177 ) ) GLOBAL_UNIT_ASSIGNED_CONTEXT ( ( #6840, #5746, #6958 ) ) REPRESENTATION_CONTEXT ( 'NONE', 'WORKASPACE' ) );
#5353 =( LENGTH_UNIT ( ) NAMED_UNIT ( * ) SI_UNIT ( .MILLI., .METRE. ) );
#5354 = LINE ( 'NONE', #330, #3336 ) ;
#5355 = MECHANICAL_DESIGN_GEOMETRIC_PRESENTATION_REPRESENTATION (  '', ( #7001 ), #2383 ) ;
#5356 =( LENGTH_UNIT ( ) NAMED_UNIT ( * ) SI_UNIT ( .MILLI., .METRE. ) );
#5357 = LINE ( 'NONE', #5399, #1896 ) ;
#5358 = STYLED_ITEM ( 'NONE', ( #3391 ), #7098 ) ;
#5359 = ORIENTED_EDGE ( 'NONE', *, *, #5008, .T. ) ;
#5360 = ORIENTED_EDGE ( 'NONE', *, *, #6215, .T. ) ;
#5361 =( NAMED_UNIT ( * ) PLANE_ANGLE_UNIT ( ) SI_UNIT ( $, .RADIAN. ) );
#5362 = AXIS2_PLACEMENT_3D ( 'NONE', #3771, #341, #2573 ) ;
#5363 = CARTESIAN_POINT ( 'NONE',  ( 0.4474999999999997868, 2.803509833814964214, -0.3766764416818402239 ) ) ;
#5364 = SURFACE_STYLE_FILL_AREA ( #3095 ) ;
#5365 =( NAMED_UNIT ( * ) SI_UNIT ( $, .STERADIAN. ) SOLID_ANGLE_UNIT ( ) );
#5366 =( NAMED_UNIT ( * ) SI_UNIT ( $, .STERADIAN. ) SOLID_ANGLE_UNIT ( ) );
#5367 = AXIS2_PLACEMENT_3D ( 'NONE', #2399, #800, #3025 ) ;
#5368 = FILL_AREA_STYLE ('',( #5406 ) ) ;
#5369 = COLOUR_RGB ( '',0.8039215686274510109, 0.8039215686274510109, 0.8039215686274510109 ) ;
#5370 = DIRECTION ( 'NONE',  ( 0.000000000000000000, 0.000000000000000000, 1.000000000000000000 ) ) ;
#5371 = SURFACE_STYLE_USAGE ( .BOTH. , #2463 ) ;
#5372 =( LENGTH_UNIT ( ) NAMED_UNIT ( * ) SI_UNIT ( .MILLI., .METRE. ) );
#5373 = STYLED_ITEM ( 'NONE', ( #3317 ), #5910 ) ;
#5374 = ORIENTED_EDGE ( 'NONE', *, *, #740, .T. ) ;
#5375 = CARTESIAN_POINT ( 'NONE',  ( 1.426217025357843005, 2.200806167510463318, -0.06482982849429266836 ) ) ;
#5376 = PRESENTATION_STYLE_ASSIGNMENT (( #4312 ) ) ;
#5377 = EDGE_CURVE ( 'NONE', #1644, #4510, #6459, .T. ) ;
#5378 = CARTESIAN_POINT ( 'NONE',  ( -1.500000000000000444, -2.199999999999999289, -0.07249999999999999500 ) ) ;
#5379 = AXIS2_PLACEMENT_3D ( 'NONE', #2332, #5713, #6242 ) ;
#5380 = ADVANCED_FACE ( 'NONE', ( #5856 ), #5298, .T. ) ;
#5381 = EDGE_CURVE ( 'NONE', #1191, #6140, #6017, .T. ) ;
#5382 =( LENGTH_UNIT ( ) NAMED_UNIT ( * ) SI_UNIT ( .MILLI., .METRE. ) );
#5383 = ORIENTED_EDGE ( 'NONE', *, *, #5255, .T. ) ;
#5384 = FACE_OUTER_BOUND ( 'NONE', #4094, .T. ) ;
#5385 =( LENGTH_UNIT ( ) NAMED_UNIT ( * ) SI_UNIT ( .MILLI., .METRE. ) );
#5386 = FILL_AREA_STYLE ('',( #7149 ) ) ;
#5387 = UNCERTAINTY_MEASURE_WITH_UNIT (LENGTH_MEASURE( 1.000000000000000082E-05 ), #3405, 'distance_accuracy_value', 'NONE');
#5388 = VERTEX_POINT ( 'NONE', #3631 ) ;
#5389 = FILL_AREA_STYLE ('',( #2591 ) ) ;
#5390 = DIRECTION ( 'NONE',  ( 0.000000000000000000, 1.000000000000000000, 0.000000000000000000 ) ) ;
#5391 = DIRECTION ( 'NONE',  ( 0.000000000000000000, -0.4773021410712616763, -0.8787392480871610845 ) ) ;
#5392 = CLOSED_SHELL ( 'NONE', ( #3281, #2949, #2953, #3486, #2640, #5596, #4782, #2476, #1669, #460, #1712, #489, #1230, #1038 ) ) ;
#5393 = FILL_AREA_STYLE ('',( #2444 ) ) ;
#5394 =( LENGTH_UNIT ( ) NAMED_UNIT ( * ) SI_UNIT ( .MILLI., .METRE. ) );
#5395 = FACE_OUTER_BOUND ( 'NONE', #656, .T. ) ;
#5396 = UNCERTAINTY_MEASURE_WITH_UNIT (LENGTH_MEASURE( 1.000000000000000082E-05 ), #5764, 'distance_accuracy_value', 'NONE');
#5397 =( GEOMETRIC_REPRESENTATION_CONTEXT ( 3 ) GLOBAL_UNCERTAINTY_ASSIGNED_CONTEXT ( ( #4857 ) ) GLOBAL_UNIT_ASSIGNED_CONTEXT ( ( #6562, #6454, #5411 ) ) REPRESENTATION_CONTEXT ( 'NONE', 'WORKASPACE' ) );
#5398 = PRESENTATION_STYLE_ASSIGNMENT (( #4898 ) ) ;
#5399 = CARTESIAN_POINT ( 'NONE',  ( -1.097500000000000142, -2.199999999999999289, 0.07249999999999999500 ) ) ;
#5400 = UNCERTAINTY_MEASURE_WITH_UNIT (LENGTH_MEASURE( 1.000000000000000082E-05 ), #2978, 'distance_accuracy_value', 'NONE');
#5401 = VERTEX_POINT ( 'NONE', #4774 ) ;
#5402 = VERTEX_POINT ( 'NONE', #1996 ) ;
#5403 = ORIENTED_EDGE ( 'NONE', *, *, #3379, .F. ) ;
#5404 = FILL_AREA_STYLE_COLOUR ( '', #1110 ) ;
#5405 = FACE_OUTER_BOUND ( 'NONE', #5614, .T. ) ;
#5406 = FILL_AREA_STYLE_COLOUR ( '', #2557 ) ;
#5407 = CARTESIAN_POINT ( 'NONE',  ( 0.4474999999999997868, 2.599999999999999645, -0.5153054482615858634 ) ) ;
#5408 = VERTEX_POINT ( 'NONE', #3143 ) ;
#5409 = CARTESIAN_POINT ( 'NONE',  ( 1.393792701098379050, -2.168381843250998475, -0.3733266666807282252 ) ) ;
#5410 = VERTEX_POINT ( 'NONE', #943 ) ;
#5411 =( NAMED_UNIT ( * ) SI_UNIT ( $, .STERADIAN. ) SOLID_ANGLE_UNIT ( ) );
#5412 = DIRECTION ( 'NONE',  ( 0.000000000000000000, 0.000000000000000000, -1.000000000000000000 ) ) ;
#5413 = ADVANCED_FACE ( 'NONE', ( #7030 ), #7144, .T. ) ;
#5414 = SURFACE_SIDE_STYLE ('',( #4732 ) ) ;
#5415 = ORIENTED_EDGE ( 'NONE', *, *, #2419, .F. ) ;
#5416 = EDGE_CURVE ( 'NONE', #4391, #514, #6089, .T. ) ;
#5417 = CARTESIAN_POINT ( 'NONE',  ( -0.4475000000000001754, -2.299999999999999378, -0.07249999999999999500 ) ) ;
#5418 = ORIENTED_EDGE ( 'NONE', *, *, #3714, .F. ) ;
#5419 = SURFACE_STYLE_USAGE ( .BOTH. , #4848 ) ;
#5420 = CARTESIAN_POINT ( 'NONE',  ( -1.162282424338302089, -1.642282424338300739, 0.5500000000000000444 ) ) ;
#5421 = CARTESIAN_POINT ( 'NONE',  ( 1.097499999999999698, -3.199999999999999289, -0.6499999999999998002 ) ) ;
#5422 = SURFACE_STYLE_FILL_AREA ( #7122 ) ;
#5423 = ADVANCED_FACE ( 'NONE', ( #5521 ), #3219, .T. ) ;
#5424 = PLANE ( 'NONE',  #5379 ) ;
#5425 = SURFACE_STYLE_FILL_AREA ( #1426 ) ;
#5426 = AXIS2_PLACEMENT_3D ( 'NONE', #4076, #2311, #2852 ) ;
#5427 = ORIENTED_EDGE ( 'NONE', *, *, #3790, .F. ) ;
#5428 = VERTEX_POINT ( 'NONE', #2074 ) ;
#5429 = ORIENTED_EDGE ( 'NONE', *, *, #6194, .F. ) ;
#5430 = SURFACE_SIDE_STYLE ('',( #408 ) ) ;
#5431 = SURFACE_SIDE_STYLE ('',( #6691 ) ) ;
#5433 = VECTOR ( 'NONE', #1317, 1000.000000000000114 ) ;
#5432 = DIRECTION ( 'NONE',  ( 0.000000000000000000, 0.000000000000000000, 1.000000000000000000 ) ) ;
#5434 = STYLED_ITEM ( 'NONE', ( #1727 ), #3840 ) ;
#5435 = SURFACE_STYLE_USAGE ( .BOTH. , #1507 ) ;
#5436 = EDGE_CURVE ( 'NONE', #2010, #732, #2143, .T. ) ;
#5437 = DIRECTION ( 'NONE',  ( 1.000000000000000000, 0.000000000000000000, 0.000000000000000000 ) ) ;
#5438 = STYLED_ITEM ( 'NONE', ( #1505 ), #2201 ) ;
#5439 = AXIS2_PLACEMENT_3D ( 'NONE', #4241, #4348, #3816 ) ;
#5440 = SURFACE_SIDE_STYLE ('',( #7099 ) ) ;
#5441 = ORIENTED_EDGE ( 'NONE', *, *, #4086, .T. ) ;
#5442 = DIRECTION ( 'NONE',  ( 1.000000000000000000, 0.000000000000000000, 0.000000000000000000 ) ) ;
#5443 = VECTOR ( 'NONE', #6571, 1000.000000000000114 ) ;
#5444 = SURFACE_SIDE_STYLE ('',( #7061 ) ) ;
#5445 = CARTESIAN_POINT ( 'NONE',  ( 1.424999999999999600, -2.199999999999999289, 0.07249999999999999500 ) ) ;
#5446 = ORIENTED_EDGE ( 'NONE', *, *, #1572, .F. ) ;
#5447 = FILL_AREA_STYLE_COLOUR ( '', #2027 ) ;
#5448 = CYLINDRICAL_SURFACE ( 'NONE', #4117, 0.1000000000000001582 ) ;
#5449 = ORIENTED_EDGE ( 'NONE', *, *, #3682, .F. ) ;
#5450 = FACE_OUTER_BOUND ( 'NONE', #4200, .T. ) ;
#5451 = CARTESIAN_POINT ( 'NONE',  ( 0.8524999999999997025, 2.796534186440551739, -0.4764328467078228213 ) ) ;
#5452 = VECTOR ( 'NONE', #3142, 1000.000000000000000 ) ;
#5453 =( NAMED_UNIT ( * ) SI_UNIT ( $, .STERADIAN. ) SOLID_ANGLE_UNIT ( ) );
#5454 = CIRCLE ( 'NONE', #3804, 0.07499999999999981681 ) ;
#5455 = LINE ( 'NONE', #299, #3210 ) ;
#5456 = MECHANICAL_DESIGN_GEOMETRIC_PRESENTATION_REPRESENTATION (  '', ( #3680 ), #7214 ) ;
#5457 = AXIS2_PLACEMENT_3D ( 'NONE', #1748, #6689, #1611 ) ;
#5458 = MECHANICAL_DESIGN_GEOMETRIC_PRESENTATION_REPRESENTATION (  '', ( #6863 ), #6985 ) ;
#5459 = EDGE_CURVE ( 'NONE', #1990, #7264, #7004, .T. ) ;
#5460 = DIRECTION ( 'NONE',  ( 0.000000000000000000, 0.000000000000000000, 1.000000000000000000 ) ) ;
#5461 =( LENGTH_UNIT ( ) NAMED_UNIT ( * ) SI_UNIT ( .MILLI., .METRE. ) );
#5462 = UNCERTAINTY_MEASURE_WITH_UNIT (LENGTH_MEASURE( 1.000000000000000082E-05 ), #5217, 'distance_accuracy_value', 'NONE');
#5463 = ORIENTED_EDGE ( 'NONE', *, *, #1523, .T. ) ;
#5464 = ORIENTED_EDGE ( 'NONE', *, *, #1432, .F. ) ;
#5465 = VERTEX_POINT ( 'NONE', #6667 ) ;
#5466 = MECHANICAL_DESIGN_GEOMETRIC_PRESENTATION_REPRESENTATION (  '', ( #1330 ), #3097 ) ;
#5467 = PRESENTATION_STYLE_ASSIGNMENT (( #440 ) ) ;
#5468 = ADVANCED_FACE ( 'NONE', ( #1596 ), #6126, .T. ) ;
#5469 = MECHANICAL_DESIGN_GEOMETRIC_PRESENTATION_REPRESENTATION (  '', ( #4864 ), #3334 ) ;
#5470 =( LENGTH_UNIT ( ) NAMED_UNIT ( * ) SI_UNIT ( .MILLI., .METRE. ) );
#5471 = FILL_AREA_STYLE ('',( #6582 ) ) ;
#5472 = VERTEX_POINT ( 'NONE', #4163 ) ;
#5473 = DIRECTION ( 'NONE',  ( 0.000000000000000000, -0.9975640502598243087, 0.06975647374412519142 ) ) ;
#5474 = DIRECTION ( 'NONE',  ( 0.000000000000000000, 0.000000000000000000, -1.000000000000000000 ) ) ;
#5475 = CARTESIAN_POINT ( 'NONE',  ( -1.378661349777295930, -2.078661349777295886, -0.5094522230893238079 ) ) ;
#5476 = CARTESIAN_POINT ( 'NONE',  ( 1.499998880753507624, 2.125409738600888332, 0.07251064891903696852 ) ) ;
#5477 =( GEOMETRIC_REPRESENTATION_CONTEXT ( 3 ) GLOBAL_UNCERTAINTY_ASSIGNED_CONTEXT ( ( #6841 ) ) GLOBAL_UNIT_ASSIGNED_CONTEXT ( ( #4570, #4015, #4082 ) ) REPRESENTATION_CONTEXT ( 'NONE', 'WORKASPACE' ) );
#5478 = DIRECTION ( 'NONE',  ( 0.000000000000000000, 1.000000000000000000, 0.000000000000000000 ) ) ;
#5479 = EDGE_CURVE ( 'NONE', #5066, #378, #5796, .T. ) ;
#5480 = PRESENTATION_LAYER_ASSIGNMENT (  '', '', ( #3928 ) ) ;
#5481 = EDGE_LOOP ( 'NONE', ( #4947, #3687, #5250, #6052 ) ) ;
#5482 = CIRCLE ( 'NONE', #5124, 0.2000000000000002054 ) ;
#5483 = CARTESIAN_POINT ( 'NONE',  ( 1.499999999999999556, 2.124999999999999556, 0.07249999999999999500 ) ) ;
#5484 = PRESENTATION_LAYER_ASSIGNMENT (  '', '', ( #2855 ) ) ;
#5485 = CARTESIAN_POINT ( 'NONE',  ( -1.097500000000000142, 2.803509833814964214, -0.3766764416818402239 ) ) ;
#5486 =( LENGTH_UNIT ( ) NAMED_UNIT ( * ) SI_UNIT ( .MILLI., .METRE. ) );
#5487 = CARTESIAN_POINT ( 'NONE',  ( 0.8524999999999997025, 2.796534186440551739, -0.4764328467078229323 ) ) ;
#5488 =( GEOMETRIC_REPRESENTATION_CONTEXT ( 3 ) GLOBAL_UNCERTAINTY_ASSIGNED_CONTEXT ( ( #5164 ) ) GLOBAL_UNIT_ASSIGNED_CONTEXT ( ( #6827, #7274, #4536 ) ) REPRESENTATION_CONTEXT ( 'NONE', 'WORKASPACE' ) );
#5489 =( NAMED_UNIT ( * ) PLANE_ANGLE_UNIT ( ) SI_UNIT ( $, .RADIAN. ) );
#5490 = EDGE_LOOP ( 'NONE', ( #3897, #1584, #2384, #1701 ) ) ;
#5491 = DIRECTION ( 'NONE',  ( 0.000000000000000000, 0.000000000000000000, 1.000000000000000000 ) ) ;
#5492 = COLOUR_RGB ( '',0.8039215686274510109, 0.8039215686274510109, 0.8039215686274510109 ) ;
#5493 =( GEOMETRIC_REPRESENTATION_CONTEXT ( 3 ) GLOBAL_UNCERTAINTY_ASSIGNED_CONTEXT ( ( #1466 ) ) GLOBAL_UNIT_ASSIGNED_CONTEXT ( ( #1932, #842, #2956 ) ) REPRESENTATION_CONTEXT ( 'NONE', 'WORKASPACE' ) );
#5494 =( NAMED_UNIT ( * ) SI_UNIT ( $, .STERADIAN. ) SOLID_ANGLE_UNIT ( ) );
#5495 = VERTEX_POINT ( 'NONE', #853 ) ;
#5496 = DIRECTION ( 'NONE',  ( 0.000000000000000000, 0.000000000000000000, -1.000000000000000000 ) ) ;
#5497 = FILL_AREA_STYLE ('',( #2592 ) ) ;
#5498 = CARTESIAN_POINT ( 'NONE',  ( -1.162282424338302089, -1.642282424338300739, 0.5400000000000000355 ) ) ;
#5499 = APPLICATION_PROTOCOL_DEFINITION ( 'draft international standard', 'automotive_design', 1998, #4010 ) ;
#5500 =( LENGTH_UNIT ( ) NAMED_UNIT ( * ) SI_UNIT ( .MILLI., .METRE. ) );
#5501 = ORIENTED_EDGE ( 'NONE', *, *, #450, .T. ) ;
#5502 = ORIENTED_EDGE ( 'NONE', *, *, #5061, .T. ) ;
#5503 = CLOSED_SHELL ( 'NONE', ( #1175, #3415, #6842, #4725, #1819, #4090, #5612, #1703, #7, #5380, #716, #1661, #3744, #20 ) ) ;
#5504 = VERTEX_POINT ( 'NONE', #186 ) ;
#5505 =( BOUNDED_CURVE ( )  B_SPLINE_CURVE ( 3, ( #365, #6071, #992, #4299 ),
 .UNSPECIFIED., .F., .F. ) 
 B_SPLINE_CURVE_WITH_KNOTS ( ( 4, 4 ),
 ( 5.503250352303679982, 7.063120262055495147 ),
 .UNSPECIFIED. ) 
 CURVE ( )  GEOMETRIC_REPRESENTATION_ITEM ( )  RATIONAL_B_SPLINE_CURVE ( ( 1.000000000000000000, 0.8073061876036318196, 0.8073061876036318196, 1.000000000000000000 ) ) 
 REPRESENTATION_ITEM ( '' )  );
#5506 = DIRECTION ( 'NONE',  ( -1.000000000000000000, -3.038779738999323724E-16, 2.891205793294677439E-15 ) ) ;
#5507 = ORIENTED_EDGE ( 'NONE', *, *, #6480, .F. ) ;
#5508 = CYLINDRICAL_SURFACE ( 'NONE', #1521, 0.07499999999999998335 ) ;
#5509 = CARTESIAN_POINT ( 'NONE',  ( 0.8524999999999997025, -2.199999999999999289, -0.07249999999999999500 ) ) ;
#5510 = STYLED_ITEM ( 'NONE', ( #2103 ), #3068 ) ;
#5511 = PLANE ( 'NONE',  #6501 ) ;
#5512 = EDGE_CURVE ( 'NONE', #3422, #5594, #1797, .T. ) ;
#5513 = EDGE_CURVE ( 'NONE', #5874, #3871, #4999, .T. ) ;
#5514 =( LENGTH_UNIT ( ) NAMED_UNIT ( * ) SI_UNIT ( .MILLI., .METRE. ) );
#5515 =( LENGTH_UNIT ( ) NAMED_UNIT ( * ) SI_UNIT ( .MILLI., .METRE. ) );
#5516 = FILL_AREA_STYLE ('',( #2673 ) ) ;
#5517 = PLANE ( 'NONE',  #6141 ) ;
#5518 = ORIENTED_EDGE ( 'NONE', *, *, #4551, .F. ) ;
#5519 = CARTESIAN_POINT ( 'NONE',  ( 1.425409738600887266, 2.199998880753507802, 0.07251064891903699627 ) ) ;
#5520 = DIRECTION ( 'NONE',  ( 0.000000000000000000, -0.9945218953682734009, -0.1045284632676537068 ) ) ;
#5521 = FACE_OUTER_BOUND ( 'NONE', #3483, .T. ) ;
#5522 = EDGE_CURVE ( 'NONE', #5827, #524, #6812, .T. ) ;
#5523 = ORIENTED_EDGE ( 'NONE', *, *, #3476, .F. ) ;
#5524 = CARTESIAN_POINT ( 'NONE',  ( -1.500000000000000666, 2.125136580382890994, 0.07249999999999988398 ) ) ;
#5525 = STYLED_ITEM ( 'NONE', ( #6978 ), #4493 ) ;
#5526 = LINE ( 'NONE', #3341, #755 ) ;
#5527 = ORIENTED_EDGE ( 'NONE', *, *, #4378, .T. ) ;
#5528 = LINE ( 'NONE', #4475, #4155 ) ;
#5529 = FILL_AREA_STYLE ('',( #4367 ) ) ;
#5530 = SURFACE_SIDE_STYLE ('',( #5077 ) ) ;
#5531 =( BOUNDED_CURVE ( )  B_SPLINE_CURVE ( 3, ( #5157, #6417, #2329, #2994 ),
 .UNSPECIFIED., .F., .F. ) 
 B_SPLINE_CURVE_WITH_KNOTS ( ( 4, 4 ),
 ( 0.000000000000000000, 0.005463208521544811458 ),
 .UNSPECIFIED. ) 
 CURVE ( )  GEOMETRIC_REPRESENTATION_ITEM ( )  RATIONAL_B_SPLINE_CURVE ( ( 1.000000000000000000, 0.9999975127809339615, 0.9999975127809339615, 1.000000000000000000 ) ) 
 REPRESENTATION_ITEM ( '' )  );
#5532 = DIRECTION ( 'NONE',  ( 1.000000000000000000, 0.000000000000000000, 0.000000000000000000 ) ) ;
#5533 = UNCERTAINTY_MEASURE_WITH_UNIT (LENGTH_MEASURE( 1.000000000000000082E-05 ), #155, 'distance_accuracy_value', 'NONE');
#5534 = ORIENTED_EDGE ( 'NONE', *, *, #5681, .F. ) ;
#5535 = EDGE_LOOP ( 'NONE', ( #4485, #2706, #7184, #1836 ) ) ;
#5536 = VECTOR ( 'NONE', #2025, 1000.000000000000114 ) ;
#5537 = FACE_OUTER_BOUND ( 'NONE', #3406, .T. ) ;
#5538 = ORIENTED_EDGE ( 'NONE', *, *, #4495, .T. ) ;
#5539 = CARTESIAN_POINT ( 'NONE',  ( 1.097499999999999698, -2.502515066061893556, -0.03203957178574777520 ) ) ;
#5540 = CARTESIAN_POINT ( 'NONE',  ( -1.097500000000000142, 2.599999999999999645, -0.5153054482615858634 ) ) ;
#5541 = LINE ( 'NONE', #587, #5965 ) ;
#5542 = FILL_AREA_STYLE ('',( #1047 ) ) ;
#5543 = AXIS2_PLACEMENT_3D ( 'NONE', #51, #2426, #591 ) ;
#5544 = SURFACE_STYLE_FILL_AREA ( #3812 ) ;
#5545 = ORIENTED_EDGE ( 'NONE', *, *, #3959, .T. ) ;
#5546 = VECTOR ( 'NONE', #6811, 1000.000000000000114 ) ;
#5547 = SURFACE_SIDE_STYLE ('',( #4011 ) ) ;
#5548 = FACE_OUTER_BOUND ( 'NONE', #485, .T. ) ;
#5549 = COLOUR_RGB ( '',0.8039215686274510109, 0.8039215686274510109, 0.8039215686274510109 ) ;
#5550 = CIRCLE ( 'NONE', #1766, 0.1000000000000001582 ) ;
#5551 = EDGE_CURVE ( 'NONE', #2128, #3761, #3504, .T. ) ;
#5552 = CYLINDRICAL_SURFACE ( 'NONE', #750, 0.07500000000000002498 ) ;
#5553 = FILL_AREA_STYLE ('',( #3290 ) ) ;
#5554 = PRESENTATION_LAYER_ASSIGNMENT (  '', '', ( #1418 ) ) ;
#5555 = ORIENTED_EDGE ( 'NONE', *, *, #5302, .F. ) ;
#5556 = EDGE_CURVE ( 'NONE', #6316, #7264, #3708, .T. ) ;
#5557 = DIRECTION ( 'NONE',  ( 1.000000000000000000, 0.000000000000000000, 0.000000000000000000 ) ) ;
#5558 = DIRECTION ( 'NONE',  ( 1.000000000000000000, 0.000000000000000000, 0.000000000000000000 ) ) ;
#5559 = ORIENTED_EDGE ( 'NONE', *, *, #268, .F. ) ;
#5560 =( LENGTH_UNIT ( ) NAMED_UNIT ( * ) SI_UNIT ( .MILLI., .METRE. ) );
#5561 = CARTESIAN_POINT ( 'NONE',  ( 1.097499999999999698, -3.199999999999999289, -0.5046459247782298929 ) ) ;
#5562 = EDGE_CURVE ( 'NONE', #6169, #6868, #2381, .T. ) ;
#5563 =( LENGTH_UNIT ( ) NAMED_UNIT ( * ) SI_UNIT ( .MILLI., .METRE. ) );
#5564 =( GEOMETRIC_REPRESENTATION_CONTEXT ( 3 ) GLOBAL_UNCERTAINTY_ASSIGNED_CONTEXT ( ( #6274 ) ) GLOBAL_UNIT_ASSIGNED_CONTEXT ( ( #6887, #3608, #5900 ) ) REPRESENTATION_CONTEXT ( 'NONE', 'WORKASPACE' ) );
#5565 = SURFACE_STYLE_FILL_AREA ( #5125 ) ;
#5566 = ORIENTED_EDGE ( 'NONE', *, *, #5328, .F. ) ;
#5567 = FILL_AREA_STYLE ('',( #1138 ) ) ;
#5568 = COLOUR_RGB ( '',0.8039215686274510109, 0.8039215686274510109, 0.8039215686274510109 ) ;
#5569 = DIRECTION ( 'NONE',  ( 1.000000000000000000, 0.000000000000000000, 0.000000000000000000 ) ) ;
#5570 = SURFACE_STYLE_FILL_AREA ( #2170 ) ;
#5571 =( LENGTH_UNIT ( ) NAMED_UNIT ( * ) SI_UNIT ( .MILLI., .METRE. ) );
#5572 = ORIENTED_EDGE ( 'NONE', *, *, #3553, .T. ) ;
#5573 = FACE_OUTER_BOUND ( 'NONE', #1847, .T. ) ;
#5574 = PRESENTATION_STYLE_ASSIGNMENT (( #2810 ) ) ;
#5575 = AXIS2_PLACEMENT_3D ( 'NONE', #2482, #4036, #1886 ) ;
#5576 =( GEOMETRIC_REPRESENTATION_CONTEXT ( 3 ) GLOBAL_UNCERTAINTY_ASSIGNED_CONTEXT ( ( #2561 ) ) GLOBAL_UNIT_ASSIGNED_CONTEXT ( ( #5356, #3218, #4918 ) ) REPRESENTATION_CONTEXT ( 'NONE', 'WORKASPACE' ) );
#5577 =( GEOMETRIC_REPRESENTATION_CONTEXT ( 3 ) GLOBAL_UNCERTAINTY_ASSIGNED_CONTEXT ( ( #4697 ) ) GLOBAL_UNIT_ASSIGNED_CONTEXT ( ( #5014, #2125, #2164 ) ) REPRESENTATION_CONTEXT ( 'NONE', 'WORKASPACE' ) );
#5578 = PLANE ( 'NONE',  #6615 ) ;
#5579 = SURFACE_STYLE_USAGE ( .BOTH. , #6255 ) ;
#5580 =( GEOMETRIC_REPRESENTATION_CONTEXT ( 3 ) GLOBAL_UNCERTAINTY_ASSIGNED_CONTEXT ( ( #7070 ) ) GLOBAL_UNIT_ASSIGNED_CONTEXT ( ( #5709, #6310, #1344 ) ) REPRESENTATION_CONTEXT ( 'NONE', 'WORKASPACE' ) );
#5581 = MECHANICAL_DESIGN_GEOMETRIC_PRESENTATION_REPRESENTATION (  '', ( #1446 ), #5345 ) ;
#5582 = SURFACE_SIDE_STYLE ('',( #4946 ) ) ;
#5583 = CARTESIAN_POINT ( 'NONE',  ( -1.499999626916908912, 2.125273160256225147, -0.07250354964850760919 ) ) ;
#5584 = ORIENTED_EDGE ( 'NONE', *, *, #4879, .F. ) ;
#5585 =( GEOMETRIC_REPRESENTATION_CONTEXT ( 3 ) GLOBAL_UNCERTAINTY_ASSIGNED_CONTEXT ( ( #1534 ) ) GLOBAL_UNIT_ASSIGNED_CONTEXT ( ( #2218, #2719, #2761 ) ) REPRESENTATION_CONTEXT ( 'NONE', 'WORKASPACE' ) );
#5586 = VECTOR ( 'NONE', #945, 1000.000000000000000 ) ;
#5587 =( NAMED_UNIT ( * ) PLANE_ANGLE_UNIT ( ) SI_UNIT ( $, .RADIAN. ) );
#5588 = SURFACE_STYLE_USAGE ( .BOTH. , #6191 ) ;
#5589 = AXIS2_PLACEMENT_3D ( 'NONE', #3667, #3819, #4353 ) ;
#5590 = FACE_OUTER_BOUND ( 'NONE', #4431, .T. ) ;
#5591 = VECTOR ( 'NONE', #6248, 1000.000000000000227 ) ;
#5592 = LINE ( 'NONE', #2759, #160 ) ;
#5593 = MECHANICAL_DESIGN_GEOMETRIC_PRESENTATION_REPRESENTATION (  '', ( #2623 ), #6778 ) ;
#5594 = VERTEX_POINT ( 'NONE', #5909 ) ;
#5595 = EDGE_CURVE ( 'NONE', #4783, #6175, #110, .T. ) ;
#5596 = ADVANCED_FACE ( 'NONE', ( #1360 ), #2448, .T. ) ;
#5597 = ADVANCED_FACE ( 'NONE', ( #1946 ), #699, .F. ) ;
#5598 = PRESENTATION_STYLE_ASSIGNMENT (( #4546 ) ) ;
#5599 = FACE_OUTER_BOUND ( 'NONE', #4409, .T. ) ;
#5600 = AXIS2_PLACEMENT_3D ( 'NONE', #5288, #2542, #1913 ) ;
#5601 = ORIENTED_EDGE ( 'NONE', *, *, #6023, .T. ) ;
#5602 = PRESENTATION_STYLE_ASSIGNMENT (( #1810 ) ) ;
#5603 = PRESENTATION_STYLE_ASSIGNMENT (( #3927 ) ) ;
#5604 = PRESENTATION_LAYER_ASSIGNMENT (  '', '', ( #6320 ) ) ;
#5605 = PRESENTATION_LAYER_ASSIGNMENT (  '', '', ( #2058 ) ) ;
#5606 = SURFACE_SIDE_STYLE ('',( #4518 ) ) ;
#5607 = UNCERTAINTY_MEASURE_WITH_UNIT (LENGTH_MEASURE( 1.000000000000000082E-05 ), #2899, 'distance_accuracy_value', 'NONE');
#5608 = ORIENTED_EDGE ( 'NONE', *, *, #3054, .T. ) ;
#5609 = ORIENTED_EDGE ( 'NONE', *, *, #4687, .F. ) ;
#5610 = DIRECTION ( 'NONE',  ( 0.000000000000000000, -0.4773021410712618984, 0.8787392480871610845 ) ) ;
#5611 = VECTOR ( 'NONE', #5145, 1000.000000000000114 ) ;
#5612 = ADVANCED_FACE ( 'NONE', ( #2184 ), #3906, .F. ) ;
#5613 = PRESENTATION_STYLE_ASSIGNMENT (( #1107 ) ) ;
#5614 = EDGE_LOOP ( 'NONE', ( #864, #7017, #4236, #1303 ) ) ;
#5615 = SURFACE_STYLE_FILL_AREA ( #1006 ) ;
#5616 =( NAMED_UNIT ( * ) PLANE_ANGLE_UNIT ( ) SI_UNIT ( $, .RADIAN. ) );
#5617 = FILL_AREA_STYLE ('',( #481 ) ) ;
#5618 =( NAMED_UNIT ( * ) SI_UNIT ( $, .STERADIAN. ) SOLID_ANGLE_UNIT ( ) );
#5619 = AXIS2_PLACEMENT_3D ( 'NONE', #4705, #5795, #3614 ) ;
#5620 = DIRECTION ( 'NONE',  ( 0.000000000000000000, 0.000000000000000000, 1.000000000000000000 ) ) ;
#5621 = ORIENTED_EDGE ( 'NONE', *, *, #2549, .F. ) ;
#5622 =( LENGTH_UNIT ( ) NAMED_UNIT ( * ) SI_UNIT ( .MILLI., .METRE. ) );
#5623 = ORIENTED_EDGE ( 'NONE', *, *, #1744, .T. ) ;
#5624 = VECTOR ( 'NONE', #3215, 1000.000000000000227 ) ;
#5625 = SURFACE_STYLE_FILL_AREA ( #5029 ) ;
#5626 = CARTESIAN_POINT ( 'NONE',  ( 0.8524999999999997025, 2.502515066061893556, -0.03203957178574777520 ) ) ;
#5627 = ORIENTED_EDGE ( 'NONE', *, *, #1348, .F. ) ;
#5628 = SURFACE_STYLE_USAGE ( .BOTH. , #3407 ) ;
#5629 = ORIENTED_EDGE ( 'NONE', *, *, #2078, .T. ) ;
#5630 = CARTESIAN_POINT ( 'NONE',  ( 0.4474999999999997868, -2.299999999999999378, -0.07249999999999999500 ) ) ;
#5631 = DIRECTION ( 'NONE',  ( 0.000000000000000000, 0.000000000000000000, -1.000000000000000000 ) ) ;
#5632 =( LENGTH_UNIT ( ) NAMED_UNIT ( * ) SI_UNIT ( .MILLI., .METRE. ) );
#5633 =( NAMED_UNIT ( * ) SI_UNIT ( $, .STERADIAN. ) SOLID_ANGLE_UNIT ( ) );
#5634 = SURFACE_SIDE_STYLE ('',( #6642 ) ) ;
#5635 = VECTOR ( 'NONE', #2505, 1000.000000000000114 ) ;
#5636 = ORIENTED_EDGE ( 'NONE', *, *, #6405, .F. ) ;
#5637 = ORIENTED_EDGE ( 'NONE', *, *, #2813, .F. ) ;
#5638 = FILL_AREA_STYLE ('',( #2270 ) ) ;
#5639 = FILL_AREA_STYLE_COLOUR ( '', #7126 ) ;
#5640 = VERTEX_POINT ( 'NONE', #7247 ) ;
#5641 =( NAMED_UNIT ( * ) PLANE_ANGLE_UNIT ( ) SI_UNIT ( $, .RADIAN. ) );
#5642 = ORIENTED_EDGE ( 'NONE', *, *, #3431, .T. ) ;
#5643 = FILL_AREA_STYLE ('',( #6220 ) ) ;
#5644 = EDGE_CURVE ( 'NONE', #2550, #4783, #5654, .T. ) ;
#5645 = SURFACE_SIDE_STYLE ('',( #1041 ) ) ;
#5646 = PRESENTATION_STYLE_ASSIGNMENT (( #4428 ) ) ;
#5647 = VECTOR ( 'NONE', #1510, 1000.000000000000000 ) ;
#5648 = PRESENTATION_STYLE_ASSIGNMENT (( #84 ) ) ;
#5649 = DIRECTION ( 'NONE',  ( 0.000000000000000000, 0.000000000000000000, -1.000000000000000000 ) ) ;
#5650 = CARTESIAN_POINT ( 'NONE',  ( -0.4475000000000001754, 2.803509833814964214, -0.3766764416818402239 ) ) ;
#5651 = CARTESIAN_POINT ( 'NONE',  ( -0.2025000000000002076, -3.199999999999999289, -0.6499999999999998002 ) ) ;
#5652 = ORIENTED_EDGE ( 'NONE', *, *, #417, .F. ) ;
#5653 = ADVANCED_FACE ( 'NONE', ( #1079 ), #1119, .F. ) ;
#5654 = LINE ( 'NONE', #1626, #1113 ) ;
#5655 = DIRECTION ( 'NONE',  ( 0.1039620511844979445, -0.1039620511844979445, -0.9891328443778539814 ) ) ;
#5656 = SURFACE_STYLE_USAGE ( .BOTH. , #1154 ) ;
#5657 = EDGE_LOOP ( 'NONE', ( #5360, #1948, #2090, #7165 ) ) ;
#5658 = DIRECTION ( 'NONE',  ( 0.000000000000000000, -0.4773021410712616763, -0.8787392480871610845 ) ) ;
#5659 = MECHANICAL_DESIGN_GEOMETRIC_PRESENTATION_REPRESENTATION (  '', ( #1525 ), #6045 ) ;
#5660 = MECHANICAL_DESIGN_GEOMETRIC_PRESENTATION_REPRESENTATION (  '', ( #6374 ), #4115 ) ;
#5661 =( NAMED_UNIT ( * ) PLANE_ANGLE_UNIT ( ) SI_UNIT ( $, .RADIAN. ) );
#5662 =( NAMED_UNIT ( * ) PLANE_ANGLE_UNIT ( ) SI_UNIT ( $, .RADIAN. ) );
#5663 = PRESENTATION_LAYER_ASSIGNMENT (  '', '', ( #5438 ) ) ;
#5664 = VERTEX_POINT ( 'NONE', #6830 ) ;
#5665 = VECTOR ( 'NONE', #3511, 1000.000000000000114 ) ;
#5666 = FACE_OUTER_BOUND ( 'NONE', #1428, .T. ) ;
#5667 = PLANE ( 'NONE',  #5105 ) ;
#5668 = UNCERTAINTY_MEASURE_WITH_UNIT (LENGTH_MEASURE( 1.000000000000000082E-05 ), #4026, 'distance_accuracy_value', 'NONE');
#5669 = VECTOR ( 'NONE', #6600, 1000.000000000000227 ) ;
#5670 = ORIENTED_EDGE ( 'NONE', *, *, #3779, .F. ) ;
#5671 = ORIENTED_EDGE ( 'NONE', *, *, #6987, .T. ) ;
#5672 =( NAMED_UNIT ( * ) PLANE_ANGLE_UNIT ( ) SI_UNIT ( $, .RADIAN. ) );
#5673 =( NAMED_UNIT ( * ) PLANE_ANGLE_UNIT ( ) SI_UNIT ( $, .RADIAN. ) );
#5674 = ORIENTED_EDGE ( 'NONE', *, *, #2365, .F. ) ;
#5675 = CARTESIAN_POINT ( 'NONE',  ( -1.382282424338301841, -2.082282424338302018, -0.4750000000000000333 ) ) ;
#5676 = FILL_AREA_STYLE ('',( #3852 ) ) ;
#5677 = EDGE_CURVE ( 'NONE', #2229, #1649, #4497, .T. ) ;
#5678 = DIRECTION ( 'NONE',  ( 1.000000000000000000, 0.000000000000000000, 0.000000000000000000 ) ) ;
#5679 = EDGE_CURVE ( 'NONE', #1990, #5960, #58, .T. ) ;
#5680 = DIRECTION ( 'NONE',  ( 0.000000000000000000, -0.9945218953682732899, -0.1045284632676541231 ) ) ;
#5681 = EDGE_CURVE ( 'NONE', #147, #2167, #1368, .T. ) ;
#5682 =( NAMED_UNIT ( * ) PLANE_ANGLE_UNIT ( ) SI_UNIT ( $, .RADIAN. ) );
#5683 = COLOUR_RGB ( '',0.8039215686274510109, 0.8039215686274510109, 0.8039215686274510109 ) ;
#5684 = VECTOR ( 'NONE', #7041, 1000.000000000000227 ) ;
#5685 = DIRECTION ( 'NONE',  ( 0.000000000000000000, 0.000000000000000000, -1.000000000000000000 ) ) ;
#5686 =( NAMED_UNIT ( * ) PLANE_ANGLE_UNIT ( ) SI_UNIT ( $, .RADIAN. ) );
#5687 = VECTOR ( 'NONE', #6016, 1000.000000000000000 ) ;
#5688 = ORIENTED_EDGE ( 'NONE', *, *, #275, .F. ) ;
#5689 = VECTOR ( 'NONE', #1759, 1000.000000000000000 ) ;
#5690 = SURFACE_STYLE_USAGE ( .BOTH. , #1152 ) ;
#5691 = COLOUR_RGB ( '',0.8039215686274510109, 0.8039215686274510109, 0.8039215686274510109 ) ;
#5692 = VECTOR ( 'NONE', #6471, 1000.000000000000000 ) ;
#5693 = COLOUR_RGB ( '',0.8039215686274510109, 0.8039215686274510109, 0.8039215686274510109 ) ;
#5694 = AXIS2_PLACEMENT_3D ( 'NONE', #3997, #689, #2996 ) ;
#5695 = EDGE_CURVE ( 'NONE', #4278, #3442, #6515, .T. ) ;
#5696 = EDGE_CURVE ( 'NONE', #6020, #5465, #158, .T. ) ;
#5697 = ORIENTED_EDGE ( 'NONE', *, *, #6605, .T. ) ;
#5698 = STYLED_ITEM ( 'NONE', ( #3002 ), #2320 ) ;
#5699 = DIRECTION ( 'NONE',  ( 1.000000000000000000, 0.000000000000000000, -0.000000000000000000 ) ) ;
#5700 = EDGE_CURVE ( 'NONE', #855, #3430, #2430, .T. ) ;
#5701 = PRESENTATION_LAYER_ASSIGNMENT (  '', '', ( #2269 ) ) ;
#5702 = CARTESIAN_POINT ( 'NONE',  ( -0.4475000000000001754, -3.199999999999999289, -0.6499999999999998002 ) ) ;
#5703 = LINE ( 'NONE', #4615, #632 ) ;
#5704 = AXIS2_PLACEMENT_3D ( 'NONE', #3274, #372, #4267 ) ;
#5705 = VECTOR ( 'NONE', #2450, 1000.000000000000000 ) ;
#5706 = ORIENTED_EDGE ( 'NONE', *, *, #4886, .T. ) ;
#5707 =( NAMED_UNIT ( * ) PLANE_ANGLE_UNIT ( ) SI_UNIT ( $, .RADIAN. ) );
#5708 = PRESENTATION_LAYER_ASSIGNMENT (  '', '', ( #1576 ) ) ;
#5709 =( LENGTH_UNIT ( ) NAMED_UNIT ( * ) SI_UNIT ( .MILLI., .METRE. ) );
#5710 = CARTESIAN_POINT ( 'NONE',  ( 0.2024999999999997635, 2.299999999999999378, -0.1724999999999999867 ) ) ;
#5711 = PRESENTATION_STYLE_ASSIGNMENT (( #2475 ) ) ;
#5712 = VECTOR ( 'NONE', #475, 1000.000000000000000 ) ;
#5713 = DIRECTION ( 'NONE',  ( -0.9945218953682734009, 0.000000000000000000, 0.1045284632676537068 ) ) ;
#5714 = FILL_AREA_STYLE_COLOUR ( '', #4390 ) ;
#5715 = ORIENTED_EDGE ( 'NONE', *, *, #5644, .T. ) ;
#5716 = DIRECTION ( 'NONE',  ( 1.000000000000000000, 0.000000000000000000, 0.000000000000000000 ) ) ;
#5717 = DIRECTION ( 'NONE',  ( 0.000000000000000000, 0.4773021410712618984, 0.8787392480871610845 ) ) ;
#5718 = DIRECTION ( 'NONE',  ( 0.000000000000000000, 1.000000000000000000, 0.000000000000000000 ) ) ;
#5719 = DIRECTION ( 'NONE',  ( 0.000000000000000000, -1.000000000000000000, 0.000000000000000000 ) ) ;
#5720 = AXIS2_PLACEMENT_3D ( 'NONE', #3399, #1764, #5649 ) ;
#5721 = EDGE_LOOP ( 'NONE', ( #1557, #1822, #6337, #1671 ) ) ;
#5722 = FILL_AREA_STYLE_COLOUR ( '', #5 ) ;
#5723 = ORIENTED_EDGE ( 'NONE', *, *, #6949, .F. ) ;
#5724 = COLOUR_RGB ( '',0.8039215686274510109, 0.8039215686274510109, 0.8039215686274510109 ) ;
#5725 = SURFACE_STYLE_FILL_AREA ( #6285 ) ;
#5726 = DIRECTION ( 'NONE',  ( 1.000000000000000000, 0.000000000000000000, 0.000000000000000000 ) ) ;
#5727 =( GEOMETRIC_REPRESENTATION_CONTEXT ( 3 ) GLOBAL_UNCERTAINTY_ASSIGNED_CONTEXT ( ( #5995 ) ) GLOBAL_UNIT_ASSIGNED_CONTEXT ( ( #3411, #3384, #5633 ) ) REPRESENTATION_CONTEXT ( 'NONE', 'WORKASPACE' ) );
#5728 = FILL_AREA_STYLE ('',( #4954 ) ) ;
#5729 = DIRECTION ( 'NONE',  ( 0.000000000000000000, 0.000000000000000000, -1.000000000000000000 ) ) ;
#5730 = SURFACE_STYLE_USAGE ( .BOTH. , #4603 ) ;
#5731 = FACE_OUTER_BOUND ( 'NONE', #1103, .T. ) ;
#5732 =( NAMED_UNIT ( * ) SI_UNIT ( $, .STERADIAN. ) SOLID_ANGLE_UNIT ( ) );
#5733 = EDGE_CURVE ( 'NONE', #1165, #6813, #231, .T. ) ;
#5734 = SPHERICAL_SURFACE ( 'NONE', #7202, 0.07499999999999999722 ) ;
#5735 =( LENGTH_UNIT ( ) NAMED_UNIT ( * ) SI_UNIT ( .MILLI., .METRE. ) );
#5736 =( NAMED_UNIT ( * ) PLANE_ANGLE_UNIT ( ) SI_UNIT ( $, .RADIAN. ) );
#5737 = ORIENTED_EDGE ( 'NONE', *, *, #5877, .F. ) ;
#5738 = CARTESIAN_POINT ( 'NONE',  ( -1.425409738600888154, -2.199998880753507802, 0.07251064891903699627 ) ) ;
#5739 = CYLINDRICAL_SURFACE ( 'NONE', #1000, 0.07499999999999998335 ) ;
#5740 = AXIS2_PLACEMENT_3D ( 'NONE', #315, #4180, #346 ) ;
#5741 = CARTESIAN_POINT ( 'NONE',  ( 0.4474999999999997868, -2.299999999999999378, -0.07249999999999999500 ) ) ;
#5742 = CYLINDRICAL_SURFACE ( 'NONE', #3101, 0.2199999999999999178 ) ;
#5743 = VERTEX_POINT ( 'NONE', #7055 ) ;
#5744 = PRESENTATION_STYLE_ASSIGNMENT (( #1776 ) ) ;
#5745 = DIRECTION ( 'NONE',  ( 0.000000000000000000, -0.000000000000000000, 1.000000000000000000 ) ) ;
#5746 =( NAMED_UNIT ( * ) PLANE_ANGLE_UNIT ( ) SI_UNIT ( $, .RADIAN. ) );
#5747 = CARTESIAN_POINT ( 'NONE',  ( 0.8524999999999997025, -2.387873924808715298, -0.1247697858928739911 ) ) ;
#5748 = PRESENTATION_STYLE_ASSIGNMENT (( #2407 ) ) ;
#5749 = UNCERTAINTY_MEASURE_WITH_UNIT (LENGTH_MEASURE( 1.000000000000000082E-05 ), #1235, 'distance_accuracy_value', 'NONE');
#5750 = ORIENTED_EDGE ( 'NONE', *, *, #6741, .T. ) ;
#5751 = DIRECTION ( 'NONE',  ( 0.000000000000000000, 0.000000000000000000, -1.000000000000000000 ) ) ;
#5752 = CARTESIAN_POINT ( 'NONE',  ( 0.4474999999999997868, -2.803509833814964214, -0.3766764416818402239 ) ) ;
#5753 = LINE ( 'NONE', #5200, #3670 ) ;
#5754 = CARTESIAN_POINT ( 'NONE',  ( 0.8524999999999997025, 2.199999999999999289, -0.07249999999999999500 ) ) ;
#5755 = FACE_OUTER_BOUND ( 'NONE', #2664, .T. ) ;
#5756 = DIRECTION ( 'NONE',  ( 0.000000000000000000, 1.000000000000000000, 0.000000000000000000 ) ) ;
#5757 = LINE ( 'NONE', #4157, #784 ) ;
#5758 = CARTESIAN_POINT ( 'NONE',  ( 1.425409738600887710, -2.199998880753507358, -0.07251064891903691301 ) ) ;
#5759 =( GEOMETRIC_REPRESENTATION_CONTEXT ( 3 ) GLOBAL_UNCERTAINTY_ASSIGNED_CONTEXT ( ( #5607 ) ) GLOBAL_UNIT_ASSIGNED_CONTEXT ( ( #2899, #904, #937 ) ) REPRESENTATION_CONTEXT ( 'NONE', 'WORKASPACE' ) );
#5760 = DIRECTION ( 'NONE',  ( 0.000000000000000000, -1.000000000000000000, 0.000000000000000000 ) ) ;
#5761 = CARTESIAN_POINT ( 'NONE',  ( -1.425409738600889042, 2.199998880753507802, -0.07251064891903279130 ) ) ;
#5762 = CARTESIAN_POINT ( 'NONE',  ( -1.097500000000000142, -2.326767216444461273, 0.07249999999999999500 ) ) ;
#5763 = VERTEX_POINT ( 'NONE', #756 ) ;
#5764 =( LENGTH_UNIT ( ) NAMED_UNIT ( * ) SI_UNIT ( .MILLI., .METRE. ) );
#5765 = ADVANCED_FACE ( 'NONE', ( #794 ), #861, .T. ) ;
#5766 = FACE_OUTER_BOUND ( 'NONE', #5215, .T. ) ;
#5767 = LINE ( 'NONE', #6360, #2467 ) ;
#5768 = DIRECTION ( 'NONE',  ( 1.000000000000000000, 0.000000000000000000, 0.000000000000000000 ) ) ;
#5769 = FACE_OUTER_BOUND ( 'NONE', #2026, .T. ) ;
#5770 = STYLED_ITEM ( 'NONE', ( #3080 ), #4269 ) ;
#5771 =( LENGTH_UNIT ( ) NAMED_UNIT ( * ) SI_UNIT ( .MILLI., .METRE. ) );
#5772 = VERTEX_POINT ( 'NONE', #5924 ) ;
#5773 = FILL_AREA_STYLE_COLOUR ( '', #1925 ) ;
#5774 = EDGE_CURVE ( 'NONE', #568, #1155, #5004, .T. ) ;
#5776 =( NAMED_UNIT ( * ) PLANE_ANGLE_UNIT ( ) SI_UNIT ( $, .RADIAN. ) );
#5775 = FACE_OUTER_BOUND ( 'NONE', #4837, .T. ) ;
#5777 = DIRECTION ( 'NONE',  ( 1.000000000000000000, 0.000000000000000000, 0.000000000000000000 ) ) ;
#5778 = EDGE_CURVE ( 'NONE', #5987, #959, #2984, .T. ) ;
#5779 = EDGE_LOOP ( 'NONE', ( #2697, #6953, #1746, #5534 ) ) ;
#5780 = UNCERTAINTY_MEASURE_WITH_UNIT (LENGTH_MEASURE( 1.000000000000000082E-05 ), #7010, 'distance_accuracy_value', 'NONE');
#5781 = PRESENTATION_LAYER_ASSIGNMENT (  '', '', ( #6374 ) ) ;
#5782 = SURFACE_STYLE_FILL_AREA ( #3524 ) ;
#5783 = AXIS2_PLACEMENT_3D ( 'NONE', #3918, #4960, #6200 ) ;
#5784 = PRESENTATION_LAYER_ASSIGNMENT (  '', '', ( #3995 ) ) ;
#5785 = PRESENTATION_STYLE_ASSIGNMENT (( #3527 ) ) ;
#5786 = AXIS2_PLACEMENT_3D ( 'NONE', #86, #560, #6733 ) ;
#5787 = VERTEX_POINT ( 'NONE', #1335 ) ;
#5788 = CARTESIAN_POINT ( 'NONE',  ( 0.8524999999999997025, 2.199999999999999289, -0.07249999999999999500 ) ) ;
#5789 = EDGE_CURVE ( 'NONE', #4901, #6910, #4682, .T. ) ;
#5790 = DIRECTION ( 'NONE',  ( 0.000000000000000000, 0.000000000000000000, -1.000000000000000000 ) ) ;
#5791 = ORIENTED_EDGE ( 'NONE', *, *, #634, .T. ) ;
#5792 = CARTESIAN_POINT ( 'NONE',  ( -0.4475000000000001754, -2.599999999999999645, -0.5153054482615858634 ) ) ;
#5793 = FILL_AREA_STYLE_COLOUR ( '', #2739 ) ;
#5794 = CARTESIAN_POINT ( 'NONE',  ( 0.8524999999999997025, -2.502515066061893556, -0.03203957178574777520 ) ) ;
#5795 = DIRECTION ( 'NONE',  ( 0.000000000000000000, 0.06975647374412530244, 0.9975640502598243087 ) ) ;
#5796 = LINE ( 'NONE', #741, #4041 ) ;
#5797 = VERTEX_POINT ( 'NONE', #6980 ) ;
#5798 = ORIENTED_EDGE ( 'NONE', *, *, #634, .F. ) ;
#5799 =( LENGTH_UNIT ( ) NAMED_UNIT ( * ) SI_UNIT ( .MILLI., .METRE. ) );
#5800 = CARTESIAN_POINT ( 'NONE',  ( 1.499999999999999556, -2.124999999999999112, 0.07249999999999999500 ) ) ;
#5801 = VECTOR ( 'NONE', #3078, 1000.000000000000000 ) ;
#5802 = CARTESIAN_POINT ( 'NONE',  ( -0.2025000000000002076, 2.502515066061893556, -0.03203957178574777520 ) ) ;
#5803 = COLOUR_RGB ( '',0.2862745098039215508, 0.2862745098039215508, 0.2862745098039215508 ) ;
#5804 =( GEOMETRIC_REPRESENTATION_CONTEXT ( 3 ) GLOBAL_UNCERTAINTY_ASSIGNED_CONTEXT ( ( #4794 ) ) GLOBAL_UNIT_ASSIGNED_CONTEXT ( ( #3788, #433, #2004 ) ) REPRESENTATION_CONTEXT ( 'NONE', 'WORKASPACE' ) );
#5805 = DIRECTION ( 'NONE',  ( -1.000000000000000000, -0.000000000000000000, -0.000000000000000000 ) ) ;
#5806 = EDGE_LOOP ( 'NONE', ( #6218, #6982, #6055, #644 ) ) ;
#5807 = CARTESIAN_POINT ( 'NONE',  ( -1.097500000000000142, -3.199999999999999289, -0.5046459247782298929 ) ) ;
#5808 = AXIS2_PLACEMENT_3D ( 'NONE', #510, #5019, #7266 ) ;
#5809 = VECTOR ( 'NONE', #1458, 1000.000000000000000 ) ;
#5810 = CARTESIAN_POINT ( 'NONE',  ( 0.8524999999999997025, 2.199999999999999289, 0.07249999999999999500 ) ) ;
#5811 = STYLED_ITEM ( 'NONE', ( #3304 ), #2541 ) ;
#5812 = ORIENTED_EDGE ( 'NONE', *, *, #4879, .T. ) ;
#5813 = VECTOR ( 'NONE', #5390, 1000.000000000000000 ) ;
#5814 = AXIS2_PLACEMENT_3D ( 'NONE', #2692, #6208, #1606 ) ;
#5815 = CARTESIAN_POINT ( 'NONE',  ( 1.499998880753507846, -2.125409738600887444, 0.07251064891903695464 ) ) ;
#5816 = VECTOR ( 'NONE', #428, 1000.000000000000000 ) ;
#5817 = CARTESIAN_POINT ( 'NONE',  ( 0.2024999999999997635, -3.199999999999999289, -0.5046459247782298929 ) ) ;
#5818 = MECHANICAL_DESIGN_GEOMETRIC_PRESENTATION_REPRESENTATION (  '', ( #6085 ), #6653 ) ;
#5819 = EDGE_CURVE ( 'NONE', #3617, #3893, #1400, .T. ) ;
#5820 = EDGE_CURVE ( 'NONE', #1, #6818, #721, .T. ) ;
#5821 = PRESENTATION_LAYER_ASSIGNMENT (  '', '', ( #2981 ) ) ;
#5822 = PRESENTATION_STYLE_ASSIGNMENT (( #1852 ) ) ;
#5823 = UNCERTAINTY_MEASURE_WITH_UNIT (LENGTH_MEASURE( 1.000000000000000082E-05 ), #582, 'distance_accuracy_value', 'NONE');
#5824 = PRESENTATION_LAYER_ASSIGNMENT (  '', '', ( #163 ) ) ;
#5825 = ORIENTED_EDGE ( 'NONE', *, *, #6240, .F. ) ;
#5826 =( LENGTH_UNIT ( ) NAMED_UNIT ( * ) SI_UNIT ( .MILLI., .METRE. ) );
#5827 = VERTEX_POINT ( 'NONE', #6450 ) ;
#5828 = MECHANICAL_DESIGN_GEOMETRIC_PRESENTATION_REPRESENTATION (  '', ( #1694 ), #3587 ) ;
#5829 = LINE ( 'NONE', #4150, #3797 ) ;
#5830 = LINE ( 'NONE', #3037, #2625 ) ;
#5831 = DIRECTION ( 'NONE',  ( 1.000000000000000000, -0.000000000000000000, 0.000000000000000000 ) ) ;
#5832 = CARTESIAN_POINT ( 'NONE',  ( 1.424999999999999600, -2.199999999999999289, 0.07249999999999999500 ) ) ;
#5833 = UNCERTAINTY_MEASURE_WITH_UNIT (LENGTH_MEASURE( 1.000000000000000082E-05 ), #3991, 'distance_accuracy_value', 'NONE');
#5834 = FILL_AREA_STYLE ('',( #2967 ) ) ;
#5835 = SURFACE_STYLE_USAGE ( .BOTH. , #5318 ) ;
#5836 =( NAMED_UNIT ( * ) PLANE_ANGLE_UNIT ( ) SI_UNIT ( $, .RADIAN. ) );
#5837 = AXIS2_PLACEMENT_3D ( 'NONE', #1972, #3610, #5867 ) ;
#5838 = MANIFOLD_SOLID_BREP ( 'Cut-Extrude1', #3609 ) ;
#5839 = PLANE ( 'NONE',  #989 ) ;
#5840 = ORIENTED_EDGE ( 'NONE', *, *, #646, .F. ) ;
#5841 = EDGE_CURVE ( 'NONE', #4199, #2306, #4235, .T. ) ;
#5842 = EDGE_LOOP ( 'NONE', ( #1709, #1518, #1812, #3965 ) ) ;
#5843 = STYLED_ITEM ( 'NONE', ( #6660 ), #5850 ) ;
#5844 = SURFACE_STYLE_USAGE ( .BOTH. , #307 ) ;
#5845 = DIRECTION ( 'NONE',  ( -0.1039620511844979306, 0.1039620511844979306, -0.9891328443778538704 ) ) ;
#5846 = SURFACE_SIDE_STYLE ('',( #6400 ) ) ;
#5847 = DIRECTION ( 'NONE',  ( 0.000000000000000000, 0.000000000000000000, -1.000000000000000000 ) ) ;
#5848 = DIRECTION ( 'NONE',  ( 0.000000000000000000, 0.000000000000000000, -1.000000000000000000 ) ) ;
#5849 = SURFACE_STYLE_FILL_AREA ( #274 ) ;
#5850 = ADVANCED_FACE ( 'NONE', ( #6011, #416 ), #6050, .T. ) ;
#5851 = ORIENTED_EDGE ( 'NONE', *, *, #1543, .F. ) ;
#5852 = DIRECTION ( 'NONE',  ( -1.000000000000000000, -0.000000000000000000, -0.000000000000000000 ) ) ;
#5853 = UNCERTAINTY_MEASURE_WITH_UNIT (LENGTH_MEASURE( 1.000000000000000082E-05 ), #964, 'distance_accuracy_value', 'NONE');
#5854 = DIRECTION ( 'NONE',  ( -0.000000000000000000, 0.000000000000000000, -1.000000000000000000 ) ) ;
#5855 = DIRECTION ( 'NONE',  ( 0.000000000000000000, 0.000000000000000000, -1.000000000000000000 ) ) ;
#5856 = FACE_OUTER_BOUND ( 'NONE', #6002, .T. ) ;
#5857 = ORIENTED_EDGE ( 'NONE', *, *, #403, .T. ) ;
#5858 =( NAMED_UNIT ( * ) SI_UNIT ( $, .STERADIAN. ) SOLID_ANGLE_UNIT ( ) );
#5859 = VECTOR ( 'NONE', #6350, 1000.000000000000000 ) ;
#5860 = CARTESIAN_POINT ( 'NONE',  ( 0.000000000000000000, -2.082282424338301130, -0.5500000000000000444 ) ) ;
#5861 = SURFACE_STYLE_FILL_AREA ( #724 ) ;
#5862 = AXIS2_PLACEMENT_3D ( 'NONE', #1183, #6260, #3947 ) ;
#5863 = ORIENTED_EDGE ( 'NONE', *, *, #2197, .F. ) ;
#5864 = SURFACE_STYLE_FILL_AREA ( #5198 ) ;
#5865 = CARTESIAN_POINT ( 'NONE',  ( -1.382282424338302063, 2.082282424338300686, 0.5500000000000000444 ) ) ;
#5866 = CARTESIAN_POINT ( 'NONE',  ( 1.425273160256224747, -2.199999626916907314, -0.07250354964850759532 ) ) ;
#5867 = DIRECTION ( 'NONE',  ( 0.000000000000000000, -0.9975640502598241977, -0.06975647374412528856 ) ) ;
#5868 = CARTESIAN_POINT ( 'NONE',  ( -0.4475000000000001754, 3.199999999999999289, -0.5046459247782298929 ) ) ;
#5869 = FILL_AREA_STYLE ('',( #6926 ) ) ;
#5870 = SURFACE_STYLE_USAGE ( .BOTH. , #1357 ) ;
#5871 = CARTESIAN_POINT ( 'NONE',  ( -1.499998880753508512, -2.125409738600888332, 0.07251064891903696852 ) ) ;
#5872 = CARTESIAN_POINT ( 'NONE',  ( 0.4474999999999997868, 2.199999999999999289, 0.07249999999999999500 ) ) ;
#5873 = ORIENTED_EDGE ( 'NONE', *, *, #2915, .T. ) ;
#5874 = VERTEX_POINT ( 'NONE', #3211 ) ;
#5875 = SURFACE_SIDE_STYLE ('',( #4122 ) ) ;
#5876 = FACE_OUTER_BOUND ( 'NONE', #4827, .T. ) ;
#5877 = EDGE_CURVE ( 'NONE', #6466, #5787, #376, .T. ) ;
#5878 = DIRECTION ( 'NONE',  ( 1.000000000000000000, 0.000000000000000000, 0.000000000000000000 ) ) ;
#5879 = PRESENTATION_LAYER_ASSIGNMENT (  '', '', ( #1731 ) ) ;
#5880 = FILL_AREA_STYLE ('',( #113 ) ) ;
#5881 = DIRECTION ( 'NONE',  ( 0.1039620511844979306, -0.1039620511844979306, 0.9891328443778538704 ) ) ;
#5882 =( NAMED_UNIT ( * ) PLANE_ANGLE_UNIT ( ) SI_UNIT ( $, .RADIAN. ) );
#5883 = FILL_AREA_STYLE_COLOUR ( '', #7133 ) ;
#5884 = AXIS2_PLACEMENT_3D ( 'NONE', #2743, #2093, #7131 ) ;
#5885 = EDGE_CURVE ( 'NONE', #3505, #3532, #4415, .T. ) ;
#5886 = ORIENTED_EDGE ( 'NONE', *, *, #175, .F. ) ;
#5887 = CARTESIAN_POINT ( 'NONE',  ( 1.097499999999999698, 2.199999999999999289, -0.07249999999999999500 ) ) ;
#5889 =( NAMED_UNIT ( * ) PLANE_ANGLE_UNIT ( ) SI_UNIT ( $, .RADIAN. ) );
#5888 = CARTESIAN_POINT ( 'NONE',  ( -1.097500000000000142, -3.199999999999999289, -0.6499999999999998002 ) ) ;
#5890 = VECTOR ( 'NONE', #2464, 1000.000000000000000 ) ;
#5891 = ORIENTED_EDGE ( 'NONE', *, *, #199, .F. ) ;
#5892 = CYLINDRICAL_SURFACE ( 'NONE', #2722, 0.07499999999999998335 ) ;
#5893 = VECTOR ( 'NONE', #7218, 1000.000000000000000 ) ;
#5894 = MANIFOLD_SOLID_BREP ( 'LPattern1[4]', #3491 ) ;
#5895 = SURFACE_STYLE_USAGE ( .BOTH. , #128 ) ;
#5896 = UNCERTAINTY_MEASURE_WITH_UNIT (LENGTH_MEASURE( 1.000000000000000082E-05 ), #3049, 'distance_accuracy_value', 'NONE');
#5897 = ORIENTED_EDGE ( 'NONE', *, *, #5436, .T. ) ;
#5898 = FILL_AREA_STYLE ('',( #3639 ) ) ;
#5899 = CARTESIAN_POINT ( 'NONE',  ( -0.7222824243383022536, -1.642282424338300739, 0.5400000000000000355 ) ) ;
#5900 =( NAMED_UNIT ( * ) SI_UNIT ( $, .STERADIAN. ) SOLID_ANGLE_UNIT ( ) );
#5901 = CARTESIAN_POINT ( 'NONE',  ( -1.162282424338302089, -1.642282424338300739, 0.5400000000000000355 ) ) ;
#5902 = PLANE ( 'NONE',  #4225 ) ;
#5903 = DIRECTION ( 'NONE',  ( 0.000000000000000000, 0.4773021410712616763, -0.8787392480871610845 ) ) ;
#5904 = COLOUR_RGB ( '',0.2862745098039215508, 0.2862745098039215508, 0.2862745098039215508 ) ;
#5905 = UNCERTAINTY_MEASURE_WITH_UNIT (LENGTH_MEASURE( 1.000000000000000082E-05 ), #3152, 'distance_accuracy_value', 'NONE');
#5906 = COLOUR_RGB ( '',0.8039215686274510109, 0.8039215686274510109, 0.8039215686274510109 ) ;
#5907 = CARTESIAN_POINT ( 'NONE',  ( -1.382282424338301841, -2.082282424338301130, -0.4750000000000000333 ) ) ;
#5908 = DIRECTION ( 'NONE',  ( 0.1039620511844980139, 0.1039620511844989159, 0.9891328443778537594 ) ) ;
#5909 = CARTESIAN_POINT ( 'NONE',  ( 0.4474999999999997868, -2.387873924808715298, -0.1247697858928739911 ) ) ;
#5910 = MANIFOLD_SOLID_BREP ( 'LPattern1[2]', #5503 ) ;
#5911 = ORIENTED_EDGE ( 'NONE', *, *, #7212, .T. ) ;
#5912 = ORIENTED_EDGE ( 'NONE', *, *, #7286, .T. ) ;
#5913 = PRESENTATION_STYLE_ASSIGNMENT (( #3653 ) ) ;
#5914 = COLOUR_RGB ( '',0.2862745098039215508, 0.2862745098039215508, 0.2862745098039215508 ) ;
#5915 = MECHANICAL_DESIGN_GEOMETRIC_PRESENTATION_REPRESENTATION (  '', ( #4009 ), #955 ) ;
#5916 = DIRECTION ( 'NONE',  ( -0.1039620511844979306, -0.1039620511844979306, -0.9891328443778538704 ) ) ;
#5917 = DIRECTION ( 'NONE',  ( 0.000000000000000000, -0.8787392480871611955, 0.4773021410712616763 ) ) ;
#5918 = EDGE_CURVE ( 'NONE', #1524, #1376, #3979, .T. ) ;
#5919 = DIRECTION ( 'NONE',  ( -1.000000000000000000, 0.000000000000000000, 0.000000000000000000 ) ) ;
#5920 = ADVANCED_FACE ( 'NONE', ( #3474 ), #4573, .T. ) ;
#5921 = EDGE_CURVE ( 'NONE', #304, #334, #6289, .T. ) ;
#5922 = DIRECTION ( 'NONE',  ( 1.000000000000000000, 0.000000000000000000, 0.000000000000000000 ) ) ;
#5923 =( LENGTH_UNIT ( ) NAMED_UNIT ( * ) SI_UNIT ( .MILLI., .METRE. ) );
#5924 = CARTESIAN_POINT ( 'NONE',  ( 1.499999999999999556, 2.124999999999999556, 0.07249999999999999500 ) ) ;
#5925 = CARTESIAN_POINT ( 'NONE',  ( -0.8525000000000001465, 2.199999999999999289, 0.07249999999999999500 ) ) ;
#5926 = ORIENTED_EDGE ( 'NONE', *, *, #450, .F. ) ;
#5927 = AXIS2_PLACEMENT_3D ( 'NONE', #5048, #2807, #2308 ) ;
#5928 = LINE ( 'NONE', #3774, #4434 ) ;
#5929 = UNCERTAINTY_MEASURE_WITH_UNIT (LENGTH_MEASURE( 1.000000000000000082E-05 ), #5394, 'distance_accuracy_value', 'NONE');
#5930 = DIRECTION ( 'NONE',  ( -1.000000000000000000, -0.000000000000000000, -0.000000000000000000 ) ) ;
#5931 = CARTESIAN_POINT ( 'NONE',  ( 0.2024999999999997635, -2.775747849617431928, -0.4198450200473335392 ) ) ;
#5932 = FILL_AREA_STYLE_COLOUR ( '', #4403 ) ;
#5933 = MECHANICAL_DESIGN_GEOMETRIC_PRESENTATION_REPRESENTATION (  '', ( #2833 ), #739 ) ;
#5934 = AXIS2_PLACEMENT_3D ( 'NONE', #6745, #4476, #1132 ) ;
#5935 = ADVANCED_FACE ( 'NONE', ( #589 ), #1802, .T. ) ;
#5936 = DIRECTION ( 'NONE',  ( 1.000000000000000000, 0.000000000000000000, 0.000000000000000000 ) ) ;
#5937 = PRESENTATION_LAYER_ASSIGNMENT (  '', '', ( #6177 ) ) ;
#5938 = ORIENTED_EDGE ( 'NONE', *, *, #578, .T. ) ;
#5939 = SURFACE_SIDE_STYLE ('',( #6022 ) ) ;
#5940 = VECTOR ( 'NONE', #5103, 1000.000000000000114 ) ;
#5941 = PRESENTATION_LAYER_ASSIGNMENT (  '', '', ( #2721 ) ) ;
#5942 = SURFACE_SIDE_STYLE ('',( #2588 ) ) ;
#5943 = LINE ( 'NONE', #4188, #5809 ) ;
#5944 = MECHANICAL_DESIGN_GEOMETRIC_PRESENTATION_REPRESENTATION (  '', ( #4739 ), #5107 ) ;
#5945 = MECHANICAL_DESIGN_GEOMETRIC_PRESENTATION_REPRESENTATION (  '', ( #7114 ), #3914 ) ;
#5946 = COLOUR_RGB ( '',0.2862745098039215508, 0.2862745098039215508, 0.2862745098039215508 ) ;
#5947 = ORIENTED_EDGE ( 'NONE', *, *, #5820, .F. ) ;
#5948 = CARTESIAN_POINT ( 'NONE',  ( -0.8525000000000001465, -3.199999999999999289, -0.6499999999999998002 ) ) ;
#5949 = STYLED_ITEM ( 'NONE', ( #2264 ), #4956 ) ;
#5950 = CARTESIAN_POINT ( 'NONE',  ( -0.8525000000000001465, 2.796534186440551739, -0.4764328467078228213 ) ) ;
#5951 = AXIS2_PLACEMENT_3D ( 'NONE', #5817, #4693, #3031 ) ;
#5952 = SURFACE_STYLE_FILL_AREA ( #5393 ) ;
#5953 = PRESENTATION_STYLE_ASSIGNMENT (( #6031 ) ) ;
#5954 = CIRCLE ( 'NONE', #2271, 0.2199999999999999178 ) ;
#5955 = SURFACE_SIDE_STYLE ('',( #3124 ) ) ;
#5956 = COLOUR_RGB ( '',0.8039215686274510109, 0.8039215686274510109, 0.8039215686274510109 ) ;
#5957 = FILL_AREA_STYLE ('',( #4369 ) ) ;
#5958 = DIRECTION ( 'NONE',  ( 0.000000000000000000, -0.9945218953682731788, 0.1045284632676548170 ) ) ;
#5959 = SURFACE_STYLE_FILL_AREA ( #303 ) ;
#5960 = VERTEX_POINT ( 'NONE', #4228 ) ;
#5961 = MECHANICAL_DESIGN_GEOMETRIC_PRESENTATION_REPRESENTATION (  '', ( #7008 ), #2390 ) ;
#5962 = VERTEX_POINT ( 'NONE', #2933 ) ;
#5963 = ORIENTED_EDGE ( 'NONE', *, *, #2723, .T. ) ;
#5964 =( NAMED_UNIT ( * ) SI_UNIT ( $, .STERADIAN. ) SOLID_ANGLE_UNIT ( ) );
#5965 = VECTOR ( 'NONE', #3366, 1000.000000000000114 ) ;
#5966 =( LENGTH_UNIT ( ) NAMED_UNIT ( * ) SI_UNIT ( .MILLI., .METRE. ) );
#5967 = MECHANICAL_DESIGN_GEOMETRIC_PRESENTATION_REPRESENTATION (  '', ( #6771 ), #516 ) ;
#5968 = CARTESIAN_POINT ( 'NONE',  ( 1.097499999999999698, 2.599999999999999645, -0.5153054482615858634 ) ) ;
#5969 = VECTOR ( 'NONE', #4805, 1000.000000000000000 ) ;
#5970 = ADVANCED_FACE ( 'NONE', ( #4168 ), #6902, .F. ) ;
#5971 = CARTESIAN_POINT ( 'NONE',  ( 1.097499999999999698, -2.796534186440551739, -0.4764328467078228213 ) ) ;
#5972 = CARTESIAN_POINT ( 'NONE',  ( 1.097499999999999698, 2.796534186440551739, -0.4764328467078229323 ) ) ;
#5973 = ORIENTED_EDGE ( 'NONE', *, *, #3256, .T. ) ;
#5974 = EDGE_CURVE ( 'NONE', #3793, #2229, #2386, .T. ) ;
#5975 = LINE ( 'NONE', #5409, #5536 ) ;
#5976 = STYLED_ITEM ( 'NONE', ( #3368 ), #5935 ) ;
#5977 = EDGE_LOOP ( 'NONE', ( #3244, #3633, #6076, #7097 ) ) ;
#5978 =( NAMED_UNIT ( * ) PLANE_ANGLE_UNIT ( ) SI_UNIT ( $, .RADIAN. ) );
#5979 = PLANE ( 'NONE',  #1554 ) ;
#5980 = FILL_AREA_STYLE ('',( #3027 ) ) ;
#5981 = CARTESIAN_POINT ( 'NONE',  ( 0.8524999999999997025, 2.803509833814964214, -0.3766764416818402239 ) ) ;
#5982 = ORIENTED_EDGE ( 'NONE', *, *, #998, .T. ) ;
#5983 = ADVANCED_FACE ( 'NONE', ( #4713 ), #1255, .T. ) ;
#5984 = CARTESIAN_POINT ( 'NONE',  ( 1.382282424338301174, 0.000000000000000000, 0.4750000000000000333 ) ) ;
#5985 = CARTESIAN_POINT ( 'NONE',  ( -0.4475000000000001754, 2.299999999999999378, -0.1724999999999999867 ) ) ;
#5986 = UNCERTAINTY_MEASURE_WITH_UNIT (LENGTH_MEASURE( 1.000000000000000082E-05 ), #2435, 'distance_accuracy_value', 'NONE');
#5987 = VERTEX_POINT ( 'NONE', #2976 ) ;
#5988 = CARTESIAN_POINT ( 'NONE',  ( -0.8525000000000001465, -2.502515066061893556, -0.03203957178574777520 ) ) ;
#5989 = DIRECTION ( 'NONE',  ( 1.000000000000000000, 0.000000000000000000, 0.000000000000000000 ) ) ;
#5990 = CARTESIAN_POINT ( 'NONE',  ( -1.382282424338301841, 2.082282424338301130, -0.5500000000000000444 ) ) ;
#5991 = MECHANICAL_DESIGN_GEOMETRIC_PRESENTATION_REPRESENTATION (  '', ( #2881 ), #2762 ) ;
#5992 = DIRECTION ( 'NONE',  ( 0.000000000000000000, 0.000000000000000000, 1.000000000000000000 ) ) ;
#5993 = EDGE_CURVE ( 'NONE', #2698, #5495, #1867, .T. ) ;
#5994 = FILL_AREA_STYLE_COLOUR ( '', #1904 ) ;
#5995 = UNCERTAINTY_MEASURE_WITH_UNIT (LENGTH_MEASURE( 1.000000000000000082E-05 ), #3411, 'distance_accuracy_value', 'NONE');
#5996 =( GEOMETRIC_REPRESENTATION_CONTEXT ( 3 ) GLOBAL_UNCERTAINTY_ASSIGNED_CONTEXT ( ( #4480 ) ) GLOBAL_UNIT_ASSIGNED_CONTEXT ( ( #6125, #6621, #4530 ) ) REPRESENTATION_CONTEXT ( 'NONE', 'WORKASPACE' ) );
#5997 = CARTESIAN_POINT ( 'NONE',  ( 0.8524999999999997025, 2.326767216444461273, 0.07249999999999999500 ) ) ;
#5998 = CARTESIAN_POINT ( 'NONE',  ( 1.499760935694444575, 2.168963392251840094, -0.07477454493104100652 ) ) ;
#5999 = UNCERTAINTY_MEASURE_WITH_UNIT (LENGTH_MEASURE( 1.000000000000000082E-05 ), #3938, 'distance_accuracy_value', 'NONE');
#6000 = MANIFOLD_SOLID_BREP ( 'Boss-Extrude3', #4069 ) ;
#6001 = ORIENTED_EDGE ( 'NONE', *, *, #2023, .F. ) ;
#6002 = EDGE_LOOP ( 'NONE', ( #5264, #4673, #5374, #25 ) ) ;
#6003 = DIRECTION ( 'NONE',  ( -0.9945218953682732899, 0.000000000000000000, 0.1045284632676538178 ) ) ;
#6004 = DIRECTION ( 'NONE',  ( 1.000000000000000000, 0.000000000000000000, 0.000000000000000000 ) ) ;
#6005 =( NAMED_UNIT ( * ) SI_UNIT ( $, .STERADIAN. ) SOLID_ANGLE_UNIT ( ) );
#6006 = CARTESIAN_POINT ( 'NONE',  ( -0.4475000000000001754, -2.199999999999999289, -0.07249999999999999500 ) ) ;
#6007 =( NAMED_UNIT ( * ) PLANE_ANGLE_UNIT ( ) SI_UNIT ( $, .RADIAN. ) );
#6008 =( NAMED_UNIT ( * ) PLANE_ANGLE_UNIT ( ) SI_UNIT ( $, .RADIAN. ) );
#6009 = SURFACE_STYLE_FILL_AREA ( #1545 ) ;
#6010 = EDGE_CURVE ( 'NONE', #6868, #3413, #2665, .T. ) ;
#6011 = FACE_BOUND ( 'NONE', #3750, .T. ) ;
#6012 = VERTEX_POINT ( 'NONE', #1538 ) ;
#6013 = VERTEX_POINT ( 'NONE', #6078 ) ;
#6014 = UNCERTAINTY_MEASURE_WITH_UNIT (LENGTH_MEASURE( 1.000000000000000082E-05 ), #2362, 'distance_accuracy_value', 'NONE');
#6015 = FILL_AREA_STYLE ('',( #1447 ) ) ;
#6016 = DIRECTION ( 'NONE',  ( 1.000000000000000000, 0.000000000000000000, 0.000000000000000000 ) ) ;
#6017 = LINE ( 'NONE', #319, #401 ) ;
#6018 = VECTOR ( 'NONE', #1693, 1000.000000000000000 ) ;
#6019 = CARTESIAN_POINT ( 'NONE',  ( -1.500000000000000444, 2.124999999999999556, 0.07249999999999999500 ) ) ;
#6020 = VERTEX_POINT ( 'NONE', #4334 ) ;
#6021 = ADVANCED_FACE ( 'NONE', ( #3690 ), #2699, .T. ) ;
#6022 = SURFACE_STYLE_FILL_AREA ( #6568 ) ;
#6023 = EDGE_CURVE ( 'NONE', #3335, #5743, #3683, .T. ) ;
#6024 = FACE_OUTER_BOUND ( 'NONE', #4146, .T. ) ;
#6025 = PRESENTATION_STYLE_ASSIGNMENT (( #4780 ) ) ;
#6026 = VERTEX_POINT ( 'NONE', #932 ) ;
#6027 = CARTESIAN_POINT ( 'NONE',  ( 1.425136580382891038, 2.199999999999999289, -0.07249999999999988398 ) ) ;
#6028 = FILL_AREA_STYLE ('',( #2118 ) ) ;
#6029 = AXIS2_PLACEMENT_3D ( 'NONE', #5710, #539, #6207 ) ;
#6030 = PLANE ( 'NONE',  #4102 ) ;
#6031 = SURFACE_STYLE_USAGE ( .BOTH. , #2121 ) ;
#6032 = SURFACE_SIDE_STYLE ('',( #7124 ) ) ;
#6033 = CARTESIAN_POINT ( 'NONE',  ( 1.499998880753507624, 2.125409738600888332, -0.07251064891903702403 ) ) ;
#6034 = ADVANCED_FACE ( 'NONE', ( #999 ), #4937, .T. ) ;
#6035 = AXIS2_PLACEMENT_3D ( 'NONE', #6116, #7166, #3766 ) ;
#6036 = EDGE_LOOP ( 'NONE', ( #5463, #6392, #252, #2024 ) ) ;
#6037 = ORIENTED_EDGE ( 'NONE', *, *, #674, .T. ) ;
#6038 =( BOUNDED_CURVE ( )  B_SPLINE_CURVE ( 3, ( #778, #5240, #1888, #3676 ),
 .UNSPECIFIED., .F., .F. ) 
 B_SPLINE_CURVE_WITH_KNOTS ( ( 4, 4 ),
 ( 5.503250352303677317, 7.063120262055489817 ),
 .UNSPECIFIED. ) 
 CURVE ( )  GEOMETRIC_REPRESENTATION_ITEM ( )  RATIONAL_B_SPLINE_CURVE ( ( 1.000000000000000000, 0.8073061876036324858, 0.8073061876036324858, 1.000000000000000000 ) ) 
 REPRESENTATION_ITEM ( '' )  );
#6039 = FILL_AREA_STYLE_COLOUR ( '', #2991 ) ;
#6040 = CARTESIAN_POINT ( 'NONE',  ( -0.7222824243383022536, -1.642282424338300739, 0.5400000000000000355 ) ) ;
#6041 = CARTESIAN_POINT ( 'NONE',  ( -0.4475000000000001754, 2.299999999999999378, -0.1724999999999999867 ) ) ;
#6042 = ORIENTED_EDGE ( 'NONE', *, *, #2067, .F. ) ;
#6044 = MECHANICAL_DESIGN_GEOMETRIC_PRESENTATION_REPRESENTATION (  '', ( #5067 ), #2226 ) ;
#6043 =( NAMED_UNIT ( * ) PLANE_ANGLE_UNIT ( ) SI_UNIT ( $, .RADIAN. ) );
#6045 =( GEOMETRIC_REPRESENTATION_CONTEXT ( 3 ) GLOBAL_UNCERTAINTY_ASSIGNED_CONTEXT ( ( #7174 ) ) GLOBAL_UNIT_ASSIGNED_CONTEXT ( ( #5099, #5587, #6804 ) ) REPRESENTATION_CONTEXT ( 'NONE', 'WORKASPACE' ) );
#6046 = PRESENTATION_LAYER_ASSIGNMENT (  '', '', ( #1873 ) ) ;
#6047 = STYLED_ITEM ( 'NONE', ( #1906 ), #2108 ) ;
#6048 = CARTESIAN_POINT ( 'NONE',  ( -1.097500000000000142, 3.199999999999999289, -0.5046459247782298929 ) ) ;
#6049 = PRESENTATION_LAYER_ASSIGNMENT (  '', '', ( #4009 ) ) ;
#6050 = PLANE ( 'NONE',  #3477 ) ;
#6051 = SURFACE_SIDE_STYLE ('',( #5544 ) ) ;
#6052 = ORIENTED_EDGE ( 'NONE', *, *, #4097, .T. ) ;
#6053 = FILL_AREA_STYLE_COLOUR ( '', #4196 ) ;
#6054 = FILL_AREA_STYLE_COLOUR ( '', #1687 ) ;
#6055 = ORIENTED_EDGE ( 'NONE', *, *, #7035, .F. ) ;
#6056 = SURFACE_STYLE_FILL_AREA ( #2523 ) ;
#6057 = PRESENTATION_LAYER_ASSIGNMENT (  '', '', ( #1889 ) ) ;
#6058 = FACE_OUTER_BOUND ( 'NONE', #787, .T. ) ;
#6059 = DIRECTION ( 'NONE',  ( 1.000000000000000000, 0.000000000000000000, 0.000000000000000000 ) ) ;
#6060 = ORIENTED_EDGE ( 'NONE', *, *, #2414, .T. ) ;
#6061 = DIRECTION ( 'NONE',  ( 0.000000000000000000, 0.000000000000000000, -1.000000000000000000 ) ) ;
#6062 = STYLED_ITEM ( 'NONE', ( #7280 ), #1038 ) ;
#6063 =( NAMED_UNIT ( * ) PLANE_ANGLE_UNIT ( ) SI_UNIT ( $, .RADIAN. ) );
#6064 = STYLED_ITEM ( 'NONE', ( #4638 ), #4778 ) ;
#6065 = EDGE_CURVE ( 'NONE', #3430, #5594, #2774, .T. ) ;
#6066 = CARTESIAN_POINT ( 'NONE',  ( -1.500000000000000444, -2.199999999999999289, 0.07249999999999999500 ) ) ;
#6067 = EDGE_CURVE ( 'NONE', #4735, #1151, #3389, .T. ) ;
#6068 = VECTOR ( 'NONE', #7190, 1000.000000000000000 ) ;
#6069 = AXIS2_PLACEMENT_3D ( 'NONE', #6718, #6247, #2307 ) ;
#6070 = COLOUR_RGB ( '',0.2862745098039215508, 0.2862745098039215508, 0.2862745098039215508 ) ;
#6071 = CARTESIAN_POINT ( 'NONE',  ( -1.468963392251841471, 2.199760935694444974, -0.07477454493104181144 ) ) ;
#6072 = LINE ( 'NONE', #4300, #4384 ) ;
#6073 = UNCERTAINTY_MEASURE_WITH_UNIT (LENGTH_MEASURE( 1.000000000000000082E-05 ), #4786, 'distance_accuracy_value', 'NONE');
#6074 = PRESENTATION_LAYER_ASSIGNMENT (  '', '', ( #7110 ) ) ;
#6075 = ORIENTED_EDGE ( 'NONE', *, *, #1477, .F. ) ;
#6076 = ORIENTED_EDGE ( 'NONE', *, *, #6482, .F. ) ;
#6077 = ORIENTED_EDGE ( 'NONE', *, *, #3604, .T. ) ;
#6078 = CARTESIAN_POINT ( 'NONE',  ( 1.425409738600887710, -2.199998880753507358, -0.07251064891903691301 ) ) ;
#6079 = AXIS2_PLACEMENT_3D ( 'NONE', #4785, #5989, #3191 ) ;
#6080 = DIRECTION ( 'NONE',  ( 1.000000000000000000, 0.000000000000000000, 0.000000000000000000 ) ) ;
#6081 = LINE ( 'NONE', #4424, #4881 ) ;
#6082 = VECTOR ( 'NONE', #2854, 1000.000000000000000 ) ;
#6083 = ORIENTED_EDGE ( 'NONE', *, *, #6362, .F. ) ;
#6084 = MECHANICAL_DESIGN_GEOMETRIC_PRESENTATION_REPRESENTATION (  '', ( #507 ), #6301 ) ;
#6085 = STYLED_ITEM ( 'NONE', ( #3022 ), #2827 ) ;
#6086 =( NAMED_UNIT ( * ) PLANE_ANGLE_UNIT ( ) SI_UNIT ( $, .RADIAN. ) );
#6087 = PLANE ( 'NONE',  #5042 ) ;
#6088 = VECTOR ( 'NONE', #6446, 1000.000000000000000 ) ;
#6089 = CIRCLE ( 'NONE', #5589, 0.2000000000000000389 ) ;
#6090 = FILL_AREA_STYLE ('',( #6767 ) ) ;
#6091 = PRESENTATION_LAYER_ASSIGNMENT (  '', '', ( #5358 ) ) ;
#6092 = ORIENTED_EDGE ( 'NONE', *, *, #6777, .F. ) ;
#6093 =( GEOMETRIC_REPRESENTATION_CONTEXT ( 3 ) GLOBAL_UNCERTAINTY_ASSIGNED_CONTEXT ( ( #4195 ) ) GLOBAL_UNIT_ASSIGNED_CONTEXT ( ( #822, #3046, #1300 ) ) REPRESENTATION_CONTEXT ( 'NONE', 'WORKASPACE' ) );
#6094 = CARTESIAN_POINT ( 'NONE',  ( -0.8525000000000001465, -2.796534186440551739, -0.4764328467078229323 ) ) ;
#6095 = UNCERTAINTY_MEASURE_WITH_UNIT (LENGTH_MEASURE( 1.000000000000000082E-05 ), #3362, 'distance_accuracy_value', 'NONE');
#6096 = PRESENTATION_LAYER_ASSIGNMENT (  '', '', ( #3929 ) ) ;
#6097 = LINE ( 'NONE', #3253, #7198 ) ;
#6098 = ORIENTED_EDGE ( 'NONE', *, *, #4131, .F. ) ;
#6099 = DIRECTION ( 'NONE',  ( 0.000000000000000000, 1.000000000000000000, 0.000000000000000000 ) ) ;
#6100 =( GEOMETRIC_REPRESENTATION_CONTEXT ( 3 ) GLOBAL_UNCERTAINTY_ASSIGNED_CONTEXT ( ( #216 ) ) GLOBAL_UNIT_ASSIGNED_CONTEXT ( ( #5385, #6533, #1492 ) ) REPRESENTATION_CONTEXT ( 'NONE', 'WORKASPACE' ) );
#6101 = ORIENTED_EDGE ( 'NONE', *, *, #5679, .F. ) ;
#6102 = VECTOR ( 'NONE', #3964, 1000.000000000000000 ) ;
#6103 = LINE ( 'NONE', #3748, #1410 ) ;
#6104 = LINE ( 'NONE', #3859, #2155 ) ;
#6105 = VERTEX_POINT ( 'NONE', #658 ) ;
#6106 = SURFACE_STYLE_USAGE ( .BOTH. , #4324 ) ;
#6107 = FACE_OUTER_BOUND ( 'NONE', #6636, .T. ) ;
#6108 = SURFACE_STYLE_USAGE ( .BOTH. , #3678 ) ;
#6109 = ORIENTED_EDGE ( 'NONE', *, *, #991, .F. ) ;
#6110 = ORIENTED_EDGE ( 'NONE', *, *, #6465, .T. ) ;
#6111 = FILL_AREA_STYLE ('',( #3272 ) ) ;
#6112 = APPLICATION_CONTEXT ( 'automotive_design' ) ;
#6113 = DIRECTION ( 'NONE',  ( 1.000000000000000000, 0.000000000000000000, 0.000000000000000000 ) ) ;
#6114 = CARTESIAN_POINT ( 'NONE',  ( -0.4475000000000001754, -2.199999999999999289, -0.07249999999999999500 ) ) ;
#6115 = EDGE_LOOP ( 'NONE', ( #5342, #2773, #663, #2374 ) ) ;
#6116 = CARTESIAN_POINT ( 'NONE',  ( -0.8525000000000001465, 2.299999999999999378, -0.1724999999999999867 ) ) ;
#6117 = PLANE ( 'NONE',  #7232 ) ;
#6118 = EDGE_CURVE ( 'NONE', #1155, #6234, #3458, .T. ) ;
#6119 = FILL_AREA_STYLE ('',( #7199 ) ) ;
#6120 = SURFACE_STYLE_FILL_AREA ( #5025 ) ;
#6121 = CARTESIAN_POINT ( 'NONE',  ( 0.000000000000000000, 0.000000000000000000, 0.5500000000000000444 ) ) ;
#6122 = EDGE_CURVE ( 'NONE', #4491, #5763, #1167, .T. ) ;
#6123 = CYLINDRICAL_SURFACE ( 'NONE', #5317, 0.07499999999999998335 ) ;
#6124 = VERTEX_POINT ( 'NONE', #5046 ) ;
#6125 =( LENGTH_UNIT ( ) NAMED_UNIT ( * ) SI_UNIT ( .MILLI., .METRE. ) );
#6126 = PLANE ( 'NONE',  #2278 ) ;
#6127 = EDGE_CURVE ( 'NONE', #3011, #3564, #7298, .T. ) ;
#6128 = CARTESIAN_POINT ( 'NONE',  ( -1.097500000000000142, 3.199999999999999289, -0.6499999999999998002 ) ) ;
#6129 = VERTEX_POINT ( 'NONE', #3416 ) ;
#6130 = CARTESIAN_POINT ( 'NONE',  ( -0.2025000000000002076, -2.599999999999999645, -0.5153054482615858634 ) ) ;
#6131 = LINE ( 'NONE', #2726, #6185 ) ;
#6132 = ORIENTED_EDGE ( 'NONE', *, *, #3357, .F. ) ;
#6133 =( NAMED_UNIT ( * ) SI_UNIT ( $, .STERADIAN. ) SOLID_ANGLE_UNIT ( ) );
#6134 = DIRECTION ( 'NONE',  ( -0.1045284632676537068, 0.000000000000000000, 0.9945218953682734009 ) ) ;
#6135 = COLOUR_RGB ( '',0.2862745098039215508, 0.2862745098039215508, 0.2862745098039215508 ) ;
#6136 = DIRECTION ( 'NONE',  ( 0.000000000000000000, 0.9975640502598243087, 0.06975647374412519142 ) ) ;
#6137 = PRESENTATION_STYLE_ASSIGNMENT (( #6682 ) ) ;
#6138 = CARTESIAN_POINT ( 'NONE',  ( 0.2024999999999997635, 2.299999999999999378, -0.07249999999999999500 ) ) ;
#6139 = ORIENTED_EDGE ( 'NONE', *, *, #6338, .T. ) ;
#6140 = VERTEX_POINT ( 'NONE', #4522 ) ;
#6141 = AXIS2_PLACEMENT_3D ( 'NONE', #1014, #1076, #1048 ) ;
#6142 = CARTESIAN_POINT ( 'NONE',  ( -0.4475000000000001754, 2.502515066061893556, -0.03203957178574777520 ) ) ;
#6143 = SURFACE_STYLE_USAGE ( .BOTH. , #1612 ) ;
#6144 = FILL_AREA_STYLE ('',( #2667 ) ) ;
#6145 = ORIENTED_EDGE ( 'NONE', *, *, #3479, .F. ) ;
#6146 =( NAMED_UNIT ( * ) SI_UNIT ( $, .STERADIAN. ) SOLID_ANGLE_UNIT ( ) );
#6147 = STYLED_ITEM ( 'NONE', ( #4426 ), #4046 ) ;
#6148 = CARTESIAN_POINT ( 'NONE',  ( -0.4475000000000001754, 3.199999999999999289, -0.6499999999999998002 ) ) ;
#6149 = ADVANCED_FACE ( 'NONE', ( #1645 ), #4422, .T. ) ;
#6150 = AXIS2_PLACEMENT_3D ( 'NONE', #5650, #1838, #3475 ) ;
#6151 = ORIENTED_EDGE ( 'NONE', *, *, #3682, .T. ) ;
#6152 = EDGE_CURVE ( 'NONE', #1598, #134, #3870, .T. ) ;
#6153 = EDGE_CURVE ( 'NONE', #2619, #3499, #1202, .T. ) ;
#6154 = UNCERTAINTY_MEASURE_WITH_UNIT (LENGTH_MEASURE( 1.000000000000000082E-05 ), #3709, 'distance_accuracy_value', 'NONE');
#6155 = AXIS2_PLACEMENT_3D ( 'NONE', #4978, #2749, #7272 ) ;
#6156 = COLOUR_RGB ( '',0.8039215686274510109, 0.8039215686274510109, 0.8039215686274510109 ) ;
#6157 = DIRECTION ( 'NONE',  ( 0.000000000000000000, -0.9945218953682732899, 0.1045284632676541231 ) ) ;
#6158 = EDGE_LOOP ( 'NONE', ( #5507, #4563, #6624, #5136, #976, #3933, #6883, #3717 ) ) ;
#6159 = CARTESIAN_POINT ( 'NONE',  ( -1.425409738600888154, -2.199998880753507802, -0.07251064891903699627 ) ) ;
#6160 = DIRECTION ( 'NONE',  ( 0.000000000000000000, -0.9975640502598241977, -0.06975647374412530244 ) ) ;
#6161 = ORIENTED_EDGE ( 'NONE', *, *, #5377, .F. ) ;
#6162 = CYLINDRICAL_SURFACE ( 'NONE', #2605, 0.2000000000000000389 ) ;
#6163 = DIRECTION ( 'NONE',  ( -1.000000000000000000, -0.000000000000000000, -0.000000000000000000 ) ) ;
#6164 = CARTESIAN_POINT ( 'NONE',  ( 0.2024999999999997635, 2.199999999999999289, -0.07249999999999999500 ) ) ;
#6165 = SURFACE_STYLE_USAGE ( .BOTH. , #4516 ) ;
#6166 = PRESENTATION_LAYER_ASSIGNMENT (  '', '', ( #6284 ) ) ;
#6167 = FILL_AREA_STYLE_COLOUR ( '', #4775 ) ;
#6168 = SURFACE_STYLE_USAGE ( .BOTH. , #5634 ) ;
#6169 = VERTEX_POINT ( 'NONE', #3894 ) ;
#6170 = ORIENTED_EDGE ( 'NONE', *, *, #820, .F. ) ;
#6171 = COLOUR_RGB ( '',0.2862745098039215508, 0.2862745098039215508, 0.2862745098039215508 ) ;
#6172 = CARTESIAN_POINT ( 'NONE',  ( 0.4474999999999997868, 2.199999999999999289, -0.07249999999999999500 ) ) ;
#6173 = AXIS2_PLACEMENT_3D ( 'NONE', #4252, #3720, #3155 ) ;
#6174 = SURFACE_STYLE_USAGE ( .BOTH. , #6821 ) ;
#6175 = VERTEX_POINT ( 'NONE', #6172 ) ;
#6176 =( NAMED_UNIT ( * ) SI_UNIT ( $, .STERADIAN. ) SOLID_ANGLE_UNIT ( ) );
#6177 = STYLED_ITEM ( 'NONE', ( #4560 ), #6149 ) ;
#6178 = COLOUR_RGB ( '',0.8039215686274510109, 0.8039215686274510109, 0.8039215686274510109 ) ;
#6179 = FILL_AREA_STYLE ('',( #6797 ) ) ;
#6180 = CARTESIAN_POINT ( 'NONE',  ( 0.4474999999999997868, -3.199999999999999289, -0.5046459247782298929 ) ) ;
#6181 = PRESENTATION_LAYER_ASSIGNMENT (  '', '', ( #4864 ) ) ;
#6182 = FACE_OUTER_BOUND ( 'NONE', #2575, .T. ) ;
#6183 = STYLED_ITEM ( 'NONE', ( #5953 ), #2456 ) ;
#6184 = SURFACE_STYLE_FILL_AREA ( #6765 ) ;
#6185 = VECTOR ( 'NONE', #3297, 1000.000000000000000 ) ;
#6186 = FACE_OUTER_BOUND ( 'NONE', #960, .T. ) ;
#6187 = ORIENTED_EDGE ( 'NONE', *, *, #5459, .T. ) ;
#6188 = STYLED_ITEM ( 'NONE', ( #4959 ), #2763 ) ;
#6189 = SURFACE_SIDE_STYLE ('',( #526 ) ) ;
#6190 = PRESENTATION_LAYER_ASSIGNMENT (  '', '', ( #4281 ) ) ;
#6191 = SURFACE_SIDE_STYLE ('',( #3327 ) ) ;
#6192 = MECHANICAL_DESIGN_GEOMETRIC_PRESENTATION_REPRESENTATION (  '', ( #5233 ), #4877 ) ;
#6193 = ORIENTED_EDGE ( 'NONE', *, *, #5161, .F. ) ;
#6194 = EDGE_CURVE ( 'NONE', #4651, #1644, #4382, .T. ) ;
#6195 = CIRCLE ( 'NONE', #1456, 0.2000000000000002054 ) ;
#6196 =( NAMED_UNIT ( * ) PLANE_ANGLE_UNIT ( ) SI_UNIT ( $, .RADIAN. ) );
#6197 = MECHANICAL_DESIGN_GEOMETRIC_PRESENTATION_REPRESENTATION (  '', ( #3350 ), #4169 ) ;
#6198 = VECTOR ( 'NONE', #3019, 1000.000000000000000 ) ;
#6199 = ORIENTED_EDGE ( 'NONE', *, *, #3513, .T. ) ;
#6200 = DIRECTION ( 'NONE',  ( 0.000000000000000000, 0.000000000000000000, -1.000000000000000000 ) ) ;
#6201 = SURFACE_SIDE_STYLE ('',( #2795 ) ) ;
#6202 = ORIENTED_EDGE ( 'NONE', *, *, #7170, .F. ) ;
#6203 = SURFACE_SIDE_STYLE ('',( #6235 ) ) ;
#6204 = DIRECTION ( 'NONE',  ( -2.891205793294679017E-15, 0.000000000000000000, 1.000000000000000000 ) ) ;
#6205 = EDGE_CURVE ( 'NONE', #7172, #3230, #4105, .T. ) ;
#6206 = FACE_OUTER_BOUND ( 'NONE', #34, .T. ) ;
#6207 = DIRECTION ( 'NONE',  ( 0.000000000000000000, 0.000000000000000000, -1.000000000000000000 ) ) ;
#6208 = DIRECTION ( 'NONE',  ( 1.000000000000000000, 0.000000000000000000, 0.000000000000000000 ) ) ;
#6209 = PRESENTATION_LAYER_ASSIGNMENT (  '', '', ( #3364 ) ) ;
#6210 = CARTESIAN_POINT ( 'NONE',  ( 0.8524999999999997025, 2.502515066061893556, -0.03203957178574777520 ) ) ;
#6211 =( LENGTH_UNIT ( ) NAMED_UNIT ( * ) SI_UNIT ( .MILLI., .METRE. ) );
#6212 = UNCERTAINTY_MEASURE_WITH_UNIT (LENGTH_MEASURE( 1.000000000000000082E-05 ), #3235, 'distance_accuracy_value', 'NONE');
#6213 = ORIENTED_EDGE ( 'NONE', *, *, #6194, .T. ) ;
#6214 = LINE ( 'NONE', #2806, #913 ) ;
#6215 = EDGE_CURVE ( 'NONE', #5097, #3414, #2957, .T. ) ;
#6216 =( NAMED_UNIT ( * ) PLANE_ANGLE_UNIT ( ) SI_UNIT ( $, .RADIAN. ) );
#6217 = SURFACE_STYLE_USAGE ( .BOTH. , #2371 ) ;
#6218 = ORIENTED_EDGE ( 'NONE', *, *, #3517, .F. ) ;
#6219 = SURFACE_SIDE_STYLE ('',( #1275 ) ) ;
#6220 = FILL_AREA_STYLE_COLOUR ( '', #1563 ) ;
#6221 = SURFACE_SIDE_STYLE ('',( #2780 ) ) ;
#6222 = DIRECTION ( 'NONE',  ( 1.000000000000000000, 0.000000000000000000, 0.000000000000000000 ) ) ;
#6223 = FILL_AREA_STYLE_COLOUR ( '', #170 ) ;
#6224 = VECTOR ( 'NONE', #4111, 1000.000000000000000 ) ;
#6225 = VERTEX_POINT ( 'NONE', #6467 ) ;
#6226 = PRESENTATION_STYLE_ASSIGNMENT (( #5690 ) ) ;
#6227 = DIRECTION ( 'NONE',  ( 1.000000000000000000, 0.000000000000000000, 0.000000000000000000 ) ) ;
#6228 = ORIENTED_EDGE ( 'NONE', *, *, #5416, .F. ) ;
#6229 = CARTESIAN_POINT ( 'NONE',  ( 1.426217025357843005, -2.126217025357842960, 0.05699019374921866082 ) ) ;
#6230 = ORIENTED_EDGE ( 'NONE', *, *, #3250, .F. ) ;
#6231 = DIRECTION ( 'NONE',  ( 0.000000000000000000, -1.000000000000000000, 0.000000000000000000 ) ) ;
#6232 = CARTESIAN_POINT ( 'NONE',  ( 1.499999999999999778, 2.125136580382890994, -0.07249999999999989786 ) ) ;
#6233 = CARTESIAN_POINT ( 'NONE',  ( -1.097500000000000142, 2.199999999999999289, -0.07249999999999999500 ) ) ;
#6234 = VERTEX_POINT ( 'NONE', #5308 ) ;
#6235 = SURFACE_STYLE_FILL_AREA ( #4410 ) ;
#6236 = LINE ( 'NONE', #6711, #6995 ) ;
#6237 = EDGE_CURVE ( 'NONE', #5640, #3761, #269, .T. ) ;
#6238 = CARTESIAN_POINT ( 'NONE',  ( 0.4474999999999997868, 2.796534186440551739, -0.4764328467078229323 ) ) ;
#6239 = MECHANICAL_DESIGN_GEOMETRIC_PRESENTATION_REPRESENTATION (  '', ( #5285 ), #4323 ) ;
#6240 = EDGE_CURVE ( 'NONE', #2619, #2655, #212, .T. ) ;
#6241 = ADVANCED_FACE ( 'NONE', ( #254 ), #6844, .T. ) ;
#6242 = DIRECTION ( 'NONE',  ( 0.1045284632676537068, 0.000000000000000000, 0.9945218953682734009 ) ) ;
#6243 = DIRECTION ( 'NONE',  ( 0.000000000000000000, 1.000000000000000000, 0.000000000000000000 ) ) ;
#6244 = VECTOR ( 'NONE', #933, 1000.000000000000000 ) ;
#6245 = ORIENTED_EDGE ( 'NONE', *, *, #527, .T. ) ;
#6246 = EDGE_LOOP ( 'NONE', ( #411, #5464, #4262, #6475 ) ) ;
#6247 = DIRECTION ( 'NONE',  ( 0.000000000000000000, 0.8787392480871610845, -0.4773021410712618984 ) ) ;
#6248 = DIRECTION ( 'NONE',  ( 0.000000000000000000, -0.9975640502598241977, -0.06975647374412530244 ) ) ;
#6249 = EDGE_LOOP ( 'NONE', ( #2776, #1205, #4840, #7141 ) ) ;
#6250 = ORIENTED_EDGE ( 'NONE', *, *, #7012, .F. ) ;
#6251 = SURFACE_STYLE_FILL_AREA ( #6694 ) ;
#6252 = DIRECTION ( 'NONE',  ( 2.891205793294679017E-15, 1.000000000000000000, 0.000000000000000000 ) ) ;
#6253 = PLANE ( 'NONE',  #2460 ) ;
#6254 = EDGE_CURVE ( 'NONE', #3225, #2853, #4592, .T. ) ;
#6255 = SURFACE_SIDE_STYLE ('',( #3875 ) ) ;
#6256 =( LENGTH_UNIT ( ) NAMED_UNIT ( * ) SI_UNIT ( .MILLI., .METRE. ) );
#6257 = DIRECTION ( 'NONE',  ( 0.000000000000000000, 0.9975640502598241977, -0.06975647374412530244 ) ) ;
#6258 = EDGE_CURVE ( 'NONE', #5428, #2651, #6317, .T. ) ;
#6259 = CARTESIAN_POINT ( 'NONE',  ( 0.4474999999999997868, -2.199999999999999289, -0.07249999999999999500 ) ) ;
#6260 = DIRECTION ( 'NONE',  ( 1.000000000000000000, 0.000000000000000000, 0.000000000000000000 ) ) ;
#6261 = EDGE_LOOP ( 'NONE', ( #2305, #949, #3765, #593, #7090, #7250, #4077, #4104, #6620, #3377, #6366, #615 ) ) ;
#6262 =( GEOMETRIC_REPRESENTATION_CONTEXT ( 3 ) GLOBAL_UNCERTAINTY_ASSIGNED_CONTEXT ( ( #367 ) ) GLOBAL_UNIT_ASSIGNED_CONTEXT ( ( #5353, #3122, #4221 ) ) REPRESENTATION_CONTEXT ( 'NONE', 'WORKASPACE' ) );
#6263 = PLANE ( 'NONE',  #4509 ) ;
#6264 = ORIENTED_EDGE ( 'NONE', *, *, #5677, .T. ) ;
#6265 = FACE_OUTER_BOUND ( 'NONE', #2310, .T. ) ;
#6266 = VECTOR ( 'NONE', #5678, 1000.000000000000000 ) ;
#6267 = CIRCLE ( 'NONE', #714, 0.2199999999999999178 ) ;
#6268 = CARTESIAN_POINT ( 'NONE',  ( 0.2024999999999997635, -3.199999999999999289, -0.6499999999999998002 ) ) ;
#6269 = FACE_OUTER_BOUND ( 'NONE', #5806, .T. ) ;
#6270 = MECHANICAL_DESIGN_GEOMETRIC_PRESENTATION_REPRESENTATION (  '', ( #2123 ), #3063 ) ;
#6271 = ORIENTED_EDGE ( 'NONE', *, *, #6480, .T. ) ;
#6272 = EDGE_CURVE ( 'NONE', #7180, #2755, #2336, .T. ) ;
#6273 = FILL_AREA_STYLE_COLOUR ( '', #6532 ) ;
#6274 = UNCERTAINTY_MEASURE_WITH_UNIT (LENGTH_MEASURE( 1.000000000000000082E-05 ), #6887, 'distance_accuracy_value', 'NONE');
#6275 = ORIENTED_EDGE ( 'NONE', *, *, #5185, .F. ) ;
#6276 = ORIENTED_EDGE ( 'NONE', *, *, #4274, .F. ) ;
#6277 = EDGE_CURVE ( 'NONE', #4420, #1353, #4149, .T. ) ;
#6278 = SURFACE_STYLE_USAGE ( .BOTH. , #579 ) ;
#6279 = EDGE_CURVE ( 'NONE', #6105, #5005, #3328, .T. ) ;
#6280 =( NAMED_UNIT ( * ) PLANE_ANGLE_UNIT ( ) SI_UNIT ( $, .RADIAN. ) );
#6281 = DIRECTION ( 'NONE',  ( 0.000000000000000000, 0.000000000000000000, -1.000000000000000000 ) ) ;
#6282 = EDGE_LOOP ( 'NONE', ( #1981, #5403, #4962, #938 ) ) ;
#6283 = FILL_AREA_STYLE_COLOUR ( '', #1991 ) ;
#6284 = STYLED_ITEM ( 'NONE', ( #1246 ), #3415 ) ;
#6285 = FILL_AREA_STYLE ('',( #3939 ) ) ;
#6286 = CARTESIAN_POINT ( 'NONE',  ( -0.4475000000000001754, -2.715635909006247850, -0.4244066557889664137 ) ) ;
#6287 = STYLED_ITEM ( 'NONE', ( #7290 ), #3577 ) ;
#6288 = DIRECTION ( 'NONE',  ( 1.000000000000000000, 0.000000000000000000, 0.000000000000000000 ) ) ;
#6289 = LINE ( 'NONE', #9, #1118 ) ;
#6290 = AXIS2_PLACEMENT_3D ( 'NONE', #1105, #3358, #4700 ) ;
#6291 = FILL_AREA_STYLE ('',( #5144 ) ) ;
#6292 = FILL_AREA_STYLE_COLOUR ( '', #2406 ) ;
#6293 = DIRECTION ( 'NONE',  ( 0.000000000000000000, 0.000000000000000000, 1.000000000000000000 ) ) ;
#6294 = PRESENTATION_STYLE_ASSIGNMENT (( #5588 ) ) ;
#6295 = CIRCLE ( 'NONE', #867, 0.2000000000000000389 ) ;
#6296 =( GEOMETRIC_REPRESENTATION_CONTEXT ( 3 ) GLOBAL_UNCERTAINTY_ASSIGNED_CONTEXT ( ( #4249 ) ) GLOBAL_UNIT_ASSIGNED_CONTEXT ( ( #5461, #4329, #3866 ) ) REPRESENTATION_CONTEXT ( 'NONE', 'WORKASPACE' ) );
#6297 = COLOUR_RGB ( '',0.8039215686274510109, 0.8039215686274510109, 0.8039215686274510109 ) ;
#6298 = STYLED_ITEM ( 'NONE', ( #7281 ), #6842 ) ;
#6299 = EDGE_LOOP ( 'NONE', ( #4129, #5034, #6245, #4084 ) ) ;
#6300 = PRESENTATION_LAYER_ASSIGNMENT (  '', '', ( #4395 ) ) ;
#6301 =( GEOMETRIC_REPRESENTATION_CONTEXT ( 3 ) GLOBAL_UNCERTAINTY_ASSIGNED_CONTEXT ( ( #5749 ) ) GLOBAL_UNIT_ASSIGNED_CONTEXT ( ( #1235, #2876, #1301 ) ) REPRESENTATION_CONTEXT ( 'NONE', 'WORKASPACE' ) );
#6303 =( LENGTH_UNIT ( ) NAMED_UNIT ( * ) SI_UNIT ( .MILLI., .METRE. ) );
#6302 = CARTESIAN_POINT ( 'NONE',  ( 0.8524999999999997025, 2.299999999999999378, -0.07249999999999999500 ) ) ;
#6304 = SURFACE_STYLE_USAGE ( .BOTH. , #1158 ) ;
#6305 = CIRCLE ( 'NONE', #5704, 0.07499999999999998335 ) ;
#6306 = VECTOR ( 'NONE', #3280, 1000.000000000000000 ) ;
#6307 = ORIENTED_EDGE ( 'NONE', *, *, #6724, .F. ) ;
#6308 = CARTESIAN_POINT ( 'NONE',  ( -0.4475000000000001754, 2.299999999999999378, -0.07249999999999999500 ) ) ;
#6309 = COLOUR_RGB ( '',0.8039215686274510109, 0.8039215686274510109, 0.8039215686274510109 ) ;
#6310 =( NAMED_UNIT ( * ) PLANE_ANGLE_UNIT ( ) SI_UNIT ( $, .RADIAN. ) );
#6311 = LINE ( 'NONE', #6238, #2793 ) ;
#6312 = AXIS2_PLACEMENT_3D ( 'NONE', #6929, #6970, #2493 ) ;
#6313 = DIRECTION ( 'NONE',  ( 0.000000000000000000, 0.000000000000000000, -1.000000000000000000 ) ) ;
#6314 = CARTESIAN_POINT ( 'NONE',  ( 1.382282424338300952, 2.082282424338301130, -0.4749999999999999778 ) ) ;
#6315 = EDGE_LOOP ( 'NONE', ( #5873, #5418, #3773, #1067 ) ) ;
#6316 = VERTEX_POINT ( 'NONE', #5865 ) ;
#6317 = LINE ( 'NONE', #1823, #6529 ) ;
#6318 = SURFACE_SIDE_STYLE ('',( #1140 ) ) ;
#6319 = FILL_AREA_STYLE ('',( #1142 ) ) ;
#6320 = STYLED_ITEM ( 'NONE', ( #85 ), #5920 ) ;
#6321 = ORIENTED_EDGE ( 'NONE', *, *, #1741, .F. ) ;
#6322 = DIRECTION ( 'NONE',  ( 1.000000000000000000, 0.000000000000000000, 0.000000000000000000 ) ) ;
#6323 = ORIENTED_EDGE ( 'NONE', *, *, #1788, .T. ) ;
#6324 =( NAMED_UNIT ( * ) PLANE_ANGLE_UNIT ( ) SI_UNIT ( $, .RADIAN. ) );
#6325 = LINE ( 'NONE', #5483, #7271 ) ;
#6326 = LINE ( 'NONE', #3426, #6266 ) ;
#6327 = DIRECTION ( 'NONE',  ( 1.000000000000000000, 0.000000000000000000, 0.000000000000000000 ) ) ;
#6328 = LINE ( 'NONE', #187, #5117 ) ;
#6329 = ORIENTED_EDGE ( 'NONE', *, *, #247, .T. ) ;
#6330 = SURFACE_STYLE_USAGE ( .BOTH. , #1180 ) ;
#6331 = DIRECTION ( 'NONE',  ( -1.000000000000000000, 0.000000000000000000, 0.000000000000000000 ) ) ;
#6332 = EDGE_CURVE ( 'NONE', #4742, #2409, #2410, .T. ) ;
#6333 = SURFACE_STYLE_USAGE ( .BOTH. , #1870 ) ;
#6334 = DIRECTION ( 'NONE',  ( 0.000000000000000000, 1.000000000000000000, 0.000000000000000000 ) ) ;
#6335 = SURFACE_STYLE_FILL_AREA ( #3018 ) ;
#6336 =( LENGTH_UNIT ( ) NAMED_UNIT ( * ) SI_UNIT ( .MILLI., .METRE. ) );
#6337 = ORIENTED_EDGE ( 'NONE', *, *, #2815, .T. ) ;
#6338 = EDGE_CURVE ( 'NONE', #1015, #1524, #1311, .T. ) ;
#6339 = SURFACE_STYLE_FILL_AREA ( #6991 ) ;
#6340 = SURFACE_STYLE_USAGE ( .BOTH. , #2326 ) ;
#6341 = ORIENTED_EDGE ( 'NONE', *, *, #956, .T. ) ;
#6342 = DIRECTION ( 'NONE',  ( 0.1039620511844979306, -0.1039620511844979306, -0.9891328443778538704 ) ) ;
#6343 = FILL_AREA_STYLE_COLOUR ( '', #4890 ) ;
#6344 = UNCERTAINTY_MEASURE_WITH_UNIT (LENGTH_MEASURE( 1.000000000000000082E-05 ), #6422, 'distance_accuracy_value', 'NONE');
#6345 = ORIENTED_EDGE ( 'NONE', *, *, #333, .T. ) ;
#6346 = SURFACE_SIDE_STYLE ('',( #774 ) ) ;
#6347 = CARTESIAN_POINT ( 'NONE',  ( -0.4475000000000001754, 3.199999999999999289, -0.5046459247782298929 ) ) ;
#6348 = CARTESIAN_POINT ( 'NONE',  ( 1.097499999999999698, 3.199999999999999289, -0.5046459247782298929 ) ) ;
#6349 = ORIENTED_EDGE ( 'NONE', *, *, #6118, .F. ) ;
#6350 = DIRECTION ( 'NONE',  ( 0.000000000000000000, 1.000000000000000000, 0.000000000000000000 ) ) ;
#6351 = SURFACE_STYLE_FILL_AREA ( #6119 ) ;
#6353 = DIRECTION ( 'NONE',  ( -1.162852545231924522E-14, 1.000000000000000000, 0.000000000000000000 ) ) ;
#6352 = VECTOR ( 'NONE', #5922, 1000.000000000000000 ) ;
#6354 = CARTESIAN_POINT ( 'NONE',  ( 0.8524999999999997025, -2.796534186440551739, -0.4764328467078229323 ) ) ;
#6355 =( LENGTH_UNIT ( ) NAMED_UNIT ( * ) SI_UNIT ( .MILLI., .METRE. ) );
#6356 = ORIENTED_EDGE ( 'NONE', *, *, #3332, .F. ) ;
#6357 = ORIENTED_EDGE ( 'NONE', *, *, #2815, .F. ) ;
#6358 = FILL_AREA_STYLE_COLOUR ( '', #6783 ) ;
#6359 = CARTESIAN_POINT ( 'NONE',  ( -0.4475000000000001754, 2.199999999999999289, 0.07249999999999999500 ) ) ;
#6360 = CARTESIAN_POINT ( 'NONE',  ( -0.4475000000000001754, 3.199999999999999289, -0.6499999999999998002 ) ) ;
#6361 = EDGE_CURVE ( 'NONE', #4892, #6426, #4975, .T. ) ;
#6362 = EDGE_CURVE ( 'NONE', #5797, #3886, #4192, .T. ) ;
#6363 = STYLED_ITEM ( 'NONE', ( #7261 ), #4273 ) ;
#6364 = SURFACE_STYLE_FILL_AREA ( #4514 ) ;
#6365 = EDGE_CURVE ( 'NONE', #2306, #2550, #975, .T. ) ;
#6366 = ORIENTED_EDGE ( 'NONE', *, *, #417, .T. ) ;
#6367 = DIRECTION ( 'NONE',  ( 0.000000000000000000, 0.000000000000000000, -1.000000000000000000 ) ) ;
#6368 = COLOUR_RGB ( '',0.8039215686274510109, 0.8039215686274510109, 0.8039215686274510109 ) ;
#6369 = DIRECTION ( 'NONE',  ( 0.000000000000000000, 0.000000000000000000, -1.000000000000000000 ) ) ;
#6370 = PRESENTATION_STYLE_ASSIGNMENT (( #6304 ) ) ;
#6371 = ORIENTED_EDGE ( 'NONE', *, *, #127, .T. ) ;
#6372 = DIRECTION ( 'NONE',  ( 0.000000000000000000, 0.000000000000000000, 1.000000000000000000 ) ) ;
#6373 = PRESENTATION_LAYER_ASSIGNMENT (  '', '', ( #2687 ) ) ;
#6374 = STYLED_ITEM ( 'NONE', ( #789 ), #3999 ) ;
#6375 = CARTESIAN_POINT ( 'NONE',  ( -1.500000000000000444, -2.124999999999999112, -0.07249999999999999500 ) ) ;
#6376 = FACE_OUTER_BOUND ( 'NONE', #5481, .T. ) ;
#6377 = PRESENTATION_LAYER_ASSIGNMENT (  '', '', ( #2235 ) ) ;
#6378 = VERTEX_POINT ( 'NONE', #5451 ) ;
#6379 =( NAMED_UNIT ( * ) SI_UNIT ( $, .STERADIAN. ) SOLID_ANGLE_UNIT ( ) );
#6380 = DIRECTION ( 'NONE',  ( -0.000000000000000000, -0.000000000000000000, 1.000000000000000000 ) ) ;
#6381 = ORIENTED_EDGE ( 'NONE', *, *, #2865, .F. ) ;
#6382 = SURFACE_SIDE_STYLE ('',( #7009 ) ) ;
#6383 = CARTESIAN_POINT ( 'NONE',  ( 0.2024999999999997635, 2.599999999999999645, -0.5153054482615858634 ) ) ;
#6384 = LINE ( 'NONE', #4154, #3693 ) ;
#6385 = CARTESIAN_POINT ( 'NONE',  ( 1.097499999999999698, 2.715635909006247850, -0.4244066557889664137 ) ) ;
#6386 = PRESENTATION_STYLE_ASSIGNMENT (( #697 ) ) ;
#6387 = AXIS2_PLACEMENT_3D ( 'NONE', #430, #7185, #6633 ) ;
#6388 =( NAMED_UNIT ( * ) SI_UNIT ( $, .STERADIAN. ) SOLID_ANGLE_UNIT ( ) );
#6389 = DIRECTION ( 'NONE',  ( 0.000000000000000000, -0.9975640502598241977, -0.06975647374412530244 ) ) ;
#6390 =( NAMED_UNIT ( * ) PLANE_ANGLE_UNIT ( ) SI_UNIT ( $, .RADIAN. ) );
#6391 = FILL_AREA_STYLE_COLOUR ( '', #6657 ) ;
#6392 = ORIENTED_EDGE ( 'NONE', *, *, #4950, .F. ) ;
#6393 = EDGE_LOOP ( 'NONE', ( #3828, #2465, #2138, #4882 ) ) ;
#6394 = FILL_AREA_STYLE ('',( #6358 ) ) ;
#6395 = DIRECTION ( 'NONE',  ( 0.000000000000000000, 0.000000000000000000, -1.000000000000000000 ) ) ;
#6396 = SURFACE_STYLE_USAGE ( .BOTH. , #7049 ) ;
#6397 = CARTESIAN_POINT ( 'NONE',  ( -1.162282424338302089, -1.642282424338300739, 0.5500000000000000444 ) ) ;
#6398 = DIRECTION ( 'NONE',  ( 1.000000000000000000, 0.000000000000000000, 0.000000000000000000 ) ) ;
#6399 = AXIS2_PLACEMENT_3D ( 'NONE', #2658, #396, #6136 ) ;
#6400 = SURFACE_STYLE_FILL_AREA ( #2982 ) ;
#6401 =( LENGTH_UNIT ( ) NAMED_UNIT ( * ) SI_UNIT ( .MILLI., .METRE. ) );
#6402 = CARTESIAN_POINT ( 'NONE',  ( -0.2025000000000002076, -2.299999999999999378, -0.07249999999999999500 ) ) ;
#6403 = CIRCLE ( 'NONE', #3563, 0.2000000000000002054 ) ;
#6404 = ORIENTED_EDGE ( 'NONE', *, *, #5677, .F. ) ;
#6405 = EDGE_CURVE ( 'NONE', #6610, #3813, #2657, .T. ) ;
#6406 = COLOUR_RGB ( '',0.9607843137254902244, 0.9607843137254902244, 0.9607843137254902244 ) ;
#6407 = VECTOR ( 'NONE', #1245, 1000.000000000000000 ) ;
#6408 = PRESENTATION_STYLE_ASSIGNMENT (( #236 ) ) ;
#6409 = AXIS2_PLACEMENT_3D ( 'NONE', #2354, #5847, #6864 ) ;
#6410 = MECHANICAL_DESIGN_GEOMETRIC_PRESENTATION_REPRESENTATION (  '', ( #2721 ), #5577 ) ;
#6411 = ADVANCED_FACE ( 'NONE', ( #294 ), #3232, .T. ) ;
#6412 = DIRECTION ( 'NONE',  ( 0.000000000000000000, 0.000000000000000000, -1.000000000000000000 ) ) ;
#6413 =( NAMED_UNIT ( * ) PLANE_ANGLE_UNIT ( ) SI_UNIT ( $, .RADIAN. ) );
#6414 = PRESENTATION_LAYER_ASSIGNMENT (  '', '', ( #6760 ) ) ;
#6415 = VECTOR ( 'NONE', #2437, 1000.000000000000114 ) ;
#6416 = COLOUR_RGB ( '',0.2862745098039215508, 0.2862745098039215508, 0.2862745098039215508 ) ;
#6417 = CARTESIAN_POINT ( 'NONE',  ( -1.425136580382892149, 2.199999999999999734, 0.07249999999999587330 ) ) ;
#6418 = VECTOR ( 'NONE', #6780, 1000.000000000000114 ) ;
#6419 =( GEOMETRIC_REPRESENTATION_CONTEXT ( 3 ) GLOBAL_UNCERTAINTY_ASSIGNED_CONTEXT ( ( #882 ) ) GLOBAL_UNIT_ASSIGNED_CONTEXT ( ( #4290, #5489, #2109 ) ) REPRESENTATION_CONTEXT ( 'NONE', 'WORKASPACE' ) );
#6420 =( GEOMETRIC_REPRESENTATION_CONTEXT ( 3 ) GLOBAL_UNCERTAINTY_ASSIGNED_CONTEXT ( ( #4112 ) ) GLOBAL_UNIT_ASSIGNED_CONTEXT ( ( #3542, #2382, #4083 ) ) REPRESENTATION_CONTEXT ( 'NONE', 'WORKASPACE' ) );
#6421 =( NAMED_UNIT ( * ) SI_UNIT ( $, .STERADIAN. ) SOLID_ANGLE_UNIT ( ) );
#6422 =( LENGTH_UNIT ( ) NAMED_UNIT ( * ) SI_UNIT ( .MILLI., .METRE. ) );
#6423 = UNCERTAINTY_MEASURE_WITH_UNIT (LENGTH_MEASURE( 1.000000000000000082E-05 ), #7213, 'distance_accuracy_value', 'NONE');
#6424 = AXIS2_PLACEMENT_3D ( 'NONE', #4118, #5176, #5319 ) ;
#6425 = ADVANCED_FACE ( 'NONE', ( #6495 ), #1566, .T. ) ;
#6426 = VERTEX_POINT ( 'NONE', #1496 ) ;
#6427 = SURFACE_STYLE_USAGE ( .BOTH. , #132 ) ;
#6428 = CARTESIAN_POINT ( 'NONE',  ( -0.7222824243383022536, -1.642282424338300739, -0.08225396744416157979 ) ) ;
#6429 = MECHANICAL_DESIGN_GEOMETRIC_PRESENTATION_REPRESENTATION (  '', ( #5358 ), #1226 ) ;
#6430 = LINE ( 'NONE', #845, #5801 ) ;
#6431 = SURFACE_SIDE_STYLE ('',( #1422 ) ) ;
#6432 = STYLED_ITEM ( 'NONE', ( #681 ), #1435 ) ;
#6433 = SURFACE_STYLE_USAGE ( .BOTH. , #7043 ) ;
#6434 = PRESENTATION_LAYER_ASSIGNMENT (  '', '', ( #6665 ) ) ;
#6435 = CARTESIAN_POINT ( 'NONE',  ( -1.453250491929916510, -2.078661349777295886, 0.5172918578343979057 ) ) ;
#6436 = UNCERTAINTY_MEASURE_WITH_UNIT (LENGTH_MEASURE( 1.000000000000000082E-05 ), #2789, 'distance_accuracy_value', 'NONE');
#6437 = DIRECTION ( 'NONE',  ( 1.000000000000000000, 0.000000000000000000, -0.000000000000000000 ) ) ;
#6438 = CARTESIAN_POINT ( 'NONE',  ( 0.2024999999999997635, -2.299999999999999378, -0.07249999999999999500 ) ) ;
#6439 = CARTESIAN_POINT ( 'NONE',  ( -0.2025000000000002076, -3.199999999999999289, -0.5046459247782298929 ) ) ;
#6440 = EDGE_CURVE ( 'NONE', #188, #6589, #923, .T. ) ;
#6441 = PRESENTATION_STYLE_ASSIGNMENT (( #1252 ) ) ;
#6442 = ORIENTED_EDGE ( 'NONE', *, *, #3020, .F. ) ;
#6443 = VERTEX_POINT ( 'NONE', #5950 ) ;
#6444 = COLOUR_RGB ( '',0.2862745098039215508, 0.2862745098039215508, 0.2862745098039215508 ) ;
#6445 = DIRECTION ( 'NONE',  ( 0.9945218953682732899, 0.000000000000000000, -0.1045284632676538178 ) ) ;
#6446 = DIRECTION ( 'NONE',  ( 0.000000000000000000, 0.000000000000000000, -1.000000000000000000 ) ) ;
#6447 = MECHANICAL_DESIGN_GEOMETRIC_PRESENTATION_REPRESENTATION (  '', ( #1122 ), #3240 ) ;
#6448 = SURFACE_STYLE_USAGE ( .BOTH. , #4175 ) ;
#6449 = PRESENTATION_STYLE_ASSIGNMENT (( #5213 ) ) ;
#6450 = CARTESIAN_POINT ( 'NONE',  ( -1.425409738600889042, 2.199998880753507802, -0.07251064891903279130 ) ) ;
#6451 = CIRCLE ( 'NONE', #6789, 0.07499999999999998335 ) ;
#6452 = PLANE ( 'NONE',  #4220 ) ;
#6453 = ORIENTED_EDGE ( 'NONE', *, *, #2974, .F. ) ;
#6454 =( NAMED_UNIT ( * ) PLANE_ANGLE_UNIT ( ) SI_UNIT ( $, .RADIAN. ) );
#6455 = UNCERTAINTY_MEASURE_WITH_UNIT (LENGTH_MEASURE( 1.000000000000000082E-05 ), #2428, 'distance_accuracy_value', 'NONE');
#6456 = CARTESIAN_POINT ( 'NONE',  ( 0.2024999999999997635, -2.299999999999999378, -0.1724999999999999867 ) ) ;
#6458 = SURFACE_SIDE_STYLE ('',( #6339 ) ) ;
#6457 = LINE ( 'NONE', #6912, #2283 ) ;
#6459 = LINE ( 'NONE', #7104, #4171 ) ;
#6460 = COLOUR_RGB ( '',0.8039215686274510109, 0.8039215686274510109, 0.8039215686274510109 ) ;
#6461 = CARTESIAN_POINT ( 'NONE',  ( -1.468963392251841471, 2.199760935694445418, 0.07477454493103544153 ) ) ;
#6462 = ORIENTED_EDGE ( 'NONE', *, *, #7231, .F. ) ;
#6463 = PRESENTATION_LAYER_ASSIGNMENT (  '', '', ( #5510 ) ) ;
#6464 =( NAMED_UNIT ( * ) PLANE_ANGLE_UNIT ( ) SI_UNIT ( $, .RADIAN. ) );
#6465 = EDGE_CURVE ( 'NONE', #2246, #335, #3751, .T. ) ;
#6466 = VERTEX_POINT ( 'NONE', #3153 ) ;
#6467 = CARTESIAN_POINT ( 'NONE',  ( -1.382282424338301841, -2.082282424338301130, -0.5500000000000000444 ) ) ;
#6468 = SURFACE_SIDE_STYLE ('',( #4074 ) ) ;
#6469 = EDGE_CURVE ( 'NONE', #4199, #1155, #6236, .T. ) ;
#6470 = EDGE_CURVE ( 'NONE', #6910, #5763, #5528, .T. ) ;
#6471 = DIRECTION ( 'NONE',  ( 0.000000000000000000, 1.000000000000000000, 0.000000000000000000 ) ) ;
#6472 = DIRECTION ( 'NONE',  ( 1.000000000000000000, 0.000000000000000000, 0.000000000000000000 ) ) ;
#6473 = DIRECTION ( 'NONE',  ( 1.000000000000000000, 0.000000000000000000, 0.000000000000000000 ) ) ;
#6474 = ORIENTED_EDGE ( 'NONE', *, *, #2861, .F. ) ;
#6475 = ORIENTED_EDGE ( 'NONE', *, *, #4687, .T. ) ;
#6476 = CARTESIAN_POINT ( 'NONE',  ( 0.8524999999999997025, -2.502515066061893556, -0.03203957178574777520 ) ) ;
#6477 = CYLINDRICAL_SURFACE ( 'NONE', #2811, 0.07500000000000002498 ) ;
#6478 = ADVANCED_FACE ( 'NONE', ( #5666 ), #5036, .T. ) ;
#6479 = DIRECTION ( 'NONE',  ( -0.1039620511844979445, -0.1039620511844979445, 0.9891328443778539814 ) ) ;
#6480 = EDGE_CURVE ( 'NONE', #2509, #76, #466, .T. ) ;
#6481 = FACE_OUTER_BOUND ( 'NONE', #5490, .T. ) ;
#6482 = EDGE_CURVE ( 'NONE', #6026, #148, #156, .T. ) ;
#6483 = ORIENTED_EDGE ( 'NONE', *, *, #674, .F. ) ;
#6484 = CARTESIAN_POINT ( 'NONE',  ( 0.2024999999999997635, -2.761796554868606535, -0.6193578300992984564 ) ) ;
#6485 = CARTESIAN_POINT ( 'NONE',  ( 0.2024999999999997635, 2.502515066061893556, -0.03203957178574777520 ) ) ;
#6486 = AXIS2_PLACEMENT_3D ( 'NONE', #3849, #2784, #1590 ) ;
#6487 = FACE_OUTER_BOUND ( 'NONE', #7018, .T. ) ;
#6488 = ORIENTED_EDGE ( 'NONE', *, *, #5993, .T. ) ;
#6489 = FILL_AREA_STYLE ('',( #1455 ) ) ;
#6490 = LINE ( 'NONE', #5417, #388 ) ;
#6491 = UNCERTAINTY_MEASURE_WITH_UNIT (LENGTH_MEASURE( 1.000000000000000082E-05 ), #2202, 'distance_accuracy_value', 'NONE');
#6492 = ORIENTED_EDGE ( 'NONE', *, *, #2609, .F. ) ;
#6493 = CARTESIAN_POINT ( 'NONE',  ( 1.499998880753507846, -2.125409738600887444, -0.07251064891903699627 ) ) ;
#6494 = CIRCLE ( 'NONE', #3294, 0.2000000000000002054 ) ;
#6495 = FACE_OUTER_BOUND ( 'NONE', #1159, .T. ) ;
#6496 = FACE_OUTER_BOUND ( 'NONE', #940, .T. ) ;
#6497 =( BOUNDED_CURVE ( )  B_SPLINE_CURVE ( 3, ( #5758, #2924, #143, #2380 ),
 .UNSPECIFIED., .F., .F. ) 
 B_SPLINE_CURVE_WITH_KNOTS ( ( 4, 4 ),
 ( 5.503250352303679982, 7.063120262055489817 ),
 .UNSPECIFIED. ) 
 CURVE ( )  GEOMETRIC_REPRESENTATION_ITEM ( )  RATIONAL_B_SPLINE_CURVE ( ( 1.000000000000000000, 0.8073061876036331519, 0.8073061876036331519, 1.000000000000000000 ) ) 
 REPRESENTATION_ITEM ( '' )  );
#6498 = FILL_AREA_STYLE_COLOUR ( '', #7187 ) ;
#6499 = FILL_AREA_STYLE ('',( #5994 ) ) ;
#6500 = EDGE_CURVE ( 'NONE', #6794, #173, #2193, .T. ) ;
#6501 = AXIS2_PLACEMENT_3D ( 'NONE', #1146, #4455, #1176 ) ;
#6502 = UNCERTAINTY_MEASURE_WITH_UNIT (LENGTH_MEASURE( 1.000000000000000082E-05 ), #6606, 'distance_accuracy_value', 'NONE');
#6503 =( GEOMETRIC_REPRESENTATION_CONTEXT ( 3 ) GLOBAL_UNCERTAINTY_ASSIGNED_CONTEXT ( ( #6154 ) ) GLOBAL_UNIT_ASSIGNED_CONTEXT ( ( #3709, #5978, #2579 ) ) REPRESENTATION_CONTEXT ( 'NONE', 'WORKASPACE' ) );
#6504 = SURFACE_STYLE_FILL_AREA ( #4753 ) ;
#6505 = CARTESIAN_POINT ( 'NONE',  ( 1.468963392251839695, 2.199760935694444530, -0.07477454493104100652 ) ) ;
#6506 = UNCERTAINTY_MEASURE_WITH_UNIT (LENGTH_MEASURE( 1.000000000000000082E-05 ), #4184, 'distance_accuracy_value', 'NONE');
#6507 = ADVANCED_FACE ( 'NONE', ( #27 ), #4963, .T. ) ;
#6508 = PRESENTATION_STYLE_ASSIGNMENT (( #1427 ) ) ;
#6509 = ORIENTED_EDGE ( 'NONE', *, *, #224, .T. ) ;
#6510 = ORIENTED_EDGE ( 'NONE', *, *, #4182, .F. ) ;
#6511 = ORIENTED_EDGE ( 'NONE', *, *, #4456, .T. ) ;
#6512 = CARTESIAN_POINT ( 'NONE',  ( -1.425000000000000488, -2.124999999999999112, 0.07249999999999999500 ) ) ;
#6513 = LINE ( 'NONE', #4803, #6018 ) ;
#6514 = PRESENTATION_STYLE_ASSIGNMENT (( #7054 ) ) ;
#6515 = LINE ( 'NONE', #5972, #2983 ) ;
#6516 = ORIENTED_EDGE ( 'NONE', *, *, #5556, .T. ) ;
#6517 = CARTESIAN_POINT ( 'NONE',  ( 0.2024999999999997635, 3.199999999999999289, -0.5046459247782298929 ) ) ;
#6518 = EDGE_LOOP ( 'NONE', ( #2094, #6743, #7039, #3262, #1791, #694, #1468, #5523, #5670, #3725, #1379, #6321 ) ) ;
#6519 = MECHANICAL_DESIGN_GEOMETRIC_PRESENTATION_REPRESENTATION (  '', ( #4731 ), #2483 ) ;
#6520 = CARTESIAN_POINT ( 'NONE',  ( -1.425000000000000488, 2.199999999999999289, 0.07249999999999999500 ) ) ;
#6521 = UNCERTAINTY_MEASURE_WITH_UNIT (LENGTH_MEASURE( 1.000000000000000082E-05 ), #3024, 'distance_accuracy_value', 'NONE');
#6522 = DIRECTION ( 'NONE',  ( 0.000000000000000000, 0.000000000000000000, -1.000000000000000000 ) ) ;
#6523 = DIRECTION ( 'NONE',  ( 0.000000000000000000, 0.000000000000000000, -1.000000000000000000 ) ) ;
#6524 = SURFACE_STYLE_FILL_AREA ( #2471 ) ;
#6525 = CIRCLE ( 'NONE', #6981, 0.2000000000000002054 ) ;
#6526 =( GEOMETRIC_REPRESENTATION_CONTEXT ( 3 ) GLOBAL_UNCERTAINTY_ASSIGNED_CONTEXT ( ( #4934 ) ) GLOBAL_UNIT_ASSIGNED_CONTEXT ( ( #6336, #200, #1337 ) ) REPRESENTATION_CONTEXT ( 'NONE', 'WORKASPACE' ) );
#6527 = DIRECTION ( 'NONE',  ( 0.000000000000000000, 0.4773021410712618984, 0.8787392480871610845 ) ) ;
#6528 =( GEOMETRIC_REPRESENTATION_CONTEXT ( 3 ) GLOBAL_UNCERTAINTY_ASSIGNED_CONTEXT ( ( #2415 ) ) GLOBAL_UNIT_ASSIGNED_CONTEXT ( ( #588, #5682, #2783 ) ) REPRESENTATION_CONTEXT ( 'NONE', 'WORKASPACE' ) );
#6529 = VECTOR ( 'NONE', #3496, 1000.000000000000114 ) ;
#6530 = ORIENTED_EDGE ( 'NONE', *, *, #5841, .T. ) ;
#6531 = CARTESIAN_POINT ( 'NONE',  ( 1.456871566490921532, 2.082282424338301574, 0.4828396347450740755 ) ) ;
#6532 = COLOUR_RGB ( '',0.8039215686274510109, 0.8039215686274510109, 0.8039215686274510109 ) ;
#6533 =( NAMED_UNIT ( * ) PLANE_ANGLE_UNIT ( ) SI_UNIT ( $, .RADIAN. ) );
#6534 = FILL_AREA_STYLE_COLOUR ( '', #5956 ) ;
#6535 = PRESENTATION_LAYER_ASSIGNMENT (  '', '', ( #1446 ) ) ;
#6536 = ORIENTED_EDGE ( 'NONE', *, *, #2915, .F. ) ;
#6537 =( GEOMETRIC_REPRESENTATION_CONTEXT ( 3 ) GLOBAL_UNCERTAINTY_ASSIGNED_CONTEXT ( ( #807 ) ) GLOBAL_UNIT_ASSIGNED_CONTEXT ( ( #3785, #327, #4294 ) ) REPRESENTATION_CONTEXT ( 'NONE', 'WORKASPACE' ) );
#6538 =( NAMED_UNIT ( * ) PLANE_ANGLE_UNIT ( ) SI_UNIT ( $, .RADIAN. ) );
#6539 = AXIS2_PLACEMENT_3D ( 'NONE', #4438, #4467, #2147 ) ;
#6540 = LINE ( 'NONE', #2961, #112 ) ;
#6541 = DIRECTION ( 'NONE',  ( 1.000000000000000000, -0.000000000000000000, 0.000000000000000000 ) ) ;
#6542 = CIRCLE ( 'NONE', #3920, 0.09999999999999979738 ) ;
#6543 = EDGE_CURVE ( 'NONE', #3011, #3225, #4981, .T. ) ;
#6544 = AXIS2_PLACEMENT_3D ( 'NONE', #5487, #6798, #4534 ) ;
#6545 = SURFACE_STYLE_FILL_AREA ( #5957 ) ;
#6546 = CARTESIAN_POINT ( 'NONE',  ( -0.2025000000000002076, -2.299999999999999378, -0.07249999999999999500 ) ) ;
#6547 = ORIENTED_EDGE ( 'NONE', *, *, #6939, .F. ) ;
#6548 = ORIENTED_EDGE ( 'NONE', *, *, #6987, .F. ) ;
#6549 = ORIENTED_EDGE ( 'NONE', *, *, #4926, .F. ) ;
#6550 =( NAMED_UNIT ( * ) SI_UNIT ( $, .STERADIAN. ) SOLID_ANGLE_UNIT ( ) );
#6551 = VECTOR ( 'NONE', #3428, 1000.000000000000000 ) ;
#6552 = STYLED_ITEM ( 'NONE', ( #6508 ), #5597 ) ;
#6553 = LINE ( 'NONE', #3168, #3412 ) ;
#6554 = CARTESIAN_POINT ( 'NONE',  ( -1.097500000000000142, -2.761796554868606535, -0.6193578300992984564 ) ) ;
#6555 =( GEOMETRIC_REPRESENTATION_CONTEXT ( 3 ) GLOBAL_UNCERTAINTY_ASSIGNED_CONTEXT ( ( #3672 ) ) GLOBAL_UNIT_ASSIGNED_CONTEXT ( ( #4429, #1589, #1011 ) ) REPRESENTATION_CONTEXT ( 'NONE', 'WORKASPACE' ) );
#6556 = DIRECTION ( 'NONE',  ( 0.000000000000000000, 0.000000000000000000, -1.000000000000000000 ) ) ;
#6557 = EDGE_LOOP ( 'NONE', ( #3307, #4544, #2825, #5715 ) ) ;
#6558 = EDGE_CURVE ( 'NONE', #6589, #996, #3443, .T. ) ;
#6559 = MECHANICAL_DESIGN_GEOMETRIC_PRESENTATION_REPRESENTATION (  '', ( #5373 ), #3116 ) ;
#6560 = VERTEX_POINT ( 'NONE', #243 ) ;
#6561 =( GEOMETRIC_REPRESENTATION_CONTEXT ( 3 ) GLOBAL_UNCERTAINTY_ASSIGNED_CONTEXT ( ( #3004 ) ) GLOBAL_UNIT_ASSIGNED_CONTEXT ( ( #1352, #5304, #6421 ) ) REPRESENTATION_CONTEXT ( 'NONE', 'WORKASPACE' ) );
#6562 =( LENGTH_UNIT ( ) NAMED_UNIT ( * ) SI_UNIT ( .MILLI., .METRE. ) );
#6563 = CARTESIAN_POINT ( 'NONE',  ( 0.8524999999999997025, -2.299999999999999378, -0.1724999999999999867 ) ) ;
#6564 = DIRECTION ( 'NONE',  ( 1.000000000000000000, -0.000000000000000000, -0.000000000000000000 ) ) ;
#6565 = PRESENTATION_LAYER_ASSIGNMENT (  '', '', ( #7145 ) ) ;
#6566 = FILL_AREA_STYLE ('',( #4354 ) ) ;
#6567 = ORIENTED_EDGE ( 'NONE', *, *, #6152, .F. ) ;
#6568 = FILL_AREA_STYLE ('',( #5447 ) ) ;
#6569 = EDGE_CURVE ( 'NONE', #7196, #2076, #93, .T. ) ;
#6570 = ORIENTED_EDGE ( 'NONE', *, *, #1718, .T. ) ;
#6571 = DIRECTION ( 'NONE',  ( 0.000000000000000000, 0.9975640502598243087, 0.06975647374412519142 ) ) ;
#6572 = SURFACE_STYLE_FILL_AREA ( #6028 ) ;
#6573 = COLOUR_RGB ( '',0.8039215686274510109, 0.8039215686274510109, 0.8039215686274510109 ) ;
#6574 =( LENGTH_UNIT ( ) NAMED_UNIT ( * ) SI_UNIT ( .MILLI., .METRE. ) );
#6575 = STYLED_ITEM ( 'NONE', ( #3981 ), #3285 ) ;
#6576 = FILL_AREA_STYLE ('',( #4260 ) ) ;
#6577 = UNCERTAINTY_MEASURE_WITH_UNIT (LENGTH_MEASURE( 1.000000000000000082E-05 ), #5159, 'distance_accuracy_value', 'NONE');
#6578 = ORIENTED_EDGE ( 'NONE', *, *, #1451, .T. ) ;
#6579 = EDGE_LOOP ( 'NONE', ( #710, #2764, #493, #1173 ) ) ;
#6580 =( NAMED_UNIT ( * ) PLANE_ANGLE_UNIT ( ) SI_UNIT ( $, .RADIAN. ) );
#6581 = CARTESIAN_POINT ( 'NONE',  ( 1.453250491929915622, 2.078661349777295886, 0.5172918578343979057 ) ) ;
#6582 = FILL_AREA_STYLE_COLOUR ( '', #2979 ) ;
#6583 = DIRECTION ( 'NONE',  ( -0.000000000000000000, -1.000000000000000000, -0.000000000000000000 ) ) ;
#6584 = CARTESIAN_POINT ( 'NONE',  ( 1.097499999999999698, 2.199999999999999289, 0.07249999999999999500 ) ) ;
#6585 = DIRECTION ( 'NONE',  ( 0.000000000000000000, 0.000000000000000000, -1.000000000000000000 ) ) ;
#6586 = DIRECTION ( 'NONE',  ( 0.000000000000000000, 0.000000000000000000, -1.000000000000000000 ) ) ;
#6587 = CARTESIAN_POINT ( 'NONE',  ( 1.499998880753507624, 2.125409738600888332, -0.07251064891903702403 ) ) ;
#6588 = DIRECTION ( 'NONE',  ( 0.1039620511844979445, -0.1039620511844979445, 0.9891328443778539814 ) ) ;
#6589 = VERTEX_POINT ( 'NONE', #1848 ) ;
#6590 = LINE ( 'NONE', #6484, #2766 ) ;
#6591 = FACE_OUTER_BOUND ( 'NONE', #3971, .T. ) ;
#6592 = DIRECTION ( 'NONE',  ( -1.000000000000000000, -0.000000000000000000, -0.000000000000000000 ) ) ;
#6593 =( NAMED_UNIT ( * ) PLANE_ANGLE_UNIT ( ) SI_UNIT ( $, .RADIAN. ) );
#6594 = COLOUR_RGB ( '',0.8039215686274510109, 0.8039215686274510109, 0.8039215686274510109 ) ;
#6595 = EDGE_CURVE ( 'NONE', #3836, #6140, #650, .T. ) ;
#6596 = EDGE_CURVE ( 'NONE', #514, #7192, #3601, .T. ) ;
#6597 = ORIENTED_EDGE ( 'NONE', *, *, #7210, .T. ) ;
#6598 = CARTESIAN_POINT ( 'NONE',  ( 1.468963392251839695, 2.199760935694445418, 0.07477454493103759259 ) ) ;
#6599 = ORIENTED_EDGE ( 'NONE', *, *, #1572, .T. ) ;
#6600 = DIRECTION ( 'NONE',  ( 0.000000000000000000, -0.9975640502598241977, -0.06975647374412530244 ) ) ;
#6601 = CARTESIAN_POINT ( 'NONE',  ( -1.097500000000000142, -2.796534186440551739, -0.4764328467078229323 ) ) ;
#6602 = FILL_AREA_STYLE_COLOUR ( '', #5331 ) ;
#6603 = PRESENTATION_LAYER_ASSIGNMENT (  '', '', ( #1516 ) ) ;
#6604 = DIRECTION ( 'NONE',  ( 0.000000000000000000, 0.000000000000000000, -1.000000000000000000 ) ) ;
#6605 = EDGE_CURVE ( 'NONE', #6645, #5197, #7083, .T. ) ;
#6606 =( LENGTH_UNIT ( ) NAMED_UNIT ( * ) SI_UNIT ( .MILLI., .METRE. ) );
#6607 = VECTOR ( 'NONE', #4006, 1000.000000000000000 ) ;
#6608 = ORIENTED_EDGE ( 'NONE', *, *, #791, .T. ) ;
#6609 = ORIENTED_EDGE ( 'NONE', *, *, #3848, .F. ) ;
#6610 = VERTEX_POINT ( 'NONE', #4030 ) ;
#6611 = CARTESIAN_POINT ( 'NONE',  ( -0.2025000000000002076, -2.599999999999999645, -0.5153054482615858634 ) ) ;
#6612 =( NAMED_UNIT ( * ) SI_UNIT ( $, .STERADIAN. ) SOLID_ANGLE_UNIT ( ) );
#6613 = EDGE_LOOP ( 'NONE', ( #285, #2274, #3077, #797 ) ) ;
#6615 = AXIS2_PLACEMENT_3D ( 'NONE', #2280, #479, #2134 ) ;
#6614 = SURFACE_STYLE_USAGE ( .BOTH. , #3204 ) ;
#6616 = VECTOR ( 'NONE', #7060, 1000.000000000000000 ) ;
#6617 = AXIS2_PLACEMENT_3D ( 'NONE', #6512, #3051, #3694 ) ;
#6618 = FILL_AREA_STYLE_COLOUR ( '', #3106 ) ;
#6619 = CARTESIAN_POINT ( 'NONE',  ( -1.468963392251840361, -2.199760935694444530, -0.07477454493104100652 ) ) ;
#6620 = ORIENTED_EDGE ( 'NONE', *, *, #6272, .T. ) ;
#6621 =( NAMED_UNIT ( * ) PLANE_ANGLE_UNIT ( ) SI_UNIT ( $, .RADIAN. ) );
#6622 = DIRECTION ( 'NONE',  ( 0.000000000000000000, 1.000000000000000000, 0.000000000000000000 ) ) ;
#6623 = DIRECTION ( 'NONE',  ( 0.000000000000000000, 0.4773021410712616763, -0.8787392480871610845 ) ) ;
#6624 = ORIENTED_EDGE ( 'NONE', *, *, #2677, .F. ) ;
#6625 = DIRECTION ( 'NONE',  ( 0.000000000000000000, -0.9975640502598241977, -0.06975647374412530244 ) ) ;
#6626 = EDGE_CURVE ( 'NONE', #2901, #6645, #5531, .T. ) ;
#6627 = STYLED_ITEM ( 'NONE', ( #1751 ), #3383 ) ;
#6628 = PRESENTATION_STYLE_ASSIGNMENT (( #4923 ) ) ;
#6629 = LINE ( 'NONE', #1026, #284 ) ;
#6630 = PRESENTATION_LAYER_ASSIGNMENT (  '', '', ( #2486 ) ) ;
#6631 = ORIENTED_EDGE ( 'NONE', *, *, #4601, .T. ) ;
#6632 = MECHANICAL_DESIGN_GEOMETRIC_PRESENTATION_REPRESENTATION (  '', ( #6177 ), #4258 ) ;
#6633 = DIRECTION ( 'NONE',  ( 0.000000000000000000, 0.000000000000000000, -1.000000000000000000 ) ) ;
#6634 = ADVANCED_FACE ( 'NONE', ( #3445 ), #684, .T. ) ;
#6635 = CIRCLE ( 'NONE', #271, 0.09999999999999979738 ) ;
#6636 = EDGE_LOOP ( 'NONE', ( #3990, #5306, #4616, #1361, #6077, #5130, #5151, #561, #5050, #997, #3987, #6530 ) ) ;
#6637 = VECTOR ( 'NONE', #6389, 1000.000000000000227 ) ;
#6638 = DIRECTION ( 'NONE',  ( 1.000000000000000000, 0.000000000000000000, 0.000000000000000000 ) ) ;
#6639 = PRESENTATION_LAYER_ASSIGNMENT (  '', '', ( #2240 ) ) ;
#6640 = COLOUR_RGB ( '',0.2862745098039215508, 0.2862745098039215508, 0.2862745098039215508 ) ;
#6641 = EDGE_CURVE ( 'NONE', #3702, #1089, #5192, .T. ) ;
#6642 = SURFACE_STYLE_FILL_AREA ( #3890 ) ;
#6643 = UNCERTAINTY_MEASURE_WITH_UNIT (LENGTH_MEASURE( 1.000000000000000082E-05 ), #2857, 'distance_accuracy_value', 'NONE');
#6644 = ORIENTED_EDGE ( 'NONE', *, *, #1257, .T. ) ;
#6645 = VERTEX_POINT ( 'NONE', #2403 ) ;
#6646 = ORIENTED_EDGE ( 'NONE', *, *, #3346, .T. ) ;
#6647 = VECTOR ( 'NONE', #723, 1000.000000000000114 ) ;
#6648 = CIRCLE ( 'NONE', #2617, 0.1000000000000001582 ) ;
#6649 = MECHANICAL_DESIGN_GEOMETRIC_PRESENTATION_REPRESENTATION (  '', ( #5698 ), #977 ) ;
#6650 = VERTEX_POINT ( 'NONE', #4657 ) ;
#6651 = CARTESIAN_POINT ( 'NONE',  ( 0.2024999999999997635, -2.299999999999999378, -0.1724999999999999867 ) ) ;
#6652 =( GEOMETRIC_REPRESENTATION_CONTEXT ( 3 ) GLOBAL_UNCERTAINTY_ASSIGNED_CONTEXT ( ( #1459 ) ) GLOBAL_UNIT_ASSIGNED_CONTEXT ( ( #3187, #4320, #4248 ) ) REPRESENTATION_CONTEXT ( 'NONE', 'WORKASPACE' ) );
#6653 =( GEOMETRIC_REPRESENTATION_CONTEXT ( 3 ) GLOBAL_UNCERTAINTY_ASSIGNED_CONTEXT ( ( #5668 ) ) GLOBAL_UNIT_ASSIGNED_CONTEXT ( ( #4026, #3595, #1296 ) ) REPRESENTATION_CONTEXT ( 'NONE', 'WORKASPACE' ) );
#6654 = EDGE_CURVE ( 'NONE', #1089, #3837, #1012, .T. ) ;
#6655 = CARTESIAN_POINT ( 'NONE',  ( -0.9422824243383021159, -1.642282424338300739, 0.5500000000000000444 ) ) ;
#6656 = VECTOR ( 'NONE', #5916, 1000.000000000000114 ) ;
#6657 = COLOUR_RGB ( '',0.8039215686274510109, 0.8039215686274510109, 0.8039215686274510109 ) ;
#6658 = DIRECTION ( 'NONE',  ( 1.000000000000000000, 0.000000000000000000, 0.000000000000000000 ) ) ;
#6659 = PRESENTATION_LAYER_ASSIGNMENT (  '', '', ( #763 ) ) ;
#6660 = PRESENTATION_STYLE_ASSIGNMENT (( #7096 ) ) ;
#6661 = CARTESIAN_POINT ( 'NONE',  ( 0.2024999999999997635, -3.199999999999999289, -0.6499999999999998002 ) ) ;
#6662 = ORIENTED_EDGE ( 'NONE', *, *, #2419, .T. ) ;
#6663 = VECTOR ( 'NONE', #239, 1000.000000000000000 ) ;
#6664 = LINE ( 'NONE', #6094, #5624 ) ;
#6665 = STYLED_ITEM ( 'NONE', ( #4768 ), #5765 ) ;
#6666 = VERTEX_POINT ( 'NONE', #3558 ) ;
#6667 = CARTESIAN_POINT ( 'NONE',  ( -0.2025000000000002076, 2.199999999999999289, 0.07249999999999999500 ) ) ;
#6668 = STYLED_ITEM ( 'NONE', ( #4746 ), #7255 ) ;
#6669 = VECTOR ( 'NONE', #2180, 1000.000000000000114 ) ;
#6670 = STYLED_ITEM ( 'NONE', ( #1457 ), #540 ) ;
#6671 = DIRECTION ( 'NONE',  ( -0.000000000000000000, 1.000000000000000000, -0.000000000000000000 ) ) ;
#6672 = ORIENTED_EDGE ( 'NONE', *, *, #3222, .F. ) ;
#6673 =( LENGTH_UNIT ( ) NAMED_UNIT ( * ) SI_UNIT ( .MILLI., .METRE. ) );
#6674 = PRESENTATION_LAYER_ASSIGNMENT (  '', '', ( #2530 ) ) ;
#6675 = CARTESIAN_POINT ( 'NONE',  ( -1.097500000000000142, -2.199999999999999289, 0.07249999999999999500 ) ) ;
#6676 = PRESENTATION_STYLE_ASSIGNMENT (( #534 ) ) ;
#6677 = ORIENTED_EDGE ( 'NONE', *, *, #1535, .F. ) ;
#6678 =( LENGTH_UNIT ( ) NAMED_UNIT ( * ) SI_UNIT ( .MILLI., .METRE. ) );
#6679 = CARTESIAN_POINT ( 'NONE',  ( -1.500000000000000444, 2.199999999999999289, -0.07249999999999999500 ) ) ;
#6680 = DIRECTION ( 'NONE',  ( -1.215511895599726729E-15, 1.000000000000000000, -1.156482317317871764E-14 ) ) ;
#6681 = APPLICATION_PROTOCOL_DEFINITION ( 'draft international standard', 'automotive_design', 1998, #6112 ) ;
#6682 = SURFACE_STYLE_USAGE ( .BOTH. , #4413 ) ;
#6683 = ADVANCED_FACE ( 'NONE', ( #1882 ), #4136, .T. ) ;
#6684 = CARTESIAN_POINT ( 'NONE',  ( -0.4475000000000001754, 2.775747849617431928, -0.4198450200473335392 ) ) ;
#6685 = CARTESIAN_POINT ( 'NONE',  ( 0.2024999999999997635, 2.715635909006247850, -0.4244066557889664137 ) ) ;
#6686 = ORIENTED_EDGE ( 'NONE', *, *, #6934, .F. ) ;
#6687 = ORIENTED_EDGE ( 'NONE', *, *, #5149, .F. ) ;
#6688 = ADVANCED_FACE ( 'NONE', ( #6487 ), #3745, .F. ) ;
#6689 = DIRECTION ( 'NONE',  ( 0.000000000000000000, 0.9945218953682734009, -0.1045284632676537068 ) ) ;
#6690 = EDGE_CURVE ( 'NONE', #3937, #1958, #4887, .T. ) ;
#6691 = SURFACE_STYLE_FILL_AREA ( #1002 ) ;
#6692 = FACE_OUTER_BOUND ( 'NONE', #6261, .T. ) ;
#6693 = ORIENTED_EDGE ( 'NONE', *, *, #5479, .T. ) ;
#6694 = FILL_AREA_STYLE ('',( #585 ) ) ;
#6695 = PRESENTATION_LAYER_ASSIGNMENT (  '', '', ( #2543 ) ) ;
#6696 =( GEOMETRIC_REPRESENTATION_CONTEXT ( 3 ) GLOBAL_UNCERTAINTY_ASSIGNED_CONTEXT ( ( #3312 ) ) GLOBAL_UNIT_ASSIGNED_CONTEXT ( ( #211, #174, #6379 ) ) REPRESENTATION_CONTEXT ( 'NONE', 'WORKASPACE' ) );
#6697 = CARTESIAN_POINT ( 'NONE',  ( -0.8525000000000001465, -2.199999999999999289, 0.07249999999999999500 ) ) ;
#6698 = DIRECTION ( 'NONE',  ( 1.000000000000000000, 0.000000000000000000, 0.000000000000000000 ) ) ;
#6699 = CARTESIAN_POINT ( 'NONE',  ( -0.4475000000000001754, -2.299999999999999378, -0.1724999999999999867 ) ) ;
#6700 = CARTESIAN_POINT ( 'NONE',  ( 0.2024999999999997635, 2.599999999999999645, -0.5153054482615858634 ) ) ;
#6701 = DIRECTION ( 'NONE',  ( 1.000000000000000000, 0.000000000000000000, 0.000000000000000000 ) ) ;
#6702 = ORIENTED_EDGE ( 'NONE', *, *, #3298, .F. ) ;
#6703 = DIRECTION ( 'NONE',  ( -1.000000000000000000, -0.000000000000000000, -0.000000000000000000 ) ) ;
#6704 = FILL_AREA_STYLE ('',( #4957 ) ) ;
#6705 = ORIENTED_EDGE ( 'NONE', *, *, #1543, .T. ) ;
#6706 = CARTESIAN_POINT ( 'NONE',  ( -1.500000000000000444, 2.124999999999999556, 0.07249999999999999500 ) ) ;
#6707 = STYLED_ITEM ( 'NONE', ( #7053 ), #4643 ) ;
#6708 = DIRECTION ( 'NONE',  ( -0.000000000000000000, -1.000000000000000000, -0.000000000000000000 ) ) ;
#6709 = DIRECTION ( 'NONE',  ( 0.000000000000000000, 0.000000000000000000, -1.000000000000000000 ) ) ;
#6710 = EDGE_LOOP ( 'NONE', ( #4227, #4466, #2629, #1243 ) ) ;
#6711 = CARTESIAN_POINT ( 'NONE',  ( 0.2024999999999997635, 2.599999999999999645, -0.5153054482615858634 ) ) ;
#6712 =( NAMED_UNIT ( * ) PLANE_ANGLE_UNIT ( ) SI_UNIT ( $, .RADIAN. ) );
#6713 = DIRECTION ( 'NONE',  ( 0.000000000000000000, -0.9975640502598243087, 0.06975647374412519142 ) ) ;
#6714 = CARTESIAN_POINT ( 'NONE',  ( 0.8524999999999997025, -2.299999999999999378, -0.07249999999999999500 ) ) ;
#6715 = UNCERTAINTY_MEASURE_WITH_UNIT (LENGTH_MEASURE( 1.000000000000000082E-05 ), #5771, 'distance_accuracy_value', 'NONE');
#6716 = ORIENTED_EDGE ( 'NONE', *, *, #2237, .F. ) ;
#6717 = ORIENTED_EDGE ( 'NONE', *, *, #5513, .F. ) ;
#6718 = CARTESIAN_POINT ( 'NONE',  ( 0.2024999999999997635, -2.599999999999999645, -0.5153054482615858634 ) ) ;
#6719 = VECTOR ( 'NONE', #181, 1000.000000000000000 ) ;
#6720 =( LENGTH_UNIT ( ) NAMED_UNIT ( * ) SI_UNIT ( .MILLI., .METRE. ) );
#6721 = SURFACE_STYLE_FILL_AREA ( #4594 ) ;
#6722 = EDGE_CURVE ( 'NONE', #1353, #2076, #5954, .T. ) ;
#6723 = ORIENTED_EDGE ( 'NONE', *, *, #3756, .F. ) ;
#6724 = EDGE_CURVE ( 'NONE', #5594, #1404, #6542, .T. ) ;
#6725 = MECHANICAL_DESIGN_GEOMETRIC_PRESENTATION_REPRESENTATION (  '', ( #6147 ), #3175 ) ;
#6726 = CARTESIAN_POINT ( 'NONE',  ( 0.8524999999999997025, 2.387873924808715298, -0.1247697858928739911 ) ) ;
#6727 = SURFACE_STYLE_USAGE ( .BOTH. , #2704 ) ;
#6728 = FILL_AREA_STYLE ('',( #6223 ) ) ;
#6729 = CARTESIAN_POINT ( 'NONE',  ( -1.097500000000000142, -2.199999999999999289, 0.07249999999999999500 ) ) ;
#6730 = PRESENTATION_STYLE_ASSIGNMENT (( #2785 ) ) ;
#6731 = ORIENTED_EDGE ( 'NONE', *, *, #6500, .T. ) ;
#6732 = PRESENTATION_LAYER_ASSIGNMENT (  '', '', ( #2582 ) ) ;
#6733 = DIRECTION ( 'NONE',  ( 0.000000000000000000, -0.4773021410712616763, -0.8787392480871611955 ) ) ;
#6734 = MECHANICAL_DESIGN_GEOMETRIC_PRESENTATION_REPRESENTATION (  '', ( #3995 ), #2349 ) ;
#6735 =( GEOMETRIC_REPRESENTATION_CONTEXT ( 3 ) GLOBAL_UNCERTAINTY_ASSIGNED_CONTEXT ( ( #2139 ) ) GLOBAL_UNIT_ASSIGNED_CONTEXT ( ( #3141, #2072, #2645 ) ) REPRESENTATION_CONTEXT ( 'NONE', 'WORKASPACE' ) );
#6736 = EDGE_CURVE ( 'NONE', #3617, #2544, #4394, .T. ) ;
#6737 = FILL_AREA_STYLE ('',( #19 ) ) ;
#6738 = SURFACE_SIDE_STYLE ('',( #2216 ) ) ;
#6739 = VERTEX_POINT ( 'NONE', #5445 ) ;
#6740 = DIRECTION ( 'NONE',  ( 0.000000000000000000, 1.000000000000000000, 0.000000000000000000 ) ) ;
#6741 = EDGE_CURVE ( 'NONE', #5108, #472, #7147, .T. ) ;
#6742 = DIRECTION ( 'NONE',  ( -1.000000000000000000, -0.000000000000000000, -0.000000000000000000 ) ) ;
#6743 = ORIENTED_EDGE ( 'NONE', *, *, #5089, .F. ) ;
#6744 =( NAMED_UNIT ( * ) SI_UNIT ( $, .STERADIAN. ) SOLID_ANGLE_UNIT ( ) );
#6745 = CARTESIAN_POINT ( 'NONE',  ( -1.097500000000000142, -2.775747849617431928, -0.4198450200473335392 ) ) ;
#6746 =( NAMED_UNIT ( * ) PLANE_ANGLE_UNIT ( ) SI_UNIT ( $, .RADIAN. ) );
#6747 = LINE ( 'NONE', #1134, #2292 ) ;
#6748 = DIRECTION ( 'NONE',  ( 1.000000000000000000, 0.000000000000000000, 0.000000000000000000 ) ) ;
#6749 = MECHANICAL_DESIGN_GEOMETRIC_PRESENTATION_REPRESENTATION (  '', ( #4417 ), #3330 ) ;
#6750 = ORIENTED_EDGE ( 'NONE', *, *, #79, .F. ) ;
#6751 = ORIENTED_EDGE ( 'NONE', *, *, #2303, .T. ) ;
#6752 = MECHANICAL_DESIGN_GEOMETRIC_PRESENTATION_REPRESENTATION (  '', ( #7105 ), #6526 ) ;
#6753 = LINE ( 'NONE', #7301, #2161 ) ;
#6754 = ORIENTED_EDGE ( 'NONE', *, *, #6470, .T. ) ;
#6755 = VECTOR ( 'NONE', #6763, 1000.000000000000000 ) ;
#6756 = CARTESIAN_POINT ( 'NONE',  ( 0.2024999999999997635, 2.387873924808715298, -0.1247697858928739911 ) ) ;
#6757 = EDGE_CURVE ( 'NONE', #5410, #1419, #4315, .T. ) ;
#6758 = MECHANICAL_DESIGN_GEOMETRIC_PRESENTATION_REPRESENTATION (  '', ( #1439 ), #4734 ) ;
#6759 = STYLED_ITEM ( 'NONE', ( #2461 ), #1044 ) ;
#6760 = STYLED_ITEM ( 'NONE', ( #1306 ), #2639 ) ;
#6761 = FILL_AREA_STYLE ('',( #8 ) ) ;
#6762 = PRESENTATION_LAYER_ASSIGNMENT (  '', '', ( #4739 ) ) ;
#6763 = DIRECTION ( 'NONE',  ( 0.000000000000000000, 0.000000000000000000, 1.000000000000000000 ) ) ;
#6764 = PRESENTATION_LAYER_ASSIGNMENT (  '', '', ( #2614 ) ) ;
#6765 = FILL_AREA_STYLE ('',( #556 ) ) ;
#6766 = AXIS2_PLACEMENT_3D ( 'NONE', #4407, #6742, #1668 ) ;
#6767 = FILL_AREA_STYLE_COLOUR ( '', #3643 ) ;
#6768 = ORIENTED_EDGE ( 'NONE', *, *, #1013, .T. ) ;
#6769 = VECTOR ( 'NONE', #6658, 1000.000000000000000 ) ;
#6770 = CARTESIAN_POINT ( 'NONE',  ( -1.097500000000000142, 2.299999999999999378, -0.1724999999999999867 ) ) ;
#6771 = STYLED_ITEM ( 'NONE', ( #1340 ), #5344 ) ;
#6772 = VERTEX_POINT ( 'NONE', #1517 ) ;
#6773 = ADVANCED_FACE ( 'NONE', ( #4839 ), #3780, .T. ) ;
#6774 = PRESENTATION_LAYER_ASSIGNMENT (  '', '', ( #1694 ) ) ;
#6775 = CARTESIAN_POINT ( 'NONE',  ( -1.162282424338302089, -1.642282424338300739, 0.5400000000000000355 ) ) ;
#6776 = PRESENTATION_LAYER_ASSIGNMENT (  '', '', ( #6432 ) ) ;
#6777 = EDGE_CURVE ( 'NONE', #4888, #3188, #3257, .T. ) ;
#6778 =( GEOMETRIC_REPRESENTATION_CONTEXT ( 3 ) GLOBAL_UNCERTAINTY_ASSIGNED_CONTEXT ( ( #725 ) ) GLOBAL_UNIT_ASSIGNED_CONTEXT ( ( #5735, #7279, #2318 ) ) REPRESENTATION_CONTEXT ( 'NONE', 'WORKASPACE' ) );
#6779 = VERTEX_POINT ( 'NONE', #1053 ) ;
#6780 = DIRECTION ( 'NONE',  ( 0.000000000000000000, -0.4773021410712616763, -0.8787392480871610845 ) ) ;
#6781 = CARTESIAN_POINT ( 'NONE',  ( -1.500000000000000444, -2.199999999999999289, -0.07249999999999999500 ) ) ;
#6782 = CYLINDRICAL_SURFACE ( 'NONE', #2266, 0.07500000000000002498 ) ;
#6783 = COLOUR_RGB ( '',0.2862745098039215508, 0.2862745098039215508, 0.2862745098039215508 ) ;
#6784 = ORIENTED_EDGE ( 'NONE', *, *, #1767, .T. ) ;
#6785 = PRESENTATION_STYLE_ASSIGNMENT (( #604 ) ) ;
#6786 = EDGE_CURVE ( 'NONE', #3499, #3544, #7208, .T. ) ;
#6787 = FILL_AREA_STYLE ('',( #651 ) ) ;
#6788 =( GEOMETRIC_REPRESENTATION_CONTEXT ( 3 ) GLOBAL_UNCERTAINTY_ASSIGNED_CONTEXT ( ( #3681 ) ) GLOBAL_UNIT_ASSIGNED_CONTEXT ( ( #2112, #3260, #4779 ) ) REPRESENTATION_CONTEXT ( 'NONE', 'WORKASPACE' ) );
#6789 = AXIS2_PLACEMENT_3D ( 'NONE', #851, #6353, #4197 ) ;
#6790 = DIRECTION ( 'NONE',  ( -1.000000000000000000, -0.000000000000000000, -0.000000000000000000 ) ) ;
#6791 = ORIENTED_EDGE ( 'NONE', *, *, #6641, .F. ) ;
#6792 = ORIENTED_EDGE ( 'NONE', *, *, #4584, .F. ) ;
#6793 = VECTOR ( 'NONE', #3574, 1000.000000000000000 ) ;
#6794 = VERTEX_POINT ( 'NONE', #5065 ) ;
#6795 = ORIENTED_EDGE ( 'NONE', *, *, #1788, .F. ) ;
#6796 = DIRECTION ( 'NONE',  ( 0.000000000000000000, 1.156482317317871607E-14, -1.000000000000000000 ) ) ;
#6797 = FILL_AREA_STYLE_COLOUR ( '', #116 ) ;
#6798 = DIRECTION ( 'NONE',  ( 0.000000000000000000, 0.06975647374412530244, 0.9975640502598243087 ) ) ;
#6799 = SURFACE_STYLE_FILL_AREA ( #6761 ) ;
#6800 = MECHANICAL_DESIGN_GEOMETRIC_PRESENTATION_REPRESENTATION (  '', ( #1956 ), #1491 ) ;
#6801 = CARTESIAN_POINT ( 'NONE',  ( -1.500000000000000444, 2.124999999999999556, -0.07249999999999999500 ) ) ;
#6802 = AXIS2_PLACEMENT_3D ( 'NONE', #1380, #4743, #6921 ) ;
#6803 = ORIENTED_EDGE ( 'NONE', *, *, #4915, .T. ) ;
#6804 =( NAMED_UNIT ( * ) SI_UNIT ( $, .STERADIAN. ) SOLID_ANGLE_UNIT ( ) );
#6805 = SURFACE_STYLE_FILL_AREA ( #4540 ) ;
#6806 = SURFACE_STYLE_USAGE ( .BOTH. , #1903 ) ;
#6807 = ORIENTED_EDGE ( 'NONE', *, *, #6860, .F. ) ;
#6808 = DIRECTION ( 'NONE',  ( 0.000000000000000000, 0.000000000000000000, -1.000000000000000000 ) ) ;
#6809 = EDGE_CURVE ( 'NONE', #97, #7264, #2715, .T. ) ;
#6810 = EDGE_CURVE ( 'NONE', #245, #3230, #1706, .T. ) ;
#6811 = DIRECTION ( 'NONE',  ( 0.000000000000000000, -0.4773021410712616763, -0.8787392480871610845 ) ) ;
#6812 =( BOUNDED_CURVE ( )  B_SPLINE_CURVE ( 3, ( #5761, #5249, #6897, #5277 ),
 .UNSPECIFIED., .F., .F. ) 
 B_SPLINE_CURVE_WITH_KNOTS ( ( 4, 4 ),
 ( 3.136129445068242649, 3.141592653589793116 ),
 .UNSPECIFIED. ) 
 CURVE ( )  GEOMETRIC_REPRESENTATION_ITEM ( )  RATIONAL_B_SPLINE_CURVE ( ( 1.000000000000000000, 0.9999975127809339615, 0.9999975127809339615, 1.000000000000000000 ) ) 
 REPRESENTATION_ITEM ( '' )  );
#6813 = VERTEX_POINT ( 'NONE', #6128 ) ;
#6814 = PRESENTATION_STYLE_ASSIGNMENT (( #4620 ) ) ;
#6815 =( LENGTH_UNIT ( ) NAMED_UNIT ( * ) SI_UNIT ( .MILLI., .METRE. ) );
#6816 =( NAMED_UNIT ( * ) SI_UNIT ( $, .STERADIAN. ) SOLID_ANGLE_UNIT ( ) );
#6817 = ORIENTED_EDGE ( 'NONE', *, *, #4917, .T. ) ;
#6818 = VERTEX_POINT ( 'NONE', #21 ) ;
#6819 = ORIENTED_EDGE ( 'NONE', *, *, #5820, .T. ) ;
#6820 = SURFACE_STYLE_USAGE ( .BOTH. , #6318 ) ;
#6821 = SURFACE_SIDE_STYLE ('',( #3896 ) ) ;
#6822 = EDGE_LOOP ( 'NONE', ( #4345, #2473, #6132, #3185, #7296, #583, #4441, #577, #3494, #7066, #6716, #6202 ) ) ;
#6823 = CARTESIAN_POINT ( 'NONE',  ( -1.097500000000000142, 2.299999999999999378, -0.1724999999999999867 ) ) ;
#6824 = ORIENTED_EDGE ( 'NONE', *, *, #5789, .T. ) ;
#6825 = FACE_OUTER_BOUND ( 'NONE', #983, .T. ) ;
#6826 = CIRCLE ( 'NONE', #6486, 0.2000000000000000389 ) ;
#6827 =( LENGTH_UNIT ( ) NAMED_UNIT ( * ) SI_UNIT ( .MILLI., .METRE. ) );
#6828 = CARTESIAN_POINT ( 'NONE',  ( 1.425409738600887266, -2.199998880753507358, 0.07251064891903691301 ) ) ;
#6829 = PRESENTATION_LAYER_ASSIGNMENT (  '', '', ( #5770 ) ) ;
#6830 = CARTESIAN_POINT ( 'NONE',  ( 0.8524999999999997025, 3.199999999999999289, -0.5046459247782298929 ) ) ;
#6831 = SURFACE_SIDE_STYLE ('',( #5625 ) ) ;
#6832 = STYLED_ITEM ( 'NONE', ( #6628 ), #580 ) ;
#6833 = ORIENTED_EDGE ( 'NONE', *, *, #6067, .T. ) ;
#6834 = SURFACE_STYLE_USAGE ( .BOTH. , #2296 ) ;
#6835 = COLOUR_RGB ( '',0.8039215686274510109, 0.8039215686274510109, 0.8039215686274510109 ) ;
#6836 = SURFACE_STYLE_FILL_AREA ( #1922 ) ;
#6837 = CIRCLE ( 'NONE', #4471, 0.2000000000000000389 ) ;
#6838 = ORIENTED_EDGE ( 'NONE', *, *, #1934, .F. ) ;
#6839 = DIRECTION ( 'NONE',  ( 0.000000000000000000, 0.9975640502598241977, -0.06975647374412530244 ) ) ;
#6840 =( LENGTH_UNIT ( ) NAMED_UNIT ( * ) SI_UNIT ( .MILLI., .METRE. ) );
#6841 = UNCERTAINTY_MEASURE_WITH_UNIT (LENGTH_MEASURE( 1.000000000000000082E-05 ), #4570, 'distance_accuracy_value', 'NONE');
#6842 = ADVANCED_FACE ( 'NONE', ( #531 ), #3881, .T. ) ;
#6843 = ORIENTED_EDGE ( 'NONE', *, *, #2163, .F. ) ;
#6844 = CYLINDRICAL_SURFACE ( 'NONE', #5575, 0.07500000000000002498 ) ;
#6845 = DIRECTION ( 'NONE',  ( 1.000000000000000000, 0.000000000000000000, 0.000000000000000000 ) ) ;
#6846 = EDGE_CURVE ( 'NONE', #4099, #6443, #6648, .T. ) ;
#6847 = ORIENTED_EDGE ( 'NONE', *, *, #3236, .T. ) ;
#6848 =( NAMED_UNIT ( * ) PLANE_ANGLE_UNIT ( ) SI_UNIT ( $, .RADIAN. ) );
#6849 = ORIENTED_EDGE ( 'NONE', *, *, #5522, .F. ) ;
#6850 =( GEOMETRIC_REPRESENTATION_CONTEXT ( 3 ) GLOBAL_UNCERTAINTY_ASSIGNED_CONTEXT ( ( #5079 ) ) GLOBAL_UNIT_ASSIGNED_CONTEXT ( ( #5179, #1728, #5732 ) ) REPRESENTATION_CONTEXT ( 'NONE', 'WORKASPACE' ) );
#6851 =( NAMED_UNIT ( * ) PLANE_ANGLE_UNIT ( ) SI_UNIT ( $, .RADIAN. ) );
#6852 = EDGE_CURVE ( 'NONE', #2631, #5241, #5592, .T. ) ;
#6853 = SURFACE_SIDE_STYLE ('',( #2418 ) ) ;
#6854 = AXIS2_PLACEMENT_3D ( 'NONE', #4298, #6680, #1604 ) ;
#6855 = DIRECTION ( 'NONE',  ( 0.000000000000000000, 0.8787392480871611955, 0.4773021410712616763 ) ) ;
#6856 = STYLED_ITEM ( 'NONE', ( #4458 ), #273 ) ;
#6857 = VECTOR ( 'NONE', #5569, 1000.000000000000000 ) ;
#6858 = PRESENTATION_LAYER_ASSIGNMENT (  '', '', ( #6062 ) ) ;
#6859 = VECTOR ( 'NONE', #6748, 1000.000000000000000 ) ;
#6860 = EDGE_CURVE ( 'NONE', #5664, #2115, #2453, .T. ) ;
#6861 = CYLINDRICAL_SURFACE ( 'NONE', #3515, 0.2000000000000002054 ) ;
#6862 =( GEOMETRIC_REPRESENTATION_CONTEXT ( 3 ) GLOBAL_UNCERTAINTY_ASSIGNED_CONTEXT ( ( #3076 ) ) GLOBAL_UNIT_ASSIGNED_CONTEXT ( ( #5560, #605, #6744 ) ) REPRESENTATION_CONTEXT ( 'NONE', 'WORKASPACE' ) );
#6863 = STYLED_ITEM ( 'NONE', ( #1277 ), #2356 ) ;
#6864 = DIRECTION ( 'NONE',  ( -1.000000000000000000, 0.000000000000000000, 0.000000000000000000 ) ) ;
#6865 = AXIS2_PLACEMENT_3D ( 'NONE', #1088, #4439, #7284 ) ;
#6866 = SURFACE_SIDE_STYLE ('',( #2258 ) ) ;
#6867 = AXIS2_PLACEMENT_3D ( 'NONE', #3434, #1364, #1395 ) ;
#6868 = VERTEX_POINT ( 'NONE', #5148 ) ;
#6869 = AXIS2_PLACEMENT_3D ( 'NONE', #5675, #4529, #6796 ) ;
#6870 = CARTESIAN_POINT ( 'NONE',  ( 0.000000000000000000, -2.082282424338300686, 0.4750000000000000333 ) ) ;
#6871 = STYLED_ITEM ( 'NONE', ( #6676 ), #5218 ) ;
#6873 = CARTESIAN_POINT ( 'NONE',  ( 0.2024999999999997635, -2.775747849617431928, -0.4198450200473335392 ) ) ;
#6872 = DIRECTION ( 'NONE',  ( 0.000000000000000000, -0.4773021410712618984, 0.8787392480871610845 ) ) ;
#6874 = FILL_AREA_STYLE ('',( #2945 ) ) ;
#6875 = COLOUR_RGB ( '',0.2862745098039215508, 0.2862745098039215508, 0.2862745098039215508 ) ;
#6876 = AXIS2_PLACEMENT_3D ( 'NONE', #4804, #5370, #3700 ) ;
#6877 = EDGE_LOOP ( 'NONE', ( #4425, #6187, #3955 ) ) ;
#6878 = MECHANICAL_DESIGN_GEOMETRIC_PRESENTATION_REPRESENTATION (  '', ( #163 ), #5477 ) ;
#6879 = DIRECTION ( 'NONE',  ( -1.000000000000000000, -0.000000000000000000, -0.000000000000000000 ) ) ;
#6880 = CYLINDRICAL_SURFACE ( 'NONE', #1561, 0.2000000000000000389 ) ;
#6881 = CARTESIAN_POINT ( 'NONE',  ( -1.500000000000000444, -2.199999999999999289, 0.07249999999999999500 ) ) ;
#6882 = CARTESIAN_POINT ( 'NONE',  ( 1.426217025357843005, 2.200806167510463318, 0.06482982849429265448 ) ) ;
#6883 = ORIENTED_EDGE ( 'NONE', *, *, #4911, .T. ) ;
#6884 = FILL_AREA_STYLE ('',( #4627 ) ) ;
#6885 = CARTESIAN_POINT ( 'NONE',  ( -0.4475000000000001754, -2.796534186440551739, -0.4764328467078228213 ) ) ;
#6886 = ORIENTED_EDGE ( 'NONE', *, *, #3194, .T. ) ;
#6887 =( LENGTH_UNIT ( ) NAMED_UNIT ( * ) SI_UNIT ( .MILLI., .METRE. ) );
#6888 = SURFACE_STYLE_USAGE ( .BOTH. , #6431 ) ;
#6889 = DIRECTION ( 'NONE',  ( 0.000000000000000000, 0.000000000000000000, -1.000000000000000000 ) ) ;
#6890 = ORIENTED_EDGE ( 'NONE', *, *, #4622, .F. ) ;
#6891 = DIRECTION ( 'NONE',  ( 1.000000000000000000, 0.000000000000000000, 0.000000000000000000 ) ) ;
#6892 = LINE ( 'NONE', #2378, #2416 ) ;
#6893 = EDGE_CURVE ( 'NONE', #7192, #2228, #4275, .T. ) ;
#6894 = CARTESIAN_POINT ( 'NONE',  ( -0.2025000000000002076, -3.199999999999999289, -0.5046459247782298929 ) ) ;
#6895 = EDGE_CURVE ( 'NONE', #3435, #2182, #2151, .T. ) ;
#6896 = STYLED_ITEM ( 'NONE', ( #3040 ), #3245 ) ;
#6897 = CARTESIAN_POINT ( 'NONE',  ( -1.425136580382892371, 2.199999999999999734, -0.07249999999999587330 ) ) ;
#6898 = ADVANCED_FACE ( 'NONE', ( #1732 ), #6263, .T. ) ;
#6899 = LINE ( 'NONE', #1834, #5705 ) ;
#6900 = EDGE_LOOP ( 'NONE', ( #6597, #4656, #876, #458 ) ) ;
#6901 = EDGE_LOOP ( 'NONE', ( #4900, #4835, #930, #5911 ) ) ;
#6902 = CYLINDRICAL_SURFACE ( 'NONE', #2627, 0.1000000000000001582 ) ;
#6903 = CARTESIAN_POINT ( 'NONE',  ( 1.425136580382891038, -2.199999999999999289, 0.07249999999999988398 ) ) ;
#6904 = DIRECTION ( 'NONE',  ( 0.000000000000000000, -0.9975640502598243087, 0.06975647374412519142 ) ) ;
#6905 = PRESENTATION_STYLE_ASSIGNMENT (( #6448 ) ) ;
#6906 = DIRECTION ( 'NONE',  ( -0.000000000000000000, -0.000000000000000000, 1.000000000000000000 ) ) ;
#6907 = DIRECTION ( 'NONE',  ( 1.000000000000000000, 0.000000000000000000, 0.000000000000000000 ) ) ;
#6908 = CLOSED_SHELL ( 'NONE', ( #4148, #4288, #4542, #1968, #273, #3068, #580, #6683, #2584, #3806, #3285, #2866, #5653, #3245 ) ) ;
#6909 = DIRECTION ( 'NONE',  ( 0.000000000000000000, 0.000000000000000000, -1.000000000000000000 ) ) ;
#6910 = VERTEX_POINT ( 'NONE', #1190 ) ;
#6911 = DIRECTION ( 'NONE',  ( -1.000000000000000000, -0.000000000000000000, 0.000000000000000000 ) ) ;
#6913 =( LENGTH_UNIT ( ) NAMED_UNIT ( * ) SI_UNIT ( .MILLI., .METRE. ) );
#6912 = CARTESIAN_POINT ( 'NONE',  ( 0.8524999999999997025, -3.199999999999999289, -0.5046459247782298929 ) ) ;
#6914 = DIRECTION ( 'NONE',  ( -0.1039620511844979445, 0.1039620511844979445, -0.9891328443778539814 ) ) ;
#6915 = ORIENTED_EDGE ( 'NONE', *, *, #4815, .T. ) ;
#6916 = FACE_OUTER_BOUND ( 'NONE', #4965, .T. ) ;
#6917 =( LENGTH_UNIT ( ) NAMED_UNIT ( * ) SI_UNIT ( .MILLI., .METRE. ) );
#6918 =( LENGTH_UNIT ( ) NAMED_UNIT ( * ) SI_UNIT ( .MILLI., .METRE. ) );
#6919 = UNCERTAINTY_MEASURE_WITH_UNIT (LENGTH_MEASURE( 1.000000000000000082E-05 ), #5571, 'distance_accuracy_value', 'NONE');
#6920 = ORIENTED_EDGE ( 'NONE', *, *, #5918, .T. ) ;
#6921 = DIRECTION ( 'NONE',  ( 0.000000000000000000, 0.000000000000000000, -1.000000000000000000 ) ) ;
#6922 = CARTESIAN_POINT ( 'NONE',  ( -1.097500000000000142, 2.599999999999999645, -0.5153054482615858634 ) ) ;
#6923 = EDGE_LOOP ( 'NONE', ( #6213, #968, #3217, #498 ) ) ;
#6924 = PLANE ( 'NONE',  #6399 ) ;
#6925 = DIRECTION ( 'NONE',  ( -1.000000000000000000, 0.000000000000000000, -0.000000000000000000 ) ) ;
#6926 = FILL_AREA_STYLE_COLOUR ( '', #2077 ) ;
#6927 = UNCERTAINTY_MEASURE_WITH_UNIT (LENGTH_MEASURE( 1.000000000000000082E-05 ), #6401, 'distance_accuracy_value', 'NONE');
#6928 = SURFACE_STYLE_FILL_AREA ( #1943 ) ;
#6929 = CARTESIAN_POINT ( 'NONE',  ( -1.097500000000000142, -2.796534186440551739, -0.4764328467078229323 ) ) ;
#6930 = FACE_OUTER_BOUND ( 'NONE', #1853, .T. ) ;
#6931 = ORIENTED_EDGE ( 'NONE', *, *, #6690, .F. ) ;
#6932 = VECTOR ( 'NONE', #119, 1000.000000000000000 ) ;
#6933 = ORIENTED_EDGE ( 'NONE', *, *, #7012, .T. ) ;
#6934 = EDGE_CURVE ( 'NONE', #7196, #4420, #60, .T. ) ;
#6935 = DIRECTION ( 'NONE',  ( 0.000000000000000000, 0.000000000000000000, -1.000000000000000000 ) ) ;
#6936 = PRODUCT_DEFINITION_CONTEXT ( 'detailed design', #4010, 'design' ) ;
#6937 = DIRECTION ( 'NONE',  ( 1.000000000000000000, 0.000000000000000000, 0.000000000000000000 ) ) ;
#6938 = CARTESIAN_POINT ( 'NONE',  ( -1.425000000000000488, 2.199999999999999289, 0.07249999999999999500 ) ) ;
#6939 = EDGE_CURVE ( 'NONE', #3966, #6012, #4676, .T. ) ;
#6940 = PRESENTATION_LAYER_ASSIGNMENT (  '', '', ( #2580 ) ) ;
#6941 = DIRECTION ( 'NONE',  ( 0.000000000000000000, -0.000000000000000000, 1.000000000000000000 ) ) ;
#6942 = LINE ( 'NONE', #4720, #686 ) ;
#6943 = CARTESIAN_POINT ( 'NONE',  ( -0.4475000000000001754, -2.326767216444461273, 0.07249999999999999500 ) ) ;
#6944 = COLOUR_RGB ( '',0.8039215686274510109, 0.8039215686274510109, 0.8039215686274510109 ) ;
#6945 = DIRECTION ( 'NONE',  ( 0.000000000000000000, 0.000000000000000000, -1.000000000000000000 ) ) ;
#6946 = ORIENTED_EDGE ( 'NONE', *, *, #3146, .F. ) ;
#6947 = DIRECTION ( 'NONE',  ( 1.000000000000000000, -0.000000000000000000, 0.000000000000000000 ) ) ;
#6948 =( NAMED_UNIT ( * ) SI_UNIT ( $, .STERADIAN. ) SOLID_ANGLE_UNIT ( ) );
#6949 = EDGE_CURVE ( 'NONE', #683, #6972, #223, .T. ) ;
#6950 = CIRCLE ( 'NONE', #238, 0.09999999999999979738 ) ;
#6951 = FACE_OUTER_BOUND ( 'NONE', #2334, .T. ) ;
#6952 = LINE ( 'NONE', #166, #875 ) ;
#6953 = ORIENTED_EDGE ( 'NONE', *, *, #911, .F. ) ;
#6954 = CARTESIAN_POINT ( 'NONE',  ( 1.499999999999999556, -2.124999999999999112, 0.07249999999999999500 ) ) ;
#6955 = AXIS2_PLACEMENT_3D ( 'NONE', #3313, #1617, #3278 ) ;
#6956 = STYLED_ITEM ( 'NONE', ( #7142 ), #1657 ) ;
#6957 = COLOUR_RGB ( '',0.2862745098039215508, 0.2862745098039215508, 0.2862745098039215508 ) ;
#6958 =( NAMED_UNIT ( * ) SI_UNIT ( $, .STERADIAN. ) SOLID_ANGLE_UNIT ( ) );
#6959 = EDGE_CURVE ( 'NONE', #6026, #702, #1950, .T. ) ;
#6960 = COLOUR_RGB ( '',0.8039215686274510109, 0.8039215686274510109, 0.8039215686274510109 ) ;
#6961 = DIRECTION ( 'NONE',  ( 0.000000000000000000, 0.9945218953682732899, -0.1045284632676541231 ) ) ;
#6962 = CIRCLE ( 'NONE', #2124, 0.2199999999999999178 ) ;
#6963 = ORIENTED_EDGE ( 'NONE', *, *, #7260, .F. ) ;
#6964 = FACE_OUTER_BOUND ( 'NONE', #6036, .T. ) ;
#6965 = FILL_AREA_STYLE_COLOUR ( '', #2254 ) ;
#6966 = DIRECTION ( 'NONE',  ( -1.000000000000000000, -0.000000000000000000, 0.000000000000000000 ) ) ;
#6967 =( NAMED_UNIT ( * ) SI_UNIT ( $, .STERADIAN. ) SOLID_ANGLE_UNIT ( ) );
#6968 = DIRECTION ( 'NONE',  ( 0.000000000000000000, 0.000000000000000000, -1.000000000000000000 ) ) ;
#6969 = DIRECTION ( 'NONE',  ( 0.000000000000000000, 0.000000000000000000, 1.000000000000000000 ) ) ;
#6970 = DIRECTION ( 'NONE',  ( 0.000000000000000000, -0.06975647374412530244, 0.9975640502598243087 ) ) ;
#6971 = CARTESIAN_POINT ( 'NONE',  ( -0.2025000000000002076, 2.299999999999999378, -0.07249999999999999500 ) ) ;
#6972 = VERTEX_POINT ( 'NONE', #4202 ) ;
#6973 = ORIENTED_EDGE ( 'NONE', *, *, #4815, .F. ) ;
#6974 = CARTESIAN_POINT ( 'NONE',  ( 1.097499999999999698, -2.715635909006247850, -0.4244066557889664137 ) ) ;
#6975 =( NAMED_UNIT ( * ) SI_UNIT ( $, .STERADIAN. ) SOLID_ANGLE_UNIT ( ) );
#6976 = CARTESIAN_POINT ( 'NONE',  ( 0.2024999999999997635, 2.199999999999999289, 0.07249999999999999500 ) ) ;
#6977 = CARTESIAN_POINT ( 'NONE',  ( 0.2024999999999997635, -2.299999999999999378, -0.07249999999999999500 ) ) ;
#6978 = PRESENTATION_STYLE_ASSIGNMENT (( #6143 ) ) ;
#6979 = CARTESIAN_POINT ( 'NONE',  ( -1.500000000000000444, -2.199999999999999289, 0.07249999999999999500 ) ) ;
#6980 = CARTESIAN_POINT ( 'NONE',  ( -1.097500000000000142, -2.299999999999999378, -0.07249999999999999500 ) ) ;
#6981 = AXIS2_PLACEMENT_3D ( 'NONE', #3647, #2564, #4198 ) ;
#6982 = ORIENTED_EDGE ( 'NONE', *, *, #5234, .F. ) ;
#6983 = COLOUR_RGB ( '',0.2862745098039215508, 0.2862745098039215508, 0.2862745098039215508 ) ;
#6984 = STYLED_ITEM ( 'NONE', ( #886 ), #6425 ) ;
#6985 =( GEOMETRIC_REPRESENTATION_CONTEXT ( 3 ) GLOBAL_UNCERTAINTY_ASSIGNED_CONTEXT ( ( #1405 ) ) GLOBAL_UNIT_ASSIGNED_CONTEXT ( ( #4748, #6324, #3644 ) ) REPRESENTATION_CONTEXT ( 'NONE', 'WORKASPACE' ) );
#6986 = LINE ( 'NONE', #2432, #4952 ) ;
#6987 = EDGE_CURVE ( 'NONE', #2153, #3851, #2282, .T. ) ;
#6988 = VECTOR ( 'NONE', #1135, 1000.000000000000000 ) ;
#6989 = VERTEX_POINT ( 'NONE', #6974 ) ;
#6991 = FILL_AREA_STYLE ('',( #240 ) ) ;
#6990 = CARTESIAN_POINT ( 'NONE',  ( -0.8525000000000001465, 2.599999999999999645, -0.5153054482615858634 ) ) ;
#6992 = COLOUR_RGB ( '',0.8039215686274510109, 0.8039215686274510109, 0.8039215686274510109 ) ;
#6993 = ADVANCED_FACE ( 'NONE', ( #5876 ), #3050, .T. ) ;
#6994 = ADVANCED_FACE ( 'NONE', ( #2700 ), #2015, .T. ) ;
#6995 = VECTOR ( 'NONE', #500, 1000.000000000000000 ) ;
#6996 = VECTOR ( 'NONE', #7197, 1000.000000000000000 ) ;
#6997 = DIRECTION ( 'NONE',  ( 0.000000000000000000, 0.000000000000000000, -1.000000000000000000 ) ) ;
#6998 = ORIENTED_EDGE ( 'NONE', *, *, #1934, .T. ) ;
#6999 = CARTESIAN_POINT ( 'NONE',  ( -1.499998880753508512, -2.125409738600888332, -0.07251064891903702403 ) ) ;
#7000 = VECTOR ( 'NONE', #5658, 1000.000000000000114 ) ;
#7001 = STYLED_ITEM ( 'NONE', ( #3668 ), #6688 ) ;
#7002 = SURFACE_STYLE_FILL_AREA ( #2910 ) ;
#7003 = UNCERTAINTY_MEASURE_WITH_UNIT (LENGTH_MEASURE( 1.000000000000000082E-05 ), #4314, 'distance_accuracy_value', 'NONE');
#7004 = CIRCLE ( 'NONE', #3824, 0.07499999999999980294 ) ;
#7005 = ORIENTED_EDGE ( 'NONE', *, *, #4628, .T. ) ;
#7006 = EDGE_CURVE ( 'NONE', #1295, #6910, #3842, .T. ) ;
#7007 = CARTESIAN_POINT ( 'NONE',  ( -1.097500000000000142, 2.299999999999999378, -0.07249999999999999500 ) ) ;
#7008 = STYLED_ITEM ( 'NONE', ( #7195 ), #6994 ) ;
#7009 = SURFACE_STYLE_FILL_AREA ( #4107 ) ;
#7010 =( LENGTH_UNIT ( ) NAMED_UNIT ( * ) SI_UNIT ( .MILLI., .METRE. ) );
#7011 = CARTESIAN_POINT ( 'NONE',  ( 1.097499999999999698, -2.299999999999999378, -0.07249999999999999500 ) ) ;
#7012 = EDGE_CURVE ( 'NONE', #5408, #3871, #6081, .T. ) ;
#7013 = VECTOR ( 'NONE', #6907, 1000.000000000000000 ) ;
#7014 = CARTESIAN_POINT ( 'NONE',  ( -1.382282424338301841, 2.082282424338301130, -0.4750000000000000333 ) ) ;
#7015 = UNCERTAINTY_MEASURE_WITH_UNIT (LENGTH_MEASURE( 1.000000000000000082E-05 ), #5182, 'distance_accuracy_value', 'NONE');
#7016 = CARTESIAN_POINT ( 'NONE',  ( -1.382282424338301841, 2.082282424338301130, 0.4750000000000000333 ) ) ;
#7017 = ORIENTED_EDGE ( 'NONE', *, *, #4097, .F. ) ;
#7018 = EDGE_LOOP ( 'NONE', ( #1785, #4449, #1078, #2680 ) ) ;
#7019 =( GEOMETRIC_REPRESENTATION_CONTEXT ( 3 ) GLOBAL_UNCERTAINTY_ASSIGNED_CONTEXT ( ( #4845 ) ) GLOBAL_UNIT_ASSIGNED_CONTEXT ( ( #3174, #2100, #5618 ) ) REPRESENTATION_CONTEXT ( 'NONE', 'WORKASPACE' ) );
#7020 = DIRECTION ( 'NONE',  ( 0.1039620511844979445, 0.1039620511844979445, 0.9891328443778539814 ) ) ;
#7021 = DIRECTION ( 'NONE',  ( 1.000000000000000000, 0.000000000000000000, 0.000000000000000000 ) ) ;
#7022 = CARTESIAN_POINT ( 'NONE',  ( -1.097500000000000142, 2.599999999999999645, -0.5153054482615858634 ) ) ;
#7023 =( NAMED_UNIT ( * ) SI_UNIT ( $, .STERADIAN. ) SOLID_ANGLE_UNIT ( ) );
#7024 = SURFACE_SIDE_STYLE ('',( #6009 ) ) ;
#7025 = SURFACE_STYLE_FILL_AREA ( #1841 ) ;
#7026 = CARTESIAN_POINT ( 'NONE',  ( 1.456871566490921532, -2.082282424338301130, 0.4828396347450740755 ) ) ;
#7027 = ORIENTED_EDGE ( 'NONE', *, *, #6240, .T. ) ;
#7028 = UNCERTAINTY_MEASURE_WITH_UNIT (LENGTH_MEASURE( 1.000000000000000082E-05 ), #5027, 'distance_accuracy_value', 'NONE');
#7029 = SURFACE_SIDE_STYLE ('',( #2516 ) ) ;
#7030 = FACE_OUTER_BOUND ( 'NONE', #6877, .T. ) ;
#7031 = CARTESIAN_POINT ( 'NONE',  ( -0.4475000000000001754, -2.326767216444461273, -0.1275000000000000022 ) ) ;
#7032 = ORIENTED_EDGE ( 'NONE', *, *, #5595, .F. ) ;
#7033 = DIRECTION ( 'NONE',  ( -1.000000000000000000, 0.000000000000000000, 0.000000000000000000 ) ) ;
#7034 = AXIS2_PLACEMENT_3D ( 'NONE', #7014, #5274, #3645 ) ;
#7035 = EDGE_CURVE ( 'NONE', #2942, #5743, #6305, .T. ) ;
#7036 = ADVANCED_FACE ( 'NONE', ( #6692 ), #2171, .F. ) ;
#7037 = PLANE ( 'NONE',  #3600 ) ;
#7038 = LINE ( 'NONE', #3716, #2608 ) ;
#7039 = ORIENTED_EDGE ( 'NONE', *, *, #965, .F. ) ;
#7040 = PRESENTATION_STYLE_ASSIGNMENT (( #4218 ) ) ;
#7041 = DIRECTION ( 'NONE',  ( 0.000000000000000000, -0.9975640502598241977, -0.06975647374412530244 ) ) ;
#7042 = DIRECTION ( 'NONE',  ( 1.000000000000000000, 0.000000000000000000, 0.000000000000000000 ) ) ;
#7043 = SURFACE_SIDE_STYLE ('',( #5952 ) ) ;
#7044 = LINE ( 'NONE', #4635, #6224 ) ;
#7045 = FACE_OUTER_BOUND ( 'NONE', #2037, .T. ) ;
#7046 = ORIENTED_EDGE ( 'NONE', *, *, #7137, .F. ) ;
#7047 = VERTEX_POINT ( 'NONE', #78 ) ;
#7048 = DIRECTION ( 'NONE',  ( 0.000000000000000000, 0.8787392480871611955, 0.4773021410712616763 ) ) ;
#7049 = SURFACE_SIDE_STYLE ('',( #5364 ) ) ;
#7050 =( NAMED_UNIT ( * ) SI_UNIT ( $, .STERADIAN. ) SOLID_ANGLE_UNIT ( ) );
#7051 = VECTOR ( 'NONE', #3764, 1000.000000000000114 ) ;
#7052 = SURFACE_SIDE_STYLE ('',( #856 ) ) ;
#7053 = PRESENTATION_STYLE_ASSIGNMENT (( #2065 ) ) ;
#7054 = SURFACE_STYLE_USAGE ( .BOTH. , #4876 ) ;
#7055 = CARTESIAN_POINT ( 'NONE',  ( 1.456871566490921532, -2.082282424338301130, -0.4828396347450740755 ) ) ;
#7056 = AXIS2_PLACEMENT_3D ( 'NONE', #2666, #1502, #6004 ) ;
#7057 =( NAMED_UNIT ( * ) PLANE_ANGLE_UNIT ( ) SI_UNIT ( $, .RADIAN. ) );
#7058 = EDGE_LOOP ( 'NONE', ( #6717, #691, #80, #6933 ) ) ;
#7059 = SURFACE_SIDE_STYLE ('',( #2545 ) ) ;
#7060 = DIRECTION ( 'NONE',  ( 1.000000000000000000, 0.000000000000000000, 0.000000000000000000 ) ) ;
#7061 = SURFACE_STYLE_FILL_AREA ( #835 ) ;
#7062 = COLOUR_RGB ( '',0.8039215686274510109, 0.8039215686274510109, 0.8039215686274510109 ) ;
#7063 = COLOUR_RGB ( '',0.2862745098039215508, 0.2862745098039215508, 0.2862745098039215508 ) ;
#7064 = SURFACE_STYLE_USAGE ( .BOTH. , #1411 ) ;
#7065 = EDGE_CURVE ( 'NONE', #5428, #3320, #1689, .T. ) ;
#7066 = ORIENTED_EDGE ( 'NONE', *, *, #740, .F. ) ;
#7067 = CARTESIAN_POINT ( 'NONE',  ( 1.382282424338300952, -2.156871566490921488, 0.4828396347450740755 ) ) ;
#7068 = STYLED_ITEM ( 'NONE', ( #2341 ), #4148 ) ;
#7069 = DIRECTION ( 'NONE',  ( 1.000000000000000000, 0.000000000000000000, 0.000000000000000000 ) ) ;
#7070 = UNCERTAINTY_MEASURE_WITH_UNIT (LENGTH_MEASURE( 1.000000000000000082E-05 ), #5709, 'distance_accuracy_value', 'NONE');
#7071 = ORIENTED_EDGE ( 'NONE', *, *, #1741, .T. ) ;
#7072 = CARTESIAN_POINT ( 'NONE',  ( 0.2024999999999997635, 2.326767216444461273, -0.1275000000000000022 ) ) ;
#7073 =( GEOMETRIC_REPRESENTATION_CONTEXT ( 3 ) GLOBAL_UNCERTAINTY_ASSIGNED_CONTEXT ( ( #5400 ) ) GLOBAL_UNIT_ASSIGNED_CONTEXT ( ( #2978, #192, #1285 ) ) REPRESENTATION_CONTEXT ( 'NONE', 'WORKASPACE' ) );
#7074 = SURFACE_STYLE_USAGE ( .BOTH. , #395 ) ;
#7075 =( NAMED_UNIT ( * ) SI_UNIT ( $, .STERADIAN. ) SOLID_ANGLE_UNIT ( ) );
#7076 = PRODUCT_CONTEXT ( 'NONE', #6112, 'mechanical' ) ;
#7077 = AXIS2_PLACEMENT_3D ( 'NONE', #5984, #919, #4362 ) ;
#7078 =( NAMED_UNIT ( * ) PLANE_ANGLE_UNIT ( ) SI_UNIT ( $, .RADIAN. ) );
#7079 = SURFACE_STYLE_USAGE ( .BOTH. , #5955 ) ;
#7080 = COLOUR_RGB ( '',0.2862745098039215508, 0.2862745098039215508, 0.2862745098039215508 ) ;
#7081 = UNCERTAINTY_MEASURE_WITH_UNIT (LENGTH_MEASURE( 1.000000000000000082E-05 ), #675, 'distance_accuracy_value', 'NONE');
#7082 = MECHANICAL_DESIGN_GEOMETRIC_PRESENTATION_REPRESENTATION (  '', ( #3545 ), #4350 ) ;
#7083 =( BOUNDED_CURVE ( )  B_SPLINE_CURVE ( 3, ( #1266, #6461, #3523, #1238 ),
 .UNSPECIFIED., .F., .T. ) 
 B_SPLINE_CURVE_WITH_KNOTS ( ( 4, 4 ),
 ( 5.503250352303679982, 7.063120262055495147 ),
 .UNSPECIFIED. ) 
 CURVE ( )  GEOMETRIC_REPRESENTATION_ITEM ( )  RATIONAL_B_SPLINE_CURVE ( ( 1.000000000000000000, 0.8073061876036318196, 0.8073061876036318196, 1.000000000000000000 ) ) 
 REPRESENTATION_ITEM ( '' )  );
#7084 = EDGE_CURVE ( 'NONE', #6610, #4437, #1169, .T. ) ;
#7085 = CARTESIAN_POINT ( 'NONE',  ( -0.9422824243383021159, -1.642282424338300739, 0.5400000000000000355 ) ) ;
#7086 = DIRECTION ( 'NONE',  ( 0.000000000000000000, -1.000000000000000000, 0.000000000000000000 ) ) ;
#7087 = UNCERTAINTY_MEASURE_WITH_UNIT (LENGTH_MEASURE( 1.000000000000000082E-05 ), #3844, 'distance_accuracy_value', 'NONE');
#7088 = ORIENTED_EDGE ( 'NONE', *, *, #4660, .T. ) ;
#7089 = ORIENTED_EDGE ( 'NONE', *, *, #447, .T. ) ;
#7090 = ORIENTED_EDGE ( 'NONE', *, *, #1877, .T. ) ;
#7091 = CARTESIAN_POINT ( 'NONE',  ( 0.2024999999999997635, 3.199999999999999289, -0.5046459247782298929 ) ) ;
#7092 = LINE ( 'NONE', #265, #114 ) ;
#7093 = SURFACE_STYLE_FILL_AREA ( #4305 ) ;
#7094 = CARTESIAN_POINT ( 'NONE',  ( 1.499999626916908024, 2.125273160256225591, 0.07250354964850756756 ) ) ;
#7095 = FACE_OUTER_BOUND ( 'NONE', #3001, .T. ) ;
#7096 = SURFACE_STYLE_USAGE ( .BOTH. , #4945 ) ;
#7097 = ORIENTED_EDGE ( 'NONE', *, *, #4223, .F. ) ;
#7098 = ADVANCED_FACE ( 'NONE', ( #4523 ), #2808, .T. ) ;
#7099 = SURFACE_STYLE_FILL_AREA ( #233 ) ;
#7100 = VERTEX_POINT ( 'NONE', #4484 ) ;
#7101 = PRESENTATION_STYLE_ASSIGNMENT (( #2511 ) ) ;
#7102 = FILL_AREA_STYLE ('',( #381 ) ) ;
#7103 =( NAMED_UNIT ( * ) PLANE_ANGLE_UNIT ( ) SI_UNIT ( $, .RADIAN. ) );
#7104 = CARTESIAN_POINT ( 'NONE',  ( -0.2025000000000002076, 2.796534186440551739, -0.4764328467078229323 ) ) ;
#7105 = STYLED_ITEM ( 'NONE', ( #5602 ), #3650 ) ;
#7106 = CARTESIAN_POINT ( 'NONE',  ( -1.097500000000000142, 2.502515066061893556, -0.03203957178574777520 ) ) ;
#7107 = VECTOR ( 'NONE', #6380, 1000.000000000000000 ) ;
#7108 = VERTEX_POINT ( 'NONE', #1790 ) ;
#7109 = PRESENTATION_STYLE_ASSIGNMENT (( #947 ) ) ;
#7110 = STYLED_ITEM ( 'NONE', ( #5822 ), #4996 ) ;
#7111 = VECTOR ( 'NONE', #5301, 1000.000000000000000 ) ;
#7112 = DIRECTION ( 'NONE',  ( 0.000000000000000000, 0.9975640502598241977, -0.06975647374412528856 ) ) ;
#7113 = PRESENTATION_LAYER_ASSIGNMENT (  '', '', ( #6984 ) ) ;
#7114 = STYLED_ITEM ( 'NONE', ( #5603 ), #2532 ) ;
#7115 = VERTEX_POINT ( 'NONE', #3419 ) ;
#7116 = SURFACE_SIDE_STYLE ('',( #1495 ) ) ;
#7117 = VECTOR ( 'NONE', #6059, 1000.000000000000000 ) ;
#7118 =( LENGTH_UNIT ( ) NAMED_UNIT ( * ) SI_UNIT ( .MILLI., .METRE. ) );
#7119 = SURFACE_STYLE_FILL_AREA ( #3303 ) ;
#7120 =( NAMED_UNIT ( * ) PLANE_ANGLE_UNIT ( ) SI_UNIT ( $, .RADIAN. ) );
#7121 = AXIS2_PLACEMENT_3D ( 'NONE', #4685, #6947, #1813 ) ;
#7122 = FILL_AREA_STYLE ('',( #927 ) ) ;
#7123 = VECTOR ( 'NONE', #916, 1000.000000000000000 ) ;
#7124 = SURFACE_STYLE_FILL_AREA ( #4856 ) ;
#7125 = DIRECTION ( 'NONE',  ( 0.000000000000000000, 1.000000000000000000, 0.000000000000000000 ) ) ;
#7126 = COLOUR_RGB ( '',0.8039215686274510109, 0.8039215686274510109, 0.8039215686274510109 ) ;
#7127 = VERTEX_POINT ( 'NONE', #2744 ) ;
#7128 = ORIENTED_EDGE ( 'NONE', *, *, #791, .F. ) ;
#7129 = SURFACE_STYLE_USAGE ( .BOTH. , #2092 ) ;
#7130 = MECHANICAL_DESIGN_GEOMETRIC_PRESENTATION_REPRESENTATION (  '', ( #4176 ), #3589 ) ;
#7131 = DIRECTION ( 'NONE',  ( 0.000000000000000000, 0.000000000000000000, 1.000000000000000000 ) ) ;
#7132 = SURFACE_SIDE_STYLE ('',( #1613 ) ) ;
#7133 = COLOUR_RGB ( '',0.2862745098039215508, 0.2862745098039215508, 0.2862745098039215508 ) ;
#7134 =( NAMED_UNIT ( * ) PLANE_ANGLE_UNIT ( ) SI_UNIT ( $, .RADIAN. ) );
#7135 =( LENGTH_UNIT ( ) NAMED_UNIT ( * ) SI_UNIT ( .MILLI., .METRE. ) );
#7136 = DIRECTION ( 'NONE',  ( -1.000000000000000000, -0.000000000000000000, -0.000000000000000000 ) ) ;
#7137 = EDGE_CURVE ( 'NONE', #2535, #6666, #6195, .T. ) ;
#7138 = EDGE_CURVE ( 'NONE', #7047, #3435, #547, .T. ) ;
#7139 = DIRECTION ( 'NONE',  ( 1.000000000000000000, 0.000000000000000000, 0.000000000000000000 ) ) ;
#7140 = FILL_AREA_STYLE ('',( #5326 ) ) ;
#7141 = ORIENTED_EDGE ( 'NONE', *, *, #6332, .T. ) ;
#7142 = PRESENTATION_STYLE_ASSIGNMENT (( #4809 ) ) ;
#7143 = CARTESIAN_POINT ( 'NONE',  ( 0.2024999999999997635, 2.796534186440551739, -0.4764328467078228213 ) ) ;
#7144 = SPHERICAL_SURFACE ( 'NONE', #4625, 0.07499999999999999722 ) ;
#7145 = STYLED_ITEM ( 'NONE', ( #6730 ), #3324 ) ;
#7146 = EDGE_CURVE ( 'NONE', #1137, #3551, #2273, .T. ) ;
#7147 = LINE ( 'NONE', #320, #3821 ) ;
#7148 = ORIENTED_EDGE ( 'NONE', *, *, #4819, .F. ) ;
#7149 = FILL_AREA_STYLE_COLOUR ( '', #3565 ) ;
#7150 = EDGE_LOOP ( 'NONE', ( #564, #5609, #3949, #2436 ) ) ;
#7151 = LINE ( 'NONE', #5988, #2497 ) ;
#7152 = PRESENTATION_STYLE_ASSIGNMENT (( #7074 ) ) ;
#7153 = COLOUR_RGB ( '',0.8039215686274510109, 0.8039215686274510109, 0.8039215686274510109 ) ;
#7154 = FACE_OUTER_BOUND ( 'NONE', #6557, .T. ) ;
#7155 = PRESENTATION_LAYER_ASSIGNMENT (  '', '', ( #4306 ) ) ;
#7156 = DIRECTION ( 'NONE',  ( 1.000000000000000000, 0.000000000000000000, 0.000000000000000000 ) ) ;
#7157 = MECHANICAL_DESIGN_GEOMETRIC_PRESENTATION_REPRESENTATION (  '', ( #6896 ), #799 ) ;
#7158 = DIRECTION ( 'NONE',  ( 1.000000000000000000, 0.000000000000000000, -0.000000000000000000 ) ) ;
#7159 = UNCERTAINTY_MEASURE_WITH_UNIT (LENGTH_MEASURE( 1.000000000000000082E-05 ), #5470, 'distance_accuracy_value', 'NONE');
#7160 = ORIENTED_EDGE ( 'NONE', *, *, #91, .F. ) ;
#7161 = ORIENTED_EDGE ( 'NONE', *, *, #5993, .F. ) ;
#7162 =( LENGTH_UNIT ( ) NAMED_UNIT ( * ) SI_UNIT ( .MILLI., .METRE. ) );
#7163 =( NAMED_UNIT ( * ) SI_UNIT ( $, .STERADIAN. ) SOLID_ANGLE_UNIT ( ) );
#7164 =( NAMED_UNIT ( * ) SI_UNIT ( $, .STERADIAN. ) SOLID_ANGLE_UNIT ( ) );
#7165 = ORIENTED_EDGE ( 'NONE', *, *, #1019, .F. ) ;
#7166 = DIRECTION ( 'NONE',  ( 1.000000000000000000, -0.000000000000000000, 0.000000000000000000 ) ) ;
#7167 = DIRECTION ( 'NONE',  ( 0.9945218953682732899, 0.000000000000000000, 0.1045284632676538178 ) ) ;
#7168 =( LENGTH_UNIT ( ) NAMED_UNIT ( * ) SI_UNIT ( .MILLI., .METRE. ) );
#7169 = DIRECTION ( 'NONE',  ( 0.000000000000000000, -1.000000000000000000, 0.000000000000000000 ) ) ;
#7170 = EDGE_CURVE ( 'NONE', #996, #1295, #6753, .T. ) ;
#7171 = DIRECTION ( 'NONE',  ( 0.000000000000000000, -1.000000000000000000, 0.000000000000000000 ) ) ;
#7172 = VERTEX_POINT ( 'NONE', #614 ) ;
#7173 = SURFACE_STYLE_USAGE ( .BOTH. , #7244 ) ;
#7174 = UNCERTAINTY_MEASURE_WITH_UNIT (LENGTH_MEASURE( 1.000000000000000082E-05 ), #5099, 'distance_accuracy_value', 'NONE');
#7175 = CARTESIAN_POINT ( 'NONE',  ( -0.4475000000000001754, 2.502515066061893556, -0.03203957178574777520 ) ) ;
#7176 = CARTESIAN_POINT ( 'NONE',  ( -0.8525000000000001465, -2.715635909006247850, -0.4244066557889664137 ) ) ;
#7177 = CARTESIAN_POINT ( 'NONE',  ( -1.382282424338301841, 2.082282424338301130, 0.4750000000000000333 ) ) ;
#7178 = STYLED_ITEM ( 'NONE', ( #6814 ), #4361 ) ;
#7179 = PRESENTATION_STYLE_ASSIGNMENT (( #424 ) ) ;
#7180 = VERTEX_POINT ( 'NONE', #2849 ) ;
#7181 = EDGE_CURVE ( 'NONE', #1394, #6020, #5169, .T. ) ;
#7182 = VECTOR ( 'NONE', #3369, 1000.000000000000000 ) ;
#7183 = CARTESIAN_POINT ( 'NONE',  ( 0.8524999999999997025, 2.299999999999999378, -0.1724999999999999867 ) ) ;
#7184 = ORIENTED_EDGE ( 'NONE', *, *, #1629, .T. ) ;
#7185 = DIRECTION ( 'NONE',  ( -1.000000000000000000, -0.000000000000000000, -0.000000000000000000 ) ) ;
#7186 = ADVANCED_FACE ( 'NONE', ( #2339 ), #5131, .T. ) ;
#7187 = COLOUR_RGB ( '',0.2862745098039215508, 0.2862745098039215508, 0.2862745098039215508 ) ;
#7188 = CARTESIAN_POINT ( 'NONE',  ( -1.097500000000000142, 2.599999999999999645, -0.5153054482615858634 ) ) ;
#7189 = CARTESIAN_POINT ( 'NONE',  ( -0.8525000000000001465, -2.326767216444461273, -0.1275000000000000022 ) ) ;
#7190 = DIRECTION ( 'NONE',  ( -0.000000000000000000, -1.000000000000000000, 0.000000000000000000 ) ) ;
#7191 = ORIENTED_EDGE ( 'NONE', *, *, #6949, .T. ) ;
#7192 = VERTEX_POINT ( 'NONE', #5273 ) ;
#7193 = MECHANICAL_DESIGN_GEOMETRIC_PRESENTATION_REPRESENTATION (  '', ( #6832 ), #3182 ) ;
#7194 = PRESENTATION_STYLE_ASSIGNMENT (( #409 ) ) ;
#7195 = PRESENTATION_STYLE_ASSIGNMENT (( #4336 ) ) ;
#7196 = VERTEX_POINT ( 'NONE', #5901 ) ;
#7197 = DIRECTION ( 'NONE',  ( 0.000000000000000000, -1.000000000000000000, 0.000000000000000000 ) ) ;
#7198 = VECTOR ( 'NONE', #453, 1000.000000000000114 ) ;
#7199 = FILL_AREA_STYLE_COLOUR ( '', #6835 ) ;
#7200 =( GEOMETRIC_REPRESENTATION_CONTEXT ( 3 ) GLOBAL_UNCERTAINTY_ASSIGNED_CONTEXT ( ( #3023 ) ) GLOBAL_UNIT_ASSIGNED_CONTEXT ( ( #4173, #4718, #5365 ) ) REPRESENTATION_CONTEXT ( 'NONE', 'WORKASPACE' ) );
#7201 = PRESENTATION_STYLE_ASSIGNMENT (( #3316 ) ) ;
#7202 = AXIS2_PLACEMENT_3D ( 'NONE', #4606, #1805, #2317 ) ;
#7203 = CARTESIAN_POINT ( 'NONE',  ( 0.8524999999999997025, -2.299999999999999378, -0.07249999999999999500 ) ) ;
#7204 = VERTEX_POINT ( 'NONE', #5202 ) ;
#7205 = DIRECTION ( 'NONE',  ( -0.000000000000000000, -0.000000000000000000, 1.000000000000000000 ) ) ;
#7206 = CYLINDRICAL_SURFACE ( 'NONE', #3661, 0.2000000000000000389 ) ;
#7207 = CARTESIAN_POINT ( 'NONE',  ( -1.097500000000000142, -2.502515066061893556, -0.03203957178574777520 ) ) ;
#7208 = LINE ( 'NONE', #6775, #874 ) ;
#7209 = ORIENTED_EDGE ( 'NONE', *, *, #7146, .T. ) ;
#7210 = EDGE_CURVE ( 'NONE', #7215, #2883, #1856, .T. ) ;
#7211 = EDGE_CURVE ( 'NONE', #7297, #1191, #2959, .T. ) ;
#7212 = EDGE_CURVE ( 'NONE', #1916, #2962, #296, .T. ) ;
#7213 =( LENGTH_UNIT ( ) NAMED_UNIT ( * ) SI_UNIT ( .MILLI., .METRE. ) );
#7214 =( GEOMETRIC_REPRESENTATION_CONTEXT ( 3 ) GLOBAL_UNCERTAINTY_ASSIGNED_CONTEXT ( ( #5396 ) ) GLOBAL_UNIT_ASSIGNED_CONTEXT ( ( #5764, #2239, #1220 ) ) REPRESENTATION_CONTEXT ( 'NONE', 'WORKASPACE' ) );
#7215 = VERTEX_POINT ( 'NONE', #136 ) ;
#7216 = AXIS2_PLACEMENT_3D ( 'NONE', #5236, #2916, #729 ) ;
#7217 = CIRCLE ( 'NONE', #272, 0.2199999999999999178 ) ;
#7218 = DIRECTION ( 'NONE',  ( 1.000000000000000000, 0.000000000000000000, 0.000000000000000000 ) ) ;
#7219 = FILL_AREA_STYLE ('',( #1097 ) ) ;
#7220 = AXIS2_PLACEMENT_3D ( 'NONE', #70, #7289, #6204 ) ;
#7221 = AXIS2_PLACEMENT_3D ( 'NONE', #4822, #6541, #1464 ) ;
#7222 = CARTESIAN_POINT ( 'NONE',  ( 0.4474999999999997868, -2.199999999999999289, 0.07249999999999999500 ) ) ;
#7223 = SURFACE_STYLE_FILL_AREA ( #3353 ) ;
#7224 = UNCERTAINTY_MEASURE_WITH_UNIT (LENGTH_MEASURE( 1.000000000000000082E-05 ), #5514, 'distance_accuracy_value', 'NONE');
#7225 = COLOUR_RGB ( '',0.2862745098039215508, 0.2862745098039215508, 0.2862745098039215508 ) ;
#7226 = ORIENTED_EDGE ( 'NONE', *, *, #7084, .F. ) ;
#7227 = ORIENTED_EDGE ( 'NONE', *, *, #1767, .F. ) ;
#7228 = MECHANICAL_DESIGN_GEOMETRIC_PRESENTATION_REPRESENTATION (  '', ( #153 ), #1679 ) ;
#7229 = MECHANICAL_DESIGN_GEOMETRIC_PRESENTATION_REPRESENTATION (  '', ( #6298 ), #282 ) ;
#7230 = FILL_AREA_STYLE_COLOUR ( '', #1156 ) ;
#7231 = EDGE_CURVE ( 'NONE', #5108, #3275, #3568, .T. ) ;
#7232 = AXIS2_PLACEMENT_3D ( 'NONE', #1072, #3465, #2175 ) ;
#7233 = ORIENTED_EDGE ( 'NONE', *, *, #6127, .T. ) ;
#7234 = CARTESIAN_POINT ( 'NONE',  ( 0.8524999999999997025, -2.326767216444461273, -0.1275000000000000022 ) ) ;
#7235 =( NAMED_UNIT ( * ) PLANE_ANGLE_UNIT ( ) SI_UNIT ( $, .RADIAN. ) );
#7236 =( GEOMETRIC_REPRESENTATION_CONTEXT ( 3 ) GLOBAL_UNCERTAINTY_ASSIGNED_CONTEXT ( ( #6423 ) ) GLOBAL_UNIT_ASSIGNED_CONTEXT ( ( #7213, #2654, #5494 ) ) REPRESENTATION_CONTEXT ( 'NONE', 'WORKASPACE' ) );
#7237 = LINE ( 'NONE', #6697, #363 ) ;
#7238 = PRESENTATION_STYLE_ASSIGNMENT (( #5579 ) ) ;
#7239 = MECHANICAL_DESIGN_GEOMETRIC_PRESENTATION_REPRESENTATION (  '', ( #2977 ), #6420 ) ;
#7240 =( NAMED_UNIT ( * ) PLANE_ANGLE_UNIT ( ) SI_UNIT ( $, .RADIAN. ) );
#7241 = DIRECTION ( 'NONE',  ( 1.000000000000000000, 0.000000000000000000, 0.000000000000000000 ) ) ;
#7242 = ORIENTED_EDGE ( 'NONE', *, *, #3146, .T. ) ;
#7243 =( BOUNDED_CURVE ( )  B_SPLINE_CURVE ( 3, ( #3206, #966, #7094, #5476 ),
 .UNSPECIFIED., .F., .T. ) 
 B_SPLINE_CURVE_WITH_KNOTS ( ( 4, 4 ),
 ( 5.782411586589358822E-15, 0.005463208521556376859 ),
 .UNSPECIFIED. ) 
 CURVE ( )  GEOMETRIC_REPRESENTATION_ITEM ( )  RATIONAL_B_SPLINE_CURVE ( ( 1.000000000000000000, 0.9999975127809339615, 0.9999975127809339615, 1.000000000000000000 ) ) 
 REPRESENTATION_ITEM ( '' )  );
#7244 = SURFACE_SIDE_STYLE ('',( #106 ) ) ;
#7245 = PRESENTATION_LAYER_ASSIGNMENT (  '', '', ( #1811 ) ) ;
#7246 = SURFACE_SIDE_STYLE ('',( #57 ) ) ;
#7247 = CARTESIAN_POINT ( 'NONE',  ( 0.4474999999999997868, -2.715635909006247850, -0.4244066557889664137 ) ) ;
#7248 = SURFACE_STYLE_FILL_AREA ( #3433 ) ;
#7249 = CARTESIAN_POINT ( 'NONE',  ( 1.097499999999999698, 2.502515066061893556, -0.03203957178574777520 ) ) ;
#7250 = ORIENTED_EDGE ( 'NONE', *, *, #1662, .T. ) ;
#7251 = FACE_OUTER_BOUND ( 'NONE', #2131, .T. ) ;
#7252 =( GEOMETRIC_REPRESENTATION_CONTEXT ( 3 ) GLOBAL_UNCERTAINTY_ASSIGNED_CONTEXT ( ( #1387 ) ) GLOBAL_UNIT_ASSIGNED_CONTEXT ( ( #5500, #3834, #3267 ) ) REPRESENTATION_CONTEXT ( 'NONE', 'WORKASPACE' ) );
#7253 = CARTESIAN_POINT ( 'NONE',  ( -1.097500000000000142, 2.803509833814964214, -0.3766764416818402239 ) ) ;
#7254 = FILL_AREA_STYLE ('',( #2684 ) ) ;
#7255 = ADVANCED_FACE ( 'NONE', ( #6496 ), #3079, .T. ) ;
#7256 = EDGE_LOOP ( 'NONE', ( #3843, #3734, #5566, #75 ) ) ;
#7257 = CARTESIAN_POINT ( 'NONE',  ( 0.4474999999999997868, 3.199999999999999289, -0.6499999999999998002 ) ) ;
#7258 = CARTESIAN_POINT ( 'NONE',  ( -0.4475000000000001754, -2.803509833814964214, -0.3766764416818402239 ) ) ;
#7259 = CARTESIAN_POINT ( 'NONE',  ( 1.499999999999999556, -2.199999999999999289, 0.07249999999999999500 ) ) ;
#7260 = EDGE_CURVE ( 'NONE', #6175, #3413, #1887, .T. ) ;
#7261 = PRESENTATION_STYLE_ASSIGNMENT (( #1498 ) ) ;
#7262 =( LENGTH_UNIT ( ) NAMED_UNIT ( * ) SI_UNIT ( .MILLI., .METRE. ) );
#7263 = DIRECTION ( 'NONE',  ( 0.000000000000000000, 0.000000000000000000, 1.000000000000000000 ) ) ;
#7264 = VERTEX_POINT ( 'NONE', #1313 ) ;
#7265 = ORIENTED_EDGE ( 'NONE', *, *, #1001, .F. ) ;
#7266 = DIRECTION ( 'NONE',  ( 1.000000000000000000, 0.000000000000000000, 0.000000000000000000 ) ) ;
#7267 = CARTESIAN_POINT ( 'NONE',  ( -1.097500000000000142, 2.502515066061893556, -0.03203957178574777520 ) ) ;
#7268 = ORIENTED_EDGE ( 'NONE', *, *, #1490, .T. ) ;
#7269 =( NAMED_UNIT ( * ) SI_UNIT ( $, .STERADIAN. ) SOLID_ANGLE_UNIT ( ) );
#7270 =( LENGTH_UNIT ( ) NAMED_UNIT ( * ) SI_UNIT ( .MILLI., .METRE. ) );
#7271 = VECTOR ( 'NONE', #7205, 1000.000000000000000 ) ;
#7272 = DIRECTION ( 'NONE',  ( 0.000000000000000000, -5.782411586589358033E-15, -1.000000000000000000 ) ) ;
#7273 =( LENGTH_UNIT ( ) NAMED_UNIT ( * ) SI_UNIT ( .MILLI., .METRE. ) );
#7274 =( NAMED_UNIT ( * ) PLANE_ANGLE_UNIT ( ) SI_UNIT ( $, .RADIAN. ) );
#7275 = LINE ( 'NONE', #3772, #3986 ) ;
#7276 = LINE ( 'NONE', #4460, #5611 ) ;
#7277 = VERTEX_POINT ( 'NONE', #5754 ) ;
#7278 =( NAMED_UNIT ( * ) PLANE_ANGLE_UNIT ( ) SI_UNIT ( $, .RADIAN. ) );
#7279 =( NAMED_UNIT ( * ) PLANE_ANGLE_UNIT ( ) SI_UNIT ( $, .RADIAN. ) );
#7280 = PRESENTATION_STYLE_ASSIGNMENT (( #1595 ) ) ;
#7281 = PRESENTATION_STYLE_ASSIGNMENT (( #5656 ) ) ;
#7282 = ORIENTED_EDGE ( 'NONE', *, *, #3853, .F. ) ;
#7283 = CIRCLE ( 'NONE', #1850, 0.2199999999999999178 ) ;
#7284 = DIRECTION ( 'NONE',  ( 0.000000000000000000, 0.000000000000000000, -1.000000000000000000 ) ) ;
#7285 = STYLED_ITEM ( 'NONE', ( #2875 ), #762 ) ;
#7286 = EDGE_CURVE ( 'NONE', #334, #5874, #5830, .T. ) ;
#7287 = VERTEX_POINT ( 'NONE', #178 ) ;
#7288 = SURFACE_STYLE_FILL_AREA ( #3963 ) ;
#7289 = DIRECTION ( 'NONE',  ( -1.000000000000000000, -3.038779738999323724E-16, -2.891205793294677439E-15 ) ) ;
#7290 = PRESENTATION_STYLE_ASSIGNMENT (( #5037 ) ) ;
#7291 = ORIENTED_EDGE ( 'NONE', *, *, #6690, .T. ) ;
#7292 = CYLINDRICAL_SURFACE ( 'NONE', #4152, 0.09999999999999979738 ) ;
#7293 = PRESENTATION_LAYER_ASSIGNMENT (  '', '', ( #357 ) ) ;
#7294 = LINE ( 'NONE', #1714, #4147 ) ;
#7295 = UNCERTAINTY_MEASURE_WITH_UNIT (LENGTH_MEASURE( 1.000000000000000082E-05 ), #2705, 'distance_accuracy_value', 'NONE');
#7296 = ORIENTED_EDGE ( 'NONE', *, *, #5436, .F. ) ;
#7297 = VERTEX_POINT ( 'NONE', #4667 ) ;
#7298 = LINE ( 'NONE', #35, #386 ) ;
#7299 = MECHANICAL_DESIGN_GEOMETRIC_PRESENTATION_REPRESENTATION (  '', ( #7068 ), #3291 ) ;
#7300 = DIRECTION ( 'NONE',  ( 1.000000000000000000, 0.000000000000000000, 0.000000000000000000 ) ) ;
#7301 = CARTESIAN_POINT ( 'NONE',  ( -0.4475000000000001754, -2.299999999999999378, -0.07249999999999999500 ) ) ;
ENDSEC;
END-ISO-10303-21;
