ISO-10303-21;
HEADER;
FILE_DESCRIPTION(('FreeCAD Model'),'2;1');
FILE_NAME('/var/www/3D/0T/19778615.3.1.stp','2025-11-20T03:15:48',(
    'Author'),(''),'Open CASCADE STEP processor 6.9','FreeCAD','Unknown'
  );
FILE_SCHEMA(('AUTOMOTIVE_DESIGN { 1 0 10303 214 1 1 1 1 }'));
ENDSEC;
DATA;
#1 = APPLICATION_PROTOCOL_DEFINITION('international standard',
  'automotive_design',2000,#2);
#2 = APPLICATION_CONTEXT(
  'core data for automotive mechanical design processes');
#3 = SHAPE_DEFINITION_REPRESENTATION(#4,#10);
#4 = PRODUCT_DEFINITION_SHAPE('','',#5);
#5 = PRODUCT_DEFINITION('design','',#6,#9);
#6 = PRODUCT_DEFINITION_FORMATION('','',#7);
#7 = PRODUCT('ASSEMBLY','ASSEMBLY','',(#8));
#8 = PRODUCT_CONTEXT('',#2,'mechanical');
#9 = PRODUCT_DEFINITION_CONTEXT('part definition',#2,'design');
#10 = SHAPE_REPRESENTATION('',(#11,#15,#19),#23);
#11 = AXIS2_PLACEMENT_3D('',#12,#13,#14);
#12 = CARTESIAN_POINT('',(0.,0.,0.));
#13 = DIRECTION('',(0.,0.,1.));
#14 = DIRECTION('',(1.,0.,-0.));
#15 = AXIS2_PLACEMENT_3D('',#16,#17,#18);
#16 = CARTESIAN_POINT('',(0.,0.,0.));
#17 = DIRECTION('',(0.,0.,1.));
#18 = DIRECTION('',(1.,0.,0.));
#19 = AXIS2_PLACEMENT_3D('',#20,#21,#22);
#20 = CARTESIAN_POINT('',(0.,0.,0.));
#21 = DIRECTION('',(0.,0.,1.));
#22 = DIRECTION('',(1.,0.,0.));
#23 = ( GEOMETRIC_REPRESENTATION_CONTEXT(3) 
GLOBAL_UNCERTAINTY_ASSIGNED_CONTEXT((#27)) GLOBAL_UNIT_ASSIGNED_CONTEXT(
(#24,#25,#26)) REPRESENTATION_CONTEXT('Context #1',
  '3D Context with UNIT and UNCERTAINTY') );
#24 = ( LENGTH_UNIT() NAMED_UNIT(*) SI_UNIT(.MILLI.,.METRE.) );
#25 = ( NAMED_UNIT(*) PLANE_ANGLE_UNIT() SI_UNIT($,.RADIAN.) );
#26 = ( NAMED_UNIT(*) SI_UNIT($,.STERADIAN.) SOLID_ANGLE_UNIT() );
#27 = UNCERTAINTY_MEASURE_WITH_UNIT(LENGTH_MEASURE(1.E-07),#24,
  'distance_accuracy_value','confusion accuracy');
#28 = PRODUCT_RELATED_PRODUCT_CATEGORY('part',$,(#7));
#29 = SHAPE_REPRESENTATION('',(#11,#30,#42,#54,#66,#78,#90,#102,#114,
    #126,#138,#150,#162,#174,#186,#198,#210,#222,#234,#246,#258,#270,
    #282,#294,#306,#318,#330,#342,#354,#366,#378,#390,#402,#414,#426,
    #438,#450,#462,#474,#486,#498,#510,#522,#534,#546,#558,#570,#582,
    #594,#606,#618,#630,#642,#654,#666,#678,#690,#702,#714,#726,#738,
    #750,#762,#774,#786,#798,#810,#822,#834,#846,#858,#870,#882,#894,
    #906,#918,#930,#942,#954,#966,#978,#990,#1002,#1014,#1026,#1038,
    #1050,#1062,#1074,#1086,#1098,#1110,#1122,#1134,#1146,#1158,#1170,
    #1182,#1194,#1206,#1218,#1230,#1242,#1254,#1266,#1278,#1290,#1302,
    #1314,#1326,#1338,#1350,#1362,#1374,#1386,#1398,#1410,#1422,#1434,
    #1446,#1458,#1470,#1482,#1494,#1506,#1518,#1530,#1542,#1554,#1566,
    #1578,#1590,#1602,#1614,#1626,#1638,#1650,#1662,#1674,#1686,#1698,
    #1710,#1722,#1734,#1746,#1758,#1770,#1782,#1794,#1806,#1818,#1830,
    #1842,#1854,#1866,#1878,#1890,#1902,#1914,#1926,#1938,#1950,#1962,
    #1974,#1986,#1998,#2010,#2022,#2034,#2046,#2058,#2070,#2082,#2094,
    #2106,#2118,#2130,#2142,#2154,#2166,#2178,#2190,#2202,#2214,#2226,
    #2238,#2250,#2262,#2274,#2286,#2298,#2310,#2322,#2334,#2346,#2358,
    #2370,#2382,#2394,#2406,#2418,#2430,#2442,#2454,#2466,#2478,#2490,
    #2502,#2514,#2526,#2538,#2550,#2562,#2574,#2586,#2598,#2610,#2622,
    #2634,#2646,#2658,#2670,#2682,#2694,#2706,#2718,#2730,#2742,#2754,
    #2766,#2778,#2790,#2802,#2814,#2826,#2838,#2850,#2862,#2874,#2886,
    #2898,#2910,#2922,#2934,#2946,#2958,#2970,#2982,#2994,#3006,#3018,
    #3030,#3042,#3054,#3066,#3078,#3090,#3102,#3114,#3126,#3138,#3150,
    #3162,#3174,#3186,#3198,#3210,#3222,#3234,#3246,#3258,#3270,#3282,
    #3294,#3306,#3318,#3330,#3342,#3354,#3366,#3378,#3390,#3402,#3414,
    #3426,#3438,#3450,#3462,#3474,#3486,#3498,#3510,#3522,#3534,#3546,
    #3558,#3570,#3582,#3594,#3606,#3618,#3630,#3642,#3654,#3666,#3678,
    #3690,#3702,#3714,#3726,#3738,#3750,#3762,#3774,#3786,#3798,#3810,
    #3822,#3834,#3846,#3858,#3870,#3882,#3894,#3906,#3918,#3930,#3942,
    #3954,#3966,#3978,#3990,#4002,#4014,#4026,#4038,#4050,#4062,#4074,
    #4086,#4098,#4110,#4122,#4134,#4146,#4158,#4170,#4182,#4194,#4206,
    #4218,#4230,#4242,#4254,#4266,#4278,#4290,#4302,#4314,#4326,#4338,
    #4350),#4362);
#30 = MANIFOLD_SOLID_BREP('',#31);
#31 = CLOSED_SHELL('',(#32));
#32 = ADVANCED_FACE('',(#33),#37,.T.);
#33 = FACE_BOUND('',#34,.T.);
#34 = VERTEX_LOOP('',#35);
#35 = VERTEX_POINT('',#36);
#36 = CARTESIAN_POINT('',(-4.5,4.5,0.));
#37 = SPHERICAL_SURFACE('',#38,0.155);
#38 = AXIS2_PLACEMENT_3D('',#39,#40,#41);
#39 = CARTESIAN_POINT('',(-4.5,4.5,0.155));
#40 = DIRECTION('',(0.,0.,1.));
#41 = DIRECTION('',(1.,0.,0.));
#42 = MANIFOLD_SOLID_BREP('',#43);
#43 = CLOSED_SHELL('',(#44));
#44 = ADVANCED_FACE('',(#45),#49,.T.);
#45 = FACE_BOUND('',#46,.T.);
#46 = VERTEX_LOOP('',#47);
#47 = VERTEX_POINT('',#48);
#48 = CARTESIAN_POINT('',(-4.5,4.,0.));
#49 = SPHERICAL_SURFACE('',#50,0.155);
#50 = AXIS2_PLACEMENT_3D('',#51,#52,#53);
#51 = CARTESIAN_POINT('',(-4.5,4.,0.155));
#52 = DIRECTION('',(0.,0.,1.));
#53 = DIRECTION('',(1.,0.,0.));
#54 = MANIFOLD_SOLID_BREP('',#55);
#55 = CLOSED_SHELL('',(#56));
#56 = ADVANCED_FACE('',(#57),#61,.T.);
#57 = FACE_BOUND('',#58,.T.);
#58 = VERTEX_LOOP('',#59);
#59 = VERTEX_POINT('',#60);
#60 = CARTESIAN_POINT('',(-4.5,3.5,0.));
#61 = SPHERICAL_SURFACE('',#62,0.155);
#62 = AXIS2_PLACEMENT_3D('',#63,#64,#65);
#63 = CARTESIAN_POINT('',(-4.5,3.5,0.155));
#64 = DIRECTION('',(0.,0.,1.));
#65 = DIRECTION('',(1.,0.,0.));
#66 = MANIFOLD_SOLID_BREP('',#67);
#67 = CLOSED_SHELL('',(#68));
#68 = ADVANCED_FACE('',(#69),#73,.T.);
#69 = FACE_BOUND('',#70,.T.);
#70 = VERTEX_LOOP('',#71);
#71 = VERTEX_POINT('',#72);
#72 = CARTESIAN_POINT('',(-4.5,3.,0.));
#73 = SPHERICAL_SURFACE('',#74,0.155);
#74 = AXIS2_PLACEMENT_3D('',#75,#76,#77);
#75 = CARTESIAN_POINT('',(-4.5,3.,0.155));
#76 = DIRECTION('',(0.,0.,1.));
#77 = DIRECTION('',(1.,0.,0.));
#78 = MANIFOLD_SOLID_BREP('',#79);
#79 = CLOSED_SHELL('',(#80));
#80 = ADVANCED_FACE('',(#81),#85,.T.);
#81 = FACE_BOUND('',#82,.T.);
#82 = VERTEX_LOOP('',#83);
#83 = VERTEX_POINT('',#84);
#84 = CARTESIAN_POINT('',(-4.5,2.5,0.));
#85 = SPHERICAL_SURFACE('',#86,0.155);
#86 = AXIS2_PLACEMENT_3D('',#87,#88,#89);
#87 = CARTESIAN_POINT('',(-4.5,2.5,0.155));
#88 = DIRECTION('',(0.,0.,1.));
#89 = DIRECTION('',(1.,0.,0.));
#90 = MANIFOLD_SOLID_BREP('',#91);
#91 = CLOSED_SHELL('',(#92));
#92 = ADVANCED_FACE('',(#93),#97,.T.);
#93 = FACE_BOUND('',#94,.T.);
#94 = VERTEX_LOOP('',#95);
#95 = VERTEX_POINT('',#96);
#96 = CARTESIAN_POINT('',(-4.5,2.,0.));
#97 = SPHERICAL_SURFACE('',#98,0.155);
#98 = AXIS2_PLACEMENT_3D('',#99,#100,#101);
#99 = CARTESIAN_POINT('',(-4.5,2.,0.155));
#100 = DIRECTION('',(0.,0.,1.));
#101 = DIRECTION('',(1.,0.,0.));
#102 = MANIFOLD_SOLID_BREP('',#103);
#103 = CLOSED_SHELL('',(#104));
#104 = ADVANCED_FACE('',(#105),#109,.T.);
#105 = FACE_BOUND('',#106,.T.);
#106 = VERTEX_LOOP('',#107);
#107 = VERTEX_POINT('',#108);
#108 = CARTESIAN_POINT('',(-4.5,1.5,0.));
#109 = SPHERICAL_SURFACE('',#110,0.155);
#110 = AXIS2_PLACEMENT_3D('',#111,#112,#113);
#111 = CARTESIAN_POINT('',(-4.5,1.5,0.155));
#112 = DIRECTION('',(0.,0.,1.));
#113 = DIRECTION('',(1.,0.,0.));
#114 = MANIFOLD_SOLID_BREP('',#115);
#115 = CLOSED_SHELL('',(#116));
#116 = ADVANCED_FACE('',(#117),#121,.T.);
#117 = FACE_BOUND('',#118,.T.);
#118 = VERTEX_LOOP('',#119);
#119 = VERTEX_POINT('',#120);
#120 = CARTESIAN_POINT('',(-4.5,1.,0.));
#121 = SPHERICAL_SURFACE('',#122,0.155);
#122 = AXIS2_PLACEMENT_3D('',#123,#124,#125);
#123 = CARTESIAN_POINT('',(-4.5,1.,0.155));
#124 = DIRECTION('',(0.,0.,1.));
#125 = DIRECTION('',(1.,0.,0.));
#126 = MANIFOLD_SOLID_BREP('',#127);
#127 = CLOSED_SHELL('',(#128));
#128 = ADVANCED_FACE('',(#129),#133,.T.);
#129 = FACE_BOUND('',#130,.T.);
#130 = VERTEX_LOOP('',#131);
#131 = VERTEX_POINT('',#132);
#132 = CARTESIAN_POINT('',(-4.5,0.5,0.));
#133 = SPHERICAL_SURFACE('',#134,0.155);
#134 = AXIS2_PLACEMENT_3D('',#135,#136,#137);
#135 = CARTESIAN_POINT('',(-4.5,0.5,0.155));
#136 = DIRECTION('',(0.,0.,1.));
#137 = DIRECTION('',(1.,0.,0.));
#138 = MANIFOLD_SOLID_BREP('',#139);
#139 = CLOSED_SHELL('',(#140));
#140 = ADVANCED_FACE('',(#141),#145,.T.);
#141 = FACE_BOUND('',#142,.T.);
#142 = VERTEX_LOOP('',#143);
#143 = VERTEX_POINT('',#144);
#144 = CARTESIAN_POINT('',(-4.5,0.,0.));
#145 = SPHERICAL_SURFACE('',#146,0.155);
#146 = AXIS2_PLACEMENT_3D('',#147,#148,#149);
#147 = CARTESIAN_POINT('',(-4.5,0.,0.155));
#148 = DIRECTION('',(0.,0.,1.));
#149 = DIRECTION('',(1.,0.,0.));
#150 = MANIFOLD_SOLID_BREP('',#151);
#151 = CLOSED_SHELL('',(#152));
#152 = ADVANCED_FACE('',(#153),#157,.T.);
#153 = FACE_BOUND('',#154,.T.);
#154 = VERTEX_LOOP('',#155);
#155 = VERTEX_POINT('',#156);
#156 = CARTESIAN_POINT('',(-4.5,-0.5,0.));
#157 = SPHERICAL_SURFACE('',#158,0.155);
#158 = AXIS2_PLACEMENT_3D('',#159,#160,#161);
#159 = CARTESIAN_POINT('',(-4.5,-0.5,0.155));
#160 = DIRECTION('',(0.,0.,1.));
#161 = DIRECTION('',(1.,0.,0.));
#162 = MANIFOLD_SOLID_BREP('',#163);
#163 = CLOSED_SHELL('',(#164));
#164 = ADVANCED_FACE('',(#165),#169,.T.);
#165 = FACE_BOUND('',#166,.T.);
#166 = VERTEX_LOOP('',#167);
#167 = VERTEX_POINT('',#168);
#168 = CARTESIAN_POINT('',(-4.5,-1.,0.));
#169 = SPHERICAL_SURFACE('',#170,0.155);
#170 = AXIS2_PLACEMENT_3D('',#171,#172,#173);
#171 = CARTESIAN_POINT('',(-4.5,-1.,0.155));
#172 = DIRECTION('',(0.,0.,1.));
#173 = DIRECTION('',(1.,0.,0.));
#174 = MANIFOLD_SOLID_BREP('',#175);
#175 = CLOSED_SHELL('',(#176));
#176 = ADVANCED_FACE('',(#177),#181,.T.);
#177 = FACE_BOUND('',#178,.T.);
#178 = VERTEX_LOOP('',#179);
#179 = VERTEX_POINT('',#180);
#180 = CARTESIAN_POINT('',(-4.5,-1.5,0.));
#181 = SPHERICAL_SURFACE('',#182,0.155);
#182 = AXIS2_PLACEMENT_3D('',#183,#184,#185);
#183 = CARTESIAN_POINT('',(-4.5,-1.5,0.155));
#184 = DIRECTION('',(0.,0.,1.));
#185 = DIRECTION('',(1.,0.,0.));
#186 = MANIFOLD_SOLID_BREP('',#187);
#187 = CLOSED_SHELL('',(#188));
#188 = ADVANCED_FACE('',(#189),#193,.T.);
#189 = FACE_BOUND('',#190,.T.);
#190 = VERTEX_LOOP('',#191);
#191 = VERTEX_POINT('',#192);
#192 = CARTESIAN_POINT('',(-4.5,-2.,0.));
#193 = SPHERICAL_SURFACE('',#194,0.155);
#194 = AXIS2_PLACEMENT_3D('',#195,#196,#197);
#195 = CARTESIAN_POINT('',(-4.5,-2.,0.155));
#196 = DIRECTION('',(0.,0.,1.));
#197 = DIRECTION('',(1.,0.,0.));
#198 = MANIFOLD_SOLID_BREP('',#199);
#199 = CLOSED_SHELL('',(#200));
#200 = ADVANCED_FACE('',(#201),#205,.T.);
#201 = FACE_BOUND('',#202,.T.);
#202 = VERTEX_LOOP('',#203);
#203 = VERTEX_POINT('',#204);
#204 = CARTESIAN_POINT('',(-4.5,-2.5,0.));
#205 = SPHERICAL_SURFACE('',#206,0.155);
#206 = AXIS2_PLACEMENT_3D('',#207,#208,#209);
#207 = CARTESIAN_POINT('',(-4.5,-2.5,0.155));
#208 = DIRECTION('',(0.,0.,1.));
#209 = DIRECTION('',(1.,0.,0.));
#210 = MANIFOLD_SOLID_BREP('',#211);
#211 = CLOSED_SHELL('',(#212));
#212 = ADVANCED_FACE('',(#213),#217,.T.);
#213 = FACE_BOUND('',#214,.T.);
#214 = VERTEX_LOOP('',#215);
#215 = VERTEX_POINT('',#216);
#216 = CARTESIAN_POINT('',(-4.5,-3.,0.));
#217 = SPHERICAL_SURFACE('',#218,0.155);
#218 = AXIS2_PLACEMENT_3D('',#219,#220,#221);
#219 = CARTESIAN_POINT('',(-4.5,-3.,0.155));
#220 = DIRECTION('',(0.,0.,1.));
#221 = DIRECTION('',(1.,0.,0.));
#222 = MANIFOLD_SOLID_BREP('',#223);
#223 = CLOSED_SHELL('',(#224));
#224 = ADVANCED_FACE('',(#225),#229,.T.);
#225 = FACE_BOUND('',#226,.T.);
#226 = VERTEX_LOOP('',#227);
#227 = VERTEX_POINT('',#228);
#228 = CARTESIAN_POINT('',(-4.5,-3.5,0.));
#229 = SPHERICAL_SURFACE('',#230,0.155);
#230 = AXIS2_PLACEMENT_3D('',#231,#232,#233);
#231 = CARTESIAN_POINT('',(-4.5,-3.5,0.155));
#232 = DIRECTION('',(0.,0.,1.));
#233 = DIRECTION('',(1.,0.,0.));
#234 = MANIFOLD_SOLID_BREP('',#235);
#235 = CLOSED_SHELL('',(#236));
#236 = ADVANCED_FACE('',(#237),#241,.T.);
#237 = FACE_BOUND('',#238,.T.);
#238 = VERTEX_LOOP('',#239);
#239 = VERTEX_POINT('',#240);
#240 = CARTESIAN_POINT('',(-4.5,-4.,0.));
#241 = SPHERICAL_SURFACE('',#242,0.155);
#242 = AXIS2_PLACEMENT_3D('',#243,#244,#245);
#243 = CARTESIAN_POINT('',(-4.5,-4.,0.155));
#244 = DIRECTION('',(0.,0.,1.));
#245 = DIRECTION('',(1.,0.,0.));
#246 = MANIFOLD_SOLID_BREP('',#247);
#247 = CLOSED_SHELL('',(#248));
#248 = ADVANCED_FACE('',(#249),#253,.T.);
#249 = FACE_BOUND('',#250,.T.);
#250 = VERTEX_LOOP('',#251);
#251 = VERTEX_POINT('',#252);
#252 = CARTESIAN_POINT('',(-4.5,-4.5,0.));
#253 = SPHERICAL_SURFACE('',#254,0.155);
#254 = AXIS2_PLACEMENT_3D('',#255,#256,#257);
#255 = CARTESIAN_POINT('',(-4.5,-4.5,0.155));
#256 = DIRECTION('',(0.,0.,1.));
#257 = DIRECTION('',(1.,0.,0.));
#258 = MANIFOLD_SOLID_BREP('',#259);
#259 = CLOSED_SHELL('',(#260));
#260 = ADVANCED_FACE('',(#261),#265,.T.);
#261 = FACE_BOUND('',#262,.T.);
#262 = VERTEX_LOOP('',#263);
#263 = VERTEX_POINT('',#264);
#264 = CARTESIAN_POINT('',(-4.,4.5,0.));
#265 = SPHERICAL_SURFACE('',#266,0.155);
#266 = AXIS2_PLACEMENT_3D('',#267,#268,#269);
#267 = CARTESIAN_POINT('',(-4.,4.5,0.155));
#268 = DIRECTION('',(0.,0.,1.));
#269 = DIRECTION('',(1.,0.,0.));
#270 = MANIFOLD_SOLID_BREP('',#271);
#271 = CLOSED_SHELL('',(#272));
#272 = ADVANCED_FACE('',(#273),#277,.T.);
#273 = FACE_BOUND('',#274,.T.);
#274 = VERTEX_LOOP('',#275);
#275 = VERTEX_POINT('',#276);
#276 = CARTESIAN_POINT('',(-4.,4.,0.));
#277 = SPHERICAL_SURFACE('',#278,0.155);
#278 = AXIS2_PLACEMENT_3D('',#279,#280,#281);
#279 = CARTESIAN_POINT('',(-4.,4.,0.155));
#280 = DIRECTION('',(0.,0.,1.));
#281 = DIRECTION('',(1.,0.,0.));
#282 = MANIFOLD_SOLID_BREP('',#283);
#283 = CLOSED_SHELL('',(#284));
#284 = ADVANCED_FACE('',(#285),#289,.T.);
#285 = FACE_BOUND('',#286,.T.);
#286 = VERTEX_LOOP('',#287);
#287 = VERTEX_POINT('',#288);
#288 = CARTESIAN_POINT('',(-4.,3.5,0.));
#289 = SPHERICAL_SURFACE('',#290,0.155);
#290 = AXIS2_PLACEMENT_3D('',#291,#292,#293);
#291 = CARTESIAN_POINT('',(-4.,3.5,0.155));
#292 = DIRECTION('',(0.,0.,1.));
#293 = DIRECTION('',(1.,0.,0.));
#294 = MANIFOLD_SOLID_BREP('',#295);
#295 = CLOSED_SHELL('',(#296));
#296 = ADVANCED_FACE('',(#297),#301,.T.);
#297 = FACE_BOUND('',#298,.T.);
#298 = VERTEX_LOOP('',#299);
#299 = VERTEX_POINT('',#300);
#300 = CARTESIAN_POINT('',(-4.,3.,0.));
#301 = SPHERICAL_SURFACE('',#302,0.155);
#302 = AXIS2_PLACEMENT_3D('',#303,#304,#305);
#303 = CARTESIAN_POINT('',(-4.,3.,0.155));
#304 = DIRECTION('',(0.,0.,1.));
#305 = DIRECTION('',(1.,0.,0.));
#306 = MANIFOLD_SOLID_BREP('',#307);
#307 = CLOSED_SHELL('',(#308));
#308 = ADVANCED_FACE('',(#309),#313,.T.);
#309 = FACE_BOUND('',#310,.T.);
#310 = VERTEX_LOOP('',#311);
#311 = VERTEX_POINT('',#312);
#312 = CARTESIAN_POINT('',(-4.,2.5,0.));
#313 = SPHERICAL_SURFACE('',#314,0.155);
#314 = AXIS2_PLACEMENT_3D('',#315,#316,#317);
#315 = CARTESIAN_POINT('',(-4.,2.5,0.155));
#316 = DIRECTION('',(0.,0.,1.));
#317 = DIRECTION('',(1.,0.,0.));
#318 = MANIFOLD_SOLID_BREP('',#319);
#319 = CLOSED_SHELL('',(#320));
#320 = ADVANCED_FACE('',(#321),#325,.T.);
#321 = FACE_BOUND('',#322,.T.);
#322 = VERTEX_LOOP('',#323);
#323 = VERTEX_POINT('',#324);
#324 = CARTESIAN_POINT('',(-4.,2.,0.));
#325 = SPHERICAL_SURFACE('',#326,0.155);
#326 = AXIS2_PLACEMENT_3D('',#327,#328,#329);
#327 = CARTESIAN_POINT('',(-4.,2.,0.155));
#328 = DIRECTION('',(0.,0.,1.));
#329 = DIRECTION('',(1.,0.,0.));
#330 = MANIFOLD_SOLID_BREP('',#331);
#331 = CLOSED_SHELL('',(#332));
#332 = ADVANCED_FACE('',(#333),#337,.T.);
#333 = FACE_BOUND('',#334,.T.);
#334 = VERTEX_LOOP('',#335);
#335 = VERTEX_POINT('',#336);
#336 = CARTESIAN_POINT('',(-4.,1.5,0.));
#337 = SPHERICAL_SURFACE('',#338,0.155);
#338 = AXIS2_PLACEMENT_3D('',#339,#340,#341);
#339 = CARTESIAN_POINT('',(-4.,1.5,0.155));
#340 = DIRECTION('',(0.,0.,1.));
#341 = DIRECTION('',(1.,0.,0.));
#342 = MANIFOLD_SOLID_BREP('',#343);
#343 = CLOSED_SHELL('',(#344));
#344 = ADVANCED_FACE('',(#345),#349,.T.);
#345 = FACE_BOUND('',#346,.T.);
#346 = VERTEX_LOOP('',#347);
#347 = VERTEX_POINT('',#348);
#348 = CARTESIAN_POINT('',(-4.,1.,0.));
#349 = SPHERICAL_SURFACE('',#350,0.155);
#350 = AXIS2_PLACEMENT_3D('',#351,#352,#353);
#351 = CARTESIAN_POINT('',(-4.,1.,0.155));
#352 = DIRECTION('',(0.,0.,1.));
#353 = DIRECTION('',(1.,0.,0.));
#354 = MANIFOLD_SOLID_BREP('',#355);
#355 = CLOSED_SHELL('',(#356));
#356 = ADVANCED_FACE('',(#357),#361,.T.);
#357 = FACE_BOUND('',#358,.T.);
#358 = VERTEX_LOOP('',#359);
#359 = VERTEX_POINT('',#360);
#360 = CARTESIAN_POINT('',(-4.,0.5,0.));
#361 = SPHERICAL_SURFACE('',#362,0.155);
#362 = AXIS2_PLACEMENT_3D('',#363,#364,#365);
#363 = CARTESIAN_POINT('',(-4.,0.5,0.155));
#364 = DIRECTION('',(0.,0.,1.));
#365 = DIRECTION('',(1.,0.,0.));
#366 = MANIFOLD_SOLID_BREP('',#367);
#367 = CLOSED_SHELL('',(#368));
#368 = ADVANCED_FACE('',(#369),#373,.T.);
#369 = FACE_BOUND('',#370,.T.);
#370 = VERTEX_LOOP('',#371);
#371 = VERTEX_POINT('',#372);
#372 = CARTESIAN_POINT('',(-4.,0.,0.));
#373 = SPHERICAL_SURFACE('',#374,0.155);
#374 = AXIS2_PLACEMENT_3D('',#375,#376,#377);
#375 = CARTESIAN_POINT('',(-4.,0.,0.155));
#376 = DIRECTION('',(0.,0.,1.));
#377 = DIRECTION('',(1.,0.,0.));
#378 = MANIFOLD_SOLID_BREP('',#379);
#379 = CLOSED_SHELL('',(#380));
#380 = ADVANCED_FACE('',(#381),#385,.T.);
#381 = FACE_BOUND('',#382,.T.);
#382 = VERTEX_LOOP('',#383);
#383 = VERTEX_POINT('',#384);
#384 = CARTESIAN_POINT('',(-4.,-0.5,0.));
#385 = SPHERICAL_SURFACE('',#386,0.155);
#386 = AXIS2_PLACEMENT_3D('',#387,#388,#389);
#387 = CARTESIAN_POINT('',(-4.,-0.5,0.155));
#388 = DIRECTION('',(0.,0.,1.));
#389 = DIRECTION('',(1.,0.,0.));
#390 = MANIFOLD_SOLID_BREP('',#391);
#391 = CLOSED_SHELL('',(#392));
#392 = ADVANCED_FACE('',(#393),#397,.T.);
#393 = FACE_BOUND('',#394,.T.);
#394 = VERTEX_LOOP('',#395);
#395 = VERTEX_POINT('',#396);
#396 = CARTESIAN_POINT('',(-4.,-1.,0.));
#397 = SPHERICAL_SURFACE('',#398,0.155);
#398 = AXIS2_PLACEMENT_3D('',#399,#400,#401);
#399 = CARTESIAN_POINT('',(-4.,-1.,0.155));
#400 = DIRECTION('',(0.,0.,1.));
#401 = DIRECTION('',(1.,0.,0.));
#402 = MANIFOLD_SOLID_BREP('',#403);
#403 = CLOSED_SHELL('',(#404));
#404 = ADVANCED_FACE('',(#405),#409,.T.);
#405 = FACE_BOUND('',#406,.T.);
#406 = VERTEX_LOOP('',#407);
#407 = VERTEX_POINT('',#408);
#408 = CARTESIAN_POINT('',(-4.,-1.5,0.));
#409 = SPHERICAL_SURFACE('',#410,0.155);
#410 = AXIS2_PLACEMENT_3D('',#411,#412,#413);
#411 = CARTESIAN_POINT('',(-4.,-1.5,0.155));
#412 = DIRECTION('',(0.,0.,1.));
#413 = DIRECTION('',(1.,0.,0.));
#414 = MANIFOLD_SOLID_BREP('',#415);
#415 = CLOSED_SHELL('',(#416));
#416 = ADVANCED_FACE('',(#417),#421,.T.);
#417 = FACE_BOUND('',#418,.T.);
#418 = VERTEX_LOOP('',#419);
#419 = VERTEX_POINT('',#420);
#420 = CARTESIAN_POINT('',(-4.,-2.,0.));
#421 = SPHERICAL_SURFACE('',#422,0.155);
#422 = AXIS2_PLACEMENT_3D('',#423,#424,#425);
#423 = CARTESIAN_POINT('',(-4.,-2.,0.155));
#424 = DIRECTION('',(0.,0.,1.));
#425 = DIRECTION('',(1.,0.,0.));
#426 = MANIFOLD_SOLID_BREP('',#427);
#427 = CLOSED_SHELL('',(#428));
#428 = ADVANCED_FACE('',(#429),#433,.T.);
#429 = FACE_BOUND('',#430,.T.);
#430 = VERTEX_LOOP('',#431);
#431 = VERTEX_POINT('',#432);
#432 = CARTESIAN_POINT('',(-4.,-2.5,0.));
#433 = SPHERICAL_SURFACE('',#434,0.155);
#434 = AXIS2_PLACEMENT_3D('',#435,#436,#437);
#435 = CARTESIAN_POINT('',(-4.,-2.5,0.155));
#436 = DIRECTION('',(0.,0.,1.));
#437 = DIRECTION('',(1.,0.,0.));
#438 = MANIFOLD_SOLID_BREP('',#439);
#439 = CLOSED_SHELL('',(#440));
#440 = ADVANCED_FACE('',(#441),#445,.T.);
#441 = FACE_BOUND('',#442,.T.);
#442 = VERTEX_LOOP('',#443);
#443 = VERTEX_POINT('',#444);
#444 = CARTESIAN_POINT('',(-4.,-3.,0.));
#445 = SPHERICAL_SURFACE('',#446,0.155);
#446 = AXIS2_PLACEMENT_3D('',#447,#448,#449);
#447 = CARTESIAN_POINT('',(-4.,-3.,0.155));
#448 = DIRECTION('',(0.,0.,1.));
#449 = DIRECTION('',(1.,0.,0.));
#450 = MANIFOLD_SOLID_BREP('',#451);
#451 = CLOSED_SHELL('',(#452));
#452 = ADVANCED_FACE('',(#453),#457,.T.);
#453 = FACE_BOUND('',#454,.T.);
#454 = VERTEX_LOOP('',#455);
#455 = VERTEX_POINT('',#456);
#456 = CARTESIAN_POINT('',(-4.,-3.5,0.));
#457 = SPHERICAL_SURFACE('',#458,0.155);
#458 = AXIS2_PLACEMENT_3D('',#459,#460,#461);
#459 = CARTESIAN_POINT('',(-4.,-3.5,0.155));
#460 = DIRECTION('',(0.,0.,1.));
#461 = DIRECTION('',(1.,0.,0.));
#462 = MANIFOLD_SOLID_BREP('',#463);
#463 = CLOSED_SHELL('',(#464));
#464 = ADVANCED_FACE('',(#465),#469,.T.);
#465 = FACE_BOUND('',#466,.T.);
#466 = VERTEX_LOOP('',#467);
#467 = VERTEX_POINT('',#468);
#468 = CARTESIAN_POINT('',(-4.,-4.,0.));
#469 = SPHERICAL_SURFACE('',#470,0.155);
#470 = AXIS2_PLACEMENT_3D('',#471,#472,#473);
#471 = CARTESIAN_POINT('',(-4.,-4.,0.155));
#472 = DIRECTION('',(0.,0.,1.));
#473 = DIRECTION('',(1.,0.,0.));
#474 = MANIFOLD_SOLID_BREP('',#475);
#475 = CLOSED_SHELL('',(#476));
#476 = ADVANCED_FACE('',(#477),#481,.T.);
#477 = FACE_BOUND('',#478,.T.);
#478 = VERTEX_LOOP('',#479);
#479 = VERTEX_POINT('',#480);
#480 = CARTESIAN_POINT('',(-4.,-4.5,0.));
#481 = SPHERICAL_SURFACE('',#482,0.155);
#482 = AXIS2_PLACEMENT_3D('',#483,#484,#485);
#483 = CARTESIAN_POINT('',(-4.,-4.5,0.155));
#484 = DIRECTION('',(0.,0.,1.));
#485 = DIRECTION('',(1.,0.,0.));
#486 = MANIFOLD_SOLID_BREP('',#487);
#487 = CLOSED_SHELL('',(#488));
#488 = ADVANCED_FACE('',(#489),#493,.T.);
#489 = FACE_BOUND('',#490,.T.);
#490 = VERTEX_LOOP('',#491);
#491 = VERTEX_POINT('',#492);
#492 = CARTESIAN_POINT('',(-3.5,4.5,0.));
#493 = SPHERICAL_SURFACE('',#494,0.155);
#494 = AXIS2_PLACEMENT_3D('',#495,#496,#497);
#495 = CARTESIAN_POINT('',(-3.5,4.5,0.155));
#496 = DIRECTION('',(0.,0.,1.));
#497 = DIRECTION('',(1.,0.,0.));
#498 = MANIFOLD_SOLID_BREP('',#499);
#499 = CLOSED_SHELL('',(#500));
#500 = ADVANCED_FACE('',(#501),#505,.T.);
#501 = FACE_BOUND('',#502,.T.);
#502 = VERTEX_LOOP('',#503);
#503 = VERTEX_POINT('',#504);
#504 = CARTESIAN_POINT('',(-3.5,4.,0.));
#505 = SPHERICAL_SURFACE('',#506,0.155);
#506 = AXIS2_PLACEMENT_3D('',#507,#508,#509);
#507 = CARTESIAN_POINT('',(-3.5,4.,0.155));
#508 = DIRECTION('',(0.,0.,1.));
#509 = DIRECTION('',(1.,0.,0.));
#510 = MANIFOLD_SOLID_BREP('',#511);
#511 = CLOSED_SHELL('',(#512));
#512 = ADVANCED_FACE('',(#513),#517,.T.);
#513 = FACE_BOUND('',#514,.T.);
#514 = VERTEX_LOOP('',#515);
#515 = VERTEX_POINT('',#516);
#516 = CARTESIAN_POINT('',(-3.5,3.5,0.));
#517 = SPHERICAL_SURFACE('',#518,0.155);
#518 = AXIS2_PLACEMENT_3D('',#519,#520,#521);
#519 = CARTESIAN_POINT('',(-3.5,3.5,0.155));
#520 = DIRECTION('',(0.,0.,1.));
#521 = DIRECTION('',(1.,0.,0.));
#522 = MANIFOLD_SOLID_BREP('',#523);
#523 = CLOSED_SHELL('',(#524));
#524 = ADVANCED_FACE('',(#525),#529,.T.);
#525 = FACE_BOUND('',#526,.T.);
#526 = VERTEX_LOOP('',#527);
#527 = VERTEX_POINT('',#528);
#528 = CARTESIAN_POINT('',(-3.5,3.,0.));
#529 = SPHERICAL_SURFACE('',#530,0.155);
#530 = AXIS2_PLACEMENT_3D('',#531,#532,#533);
#531 = CARTESIAN_POINT('',(-3.5,3.,0.155));
#532 = DIRECTION('',(0.,0.,1.));
#533 = DIRECTION('',(1.,0.,0.));
#534 = MANIFOLD_SOLID_BREP('',#535);
#535 = CLOSED_SHELL('',(#536));
#536 = ADVANCED_FACE('',(#537),#541,.T.);
#537 = FACE_BOUND('',#538,.T.);
#538 = VERTEX_LOOP('',#539);
#539 = VERTEX_POINT('',#540);
#540 = CARTESIAN_POINT('',(-3.5,2.5,0.));
#541 = SPHERICAL_SURFACE('',#542,0.155);
#542 = AXIS2_PLACEMENT_3D('',#543,#544,#545);
#543 = CARTESIAN_POINT('',(-3.5,2.5,0.155));
#544 = DIRECTION('',(0.,0.,1.));
#545 = DIRECTION('',(1.,0.,0.));
#546 = MANIFOLD_SOLID_BREP('',#547);
#547 = CLOSED_SHELL('',(#548));
#548 = ADVANCED_FACE('',(#549),#553,.T.);
#549 = FACE_BOUND('',#550,.T.);
#550 = VERTEX_LOOP('',#551);
#551 = VERTEX_POINT('',#552);
#552 = CARTESIAN_POINT('',(-3.5,2.,0.));
#553 = SPHERICAL_SURFACE('',#554,0.155);
#554 = AXIS2_PLACEMENT_3D('',#555,#556,#557);
#555 = CARTESIAN_POINT('',(-3.5,2.,0.155));
#556 = DIRECTION('',(0.,0.,1.));
#557 = DIRECTION('',(1.,0.,0.));
#558 = MANIFOLD_SOLID_BREP('',#559);
#559 = CLOSED_SHELL('',(#560));
#560 = ADVANCED_FACE('',(#561),#565,.T.);
#561 = FACE_BOUND('',#562,.T.);
#562 = VERTEX_LOOP('',#563);
#563 = VERTEX_POINT('',#564);
#564 = CARTESIAN_POINT('',(-3.5,1.5,0.));
#565 = SPHERICAL_SURFACE('',#566,0.155);
#566 = AXIS2_PLACEMENT_3D('',#567,#568,#569);
#567 = CARTESIAN_POINT('',(-3.5,1.5,0.155));
#568 = DIRECTION('',(0.,0.,1.));
#569 = DIRECTION('',(1.,0.,0.));
#570 = MANIFOLD_SOLID_BREP('',#571);
#571 = CLOSED_SHELL('',(#572));
#572 = ADVANCED_FACE('',(#573),#577,.T.);
#573 = FACE_BOUND('',#574,.T.);
#574 = VERTEX_LOOP('',#575);
#575 = VERTEX_POINT('',#576);
#576 = CARTESIAN_POINT('',(-3.5,1.,0.));
#577 = SPHERICAL_SURFACE('',#578,0.155);
#578 = AXIS2_PLACEMENT_3D('',#579,#580,#581);
#579 = CARTESIAN_POINT('',(-3.5,1.,0.155));
#580 = DIRECTION('',(0.,0.,1.));
#581 = DIRECTION('',(1.,0.,0.));
#582 = MANIFOLD_SOLID_BREP('',#583);
#583 = CLOSED_SHELL('',(#584));
#584 = ADVANCED_FACE('',(#585),#589,.T.);
#585 = FACE_BOUND('',#586,.T.);
#586 = VERTEX_LOOP('',#587);
#587 = VERTEX_POINT('',#588);
#588 = CARTESIAN_POINT('',(-3.5,0.5,0.));
#589 = SPHERICAL_SURFACE('',#590,0.155);
#590 = AXIS2_PLACEMENT_3D('',#591,#592,#593);
#591 = CARTESIAN_POINT('',(-3.5,0.5,0.155));
#592 = DIRECTION('',(0.,0.,1.));
#593 = DIRECTION('',(1.,0.,0.));
#594 = MANIFOLD_SOLID_BREP('',#595);
#595 = CLOSED_SHELL('',(#596));
#596 = ADVANCED_FACE('',(#597),#601,.T.);
#597 = FACE_BOUND('',#598,.T.);
#598 = VERTEX_LOOP('',#599);
#599 = VERTEX_POINT('',#600);
#600 = CARTESIAN_POINT('',(-3.5,0.,0.));
#601 = SPHERICAL_SURFACE('',#602,0.155);
#602 = AXIS2_PLACEMENT_3D('',#603,#604,#605);
#603 = CARTESIAN_POINT('',(-3.5,0.,0.155));
#604 = DIRECTION('',(0.,0.,1.));
#605 = DIRECTION('',(1.,0.,0.));
#606 = MANIFOLD_SOLID_BREP('',#607);
#607 = CLOSED_SHELL('',(#608));
#608 = ADVANCED_FACE('',(#609),#613,.T.);
#609 = FACE_BOUND('',#610,.T.);
#610 = VERTEX_LOOP('',#611);
#611 = VERTEX_POINT('',#612);
#612 = CARTESIAN_POINT('',(-3.5,-0.5,0.));
#613 = SPHERICAL_SURFACE('',#614,0.155);
#614 = AXIS2_PLACEMENT_3D('',#615,#616,#617);
#615 = CARTESIAN_POINT('',(-3.5,-0.5,0.155));
#616 = DIRECTION('',(0.,0.,1.));
#617 = DIRECTION('',(1.,0.,0.));
#618 = MANIFOLD_SOLID_BREP('',#619);
#619 = CLOSED_SHELL('',(#620));
#620 = ADVANCED_FACE('',(#621),#625,.T.);
#621 = FACE_BOUND('',#622,.T.);
#622 = VERTEX_LOOP('',#623);
#623 = VERTEX_POINT('',#624);
#624 = CARTESIAN_POINT('',(-3.5,-1.,0.));
#625 = SPHERICAL_SURFACE('',#626,0.155);
#626 = AXIS2_PLACEMENT_3D('',#627,#628,#629);
#627 = CARTESIAN_POINT('',(-3.5,-1.,0.155));
#628 = DIRECTION('',(0.,0.,1.));
#629 = DIRECTION('',(1.,0.,0.));
#630 = MANIFOLD_SOLID_BREP('',#631);
#631 = CLOSED_SHELL('',(#632));
#632 = ADVANCED_FACE('',(#633),#637,.T.);
#633 = FACE_BOUND('',#634,.T.);
#634 = VERTEX_LOOP('',#635);
#635 = VERTEX_POINT('',#636);
#636 = CARTESIAN_POINT('',(-3.5,-1.5,0.));
#637 = SPHERICAL_SURFACE('',#638,0.155);
#638 = AXIS2_PLACEMENT_3D('',#639,#640,#641);
#639 = CARTESIAN_POINT('',(-3.5,-1.5,0.155));
#640 = DIRECTION('',(0.,0.,1.));
#641 = DIRECTION('',(1.,0.,0.));
#642 = MANIFOLD_SOLID_BREP('',#643);
#643 = CLOSED_SHELL('',(#644));
#644 = ADVANCED_FACE('',(#645),#649,.T.);
#645 = FACE_BOUND('',#646,.T.);
#646 = VERTEX_LOOP('',#647);
#647 = VERTEX_POINT('',#648);
#648 = CARTESIAN_POINT('',(-3.5,-2.,0.));
#649 = SPHERICAL_SURFACE('',#650,0.155);
#650 = AXIS2_PLACEMENT_3D('',#651,#652,#653);
#651 = CARTESIAN_POINT('',(-3.5,-2.,0.155));
#652 = DIRECTION('',(0.,0.,1.));
#653 = DIRECTION('',(1.,0.,0.));
#654 = MANIFOLD_SOLID_BREP('',#655);
#655 = CLOSED_SHELL('',(#656));
#656 = ADVANCED_FACE('',(#657),#661,.T.);
#657 = FACE_BOUND('',#658,.T.);
#658 = VERTEX_LOOP('',#659);
#659 = VERTEX_POINT('',#660);
#660 = CARTESIAN_POINT('',(-3.5,-2.5,0.));
#661 = SPHERICAL_SURFACE('',#662,0.155);
#662 = AXIS2_PLACEMENT_3D('',#663,#664,#665);
#663 = CARTESIAN_POINT('',(-3.5,-2.5,0.155));
#664 = DIRECTION('',(0.,0.,1.));
#665 = DIRECTION('',(1.,0.,0.));
#666 = MANIFOLD_SOLID_BREP('',#667);
#667 = CLOSED_SHELL('',(#668));
#668 = ADVANCED_FACE('',(#669),#673,.T.);
#669 = FACE_BOUND('',#670,.T.);
#670 = VERTEX_LOOP('',#671);
#671 = VERTEX_POINT('',#672);
#672 = CARTESIAN_POINT('',(-3.5,-3.,0.));
#673 = SPHERICAL_SURFACE('',#674,0.155);
#674 = AXIS2_PLACEMENT_3D('',#675,#676,#677);
#675 = CARTESIAN_POINT('',(-3.5,-3.,0.155));
#676 = DIRECTION('',(0.,0.,1.));
#677 = DIRECTION('',(1.,0.,0.));
#678 = MANIFOLD_SOLID_BREP('',#679);
#679 = CLOSED_SHELL('',(#680));
#680 = ADVANCED_FACE('',(#681),#685,.T.);
#681 = FACE_BOUND('',#682,.T.);
#682 = VERTEX_LOOP('',#683);
#683 = VERTEX_POINT('',#684);
#684 = CARTESIAN_POINT('',(-3.5,-3.5,0.));
#685 = SPHERICAL_SURFACE('',#686,0.155);
#686 = AXIS2_PLACEMENT_3D('',#687,#688,#689);
#687 = CARTESIAN_POINT('',(-3.5,-3.5,0.155));
#688 = DIRECTION('',(0.,0.,1.));
#689 = DIRECTION('',(1.,0.,0.));
#690 = MANIFOLD_SOLID_BREP('',#691);
#691 = CLOSED_SHELL('',(#692));
#692 = ADVANCED_FACE('',(#693),#697,.T.);
#693 = FACE_BOUND('',#694,.T.);
#694 = VERTEX_LOOP('',#695);
#695 = VERTEX_POINT('',#696);
#696 = CARTESIAN_POINT('',(-3.5,-4.,0.));
#697 = SPHERICAL_SURFACE('',#698,0.155);
#698 = AXIS2_PLACEMENT_3D('',#699,#700,#701);
#699 = CARTESIAN_POINT('',(-3.5,-4.,0.155));
#700 = DIRECTION('',(0.,0.,1.));
#701 = DIRECTION('',(1.,0.,0.));
#702 = MANIFOLD_SOLID_BREP('',#703);
#703 = CLOSED_SHELL('',(#704));
#704 = ADVANCED_FACE('',(#705),#709,.T.);
#705 = FACE_BOUND('',#706,.T.);
#706 = VERTEX_LOOP('',#707);
#707 = VERTEX_POINT('',#708);
#708 = CARTESIAN_POINT('',(-3.5,-4.5,0.));
#709 = SPHERICAL_SURFACE('',#710,0.155);
#710 = AXIS2_PLACEMENT_3D('',#711,#712,#713);
#711 = CARTESIAN_POINT('',(-3.5,-4.5,0.155));
#712 = DIRECTION('',(0.,0.,1.));
#713 = DIRECTION('',(1.,0.,0.));
#714 = MANIFOLD_SOLID_BREP('',#715);
#715 = CLOSED_SHELL('',(#716));
#716 = ADVANCED_FACE('',(#717),#721,.T.);
#717 = FACE_BOUND('',#718,.T.);
#718 = VERTEX_LOOP('',#719);
#719 = VERTEX_POINT('',#720);
#720 = CARTESIAN_POINT('',(-3.,4.5,0.));
#721 = SPHERICAL_SURFACE('',#722,0.155);
#722 = AXIS2_PLACEMENT_3D('',#723,#724,#725);
#723 = CARTESIAN_POINT('',(-3.,4.5,0.155));
#724 = DIRECTION('',(0.,0.,1.));
#725 = DIRECTION('',(1.,0.,0.));
#726 = MANIFOLD_SOLID_BREP('',#727);
#727 = CLOSED_SHELL('',(#728));
#728 = ADVANCED_FACE('',(#729),#733,.T.);
#729 = FACE_BOUND('',#730,.T.);
#730 = VERTEX_LOOP('',#731);
#731 = VERTEX_POINT('',#732);
#732 = CARTESIAN_POINT('',(-3.,4.,0.));
#733 = SPHERICAL_SURFACE('',#734,0.155);
#734 = AXIS2_PLACEMENT_3D('',#735,#736,#737);
#735 = CARTESIAN_POINT('',(-3.,4.,0.155));
#736 = DIRECTION('',(0.,0.,1.));
#737 = DIRECTION('',(1.,0.,0.));
#738 = MANIFOLD_SOLID_BREP('',#739);
#739 = CLOSED_SHELL('',(#740));
#740 = ADVANCED_FACE('',(#741),#745,.T.);
#741 = FACE_BOUND('',#742,.T.);
#742 = VERTEX_LOOP('',#743);
#743 = VERTEX_POINT('',#744);
#744 = CARTESIAN_POINT('',(-3.,3.5,0.));
#745 = SPHERICAL_SURFACE('',#746,0.155);
#746 = AXIS2_PLACEMENT_3D('',#747,#748,#749);
#747 = CARTESIAN_POINT('',(-3.,3.5,0.155));
#748 = DIRECTION('',(0.,0.,1.));
#749 = DIRECTION('',(1.,0.,0.));
#750 = MANIFOLD_SOLID_BREP('',#751);
#751 = CLOSED_SHELL('',(#752));
#752 = ADVANCED_FACE('',(#753),#757,.T.);
#753 = FACE_BOUND('',#754,.T.);
#754 = VERTEX_LOOP('',#755);
#755 = VERTEX_POINT('',#756);
#756 = CARTESIAN_POINT('',(-3.,3.,0.));
#757 = SPHERICAL_SURFACE('',#758,0.155);
#758 = AXIS2_PLACEMENT_3D('',#759,#760,#761);
#759 = CARTESIAN_POINT('',(-3.,3.,0.155));
#760 = DIRECTION('',(0.,0.,1.));
#761 = DIRECTION('',(1.,0.,0.));
#762 = MANIFOLD_SOLID_BREP('',#763);
#763 = CLOSED_SHELL('',(#764));
#764 = ADVANCED_FACE('',(#765),#769,.T.);
#765 = FACE_BOUND('',#766,.T.);
#766 = VERTEX_LOOP('',#767);
#767 = VERTEX_POINT('',#768);
#768 = CARTESIAN_POINT('',(-3.,2.5,0.));
#769 = SPHERICAL_SURFACE('',#770,0.155);
#770 = AXIS2_PLACEMENT_3D('',#771,#772,#773);
#771 = CARTESIAN_POINT('',(-3.,2.5,0.155));
#772 = DIRECTION('',(0.,0.,1.));
#773 = DIRECTION('',(1.,0.,0.));
#774 = MANIFOLD_SOLID_BREP('',#775);
#775 = CLOSED_SHELL('',(#776));
#776 = ADVANCED_FACE('',(#777),#781,.T.);
#777 = FACE_BOUND('',#778,.T.);
#778 = VERTEX_LOOP('',#779);
#779 = VERTEX_POINT('',#780);
#780 = CARTESIAN_POINT('',(-3.,2.,0.));
#781 = SPHERICAL_SURFACE('',#782,0.155);
#782 = AXIS2_PLACEMENT_3D('',#783,#784,#785);
#783 = CARTESIAN_POINT('',(-3.,2.,0.155));
#784 = DIRECTION('',(0.,0.,1.));
#785 = DIRECTION('',(1.,0.,0.));
#786 = MANIFOLD_SOLID_BREP('',#787);
#787 = CLOSED_SHELL('',(#788));
#788 = ADVANCED_FACE('',(#789),#793,.T.);
#789 = FACE_BOUND('',#790,.T.);
#790 = VERTEX_LOOP('',#791);
#791 = VERTEX_POINT('',#792);
#792 = CARTESIAN_POINT('',(-3.,1.5,0.));
#793 = SPHERICAL_SURFACE('',#794,0.155);
#794 = AXIS2_PLACEMENT_3D('',#795,#796,#797);
#795 = CARTESIAN_POINT('',(-3.,1.5,0.155));
#796 = DIRECTION('',(0.,0.,1.));
#797 = DIRECTION('',(1.,0.,0.));
#798 = MANIFOLD_SOLID_BREP('',#799);
#799 = CLOSED_SHELL('',(#800));
#800 = ADVANCED_FACE('',(#801),#805,.T.);
#801 = FACE_BOUND('',#802,.T.);
#802 = VERTEX_LOOP('',#803);
#803 = VERTEX_POINT('',#804);
#804 = CARTESIAN_POINT('',(-3.,1.,0.));
#805 = SPHERICAL_SURFACE('',#806,0.155);
#806 = AXIS2_PLACEMENT_3D('',#807,#808,#809);
#807 = CARTESIAN_POINT('',(-3.,1.,0.155));
#808 = DIRECTION('',(0.,0.,1.));
#809 = DIRECTION('',(1.,0.,0.));
#810 = MANIFOLD_SOLID_BREP('',#811);
#811 = CLOSED_SHELL('',(#812));
#812 = ADVANCED_FACE('',(#813),#817,.T.);
#813 = FACE_BOUND('',#814,.T.);
#814 = VERTEX_LOOP('',#815);
#815 = VERTEX_POINT('',#816);
#816 = CARTESIAN_POINT('',(-3.,0.5,0.));
#817 = SPHERICAL_SURFACE('',#818,0.155);
#818 = AXIS2_PLACEMENT_3D('',#819,#820,#821);
#819 = CARTESIAN_POINT('',(-3.,0.5,0.155));
#820 = DIRECTION('',(0.,0.,1.));
#821 = DIRECTION('',(1.,0.,0.));
#822 = MANIFOLD_SOLID_BREP('',#823);
#823 = CLOSED_SHELL('',(#824));
#824 = ADVANCED_FACE('',(#825),#829,.T.);
#825 = FACE_BOUND('',#826,.T.);
#826 = VERTEX_LOOP('',#827);
#827 = VERTEX_POINT('',#828);
#828 = CARTESIAN_POINT('',(-3.,0.,0.));
#829 = SPHERICAL_SURFACE('',#830,0.155);
#830 = AXIS2_PLACEMENT_3D('',#831,#832,#833);
#831 = CARTESIAN_POINT('',(-3.,0.,0.155));
#832 = DIRECTION('',(0.,0.,1.));
#833 = DIRECTION('',(1.,0.,0.));
#834 = MANIFOLD_SOLID_BREP('',#835);
#835 = CLOSED_SHELL('',(#836));
#836 = ADVANCED_FACE('',(#837),#841,.T.);
#837 = FACE_BOUND('',#838,.T.);
#838 = VERTEX_LOOP('',#839);
#839 = VERTEX_POINT('',#840);
#840 = CARTESIAN_POINT('',(-3.,-0.5,0.));
#841 = SPHERICAL_SURFACE('',#842,0.155);
#842 = AXIS2_PLACEMENT_3D('',#843,#844,#845);
#843 = CARTESIAN_POINT('',(-3.,-0.5,0.155));
#844 = DIRECTION('',(0.,0.,1.));
#845 = DIRECTION('',(1.,0.,0.));
#846 = MANIFOLD_SOLID_BREP('',#847);
#847 = CLOSED_SHELL('',(#848));
#848 = ADVANCED_FACE('',(#849),#853,.T.);
#849 = FACE_BOUND('',#850,.T.);
#850 = VERTEX_LOOP('',#851);
#851 = VERTEX_POINT('',#852);
#852 = CARTESIAN_POINT('',(-3.,-1.,0.));
#853 = SPHERICAL_SURFACE('',#854,0.155);
#854 = AXIS2_PLACEMENT_3D('',#855,#856,#857);
#855 = CARTESIAN_POINT('',(-3.,-1.,0.155));
#856 = DIRECTION('',(0.,0.,1.));
#857 = DIRECTION('',(1.,0.,0.));
#858 = MANIFOLD_SOLID_BREP('',#859);
#859 = CLOSED_SHELL('',(#860));
#860 = ADVANCED_FACE('',(#861),#865,.T.);
#861 = FACE_BOUND('',#862,.T.);
#862 = VERTEX_LOOP('',#863);
#863 = VERTEX_POINT('',#864);
#864 = CARTESIAN_POINT('',(-3.,-1.5,0.));
#865 = SPHERICAL_SURFACE('',#866,0.155);
#866 = AXIS2_PLACEMENT_3D('',#867,#868,#869);
#867 = CARTESIAN_POINT('',(-3.,-1.5,0.155));
#868 = DIRECTION('',(0.,0.,1.));
#869 = DIRECTION('',(1.,0.,0.));
#870 = MANIFOLD_SOLID_BREP('',#871);
#871 = CLOSED_SHELL('',(#872));
#872 = ADVANCED_FACE('',(#873),#877,.T.);
#873 = FACE_BOUND('',#874,.T.);
#874 = VERTEX_LOOP('',#875);
#875 = VERTEX_POINT('',#876);
#876 = CARTESIAN_POINT('',(-3.,-2.,0.));
#877 = SPHERICAL_SURFACE('',#878,0.155);
#878 = AXIS2_PLACEMENT_3D('',#879,#880,#881);
#879 = CARTESIAN_POINT('',(-3.,-2.,0.155));
#880 = DIRECTION('',(0.,0.,1.));
#881 = DIRECTION('',(1.,0.,0.));
#882 = MANIFOLD_SOLID_BREP('',#883);
#883 = CLOSED_SHELL('',(#884));
#884 = ADVANCED_FACE('',(#885),#889,.T.);
#885 = FACE_BOUND('',#886,.T.);
#886 = VERTEX_LOOP('',#887);
#887 = VERTEX_POINT('',#888);
#888 = CARTESIAN_POINT('',(-3.,-2.5,0.));
#889 = SPHERICAL_SURFACE('',#890,0.155);
#890 = AXIS2_PLACEMENT_3D('',#891,#892,#893);
#891 = CARTESIAN_POINT('',(-3.,-2.5,0.155));
#892 = DIRECTION('',(0.,0.,1.));
#893 = DIRECTION('',(1.,0.,0.));
#894 = MANIFOLD_SOLID_BREP('',#895);
#895 = CLOSED_SHELL('',(#896));
#896 = ADVANCED_FACE('',(#897),#901,.T.);
#897 = FACE_BOUND('',#898,.T.);
#898 = VERTEX_LOOP('',#899);
#899 = VERTEX_POINT('',#900);
#900 = CARTESIAN_POINT('',(-3.,-3.,0.));
#901 = SPHERICAL_SURFACE('',#902,0.155);
#902 = AXIS2_PLACEMENT_3D('',#903,#904,#905);
#903 = CARTESIAN_POINT('',(-3.,-3.,0.155));
#904 = DIRECTION('',(0.,0.,1.));
#905 = DIRECTION('',(1.,0.,0.));
#906 = MANIFOLD_SOLID_BREP('',#907);
#907 = CLOSED_SHELL('',(#908));
#908 = ADVANCED_FACE('',(#909),#913,.T.);
#909 = FACE_BOUND('',#910,.T.);
#910 = VERTEX_LOOP('',#911);
#911 = VERTEX_POINT('',#912);
#912 = CARTESIAN_POINT('',(-3.,-3.5,0.));
#913 = SPHERICAL_SURFACE('',#914,0.155);
#914 = AXIS2_PLACEMENT_3D('',#915,#916,#917);
#915 = CARTESIAN_POINT('',(-3.,-3.5,0.155));
#916 = DIRECTION('',(0.,0.,1.));
#917 = DIRECTION('',(1.,0.,0.));
#918 = MANIFOLD_SOLID_BREP('',#919);
#919 = CLOSED_SHELL('',(#920));
#920 = ADVANCED_FACE('',(#921),#925,.T.);
#921 = FACE_BOUND('',#922,.T.);
#922 = VERTEX_LOOP('',#923);
#923 = VERTEX_POINT('',#924);
#924 = CARTESIAN_POINT('',(-3.,-4.,0.));
#925 = SPHERICAL_SURFACE('',#926,0.155);
#926 = AXIS2_PLACEMENT_3D('',#927,#928,#929);
#927 = CARTESIAN_POINT('',(-3.,-4.,0.155));
#928 = DIRECTION('',(0.,0.,1.));
#929 = DIRECTION('',(1.,0.,0.));
#930 = MANIFOLD_SOLID_BREP('',#931);
#931 = CLOSED_SHELL('',(#932));
#932 = ADVANCED_FACE('',(#933),#937,.T.);
#933 = FACE_BOUND('',#934,.T.);
#934 = VERTEX_LOOP('',#935);
#935 = VERTEX_POINT('',#936);
#936 = CARTESIAN_POINT('',(-3.,-4.5,0.));
#937 = SPHERICAL_SURFACE('',#938,0.155);
#938 = AXIS2_PLACEMENT_3D('',#939,#940,#941);
#939 = CARTESIAN_POINT('',(-3.,-4.5,0.155));
#940 = DIRECTION('',(0.,0.,1.));
#941 = DIRECTION('',(1.,0.,0.));
#942 = MANIFOLD_SOLID_BREP('',#943);
#943 = CLOSED_SHELL('',(#944));
#944 = ADVANCED_FACE('',(#945),#949,.T.);
#945 = FACE_BOUND('',#946,.T.);
#946 = VERTEX_LOOP('',#947);
#947 = VERTEX_POINT('',#948);
#948 = CARTESIAN_POINT('',(-2.5,4.5,0.));
#949 = SPHERICAL_SURFACE('',#950,0.155);
#950 = AXIS2_PLACEMENT_3D('',#951,#952,#953);
#951 = CARTESIAN_POINT('',(-2.5,4.5,0.155));
#952 = DIRECTION('',(0.,0.,1.));
#953 = DIRECTION('',(1.,0.,0.));
#954 = MANIFOLD_SOLID_BREP('',#955);
#955 = CLOSED_SHELL('',(#956));
#956 = ADVANCED_FACE('',(#957),#961,.T.);
#957 = FACE_BOUND('',#958,.T.);
#958 = VERTEX_LOOP('',#959);
#959 = VERTEX_POINT('',#960);
#960 = CARTESIAN_POINT('',(-2.5,4.,0.));
#961 = SPHERICAL_SURFACE('',#962,0.155);
#962 = AXIS2_PLACEMENT_3D('',#963,#964,#965);
#963 = CARTESIAN_POINT('',(-2.5,4.,0.155));
#964 = DIRECTION('',(0.,0.,1.));
#965 = DIRECTION('',(1.,0.,0.));
#966 = MANIFOLD_SOLID_BREP('',#967);
#967 = CLOSED_SHELL('',(#968));
#968 = ADVANCED_FACE('',(#969),#973,.T.);
#969 = FACE_BOUND('',#970,.T.);
#970 = VERTEX_LOOP('',#971);
#971 = VERTEX_POINT('',#972);
#972 = CARTESIAN_POINT('',(-2.5,3.5,0.));
#973 = SPHERICAL_SURFACE('',#974,0.155);
#974 = AXIS2_PLACEMENT_3D('',#975,#976,#977);
#975 = CARTESIAN_POINT('',(-2.5,3.5,0.155));
#976 = DIRECTION('',(0.,0.,1.));
#977 = DIRECTION('',(1.,0.,0.));
#978 = MANIFOLD_SOLID_BREP('',#979);
#979 = CLOSED_SHELL('',(#980));
#980 = ADVANCED_FACE('',(#981),#985,.T.);
#981 = FACE_BOUND('',#982,.T.);
#982 = VERTEX_LOOP('',#983);
#983 = VERTEX_POINT('',#984);
#984 = CARTESIAN_POINT('',(-2.5,3.,0.));
#985 = SPHERICAL_SURFACE('',#986,0.155);
#986 = AXIS2_PLACEMENT_3D('',#987,#988,#989);
#987 = CARTESIAN_POINT('',(-2.5,3.,0.155));
#988 = DIRECTION('',(0.,0.,1.));
#989 = DIRECTION('',(1.,0.,0.));
#990 = MANIFOLD_SOLID_BREP('',#991);
#991 = CLOSED_SHELL('',(#992));
#992 = ADVANCED_FACE('',(#993),#997,.T.);
#993 = FACE_BOUND('',#994,.T.);
#994 = VERTEX_LOOP('',#995);
#995 = VERTEX_POINT('',#996);
#996 = CARTESIAN_POINT('',(-2.5,2.5,0.));
#997 = SPHERICAL_SURFACE('',#998,0.155);
#998 = AXIS2_PLACEMENT_3D('',#999,#1000,#1001);
#999 = CARTESIAN_POINT('',(-2.5,2.5,0.155));
#1000 = DIRECTION('',(0.,0.,1.));
#1001 = DIRECTION('',(1.,0.,0.));
#1002 = MANIFOLD_SOLID_BREP('',#1003);
#1003 = CLOSED_SHELL('',(#1004));
#1004 = ADVANCED_FACE('',(#1005),#1009,.T.);
#1005 = FACE_BOUND('',#1006,.T.);
#1006 = VERTEX_LOOP('',#1007);
#1007 = VERTEX_POINT('',#1008);
#1008 = CARTESIAN_POINT('',(-2.5,2.,0.));
#1009 = SPHERICAL_SURFACE('',#1010,0.155);
#1010 = AXIS2_PLACEMENT_3D('',#1011,#1012,#1013);
#1011 = CARTESIAN_POINT('',(-2.5,2.,0.155));
#1012 = DIRECTION('',(0.,0.,1.));
#1013 = DIRECTION('',(1.,0.,0.));
#1014 = MANIFOLD_SOLID_BREP('',#1015);
#1015 = CLOSED_SHELL('',(#1016));
#1016 = ADVANCED_FACE('',(#1017),#1021,.T.);
#1017 = FACE_BOUND('',#1018,.T.);
#1018 = VERTEX_LOOP('',#1019);
#1019 = VERTEX_POINT('',#1020);
#1020 = CARTESIAN_POINT('',(-2.5,1.5,0.));
#1021 = SPHERICAL_SURFACE('',#1022,0.155);
#1022 = AXIS2_PLACEMENT_3D('',#1023,#1024,#1025);
#1023 = CARTESIAN_POINT('',(-2.5,1.5,0.155));
#1024 = DIRECTION('',(0.,0.,1.));
#1025 = DIRECTION('',(1.,0.,0.));
#1026 = MANIFOLD_SOLID_BREP('',#1027);
#1027 = CLOSED_SHELL('',(#1028));
#1028 = ADVANCED_FACE('',(#1029),#1033,.T.);
#1029 = FACE_BOUND('',#1030,.T.);
#1030 = VERTEX_LOOP('',#1031);
#1031 = VERTEX_POINT('',#1032);
#1032 = CARTESIAN_POINT('',(-2.5,1.,0.));
#1033 = SPHERICAL_SURFACE('',#1034,0.155);
#1034 = AXIS2_PLACEMENT_3D('',#1035,#1036,#1037);
#1035 = CARTESIAN_POINT('',(-2.5,1.,0.155));
#1036 = DIRECTION('',(0.,0.,1.));
#1037 = DIRECTION('',(1.,0.,0.));
#1038 = MANIFOLD_SOLID_BREP('',#1039);
#1039 = CLOSED_SHELL('',(#1040));
#1040 = ADVANCED_FACE('',(#1041),#1045,.T.);
#1041 = FACE_BOUND('',#1042,.T.);
#1042 = VERTEX_LOOP('',#1043);
#1043 = VERTEX_POINT('',#1044);
#1044 = CARTESIAN_POINT('',(-2.5,0.5,0.));
#1045 = SPHERICAL_SURFACE('',#1046,0.155);
#1046 = AXIS2_PLACEMENT_3D('',#1047,#1048,#1049);
#1047 = CARTESIAN_POINT('',(-2.5,0.5,0.155));
#1048 = DIRECTION('',(0.,0.,1.));
#1049 = DIRECTION('',(1.,0.,0.));
#1050 = MANIFOLD_SOLID_BREP('',#1051);
#1051 = CLOSED_SHELL('',(#1052));
#1052 = ADVANCED_FACE('',(#1053),#1057,.T.);
#1053 = FACE_BOUND('',#1054,.T.);
#1054 = VERTEX_LOOP('',#1055);
#1055 = VERTEX_POINT('',#1056);
#1056 = CARTESIAN_POINT('',(-2.5,0.,0.));
#1057 = SPHERICAL_SURFACE('',#1058,0.155);
#1058 = AXIS2_PLACEMENT_3D('',#1059,#1060,#1061);
#1059 = CARTESIAN_POINT('',(-2.5,0.,0.155));
#1060 = DIRECTION('',(0.,0.,1.));
#1061 = DIRECTION('',(1.,0.,0.));
#1062 = MANIFOLD_SOLID_BREP('',#1063);
#1063 = CLOSED_SHELL('',(#1064));
#1064 = ADVANCED_FACE('',(#1065),#1069,.T.);
#1065 = FACE_BOUND('',#1066,.T.);
#1066 = VERTEX_LOOP('',#1067);
#1067 = VERTEX_POINT('',#1068);
#1068 = CARTESIAN_POINT('',(-2.5,-0.5,0.));
#1069 = SPHERICAL_SURFACE('',#1070,0.155);
#1070 = AXIS2_PLACEMENT_3D('',#1071,#1072,#1073);
#1071 = CARTESIAN_POINT('',(-2.5,-0.5,0.155));
#1072 = DIRECTION('',(0.,0.,1.));
#1073 = DIRECTION('',(1.,0.,0.));
#1074 = MANIFOLD_SOLID_BREP('',#1075);
#1075 = CLOSED_SHELL('',(#1076));
#1076 = ADVANCED_FACE('',(#1077),#1081,.T.);
#1077 = FACE_BOUND('',#1078,.T.);
#1078 = VERTEX_LOOP('',#1079);
#1079 = VERTEX_POINT('',#1080);
#1080 = CARTESIAN_POINT('',(-2.5,-1.,0.));
#1081 = SPHERICAL_SURFACE('',#1082,0.155);
#1082 = AXIS2_PLACEMENT_3D('',#1083,#1084,#1085);
#1083 = CARTESIAN_POINT('',(-2.5,-1.,0.155));
#1084 = DIRECTION('',(0.,0.,1.));
#1085 = DIRECTION('',(1.,0.,0.));
#1086 = MANIFOLD_SOLID_BREP('',#1087);
#1087 = CLOSED_SHELL('',(#1088));
#1088 = ADVANCED_FACE('',(#1089),#1093,.T.);
#1089 = FACE_BOUND('',#1090,.T.);
#1090 = VERTEX_LOOP('',#1091);
#1091 = VERTEX_POINT('',#1092);
#1092 = CARTESIAN_POINT('',(-2.5,-1.5,0.));
#1093 = SPHERICAL_SURFACE('',#1094,0.155);
#1094 = AXIS2_PLACEMENT_3D('',#1095,#1096,#1097);
#1095 = CARTESIAN_POINT('',(-2.5,-1.5,0.155));
#1096 = DIRECTION('',(0.,0.,1.));
#1097 = DIRECTION('',(1.,0.,0.));
#1098 = MANIFOLD_SOLID_BREP('',#1099);
#1099 = CLOSED_SHELL('',(#1100));
#1100 = ADVANCED_FACE('',(#1101),#1105,.T.);
#1101 = FACE_BOUND('',#1102,.T.);
#1102 = VERTEX_LOOP('',#1103);
#1103 = VERTEX_POINT('',#1104);
#1104 = CARTESIAN_POINT('',(-2.5,-2.,0.));
#1105 = SPHERICAL_SURFACE('',#1106,0.155);
#1106 = AXIS2_PLACEMENT_3D('',#1107,#1108,#1109);
#1107 = CARTESIAN_POINT('',(-2.5,-2.,0.155));
#1108 = DIRECTION('',(0.,0.,1.));
#1109 = DIRECTION('',(1.,0.,0.));
#1110 = MANIFOLD_SOLID_BREP('',#1111);
#1111 = CLOSED_SHELL('',(#1112));
#1112 = ADVANCED_FACE('',(#1113),#1117,.T.);
#1113 = FACE_BOUND('',#1114,.T.);
#1114 = VERTEX_LOOP('',#1115);
#1115 = VERTEX_POINT('',#1116);
#1116 = CARTESIAN_POINT('',(-2.5,-2.5,0.));
#1117 = SPHERICAL_SURFACE('',#1118,0.155);
#1118 = AXIS2_PLACEMENT_3D('',#1119,#1120,#1121);
#1119 = CARTESIAN_POINT('',(-2.5,-2.5,0.155));
#1120 = DIRECTION('',(0.,0.,1.));
#1121 = DIRECTION('',(1.,0.,0.));
#1122 = MANIFOLD_SOLID_BREP('',#1123);
#1123 = CLOSED_SHELL('',(#1124));
#1124 = ADVANCED_FACE('',(#1125),#1129,.T.);
#1125 = FACE_BOUND('',#1126,.T.);
#1126 = VERTEX_LOOP('',#1127);
#1127 = VERTEX_POINT('',#1128);
#1128 = CARTESIAN_POINT('',(-2.5,-3.,0.));
#1129 = SPHERICAL_SURFACE('',#1130,0.155);
#1130 = AXIS2_PLACEMENT_3D('',#1131,#1132,#1133);
#1131 = CARTESIAN_POINT('',(-2.5,-3.,0.155));
#1132 = DIRECTION('',(0.,0.,1.));
#1133 = DIRECTION('',(1.,0.,0.));
#1134 = MANIFOLD_SOLID_BREP('',#1135);
#1135 = CLOSED_SHELL('',(#1136));
#1136 = ADVANCED_FACE('',(#1137),#1141,.T.);
#1137 = FACE_BOUND('',#1138,.T.);
#1138 = VERTEX_LOOP('',#1139);
#1139 = VERTEX_POINT('',#1140);
#1140 = CARTESIAN_POINT('',(-2.5,-3.5,0.));
#1141 = SPHERICAL_SURFACE('',#1142,0.155);
#1142 = AXIS2_PLACEMENT_3D('',#1143,#1144,#1145);
#1143 = CARTESIAN_POINT('',(-2.5,-3.5,0.155));
#1144 = DIRECTION('',(0.,0.,1.));
#1145 = DIRECTION('',(1.,0.,0.));
#1146 = MANIFOLD_SOLID_BREP('',#1147);
#1147 = CLOSED_SHELL('',(#1148));
#1148 = ADVANCED_FACE('',(#1149),#1153,.T.);
#1149 = FACE_BOUND('',#1150,.T.);
#1150 = VERTEX_LOOP('',#1151);
#1151 = VERTEX_POINT('',#1152);
#1152 = CARTESIAN_POINT('',(-2.5,-4.,0.));
#1153 = SPHERICAL_SURFACE('',#1154,0.155);
#1154 = AXIS2_PLACEMENT_3D('',#1155,#1156,#1157);
#1155 = CARTESIAN_POINT('',(-2.5,-4.,0.155));
#1156 = DIRECTION('',(0.,0.,1.));
#1157 = DIRECTION('',(1.,0.,0.));
#1158 = MANIFOLD_SOLID_BREP('',#1159);
#1159 = CLOSED_SHELL('',(#1160));
#1160 = ADVANCED_FACE('',(#1161),#1165,.T.);
#1161 = FACE_BOUND('',#1162,.T.);
#1162 = VERTEX_LOOP('',#1163);
#1163 = VERTEX_POINT('',#1164);
#1164 = CARTESIAN_POINT('',(-2.5,-4.5,0.));
#1165 = SPHERICAL_SURFACE('',#1166,0.155);
#1166 = AXIS2_PLACEMENT_3D('',#1167,#1168,#1169);
#1167 = CARTESIAN_POINT('',(-2.5,-4.5,0.155));
#1168 = DIRECTION('',(0.,0.,1.));
#1169 = DIRECTION('',(1.,0.,0.));
#1170 = MANIFOLD_SOLID_BREP('',#1171);
#1171 = CLOSED_SHELL('',(#1172));
#1172 = ADVANCED_FACE('',(#1173),#1177,.T.);
#1173 = FACE_BOUND('',#1174,.T.);
#1174 = VERTEX_LOOP('',#1175);
#1175 = VERTEX_POINT('',#1176);
#1176 = CARTESIAN_POINT('',(-2.,4.5,0.));
#1177 = SPHERICAL_SURFACE('',#1178,0.155);
#1178 = AXIS2_PLACEMENT_3D('',#1179,#1180,#1181);
#1179 = CARTESIAN_POINT('',(-2.,4.5,0.155));
#1180 = DIRECTION('',(0.,0.,1.));
#1181 = DIRECTION('',(1.,0.,0.));
#1182 = MANIFOLD_SOLID_BREP('',#1183);
#1183 = CLOSED_SHELL('',(#1184));
#1184 = ADVANCED_FACE('',(#1185),#1189,.T.);
#1185 = FACE_BOUND('',#1186,.T.);
#1186 = VERTEX_LOOP('',#1187);
#1187 = VERTEX_POINT('',#1188);
#1188 = CARTESIAN_POINT('',(-2.,4.,0.));
#1189 = SPHERICAL_SURFACE('',#1190,0.155);
#1190 = AXIS2_PLACEMENT_3D('',#1191,#1192,#1193);
#1191 = CARTESIAN_POINT('',(-2.,4.,0.155));
#1192 = DIRECTION('',(0.,0.,1.));
#1193 = DIRECTION('',(1.,0.,0.));
#1194 = MANIFOLD_SOLID_BREP('',#1195);
#1195 = CLOSED_SHELL('',(#1196));
#1196 = ADVANCED_FACE('',(#1197),#1201,.T.);
#1197 = FACE_BOUND('',#1198,.T.);
#1198 = VERTEX_LOOP('',#1199);
#1199 = VERTEX_POINT('',#1200);
#1200 = CARTESIAN_POINT('',(-2.,3.5,0.));
#1201 = SPHERICAL_SURFACE('',#1202,0.155);
#1202 = AXIS2_PLACEMENT_3D('',#1203,#1204,#1205);
#1203 = CARTESIAN_POINT('',(-2.,3.5,0.155));
#1204 = DIRECTION('',(0.,0.,1.));
#1205 = DIRECTION('',(1.,0.,0.));
#1206 = MANIFOLD_SOLID_BREP('',#1207);
#1207 = CLOSED_SHELL('',(#1208));
#1208 = ADVANCED_FACE('',(#1209),#1213,.T.);
#1209 = FACE_BOUND('',#1210,.T.);
#1210 = VERTEX_LOOP('',#1211);
#1211 = VERTEX_POINT('',#1212);
#1212 = CARTESIAN_POINT('',(-2.,3.,0.));
#1213 = SPHERICAL_SURFACE('',#1214,0.155);
#1214 = AXIS2_PLACEMENT_3D('',#1215,#1216,#1217);
#1215 = CARTESIAN_POINT('',(-2.,3.,0.155));
#1216 = DIRECTION('',(0.,0.,1.));
#1217 = DIRECTION('',(1.,0.,0.));
#1218 = MANIFOLD_SOLID_BREP('',#1219);
#1219 = CLOSED_SHELL('',(#1220));
#1220 = ADVANCED_FACE('',(#1221),#1225,.T.);
#1221 = FACE_BOUND('',#1222,.T.);
#1222 = VERTEX_LOOP('',#1223);
#1223 = VERTEX_POINT('',#1224);
#1224 = CARTESIAN_POINT('',(-2.,2.5,0.));
#1225 = SPHERICAL_SURFACE('',#1226,0.155);
#1226 = AXIS2_PLACEMENT_3D('',#1227,#1228,#1229);
#1227 = CARTESIAN_POINT('',(-2.,2.5,0.155));
#1228 = DIRECTION('',(0.,0.,1.));
#1229 = DIRECTION('',(1.,0.,0.));
#1230 = MANIFOLD_SOLID_BREP('',#1231);
#1231 = CLOSED_SHELL('',(#1232));
#1232 = ADVANCED_FACE('',(#1233),#1237,.T.);
#1233 = FACE_BOUND('',#1234,.T.);
#1234 = VERTEX_LOOP('',#1235);
#1235 = VERTEX_POINT('',#1236);
#1236 = CARTESIAN_POINT('',(-2.,2.,0.));
#1237 = SPHERICAL_SURFACE('',#1238,0.155);
#1238 = AXIS2_PLACEMENT_3D('',#1239,#1240,#1241);
#1239 = CARTESIAN_POINT('',(-2.,2.,0.155));
#1240 = DIRECTION('',(0.,0.,1.));
#1241 = DIRECTION('',(1.,0.,0.));
#1242 = MANIFOLD_SOLID_BREP('',#1243);
#1243 = CLOSED_SHELL('',(#1244));
#1244 = ADVANCED_FACE('',(#1245),#1249,.T.);
#1245 = FACE_BOUND('',#1246,.T.);
#1246 = VERTEX_LOOP('',#1247);
#1247 = VERTEX_POINT('',#1248);
#1248 = CARTESIAN_POINT('',(-2.,1.5,0.));
#1249 = SPHERICAL_SURFACE('',#1250,0.155);
#1250 = AXIS2_PLACEMENT_3D('',#1251,#1252,#1253);
#1251 = CARTESIAN_POINT('',(-2.,1.5,0.155));
#1252 = DIRECTION('',(0.,0.,1.));
#1253 = DIRECTION('',(1.,0.,0.));
#1254 = MANIFOLD_SOLID_BREP('',#1255);
#1255 = CLOSED_SHELL('',(#1256));
#1256 = ADVANCED_FACE('',(#1257),#1261,.T.);
#1257 = FACE_BOUND('',#1258,.T.);
#1258 = VERTEX_LOOP('',#1259);
#1259 = VERTEX_POINT('',#1260);
#1260 = CARTESIAN_POINT('',(-2.,1.,0.));
#1261 = SPHERICAL_SURFACE('',#1262,0.155);
#1262 = AXIS2_PLACEMENT_3D('',#1263,#1264,#1265);
#1263 = CARTESIAN_POINT('',(-2.,1.,0.155));
#1264 = DIRECTION('',(0.,0.,1.));
#1265 = DIRECTION('',(1.,0.,0.));
#1266 = MANIFOLD_SOLID_BREP('',#1267);
#1267 = CLOSED_SHELL('',(#1268));
#1268 = ADVANCED_FACE('',(#1269),#1273,.T.);
#1269 = FACE_BOUND('',#1270,.T.);
#1270 = VERTEX_LOOP('',#1271);
#1271 = VERTEX_POINT('',#1272);
#1272 = CARTESIAN_POINT('',(-2.,0.5,0.));
#1273 = SPHERICAL_SURFACE('',#1274,0.155);
#1274 = AXIS2_PLACEMENT_3D('',#1275,#1276,#1277);
#1275 = CARTESIAN_POINT('',(-2.,0.5,0.155));
#1276 = DIRECTION('',(0.,0.,1.));
#1277 = DIRECTION('',(1.,0.,0.));
#1278 = MANIFOLD_SOLID_BREP('',#1279);
#1279 = CLOSED_SHELL('',(#1280));
#1280 = ADVANCED_FACE('',(#1281),#1285,.T.);
#1281 = FACE_BOUND('',#1282,.T.);
#1282 = VERTEX_LOOP('',#1283);
#1283 = VERTEX_POINT('',#1284);
#1284 = CARTESIAN_POINT('',(-2.,0.,0.));
#1285 = SPHERICAL_SURFACE('',#1286,0.155);
#1286 = AXIS2_PLACEMENT_3D('',#1287,#1288,#1289);
#1287 = CARTESIAN_POINT('',(-2.,0.,0.155));
#1288 = DIRECTION('',(0.,0.,1.));
#1289 = DIRECTION('',(1.,0.,0.));
#1290 = MANIFOLD_SOLID_BREP('',#1291);
#1291 = CLOSED_SHELL('',(#1292));
#1292 = ADVANCED_FACE('',(#1293),#1297,.T.);
#1293 = FACE_BOUND('',#1294,.T.);
#1294 = VERTEX_LOOP('',#1295);
#1295 = VERTEX_POINT('',#1296);
#1296 = CARTESIAN_POINT('',(-2.,-0.5,0.));
#1297 = SPHERICAL_SURFACE('',#1298,0.155);
#1298 = AXIS2_PLACEMENT_3D('',#1299,#1300,#1301);
#1299 = CARTESIAN_POINT('',(-2.,-0.5,0.155));
#1300 = DIRECTION('',(0.,0.,1.));
#1301 = DIRECTION('',(1.,0.,0.));
#1302 = MANIFOLD_SOLID_BREP('',#1303);
#1303 = CLOSED_SHELL('',(#1304));
#1304 = ADVANCED_FACE('',(#1305),#1309,.T.);
#1305 = FACE_BOUND('',#1306,.T.);
#1306 = VERTEX_LOOP('',#1307);
#1307 = VERTEX_POINT('',#1308);
#1308 = CARTESIAN_POINT('',(-2.,-1.,0.));
#1309 = SPHERICAL_SURFACE('',#1310,0.155);
#1310 = AXIS2_PLACEMENT_3D('',#1311,#1312,#1313);
#1311 = CARTESIAN_POINT('',(-2.,-1.,0.155));
#1312 = DIRECTION('',(0.,0.,1.));
#1313 = DIRECTION('',(1.,0.,0.));
#1314 = MANIFOLD_SOLID_BREP('',#1315);
#1315 = CLOSED_SHELL('',(#1316));
#1316 = ADVANCED_FACE('',(#1317),#1321,.T.);
#1317 = FACE_BOUND('',#1318,.T.);
#1318 = VERTEX_LOOP('',#1319);
#1319 = VERTEX_POINT('',#1320);
#1320 = CARTESIAN_POINT('',(-2.,-1.5,0.));
#1321 = SPHERICAL_SURFACE('',#1322,0.155);
#1322 = AXIS2_PLACEMENT_3D('',#1323,#1324,#1325);
#1323 = CARTESIAN_POINT('',(-2.,-1.5,0.155));
#1324 = DIRECTION('',(0.,0.,1.));
#1325 = DIRECTION('',(1.,0.,0.));
#1326 = MANIFOLD_SOLID_BREP('',#1327);
#1327 = CLOSED_SHELL('',(#1328));
#1328 = ADVANCED_FACE('',(#1329),#1333,.T.);
#1329 = FACE_BOUND('',#1330,.T.);
#1330 = VERTEX_LOOP('',#1331);
#1331 = VERTEX_POINT('',#1332);
#1332 = CARTESIAN_POINT('',(-2.,-2.,0.));
#1333 = SPHERICAL_SURFACE('',#1334,0.155);
#1334 = AXIS2_PLACEMENT_3D('',#1335,#1336,#1337);
#1335 = CARTESIAN_POINT('',(-2.,-2.,0.155));
#1336 = DIRECTION('',(0.,0.,1.));
#1337 = DIRECTION('',(1.,0.,0.));
#1338 = MANIFOLD_SOLID_BREP('',#1339);
#1339 = CLOSED_SHELL('',(#1340));
#1340 = ADVANCED_FACE('',(#1341),#1345,.T.);
#1341 = FACE_BOUND('',#1342,.T.);
#1342 = VERTEX_LOOP('',#1343);
#1343 = VERTEX_POINT('',#1344);
#1344 = CARTESIAN_POINT('',(-2.,-2.5,0.));
#1345 = SPHERICAL_SURFACE('',#1346,0.155);
#1346 = AXIS2_PLACEMENT_3D('',#1347,#1348,#1349);
#1347 = CARTESIAN_POINT('',(-2.,-2.5,0.155));
#1348 = DIRECTION('',(0.,0.,1.));
#1349 = DIRECTION('',(1.,0.,0.));
#1350 = MANIFOLD_SOLID_BREP('',#1351);
#1351 = CLOSED_SHELL('',(#1352));
#1352 = ADVANCED_FACE('',(#1353),#1357,.T.);
#1353 = FACE_BOUND('',#1354,.T.);
#1354 = VERTEX_LOOP('',#1355);
#1355 = VERTEX_POINT('',#1356);
#1356 = CARTESIAN_POINT('',(-2.,-3.,0.));
#1357 = SPHERICAL_SURFACE('',#1358,0.155);
#1358 = AXIS2_PLACEMENT_3D('',#1359,#1360,#1361);
#1359 = CARTESIAN_POINT('',(-2.,-3.,0.155));
#1360 = DIRECTION('',(0.,0.,1.));
#1361 = DIRECTION('',(1.,0.,0.));
#1362 = MANIFOLD_SOLID_BREP('',#1363);
#1363 = CLOSED_SHELL('',(#1364));
#1364 = ADVANCED_FACE('',(#1365),#1369,.T.);
#1365 = FACE_BOUND('',#1366,.T.);
#1366 = VERTEX_LOOP('',#1367);
#1367 = VERTEX_POINT('',#1368);
#1368 = CARTESIAN_POINT('',(-2.,-3.5,0.));
#1369 = SPHERICAL_SURFACE('',#1370,0.155);
#1370 = AXIS2_PLACEMENT_3D('',#1371,#1372,#1373);
#1371 = CARTESIAN_POINT('',(-2.,-3.5,0.155));
#1372 = DIRECTION('',(0.,0.,1.));
#1373 = DIRECTION('',(1.,0.,0.));
#1374 = MANIFOLD_SOLID_BREP('',#1375);
#1375 = CLOSED_SHELL('',(#1376));
#1376 = ADVANCED_FACE('',(#1377),#1381,.T.);
#1377 = FACE_BOUND('',#1378,.T.);
#1378 = VERTEX_LOOP('',#1379);
#1379 = VERTEX_POINT('',#1380);
#1380 = CARTESIAN_POINT('',(-2.,-4.,0.));
#1381 = SPHERICAL_SURFACE('',#1382,0.155);
#1382 = AXIS2_PLACEMENT_3D('',#1383,#1384,#1385);
#1383 = CARTESIAN_POINT('',(-2.,-4.,0.155));
#1384 = DIRECTION('',(0.,0.,1.));
#1385 = DIRECTION('',(1.,0.,0.));
#1386 = MANIFOLD_SOLID_BREP('',#1387);
#1387 = CLOSED_SHELL('',(#1388));
#1388 = ADVANCED_FACE('',(#1389),#1393,.T.);
#1389 = FACE_BOUND('',#1390,.T.);
#1390 = VERTEX_LOOP('',#1391);
#1391 = VERTEX_POINT('',#1392);
#1392 = CARTESIAN_POINT('',(-2.,-4.5,0.));
#1393 = SPHERICAL_SURFACE('',#1394,0.155);
#1394 = AXIS2_PLACEMENT_3D('',#1395,#1396,#1397);
#1395 = CARTESIAN_POINT('',(-2.,-4.5,0.155));
#1396 = DIRECTION('',(0.,0.,1.));
#1397 = DIRECTION('',(1.,0.,0.));
#1398 = MANIFOLD_SOLID_BREP('',#1399);
#1399 = CLOSED_SHELL('',(#1400));
#1400 = ADVANCED_FACE('',(#1401),#1405,.T.);
#1401 = FACE_BOUND('',#1402,.T.);
#1402 = VERTEX_LOOP('',#1403);
#1403 = VERTEX_POINT('',#1404);
#1404 = CARTESIAN_POINT('',(-1.5,4.5,0.));
#1405 = SPHERICAL_SURFACE('',#1406,0.155);
#1406 = AXIS2_PLACEMENT_3D('',#1407,#1408,#1409);
#1407 = CARTESIAN_POINT('',(-1.5,4.5,0.155));
#1408 = DIRECTION('',(0.,0.,1.));
#1409 = DIRECTION('',(1.,0.,0.));
#1410 = MANIFOLD_SOLID_BREP('',#1411);
#1411 = CLOSED_SHELL('',(#1412));
#1412 = ADVANCED_FACE('',(#1413),#1417,.T.);
#1413 = FACE_BOUND('',#1414,.T.);
#1414 = VERTEX_LOOP('',#1415);
#1415 = VERTEX_POINT('',#1416);
#1416 = CARTESIAN_POINT('',(-1.5,4.,0.));
#1417 = SPHERICAL_SURFACE('',#1418,0.155);
#1418 = AXIS2_PLACEMENT_3D('',#1419,#1420,#1421);
#1419 = CARTESIAN_POINT('',(-1.5,4.,0.155));
#1420 = DIRECTION('',(0.,0.,1.));
#1421 = DIRECTION('',(1.,0.,0.));
#1422 = MANIFOLD_SOLID_BREP('',#1423);
#1423 = CLOSED_SHELL('',(#1424));
#1424 = ADVANCED_FACE('',(#1425),#1429,.T.);
#1425 = FACE_BOUND('',#1426,.T.);
#1426 = VERTEX_LOOP('',#1427);
#1427 = VERTEX_POINT('',#1428);
#1428 = CARTESIAN_POINT('',(-1.5,3.5,0.));
#1429 = SPHERICAL_SURFACE('',#1430,0.155);
#1430 = AXIS2_PLACEMENT_3D('',#1431,#1432,#1433);
#1431 = CARTESIAN_POINT('',(-1.5,3.5,0.155));
#1432 = DIRECTION('',(0.,0.,1.));
#1433 = DIRECTION('',(1.,0.,0.));
#1434 = MANIFOLD_SOLID_BREP('',#1435);
#1435 = CLOSED_SHELL('',(#1436));
#1436 = ADVANCED_FACE('',(#1437),#1441,.T.);
#1437 = FACE_BOUND('',#1438,.T.);
#1438 = VERTEX_LOOP('',#1439);
#1439 = VERTEX_POINT('',#1440);
#1440 = CARTESIAN_POINT('',(-1.5,3.,0.));
#1441 = SPHERICAL_SURFACE('',#1442,0.155);
#1442 = AXIS2_PLACEMENT_3D('',#1443,#1444,#1445);
#1443 = CARTESIAN_POINT('',(-1.5,3.,0.155));
#1444 = DIRECTION('',(0.,0.,1.));
#1445 = DIRECTION('',(1.,0.,0.));
#1446 = MANIFOLD_SOLID_BREP('',#1447);
#1447 = CLOSED_SHELL('',(#1448));
#1448 = ADVANCED_FACE('',(#1449),#1453,.T.);
#1449 = FACE_BOUND('',#1450,.T.);
#1450 = VERTEX_LOOP('',#1451);
#1451 = VERTEX_POINT('',#1452);
#1452 = CARTESIAN_POINT('',(-1.5,2.5,0.));
#1453 = SPHERICAL_SURFACE('',#1454,0.155);
#1454 = AXIS2_PLACEMENT_3D('',#1455,#1456,#1457);
#1455 = CARTESIAN_POINT('',(-1.5,2.5,0.155));
#1456 = DIRECTION('',(0.,0.,1.));
#1457 = DIRECTION('',(1.,0.,0.));
#1458 = MANIFOLD_SOLID_BREP('',#1459);
#1459 = CLOSED_SHELL('',(#1460));
#1460 = ADVANCED_FACE('',(#1461),#1465,.T.);
#1461 = FACE_BOUND('',#1462,.T.);
#1462 = VERTEX_LOOP('',#1463);
#1463 = VERTEX_POINT('',#1464);
#1464 = CARTESIAN_POINT('',(-1.5,2.,0.));
#1465 = SPHERICAL_SURFACE('',#1466,0.155);
#1466 = AXIS2_PLACEMENT_3D('',#1467,#1468,#1469);
#1467 = CARTESIAN_POINT('',(-1.5,2.,0.155));
#1468 = DIRECTION('',(0.,0.,1.));
#1469 = DIRECTION('',(1.,0.,0.));
#1470 = MANIFOLD_SOLID_BREP('',#1471);
#1471 = CLOSED_SHELL('',(#1472));
#1472 = ADVANCED_FACE('',(#1473),#1477,.T.);
#1473 = FACE_BOUND('',#1474,.T.);
#1474 = VERTEX_LOOP('',#1475);
#1475 = VERTEX_POINT('',#1476);
#1476 = CARTESIAN_POINT('',(-1.5,1.5,0.));
#1477 = SPHERICAL_SURFACE('',#1478,0.155);
#1478 = AXIS2_PLACEMENT_3D('',#1479,#1480,#1481);
#1479 = CARTESIAN_POINT('',(-1.5,1.5,0.155));
#1480 = DIRECTION('',(0.,0.,1.));
#1481 = DIRECTION('',(1.,0.,0.));
#1482 = MANIFOLD_SOLID_BREP('',#1483);
#1483 = CLOSED_SHELL('',(#1484));
#1484 = ADVANCED_FACE('',(#1485),#1489,.T.);
#1485 = FACE_BOUND('',#1486,.T.);
#1486 = VERTEX_LOOP('',#1487);
#1487 = VERTEX_POINT('',#1488);
#1488 = CARTESIAN_POINT('',(-1.5,1.,0.));
#1489 = SPHERICAL_SURFACE('',#1490,0.155);
#1490 = AXIS2_PLACEMENT_3D('',#1491,#1492,#1493);
#1491 = CARTESIAN_POINT('',(-1.5,1.,0.155));
#1492 = DIRECTION('',(0.,0.,1.));
#1493 = DIRECTION('',(1.,0.,0.));
#1494 = MANIFOLD_SOLID_BREP('',#1495);
#1495 = CLOSED_SHELL('',(#1496));
#1496 = ADVANCED_FACE('',(#1497),#1501,.T.);
#1497 = FACE_BOUND('',#1498,.T.);
#1498 = VERTEX_LOOP('',#1499);
#1499 = VERTEX_POINT('',#1500);
#1500 = CARTESIAN_POINT('',(-1.5,0.5,0.));
#1501 = SPHERICAL_SURFACE('',#1502,0.155);
#1502 = AXIS2_PLACEMENT_3D('',#1503,#1504,#1505);
#1503 = CARTESIAN_POINT('',(-1.5,0.5,0.155));
#1504 = DIRECTION('',(0.,0.,1.));
#1505 = DIRECTION('',(1.,0.,0.));
#1506 = MANIFOLD_SOLID_BREP('',#1507);
#1507 = CLOSED_SHELL('',(#1508));
#1508 = ADVANCED_FACE('',(#1509),#1513,.T.);
#1509 = FACE_BOUND('',#1510,.T.);
#1510 = VERTEX_LOOP('',#1511);
#1511 = VERTEX_POINT('',#1512);
#1512 = CARTESIAN_POINT('',(-1.5,0.,0.));
#1513 = SPHERICAL_SURFACE('',#1514,0.155);
#1514 = AXIS2_PLACEMENT_3D('',#1515,#1516,#1517);
#1515 = CARTESIAN_POINT('',(-1.5,0.,0.155));
#1516 = DIRECTION('',(0.,0.,1.));
#1517 = DIRECTION('',(1.,0.,0.));
#1518 = MANIFOLD_SOLID_BREP('',#1519);
#1519 = CLOSED_SHELL('',(#1520));
#1520 = ADVANCED_FACE('',(#1521),#1525,.T.);
#1521 = FACE_BOUND('',#1522,.T.);
#1522 = VERTEX_LOOP('',#1523);
#1523 = VERTEX_POINT('',#1524);
#1524 = CARTESIAN_POINT('',(-1.5,-0.5,0.));
#1525 = SPHERICAL_SURFACE('',#1526,0.155);
#1526 = AXIS2_PLACEMENT_3D('',#1527,#1528,#1529);
#1527 = CARTESIAN_POINT('',(-1.5,-0.5,0.155));
#1528 = DIRECTION('',(0.,0.,1.));
#1529 = DIRECTION('',(1.,0.,0.));
#1530 = MANIFOLD_SOLID_BREP('',#1531);
#1531 = CLOSED_SHELL('',(#1532));
#1532 = ADVANCED_FACE('',(#1533),#1537,.T.);
#1533 = FACE_BOUND('',#1534,.T.);
#1534 = VERTEX_LOOP('',#1535);
#1535 = VERTEX_POINT('',#1536);
#1536 = CARTESIAN_POINT('',(-1.5,-1.,0.));
#1537 = SPHERICAL_SURFACE('',#1538,0.155);
#1538 = AXIS2_PLACEMENT_3D('',#1539,#1540,#1541);
#1539 = CARTESIAN_POINT('',(-1.5,-1.,0.155));
#1540 = DIRECTION('',(0.,0.,1.));
#1541 = DIRECTION('',(1.,0.,0.));
#1542 = MANIFOLD_SOLID_BREP('',#1543);
#1543 = CLOSED_SHELL('',(#1544));
#1544 = ADVANCED_FACE('',(#1545),#1549,.T.);
#1545 = FACE_BOUND('',#1546,.T.);
#1546 = VERTEX_LOOP('',#1547);
#1547 = VERTEX_POINT('',#1548);
#1548 = CARTESIAN_POINT('',(-1.5,-1.5,0.));
#1549 = SPHERICAL_SURFACE('',#1550,0.155);
#1550 = AXIS2_PLACEMENT_3D('',#1551,#1552,#1553);
#1551 = CARTESIAN_POINT('',(-1.5,-1.5,0.155));
#1552 = DIRECTION('',(0.,0.,1.));
#1553 = DIRECTION('',(1.,0.,0.));
#1554 = MANIFOLD_SOLID_BREP('',#1555);
#1555 = CLOSED_SHELL('',(#1556));
#1556 = ADVANCED_FACE('',(#1557),#1561,.T.);
#1557 = FACE_BOUND('',#1558,.T.);
#1558 = VERTEX_LOOP('',#1559);
#1559 = VERTEX_POINT('',#1560);
#1560 = CARTESIAN_POINT('',(-1.5,-2.,0.));
#1561 = SPHERICAL_SURFACE('',#1562,0.155);
#1562 = AXIS2_PLACEMENT_3D('',#1563,#1564,#1565);
#1563 = CARTESIAN_POINT('',(-1.5,-2.,0.155));
#1564 = DIRECTION('',(0.,0.,1.));
#1565 = DIRECTION('',(1.,0.,0.));
#1566 = MANIFOLD_SOLID_BREP('',#1567);
#1567 = CLOSED_SHELL('',(#1568));
#1568 = ADVANCED_FACE('',(#1569),#1573,.T.);
#1569 = FACE_BOUND('',#1570,.T.);
#1570 = VERTEX_LOOP('',#1571);
#1571 = VERTEX_POINT('',#1572);
#1572 = CARTESIAN_POINT('',(-1.5,-2.5,0.));
#1573 = SPHERICAL_SURFACE('',#1574,0.155);
#1574 = AXIS2_PLACEMENT_3D('',#1575,#1576,#1577);
#1575 = CARTESIAN_POINT('',(-1.5,-2.5,0.155));
#1576 = DIRECTION('',(0.,0.,1.));
#1577 = DIRECTION('',(1.,0.,0.));
#1578 = MANIFOLD_SOLID_BREP('',#1579);
#1579 = CLOSED_SHELL('',(#1580));
#1580 = ADVANCED_FACE('',(#1581),#1585,.T.);
#1581 = FACE_BOUND('',#1582,.T.);
#1582 = VERTEX_LOOP('',#1583);
#1583 = VERTEX_POINT('',#1584);
#1584 = CARTESIAN_POINT('',(-1.5,-3.,0.));
#1585 = SPHERICAL_SURFACE('',#1586,0.155);
#1586 = AXIS2_PLACEMENT_3D('',#1587,#1588,#1589);
#1587 = CARTESIAN_POINT('',(-1.5,-3.,0.155));
#1588 = DIRECTION('',(0.,0.,1.));
#1589 = DIRECTION('',(1.,0.,0.));
#1590 = MANIFOLD_SOLID_BREP('',#1591);
#1591 = CLOSED_SHELL('',(#1592));
#1592 = ADVANCED_FACE('',(#1593),#1597,.T.);
#1593 = FACE_BOUND('',#1594,.T.);
#1594 = VERTEX_LOOP('',#1595);
#1595 = VERTEX_POINT('',#1596);
#1596 = CARTESIAN_POINT('',(-1.5,-3.5,0.));
#1597 = SPHERICAL_SURFACE('',#1598,0.155);
#1598 = AXIS2_PLACEMENT_3D('',#1599,#1600,#1601);
#1599 = CARTESIAN_POINT('',(-1.5,-3.5,0.155));
#1600 = DIRECTION('',(0.,0.,1.));
#1601 = DIRECTION('',(1.,0.,0.));
#1602 = MANIFOLD_SOLID_BREP('',#1603);
#1603 = CLOSED_SHELL('',(#1604));
#1604 = ADVANCED_FACE('',(#1605),#1609,.T.);
#1605 = FACE_BOUND('',#1606,.T.);
#1606 = VERTEX_LOOP('',#1607);
#1607 = VERTEX_POINT('',#1608);
#1608 = CARTESIAN_POINT('',(-1.5,-4.,0.));
#1609 = SPHERICAL_SURFACE('',#1610,0.155);
#1610 = AXIS2_PLACEMENT_3D('',#1611,#1612,#1613);
#1611 = CARTESIAN_POINT('',(-1.5,-4.,0.155));
#1612 = DIRECTION('',(0.,0.,1.));
#1613 = DIRECTION('',(1.,0.,0.));
#1614 = MANIFOLD_SOLID_BREP('',#1615);
#1615 = CLOSED_SHELL('',(#1616));
#1616 = ADVANCED_FACE('',(#1617),#1621,.T.);
#1617 = FACE_BOUND('',#1618,.T.);
#1618 = VERTEX_LOOP('',#1619);
#1619 = VERTEX_POINT('',#1620);
#1620 = CARTESIAN_POINT('',(-1.5,-4.5,0.));
#1621 = SPHERICAL_SURFACE('',#1622,0.155);
#1622 = AXIS2_PLACEMENT_3D('',#1623,#1624,#1625);
#1623 = CARTESIAN_POINT('',(-1.5,-4.5,0.155));
#1624 = DIRECTION('',(0.,0.,1.));
#1625 = DIRECTION('',(1.,0.,0.));
#1626 = MANIFOLD_SOLID_BREP('',#1627);
#1627 = CLOSED_SHELL('',(#1628));
#1628 = ADVANCED_FACE('',(#1629),#1633,.T.);
#1629 = FACE_BOUND('',#1630,.T.);
#1630 = VERTEX_LOOP('',#1631);
#1631 = VERTEX_POINT('',#1632);
#1632 = CARTESIAN_POINT('',(-1.,4.5,0.));
#1633 = SPHERICAL_SURFACE('',#1634,0.155);
#1634 = AXIS2_PLACEMENT_3D('',#1635,#1636,#1637);
#1635 = CARTESIAN_POINT('',(-1.,4.5,0.155));
#1636 = DIRECTION('',(0.,0.,1.));
#1637 = DIRECTION('',(1.,0.,0.));
#1638 = MANIFOLD_SOLID_BREP('',#1639);
#1639 = CLOSED_SHELL('',(#1640));
#1640 = ADVANCED_FACE('',(#1641),#1645,.T.);
#1641 = FACE_BOUND('',#1642,.T.);
#1642 = VERTEX_LOOP('',#1643);
#1643 = VERTEX_POINT('',#1644);
#1644 = CARTESIAN_POINT('',(-1.,4.,0.));
#1645 = SPHERICAL_SURFACE('',#1646,0.155);
#1646 = AXIS2_PLACEMENT_3D('',#1647,#1648,#1649);
#1647 = CARTESIAN_POINT('',(-1.,4.,0.155));
#1648 = DIRECTION('',(0.,0.,1.));
#1649 = DIRECTION('',(1.,0.,0.));
#1650 = MANIFOLD_SOLID_BREP('',#1651);
#1651 = CLOSED_SHELL('',(#1652));
#1652 = ADVANCED_FACE('',(#1653),#1657,.T.);
#1653 = FACE_BOUND('',#1654,.T.);
#1654 = VERTEX_LOOP('',#1655);
#1655 = VERTEX_POINT('',#1656);
#1656 = CARTESIAN_POINT('',(-1.,3.5,0.));
#1657 = SPHERICAL_SURFACE('',#1658,0.155);
#1658 = AXIS2_PLACEMENT_3D('',#1659,#1660,#1661);
#1659 = CARTESIAN_POINT('',(-1.,3.5,0.155));
#1660 = DIRECTION('',(0.,0.,1.));
#1661 = DIRECTION('',(1.,0.,0.));
#1662 = MANIFOLD_SOLID_BREP('',#1663);
#1663 = CLOSED_SHELL('',(#1664));
#1664 = ADVANCED_FACE('',(#1665),#1669,.T.);
#1665 = FACE_BOUND('',#1666,.T.);
#1666 = VERTEX_LOOP('',#1667);
#1667 = VERTEX_POINT('',#1668);
#1668 = CARTESIAN_POINT('',(-1.,3.,0.));
#1669 = SPHERICAL_SURFACE('',#1670,0.155);
#1670 = AXIS2_PLACEMENT_3D('',#1671,#1672,#1673);
#1671 = CARTESIAN_POINT('',(-1.,3.,0.155));
#1672 = DIRECTION('',(0.,0.,1.));
#1673 = DIRECTION('',(1.,0.,0.));
#1674 = MANIFOLD_SOLID_BREP('',#1675);
#1675 = CLOSED_SHELL('',(#1676));
#1676 = ADVANCED_FACE('',(#1677),#1681,.T.);
#1677 = FACE_BOUND('',#1678,.T.);
#1678 = VERTEX_LOOP('',#1679);
#1679 = VERTEX_POINT('',#1680);
#1680 = CARTESIAN_POINT('',(-1.,2.5,0.));
#1681 = SPHERICAL_SURFACE('',#1682,0.155);
#1682 = AXIS2_PLACEMENT_3D('',#1683,#1684,#1685);
#1683 = CARTESIAN_POINT('',(-1.,2.5,0.155));
#1684 = DIRECTION('',(0.,0.,1.));
#1685 = DIRECTION('',(1.,0.,0.));
#1686 = MANIFOLD_SOLID_BREP('',#1687);
#1687 = CLOSED_SHELL('',(#1688));
#1688 = ADVANCED_FACE('',(#1689),#1693,.T.);
#1689 = FACE_BOUND('',#1690,.T.);
#1690 = VERTEX_LOOP('',#1691);
#1691 = VERTEX_POINT('',#1692);
#1692 = CARTESIAN_POINT('',(-1.,2.,0.));
#1693 = SPHERICAL_SURFACE('',#1694,0.155);
#1694 = AXIS2_PLACEMENT_3D('',#1695,#1696,#1697);
#1695 = CARTESIAN_POINT('',(-1.,2.,0.155));
#1696 = DIRECTION('',(0.,0.,1.));
#1697 = DIRECTION('',(1.,0.,0.));
#1698 = MANIFOLD_SOLID_BREP('',#1699);
#1699 = CLOSED_SHELL('',(#1700));
#1700 = ADVANCED_FACE('',(#1701),#1705,.T.);
#1701 = FACE_BOUND('',#1702,.T.);
#1702 = VERTEX_LOOP('',#1703);
#1703 = VERTEX_POINT('',#1704);
#1704 = CARTESIAN_POINT('',(-1.,1.5,0.));
#1705 = SPHERICAL_SURFACE('',#1706,0.155);
#1706 = AXIS2_PLACEMENT_3D('',#1707,#1708,#1709);
#1707 = CARTESIAN_POINT('',(-1.,1.5,0.155));
#1708 = DIRECTION('',(0.,0.,1.));
#1709 = DIRECTION('',(1.,0.,0.));
#1710 = MANIFOLD_SOLID_BREP('',#1711);
#1711 = CLOSED_SHELL('',(#1712));
#1712 = ADVANCED_FACE('',(#1713),#1717,.T.);
#1713 = FACE_BOUND('',#1714,.T.);
#1714 = VERTEX_LOOP('',#1715);
#1715 = VERTEX_POINT('',#1716);
#1716 = CARTESIAN_POINT('',(-1.,1.,0.));
#1717 = SPHERICAL_SURFACE('',#1718,0.155);
#1718 = AXIS2_PLACEMENT_3D('',#1719,#1720,#1721);
#1719 = CARTESIAN_POINT('',(-1.,1.,0.155));
#1720 = DIRECTION('',(0.,0.,1.));
#1721 = DIRECTION('',(1.,0.,0.));
#1722 = MANIFOLD_SOLID_BREP('',#1723);
#1723 = CLOSED_SHELL('',(#1724));
#1724 = ADVANCED_FACE('',(#1725),#1729,.T.);
#1725 = FACE_BOUND('',#1726,.T.);
#1726 = VERTEX_LOOP('',#1727);
#1727 = VERTEX_POINT('',#1728);
#1728 = CARTESIAN_POINT('',(-1.,0.5,0.));
#1729 = SPHERICAL_SURFACE('',#1730,0.155);
#1730 = AXIS2_PLACEMENT_3D('',#1731,#1732,#1733);
#1731 = CARTESIAN_POINT('',(-1.,0.5,0.155));
#1732 = DIRECTION('',(0.,0.,1.));
#1733 = DIRECTION('',(1.,0.,0.));
#1734 = MANIFOLD_SOLID_BREP('',#1735);
#1735 = CLOSED_SHELL('',(#1736));
#1736 = ADVANCED_FACE('',(#1737),#1741,.T.);
#1737 = FACE_BOUND('',#1738,.T.);
#1738 = VERTEX_LOOP('',#1739);
#1739 = VERTEX_POINT('',#1740);
#1740 = CARTESIAN_POINT('',(-1.,0.,0.));
#1741 = SPHERICAL_SURFACE('',#1742,0.155);
#1742 = AXIS2_PLACEMENT_3D('',#1743,#1744,#1745);
#1743 = CARTESIAN_POINT('',(-1.,0.,0.155));
#1744 = DIRECTION('',(0.,0.,1.));
#1745 = DIRECTION('',(1.,0.,0.));
#1746 = MANIFOLD_SOLID_BREP('',#1747);
#1747 = CLOSED_SHELL('',(#1748));
#1748 = ADVANCED_FACE('',(#1749),#1753,.T.);
#1749 = FACE_BOUND('',#1750,.T.);
#1750 = VERTEX_LOOP('',#1751);
#1751 = VERTEX_POINT('',#1752);
#1752 = CARTESIAN_POINT('',(-1.,-0.5,0.));
#1753 = SPHERICAL_SURFACE('',#1754,0.155);
#1754 = AXIS2_PLACEMENT_3D('',#1755,#1756,#1757);
#1755 = CARTESIAN_POINT('',(-1.,-0.5,0.155));
#1756 = DIRECTION('',(0.,0.,1.));
#1757 = DIRECTION('',(1.,0.,0.));
#1758 = MANIFOLD_SOLID_BREP('',#1759);
#1759 = CLOSED_SHELL('',(#1760));
#1760 = ADVANCED_FACE('',(#1761),#1765,.T.);
#1761 = FACE_BOUND('',#1762,.T.);
#1762 = VERTEX_LOOP('',#1763);
#1763 = VERTEX_POINT('',#1764);
#1764 = CARTESIAN_POINT('',(-1.,-1.,0.));
#1765 = SPHERICAL_SURFACE('',#1766,0.155);
#1766 = AXIS2_PLACEMENT_3D('',#1767,#1768,#1769);
#1767 = CARTESIAN_POINT('',(-1.,-1.,0.155));
#1768 = DIRECTION('',(0.,0.,1.));
#1769 = DIRECTION('',(1.,0.,0.));
#1770 = MANIFOLD_SOLID_BREP('',#1771);
#1771 = CLOSED_SHELL('',(#1772));
#1772 = ADVANCED_FACE('',(#1773),#1777,.T.);
#1773 = FACE_BOUND('',#1774,.T.);
#1774 = VERTEX_LOOP('',#1775);
#1775 = VERTEX_POINT('',#1776);
#1776 = CARTESIAN_POINT('',(-1.,-1.5,0.));
#1777 = SPHERICAL_SURFACE('',#1778,0.155);
#1778 = AXIS2_PLACEMENT_3D('',#1779,#1780,#1781);
#1779 = CARTESIAN_POINT('',(-1.,-1.5,0.155));
#1780 = DIRECTION('',(0.,0.,1.));
#1781 = DIRECTION('',(1.,0.,0.));
#1782 = MANIFOLD_SOLID_BREP('',#1783);
#1783 = CLOSED_SHELL('',(#1784));
#1784 = ADVANCED_FACE('',(#1785),#1789,.T.);
#1785 = FACE_BOUND('',#1786,.T.);
#1786 = VERTEX_LOOP('',#1787);
#1787 = VERTEX_POINT('',#1788);
#1788 = CARTESIAN_POINT('',(-1.,-2.,0.));
#1789 = SPHERICAL_SURFACE('',#1790,0.155);
#1790 = AXIS2_PLACEMENT_3D('',#1791,#1792,#1793);
#1791 = CARTESIAN_POINT('',(-1.,-2.,0.155));
#1792 = DIRECTION('',(0.,0.,1.));
#1793 = DIRECTION('',(1.,0.,0.));
#1794 = MANIFOLD_SOLID_BREP('',#1795);
#1795 = CLOSED_SHELL('',(#1796));
#1796 = ADVANCED_FACE('',(#1797),#1801,.T.);
#1797 = FACE_BOUND('',#1798,.T.);
#1798 = VERTEX_LOOP('',#1799);
#1799 = VERTEX_POINT('',#1800);
#1800 = CARTESIAN_POINT('',(-1.,-2.5,0.));
#1801 = SPHERICAL_SURFACE('',#1802,0.155);
#1802 = AXIS2_PLACEMENT_3D('',#1803,#1804,#1805);
#1803 = CARTESIAN_POINT('',(-1.,-2.5,0.155));
#1804 = DIRECTION('',(0.,0.,1.));
#1805 = DIRECTION('',(1.,0.,0.));
#1806 = MANIFOLD_SOLID_BREP('',#1807);
#1807 = CLOSED_SHELL('',(#1808));
#1808 = ADVANCED_FACE('',(#1809),#1813,.T.);
#1809 = FACE_BOUND('',#1810,.T.);
#1810 = VERTEX_LOOP('',#1811);
#1811 = VERTEX_POINT('',#1812);
#1812 = CARTESIAN_POINT('',(-1.,-3.,0.));
#1813 = SPHERICAL_SURFACE('',#1814,0.155);
#1814 = AXIS2_PLACEMENT_3D('',#1815,#1816,#1817);
#1815 = CARTESIAN_POINT('',(-1.,-3.,0.155));
#1816 = DIRECTION('',(0.,0.,1.));
#1817 = DIRECTION('',(1.,0.,0.));
#1818 = MANIFOLD_SOLID_BREP('',#1819);
#1819 = CLOSED_SHELL('',(#1820));
#1820 = ADVANCED_FACE('',(#1821),#1825,.T.);
#1821 = FACE_BOUND('',#1822,.T.);
#1822 = VERTEX_LOOP('',#1823);
#1823 = VERTEX_POINT('',#1824);
#1824 = CARTESIAN_POINT('',(-1.,-3.5,0.));
#1825 = SPHERICAL_SURFACE('',#1826,0.155);
#1826 = AXIS2_PLACEMENT_3D('',#1827,#1828,#1829);
#1827 = CARTESIAN_POINT('',(-1.,-3.5,0.155));
#1828 = DIRECTION('',(0.,0.,1.));
#1829 = DIRECTION('',(1.,0.,0.));
#1830 = MANIFOLD_SOLID_BREP('',#1831);
#1831 = CLOSED_SHELL('',(#1832));
#1832 = ADVANCED_FACE('',(#1833),#1837,.T.);
#1833 = FACE_BOUND('',#1834,.T.);
#1834 = VERTEX_LOOP('',#1835);
#1835 = VERTEX_POINT('',#1836);
#1836 = CARTESIAN_POINT('',(-1.,-4.,0.));
#1837 = SPHERICAL_SURFACE('',#1838,0.155);
#1838 = AXIS2_PLACEMENT_3D('',#1839,#1840,#1841);
#1839 = CARTESIAN_POINT('',(-1.,-4.,0.155));
#1840 = DIRECTION('',(0.,0.,1.));
#1841 = DIRECTION('',(1.,0.,0.));
#1842 = MANIFOLD_SOLID_BREP('',#1843);
#1843 = CLOSED_SHELL('',(#1844));
#1844 = ADVANCED_FACE('',(#1845),#1849,.T.);
#1845 = FACE_BOUND('',#1846,.T.);
#1846 = VERTEX_LOOP('',#1847);
#1847 = VERTEX_POINT('',#1848);
#1848 = CARTESIAN_POINT('',(-1.,-4.5,0.));
#1849 = SPHERICAL_SURFACE('',#1850,0.155);
#1850 = AXIS2_PLACEMENT_3D('',#1851,#1852,#1853);
#1851 = CARTESIAN_POINT('',(-1.,-4.5,0.155));
#1852 = DIRECTION('',(0.,0.,1.));
#1853 = DIRECTION('',(1.,0.,0.));
#1854 = MANIFOLD_SOLID_BREP('',#1855);
#1855 = CLOSED_SHELL('',(#1856));
#1856 = ADVANCED_FACE('',(#1857),#1861,.T.);
#1857 = FACE_BOUND('',#1858,.T.);
#1858 = VERTEX_LOOP('',#1859);
#1859 = VERTEX_POINT('',#1860);
#1860 = CARTESIAN_POINT('',(-0.5,4.5,0.));
#1861 = SPHERICAL_SURFACE('',#1862,0.155);
#1862 = AXIS2_PLACEMENT_3D('',#1863,#1864,#1865);
#1863 = CARTESIAN_POINT('',(-0.5,4.5,0.155));
#1864 = DIRECTION('',(0.,0.,1.));
#1865 = DIRECTION('',(1.,0.,0.));
#1866 = MANIFOLD_SOLID_BREP('',#1867);
#1867 = CLOSED_SHELL('',(#1868));
#1868 = ADVANCED_FACE('',(#1869),#1873,.T.);
#1869 = FACE_BOUND('',#1870,.T.);
#1870 = VERTEX_LOOP('',#1871);
#1871 = VERTEX_POINT('',#1872);
#1872 = CARTESIAN_POINT('',(-0.5,4.,0.));
#1873 = SPHERICAL_SURFACE('',#1874,0.155);
#1874 = AXIS2_PLACEMENT_3D('',#1875,#1876,#1877);
#1875 = CARTESIAN_POINT('',(-0.5,4.,0.155));
#1876 = DIRECTION('',(0.,0.,1.));
#1877 = DIRECTION('',(1.,0.,0.));
#1878 = MANIFOLD_SOLID_BREP('',#1879);
#1879 = CLOSED_SHELL('',(#1880));
#1880 = ADVANCED_FACE('',(#1881),#1885,.T.);
#1881 = FACE_BOUND('',#1882,.T.);
#1882 = VERTEX_LOOP('',#1883);
#1883 = VERTEX_POINT('',#1884);
#1884 = CARTESIAN_POINT('',(-0.5,3.5,0.));
#1885 = SPHERICAL_SURFACE('',#1886,0.155);
#1886 = AXIS2_PLACEMENT_3D('',#1887,#1888,#1889);
#1887 = CARTESIAN_POINT('',(-0.5,3.5,0.155));
#1888 = DIRECTION('',(0.,0.,1.));
#1889 = DIRECTION('',(1.,0.,0.));
#1890 = MANIFOLD_SOLID_BREP('',#1891);
#1891 = CLOSED_SHELL('',(#1892));
#1892 = ADVANCED_FACE('',(#1893),#1897,.T.);
#1893 = FACE_BOUND('',#1894,.T.);
#1894 = VERTEX_LOOP('',#1895);
#1895 = VERTEX_POINT('',#1896);
#1896 = CARTESIAN_POINT('',(-0.5,3.,0.));
#1897 = SPHERICAL_SURFACE('',#1898,0.155);
#1898 = AXIS2_PLACEMENT_3D('',#1899,#1900,#1901);
#1899 = CARTESIAN_POINT('',(-0.5,3.,0.155));
#1900 = DIRECTION('',(0.,0.,1.));
#1901 = DIRECTION('',(1.,0.,0.));
#1902 = MANIFOLD_SOLID_BREP('',#1903);
#1903 = CLOSED_SHELL('',(#1904));
#1904 = ADVANCED_FACE('',(#1905),#1909,.T.);
#1905 = FACE_BOUND('',#1906,.T.);
#1906 = VERTEX_LOOP('',#1907);
#1907 = VERTEX_POINT('',#1908);
#1908 = CARTESIAN_POINT('',(-0.5,2.5,0.));
#1909 = SPHERICAL_SURFACE('',#1910,0.155);
#1910 = AXIS2_PLACEMENT_3D('',#1911,#1912,#1913);
#1911 = CARTESIAN_POINT('',(-0.5,2.5,0.155));
#1912 = DIRECTION('',(0.,0.,1.));
#1913 = DIRECTION('',(1.,0.,0.));
#1914 = MANIFOLD_SOLID_BREP('',#1915);
#1915 = CLOSED_SHELL('',(#1916));
#1916 = ADVANCED_FACE('',(#1917),#1921,.T.);
#1917 = FACE_BOUND('',#1918,.T.);
#1918 = VERTEX_LOOP('',#1919);
#1919 = VERTEX_POINT('',#1920);
#1920 = CARTESIAN_POINT('',(-0.5,2.,0.));
#1921 = SPHERICAL_SURFACE('',#1922,0.155);
#1922 = AXIS2_PLACEMENT_3D('',#1923,#1924,#1925);
#1923 = CARTESIAN_POINT('',(-0.5,2.,0.155));
#1924 = DIRECTION('',(0.,0.,1.));
#1925 = DIRECTION('',(1.,0.,0.));
#1926 = MANIFOLD_SOLID_BREP('',#1927);
#1927 = CLOSED_SHELL('',(#1928));
#1928 = ADVANCED_FACE('',(#1929),#1933,.T.);
#1929 = FACE_BOUND('',#1930,.T.);
#1930 = VERTEX_LOOP('',#1931);
#1931 = VERTEX_POINT('',#1932);
#1932 = CARTESIAN_POINT('',(-0.5,1.5,0.));
#1933 = SPHERICAL_SURFACE('',#1934,0.155);
#1934 = AXIS2_PLACEMENT_3D('',#1935,#1936,#1937);
#1935 = CARTESIAN_POINT('',(-0.5,1.5,0.155));
#1936 = DIRECTION('',(0.,0.,1.));
#1937 = DIRECTION('',(1.,0.,0.));
#1938 = MANIFOLD_SOLID_BREP('',#1939);
#1939 = CLOSED_SHELL('',(#1940));
#1940 = ADVANCED_FACE('',(#1941),#1945,.T.);
#1941 = FACE_BOUND('',#1942,.T.);
#1942 = VERTEX_LOOP('',#1943);
#1943 = VERTEX_POINT('',#1944);
#1944 = CARTESIAN_POINT('',(-0.5,1.,0.));
#1945 = SPHERICAL_SURFACE('',#1946,0.155);
#1946 = AXIS2_PLACEMENT_3D('',#1947,#1948,#1949);
#1947 = CARTESIAN_POINT('',(-0.5,1.,0.155));
#1948 = DIRECTION('',(0.,0.,1.));
#1949 = DIRECTION('',(1.,0.,0.));
#1950 = MANIFOLD_SOLID_BREP('',#1951);
#1951 = CLOSED_SHELL('',(#1952));
#1952 = ADVANCED_FACE('',(#1953),#1957,.T.);
#1953 = FACE_BOUND('',#1954,.T.);
#1954 = VERTEX_LOOP('',#1955);
#1955 = VERTEX_POINT('',#1956);
#1956 = CARTESIAN_POINT('',(-0.5,0.5,0.));
#1957 = SPHERICAL_SURFACE('',#1958,0.155);
#1958 = AXIS2_PLACEMENT_3D('',#1959,#1960,#1961);
#1959 = CARTESIAN_POINT('',(-0.5,0.5,0.155));
#1960 = DIRECTION('',(0.,0.,1.));
#1961 = DIRECTION('',(1.,0.,0.));
#1962 = MANIFOLD_SOLID_BREP('',#1963);
#1963 = CLOSED_SHELL('',(#1964));
#1964 = ADVANCED_FACE('',(#1965),#1969,.T.);
#1965 = FACE_BOUND('',#1966,.T.);
#1966 = VERTEX_LOOP('',#1967);
#1967 = VERTEX_POINT('',#1968);
#1968 = CARTESIAN_POINT('',(-0.5,0.,0.));
#1969 = SPHERICAL_SURFACE('',#1970,0.155);
#1970 = AXIS2_PLACEMENT_3D('',#1971,#1972,#1973);
#1971 = CARTESIAN_POINT('',(-0.5,0.,0.155));
#1972 = DIRECTION('',(0.,0.,1.));
#1973 = DIRECTION('',(1.,0.,0.));
#1974 = MANIFOLD_SOLID_BREP('',#1975);
#1975 = CLOSED_SHELL('',(#1976));
#1976 = ADVANCED_FACE('',(#1977),#1981,.T.);
#1977 = FACE_BOUND('',#1978,.T.);
#1978 = VERTEX_LOOP('',#1979);
#1979 = VERTEX_POINT('',#1980);
#1980 = CARTESIAN_POINT('',(-0.5,-0.5,0.));
#1981 = SPHERICAL_SURFACE('',#1982,0.155);
#1982 = AXIS2_PLACEMENT_3D('',#1983,#1984,#1985);
#1983 = CARTESIAN_POINT('',(-0.5,-0.5,0.155));
#1984 = DIRECTION('',(0.,0.,1.));
#1985 = DIRECTION('',(1.,0.,0.));
#1986 = MANIFOLD_SOLID_BREP('',#1987);
#1987 = CLOSED_SHELL('',(#1988));
#1988 = ADVANCED_FACE('',(#1989),#1993,.T.);
#1989 = FACE_BOUND('',#1990,.T.);
#1990 = VERTEX_LOOP('',#1991);
#1991 = VERTEX_POINT('',#1992);
#1992 = CARTESIAN_POINT('',(-0.5,-1.,0.));
#1993 = SPHERICAL_SURFACE('',#1994,0.155);
#1994 = AXIS2_PLACEMENT_3D('',#1995,#1996,#1997);
#1995 = CARTESIAN_POINT('',(-0.5,-1.,0.155));
#1996 = DIRECTION('',(0.,0.,1.));
#1997 = DIRECTION('',(1.,0.,0.));
#1998 = MANIFOLD_SOLID_BREP('',#1999);
#1999 = CLOSED_SHELL('',(#2000));
#2000 = ADVANCED_FACE('',(#2001),#2005,.T.);
#2001 = FACE_BOUND('',#2002,.T.);
#2002 = VERTEX_LOOP('',#2003);
#2003 = VERTEX_POINT('',#2004);
#2004 = CARTESIAN_POINT('',(-0.5,-1.5,0.));
#2005 = SPHERICAL_SURFACE('',#2006,0.155);
#2006 = AXIS2_PLACEMENT_3D('',#2007,#2008,#2009);
#2007 = CARTESIAN_POINT('',(-0.5,-1.5,0.155));
#2008 = DIRECTION('',(0.,0.,1.));
#2009 = DIRECTION('',(1.,0.,0.));
#2010 = MANIFOLD_SOLID_BREP('',#2011);
#2011 = CLOSED_SHELL('',(#2012));
#2012 = ADVANCED_FACE('',(#2013),#2017,.T.);
#2013 = FACE_BOUND('',#2014,.T.);
#2014 = VERTEX_LOOP('',#2015);
#2015 = VERTEX_POINT('',#2016);
#2016 = CARTESIAN_POINT('',(-0.5,-2.,0.));
#2017 = SPHERICAL_SURFACE('',#2018,0.155);
#2018 = AXIS2_PLACEMENT_3D('',#2019,#2020,#2021);
#2019 = CARTESIAN_POINT('',(-0.5,-2.,0.155));
#2020 = DIRECTION('',(0.,0.,1.));
#2021 = DIRECTION('',(1.,0.,0.));
#2022 = MANIFOLD_SOLID_BREP('',#2023);
#2023 = CLOSED_SHELL('',(#2024));
#2024 = ADVANCED_FACE('',(#2025),#2029,.T.);
#2025 = FACE_BOUND('',#2026,.T.);
#2026 = VERTEX_LOOP('',#2027);
#2027 = VERTEX_POINT('',#2028);
#2028 = CARTESIAN_POINT('',(-0.5,-2.5,0.));
#2029 = SPHERICAL_SURFACE('',#2030,0.155);
#2030 = AXIS2_PLACEMENT_3D('',#2031,#2032,#2033);
#2031 = CARTESIAN_POINT('',(-0.5,-2.5,0.155));
#2032 = DIRECTION('',(0.,0.,1.));
#2033 = DIRECTION('',(1.,0.,0.));
#2034 = MANIFOLD_SOLID_BREP('',#2035);
#2035 = CLOSED_SHELL('',(#2036));
#2036 = ADVANCED_FACE('',(#2037),#2041,.T.);
#2037 = FACE_BOUND('',#2038,.T.);
#2038 = VERTEX_LOOP('',#2039);
#2039 = VERTEX_POINT('',#2040);
#2040 = CARTESIAN_POINT('',(-0.5,-3.,0.));
#2041 = SPHERICAL_SURFACE('',#2042,0.155);
#2042 = AXIS2_PLACEMENT_3D('',#2043,#2044,#2045);
#2043 = CARTESIAN_POINT('',(-0.5,-3.,0.155));
#2044 = DIRECTION('',(0.,0.,1.));
#2045 = DIRECTION('',(1.,0.,0.));
#2046 = MANIFOLD_SOLID_BREP('',#2047);
#2047 = CLOSED_SHELL('',(#2048));
#2048 = ADVANCED_FACE('',(#2049),#2053,.T.);
#2049 = FACE_BOUND('',#2050,.T.);
#2050 = VERTEX_LOOP('',#2051);
#2051 = VERTEX_POINT('',#2052);
#2052 = CARTESIAN_POINT('',(-0.5,-3.5,0.));
#2053 = SPHERICAL_SURFACE('',#2054,0.155);
#2054 = AXIS2_PLACEMENT_3D('',#2055,#2056,#2057);
#2055 = CARTESIAN_POINT('',(-0.5,-3.5,0.155));
#2056 = DIRECTION('',(0.,0.,1.));
#2057 = DIRECTION('',(1.,0.,0.));
#2058 = MANIFOLD_SOLID_BREP('',#2059);
#2059 = CLOSED_SHELL('',(#2060));
#2060 = ADVANCED_FACE('',(#2061),#2065,.T.);
#2061 = FACE_BOUND('',#2062,.T.);
#2062 = VERTEX_LOOP('',#2063);
#2063 = VERTEX_POINT('',#2064);
#2064 = CARTESIAN_POINT('',(-0.5,-4.,0.));
#2065 = SPHERICAL_SURFACE('',#2066,0.155);
#2066 = AXIS2_PLACEMENT_3D('',#2067,#2068,#2069);
#2067 = CARTESIAN_POINT('',(-0.5,-4.,0.155));
#2068 = DIRECTION('',(0.,0.,1.));
#2069 = DIRECTION('',(1.,0.,0.));
#2070 = MANIFOLD_SOLID_BREP('',#2071);
#2071 = CLOSED_SHELL('',(#2072));
#2072 = ADVANCED_FACE('',(#2073),#2077,.T.);
#2073 = FACE_BOUND('',#2074,.T.);
#2074 = VERTEX_LOOP('',#2075);
#2075 = VERTEX_POINT('',#2076);
#2076 = CARTESIAN_POINT('',(-0.5,-4.5,0.));
#2077 = SPHERICAL_SURFACE('',#2078,0.155);
#2078 = AXIS2_PLACEMENT_3D('',#2079,#2080,#2081);
#2079 = CARTESIAN_POINT('',(-0.5,-4.5,0.155));
#2080 = DIRECTION('',(0.,0.,1.));
#2081 = DIRECTION('',(1.,0.,0.));
#2082 = MANIFOLD_SOLID_BREP('',#2083);
#2083 = CLOSED_SHELL('',(#2084));
#2084 = ADVANCED_FACE('',(#2085),#2089,.T.);
#2085 = FACE_BOUND('',#2086,.T.);
#2086 = VERTEX_LOOP('',#2087);
#2087 = VERTEX_POINT('',#2088);
#2088 = CARTESIAN_POINT('',(0.,4.5,0.));
#2089 = SPHERICAL_SURFACE('',#2090,0.155);
#2090 = AXIS2_PLACEMENT_3D('',#2091,#2092,#2093);
#2091 = CARTESIAN_POINT('',(0.,4.5,0.155));
#2092 = DIRECTION('',(0.,0.,1.));
#2093 = DIRECTION('',(1.,0.,0.));
#2094 = MANIFOLD_SOLID_BREP('',#2095);
#2095 = CLOSED_SHELL('',(#2096));
#2096 = ADVANCED_FACE('',(#2097),#2101,.T.);
#2097 = FACE_BOUND('',#2098,.T.);
#2098 = VERTEX_LOOP('',#2099);
#2099 = VERTEX_POINT('',#2100);
#2100 = CARTESIAN_POINT('',(0.,4.,0.));
#2101 = SPHERICAL_SURFACE('',#2102,0.155);
#2102 = AXIS2_PLACEMENT_3D('',#2103,#2104,#2105);
#2103 = CARTESIAN_POINT('',(0.,4.,0.155));
#2104 = DIRECTION('',(0.,0.,1.));
#2105 = DIRECTION('',(1.,0.,0.));
#2106 = MANIFOLD_SOLID_BREP('',#2107);
#2107 = CLOSED_SHELL('',(#2108));
#2108 = ADVANCED_FACE('',(#2109),#2113,.T.);
#2109 = FACE_BOUND('',#2110,.T.);
#2110 = VERTEX_LOOP('',#2111);
#2111 = VERTEX_POINT('',#2112);
#2112 = CARTESIAN_POINT('',(0.,3.5,0.));
#2113 = SPHERICAL_SURFACE('',#2114,0.155);
#2114 = AXIS2_PLACEMENT_3D('',#2115,#2116,#2117);
#2115 = CARTESIAN_POINT('',(0.,3.5,0.155));
#2116 = DIRECTION('',(0.,0.,1.));
#2117 = DIRECTION('',(1.,0.,0.));
#2118 = MANIFOLD_SOLID_BREP('',#2119);
#2119 = CLOSED_SHELL('',(#2120));
#2120 = ADVANCED_FACE('',(#2121),#2125,.T.);
#2121 = FACE_BOUND('',#2122,.T.);
#2122 = VERTEX_LOOP('',#2123);
#2123 = VERTEX_POINT('',#2124);
#2124 = CARTESIAN_POINT('',(0.,3.,0.));
#2125 = SPHERICAL_SURFACE('',#2126,0.155);
#2126 = AXIS2_PLACEMENT_3D('',#2127,#2128,#2129);
#2127 = CARTESIAN_POINT('',(0.,3.,0.155));
#2128 = DIRECTION('',(0.,0.,1.));
#2129 = DIRECTION('',(1.,0.,0.));
#2130 = MANIFOLD_SOLID_BREP('',#2131);
#2131 = CLOSED_SHELL('',(#2132));
#2132 = ADVANCED_FACE('',(#2133),#2137,.T.);
#2133 = FACE_BOUND('',#2134,.T.);
#2134 = VERTEX_LOOP('',#2135);
#2135 = VERTEX_POINT('',#2136);
#2136 = CARTESIAN_POINT('',(0.,2.5,0.));
#2137 = SPHERICAL_SURFACE('',#2138,0.155);
#2138 = AXIS2_PLACEMENT_3D('',#2139,#2140,#2141);
#2139 = CARTESIAN_POINT('',(0.,2.5,0.155));
#2140 = DIRECTION('',(0.,0.,1.));
#2141 = DIRECTION('',(1.,0.,0.));
#2142 = MANIFOLD_SOLID_BREP('',#2143);
#2143 = CLOSED_SHELL('',(#2144));
#2144 = ADVANCED_FACE('',(#2145),#2149,.T.);
#2145 = FACE_BOUND('',#2146,.T.);
#2146 = VERTEX_LOOP('',#2147);
#2147 = VERTEX_POINT('',#2148);
#2148 = CARTESIAN_POINT('',(0.,2.,0.));
#2149 = SPHERICAL_SURFACE('',#2150,0.155);
#2150 = AXIS2_PLACEMENT_3D('',#2151,#2152,#2153);
#2151 = CARTESIAN_POINT('',(0.,2.,0.155));
#2152 = DIRECTION('',(0.,0.,1.));
#2153 = DIRECTION('',(1.,0.,0.));
#2154 = MANIFOLD_SOLID_BREP('',#2155);
#2155 = CLOSED_SHELL('',(#2156));
#2156 = ADVANCED_FACE('',(#2157),#2161,.T.);
#2157 = FACE_BOUND('',#2158,.T.);
#2158 = VERTEX_LOOP('',#2159);
#2159 = VERTEX_POINT('',#2160);
#2160 = CARTESIAN_POINT('',(0.,1.5,0.));
#2161 = SPHERICAL_SURFACE('',#2162,0.155);
#2162 = AXIS2_PLACEMENT_3D('',#2163,#2164,#2165);
#2163 = CARTESIAN_POINT('',(0.,1.5,0.155));
#2164 = DIRECTION('',(0.,0.,1.));
#2165 = DIRECTION('',(1.,0.,0.));
#2166 = MANIFOLD_SOLID_BREP('',#2167);
#2167 = CLOSED_SHELL('',(#2168));
#2168 = ADVANCED_FACE('',(#2169),#2173,.T.);
#2169 = FACE_BOUND('',#2170,.T.);
#2170 = VERTEX_LOOP('',#2171);
#2171 = VERTEX_POINT('',#2172);
#2172 = CARTESIAN_POINT('',(0.,1.,0.));
#2173 = SPHERICAL_SURFACE('',#2174,0.155);
#2174 = AXIS2_PLACEMENT_3D('',#2175,#2176,#2177);
#2175 = CARTESIAN_POINT('',(0.,1.,0.155));
#2176 = DIRECTION('',(0.,0.,1.));
#2177 = DIRECTION('',(1.,0.,0.));
#2178 = MANIFOLD_SOLID_BREP('',#2179);
#2179 = CLOSED_SHELL('',(#2180));
#2180 = ADVANCED_FACE('',(#2181),#2185,.T.);
#2181 = FACE_BOUND('',#2182,.T.);
#2182 = VERTEX_LOOP('',#2183);
#2183 = VERTEX_POINT('',#2184);
#2184 = CARTESIAN_POINT('',(0.,0.5,0.));
#2185 = SPHERICAL_SURFACE('',#2186,0.155);
#2186 = AXIS2_PLACEMENT_3D('',#2187,#2188,#2189);
#2187 = CARTESIAN_POINT('',(0.,0.5,0.155));
#2188 = DIRECTION('',(0.,0.,1.));
#2189 = DIRECTION('',(1.,0.,0.));
#2190 = MANIFOLD_SOLID_BREP('',#2191);
#2191 = CLOSED_SHELL('',(#2192));
#2192 = ADVANCED_FACE('',(#2193),#2197,.T.);
#2193 = FACE_BOUND('',#2194,.T.);
#2194 = VERTEX_LOOP('',#2195);
#2195 = VERTEX_POINT('',#2196);
#2196 = CARTESIAN_POINT('',(0.,0.,0.));
#2197 = SPHERICAL_SURFACE('',#2198,0.155);
#2198 = AXIS2_PLACEMENT_3D('',#2199,#2200,#2201);
#2199 = CARTESIAN_POINT('',(0.,0.,0.155));
#2200 = DIRECTION('',(0.,0.,1.));
#2201 = DIRECTION('',(1.,0.,0.));
#2202 = MANIFOLD_SOLID_BREP('',#2203);
#2203 = CLOSED_SHELL('',(#2204));
#2204 = ADVANCED_FACE('',(#2205),#2209,.T.);
#2205 = FACE_BOUND('',#2206,.T.);
#2206 = VERTEX_LOOP('',#2207);
#2207 = VERTEX_POINT('',#2208);
#2208 = CARTESIAN_POINT('',(0.,-0.5,0.));
#2209 = SPHERICAL_SURFACE('',#2210,0.155);
#2210 = AXIS2_PLACEMENT_3D('',#2211,#2212,#2213);
#2211 = CARTESIAN_POINT('',(0.,-0.5,0.155));
#2212 = DIRECTION('',(0.,0.,1.));
#2213 = DIRECTION('',(1.,0.,0.));
#2214 = MANIFOLD_SOLID_BREP('',#2215);
#2215 = CLOSED_SHELL('',(#2216));
#2216 = ADVANCED_FACE('',(#2217),#2221,.T.);
#2217 = FACE_BOUND('',#2218,.T.);
#2218 = VERTEX_LOOP('',#2219);
#2219 = VERTEX_POINT('',#2220);
#2220 = CARTESIAN_POINT('',(0.,-1.,0.));
#2221 = SPHERICAL_SURFACE('',#2222,0.155);
#2222 = AXIS2_PLACEMENT_3D('',#2223,#2224,#2225);
#2223 = CARTESIAN_POINT('',(0.,-1.,0.155));
#2224 = DIRECTION('',(0.,0.,1.));
#2225 = DIRECTION('',(1.,0.,0.));
#2226 = MANIFOLD_SOLID_BREP('',#2227);
#2227 = CLOSED_SHELL('',(#2228));
#2228 = ADVANCED_FACE('',(#2229),#2233,.T.);
#2229 = FACE_BOUND('',#2230,.T.);
#2230 = VERTEX_LOOP('',#2231);
#2231 = VERTEX_POINT('',#2232);
#2232 = CARTESIAN_POINT('',(0.,-1.5,0.));
#2233 = SPHERICAL_SURFACE('',#2234,0.155);
#2234 = AXIS2_PLACEMENT_3D('',#2235,#2236,#2237);
#2235 = CARTESIAN_POINT('',(0.,-1.5,0.155));
#2236 = DIRECTION('',(0.,0.,1.));
#2237 = DIRECTION('',(1.,0.,0.));
#2238 = MANIFOLD_SOLID_BREP('',#2239);
#2239 = CLOSED_SHELL('',(#2240));
#2240 = ADVANCED_FACE('',(#2241),#2245,.T.);
#2241 = FACE_BOUND('',#2242,.T.);
#2242 = VERTEX_LOOP('',#2243);
#2243 = VERTEX_POINT('',#2244);
#2244 = CARTESIAN_POINT('',(0.,-2.,0.));
#2245 = SPHERICAL_SURFACE('',#2246,0.155);
#2246 = AXIS2_PLACEMENT_3D('',#2247,#2248,#2249);
#2247 = CARTESIAN_POINT('',(0.,-2.,0.155));
#2248 = DIRECTION('',(0.,0.,1.));
#2249 = DIRECTION('',(1.,0.,0.));
#2250 = MANIFOLD_SOLID_BREP('',#2251);
#2251 = CLOSED_SHELL('',(#2252));
#2252 = ADVANCED_FACE('',(#2253),#2257,.T.);
#2253 = FACE_BOUND('',#2254,.T.);
#2254 = VERTEX_LOOP('',#2255);
#2255 = VERTEX_POINT('',#2256);
#2256 = CARTESIAN_POINT('',(0.,-2.5,0.));
#2257 = SPHERICAL_SURFACE('',#2258,0.155);
#2258 = AXIS2_PLACEMENT_3D('',#2259,#2260,#2261);
#2259 = CARTESIAN_POINT('',(0.,-2.5,0.155));
#2260 = DIRECTION('',(0.,0.,1.));
#2261 = DIRECTION('',(1.,0.,0.));
#2262 = MANIFOLD_SOLID_BREP('',#2263);
#2263 = CLOSED_SHELL('',(#2264));
#2264 = ADVANCED_FACE('',(#2265),#2269,.T.);
#2265 = FACE_BOUND('',#2266,.T.);
#2266 = VERTEX_LOOP('',#2267);
#2267 = VERTEX_POINT('',#2268);
#2268 = CARTESIAN_POINT('',(0.,-3.,0.));
#2269 = SPHERICAL_SURFACE('',#2270,0.155);
#2270 = AXIS2_PLACEMENT_3D('',#2271,#2272,#2273);
#2271 = CARTESIAN_POINT('',(0.,-3.,0.155));
#2272 = DIRECTION('',(0.,0.,1.));
#2273 = DIRECTION('',(1.,0.,0.));
#2274 = MANIFOLD_SOLID_BREP('',#2275);
#2275 = CLOSED_SHELL('',(#2276));
#2276 = ADVANCED_FACE('',(#2277),#2281,.T.);
#2277 = FACE_BOUND('',#2278,.T.);
#2278 = VERTEX_LOOP('',#2279);
#2279 = VERTEX_POINT('',#2280);
#2280 = CARTESIAN_POINT('',(0.,-3.5,0.));
#2281 = SPHERICAL_SURFACE('',#2282,0.155);
#2282 = AXIS2_PLACEMENT_3D('',#2283,#2284,#2285);
#2283 = CARTESIAN_POINT('',(0.,-3.5,0.155));
#2284 = DIRECTION('',(0.,0.,1.));
#2285 = DIRECTION('',(1.,0.,0.));
#2286 = MANIFOLD_SOLID_BREP('',#2287);
#2287 = CLOSED_SHELL('',(#2288));
#2288 = ADVANCED_FACE('',(#2289),#2293,.T.);
#2289 = FACE_BOUND('',#2290,.T.);
#2290 = VERTEX_LOOP('',#2291);
#2291 = VERTEX_POINT('',#2292);
#2292 = CARTESIAN_POINT('',(0.,-4.,0.));
#2293 = SPHERICAL_SURFACE('',#2294,0.155);
#2294 = AXIS2_PLACEMENT_3D('',#2295,#2296,#2297);
#2295 = CARTESIAN_POINT('',(0.,-4.,0.155));
#2296 = DIRECTION('',(0.,0.,1.));
#2297 = DIRECTION('',(1.,0.,0.));
#2298 = MANIFOLD_SOLID_BREP('',#2299);
#2299 = CLOSED_SHELL('',(#2300));
#2300 = ADVANCED_FACE('',(#2301),#2305,.T.);
#2301 = FACE_BOUND('',#2302,.T.);
#2302 = VERTEX_LOOP('',#2303);
#2303 = VERTEX_POINT('',#2304);
#2304 = CARTESIAN_POINT('',(0.,-4.5,0.));
#2305 = SPHERICAL_SURFACE('',#2306,0.155);
#2306 = AXIS2_PLACEMENT_3D('',#2307,#2308,#2309);
#2307 = CARTESIAN_POINT('',(0.,-4.5,0.155));
#2308 = DIRECTION('',(0.,0.,1.));
#2309 = DIRECTION('',(1.,0.,0.));
#2310 = MANIFOLD_SOLID_BREP('',#2311);
#2311 = CLOSED_SHELL('',(#2312));
#2312 = ADVANCED_FACE('',(#2313),#2317,.T.);
#2313 = FACE_BOUND('',#2314,.T.);
#2314 = VERTEX_LOOP('',#2315);
#2315 = VERTEX_POINT('',#2316);
#2316 = CARTESIAN_POINT('',(0.5,4.5,0.));
#2317 = SPHERICAL_SURFACE('',#2318,0.155);
#2318 = AXIS2_PLACEMENT_3D('',#2319,#2320,#2321);
#2319 = CARTESIAN_POINT('',(0.5,4.5,0.155));
#2320 = DIRECTION('',(0.,0.,1.));
#2321 = DIRECTION('',(1.,0.,0.));
#2322 = MANIFOLD_SOLID_BREP('',#2323);
#2323 = CLOSED_SHELL('',(#2324));
#2324 = ADVANCED_FACE('',(#2325),#2329,.T.);
#2325 = FACE_BOUND('',#2326,.T.);
#2326 = VERTEX_LOOP('',#2327);
#2327 = VERTEX_POINT('',#2328);
#2328 = CARTESIAN_POINT('',(0.5,4.,0.));
#2329 = SPHERICAL_SURFACE('',#2330,0.155);
#2330 = AXIS2_PLACEMENT_3D('',#2331,#2332,#2333);
#2331 = CARTESIAN_POINT('',(0.5,4.,0.155));
#2332 = DIRECTION('',(0.,0.,1.));
#2333 = DIRECTION('',(1.,0.,0.));
#2334 = MANIFOLD_SOLID_BREP('',#2335);
#2335 = CLOSED_SHELL('',(#2336));
#2336 = ADVANCED_FACE('',(#2337),#2341,.T.);
#2337 = FACE_BOUND('',#2338,.T.);
#2338 = VERTEX_LOOP('',#2339);
#2339 = VERTEX_POINT('',#2340);
#2340 = CARTESIAN_POINT('',(0.5,3.5,0.));
#2341 = SPHERICAL_SURFACE('',#2342,0.155);
#2342 = AXIS2_PLACEMENT_3D('',#2343,#2344,#2345);
#2343 = CARTESIAN_POINT('',(0.5,3.5,0.155));
#2344 = DIRECTION('',(0.,0.,1.));
#2345 = DIRECTION('',(1.,0.,0.));
#2346 = MANIFOLD_SOLID_BREP('',#2347);
#2347 = CLOSED_SHELL('',(#2348));
#2348 = ADVANCED_FACE('',(#2349),#2353,.T.);
#2349 = FACE_BOUND('',#2350,.T.);
#2350 = VERTEX_LOOP('',#2351);
#2351 = VERTEX_POINT('',#2352);
#2352 = CARTESIAN_POINT('',(0.5,3.,0.));
#2353 = SPHERICAL_SURFACE('',#2354,0.155);
#2354 = AXIS2_PLACEMENT_3D('',#2355,#2356,#2357);
#2355 = CARTESIAN_POINT('',(0.5,3.,0.155));
#2356 = DIRECTION('',(0.,0.,1.));
#2357 = DIRECTION('',(1.,0.,0.));
#2358 = MANIFOLD_SOLID_BREP('',#2359);
#2359 = CLOSED_SHELL('',(#2360));
#2360 = ADVANCED_FACE('',(#2361),#2365,.T.);
#2361 = FACE_BOUND('',#2362,.T.);
#2362 = VERTEX_LOOP('',#2363);
#2363 = VERTEX_POINT('',#2364);
#2364 = CARTESIAN_POINT('',(0.5,2.5,0.));
#2365 = SPHERICAL_SURFACE('',#2366,0.155);
#2366 = AXIS2_PLACEMENT_3D('',#2367,#2368,#2369);
#2367 = CARTESIAN_POINT('',(0.5,2.5,0.155));
#2368 = DIRECTION('',(0.,0.,1.));
#2369 = DIRECTION('',(1.,0.,0.));
#2370 = MANIFOLD_SOLID_BREP('',#2371);
#2371 = CLOSED_SHELL('',(#2372));
#2372 = ADVANCED_FACE('',(#2373),#2377,.T.);
#2373 = FACE_BOUND('',#2374,.T.);
#2374 = VERTEX_LOOP('',#2375);
#2375 = VERTEX_POINT('',#2376);
#2376 = CARTESIAN_POINT('',(0.5,2.,0.));
#2377 = SPHERICAL_SURFACE('',#2378,0.155);
#2378 = AXIS2_PLACEMENT_3D('',#2379,#2380,#2381);
#2379 = CARTESIAN_POINT('',(0.5,2.,0.155));
#2380 = DIRECTION('',(0.,0.,1.));
#2381 = DIRECTION('',(1.,0.,0.));
#2382 = MANIFOLD_SOLID_BREP('',#2383);
#2383 = CLOSED_SHELL('',(#2384));
#2384 = ADVANCED_FACE('',(#2385),#2389,.T.);
#2385 = FACE_BOUND('',#2386,.T.);
#2386 = VERTEX_LOOP('',#2387);
#2387 = VERTEX_POINT('',#2388);
#2388 = CARTESIAN_POINT('',(0.5,1.5,0.));
#2389 = SPHERICAL_SURFACE('',#2390,0.155);
#2390 = AXIS2_PLACEMENT_3D('',#2391,#2392,#2393);
#2391 = CARTESIAN_POINT('',(0.5,1.5,0.155));
#2392 = DIRECTION('',(0.,0.,1.));
#2393 = DIRECTION('',(1.,0.,0.));
#2394 = MANIFOLD_SOLID_BREP('',#2395);
#2395 = CLOSED_SHELL('',(#2396));
#2396 = ADVANCED_FACE('',(#2397),#2401,.T.);
#2397 = FACE_BOUND('',#2398,.T.);
#2398 = VERTEX_LOOP('',#2399);
#2399 = VERTEX_POINT('',#2400);
#2400 = CARTESIAN_POINT('',(0.5,1.,0.));
#2401 = SPHERICAL_SURFACE('',#2402,0.155);
#2402 = AXIS2_PLACEMENT_3D('',#2403,#2404,#2405);
#2403 = CARTESIAN_POINT('',(0.5,1.,0.155));
#2404 = DIRECTION('',(0.,0.,1.));
#2405 = DIRECTION('',(1.,0.,0.));
#2406 = MANIFOLD_SOLID_BREP('',#2407);
#2407 = CLOSED_SHELL('',(#2408));
#2408 = ADVANCED_FACE('',(#2409),#2413,.T.);
#2409 = FACE_BOUND('',#2410,.T.);
#2410 = VERTEX_LOOP('',#2411);
#2411 = VERTEX_POINT('',#2412);
#2412 = CARTESIAN_POINT('',(0.5,0.5,0.));
#2413 = SPHERICAL_SURFACE('',#2414,0.155);
#2414 = AXIS2_PLACEMENT_3D('',#2415,#2416,#2417);
#2415 = CARTESIAN_POINT('',(0.5,0.5,0.155));
#2416 = DIRECTION('',(0.,0.,1.));
#2417 = DIRECTION('',(1.,0.,0.));
#2418 = MANIFOLD_SOLID_BREP('',#2419);
#2419 = CLOSED_SHELL('',(#2420));
#2420 = ADVANCED_FACE('',(#2421),#2425,.T.);
#2421 = FACE_BOUND('',#2422,.T.);
#2422 = VERTEX_LOOP('',#2423);
#2423 = VERTEX_POINT('',#2424);
#2424 = CARTESIAN_POINT('',(0.5,0.,0.));
#2425 = SPHERICAL_SURFACE('',#2426,0.155);
#2426 = AXIS2_PLACEMENT_3D('',#2427,#2428,#2429);
#2427 = CARTESIAN_POINT('',(0.5,0.,0.155));
#2428 = DIRECTION('',(0.,0.,1.));
#2429 = DIRECTION('',(1.,0.,0.));
#2430 = MANIFOLD_SOLID_BREP('',#2431);
#2431 = CLOSED_SHELL('',(#2432));
#2432 = ADVANCED_FACE('',(#2433),#2437,.T.);
#2433 = FACE_BOUND('',#2434,.T.);
#2434 = VERTEX_LOOP('',#2435);
#2435 = VERTEX_POINT('',#2436);
#2436 = CARTESIAN_POINT('',(0.5,-0.5,0.));
#2437 = SPHERICAL_SURFACE('',#2438,0.155);
#2438 = AXIS2_PLACEMENT_3D('',#2439,#2440,#2441);
#2439 = CARTESIAN_POINT('',(0.5,-0.5,0.155));
#2440 = DIRECTION('',(0.,0.,1.));
#2441 = DIRECTION('',(1.,0.,0.));
#2442 = MANIFOLD_SOLID_BREP('',#2443);
#2443 = CLOSED_SHELL('',(#2444));
#2444 = ADVANCED_FACE('',(#2445),#2449,.T.);
#2445 = FACE_BOUND('',#2446,.T.);
#2446 = VERTEX_LOOP('',#2447);
#2447 = VERTEX_POINT('',#2448);
#2448 = CARTESIAN_POINT('',(0.5,-1.,0.));
#2449 = SPHERICAL_SURFACE('',#2450,0.155);
#2450 = AXIS2_PLACEMENT_3D('',#2451,#2452,#2453);
#2451 = CARTESIAN_POINT('',(0.5,-1.,0.155));
#2452 = DIRECTION('',(0.,0.,1.));
#2453 = DIRECTION('',(1.,0.,0.));
#2454 = MANIFOLD_SOLID_BREP('',#2455);
#2455 = CLOSED_SHELL('',(#2456));
#2456 = ADVANCED_FACE('',(#2457),#2461,.T.);
#2457 = FACE_BOUND('',#2458,.T.);
#2458 = VERTEX_LOOP('',#2459);
#2459 = VERTEX_POINT('',#2460);
#2460 = CARTESIAN_POINT('',(0.5,-1.5,0.));
#2461 = SPHERICAL_SURFACE('',#2462,0.155);
#2462 = AXIS2_PLACEMENT_3D('',#2463,#2464,#2465);
#2463 = CARTESIAN_POINT('',(0.5,-1.5,0.155));
#2464 = DIRECTION('',(0.,0.,1.));
#2465 = DIRECTION('',(1.,0.,0.));
#2466 = MANIFOLD_SOLID_BREP('',#2467);
#2467 = CLOSED_SHELL('',(#2468));
#2468 = ADVANCED_FACE('',(#2469),#2473,.T.);
#2469 = FACE_BOUND('',#2470,.T.);
#2470 = VERTEX_LOOP('',#2471);
#2471 = VERTEX_POINT('',#2472);
#2472 = CARTESIAN_POINT('',(0.5,-2.,0.));
#2473 = SPHERICAL_SURFACE('',#2474,0.155);
#2474 = AXIS2_PLACEMENT_3D('',#2475,#2476,#2477);
#2475 = CARTESIAN_POINT('',(0.5,-2.,0.155));
#2476 = DIRECTION('',(0.,0.,1.));
#2477 = DIRECTION('',(1.,0.,0.));
#2478 = MANIFOLD_SOLID_BREP('',#2479);
#2479 = CLOSED_SHELL('',(#2480));
#2480 = ADVANCED_FACE('',(#2481),#2485,.T.);
#2481 = FACE_BOUND('',#2482,.T.);
#2482 = VERTEX_LOOP('',#2483);
#2483 = VERTEX_POINT('',#2484);
#2484 = CARTESIAN_POINT('',(0.5,-2.5,0.));
#2485 = SPHERICAL_SURFACE('',#2486,0.155);
#2486 = AXIS2_PLACEMENT_3D('',#2487,#2488,#2489);
#2487 = CARTESIAN_POINT('',(0.5,-2.5,0.155));
#2488 = DIRECTION('',(0.,0.,1.));
#2489 = DIRECTION('',(1.,0.,0.));
#2490 = MANIFOLD_SOLID_BREP('',#2491);
#2491 = CLOSED_SHELL('',(#2492));
#2492 = ADVANCED_FACE('',(#2493),#2497,.T.);
#2493 = FACE_BOUND('',#2494,.T.);
#2494 = VERTEX_LOOP('',#2495);
#2495 = VERTEX_POINT('',#2496);
#2496 = CARTESIAN_POINT('',(0.5,-3.,0.));
#2497 = SPHERICAL_SURFACE('',#2498,0.155);
#2498 = AXIS2_PLACEMENT_3D('',#2499,#2500,#2501);
#2499 = CARTESIAN_POINT('',(0.5,-3.,0.155));
#2500 = DIRECTION('',(0.,0.,1.));
#2501 = DIRECTION('',(1.,0.,0.));
#2502 = MANIFOLD_SOLID_BREP('',#2503);
#2503 = CLOSED_SHELL('',(#2504));
#2504 = ADVANCED_FACE('',(#2505),#2509,.T.);
#2505 = FACE_BOUND('',#2506,.T.);
#2506 = VERTEX_LOOP('',#2507);
#2507 = VERTEX_POINT('',#2508);
#2508 = CARTESIAN_POINT('',(0.5,-3.5,0.));
#2509 = SPHERICAL_SURFACE('',#2510,0.155);
#2510 = AXIS2_PLACEMENT_3D('',#2511,#2512,#2513);
#2511 = CARTESIAN_POINT('',(0.5,-3.5,0.155));
#2512 = DIRECTION('',(0.,0.,1.));
#2513 = DIRECTION('',(1.,0.,0.));
#2514 = MANIFOLD_SOLID_BREP('',#2515);
#2515 = CLOSED_SHELL('',(#2516));
#2516 = ADVANCED_FACE('',(#2517),#2521,.T.);
#2517 = FACE_BOUND('',#2518,.T.);
#2518 = VERTEX_LOOP('',#2519);
#2519 = VERTEX_POINT('',#2520);
#2520 = CARTESIAN_POINT('',(0.5,-4.,0.));
#2521 = SPHERICAL_SURFACE('',#2522,0.155);
#2522 = AXIS2_PLACEMENT_3D('',#2523,#2524,#2525);
#2523 = CARTESIAN_POINT('',(0.5,-4.,0.155));
#2524 = DIRECTION('',(0.,0.,1.));
#2525 = DIRECTION('',(1.,0.,0.));
#2526 = MANIFOLD_SOLID_BREP('',#2527);
#2527 = CLOSED_SHELL('',(#2528));
#2528 = ADVANCED_FACE('',(#2529),#2533,.T.);
#2529 = FACE_BOUND('',#2530,.T.);
#2530 = VERTEX_LOOP('',#2531);
#2531 = VERTEX_POINT('',#2532);
#2532 = CARTESIAN_POINT('',(0.5,-4.5,0.));
#2533 = SPHERICAL_SURFACE('',#2534,0.155);
#2534 = AXIS2_PLACEMENT_3D('',#2535,#2536,#2537);
#2535 = CARTESIAN_POINT('',(0.5,-4.5,0.155));
#2536 = DIRECTION('',(0.,0.,1.));
#2537 = DIRECTION('',(1.,0.,0.));
#2538 = MANIFOLD_SOLID_BREP('',#2539);
#2539 = CLOSED_SHELL('',(#2540));
#2540 = ADVANCED_FACE('',(#2541),#2545,.T.);
#2541 = FACE_BOUND('',#2542,.T.);
#2542 = VERTEX_LOOP('',#2543);
#2543 = VERTEX_POINT('',#2544);
#2544 = CARTESIAN_POINT('',(1.,4.5,0.));
#2545 = SPHERICAL_SURFACE('',#2546,0.155);
#2546 = AXIS2_PLACEMENT_3D('',#2547,#2548,#2549);
#2547 = CARTESIAN_POINT('',(1.,4.5,0.155));
#2548 = DIRECTION('',(0.,0.,1.));
#2549 = DIRECTION('',(1.,0.,0.));
#2550 = MANIFOLD_SOLID_BREP('',#2551);
#2551 = CLOSED_SHELL('',(#2552));
#2552 = ADVANCED_FACE('',(#2553),#2557,.T.);
#2553 = FACE_BOUND('',#2554,.T.);
#2554 = VERTEX_LOOP('',#2555);
#2555 = VERTEX_POINT('',#2556);
#2556 = CARTESIAN_POINT('',(1.,4.,0.));
#2557 = SPHERICAL_SURFACE('',#2558,0.155);
#2558 = AXIS2_PLACEMENT_3D('',#2559,#2560,#2561);
#2559 = CARTESIAN_POINT('',(1.,4.,0.155));
#2560 = DIRECTION('',(0.,0.,1.));
#2561 = DIRECTION('',(1.,0.,0.));
#2562 = MANIFOLD_SOLID_BREP('',#2563);
#2563 = CLOSED_SHELL('',(#2564));
#2564 = ADVANCED_FACE('',(#2565),#2569,.T.);
#2565 = FACE_BOUND('',#2566,.T.);
#2566 = VERTEX_LOOP('',#2567);
#2567 = VERTEX_POINT('',#2568);
#2568 = CARTESIAN_POINT('',(1.,3.5,0.));
#2569 = SPHERICAL_SURFACE('',#2570,0.155);
#2570 = AXIS2_PLACEMENT_3D('',#2571,#2572,#2573);
#2571 = CARTESIAN_POINT('',(1.,3.5,0.155));
#2572 = DIRECTION('',(0.,0.,1.));
#2573 = DIRECTION('',(1.,0.,0.));
#2574 = MANIFOLD_SOLID_BREP('',#2575);
#2575 = CLOSED_SHELL('',(#2576));
#2576 = ADVANCED_FACE('',(#2577),#2581,.T.);
#2577 = FACE_BOUND('',#2578,.T.);
#2578 = VERTEX_LOOP('',#2579);
#2579 = VERTEX_POINT('',#2580);
#2580 = CARTESIAN_POINT('',(1.,3.,0.));
#2581 = SPHERICAL_SURFACE('',#2582,0.155);
#2582 = AXIS2_PLACEMENT_3D('',#2583,#2584,#2585);
#2583 = CARTESIAN_POINT('',(1.,3.,0.155));
#2584 = DIRECTION('',(0.,0.,1.));
#2585 = DIRECTION('',(1.,0.,0.));
#2586 = MANIFOLD_SOLID_BREP('',#2587);
#2587 = CLOSED_SHELL('',(#2588));
#2588 = ADVANCED_FACE('',(#2589),#2593,.T.);
#2589 = FACE_BOUND('',#2590,.T.);
#2590 = VERTEX_LOOP('',#2591);
#2591 = VERTEX_POINT('',#2592);
#2592 = CARTESIAN_POINT('',(1.,2.5,0.));
#2593 = SPHERICAL_SURFACE('',#2594,0.155);
#2594 = AXIS2_PLACEMENT_3D('',#2595,#2596,#2597);
#2595 = CARTESIAN_POINT('',(1.,2.5,0.155));
#2596 = DIRECTION('',(0.,0.,1.));
#2597 = DIRECTION('',(1.,0.,0.));
#2598 = MANIFOLD_SOLID_BREP('',#2599);
#2599 = CLOSED_SHELL('',(#2600));
#2600 = ADVANCED_FACE('',(#2601),#2605,.T.);
#2601 = FACE_BOUND('',#2602,.T.);
#2602 = VERTEX_LOOP('',#2603);
#2603 = VERTEX_POINT('',#2604);
#2604 = CARTESIAN_POINT('',(1.,2.,0.));
#2605 = SPHERICAL_SURFACE('',#2606,0.155);
#2606 = AXIS2_PLACEMENT_3D('',#2607,#2608,#2609);
#2607 = CARTESIAN_POINT('',(1.,2.,0.155));
#2608 = DIRECTION('',(0.,0.,1.));
#2609 = DIRECTION('',(1.,0.,0.));
#2610 = MANIFOLD_SOLID_BREP('',#2611);
#2611 = CLOSED_SHELL('',(#2612));
#2612 = ADVANCED_FACE('',(#2613),#2617,.T.);
#2613 = FACE_BOUND('',#2614,.T.);
#2614 = VERTEX_LOOP('',#2615);
#2615 = VERTEX_POINT('',#2616);
#2616 = CARTESIAN_POINT('',(1.,1.5,0.));
#2617 = SPHERICAL_SURFACE('',#2618,0.155);
#2618 = AXIS2_PLACEMENT_3D('',#2619,#2620,#2621);
#2619 = CARTESIAN_POINT('',(1.,1.5,0.155));
#2620 = DIRECTION('',(0.,0.,1.));
#2621 = DIRECTION('',(1.,0.,0.));
#2622 = MANIFOLD_SOLID_BREP('',#2623);
#2623 = CLOSED_SHELL('',(#2624));
#2624 = ADVANCED_FACE('',(#2625),#2629,.T.);
#2625 = FACE_BOUND('',#2626,.T.);
#2626 = VERTEX_LOOP('',#2627);
#2627 = VERTEX_POINT('',#2628);
#2628 = CARTESIAN_POINT('',(1.,1.,0.));
#2629 = SPHERICAL_SURFACE('',#2630,0.155);
#2630 = AXIS2_PLACEMENT_3D('',#2631,#2632,#2633);
#2631 = CARTESIAN_POINT('',(1.,1.,0.155));
#2632 = DIRECTION('',(0.,0.,1.));
#2633 = DIRECTION('',(1.,0.,0.));
#2634 = MANIFOLD_SOLID_BREP('',#2635);
#2635 = CLOSED_SHELL('',(#2636));
#2636 = ADVANCED_FACE('',(#2637),#2641,.T.);
#2637 = FACE_BOUND('',#2638,.T.);
#2638 = VERTEX_LOOP('',#2639);
#2639 = VERTEX_POINT('',#2640);
#2640 = CARTESIAN_POINT('',(1.,0.5,0.));
#2641 = SPHERICAL_SURFACE('',#2642,0.155);
#2642 = AXIS2_PLACEMENT_3D('',#2643,#2644,#2645);
#2643 = CARTESIAN_POINT('',(1.,0.5,0.155));
#2644 = DIRECTION('',(0.,0.,1.));
#2645 = DIRECTION('',(1.,0.,0.));
#2646 = MANIFOLD_SOLID_BREP('',#2647);
#2647 = CLOSED_SHELL('',(#2648));
#2648 = ADVANCED_FACE('',(#2649),#2653,.T.);
#2649 = FACE_BOUND('',#2650,.T.);
#2650 = VERTEX_LOOP('',#2651);
#2651 = VERTEX_POINT('',#2652);
#2652 = CARTESIAN_POINT('',(1.,0.,0.));
#2653 = SPHERICAL_SURFACE('',#2654,0.155);
#2654 = AXIS2_PLACEMENT_3D('',#2655,#2656,#2657);
#2655 = CARTESIAN_POINT('',(1.,0.,0.155));
#2656 = DIRECTION('',(0.,0.,1.));
#2657 = DIRECTION('',(1.,0.,0.));
#2658 = MANIFOLD_SOLID_BREP('',#2659);
#2659 = CLOSED_SHELL('',(#2660));
#2660 = ADVANCED_FACE('',(#2661),#2665,.T.);
#2661 = FACE_BOUND('',#2662,.T.);
#2662 = VERTEX_LOOP('',#2663);
#2663 = VERTEX_POINT('',#2664);
#2664 = CARTESIAN_POINT('',(1.,-0.5,0.));
#2665 = SPHERICAL_SURFACE('',#2666,0.155);
#2666 = AXIS2_PLACEMENT_3D('',#2667,#2668,#2669);
#2667 = CARTESIAN_POINT('',(1.,-0.5,0.155));
#2668 = DIRECTION('',(0.,0.,1.));
#2669 = DIRECTION('',(1.,0.,0.));
#2670 = MANIFOLD_SOLID_BREP('',#2671);
#2671 = CLOSED_SHELL('',(#2672));
#2672 = ADVANCED_FACE('',(#2673),#2677,.T.);
#2673 = FACE_BOUND('',#2674,.T.);
#2674 = VERTEX_LOOP('',#2675);
#2675 = VERTEX_POINT('',#2676);
#2676 = CARTESIAN_POINT('',(1.,-1.,0.));
#2677 = SPHERICAL_SURFACE('',#2678,0.155);
#2678 = AXIS2_PLACEMENT_3D('',#2679,#2680,#2681);
#2679 = CARTESIAN_POINT('',(1.,-1.,0.155));
#2680 = DIRECTION('',(0.,0.,1.));
#2681 = DIRECTION('',(1.,0.,0.));
#2682 = MANIFOLD_SOLID_BREP('',#2683);
#2683 = CLOSED_SHELL('',(#2684));
#2684 = ADVANCED_FACE('',(#2685),#2689,.T.);
#2685 = FACE_BOUND('',#2686,.T.);
#2686 = VERTEX_LOOP('',#2687);
#2687 = VERTEX_POINT('',#2688);
#2688 = CARTESIAN_POINT('',(1.,-1.5,0.));
#2689 = SPHERICAL_SURFACE('',#2690,0.155);
#2690 = AXIS2_PLACEMENT_3D('',#2691,#2692,#2693);
#2691 = CARTESIAN_POINT('',(1.,-1.5,0.155));
#2692 = DIRECTION('',(0.,0.,1.));
#2693 = DIRECTION('',(1.,0.,0.));
#2694 = MANIFOLD_SOLID_BREP('',#2695);
#2695 = CLOSED_SHELL('',(#2696));
#2696 = ADVANCED_FACE('',(#2697),#2701,.T.);
#2697 = FACE_BOUND('',#2698,.T.);
#2698 = VERTEX_LOOP('',#2699);
#2699 = VERTEX_POINT('',#2700);
#2700 = CARTESIAN_POINT('',(1.,-2.,0.));
#2701 = SPHERICAL_SURFACE('',#2702,0.155);
#2702 = AXIS2_PLACEMENT_3D('',#2703,#2704,#2705);
#2703 = CARTESIAN_POINT('',(1.,-2.,0.155));
#2704 = DIRECTION('',(0.,0.,1.));
#2705 = DIRECTION('',(1.,0.,0.));
#2706 = MANIFOLD_SOLID_BREP('',#2707);
#2707 = CLOSED_SHELL('',(#2708));
#2708 = ADVANCED_FACE('',(#2709),#2713,.T.);
#2709 = FACE_BOUND('',#2710,.T.);
#2710 = VERTEX_LOOP('',#2711);
#2711 = VERTEX_POINT('',#2712);
#2712 = CARTESIAN_POINT('',(1.,-2.5,0.));
#2713 = SPHERICAL_SURFACE('',#2714,0.155);
#2714 = AXIS2_PLACEMENT_3D('',#2715,#2716,#2717);
#2715 = CARTESIAN_POINT('',(1.,-2.5,0.155));
#2716 = DIRECTION('',(0.,0.,1.));
#2717 = DIRECTION('',(1.,0.,0.));
#2718 = MANIFOLD_SOLID_BREP('',#2719);
#2719 = CLOSED_SHELL('',(#2720));
#2720 = ADVANCED_FACE('',(#2721),#2725,.T.);
#2721 = FACE_BOUND('',#2722,.T.);
#2722 = VERTEX_LOOP('',#2723);
#2723 = VERTEX_POINT('',#2724);
#2724 = CARTESIAN_POINT('',(1.,-3.,0.));
#2725 = SPHERICAL_SURFACE('',#2726,0.155);
#2726 = AXIS2_PLACEMENT_3D('',#2727,#2728,#2729);
#2727 = CARTESIAN_POINT('',(1.,-3.,0.155));
#2728 = DIRECTION('',(0.,0.,1.));
#2729 = DIRECTION('',(1.,0.,0.));
#2730 = MANIFOLD_SOLID_BREP('',#2731);
#2731 = CLOSED_SHELL('',(#2732));
#2732 = ADVANCED_FACE('',(#2733),#2737,.T.);
#2733 = FACE_BOUND('',#2734,.T.);
#2734 = VERTEX_LOOP('',#2735);
#2735 = VERTEX_POINT('',#2736);
#2736 = CARTESIAN_POINT('',(1.,-3.5,0.));
#2737 = SPHERICAL_SURFACE('',#2738,0.155);
#2738 = AXIS2_PLACEMENT_3D('',#2739,#2740,#2741);
#2739 = CARTESIAN_POINT('',(1.,-3.5,0.155));
#2740 = DIRECTION('',(0.,0.,1.));
#2741 = DIRECTION('',(1.,0.,0.));
#2742 = MANIFOLD_SOLID_BREP('',#2743);
#2743 = CLOSED_SHELL('',(#2744));
#2744 = ADVANCED_FACE('',(#2745),#2749,.T.);
#2745 = FACE_BOUND('',#2746,.T.);
#2746 = VERTEX_LOOP('',#2747);
#2747 = VERTEX_POINT('',#2748);
#2748 = CARTESIAN_POINT('',(1.,-4.,0.));
#2749 = SPHERICAL_SURFACE('',#2750,0.155);
#2750 = AXIS2_PLACEMENT_3D('',#2751,#2752,#2753);
#2751 = CARTESIAN_POINT('',(1.,-4.,0.155));
#2752 = DIRECTION('',(0.,0.,1.));
#2753 = DIRECTION('',(1.,0.,0.));
#2754 = MANIFOLD_SOLID_BREP('',#2755);
#2755 = CLOSED_SHELL('',(#2756));
#2756 = ADVANCED_FACE('',(#2757),#2761,.T.);
#2757 = FACE_BOUND('',#2758,.T.);
#2758 = VERTEX_LOOP('',#2759);
#2759 = VERTEX_POINT('',#2760);
#2760 = CARTESIAN_POINT('',(1.,-4.5,0.));
#2761 = SPHERICAL_SURFACE('',#2762,0.155);
#2762 = AXIS2_PLACEMENT_3D('',#2763,#2764,#2765);
#2763 = CARTESIAN_POINT('',(1.,-4.5,0.155));
#2764 = DIRECTION('',(0.,0.,1.));
#2765 = DIRECTION('',(1.,0.,0.));
#2766 = MANIFOLD_SOLID_BREP('',#2767);
#2767 = CLOSED_SHELL('',(#2768));
#2768 = ADVANCED_FACE('',(#2769),#2773,.T.);
#2769 = FACE_BOUND('',#2770,.T.);
#2770 = VERTEX_LOOP('',#2771);
#2771 = VERTEX_POINT('',#2772);
#2772 = CARTESIAN_POINT('',(1.5,4.5,0.));
#2773 = SPHERICAL_SURFACE('',#2774,0.155);
#2774 = AXIS2_PLACEMENT_3D('',#2775,#2776,#2777);
#2775 = CARTESIAN_POINT('',(1.5,4.5,0.155));
#2776 = DIRECTION('',(0.,0.,1.));
#2777 = DIRECTION('',(1.,0.,0.));
#2778 = MANIFOLD_SOLID_BREP('',#2779);
#2779 = CLOSED_SHELL('',(#2780));
#2780 = ADVANCED_FACE('',(#2781),#2785,.T.);
#2781 = FACE_BOUND('',#2782,.T.);
#2782 = VERTEX_LOOP('',#2783);
#2783 = VERTEX_POINT('',#2784);
#2784 = CARTESIAN_POINT('',(1.5,4.,0.));
#2785 = SPHERICAL_SURFACE('',#2786,0.155);
#2786 = AXIS2_PLACEMENT_3D('',#2787,#2788,#2789);
#2787 = CARTESIAN_POINT('',(1.5,4.,0.155));
#2788 = DIRECTION('',(0.,0.,1.));
#2789 = DIRECTION('',(1.,0.,0.));
#2790 = MANIFOLD_SOLID_BREP('',#2791);
#2791 = CLOSED_SHELL('',(#2792));
#2792 = ADVANCED_FACE('',(#2793),#2797,.T.);
#2793 = FACE_BOUND('',#2794,.T.);
#2794 = VERTEX_LOOP('',#2795);
#2795 = VERTEX_POINT('',#2796);
#2796 = CARTESIAN_POINT('',(1.5,3.5,0.));
#2797 = SPHERICAL_SURFACE('',#2798,0.155);
#2798 = AXIS2_PLACEMENT_3D('',#2799,#2800,#2801);
#2799 = CARTESIAN_POINT('',(1.5,3.5,0.155));
#2800 = DIRECTION('',(0.,0.,1.));
#2801 = DIRECTION('',(1.,0.,0.));
#2802 = MANIFOLD_SOLID_BREP('',#2803);
#2803 = CLOSED_SHELL('',(#2804));
#2804 = ADVANCED_FACE('',(#2805),#2809,.T.);
#2805 = FACE_BOUND('',#2806,.T.);
#2806 = VERTEX_LOOP('',#2807);
#2807 = VERTEX_POINT('',#2808);
#2808 = CARTESIAN_POINT('',(1.5,3.,0.));
#2809 = SPHERICAL_SURFACE('',#2810,0.155);
#2810 = AXIS2_PLACEMENT_3D('',#2811,#2812,#2813);
#2811 = CARTESIAN_POINT('',(1.5,3.,0.155));
#2812 = DIRECTION('',(0.,0.,1.));
#2813 = DIRECTION('',(1.,0.,0.));
#2814 = MANIFOLD_SOLID_BREP('',#2815);
#2815 = CLOSED_SHELL('',(#2816));
#2816 = ADVANCED_FACE('',(#2817),#2821,.T.);
#2817 = FACE_BOUND('',#2818,.T.);
#2818 = VERTEX_LOOP('',#2819);
#2819 = VERTEX_POINT('',#2820);
#2820 = CARTESIAN_POINT('',(1.5,2.5,0.));
#2821 = SPHERICAL_SURFACE('',#2822,0.155);
#2822 = AXIS2_PLACEMENT_3D('',#2823,#2824,#2825);
#2823 = CARTESIAN_POINT('',(1.5,2.5,0.155));
#2824 = DIRECTION('',(0.,0.,1.));
#2825 = DIRECTION('',(1.,0.,0.));
#2826 = MANIFOLD_SOLID_BREP('',#2827);
#2827 = CLOSED_SHELL('',(#2828));
#2828 = ADVANCED_FACE('',(#2829),#2833,.T.);
#2829 = FACE_BOUND('',#2830,.T.);
#2830 = VERTEX_LOOP('',#2831);
#2831 = VERTEX_POINT('',#2832);
#2832 = CARTESIAN_POINT('',(1.5,2.,0.));
#2833 = SPHERICAL_SURFACE('',#2834,0.155);
#2834 = AXIS2_PLACEMENT_3D('',#2835,#2836,#2837);
#2835 = CARTESIAN_POINT('',(1.5,2.,0.155));
#2836 = DIRECTION('',(0.,0.,1.));
#2837 = DIRECTION('',(1.,0.,0.));
#2838 = MANIFOLD_SOLID_BREP('',#2839);
#2839 = CLOSED_SHELL('',(#2840));
#2840 = ADVANCED_FACE('',(#2841),#2845,.T.);
#2841 = FACE_BOUND('',#2842,.T.);
#2842 = VERTEX_LOOP('',#2843);
#2843 = VERTEX_POINT('',#2844);
#2844 = CARTESIAN_POINT('',(1.5,1.5,0.));
#2845 = SPHERICAL_SURFACE('',#2846,0.155);
#2846 = AXIS2_PLACEMENT_3D('',#2847,#2848,#2849);
#2847 = CARTESIAN_POINT('',(1.5,1.5,0.155));
#2848 = DIRECTION('',(0.,0.,1.));
#2849 = DIRECTION('',(1.,0.,0.));
#2850 = MANIFOLD_SOLID_BREP('',#2851);
#2851 = CLOSED_SHELL('',(#2852));
#2852 = ADVANCED_FACE('',(#2853),#2857,.T.);
#2853 = FACE_BOUND('',#2854,.T.);
#2854 = VERTEX_LOOP('',#2855);
#2855 = VERTEX_POINT('',#2856);
#2856 = CARTESIAN_POINT('',(1.5,1.,0.));
#2857 = SPHERICAL_SURFACE('',#2858,0.155);
#2858 = AXIS2_PLACEMENT_3D('',#2859,#2860,#2861);
#2859 = CARTESIAN_POINT('',(1.5,1.,0.155));
#2860 = DIRECTION('',(0.,0.,1.));
#2861 = DIRECTION('',(1.,0.,0.));
#2862 = MANIFOLD_SOLID_BREP('',#2863);
#2863 = CLOSED_SHELL('',(#2864));
#2864 = ADVANCED_FACE('',(#2865),#2869,.T.);
#2865 = FACE_BOUND('',#2866,.T.);
#2866 = VERTEX_LOOP('',#2867);
#2867 = VERTEX_POINT('',#2868);
#2868 = CARTESIAN_POINT('',(1.5,0.5,0.));
#2869 = SPHERICAL_SURFACE('',#2870,0.155);
#2870 = AXIS2_PLACEMENT_3D('',#2871,#2872,#2873);
#2871 = CARTESIAN_POINT('',(1.5,0.5,0.155));
#2872 = DIRECTION('',(0.,0.,1.));
#2873 = DIRECTION('',(1.,0.,0.));
#2874 = MANIFOLD_SOLID_BREP('',#2875);
#2875 = CLOSED_SHELL('',(#2876));
#2876 = ADVANCED_FACE('',(#2877),#2881,.T.);
#2877 = FACE_BOUND('',#2878,.T.);
#2878 = VERTEX_LOOP('',#2879);
#2879 = VERTEX_POINT('',#2880);
#2880 = CARTESIAN_POINT('',(1.5,0.,0.));
#2881 = SPHERICAL_SURFACE('',#2882,0.155);
#2882 = AXIS2_PLACEMENT_3D('',#2883,#2884,#2885);
#2883 = CARTESIAN_POINT('',(1.5,0.,0.155));
#2884 = DIRECTION('',(0.,0.,1.));
#2885 = DIRECTION('',(1.,0.,0.));
#2886 = MANIFOLD_SOLID_BREP('',#2887);
#2887 = CLOSED_SHELL('',(#2888));
#2888 = ADVANCED_FACE('',(#2889),#2893,.T.);
#2889 = FACE_BOUND('',#2890,.T.);
#2890 = VERTEX_LOOP('',#2891);
#2891 = VERTEX_POINT('',#2892);
#2892 = CARTESIAN_POINT('',(1.5,-0.5,0.));
#2893 = SPHERICAL_SURFACE('',#2894,0.155);
#2894 = AXIS2_PLACEMENT_3D('',#2895,#2896,#2897);
#2895 = CARTESIAN_POINT('',(1.5,-0.5,0.155));
#2896 = DIRECTION('',(0.,0.,1.));
#2897 = DIRECTION('',(1.,0.,0.));
#2898 = MANIFOLD_SOLID_BREP('',#2899);
#2899 = CLOSED_SHELL('',(#2900));
#2900 = ADVANCED_FACE('',(#2901),#2905,.T.);
#2901 = FACE_BOUND('',#2902,.T.);
#2902 = VERTEX_LOOP('',#2903);
#2903 = VERTEX_POINT('',#2904);
#2904 = CARTESIAN_POINT('',(1.5,-1.,0.));
#2905 = SPHERICAL_SURFACE('',#2906,0.155);
#2906 = AXIS2_PLACEMENT_3D('',#2907,#2908,#2909);
#2907 = CARTESIAN_POINT('',(1.5,-1.,0.155));
#2908 = DIRECTION('',(0.,0.,1.));
#2909 = DIRECTION('',(1.,0.,0.));
#2910 = MANIFOLD_SOLID_BREP('',#2911);
#2911 = CLOSED_SHELL('',(#2912));
#2912 = ADVANCED_FACE('',(#2913),#2917,.T.);
#2913 = FACE_BOUND('',#2914,.T.);
#2914 = VERTEX_LOOP('',#2915);
#2915 = VERTEX_POINT('',#2916);
#2916 = CARTESIAN_POINT('',(1.5,-1.5,0.));
#2917 = SPHERICAL_SURFACE('',#2918,0.155);
#2918 = AXIS2_PLACEMENT_3D('',#2919,#2920,#2921);
#2919 = CARTESIAN_POINT('',(1.5,-1.5,0.155));
#2920 = DIRECTION('',(0.,0.,1.));
#2921 = DIRECTION('',(1.,0.,0.));
#2922 = MANIFOLD_SOLID_BREP('',#2923);
#2923 = CLOSED_SHELL('',(#2924));
#2924 = ADVANCED_FACE('',(#2925),#2929,.T.);
#2925 = FACE_BOUND('',#2926,.T.);
#2926 = VERTEX_LOOP('',#2927);
#2927 = VERTEX_POINT('',#2928);
#2928 = CARTESIAN_POINT('',(1.5,-2.,0.));
#2929 = SPHERICAL_SURFACE('',#2930,0.155);
#2930 = AXIS2_PLACEMENT_3D('',#2931,#2932,#2933);
#2931 = CARTESIAN_POINT('',(1.5,-2.,0.155));
#2932 = DIRECTION('',(0.,0.,1.));
#2933 = DIRECTION('',(1.,0.,0.));
#2934 = MANIFOLD_SOLID_BREP('',#2935);
#2935 = CLOSED_SHELL('',(#2936));
#2936 = ADVANCED_FACE('',(#2937),#2941,.T.);
#2937 = FACE_BOUND('',#2938,.T.);
#2938 = VERTEX_LOOP('',#2939);
#2939 = VERTEX_POINT('',#2940);
#2940 = CARTESIAN_POINT('',(1.5,-2.5,0.));
#2941 = SPHERICAL_SURFACE('',#2942,0.155);
#2942 = AXIS2_PLACEMENT_3D('',#2943,#2944,#2945);
#2943 = CARTESIAN_POINT('',(1.5,-2.5,0.155));
#2944 = DIRECTION('',(0.,0.,1.));
#2945 = DIRECTION('',(1.,0.,0.));
#2946 = MANIFOLD_SOLID_BREP('',#2947);
#2947 = CLOSED_SHELL('',(#2948));
#2948 = ADVANCED_FACE('',(#2949),#2953,.T.);
#2949 = FACE_BOUND('',#2950,.T.);
#2950 = VERTEX_LOOP('',#2951);
#2951 = VERTEX_POINT('',#2952);
#2952 = CARTESIAN_POINT('',(1.5,-3.,0.));
#2953 = SPHERICAL_SURFACE('',#2954,0.155);
#2954 = AXIS2_PLACEMENT_3D('',#2955,#2956,#2957);
#2955 = CARTESIAN_POINT('',(1.5,-3.,0.155));
#2956 = DIRECTION('',(0.,0.,1.));
#2957 = DIRECTION('',(1.,0.,0.));
#2958 = MANIFOLD_SOLID_BREP('',#2959);
#2959 = CLOSED_SHELL('',(#2960));
#2960 = ADVANCED_FACE('',(#2961),#2965,.T.);
#2961 = FACE_BOUND('',#2962,.T.);
#2962 = VERTEX_LOOP('',#2963);
#2963 = VERTEX_POINT('',#2964);
#2964 = CARTESIAN_POINT('',(1.5,-3.5,0.));
#2965 = SPHERICAL_SURFACE('',#2966,0.155);
#2966 = AXIS2_PLACEMENT_3D('',#2967,#2968,#2969);
#2967 = CARTESIAN_POINT('',(1.5,-3.5,0.155));
#2968 = DIRECTION('',(0.,0.,1.));
#2969 = DIRECTION('',(1.,0.,0.));
#2970 = MANIFOLD_SOLID_BREP('',#2971);
#2971 = CLOSED_SHELL('',(#2972));
#2972 = ADVANCED_FACE('',(#2973),#2977,.T.);
#2973 = FACE_BOUND('',#2974,.T.);
#2974 = VERTEX_LOOP('',#2975);
#2975 = VERTEX_POINT('',#2976);
#2976 = CARTESIAN_POINT('',(1.5,-4.,0.));
#2977 = SPHERICAL_SURFACE('',#2978,0.155);
#2978 = AXIS2_PLACEMENT_3D('',#2979,#2980,#2981);
#2979 = CARTESIAN_POINT('',(1.5,-4.,0.155));
#2980 = DIRECTION('',(0.,0.,1.));
#2981 = DIRECTION('',(1.,0.,0.));
#2982 = MANIFOLD_SOLID_BREP('',#2983);
#2983 = CLOSED_SHELL('',(#2984));
#2984 = ADVANCED_FACE('',(#2985),#2989,.T.);
#2985 = FACE_BOUND('',#2986,.T.);
#2986 = VERTEX_LOOP('',#2987);
#2987 = VERTEX_POINT('',#2988);
#2988 = CARTESIAN_POINT('',(1.5,-4.5,0.));
#2989 = SPHERICAL_SURFACE('',#2990,0.155);
#2990 = AXIS2_PLACEMENT_3D('',#2991,#2992,#2993);
#2991 = CARTESIAN_POINT('',(1.5,-4.5,0.155));
#2992 = DIRECTION('',(0.,0.,1.));
#2993 = DIRECTION('',(1.,0.,0.));
#2994 = MANIFOLD_SOLID_BREP('',#2995);
#2995 = CLOSED_SHELL('',(#2996));
#2996 = ADVANCED_FACE('',(#2997),#3001,.T.);
#2997 = FACE_BOUND('',#2998,.T.);
#2998 = VERTEX_LOOP('',#2999);
#2999 = VERTEX_POINT('',#3000);
#3000 = CARTESIAN_POINT('',(2.,4.5,0.));
#3001 = SPHERICAL_SURFACE('',#3002,0.155);
#3002 = AXIS2_PLACEMENT_3D('',#3003,#3004,#3005);
#3003 = CARTESIAN_POINT('',(2.,4.5,0.155));
#3004 = DIRECTION('',(0.,0.,1.));
#3005 = DIRECTION('',(1.,0.,0.));
#3006 = MANIFOLD_SOLID_BREP('',#3007);
#3007 = CLOSED_SHELL('',(#3008));
#3008 = ADVANCED_FACE('',(#3009),#3013,.T.);
#3009 = FACE_BOUND('',#3010,.T.);
#3010 = VERTEX_LOOP('',#3011);
#3011 = VERTEX_POINT('',#3012);
#3012 = CARTESIAN_POINT('',(2.,4.,0.));
#3013 = SPHERICAL_SURFACE('',#3014,0.155);
#3014 = AXIS2_PLACEMENT_3D('',#3015,#3016,#3017);
#3015 = CARTESIAN_POINT('',(2.,4.,0.155));
#3016 = DIRECTION('',(0.,0.,1.));
#3017 = DIRECTION('',(1.,0.,0.));
#3018 = MANIFOLD_SOLID_BREP('',#3019);
#3019 = CLOSED_SHELL('',(#3020));
#3020 = ADVANCED_FACE('',(#3021),#3025,.T.);
#3021 = FACE_BOUND('',#3022,.T.);
#3022 = VERTEX_LOOP('',#3023);
#3023 = VERTEX_POINT('',#3024);
#3024 = CARTESIAN_POINT('',(2.,3.5,0.));
#3025 = SPHERICAL_SURFACE('',#3026,0.155);
#3026 = AXIS2_PLACEMENT_3D('',#3027,#3028,#3029);
#3027 = CARTESIAN_POINT('',(2.,3.5,0.155));
#3028 = DIRECTION('',(0.,0.,1.));
#3029 = DIRECTION('',(1.,0.,0.));
#3030 = MANIFOLD_SOLID_BREP('',#3031);
#3031 = CLOSED_SHELL('',(#3032));
#3032 = ADVANCED_FACE('',(#3033),#3037,.T.);
#3033 = FACE_BOUND('',#3034,.T.);
#3034 = VERTEX_LOOP('',#3035);
#3035 = VERTEX_POINT('',#3036);
#3036 = CARTESIAN_POINT('',(2.,3.,0.));
#3037 = SPHERICAL_SURFACE('',#3038,0.155);
#3038 = AXIS2_PLACEMENT_3D('',#3039,#3040,#3041);
#3039 = CARTESIAN_POINT('',(2.,3.,0.155));
#3040 = DIRECTION('',(0.,0.,1.));
#3041 = DIRECTION('',(1.,0.,0.));
#3042 = MANIFOLD_SOLID_BREP('',#3043);
#3043 = CLOSED_SHELL('',(#3044));
#3044 = ADVANCED_FACE('',(#3045),#3049,.T.);
#3045 = FACE_BOUND('',#3046,.T.);
#3046 = VERTEX_LOOP('',#3047);
#3047 = VERTEX_POINT('',#3048);
#3048 = CARTESIAN_POINT('',(2.,2.5,0.));
#3049 = SPHERICAL_SURFACE('',#3050,0.155);
#3050 = AXIS2_PLACEMENT_3D('',#3051,#3052,#3053);
#3051 = CARTESIAN_POINT('',(2.,2.5,0.155));
#3052 = DIRECTION('',(0.,0.,1.));
#3053 = DIRECTION('',(1.,0.,0.));
#3054 = MANIFOLD_SOLID_BREP('',#3055);
#3055 = CLOSED_SHELL('',(#3056));
#3056 = ADVANCED_FACE('',(#3057),#3061,.T.);
#3057 = FACE_BOUND('',#3058,.T.);
#3058 = VERTEX_LOOP('',#3059);
#3059 = VERTEX_POINT('',#3060);
#3060 = CARTESIAN_POINT('',(2.,2.,0.));
#3061 = SPHERICAL_SURFACE('',#3062,0.155);
#3062 = AXIS2_PLACEMENT_3D('',#3063,#3064,#3065);
#3063 = CARTESIAN_POINT('',(2.,2.,0.155));
#3064 = DIRECTION('',(0.,0.,1.));
#3065 = DIRECTION('',(1.,0.,0.));
#3066 = MANIFOLD_SOLID_BREP('',#3067);
#3067 = CLOSED_SHELL('',(#3068));
#3068 = ADVANCED_FACE('',(#3069),#3073,.T.);
#3069 = FACE_BOUND('',#3070,.T.);
#3070 = VERTEX_LOOP('',#3071);
#3071 = VERTEX_POINT('',#3072);
#3072 = CARTESIAN_POINT('',(2.,1.5,0.));
#3073 = SPHERICAL_SURFACE('',#3074,0.155);
#3074 = AXIS2_PLACEMENT_3D('',#3075,#3076,#3077);
#3075 = CARTESIAN_POINT('',(2.,1.5,0.155));
#3076 = DIRECTION('',(0.,0.,1.));
#3077 = DIRECTION('',(1.,0.,0.));
#3078 = MANIFOLD_SOLID_BREP('',#3079);
#3079 = CLOSED_SHELL('',(#3080));
#3080 = ADVANCED_FACE('',(#3081),#3085,.T.);
#3081 = FACE_BOUND('',#3082,.T.);
#3082 = VERTEX_LOOP('',#3083);
#3083 = VERTEX_POINT('',#3084);
#3084 = CARTESIAN_POINT('',(2.,1.,0.));
#3085 = SPHERICAL_SURFACE('',#3086,0.155);
#3086 = AXIS2_PLACEMENT_3D('',#3087,#3088,#3089);
#3087 = CARTESIAN_POINT('',(2.,1.,0.155));
#3088 = DIRECTION('',(0.,0.,1.));
#3089 = DIRECTION('',(1.,0.,0.));
#3090 = MANIFOLD_SOLID_BREP('',#3091);
#3091 = CLOSED_SHELL('',(#3092));
#3092 = ADVANCED_FACE('',(#3093),#3097,.T.);
#3093 = FACE_BOUND('',#3094,.T.);
#3094 = VERTEX_LOOP('',#3095);
#3095 = VERTEX_POINT('',#3096);
#3096 = CARTESIAN_POINT('',(2.,0.5,0.));
#3097 = SPHERICAL_SURFACE('',#3098,0.155);
#3098 = AXIS2_PLACEMENT_3D('',#3099,#3100,#3101);
#3099 = CARTESIAN_POINT('',(2.,0.5,0.155));
#3100 = DIRECTION('',(0.,0.,1.));
#3101 = DIRECTION('',(1.,0.,0.));
#3102 = MANIFOLD_SOLID_BREP('',#3103);
#3103 = CLOSED_SHELL('',(#3104));
#3104 = ADVANCED_FACE('',(#3105),#3109,.T.);
#3105 = FACE_BOUND('',#3106,.T.);
#3106 = VERTEX_LOOP('',#3107);
#3107 = VERTEX_POINT('',#3108);
#3108 = CARTESIAN_POINT('',(2.,0.,0.));
#3109 = SPHERICAL_SURFACE('',#3110,0.155);
#3110 = AXIS2_PLACEMENT_3D('',#3111,#3112,#3113);
#3111 = CARTESIAN_POINT('',(2.,0.,0.155));
#3112 = DIRECTION('',(0.,0.,1.));
#3113 = DIRECTION('',(1.,0.,0.));
#3114 = MANIFOLD_SOLID_BREP('',#3115);
#3115 = CLOSED_SHELL('',(#3116));
#3116 = ADVANCED_FACE('',(#3117),#3121,.T.);
#3117 = FACE_BOUND('',#3118,.T.);
#3118 = VERTEX_LOOP('',#3119);
#3119 = VERTEX_POINT('',#3120);
#3120 = CARTESIAN_POINT('',(2.,-0.5,0.));
#3121 = SPHERICAL_SURFACE('',#3122,0.155);
#3122 = AXIS2_PLACEMENT_3D('',#3123,#3124,#3125);
#3123 = CARTESIAN_POINT('',(2.,-0.5,0.155));
#3124 = DIRECTION('',(0.,0.,1.));
#3125 = DIRECTION('',(1.,0.,0.));
#3126 = MANIFOLD_SOLID_BREP('',#3127);
#3127 = CLOSED_SHELL('',(#3128));
#3128 = ADVANCED_FACE('',(#3129),#3133,.T.);
#3129 = FACE_BOUND('',#3130,.T.);
#3130 = VERTEX_LOOP('',#3131);
#3131 = VERTEX_POINT('',#3132);
#3132 = CARTESIAN_POINT('',(2.,-1.,0.));
#3133 = SPHERICAL_SURFACE('',#3134,0.155);
#3134 = AXIS2_PLACEMENT_3D('',#3135,#3136,#3137);
#3135 = CARTESIAN_POINT('',(2.,-1.,0.155));
#3136 = DIRECTION('',(0.,0.,1.));
#3137 = DIRECTION('',(1.,0.,0.));
#3138 = MANIFOLD_SOLID_BREP('',#3139);
#3139 = CLOSED_SHELL('',(#3140));
#3140 = ADVANCED_FACE('',(#3141),#3145,.T.);
#3141 = FACE_BOUND('',#3142,.T.);
#3142 = VERTEX_LOOP('',#3143);
#3143 = VERTEX_POINT('',#3144);
#3144 = CARTESIAN_POINT('',(2.,-1.5,0.));
#3145 = SPHERICAL_SURFACE('',#3146,0.155);
#3146 = AXIS2_PLACEMENT_3D('',#3147,#3148,#3149);
#3147 = CARTESIAN_POINT('',(2.,-1.5,0.155));
#3148 = DIRECTION('',(0.,0.,1.));
#3149 = DIRECTION('',(1.,0.,0.));
#3150 = MANIFOLD_SOLID_BREP('',#3151);
#3151 = CLOSED_SHELL('',(#3152));
#3152 = ADVANCED_FACE('',(#3153),#3157,.T.);
#3153 = FACE_BOUND('',#3154,.T.);
#3154 = VERTEX_LOOP('',#3155);
#3155 = VERTEX_POINT('',#3156);
#3156 = CARTESIAN_POINT('',(2.,-2.,0.));
#3157 = SPHERICAL_SURFACE('',#3158,0.155);
#3158 = AXIS2_PLACEMENT_3D('',#3159,#3160,#3161);
#3159 = CARTESIAN_POINT('',(2.,-2.,0.155));
#3160 = DIRECTION('',(0.,0.,1.));
#3161 = DIRECTION('',(1.,0.,0.));
#3162 = MANIFOLD_SOLID_BREP('',#3163);
#3163 = CLOSED_SHELL('',(#3164));
#3164 = ADVANCED_FACE('',(#3165),#3169,.T.);
#3165 = FACE_BOUND('',#3166,.T.);
#3166 = VERTEX_LOOP('',#3167);
#3167 = VERTEX_POINT('',#3168);
#3168 = CARTESIAN_POINT('',(2.,-2.5,0.));
#3169 = SPHERICAL_SURFACE('',#3170,0.155);
#3170 = AXIS2_PLACEMENT_3D('',#3171,#3172,#3173);
#3171 = CARTESIAN_POINT('',(2.,-2.5,0.155));
#3172 = DIRECTION('',(0.,0.,1.));
#3173 = DIRECTION('',(1.,0.,0.));
#3174 = MANIFOLD_SOLID_BREP('',#3175);
#3175 = CLOSED_SHELL('',(#3176));
#3176 = ADVANCED_FACE('',(#3177),#3181,.T.);
#3177 = FACE_BOUND('',#3178,.T.);
#3178 = VERTEX_LOOP('',#3179);
#3179 = VERTEX_POINT('',#3180);
#3180 = CARTESIAN_POINT('',(2.,-3.,0.));
#3181 = SPHERICAL_SURFACE('',#3182,0.155);
#3182 = AXIS2_PLACEMENT_3D('',#3183,#3184,#3185);
#3183 = CARTESIAN_POINT('',(2.,-3.,0.155));
#3184 = DIRECTION('',(0.,0.,1.));
#3185 = DIRECTION('',(1.,0.,0.));
#3186 = MANIFOLD_SOLID_BREP('',#3187);
#3187 = CLOSED_SHELL('',(#3188));
#3188 = ADVANCED_FACE('',(#3189),#3193,.T.);
#3189 = FACE_BOUND('',#3190,.T.);
#3190 = VERTEX_LOOP('',#3191);
#3191 = VERTEX_POINT('',#3192);
#3192 = CARTESIAN_POINT('',(2.,-3.5,0.));
#3193 = SPHERICAL_SURFACE('',#3194,0.155);
#3194 = AXIS2_PLACEMENT_3D('',#3195,#3196,#3197);
#3195 = CARTESIAN_POINT('',(2.,-3.5,0.155));
#3196 = DIRECTION('',(0.,0.,1.));
#3197 = DIRECTION('',(1.,0.,0.));
#3198 = MANIFOLD_SOLID_BREP('',#3199);
#3199 = CLOSED_SHELL('',(#3200));
#3200 = ADVANCED_FACE('',(#3201),#3205,.T.);
#3201 = FACE_BOUND('',#3202,.T.);
#3202 = VERTEX_LOOP('',#3203);
#3203 = VERTEX_POINT('',#3204);
#3204 = CARTESIAN_POINT('',(2.,-4.,0.));
#3205 = SPHERICAL_SURFACE('',#3206,0.155);
#3206 = AXIS2_PLACEMENT_3D('',#3207,#3208,#3209);
#3207 = CARTESIAN_POINT('',(2.,-4.,0.155));
#3208 = DIRECTION('',(0.,0.,1.));
#3209 = DIRECTION('',(1.,0.,0.));
#3210 = MANIFOLD_SOLID_BREP('',#3211);
#3211 = CLOSED_SHELL('',(#3212));
#3212 = ADVANCED_FACE('',(#3213),#3217,.T.);
#3213 = FACE_BOUND('',#3214,.T.);
#3214 = VERTEX_LOOP('',#3215);
#3215 = VERTEX_POINT('',#3216);
#3216 = CARTESIAN_POINT('',(2.,-4.5,0.));
#3217 = SPHERICAL_SURFACE('',#3218,0.155);
#3218 = AXIS2_PLACEMENT_3D('',#3219,#3220,#3221);
#3219 = CARTESIAN_POINT('',(2.,-4.5,0.155));
#3220 = DIRECTION('',(0.,0.,1.));
#3221 = DIRECTION('',(1.,0.,0.));
#3222 = MANIFOLD_SOLID_BREP('',#3223);
#3223 = CLOSED_SHELL('',(#3224));
#3224 = ADVANCED_FACE('',(#3225),#3229,.T.);
#3225 = FACE_BOUND('',#3226,.T.);
#3226 = VERTEX_LOOP('',#3227);
#3227 = VERTEX_POINT('',#3228);
#3228 = CARTESIAN_POINT('',(2.5,4.5,0.));
#3229 = SPHERICAL_SURFACE('',#3230,0.155);
#3230 = AXIS2_PLACEMENT_3D('',#3231,#3232,#3233);
#3231 = CARTESIAN_POINT('',(2.5,4.5,0.155));
#3232 = DIRECTION('',(0.,0.,1.));
#3233 = DIRECTION('',(1.,0.,0.));
#3234 = MANIFOLD_SOLID_BREP('',#3235);
#3235 = CLOSED_SHELL('',(#3236));
#3236 = ADVANCED_FACE('',(#3237),#3241,.T.);
#3237 = FACE_BOUND('',#3238,.T.);
#3238 = VERTEX_LOOP('',#3239);
#3239 = VERTEX_POINT('',#3240);
#3240 = CARTESIAN_POINT('',(2.5,4.,0.));
#3241 = SPHERICAL_SURFACE('',#3242,0.155);
#3242 = AXIS2_PLACEMENT_3D('',#3243,#3244,#3245);
#3243 = CARTESIAN_POINT('',(2.5,4.,0.155));
#3244 = DIRECTION('',(0.,0.,1.));
#3245 = DIRECTION('',(1.,0.,0.));
#3246 = MANIFOLD_SOLID_BREP('',#3247);
#3247 = CLOSED_SHELL('',(#3248));
#3248 = ADVANCED_FACE('',(#3249),#3253,.T.);
#3249 = FACE_BOUND('',#3250,.T.);
#3250 = VERTEX_LOOP('',#3251);
#3251 = VERTEX_POINT('',#3252);
#3252 = CARTESIAN_POINT('',(2.5,3.5,0.));
#3253 = SPHERICAL_SURFACE('',#3254,0.155);
#3254 = AXIS2_PLACEMENT_3D('',#3255,#3256,#3257);
#3255 = CARTESIAN_POINT('',(2.5,3.5,0.155));
#3256 = DIRECTION('',(0.,0.,1.));
#3257 = DIRECTION('',(1.,0.,0.));
#3258 = MANIFOLD_SOLID_BREP('',#3259);
#3259 = CLOSED_SHELL('',(#3260));
#3260 = ADVANCED_FACE('',(#3261),#3265,.T.);
#3261 = FACE_BOUND('',#3262,.T.);
#3262 = VERTEX_LOOP('',#3263);
#3263 = VERTEX_POINT('',#3264);
#3264 = CARTESIAN_POINT('',(2.5,3.,0.));
#3265 = SPHERICAL_SURFACE('',#3266,0.155);
#3266 = AXIS2_PLACEMENT_3D('',#3267,#3268,#3269);
#3267 = CARTESIAN_POINT('',(2.5,3.,0.155));
#3268 = DIRECTION('',(0.,0.,1.));
#3269 = DIRECTION('',(1.,0.,0.));
#3270 = MANIFOLD_SOLID_BREP('',#3271);
#3271 = CLOSED_SHELL('',(#3272));
#3272 = ADVANCED_FACE('',(#3273),#3277,.T.);
#3273 = FACE_BOUND('',#3274,.T.);
#3274 = VERTEX_LOOP('',#3275);
#3275 = VERTEX_POINT('',#3276);
#3276 = CARTESIAN_POINT('',(2.5,2.5,0.));
#3277 = SPHERICAL_SURFACE('',#3278,0.155);
#3278 = AXIS2_PLACEMENT_3D('',#3279,#3280,#3281);
#3279 = CARTESIAN_POINT('',(2.5,2.5,0.155));
#3280 = DIRECTION('',(0.,0.,1.));
#3281 = DIRECTION('',(1.,0.,0.));
#3282 = MANIFOLD_SOLID_BREP('',#3283);
#3283 = CLOSED_SHELL('',(#3284));
#3284 = ADVANCED_FACE('',(#3285),#3289,.T.);
#3285 = FACE_BOUND('',#3286,.T.);
#3286 = VERTEX_LOOP('',#3287);
#3287 = VERTEX_POINT('',#3288);
#3288 = CARTESIAN_POINT('',(2.5,2.,0.));
#3289 = SPHERICAL_SURFACE('',#3290,0.155);
#3290 = AXIS2_PLACEMENT_3D('',#3291,#3292,#3293);
#3291 = CARTESIAN_POINT('',(2.5,2.,0.155));
#3292 = DIRECTION('',(0.,0.,1.));
#3293 = DIRECTION('',(1.,0.,0.));
#3294 = MANIFOLD_SOLID_BREP('',#3295);
#3295 = CLOSED_SHELL('',(#3296));
#3296 = ADVANCED_FACE('',(#3297),#3301,.T.);
#3297 = FACE_BOUND('',#3298,.T.);
#3298 = VERTEX_LOOP('',#3299);
#3299 = VERTEX_POINT('',#3300);
#3300 = CARTESIAN_POINT('',(2.5,1.5,0.));
#3301 = SPHERICAL_SURFACE('',#3302,0.155);
#3302 = AXIS2_PLACEMENT_3D('',#3303,#3304,#3305);
#3303 = CARTESIAN_POINT('',(2.5,1.5,0.155));
#3304 = DIRECTION('',(0.,0.,1.));
#3305 = DIRECTION('',(1.,0.,0.));
#3306 = MANIFOLD_SOLID_BREP('',#3307);
#3307 = CLOSED_SHELL('',(#3308));
#3308 = ADVANCED_FACE('',(#3309),#3313,.T.);
#3309 = FACE_BOUND('',#3310,.T.);
#3310 = VERTEX_LOOP('',#3311);
#3311 = VERTEX_POINT('',#3312);
#3312 = CARTESIAN_POINT('',(2.5,1.,0.));
#3313 = SPHERICAL_SURFACE('',#3314,0.155);
#3314 = AXIS2_PLACEMENT_3D('',#3315,#3316,#3317);
#3315 = CARTESIAN_POINT('',(2.5,1.,0.155));
#3316 = DIRECTION('',(0.,0.,1.));
#3317 = DIRECTION('',(1.,0.,0.));
#3318 = MANIFOLD_SOLID_BREP('',#3319);
#3319 = CLOSED_SHELL('',(#3320));
#3320 = ADVANCED_FACE('',(#3321),#3325,.T.);
#3321 = FACE_BOUND('',#3322,.T.);
#3322 = VERTEX_LOOP('',#3323);
#3323 = VERTEX_POINT('',#3324);
#3324 = CARTESIAN_POINT('',(2.5,0.5,0.));
#3325 = SPHERICAL_SURFACE('',#3326,0.155);
#3326 = AXIS2_PLACEMENT_3D('',#3327,#3328,#3329);
#3327 = CARTESIAN_POINT('',(2.5,0.5,0.155));
#3328 = DIRECTION('',(0.,0.,1.));
#3329 = DIRECTION('',(1.,0.,0.));
#3330 = MANIFOLD_SOLID_BREP('',#3331);
#3331 = CLOSED_SHELL('',(#3332));
#3332 = ADVANCED_FACE('',(#3333),#3337,.T.);
#3333 = FACE_BOUND('',#3334,.T.);
#3334 = VERTEX_LOOP('',#3335);
#3335 = VERTEX_POINT('',#3336);
#3336 = CARTESIAN_POINT('',(2.5,0.,0.));
#3337 = SPHERICAL_SURFACE('',#3338,0.155);
#3338 = AXIS2_PLACEMENT_3D('',#3339,#3340,#3341);
#3339 = CARTESIAN_POINT('',(2.5,0.,0.155));
#3340 = DIRECTION('',(0.,0.,1.));
#3341 = DIRECTION('',(1.,0.,0.));
#3342 = MANIFOLD_SOLID_BREP('',#3343);
#3343 = CLOSED_SHELL('',(#3344));
#3344 = ADVANCED_FACE('',(#3345),#3349,.T.);
#3345 = FACE_BOUND('',#3346,.T.);
#3346 = VERTEX_LOOP('',#3347);
#3347 = VERTEX_POINT('',#3348);
#3348 = CARTESIAN_POINT('',(2.5,-0.5,0.));
#3349 = SPHERICAL_SURFACE('',#3350,0.155);
#3350 = AXIS2_PLACEMENT_3D('',#3351,#3352,#3353);
#3351 = CARTESIAN_POINT('',(2.5,-0.5,0.155));
#3352 = DIRECTION('',(0.,0.,1.));
#3353 = DIRECTION('',(1.,0.,0.));
#3354 = MANIFOLD_SOLID_BREP('',#3355);
#3355 = CLOSED_SHELL('',(#3356));
#3356 = ADVANCED_FACE('',(#3357),#3361,.T.);
#3357 = FACE_BOUND('',#3358,.T.);
#3358 = VERTEX_LOOP('',#3359);
#3359 = VERTEX_POINT('',#3360);
#3360 = CARTESIAN_POINT('',(2.5,-1.,0.));
#3361 = SPHERICAL_SURFACE('',#3362,0.155);
#3362 = AXIS2_PLACEMENT_3D('',#3363,#3364,#3365);
#3363 = CARTESIAN_POINT('',(2.5,-1.,0.155));
#3364 = DIRECTION('',(0.,0.,1.));
#3365 = DIRECTION('',(1.,0.,0.));
#3366 = MANIFOLD_SOLID_BREP('',#3367);
#3367 = CLOSED_SHELL('',(#3368));
#3368 = ADVANCED_FACE('',(#3369),#3373,.T.);
#3369 = FACE_BOUND('',#3370,.T.);
#3370 = VERTEX_LOOP('',#3371);
#3371 = VERTEX_POINT('',#3372);
#3372 = CARTESIAN_POINT('',(2.5,-1.5,0.));
#3373 = SPHERICAL_SURFACE('',#3374,0.155);
#3374 = AXIS2_PLACEMENT_3D('',#3375,#3376,#3377);
#3375 = CARTESIAN_POINT('',(2.5,-1.5,0.155));
#3376 = DIRECTION('',(0.,0.,1.));
#3377 = DIRECTION('',(1.,0.,0.));
#3378 = MANIFOLD_SOLID_BREP('',#3379);
#3379 = CLOSED_SHELL('',(#3380));
#3380 = ADVANCED_FACE('',(#3381),#3385,.T.);
#3381 = FACE_BOUND('',#3382,.T.);
#3382 = VERTEX_LOOP('',#3383);
#3383 = VERTEX_POINT('',#3384);
#3384 = CARTESIAN_POINT('',(2.5,-2.,0.));
#3385 = SPHERICAL_SURFACE('',#3386,0.155);
#3386 = AXIS2_PLACEMENT_3D('',#3387,#3388,#3389);
#3387 = CARTESIAN_POINT('',(2.5,-2.,0.155));
#3388 = DIRECTION('',(0.,0.,1.));
#3389 = DIRECTION('',(1.,0.,0.));
#3390 = MANIFOLD_SOLID_BREP('',#3391);
#3391 = CLOSED_SHELL('',(#3392));
#3392 = ADVANCED_FACE('',(#3393),#3397,.T.);
#3393 = FACE_BOUND('',#3394,.T.);
#3394 = VERTEX_LOOP('',#3395);
#3395 = VERTEX_POINT('',#3396);
#3396 = CARTESIAN_POINT('',(2.5,-2.5,0.));
#3397 = SPHERICAL_SURFACE('',#3398,0.155);
#3398 = AXIS2_PLACEMENT_3D('',#3399,#3400,#3401);
#3399 = CARTESIAN_POINT('',(2.5,-2.5,0.155));
#3400 = DIRECTION('',(0.,0.,1.));
#3401 = DIRECTION('',(1.,0.,0.));
#3402 = MANIFOLD_SOLID_BREP('',#3403);
#3403 = CLOSED_SHELL('',(#3404));
#3404 = ADVANCED_FACE('',(#3405),#3409,.T.);
#3405 = FACE_BOUND('',#3406,.T.);
#3406 = VERTEX_LOOP('',#3407);
#3407 = VERTEX_POINT('',#3408);
#3408 = CARTESIAN_POINT('',(2.5,-3.,0.));
#3409 = SPHERICAL_SURFACE('',#3410,0.155);
#3410 = AXIS2_PLACEMENT_3D('',#3411,#3412,#3413);
#3411 = CARTESIAN_POINT('',(2.5,-3.,0.155));
#3412 = DIRECTION('',(0.,0.,1.));
#3413 = DIRECTION('',(1.,0.,0.));
#3414 = MANIFOLD_SOLID_BREP('',#3415);
#3415 = CLOSED_SHELL('',(#3416));
#3416 = ADVANCED_FACE('',(#3417),#3421,.T.);
#3417 = FACE_BOUND('',#3418,.T.);
#3418 = VERTEX_LOOP('',#3419);
#3419 = VERTEX_POINT('',#3420);
#3420 = CARTESIAN_POINT('',(2.5,-3.5,0.));
#3421 = SPHERICAL_SURFACE('',#3422,0.155);
#3422 = AXIS2_PLACEMENT_3D('',#3423,#3424,#3425);
#3423 = CARTESIAN_POINT('',(2.5,-3.5,0.155));
#3424 = DIRECTION('',(0.,0.,1.));
#3425 = DIRECTION('',(1.,0.,0.));
#3426 = MANIFOLD_SOLID_BREP('',#3427);
#3427 = CLOSED_SHELL('',(#3428));
#3428 = ADVANCED_FACE('',(#3429),#3433,.T.);
#3429 = FACE_BOUND('',#3430,.T.);
#3430 = VERTEX_LOOP('',#3431);
#3431 = VERTEX_POINT('',#3432);
#3432 = CARTESIAN_POINT('',(2.5,-4.,0.));
#3433 = SPHERICAL_SURFACE('',#3434,0.155);
#3434 = AXIS2_PLACEMENT_3D('',#3435,#3436,#3437);
#3435 = CARTESIAN_POINT('',(2.5,-4.,0.155));
#3436 = DIRECTION('',(0.,0.,1.));
#3437 = DIRECTION('',(1.,0.,0.));
#3438 = MANIFOLD_SOLID_BREP('',#3439);
#3439 = CLOSED_SHELL('',(#3440));
#3440 = ADVANCED_FACE('',(#3441),#3445,.T.);
#3441 = FACE_BOUND('',#3442,.T.);
#3442 = VERTEX_LOOP('',#3443);
#3443 = VERTEX_POINT('',#3444);
#3444 = CARTESIAN_POINT('',(2.5,-4.5,0.));
#3445 = SPHERICAL_SURFACE('',#3446,0.155);
#3446 = AXIS2_PLACEMENT_3D('',#3447,#3448,#3449);
#3447 = CARTESIAN_POINT('',(2.5,-4.5,0.155));
#3448 = DIRECTION('',(0.,0.,1.));
#3449 = DIRECTION('',(1.,0.,0.));
#3450 = MANIFOLD_SOLID_BREP('',#3451);
#3451 = CLOSED_SHELL('',(#3452));
#3452 = ADVANCED_FACE('',(#3453),#3457,.T.);
#3453 = FACE_BOUND('',#3454,.T.);
#3454 = VERTEX_LOOP('',#3455);
#3455 = VERTEX_POINT('',#3456);
#3456 = CARTESIAN_POINT('',(3.,4.5,0.));
#3457 = SPHERICAL_SURFACE('',#3458,0.155);
#3458 = AXIS2_PLACEMENT_3D('',#3459,#3460,#3461);
#3459 = CARTESIAN_POINT('',(3.,4.5,0.155));
#3460 = DIRECTION('',(0.,0.,1.));
#3461 = DIRECTION('',(1.,0.,0.));
#3462 = MANIFOLD_SOLID_BREP('',#3463);
#3463 = CLOSED_SHELL('',(#3464));
#3464 = ADVANCED_FACE('',(#3465),#3469,.T.);
#3465 = FACE_BOUND('',#3466,.T.);
#3466 = VERTEX_LOOP('',#3467);
#3467 = VERTEX_POINT('',#3468);
#3468 = CARTESIAN_POINT('',(3.,4.,0.));
#3469 = SPHERICAL_SURFACE('',#3470,0.155);
#3470 = AXIS2_PLACEMENT_3D('',#3471,#3472,#3473);
#3471 = CARTESIAN_POINT('',(3.,4.,0.155));
#3472 = DIRECTION('',(0.,0.,1.));
#3473 = DIRECTION('',(1.,0.,0.));
#3474 = MANIFOLD_SOLID_BREP('',#3475);
#3475 = CLOSED_SHELL('',(#3476));
#3476 = ADVANCED_FACE('',(#3477),#3481,.T.);
#3477 = FACE_BOUND('',#3478,.T.);
#3478 = VERTEX_LOOP('',#3479);
#3479 = VERTEX_POINT('',#3480);
#3480 = CARTESIAN_POINT('',(3.,3.5,0.));
#3481 = SPHERICAL_SURFACE('',#3482,0.155);
#3482 = AXIS2_PLACEMENT_3D('',#3483,#3484,#3485);
#3483 = CARTESIAN_POINT('',(3.,3.5,0.155));
#3484 = DIRECTION('',(0.,0.,1.));
#3485 = DIRECTION('',(1.,0.,0.));
#3486 = MANIFOLD_SOLID_BREP('',#3487);
#3487 = CLOSED_SHELL('',(#3488));
#3488 = ADVANCED_FACE('',(#3489),#3493,.T.);
#3489 = FACE_BOUND('',#3490,.T.);
#3490 = VERTEX_LOOP('',#3491);
#3491 = VERTEX_POINT('',#3492);
#3492 = CARTESIAN_POINT('',(3.,3.,0.));
#3493 = SPHERICAL_SURFACE('',#3494,0.155);
#3494 = AXIS2_PLACEMENT_3D('',#3495,#3496,#3497);
#3495 = CARTESIAN_POINT('',(3.,3.,0.155));
#3496 = DIRECTION('',(0.,0.,1.));
#3497 = DIRECTION('',(1.,0.,0.));
#3498 = MANIFOLD_SOLID_BREP('',#3499);
#3499 = CLOSED_SHELL('',(#3500));
#3500 = ADVANCED_FACE('',(#3501),#3505,.T.);
#3501 = FACE_BOUND('',#3502,.T.);
#3502 = VERTEX_LOOP('',#3503);
#3503 = VERTEX_POINT('',#3504);
#3504 = CARTESIAN_POINT('',(3.,2.5,0.));
#3505 = SPHERICAL_SURFACE('',#3506,0.155);
#3506 = AXIS2_PLACEMENT_3D('',#3507,#3508,#3509);
#3507 = CARTESIAN_POINT('',(3.,2.5,0.155));
#3508 = DIRECTION('',(0.,0.,1.));
#3509 = DIRECTION('',(1.,0.,0.));
#3510 = MANIFOLD_SOLID_BREP('',#3511);
#3511 = CLOSED_SHELL('',(#3512));
#3512 = ADVANCED_FACE('',(#3513),#3517,.T.);
#3513 = FACE_BOUND('',#3514,.T.);
#3514 = VERTEX_LOOP('',#3515);
#3515 = VERTEX_POINT('',#3516);
#3516 = CARTESIAN_POINT('',(3.,2.,0.));
#3517 = SPHERICAL_SURFACE('',#3518,0.155);
#3518 = AXIS2_PLACEMENT_3D('',#3519,#3520,#3521);
#3519 = CARTESIAN_POINT('',(3.,2.,0.155));
#3520 = DIRECTION('',(0.,0.,1.));
#3521 = DIRECTION('',(1.,0.,0.));
#3522 = MANIFOLD_SOLID_BREP('',#3523);
#3523 = CLOSED_SHELL('',(#3524));
#3524 = ADVANCED_FACE('',(#3525),#3529,.T.);
#3525 = FACE_BOUND('',#3526,.T.);
#3526 = VERTEX_LOOP('',#3527);
#3527 = VERTEX_POINT('',#3528);
#3528 = CARTESIAN_POINT('',(3.,1.5,0.));
#3529 = SPHERICAL_SURFACE('',#3530,0.155);
#3530 = AXIS2_PLACEMENT_3D('',#3531,#3532,#3533);
#3531 = CARTESIAN_POINT('',(3.,1.5,0.155));
#3532 = DIRECTION('',(0.,0.,1.));
#3533 = DIRECTION('',(1.,0.,0.));
#3534 = MANIFOLD_SOLID_BREP('',#3535);
#3535 = CLOSED_SHELL('',(#3536));
#3536 = ADVANCED_FACE('',(#3537),#3541,.T.);
#3537 = FACE_BOUND('',#3538,.T.);
#3538 = VERTEX_LOOP('',#3539);
#3539 = VERTEX_POINT('',#3540);
#3540 = CARTESIAN_POINT('',(3.,1.,0.));
#3541 = SPHERICAL_SURFACE('',#3542,0.155);
#3542 = AXIS2_PLACEMENT_3D('',#3543,#3544,#3545);
#3543 = CARTESIAN_POINT('',(3.,1.,0.155));
#3544 = DIRECTION('',(0.,0.,1.));
#3545 = DIRECTION('',(1.,0.,0.));
#3546 = MANIFOLD_SOLID_BREP('',#3547);
#3547 = CLOSED_SHELL('',(#3548));
#3548 = ADVANCED_FACE('',(#3549),#3553,.T.);
#3549 = FACE_BOUND('',#3550,.T.);
#3550 = VERTEX_LOOP('',#3551);
#3551 = VERTEX_POINT('',#3552);
#3552 = CARTESIAN_POINT('',(3.,0.5,0.));
#3553 = SPHERICAL_SURFACE('',#3554,0.155);
#3554 = AXIS2_PLACEMENT_3D('',#3555,#3556,#3557);
#3555 = CARTESIAN_POINT('',(3.,0.5,0.155));
#3556 = DIRECTION('',(0.,0.,1.));
#3557 = DIRECTION('',(1.,0.,0.));
#3558 = MANIFOLD_SOLID_BREP('',#3559);
#3559 = CLOSED_SHELL('',(#3560));
#3560 = ADVANCED_FACE('',(#3561),#3565,.T.);
#3561 = FACE_BOUND('',#3562,.T.);
#3562 = VERTEX_LOOP('',#3563);
#3563 = VERTEX_POINT('',#3564);
#3564 = CARTESIAN_POINT('',(3.,0.,0.));
#3565 = SPHERICAL_SURFACE('',#3566,0.155);
#3566 = AXIS2_PLACEMENT_3D('',#3567,#3568,#3569);
#3567 = CARTESIAN_POINT('',(3.,0.,0.155));
#3568 = DIRECTION('',(0.,0.,1.));
#3569 = DIRECTION('',(1.,0.,0.));
#3570 = MANIFOLD_SOLID_BREP('',#3571);
#3571 = CLOSED_SHELL('',(#3572));
#3572 = ADVANCED_FACE('',(#3573),#3577,.T.);
#3573 = FACE_BOUND('',#3574,.T.);
#3574 = VERTEX_LOOP('',#3575);
#3575 = VERTEX_POINT('',#3576);
#3576 = CARTESIAN_POINT('',(3.,-0.5,0.));
#3577 = SPHERICAL_SURFACE('',#3578,0.155);
#3578 = AXIS2_PLACEMENT_3D('',#3579,#3580,#3581);
#3579 = CARTESIAN_POINT('',(3.,-0.5,0.155));
#3580 = DIRECTION('',(0.,0.,1.));
#3581 = DIRECTION('',(1.,0.,0.));
#3582 = MANIFOLD_SOLID_BREP('',#3583);
#3583 = CLOSED_SHELL('',(#3584));
#3584 = ADVANCED_FACE('',(#3585),#3589,.T.);
#3585 = FACE_BOUND('',#3586,.T.);
#3586 = VERTEX_LOOP('',#3587);
#3587 = VERTEX_POINT('',#3588);
#3588 = CARTESIAN_POINT('',(3.,-1.,0.));
#3589 = SPHERICAL_SURFACE('',#3590,0.155);
#3590 = AXIS2_PLACEMENT_3D('',#3591,#3592,#3593);
#3591 = CARTESIAN_POINT('',(3.,-1.,0.155));
#3592 = DIRECTION('',(0.,0.,1.));
#3593 = DIRECTION('',(1.,0.,0.));
#3594 = MANIFOLD_SOLID_BREP('',#3595);
#3595 = CLOSED_SHELL('',(#3596));
#3596 = ADVANCED_FACE('',(#3597),#3601,.T.);
#3597 = FACE_BOUND('',#3598,.T.);
#3598 = VERTEX_LOOP('',#3599);
#3599 = VERTEX_POINT('',#3600);
#3600 = CARTESIAN_POINT('',(3.,-1.5,0.));
#3601 = SPHERICAL_SURFACE('',#3602,0.155);
#3602 = AXIS2_PLACEMENT_3D('',#3603,#3604,#3605);
#3603 = CARTESIAN_POINT('',(3.,-1.5,0.155));
#3604 = DIRECTION('',(0.,0.,1.));
#3605 = DIRECTION('',(1.,0.,0.));
#3606 = MANIFOLD_SOLID_BREP('',#3607);
#3607 = CLOSED_SHELL('',(#3608));
#3608 = ADVANCED_FACE('',(#3609),#3613,.T.);
#3609 = FACE_BOUND('',#3610,.T.);
#3610 = VERTEX_LOOP('',#3611);
#3611 = VERTEX_POINT('',#3612);
#3612 = CARTESIAN_POINT('',(3.,-2.,0.));
#3613 = SPHERICAL_SURFACE('',#3614,0.155);
#3614 = AXIS2_PLACEMENT_3D('',#3615,#3616,#3617);
#3615 = CARTESIAN_POINT('',(3.,-2.,0.155));
#3616 = DIRECTION('',(0.,0.,1.));
#3617 = DIRECTION('',(1.,0.,0.));
#3618 = MANIFOLD_SOLID_BREP('',#3619);
#3619 = CLOSED_SHELL('',(#3620));
#3620 = ADVANCED_FACE('',(#3621),#3625,.T.);
#3621 = FACE_BOUND('',#3622,.T.);
#3622 = VERTEX_LOOP('',#3623);
#3623 = VERTEX_POINT('',#3624);
#3624 = CARTESIAN_POINT('',(3.,-2.5,0.));
#3625 = SPHERICAL_SURFACE('',#3626,0.155);
#3626 = AXIS2_PLACEMENT_3D('',#3627,#3628,#3629);
#3627 = CARTESIAN_POINT('',(3.,-2.5,0.155));
#3628 = DIRECTION('',(0.,0.,1.));
#3629 = DIRECTION('',(1.,0.,0.));
#3630 = MANIFOLD_SOLID_BREP('',#3631);
#3631 = CLOSED_SHELL('',(#3632));
#3632 = ADVANCED_FACE('',(#3633),#3637,.T.);
#3633 = FACE_BOUND('',#3634,.T.);
#3634 = VERTEX_LOOP('',#3635);
#3635 = VERTEX_POINT('',#3636);
#3636 = CARTESIAN_POINT('',(3.,-3.,0.));
#3637 = SPHERICAL_SURFACE('',#3638,0.155);
#3638 = AXIS2_PLACEMENT_3D('',#3639,#3640,#3641);
#3639 = CARTESIAN_POINT('',(3.,-3.,0.155));
#3640 = DIRECTION('',(0.,0.,1.));
#3641 = DIRECTION('',(1.,0.,0.));
#3642 = MANIFOLD_SOLID_BREP('',#3643);
#3643 = CLOSED_SHELL('',(#3644));
#3644 = ADVANCED_FACE('',(#3645),#3649,.T.);
#3645 = FACE_BOUND('',#3646,.T.);
#3646 = VERTEX_LOOP('',#3647);
#3647 = VERTEX_POINT('',#3648);
#3648 = CARTESIAN_POINT('',(3.,-3.5,0.));
#3649 = SPHERICAL_SURFACE('',#3650,0.155);
#3650 = AXIS2_PLACEMENT_3D('',#3651,#3652,#3653);
#3651 = CARTESIAN_POINT('',(3.,-3.5,0.155));
#3652 = DIRECTION('',(0.,0.,1.));
#3653 = DIRECTION('',(1.,0.,0.));
#3654 = MANIFOLD_SOLID_BREP('',#3655);
#3655 = CLOSED_SHELL('',(#3656));
#3656 = ADVANCED_FACE('',(#3657),#3661,.T.);
#3657 = FACE_BOUND('',#3658,.T.);
#3658 = VERTEX_LOOP('',#3659);
#3659 = VERTEX_POINT('',#3660);
#3660 = CARTESIAN_POINT('',(3.,-4.,0.));
#3661 = SPHERICAL_SURFACE('',#3662,0.155);
#3662 = AXIS2_PLACEMENT_3D('',#3663,#3664,#3665);
#3663 = CARTESIAN_POINT('',(3.,-4.,0.155));
#3664 = DIRECTION('',(0.,0.,1.));
#3665 = DIRECTION('',(1.,0.,0.));
#3666 = MANIFOLD_SOLID_BREP('',#3667);
#3667 = CLOSED_SHELL('',(#3668));
#3668 = ADVANCED_FACE('',(#3669),#3673,.T.);
#3669 = FACE_BOUND('',#3670,.T.);
#3670 = VERTEX_LOOP('',#3671);
#3671 = VERTEX_POINT('',#3672);
#3672 = CARTESIAN_POINT('',(3.,-4.5,0.));
#3673 = SPHERICAL_SURFACE('',#3674,0.155);
#3674 = AXIS2_PLACEMENT_3D('',#3675,#3676,#3677);
#3675 = CARTESIAN_POINT('',(3.,-4.5,0.155));
#3676 = DIRECTION('',(0.,0.,1.));
#3677 = DIRECTION('',(1.,0.,0.));
#3678 = MANIFOLD_SOLID_BREP('',#3679);
#3679 = CLOSED_SHELL('',(#3680));
#3680 = ADVANCED_FACE('',(#3681),#3685,.T.);
#3681 = FACE_BOUND('',#3682,.T.);
#3682 = VERTEX_LOOP('',#3683);
#3683 = VERTEX_POINT('',#3684);
#3684 = CARTESIAN_POINT('',(3.5,4.5,0.));
#3685 = SPHERICAL_SURFACE('',#3686,0.155);
#3686 = AXIS2_PLACEMENT_3D('',#3687,#3688,#3689);
#3687 = CARTESIAN_POINT('',(3.5,4.5,0.155));
#3688 = DIRECTION('',(0.,0.,1.));
#3689 = DIRECTION('',(1.,0.,0.));
#3690 = MANIFOLD_SOLID_BREP('',#3691);
#3691 = CLOSED_SHELL('',(#3692));
#3692 = ADVANCED_FACE('',(#3693),#3697,.T.);
#3693 = FACE_BOUND('',#3694,.T.);
#3694 = VERTEX_LOOP('',#3695);
#3695 = VERTEX_POINT('',#3696);
#3696 = CARTESIAN_POINT('',(3.5,4.,0.));
#3697 = SPHERICAL_SURFACE('',#3698,0.155);
#3698 = AXIS2_PLACEMENT_3D('',#3699,#3700,#3701);
#3699 = CARTESIAN_POINT('',(3.5,4.,0.155));
#3700 = DIRECTION('',(0.,0.,1.));
#3701 = DIRECTION('',(1.,0.,0.));
#3702 = MANIFOLD_SOLID_BREP('',#3703);
#3703 = CLOSED_SHELL('',(#3704));
#3704 = ADVANCED_FACE('',(#3705),#3709,.T.);
#3705 = FACE_BOUND('',#3706,.T.);
#3706 = VERTEX_LOOP('',#3707);
#3707 = VERTEX_POINT('',#3708);
#3708 = CARTESIAN_POINT('',(3.5,3.5,0.));
#3709 = SPHERICAL_SURFACE('',#3710,0.155);
#3710 = AXIS2_PLACEMENT_3D('',#3711,#3712,#3713);
#3711 = CARTESIAN_POINT('',(3.5,3.5,0.155));
#3712 = DIRECTION('',(0.,0.,1.));
#3713 = DIRECTION('',(1.,0.,0.));
#3714 = MANIFOLD_SOLID_BREP('',#3715);
#3715 = CLOSED_SHELL('',(#3716));
#3716 = ADVANCED_FACE('',(#3717),#3721,.T.);
#3717 = FACE_BOUND('',#3718,.T.);
#3718 = VERTEX_LOOP('',#3719);
#3719 = VERTEX_POINT('',#3720);
#3720 = CARTESIAN_POINT('',(3.5,3.,0.));
#3721 = SPHERICAL_SURFACE('',#3722,0.155);
#3722 = AXIS2_PLACEMENT_3D('',#3723,#3724,#3725);
#3723 = CARTESIAN_POINT('',(3.5,3.,0.155));
#3724 = DIRECTION('',(0.,0.,1.));
#3725 = DIRECTION('',(1.,0.,0.));
#3726 = MANIFOLD_SOLID_BREP('',#3727);
#3727 = CLOSED_SHELL('',(#3728));
#3728 = ADVANCED_FACE('',(#3729),#3733,.T.);
#3729 = FACE_BOUND('',#3730,.T.);
#3730 = VERTEX_LOOP('',#3731);
#3731 = VERTEX_POINT('',#3732);
#3732 = CARTESIAN_POINT('',(3.5,2.5,0.));
#3733 = SPHERICAL_SURFACE('',#3734,0.155);
#3734 = AXIS2_PLACEMENT_3D('',#3735,#3736,#3737);
#3735 = CARTESIAN_POINT('',(3.5,2.5,0.155));
#3736 = DIRECTION('',(0.,0.,1.));
#3737 = DIRECTION('',(1.,0.,0.));
#3738 = MANIFOLD_SOLID_BREP('',#3739);
#3739 = CLOSED_SHELL('',(#3740));
#3740 = ADVANCED_FACE('',(#3741),#3745,.T.);
#3741 = FACE_BOUND('',#3742,.T.);
#3742 = VERTEX_LOOP('',#3743);
#3743 = VERTEX_POINT('',#3744);
#3744 = CARTESIAN_POINT('',(3.5,2.,0.));
#3745 = SPHERICAL_SURFACE('',#3746,0.155);
#3746 = AXIS2_PLACEMENT_3D('',#3747,#3748,#3749);
#3747 = CARTESIAN_POINT('',(3.5,2.,0.155));
#3748 = DIRECTION('',(0.,0.,1.));
#3749 = DIRECTION('',(1.,0.,0.));
#3750 = MANIFOLD_SOLID_BREP('',#3751);
#3751 = CLOSED_SHELL('',(#3752));
#3752 = ADVANCED_FACE('',(#3753),#3757,.T.);
#3753 = FACE_BOUND('',#3754,.T.);
#3754 = VERTEX_LOOP('',#3755);
#3755 = VERTEX_POINT('',#3756);
#3756 = CARTESIAN_POINT('',(3.5,1.5,0.));
#3757 = SPHERICAL_SURFACE('',#3758,0.155);
#3758 = AXIS2_PLACEMENT_3D('',#3759,#3760,#3761);
#3759 = CARTESIAN_POINT('',(3.5,1.5,0.155));
#3760 = DIRECTION('',(0.,0.,1.));
#3761 = DIRECTION('',(1.,0.,0.));
#3762 = MANIFOLD_SOLID_BREP('',#3763);
#3763 = CLOSED_SHELL('',(#3764));
#3764 = ADVANCED_FACE('',(#3765),#3769,.T.);
#3765 = FACE_BOUND('',#3766,.T.);
#3766 = VERTEX_LOOP('',#3767);
#3767 = VERTEX_POINT('',#3768);
#3768 = CARTESIAN_POINT('',(3.5,1.,0.));
#3769 = SPHERICAL_SURFACE('',#3770,0.155);
#3770 = AXIS2_PLACEMENT_3D('',#3771,#3772,#3773);
#3771 = CARTESIAN_POINT('',(3.5,1.,0.155));
#3772 = DIRECTION('',(0.,0.,1.));
#3773 = DIRECTION('',(1.,0.,0.));
#3774 = MANIFOLD_SOLID_BREP('',#3775);
#3775 = CLOSED_SHELL('',(#3776));
#3776 = ADVANCED_FACE('',(#3777),#3781,.T.);
#3777 = FACE_BOUND('',#3778,.T.);
#3778 = VERTEX_LOOP('',#3779);
#3779 = VERTEX_POINT('',#3780);
#3780 = CARTESIAN_POINT('',(3.5,0.5,0.));
#3781 = SPHERICAL_SURFACE('',#3782,0.155);
#3782 = AXIS2_PLACEMENT_3D('',#3783,#3784,#3785);
#3783 = CARTESIAN_POINT('',(3.5,0.5,0.155));
#3784 = DIRECTION('',(0.,0.,1.));
#3785 = DIRECTION('',(1.,0.,0.));
#3786 = MANIFOLD_SOLID_BREP('',#3787);
#3787 = CLOSED_SHELL('',(#3788));
#3788 = ADVANCED_FACE('',(#3789),#3793,.T.);
#3789 = FACE_BOUND('',#3790,.T.);
#3790 = VERTEX_LOOP('',#3791);
#3791 = VERTEX_POINT('',#3792);
#3792 = CARTESIAN_POINT('',(3.5,0.,0.));
#3793 = SPHERICAL_SURFACE('',#3794,0.155);
#3794 = AXIS2_PLACEMENT_3D('',#3795,#3796,#3797);
#3795 = CARTESIAN_POINT('',(3.5,0.,0.155));
#3796 = DIRECTION('',(0.,0.,1.));
#3797 = DIRECTION('',(1.,0.,0.));
#3798 = MANIFOLD_SOLID_BREP('',#3799);
#3799 = CLOSED_SHELL('',(#3800));
#3800 = ADVANCED_FACE('',(#3801),#3805,.T.);
#3801 = FACE_BOUND('',#3802,.T.);
#3802 = VERTEX_LOOP('',#3803);
#3803 = VERTEX_POINT('',#3804);
#3804 = CARTESIAN_POINT('',(3.5,-0.5,0.));
#3805 = SPHERICAL_SURFACE('',#3806,0.155);
#3806 = AXIS2_PLACEMENT_3D('',#3807,#3808,#3809);
#3807 = CARTESIAN_POINT('',(3.5,-0.5,0.155));
#3808 = DIRECTION('',(0.,0.,1.));
#3809 = DIRECTION('',(1.,0.,0.));
#3810 = MANIFOLD_SOLID_BREP('',#3811);
#3811 = CLOSED_SHELL('',(#3812));
#3812 = ADVANCED_FACE('',(#3813),#3817,.T.);
#3813 = FACE_BOUND('',#3814,.T.);
#3814 = VERTEX_LOOP('',#3815);
#3815 = VERTEX_POINT('',#3816);
#3816 = CARTESIAN_POINT('',(3.5,-1.,0.));
#3817 = SPHERICAL_SURFACE('',#3818,0.155);
#3818 = AXIS2_PLACEMENT_3D('',#3819,#3820,#3821);
#3819 = CARTESIAN_POINT('',(3.5,-1.,0.155));
#3820 = DIRECTION('',(0.,0.,1.));
#3821 = DIRECTION('',(1.,0.,0.));
#3822 = MANIFOLD_SOLID_BREP('',#3823);
#3823 = CLOSED_SHELL('',(#3824));
#3824 = ADVANCED_FACE('',(#3825),#3829,.T.);
#3825 = FACE_BOUND('',#3826,.T.);
#3826 = VERTEX_LOOP('',#3827);
#3827 = VERTEX_POINT('',#3828);
#3828 = CARTESIAN_POINT('',(3.5,-1.5,0.));
#3829 = SPHERICAL_SURFACE('',#3830,0.155);
#3830 = AXIS2_PLACEMENT_3D('',#3831,#3832,#3833);
#3831 = CARTESIAN_POINT('',(3.5,-1.5,0.155));
#3832 = DIRECTION('',(0.,0.,1.));
#3833 = DIRECTION('',(1.,0.,0.));
#3834 = MANIFOLD_SOLID_BREP('',#3835);
#3835 = CLOSED_SHELL('',(#3836));
#3836 = ADVANCED_FACE('',(#3837),#3841,.T.);
#3837 = FACE_BOUND('',#3838,.T.);
#3838 = VERTEX_LOOP('',#3839);
#3839 = VERTEX_POINT('',#3840);
#3840 = CARTESIAN_POINT('',(3.5,-2.,0.));
#3841 = SPHERICAL_SURFACE('',#3842,0.155);
#3842 = AXIS2_PLACEMENT_3D('',#3843,#3844,#3845);
#3843 = CARTESIAN_POINT('',(3.5,-2.,0.155));
#3844 = DIRECTION('',(0.,0.,1.));
#3845 = DIRECTION('',(1.,0.,0.));
#3846 = MANIFOLD_SOLID_BREP('',#3847);
#3847 = CLOSED_SHELL('',(#3848));
#3848 = ADVANCED_FACE('',(#3849),#3853,.T.);
#3849 = FACE_BOUND('',#3850,.T.);
#3850 = VERTEX_LOOP('',#3851);
#3851 = VERTEX_POINT('',#3852);
#3852 = CARTESIAN_POINT('',(3.5,-2.5,0.));
#3853 = SPHERICAL_SURFACE('',#3854,0.155);
#3854 = AXIS2_PLACEMENT_3D('',#3855,#3856,#3857);
#3855 = CARTESIAN_POINT('',(3.5,-2.5,0.155));
#3856 = DIRECTION('',(0.,0.,1.));
#3857 = DIRECTION('',(1.,0.,0.));
#3858 = MANIFOLD_SOLID_BREP('',#3859);
#3859 = CLOSED_SHELL('',(#3860));
#3860 = ADVANCED_FACE('',(#3861),#3865,.T.);
#3861 = FACE_BOUND('',#3862,.T.);
#3862 = VERTEX_LOOP('',#3863);
#3863 = VERTEX_POINT('',#3864);
#3864 = CARTESIAN_POINT('',(3.5,-3.,0.));
#3865 = SPHERICAL_SURFACE('',#3866,0.155);
#3866 = AXIS2_PLACEMENT_3D('',#3867,#3868,#3869);
#3867 = CARTESIAN_POINT('',(3.5,-3.,0.155));
#3868 = DIRECTION('',(0.,0.,1.));
#3869 = DIRECTION('',(1.,0.,0.));
#3870 = MANIFOLD_SOLID_BREP('',#3871);
#3871 = CLOSED_SHELL('',(#3872));
#3872 = ADVANCED_FACE('',(#3873),#3877,.T.);
#3873 = FACE_BOUND('',#3874,.T.);
#3874 = VERTEX_LOOP('',#3875);
#3875 = VERTEX_POINT('',#3876);
#3876 = CARTESIAN_POINT('',(3.5,-3.5,0.));
#3877 = SPHERICAL_SURFACE('',#3878,0.155);
#3878 = AXIS2_PLACEMENT_3D('',#3879,#3880,#3881);
#3879 = CARTESIAN_POINT('',(3.5,-3.5,0.155));
#3880 = DIRECTION('',(0.,0.,1.));
#3881 = DIRECTION('',(1.,0.,0.));
#3882 = MANIFOLD_SOLID_BREP('',#3883);
#3883 = CLOSED_SHELL('',(#3884));
#3884 = ADVANCED_FACE('',(#3885),#3889,.T.);
#3885 = FACE_BOUND('',#3886,.T.);
#3886 = VERTEX_LOOP('',#3887);
#3887 = VERTEX_POINT('',#3888);
#3888 = CARTESIAN_POINT('',(3.5,-4.,0.));
#3889 = SPHERICAL_SURFACE('',#3890,0.155);
#3890 = AXIS2_PLACEMENT_3D('',#3891,#3892,#3893);
#3891 = CARTESIAN_POINT('',(3.5,-4.,0.155));
#3892 = DIRECTION('',(0.,0.,1.));
#3893 = DIRECTION('',(1.,0.,0.));
#3894 = MANIFOLD_SOLID_BREP('',#3895);
#3895 = CLOSED_SHELL('',(#3896));
#3896 = ADVANCED_FACE('',(#3897),#3901,.T.);
#3897 = FACE_BOUND('',#3898,.T.);
#3898 = VERTEX_LOOP('',#3899);
#3899 = VERTEX_POINT('',#3900);
#3900 = CARTESIAN_POINT('',(3.5,-4.5,0.));
#3901 = SPHERICAL_SURFACE('',#3902,0.155);
#3902 = AXIS2_PLACEMENT_3D('',#3903,#3904,#3905);
#3903 = CARTESIAN_POINT('',(3.5,-4.5,0.155));
#3904 = DIRECTION('',(0.,0.,1.));
#3905 = DIRECTION('',(1.,0.,0.));
#3906 = MANIFOLD_SOLID_BREP('',#3907);
#3907 = CLOSED_SHELL('',(#3908));
#3908 = ADVANCED_FACE('',(#3909),#3913,.T.);
#3909 = FACE_BOUND('',#3910,.T.);
#3910 = VERTEX_LOOP('',#3911);
#3911 = VERTEX_POINT('',#3912);
#3912 = CARTESIAN_POINT('',(4.,4.5,0.));
#3913 = SPHERICAL_SURFACE('',#3914,0.155);
#3914 = AXIS2_PLACEMENT_3D('',#3915,#3916,#3917);
#3915 = CARTESIAN_POINT('',(4.,4.5,0.155));
#3916 = DIRECTION('',(0.,0.,1.));
#3917 = DIRECTION('',(1.,0.,0.));
#3918 = MANIFOLD_SOLID_BREP('',#3919);
#3919 = CLOSED_SHELL('',(#3920));
#3920 = ADVANCED_FACE('',(#3921),#3925,.T.);
#3921 = FACE_BOUND('',#3922,.T.);
#3922 = VERTEX_LOOP('',#3923);
#3923 = VERTEX_POINT('',#3924);
#3924 = CARTESIAN_POINT('',(4.,4.,0.));
#3925 = SPHERICAL_SURFACE('',#3926,0.155);
#3926 = AXIS2_PLACEMENT_3D('',#3927,#3928,#3929);
#3927 = CARTESIAN_POINT('',(4.,4.,0.155));
#3928 = DIRECTION('',(0.,0.,1.));
#3929 = DIRECTION('',(1.,0.,0.));
#3930 = MANIFOLD_SOLID_BREP('',#3931);
#3931 = CLOSED_SHELL('',(#3932));
#3932 = ADVANCED_FACE('',(#3933),#3937,.T.);
#3933 = FACE_BOUND('',#3934,.T.);
#3934 = VERTEX_LOOP('',#3935);
#3935 = VERTEX_POINT('',#3936);
#3936 = CARTESIAN_POINT('',(4.,3.5,0.));
#3937 = SPHERICAL_SURFACE('',#3938,0.155);
#3938 = AXIS2_PLACEMENT_3D('',#3939,#3940,#3941);
#3939 = CARTESIAN_POINT('',(4.,3.5,0.155));
#3940 = DIRECTION('',(0.,0.,1.));
#3941 = DIRECTION('',(1.,0.,0.));
#3942 = MANIFOLD_SOLID_BREP('',#3943);
#3943 = CLOSED_SHELL('',(#3944));
#3944 = ADVANCED_FACE('',(#3945),#3949,.T.);
#3945 = FACE_BOUND('',#3946,.T.);
#3946 = VERTEX_LOOP('',#3947);
#3947 = VERTEX_POINT('',#3948);
#3948 = CARTESIAN_POINT('',(4.,3.,0.));
#3949 = SPHERICAL_SURFACE('',#3950,0.155);
#3950 = AXIS2_PLACEMENT_3D('',#3951,#3952,#3953);
#3951 = CARTESIAN_POINT('',(4.,3.,0.155));
#3952 = DIRECTION('',(0.,0.,1.));
#3953 = DIRECTION('',(1.,0.,0.));
#3954 = MANIFOLD_SOLID_BREP('',#3955);
#3955 = CLOSED_SHELL('',(#3956));
#3956 = ADVANCED_FACE('',(#3957),#3961,.T.);
#3957 = FACE_BOUND('',#3958,.T.);
#3958 = VERTEX_LOOP('',#3959);
#3959 = VERTEX_POINT('',#3960);
#3960 = CARTESIAN_POINT('',(4.,2.5,0.));
#3961 = SPHERICAL_SURFACE('',#3962,0.155);
#3962 = AXIS2_PLACEMENT_3D('',#3963,#3964,#3965);
#3963 = CARTESIAN_POINT('',(4.,2.5,0.155));
#3964 = DIRECTION('',(0.,0.,1.));
#3965 = DIRECTION('',(1.,0.,0.));
#3966 = MANIFOLD_SOLID_BREP('',#3967);
#3967 = CLOSED_SHELL('',(#3968));
#3968 = ADVANCED_FACE('',(#3969),#3973,.T.);
#3969 = FACE_BOUND('',#3970,.T.);
#3970 = VERTEX_LOOP('',#3971);
#3971 = VERTEX_POINT('',#3972);
#3972 = CARTESIAN_POINT('',(4.,2.,0.));
#3973 = SPHERICAL_SURFACE('',#3974,0.155);
#3974 = AXIS2_PLACEMENT_3D('',#3975,#3976,#3977);
#3975 = CARTESIAN_POINT('',(4.,2.,0.155));
#3976 = DIRECTION('',(0.,0.,1.));
#3977 = DIRECTION('',(1.,0.,0.));
#3978 = MANIFOLD_SOLID_BREP('',#3979);
#3979 = CLOSED_SHELL('',(#3980));
#3980 = ADVANCED_FACE('',(#3981),#3985,.T.);
#3981 = FACE_BOUND('',#3982,.T.);
#3982 = VERTEX_LOOP('',#3983);
#3983 = VERTEX_POINT('',#3984);
#3984 = CARTESIAN_POINT('',(4.,1.5,0.));
#3985 = SPHERICAL_SURFACE('',#3986,0.155);
#3986 = AXIS2_PLACEMENT_3D('',#3987,#3988,#3989);
#3987 = CARTESIAN_POINT('',(4.,1.5,0.155));
#3988 = DIRECTION('',(0.,0.,1.));
#3989 = DIRECTION('',(1.,0.,0.));
#3990 = MANIFOLD_SOLID_BREP('',#3991);
#3991 = CLOSED_SHELL('',(#3992));
#3992 = ADVANCED_FACE('',(#3993),#3997,.T.);
#3993 = FACE_BOUND('',#3994,.T.);
#3994 = VERTEX_LOOP('',#3995);
#3995 = VERTEX_POINT('',#3996);
#3996 = CARTESIAN_POINT('',(4.,1.,0.));
#3997 = SPHERICAL_SURFACE('',#3998,0.155);
#3998 = AXIS2_PLACEMENT_3D('',#3999,#4000,#4001);
#3999 = CARTESIAN_POINT('',(4.,1.,0.155));
#4000 = DIRECTION('',(0.,0.,1.));
#4001 = DIRECTION('',(1.,0.,0.));
#4002 = MANIFOLD_SOLID_BREP('',#4003);
#4003 = CLOSED_SHELL('',(#4004));
#4004 = ADVANCED_FACE('',(#4005),#4009,.T.);
#4005 = FACE_BOUND('',#4006,.T.);
#4006 = VERTEX_LOOP('',#4007);
#4007 = VERTEX_POINT('',#4008);
#4008 = CARTESIAN_POINT('',(4.,0.5,0.));
#4009 = SPHERICAL_SURFACE('',#4010,0.155);
#4010 = AXIS2_PLACEMENT_3D('',#4011,#4012,#4013);
#4011 = CARTESIAN_POINT('',(4.,0.5,0.155));
#4012 = DIRECTION('',(0.,0.,1.));
#4013 = DIRECTION('',(1.,0.,0.));
#4014 = MANIFOLD_SOLID_BREP('',#4015);
#4015 = CLOSED_SHELL('',(#4016));
#4016 = ADVANCED_FACE('',(#4017),#4021,.T.);
#4017 = FACE_BOUND('',#4018,.T.);
#4018 = VERTEX_LOOP('',#4019);
#4019 = VERTEX_POINT('',#4020);
#4020 = CARTESIAN_POINT('',(4.,0.,0.));
#4021 = SPHERICAL_SURFACE('',#4022,0.155);
#4022 = AXIS2_PLACEMENT_3D('',#4023,#4024,#4025);
#4023 = CARTESIAN_POINT('',(4.,0.,0.155));
#4024 = DIRECTION('',(0.,0.,1.));
#4025 = DIRECTION('',(1.,0.,0.));
#4026 = MANIFOLD_SOLID_BREP('',#4027);
#4027 = CLOSED_SHELL('',(#4028));
#4028 = ADVANCED_FACE('',(#4029),#4033,.T.);
#4029 = FACE_BOUND('',#4030,.T.);
#4030 = VERTEX_LOOP('',#4031);
#4031 = VERTEX_POINT('',#4032);
#4032 = CARTESIAN_POINT('',(4.,-0.5,0.));
#4033 = SPHERICAL_SURFACE('',#4034,0.155);
#4034 = AXIS2_PLACEMENT_3D('',#4035,#4036,#4037);
#4035 = CARTESIAN_POINT('',(4.,-0.5,0.155));
#4036 = DIRECTION('',(0.,0.,1.));
#4037 = DIRECTION('',(1.,0.,0.));
#4038 = MANIFOLD_SOLID_BREP('',#4039);
#4039 = CLOSED_SHELL('',(#4040));
#4040 = ADVANCED_FACE('',(#4041),#4045,.T.);
#4041 = FACE_BOUND('',#4042,.T.);
#4042 = VERTEX_LOOP('',#4043);
#4043 = VERTEX_POINT('',#4044);
#4044 = CARTESIAN_POINT('',(4.,-1.,0.));
#4045 = SPHERICAL_SURFACE('',#4046,0.155);
#4046 = AXIS2_PLACEMENT_3D('',#4047,#4048,#4049);
#4047 = CARTESIAN_POINT('',(4.,-1.,0.155));
#4048 = DIRECTION('',(0.,0.,1.));
#4049 = DIRECTION('',(1.,0.,0.));
#4050 = MANIFOLD_SOLID_BREP('',#4051);
#4051 = CLOSED_SHELL('',(#4052));
#4052 = ADVANCED_FACE('',(#4053),#4057,.T.);
#4053 = FACE_BOUND('',#4054,.T.);
#4054 = VERTEX_LOOP('',#4055);
#4055 = VERTEX_POINT('',#4056);
#4056 = CARTESIAN_POINT('',(4.,-1.5,0.));
#4057 = SPHERICAL_SURFACE('',#4058,0.155);
#4058 = AXIS2_PLACEMENT_3D('',#4059,#4060,#4061);
#4059 = CARTESIAN_POINT('',(4.,-1.5,0.155));
#4060 = DIRECTION('',(0.,0.,1.));
#4061 = DIRECTION('',(1.,0.,0.));
#4062 = MANIFOLD_SOLID_BREP('',#4063);
#4063 = CLOSED_SHELL('',(#4064));
#4064 = ADVANCED_FACE('',(#4065),#4069,.T.);
#4065 = FACE_BOUND('',#4066,.T.);
#4066 = VERTEX_LOOP('',#4067);
#4067 = VERTEX_POINT('',#4068);
#4068 = CARTESIAN_POINT('',(4.,-2.,0.));
#4069 = SPHERICAL_SURFACE('',#4070,0.155);
#4070 = AXIS2_PLACEMENT_3D('',#4071,#4072,#4073);
#4071 = CARTESIAN_POINT('',(4.,-2.,0.155));
#4072 = DIRECTION('',(0.,0.,1.));
#4073 = DIRECTION('',(1.,0.,0.));
#4074 = MANIFOLD_SOLID_BREP('',#4075);
#4075 = CLOSED_SHELL('',(#4076));
#4076 = ADVANCED_FACE('',(#4077),#4081,.T.);
#4077 = FACE_BOUND('',#4078,.T.);
#4078 = VERTEX_LOOP('',#4079);
#4079 = VERTEX_POINT('',#4080);
#4080 = CARTESIAN_POINT('',(4.,-2.5,0.));
#4081 = SPHERICAL_SURFACE('',#4082,0.155);
#4082 = AXIS2_PLACEMENT_3D('',#4083,#4084,#4085);
#4083 = CARTESIAN_POINT('',(4.,-2.5,0.155));
#4084 = DIRECTION('',(0.,0.,1.));
#4085 = DIRECTION('',(1.,0.,0.));
#4086 = MANIFOLD_SOLID_BREP('',#4087);
#4087 = CLOSED_SHELL('',(#4088));
#4088 = ADVANCED_FACE('',(#4089),#4093,.T.);
#4089 = FACE_BOUND('',#4090,.T.);
#4090 = VERTEX_LOOP('',#4091);
#4091 = VERTEX_POINT('',#4092);
#4092 = CARTESIAN_POINT('',(4.,-3.,0.));
#4093 = SPHERICAL_SURFACE('',#4094,0.155);
#4094 = AXIS2_PLACEMENT_3D('',#4095,#4096,#4097);
#4095 = CARTESIAN_POINT('',(4.,-3.,0.155));
#4096 = DIRECTION('',(0.,0.,1.));
#4097 = DIRECTION('',(1.,0.,0.));
#4098 = MANIFOLD_SOLID_BREP('',#4099);
#4099 = CLOSED_SHELL('',(#4100));
#4100 = ADVANCED_FACE('',(#4101),#4105,.T.);
#4101 = FACE_BOUND('',#4102,.T.);
#4102 = VERTEX_LOOP('',#4103);
#4103 = VERTEX_POINT('',#4104);
#4104 = CARTESIAN_POINT('',(4.,-3.5,0.));
#4105 = SPHERICAL_SURFACE('',#4106,0.155);
#4106 = AXIS2_PLACEMENT_3D('',#4107,#4108,#4109);
#4107 = CARTESIAN_POINT('',(4.,-3.5,0.155));
#4108 = DIRECTION('',(0.,0.,1.));
#4109 = DIRECTION('',(1.,0.,0.));
#4110 = MANIFOLD_SOLID_BREP('',#4111);
#4111 = CLOSED_SHELL('',(#4112));
#4112 = ADVANCED_FACE('',(#4113),#4117,.T.);
#4113 = FACE_BOUND('',#4114,.T.);
#4114 = VERTEX_LOOP('',#4115);
#4115 = VERTEX_POINT('',#4116);
#4116 = CARTESIAN_POINT('',(4.,-4.,0.));
#4117 = SPHERICAL_SURFACE('',#4118,0.155);
#4118 = AXIS2_PLACEMENT_3D('',#4119,#4120,#4121);
#4119 = CARTESIAN_POINT('',(4.,-4.,0.155));
#4120 = DIRECTION('',(0.,0.,1.));
#4121 = DIRECTION('',(1.,0.,0.));
#4122 = MANIFOLD_SOLID_BREP('',#4123);
#4123 = CLOSED_SHELL('',(#4124));
#4124 = ADVANCED_FACE('',(#4125),#4129,.T.);
#4125 = FACE_BOUND('',#4126,.T.);
#4126 = VERTEX_LOOP('',#4127);
#4127 = VERTEX_POINT('',#4128);
#4128 = CARTESIAN_POINT('',(4.,-4.5,0.));
#4129 = SPHERICAL_SURFACE('',#4130,0.155);
#4130 = AXIS2_PLACEMENT_3D('',#4131,#4132,#4133);
#4131 = CARTESIAN_POINT('',(4.,-4.5,0.155));
#4132 = DIRECTION('',(0.,0.,1.));
#4133 = DIRECTION('',(1.,0.,0.));
#4134 = MANIFOLD_SOLID_BREP('',#4135);
#4135 = CLOSED_SHELL('',(#4136));
#4136 = ADVANCED_FACE('',(#4137),#4141,.T.);
#4137 = FACE_BOUND('',#4138,.T.);
#4138 = VERTEX_LOOP('',#4139);
#4139 = VERTEX_POINT('',#4140);
#4140 = CARTESIAN_POINT('',(4.5,4.5,0.));
#4141 = SPHERICAL_SURFACE('',#4142,0.155);
#4142 = AXIS2_PLACEMENT_3D('',#4143,#4144,#4145);
#4143 = CARTESIAN_POINT('',(4.5,4.5,0.155));
#4144 = DIRECTION('',(0.,0.,1.));
#4145 = DIRECTION('',(1.,0.,0.));
#4146 = MANIFOLD_SOLID_BREP('',#4147);
#4147 = CLOSED_SHELL('',(#4148));
#4148 = ADVANCED_FACE('',(#4149),#4153,.T.);
#4149 = FACE_BOUND('',#4150,.T.);
#4150 = VERTEX_LOOP('',#4151);
#4151 = VERTEX_POINT('',#4152);
#4152 = CARTESIAN_POINT('',(4.5,4.,0.));
#4153 = SPHERICAL_SURFACE('',#4154,0.155);
#4154 = AXIS2_PLACEMENT_3D('',#4155,#4156,#4157);
#4155 = CARTESIAN_POINT('',(4.5,4.,0.155));
#4156 = DIRECTION('',(0.,0.,1.));
#4157 = DIRECTION('',(1.,0.,0.));
#4158 = MANIFOLD_SOLID_BREP('',#4159);
#4159 = CLOSED_SHELL('',(#4160));
#4160 = ADVANCED_FACE('',(#4161),#4165,.T.);
#4161 = FACE_BOUND('',#4162,.T.);
#4162 = VERTEX_LOOP('',#4163);
#4163 = VERTEX_POINT('',#4164);
#4164 = CARTESIAN_POINT('',(4.5,3.5,0.));
#4165 = SPHERICAL_SURFACE('',#4166,0.155);
#4166 = AXIS2_PLACEMENT_3D('',#4167,#4168,#4169);
#4167 = CARTESIAN_POINT('',(4.5,3.5,0.155));
#4168 = DIRECTION('',(0.,0.,1.));
#4169 = DIRECTION('',(1.,0.,0.));
#4170 = MANIFOLD_SOLID_BREP('',#4171);
#4171 = CLOSED_SHELL('',(#4172));
#4172 = ADVANCED_FACE('',(#4173),#4177,.T.);
#4173 = FACE_BOUND('',#4174,.T.);
#4174 = VERTEX_LOOP('',#4175);
#4175 = VERTEX_POINT('',#4176);
#4176 = CARTESIAN_POINT('',(4.5,3.,0.));
#4177 = SPHERICAL_SURFACE('',#4178,0.155);
#4178 = AXIS2_PLACEMENT_3D('',#4179,#4180,#4181);
#4179 = CARTESIAN_POINT('',(4.5,3.,0.155));
#4180 = DIRECTION('',(0.,0.,1.));
#4181 = DIRECTION('',(1.,0.,0.));
#4182 = MANIFOLD_SOLID_BREP('',#4183);
#4183 = CLOSED_SHELL('',(#4184));
#4184 = ADVANCED_FACE('',(#4185),#4189,.T.);
#4185 = FACE_BOUND('',#4186,.T.);
#4186 = VERTEX_LOOP('',#4187);
#4187 = VERTEX_POINT('',#4188);
#4188 = CARTESIAN_POINT('',(4.5,2.5,0.));
#4189 = SPHERICAL_SURFACE('',#4190,0.155);
#4190 = AXIS2_PLACEMENT_3D('',#4191,#4192,#4193);
#4191 = CARTESIAN_POINT('',(4.5,2.5,0.155));
#4192 = DIRECTION('',(0.,0.,1.));
#4193 = DIRECTION('',(1.,0.,0.));
#4194 = MANIFOLD_SOLID_BREP('',#4195);
#4195 = CLOSED_SHELL('',(#4196));
#4196 = ADVANCED_FACE('',(#4197),#4201,.T.);
#4197 = FACE_BOUND('',#4198,.T.);
#4198 = VERTEX_LOOP('',#4199);
#4199 = VERTEX_POINT('',#4200);
#4200 = CARTESIAN_POINT('',(4.5,2.,0.));
#4201 = SPHERICAL_SURFACE('',#4202,0.155);
#4202 = AXIS2_PLACEMENT_3D('',#4203,#4204,#4205);
#4203 = CARTESIAN_POINT('',(4.5,2.,0.155));
#4204 = DIRECTION('',(0.,0.,1.));
#4205 = DIRECTION('',(1.,0.,0.));
#4206 = MANIFOLD_SOLID_BREP('',#4207);
#4207 = CLOSED_SHELL('',(#4208));
#4208 = ADVANCED_FACE('',(#4209),#4213,.T.);
#4209 = FACE_BOUND('',#4210,.T.);
#4210 = VERTEX_LOOP('',#4211);
#4211 = VERTEX_POINT('',#4212);
#4212 = CARTESIAN_POINT('',(4.5,1.5,0.));
#4213 = SPHERICAL_SURFACE('',#4214,0.155);
#4214 = AXIS2_PLACEMENT_3D('',#4215,#4216,#4217);
#4215 = CARTESIAN_POINT('',(4.5,1.5,0.155));
#4216 = DIRECTION('',(0.,0.,1.));
#4217 = DIRECTION('',(1.,0.,0.));
#4218 = MANIFOLD_SOLID_BREP('',#4219);
#4219 = CLOSED_SHELL('',(#4220));
#4220 = ADVANCED_FACE('',(#4221),#4225,.T.);
#4221 = FACE_BOUND('',#4222,.T.);
#4222 = VERTEX_LOOP('',#4223);
#4223 = VERTEX_POINT('',#4224);
#4224 = CARTESIAN_POINT('',(4.5,1.,0.));
#4225 = SPHERICAL_SURFACE('',#4226,0.155);
#4226 = AXIS2_PLACEMENT_3D('',#4227,#4228,#4229);
#4227 = CARTESIAN_POINT('',(4.5,1.,0.155));
#4228 = DIRECTION('',(0.,0.,1.));
#4229 = DIRECTION('',(1.,0.,0.));
#4230 = MANIFOLD_SOLID_BREP('',#4231);
#4231 = CLOSED_SHELL('',(#4232));
#4232 = ADVANCED_FACE('',(#4233),#4237,.T.);
#4233 = FACE_BOUND('',#4234,.T.);
#4234 = VERTEX_LOOP('',#4235);
#4235 = VERTEX_POINT('',#4236);
#4236 = CARTESIAN_POINT('',(4.5,0.5,0.));
#4237 = SPHERICAL_SURFACE('',#4238,0.155);
#4238 = AXIS2_PLACEMENT_3D('',#4239,#4240,#4241);
#4239 = CARTESIAN_POINT('',(4.5,0.5,0.155));
#4240 = DIRECTION('',(0.,0.,1.));
#4241 = DIRECTION('',(1.,0.,0.));
#4242 = MANIFOLD_SOLID_BREP('',#4243);
#4243 = CLOSED_SHELL('',(#4244));
#4244 = ADVANCED_FACE('',(#4245),#4249,.T.);
#4245 = FACE_BOUND('',#4246,.T.);
#4246 = VERTEX_LOOP('',#4247);
#4247 = VERTEX_POINT('',#4248);
#4248 = CARTESIAN_POINT('',(4.5,0.,0.));
#4249 = SPHERICAL_SURFACE('',#4250,0.155);
#4250 = AXIS2_PLACEMENT_3D('',#4251,#4252,#4253);
#4251 = CARTESIAN_POINT('',(4.5,0.,0.155));
#4252 = DIRECTION('',(0.,0.,1.));
#4253 = DIRECTION('',(1.,0.,0.));
#4254 = MANIFOLD_SOLID_BREP('',#4255);
#4255 = CLOSED_SHELL('',(#4256));
#4256 = ADVANCED_FACE('',(#4257),#4261,.T.);
#4257 = FACE_BOUND('',#4258,.T.);
#4258 = VERTEX_LOOP('',#4259);
#4259 = VERTEX_POINT('',#4260);
#4260 = CARTESIAN_POINT('',(4.5,-0.5,0.));
#4261 = SPHERICAL_SURFACE('',#4262,0.155);
#4262 = AXIS2_PLACEMENT_3D('',#4263,#4264,#4265);
#4263 = CARTESIAN_POINT('',(4.5,-0.5,0.155));
#4264 = DIRECTION('',(0.,0.,1.));
#4265 = DIRECTION('',(1.,0.,0.));
#4266 = MANIFOLD_SOLID_BREP('',#4267);
#4267 = CLOSED_SHELL('',(#4268));
#4268 = ADVANCED_FACE('',(#4269),#4273,.T.);
#4269 = FACE_BOUND('',#4270,.T.);
#4270 = VERTEX_LOOP('',#4271);
#4271 = VERTEX_POINT('',#4272);
#4272 = CARTESIAN_POINT('',(4.5,-1.,0.));
#4273 = SPHERICAL_SURFACE('',#4274,0.155);
#4274 = AXIS2_PLACEMENT_3D('',#4275,#4276,#4277);
#4275 = CARTESIAN_POINT('',(4.5,-1.,0.155));
#4276 = DIRECTION('',(0.,0.,1.));
#4277 = DIRECTION('',(1.,0.,0.));
#4278 = MANIFOLD_SOLID_BREP('',#4279);
#4279 = CLOSED_SHELL('',(#4280));
#4280 = ADVANCED_FACE('',(#4281),#4285,.T.);
#4281 = FACE_BOUND('',#4282,.T.);
#4282 = VERTEX_LOOP('',#4283);
#4283 = VERTEX_POINT('',#4284);
#4284 = CARTESIAN_POINT('',(4.5,-1.5,0.));
#4285 = SPHERICAL_SURFACE('',#4286,0.155);
#4286 = AXIS2_PLACEMENT_3D('',#4287,#4288,#4289);
#4287 = CARTESIAN_POINT('',(4.5,-1.5,0.155));
#4288 = DIRECTION('',(0.,0.,1.));
#4289 = DIRECTION('',(1.,0.,0.));
#4290 = MANIFOLD_SOLID_BREP('',#4291);
#4291 = CLOSED_SHELL('',(#4292));
#4292 = ADVANCED_FACE('',(#4293),#4297,.T.);
#4293 = FACE_BOUND('',#4294,.T.);
#4294 = VERTEX_LOOP('',#4295);
#4295 = VERTEX_POINT('',#4296);
#4296 = CARTESIAN_POINT('',(4.5,-2.,0.));
#4297 = SPHERICAL_SURFACE('',#4298,0.155);
#4298 = AXIS2_PLACEMENT_3D('',#4299,#4300,#4301);
#4299 = CARTESIAN_POINT('',(4.5,-2.,0.155));
#4300 = DIRECTION('',(0.,0.,1.));
#4301 = DIRECTION('',(1.,0.,0.));
#4302 = MANIFOLD_SOLID_BREP('',#4303);
#4303 = CLOSED_SHELL('',(#4304));
#4304 = ADVANCED_FACE('',(#4305),#4309,.T.);
#4305 = FACE_BOUND('',#4306,.T.);
#4306 = VERTEX_LOOP('',#4307);
#4307 = VERTEX_POINT('',#4308);
#4308 = CARTESIAN_POINT('',(4.5,-2.5,0.));
#4309 = SPHERICAL_SURFACE('',#4310,0.155);
#4310 = AXIS2_PLACEMENT_3D('',#4311,#4312,#4313);
#4311 = CARTESIAN_POINT('',(4.5,-2.5,0.155));
#4312 = DIRECTION('',(0.,0.,1.));
#4313 = DIRECTION('',(1.,0.,0.));
#4314 = MANIFOLD_SOLID_BREP('',#4315);
#4315 = CLOSED_SHELL('',(#4316));
#4316 = ADVANCED_FACE('',(#4317),#4321,.T.);
#4317 = FACE_BOUND('',#4318,.T.);
#4318 = VERTEX_LOOP('',#4319);
#4319 = VERTEX_POINT('',#4320);
#4320 = CARTESIAN_POINT('',(4.5,-3.,0.));
#4321 = SPHERICAL_SURFACE('',#4322,0.155);
#4322 = AXIS2_PLACEMENT_3D('',#4323,#4324,#4325);
#4323 = CARTESIAN_POINT('',(4.5,-3.,0.155));
#4324 = DIRECTION('',(0.,0.,1.));
#4325 = DIRECTION('',(1.,0.,0.));
#4326 = MANIFOLD_SOLID_BREP('',#4327);
#4327 = CLOSED_SHELL('',(#4328));
#4328 = ADVANCED_FACE('',(#4329),#4333,.T.);
#4329 = FACE_BOUND('',#4330,.T.);
#4330 = VERTEX_LOOP('',#4331);
#4331 = VERTEX_POINT('',#4332);
#4332 = CARTESIAN_POINT('',(4.5,-3.5,0.));
#4333 = SPHERICAL_SURFACE('',#4334,0.155);
#4334 = AXIS2_PLACEMENT_3D('',#4335,#4336,#4337);
#4335 = CARTESIAN_POINT('',(4.5,-3.5,0.155));
#4336 = DIRECTION('',(0.,0.,1.));
#4337 = DIRECTION('',(1.,0.,0.));
#4338 = MANIFOLD_SOLID_BREP('',#4339);
#4339 = CLOSED_SHELL('',(#4340));
#4340 = ADVANCED_FACE('',(#4341),#4345,.T.);
#4341 = FACE_BOUND('',#4342,.T.);
#4342 = VERTEX_LOOP('',#4343);
#4343 = VERTEX_POINT('',#4344);
#4344 = CARTESIAN_POINT('',(4.5,-4.,0.));
#4345 = SPHERICAL_SURFACE('',#4346,0.155);
#4346 = AXIS2_PLACEMENT_3D('',#4347,#4348,#4349);
#4347 = CARTESIAN_POINT('',(4.5,-4.,0.155));
#4348 = DIRECTION('',(0.,0.,1.));
#4349 = DIRECTION('',(1.,0.,0.));
#4350 = MANIFOLD_SOLID_BREP('',#4351);
#4351 = CLOSED_SHELL('',(#4352));
#4352 = ADVANCED_FACE('',(#4353),#4357,.T.);
#4353 = FACE_BOUND('',#4354,.T.);
#4354 = VERTEX_LOOP('',#4355);
#4355 = VERTEX_POINT('',#4356);
#4356 = CARTESIAN_POINT('',(4.5,-4.5,0.));
#4357 = SPHERICAL_SURFACE('',#4358,0.155);
#4358 = AXIS2_PLACEMENT_3D('',#4359,#4360,#4361);
#4359 = CARTESIAN_POINT('',(4.5,-4.5,0.155));
#4360 = DIRECTION('',(0.,0.,1.));
#4361 = DIRECTION('',(1.,0.,0.));
#4362 = ( GEOMETRIC_REPRESENTATION_CONTEXT(3) 
GLOBAL_UNCERTAINTY_ASSIGNED_CONTEXT((#4366)) 
GLOBAL_UNIT_ASSIGNED_CONTEXT((#4363,#4364,#4365)) REPRESENTATION_CONTEXT
('Context #1','3D Context with UNIT and UNCERTAINTY') );
#4363 = ( LENGTH_UNIT() NAMED_UNIT(*) SI_UNIT(.MILLI.,.METRE.) );
#4364 = ( NAMED_UNIT(*) PLANE_ANGLE_UNIT() SI_UNIT($,.RADIAN.) );
#4365 = ( NAMED_UNIT(*) SI_UNIT($,.STERADIAN.) SOLID_ANGLE_UNIT() );
#4366 = UNCERTAINTY_MEASURE_WITH_UNIT(LENGTH_MEASURE(1.E-07),#4363,
  'distance_accuracy_value','confusion accuracy');
#4367 = SHAPE_DEFINITION_REPRESENTATION(#4368,#29);
#4368 = PRODUCT_DEFINITION_SHAPE('','',#4369);
#4369 = PRODUCT_DEFINITION('design','',#4370,#4373);
#4370 = PRODUCT_DEFINITION_FORMATION('','',#4371);
#4371 = PRODUCT('Array','Array','',(#4372));
#4372 = PRODUCT_CONTEXT('',#2,'mechanical');
#4373 = PRODUCT_DEFINITION_CONTEXT('part definition',#2,'design');
#4374 = CONTEXT_DEPENDENT_SHAPE_REPRESENTATION(#4375,#4377);
#4375 = ( REPRESENTATION_RELATIONSHIP('','',#29,#10) 
REPRESENTATION_RELATIONSHIP_WITH_TRANSFORMATION(#4376) 
SHAPE_REPRESENTATION_RELATIONSHIP() );
#4376 = ITEM_DEFINED_TRANSFORMATION('','',#11,#15);
#4377 = PRODUCT_DEFINITION_SHAPE('Placement','Placement of an item',
  #4378);
#4378 = NEXT_ASSEMBLY_USAGE_OCCURRENCE('1','=>[0:1:1:2]','',#5,#4369,$);
#4379 = PRODUCT_RELATED_PRODUCT_CATEGORY('part',$,(#4371));
#4380 = ADVANCED_BREP_SHAPE_REPRESENTATION('',(#11,#4381),#4801);
#4381 = MANIFOLD_SOLID_BREP('',#4382);
#4382 = CLOSED_SHELL('',(#4383,#4503,#4579,#4659,#4708,#4735,#4742,#4797
    ));
#4383 = ADVANCED_FACE('',(#4384),#4398,.F.);
#4384 = FACE_BOUND('',#4385,.F.);
#4385 = EDGE_LOOP('',(#4386,#4421,#4449,#4477));
#4386 = ORIENTED_EDGE('',*,*,#4387,.F.);
#4387 = EDGE_CURVE('',#4388,#4390,#4392,.T.);
#4388 = VERTEX_POINT('',#4389);
#4389 = CARTESIAN_POINT('',(-5.,-5.,0.31));
#4390 = VERTEX_POINT('',#4391);
#4391 = CARTESIAN_POINT('',(-5.,-5.,1.155));
#4392 = SURFACE_CURVE('',#4393,(#4397,#4409),.PCURVE_S1.);
#4393 = LINE('',#4394,#4395);
#4394 = CARTESIAN_POINT('',(-5.,-5.,0.31));
#4395 = VECTOR('',#4396,1.);
#4396 = DIRECTION('',(0.,0.,1.));
#4397 = PCURVE('',#4398,#4403);
#4398 = PLANE('',#4399);
#4399 = AXIS2_PLACEMENT_3D('',#4400,#4401,#4402);
#4400 = CARTESIAN_POINT('',(-5.,-5.,0.31));
#4401 = DIRECTION('',(1.,0.,0.));
#4402 = DIRECTION('',(0.,0.,1.));
#4403 = DEFINITIONAL_REPRESENTATION('',(#4404),#4408);
#4404 = LINE('',#4405,#4406);
#4405 = CARTESIAN_POINT('',(0.,0.));
#4406 = VECTOR('',#4407,1.);
#4407 = DIRECTION('',(1.,0.));
#4408 = ( GEOMETRIC_REPRESENTATION_CONTEXT(2) 
PARAMETRIC_REPRESENTATION_CONTEXT() REPRESENTATION_CONTEXT('2D SPACE',''
  ) );
#4409 = PCURVE('',#4410,#4415);
#4410 = PLANE('',#4411);
#4411 = AXIS2_PLACEMENT_3D('',#4412,#4413,#4414);
#4412 = CARTESIAN_POINT('',(-5.,-5.,0.31));
#4413 = DIRECTION('',(0.,1.,0.));
#4414 = DIRECTION('',(0.,0.,1.));
#4415 = DEFINITIONAL_REPRESENTATION('',(#4416),#4420);
#4416 = LINE('',#4417,#4418);
#4417 = CARTESIAN_POINT('',(0.,0.));
#4418 = VECTOR('',#4419,1.);
#4419 = DIRECTION('',(1.,0.));
#4420 = ( GEOMETRIC_REPRESENTATION_CONTEXT(2) 
PARAMETRIC_REPRESENTATION_CONTEXT() REPRESENTATION_CONTEXT('2D SPACE',''
  ) );
#4421 = ORIENTED_EDGE('',*,*,#4422,.T.);
#4422 = EDGE_CURVE('',#4388,#4423,#4425,.T.);
#4423 = VERTEX_POINT('',#4424);
#4424 = CARTESIAN_POINT('',(-5.,5.,0.31));
#4425 = SURFACE_CURVE('',#4426,(#4430,#4437),.PCURVE_S1.);
#4426 = LINE('',#4427,#4428);
#4427 = CARTESIAN_POINT('',(-5.,-5.,0.31));
#4428 = VECTOR('',#4429,1.);
#4429 = DIRECTION('',(0.,1.,0.));
#4430 = PCURVE('',#4398,#4431);
#4431 = DEFINITIONAL_REPRESENTATION('',(#4432),#4436);
#4432 = LINE('',#4433,#4434);
#4433 = CARTESIAN_POINT('',(0.,0.));
#4434 = VECTOR('',#4435,1.);
#4435 = DIRECTION('',(0.,-1.));
#4436 = ( GEOMETRIC_REPRESENTATION_CONTEXT(2) 
PARAMETRIC_REPRESENTATION_CONTEXT() REPRESENTATION_CONTEXT('2D SPACE',''
  ) );
#4437 = PCURVE('',#4438,#4443);
#4438 = PLANE('',#4439);
#4439 = AXIS2_PLACEMENT_3D('',#4440,#4441,#4442);
#4440 = CARTESIAN_POINT('',(-5.,-5.,0.31));
#4441 = DIRECTION('',(0.,0.,1.));
#4442 = DIRECTION('',(1.,0.,0.));
#4443 = DEFINITIONAL_REPRESENTATION('',(#4444),#4448);
#4444 = LINE('',#4445,#4446);
#4445 = CARTESIAN_POINT('',(0.,0.));
#4446 = VECTOR('',#4447,1.);
#4447 = DIRECTION('',(0.,1.));
#4448 = ( GEOMETRIC_REPRESENTATION_CONTEXT(2) 
PARAMETRIC_REPRESENTATION_CONTEXT() REPRESENTATION_CONTEXT('2D SPACE',''
  ) );
#4449 = ORIENTED_EDGE('',*,*,#4450,.T.);
#4450 = EDGE_CURVE('',#4423,#4451,#4453,.T.);
#4451 = VERTEX_POINT('',#4452);
#4452 = CARTESIAN_POINT('',(-5.,5.,1.155));
#4453 = SURFACE_CURVE('',#4454,(#4458,#4465),.PCURVE_S1.);
#4454 = LINE('',#4455,#4456);
#4455 = CARTESIAN_POINT('',(-5.,5.,0.31));
#4456 = VECTOR('',#4457,1.);
#4457 = DIRECTION('',(0.,0.,1.));
#4458 = PCURVE('',#4398,#4459);
#4459 = DEFINITIONAL_REPRESENTATION('',(#4460),#4464);
#4460 = LINE('',#4461,#4462);
#4461 = CARTESIAN_POINT('',(0.,-10.));
#4462 = VECTOR('',#4463,1.);
#4463 = DIRECTION('',(1.,0.));
#4464 = ( GEOMETRIC_REPRESENTATION_CONTEXT(2) 
PARAMETRIC_REPRESENTATION_CONTEXT() REPRESENTATION_CONTEXT('2D SPACE',''
  ) );
#4465 = PCURVE('',#4466,#4471);
#4466 = PLANE('',#4467);
#4467 = AXIS2_PLACEMENT_3D('',#4468,#4469,#4470);
#4468 = CARTESIAN_POINT('',(-5.,5.,0.31));
#4469 = DIRECTION('',(0.,1.,0.));
#4470 = DIRECTION('',(0.,0.,1.));
#4471 = DEFINITIONAL_REPRESENTATION('',(#4472),#4476);
#4472 = LINE('',#4473,#4474);
#4473 = CARTESIAN_POINT('',(0.,0.));
#4474 = VECTOR('',#4475,1.);
#4475 = DIRECTION('',(1.,0.));
#4476 = ( GEOMETRIC_REPRESENTATION_CONTEXT(2) 
PARAMETRIC_REPRESENTATION_CONTEXT() REPRESENTATION_CONTEXT('2D SPACE',''
  ) );
#4477 = ORIENTED_EDGE('',*,*,#4478,.F.);
#4478 = EDGE_CURVE('',#4390,#4451,#4479,.T.);
#4479 = SURFACE_CURVE('',#4480,(#4484,#4491),.PCURVE_S1.);
#4480 = LINE('',#4481,#4482);
#4481 = CARTESIAN_POINT('',(-5.,-5.,1.155));
#4482 = VECTOR('',#4483,1.);
#4483 = DIRECTION('',(0.,1.,0.));
#4484 = PCURVE('',#4398,#4485);
#4485 = DEFINITIONAL_REPRESENTATION('',(#4486),#4490);
#4486 = LINE('',#4487,#4488);
#4487 = CARTESIAN_POINT('',(0.845,0.));
#4488 = VECTOR('',#4489,1.);
#4489 = DIRECTION('',(0.,-1.));
#4490 = ( GEOMETRIC_REPRESENTATION_CONTEXT(2) 
PARAMETRIC_REPRESENTATION_CONTEXT() REPRESENTATION_CONTEXT('2D SPACE',''
  ) );
#4491 = PCURVE('',#4492,#4497);
#4492 = PLANE('',#4493);
#4493 = AXIS2_PLACEMENT_3D('',#4494,#4495,#4496);
#4494 = CARTESIAN_POINT('',(-5.,-5.,1.155));
#4495 = DIRECTION('',(0.,0.,1.));
#4496 = DIRECTION('',(1.,0.,0.));
#4497 = DEFINITIONAL_REPRESENTATION('',(#4498),#4502);
#4498 = LINE('',#4499,#4500);
#4499 = CARTESIAN_POINT('',(0.,0.));
#4500 = VECTOR('',#4501,1.);
#4501 = DIRECTION('',(0.,1.));
#4502 = ( GEOMETRIC_REPRESENTATION_CONTEXT(2) 
PARAMETRIC_REPRESENTATION_CONTEXT() REPRESENTATION_CONTEXT('2D SPACE',''
  ) );
#4503 = ADVANCED_FACE('',(#4504),#4410,.F.);
#4504 = FACE_BOUND('',#4505,.F.);
#4505 = EDGE_LOOP('',(#4506,#4529,#4530,#4553));
#4506 = ORIENTED_EDGE('',*,*,#4507,.F.);
#4507 = EDGE_CURVE('',#4388,#4508,#4510,.T.);
#4508 = VERTEX_POINT('',#4509);
#4509 = CARTESIAN_POINT('',(5.,-5.,0.31));
#4510 = SURFACE_CURVE('',#4511,(#4515,#4522),.PCURVE_S1.);
#4511 = LINE('',#4512,#4513);
#4512 = CARTESIAN_POINT('',(-5.,-5.,0.31));
#4513 = VECTOR('',#4514,1.);
#4514 = DIRECTION('',(1.,0.,0.));
#4515 = PCURVE('',#4410,#4516);
#4516 = DEFINITIONAL_REPRESENTATION('',(#4517),#4521);
#4517 = LINE('',#4518,#4519);
#4518 = CARTESIAN_POINT('',(0.,0.));
#4519 = VECTOR('',#4520,1.);
#4520 = DIRECTION('',(0.,1.));
#4521 = ( GEOMETRIC_REPRESENTATION_CONTEXT(2) 
PARAMETRIC_REPRESENTATION_CONTEXT() REPRESENTATION_CONTEXT('2D SPACE',''
  ) );
#4522 = PCURVE('',#4438,#4523);
#4523 = DEFINITIONAL_REPRESENTATION('',(#4524),#4528);
#4524 = LINE('',#4525,#4526);
#4525 = CARTESIAN_POINT('',(0.,0.));
#4526 = VECTOR('',#4527,1.);
#4527 = DIRECTION('',(1.,0.));
#4528 = ( GEOMETRIC_REPRESENTATION_CONTEXT(2) 
PARAMETRIC_REPRESENTATION_CONTEXT() REPRESENTATION_CONTEXT('2D SPACE',''
  ) );
#4529 = ORIENTED_EDGE('',*,*,#4387,.T.);
#4530 = ORIENTED_EDGE('',*,*,#4531,.T.);
#4531 = EDGE_CURVE('',#4390,#4532,#4534,.T.);
#4532 = VERTEX_POINT('',#4533);
#4533 = CARTESIAN_POINT('',(5.,-5.,1.155));
#4534 = SURFACE_CURVE('',#4535,(#4539,#4546),.PCURVE_S1.);
#4535 = LINE('',#4536,#4537);
#4536 = CARTESIAN_POINT('',(-5.,-5.,1.155));
#4537 = VECTOR('',#4538,1.);
#4538 = DIRECTION('',(1.,0.,0.));
#4539 = PCURVE('',#4410,#4540);
#4540 = DEFINITIONAL_REPRESENTATION('',(#4541),#4545);
#4541 = LINE('',#4542,#4543);
#4542 = CARTESIAN_POINT('',(0.845,0.));
#4543 = VECTOR('',#4544,1.);
#4544 = DIRECTION('',(0.,1.));
#4545 = ( GEOMETRIC_REPRESENTATION_CONTEXT(2) 
PARAMETRIC_REPRESENTATION_CONTEXT() REPRESENTATION_CONTEXT('2D SPACE',''
  ) );
#4546 = PCURVE('',#4492,#4547);
#4547 = DEFINITIONAL_REPRESENTATION('',(#4548),#4552);
#4548 = LINE('',#4549,#4550);
#4549 = CARTESIAN_POINT('',(0.,0.));
#4550 = VECTOR('',#4551,1.);
#4551 = DIRECTION('',(1.,0.));
#4552 = ( GEOMETRIC_REPRESENTATION_CONTEXT(2) 
PARAMETRIC_REPRESENTATION_CONTEXT() REPRESENTATION_CONTEXT('2D SPACE',''
  ) );
#4553 = ORIENTED_EDGE('',*,*,#4554,.F.);
#4554 = EDGE_CURVE('',#4508,#4532,#4555,.T.);
#4555 = SURFACE_CURVE('',#4556,(#4560,#4567),.PCURVE_S1.);
#4556 = LINE('',#4557,#4558);
#4557 = CARTESIAN_POINT('',(5.,-5.,0.31));
#4558 = VECTOR('',#4559,1.);
#4559 = DIRECTION('',(0.,0.,1.));
#4560 = PCURVE('',#4410,#4561);
#4561 = DEFINITIONAL_REPRESENTATION('',(#4562),#4566);
#4562 = LINE('',#4563,#4564);
#4563 = CARTESIAN_POINT('',(0.,10.));
#4564 = VECTOR('',#4565,1.);
#4565 = DIRECTION('',(1.,0.));
#4566 = ( GEOMETRIC_REPRESENTATION_CONTEXT(2) 
PARAMETRIC_REPRESENTATION_CONTEXT() REPRESENTATION_CONTEXT('2D SPACE',''
  ) );
#4567 = PCURVE('',#4568,#4573);
#4568 = PLANE('',#4569);
#4569 = AXIS2_PLACEMENT_3D('',#4570,#4571,#4572);
#4570 = CARTESIAN_POINT('',(5.,-5.,0.31));
#4571 = DIRECTION('',(1.,0.,0.));
#4572 = DIRECTION('',(0.,0.,1.));
#4573 = DEFINITIONAL_REPRESENTATION('',(#4574),#4578);
#4574 = LINE('',#4575,#4576);
#4575 = CARTESIAN_POINT('',(0.,0.));
#4576 = VECTOR('',#4577,1.);
#4577 = DIRECTION('',(1.,0.));
#4578 = ( GEOMETRIC_REPRESENTATION_CONTEXT(2) 
PARAMETRIC_REPRESENTATION_CONTEXT() REPRESENTATION_CONTEXT('2D SPACE',''
  ) );
#4579 = ADVANCED_FACE('',(#4580,#4628),#4492,.T.);
#4580 = FACE_BOUND('',#4581,.T.);
#4581 = EDGE_LOOP('',(#4582,#4583,#4584,#4607));
#4582 = ORIENTED_EDGE('',*,*,#4478,.F.);
#4583 = ORIENTED_EDGE('',*,*,#4531,.T.);
#4584 = ORIENTED_EDGE('',*,*,#4585,.T.);
#4585 = EDGE_CURVE('',#4532,#4586,#4588,.T.);
#4586 = VERTEX_POINT('',#4587);
#4587 = CARTESIAN_POINT('',(5.,5.,1.155));
#4588 = SURFACE_CURVE('',#4589,(#4593,#4600),.PCURVE_S1.);
#4589 = LINE('',#4590,#4591);
#4590 = CARTESIAN_POINT('',(5.,-5.,1.155));
#4591 = VECTOR('',#4592,1.);
#4592 = DIRECTION('',(0.,1.,0.));
#4593 = PCURVE('',#4492,#4594);
#4594 = DEFINITIONAL_REPRESENTATION('',(#4595),#4599);
#4595 = LINE('',#4596,#4597);
#4596 = CARTESIAN_POINT('',(10.,0.));
#4597 = VECTOR('',#4598,1.);
#4598 = DIRECTION('',(0.,1.));
#4599 = ( GEOMETRIC_REPRESENTATION_CONTEXT(2) 
PARAMETRIC_REPRESENTATION_CONTEXT() REPRESENTATION_CONTEXT('2D SPACE',''
  ) );
#4600 = PCURVE('',#4568,#4601);
#4601 = DEFINITIONAL_REPRESENTATION('',(#4602),#4606);
#4602 = LINE('',#4603,#4604);
#4603 = CARTESIAN_POINT('',(0.845,0.));
#4604 = VECTOR('',#4605,1.);
#4605 = DIRECTION('',(0.,-1.));
#4606 = ( GEOMETRIC_REPRESENTATION_CONTEXT(2) 
PARAMETRIC_REPRESENTATION_CONTEXT() REPRESENTATION_CONTEXT('2D SPACE',''
  ) );
#4607 = ORIENTED_EDGE('',*,*,#4608,.F.);
#4608 = EDGE_CURVE('',#4451,#4586,#4609,.T.);
#4609 = SURFACE_CURVE('',#4610,(#4614,#4621),.PCURVE_S1.);
#4610 = LINE('',#4611,#4612);
#4611 = CARTESIAN_POINT('',(-5.,5.,1.155));
#4612 = VECTOR('',#4613,1.);
#4613 = DIRECTION('',(1.,0.,0.));
#4614 = PCURVE('',#4492,#4615);
#4615 = DEFINITIONAL_REPRESENTATION('',(#4616),#4620);
#4616 = LINE('',#4617,#4618);
#4617 = CARTESIAN_POINT('',(0.,10.));
#4618 = VECTOR('',#4619,1.);
#4619 = DIRECTION('',(1.,0.));
#4620 = ( GEOMETRIC_REPRESENTATION_CONTEXT(2) 
PARAMETRIC_REPRESENTATION_CONTEXT() REPRESENTATION_CONTEXT('2D SPACE',''
  ) );
#4621 = PCURVE('',#4466,#4622);
#4622 = DEFINITIONAL_REPRESENTATION('',(#4623),#4627);
#4623 = LINE('',#4624,#4625);
#4624 = CARTESIAN_POINT('',(0.845,0.));
#4625 = VECTOR('',#4626,1.);
#4626 = DIRECTION('',(0.,1.));
#4627 = ( GEOMETRIC_REPRESENTATION_CONTEXT(2) 
PARAMETRIC_REPRESENTATION_CONTEXT() REPRESENTATION_CONTEXT('2D SPACE',''
  ) );
#4628 = FACE_BOUND('',#4629,.T.);
#4629 = EDGE_LOOP('',(#4630));
#4630 = ORIENTED_EDGE('',*,*,#4631,.F.);
#4631 = EDGE_CURVE('',#4632,#4632,#4634,.T.);
#4632 = VERTEX_POINT('',#4633);
#4633 = CARTESIAN_POINT('',(-3.125,3.75,1.155));
#4634 = SURFACE_CURVE('',#4635,(#4640,#4647),.PCURVE_S1.);
#4635 = CIRCLE('',#4636,0.625);
#4636 = AXIS2_PLACEMENT_3D('',#4637,#4638,#4639);
#4637 = CARTESIAN_POINT('',(-3.75,3.75,1.155));
#4638 = DIRECTION('',(0.,0.,1.));
#4639 = DIRECTION('',(1.,0.,0.));
#4640 = PCURVE('',#4492,#4641);
#4641 = DEFINITIONAL_REPRESENTATION('',(#4642),#4646);
#4642 = CIRCLE('',#4643,0.625);
#4643 = AXIS2_PLACEMENT_2D('',#4644,#4645);
#4644 = CARTESIAN_POINT('',(1.25,8.75));
#4645 = DIRECTION('',(1.,0.));
#4646 = ( GEOMETRIC_REPRESENTATION_CONTEXT(2) 
PARAMETRIC_REPRESENTATION_CONTEXT() REPRESENTATION_CONTEXT('2D SPACE',''
  ) );
#4647 = PCURVE('',#4648,#4653);
#4648 = CYLINDRICAL_SURFACE('',#4649,0.625);
#4649 = AXIS2_PLACEMENT_3D('',#4650,#4651,#4652);
#4650 = CARTESIAN_POINT('',(-3.75,3.75,1.0395));
#4651 = DIRECTION('',(0.,0.,1.));
#4652 = DIRECTION('',(1.,0.,0.));
#4653 = DEFINITIONAL_REPRESENTATION('',(#4654),#4658);
#4654 = LINE('',#4655,#4656);
#4655 = CARTESIAN_POINT('',(0.,0.1155));
#4656 = VECTOR('',#4657,1.);
#4657 = DIRECTION('',(1.,0.));
#4658 = ( GEOMETRIC_REPRESENTATION_CONTEXT(2) 
PARAMETRIC_REPRESENTATION_CONTEXT() REPRESENTATION_CONTEXT('2D SPACE',''
  ) );
#4659 = ADVANCED_FACE('',(#4660),#4466,.T.);
#4660 = FACE_BOUND('',#4661,.T.);
#4661 = EDGE_LOOP('',(#4662,#4685,#4686,#4687));
#4662 = ORIENTED_EDGE('',*,*,#4663,.F.);
#4663 = EDGE_CURVE('',#4423,#4664,#4666,.T.);
#4664 = VERTEX_POINT('',#4665);
#4665 = CARTESIAN_POINT('',(5.,5.,0.31));
#4666 = SURFACE_CURVE('',#4667,(#4671,#4678),.PCURVE_S1.);
#4667 = LINE('',#4668,#4669);
#4668 = CARTESIAN_POINT('',(-5.,5.,0.31));
#4669 = VECTOR('',#4670,1.);
#4670 = DIRECTION('',(1.,0.,0.));
#4671 = PCURVE('',#4466,#4672);
#4672 = DEFINITIONAL_REPRESENTATION('',(#4673),#4677);
#4673 = LINE('',#4674,#4675);
#4674 = CARTESIAN_POINT('',(0.,0.));
#4675 = VECTOR('',#4676,1.);
#4676 = DIRECTION('',(0.,1.));
#4677 = ( GEOMETRIC_REPRESENTATION_CONTEXT(2) 
PARAMETRIC_REPRESENTATION_CONTEXT() REPRESENTATION_CONTEXT('2D SPACE',''
  ) );
#4678 = PCURVE('',#4438,#4679);
#4679 = DEFINITIONAL_REPRESENTATION('',(#4680),#4684);
#4680 = LINE('',#4681,#4682);
#4681 = CARTESIAN_POINT('',(0.,10.));
#4682 = VECTOR('',#4683,1.);
#4683 = DIRECTION('',(1.,0.));
#4684 = ( GEOMETRIC_REPRESENTATION_CONTEXT(2) 
PARAMETRIC_REPRESENTATION_CONTEXT() REPRESENTATION_CONTEXT('2D SPACE',''
  ) );
#4685 = ORIENTED_EDGE('',*,*,#4450,.T.);
#4686 = ORIENTED_EDGE('',*,*,#4608,.T.);
#4687 = ORIENTED_EDGE('',*,*,#4688,.F.);
#4688 = EDGE_CURVE('',#4664,#4586,#4689,.T.);
#4689 = SURFACE_CURVE('',#4690,(#4694,#4701),.PCURVE_S1.);
#4690 = LINE('',#4691,#4692);
#4691 = CARTESIAN_POINT('',(5.,5.,0.31));
#4692 = VECTOR('',#4693,1.);
#4693 = DIRECTION('',(0.,0.,1.));
#4694 = PCURVE('',#4466,#4695);
#4695 = DEFINITIONAL_REPRESENTATION('',(#4696),#4700);
#4696 = LINE('',#4697,#4698);
#4697 = CARTESIAN_POINT('',(0.,10.));
#4698 = VECTOR('',#4699,1.);
#4699 = DIRECTION('',(1.,0.));
#4700 = ( GEOMETRIC_REPRESENTATION_CONTEXT(2) 
PARAMETRIC_REPRESENTATION_CONTEXT() REPRESENTATION_CONTEXT('2D SPACE',''
  ) );
#4701 = PCURVE('',#4568,#4702);
#4702 = DEFINITIONAL_REPRESENTATION('',(#4703),#4707);
#4703 = LINE('',#4704,#4705);
#4704 = CARTESIAN_POINT('',(0.,-10.));
#4705 = VECTOR('',#4706,1.);
#4706 = DIRECTION('',(1.,0.));
#4707 = ( GEOMETRIC_REPRESENTATION_CONTEXT(2) 
PARAMETRIC_REPRESENTATION_CONTEXT() REPRESENTATION_CONTEXT('2D SPACE',''
  ) );
#4708 = ADVANCED_FACE('',(#4709),#4438,.F.);
#4709 = FACE_BOUND('',#4710,.F.);
#4710 = EDGE_LOOP('',(#4711,#4712,#4713,#4734));
#4711 = ORIENTED_EDGE('',*,*,#4422,.F.);
#4712 = ORIENTED_EDGE('',*,*,#4507,.T.);
#4713 = ORIENTED_EDGE('',*,*,#4714,.T.);
#4714 = EDGE_CURVE('',#4508,#4664,#4715,.T.);
#4715 = SURFACE_CURVE('',#4716,(#4720,#4727),.PCURVE_S1.);
#4716 = LINE('',#4717,#4718);
#4717 = CARTESIAN_POINT('',(5.,-5.,0.31));
#4718 = VECTOR('',#4719,1.);
#4719 = DIRECTION('',(0.,1.,0.));
#4720 = PCURVE('',#4438,#4721);
#4721 = DEFINITIONAL_REPRESENTATION('',(#4722),#4726);
#4722 = LINE('',#4723,#4724);
#4723 = CARTESIAN_POINT('',(10.,0.));
#4724 = VECTOR('',#4725,1.);
#4725 = DIRECTION('',(0.,1.));
#4726 = ( GEOMETRIC_REPRESENTATION_CONTEXT(2) 
PARAMETRIC_REPRESENTATION_CONTEXT() REPRESENTATION_CONTEXT('2D SPACE',''
  ) );
#4727 = PCURVE('',#4568,#4728);
#4728 = DEFINITIONAL_REPRESENTATION('',(#4729),#4733);
#4729 = LINE('',#4730,#4731);
#4730 = CARTESIAN_POINT('',(0.,0.));
#4731 = VECTOR('',#4732,1.);
#4732 = DIRECTION('',(0.,-1.));
#4733 = ( GEOMETRIC_REPRESENTATION_CONTEXT(2) 
PARAMETRIC_REPRESENTATION_CONTEXT() REPRESENTATION_CONTEXT('2D SPACE',''
  ) );
#4734 = ORIENTED_EDGE('',*,*,#4663,.F.);
#4735 = ADVANCED_FACE('',(#4736),#4568,.T.);
#4736 = FACE_BOUND('',#4737,.T.);
#4737 = EDGE_LOOP('',(#4738,#4739,#4740,#4741));
#4738 = ORIENTED_EDGE('',*,*,#4554,.F.);
#4739 = ORIENTED_EDGE('',*,*,#4714,.T.);
#4740 = ORIENTED_EDGE('',*,*,#4688,.T.);
#4741 = ORIENTED_EDGE('',*,*,#4585,.F.);
#4742 = ADVANCED_FACE('',(#4743),#4648,.F.);
#4743 = FACE_BOUND('',#4744,.F.);
#4744 = EDGE_LOOP('',(#4745,#4768,#4769,#4770));
#4745 = ORIENTED_EDGE('',*,*,#4746,.T.);
#4746 = EDGE_CURVE('',#4747,#4632,#4749,.T.);
#4747 = VERTEX_POINT('',#4748);
#4748 = CARTESIAN_POINT('',(-3.125,3.75,1.0395));
#4749 = SEAM_CURVE('',#4750,(#4754,#4761),.PCURVE_S1.);
#4750 = LINE('',#4751,#4752);
#4751 = CARTESIAN_POINT('',(-3.125,3.75,1.0395));
#4752 = VECTOR('',#4753,1.);
#4753 = DIRECTION('',(0.,0.,1.));
#4754 = PCURVE('',#4648,#4755);
#4755 = DEFINITIONAL_REPRESENTATION('',(#4756),#4760);
#4756 = LINE('',#4757,#4758);
#4757 = CARTESIAN_POINT('',(6.28318530718,-0.));
#4758 = VECTOR('',#4759,1.);
#4759 = DIRECTION('',(0.,1.));
#4760 = ( GEOMETRIC_REPRESENTATION_CONTEXT(2) 
PARAMETRIC_REPRESENTATION_CONTEXT() REPRESENTATION_CONTEXT('2D SPACE',''
  ) );
#4761 = PCURVE('',#4648,#4762);
#4762 = DEFINITIONAL_REPRESENTATION('',(#4763),#4767);
#4763 = LINE('',#4764,#4765);
#4764 = CARTESIAN_POINT('',(0.,-0.));
#4765 = VECTOR('',#4766,1.);
#4766 = DIRECTION('',(0.,1.));
#4767 = ( GEOMETRIC_REPRESENTATION_CONTEXT(2) 
PARAMETRIC_REPRESENTATION_CONTEXT() REPRESENTATION_CONTEXT('2D SPACE',''
  ) );
#4768 = ORIENTED_EDGE('',*,*,#4631,.F.);
#4769 = ORIENTED_EDGE('',*,*,#4746,.F.);
#4770 = ORIENTED_EDGE('',*,*,#4771,.T.);
#4771 = EDGE_CURVE('',#4747,#4747,#4772,.T.);
#4772 = SURFACE_CURVE('',#4773,(#4778,#4785),.PCURVE_S1.);
#4773 = CIRCLE('',#4774,0.625);
#4774 = AXIS2_PLACEMENT_3D('',#4775,#4776,#4777);
#4775 = CARTESIAN_POINT('',(-3.75,3.75,1.0395));
#4776 = DIRECTION('',(0.,0.,1.));
#4777 = DIRECTION('',(1.,0.,0.));
#4778 = PCURVE('',#4648,#4779);
#4779 = DEFINITIONAL_REPRESENTATION('',(#4780),#4784);
#4780 = LINE('',#4781,#4782);
#4781 = CARTESIAN_POINT('',(0.,0.));
#4782 = VECTOR('',#4783,1.);
#4783 = DIRECTION('',(1.,0.));
#4784 = ( GEOMETRIC_REPRESENTATION_CONTEXT(2) 
PARAMETRIC_REPRESENTATION_CONTEXT() REPRESENTATION_CONTEXT('2D SPACE',''
  ) );
#4785 = PCURVE('',#4786,#4791);
#4786 = PLANE('',#4787);
#4787 = AXIS2_PLACEMENT_3D('',#4788,#4789,#4790);
#4788 = CARTESIAN_POINT('',(-3.75,3.75,1.0395));
#4789 = DIRECTION('',(0.,0.,1.));
#4790 = DIRECTION('',(1.,0.,0.));
#4791 = DEFINITIONAL_REPRESENTATION('',(#4792),#4796);
#4792 = CIRCLE('',#4793,0.625);
#4793 = AXIS2_PLACEMENT_2D('',#4794,#4795);
#4794 = CARTESIAN_POINT('',(0.,0.));
#4795 = DIRECTION('',(1.,0.));
#4796 = ( GEOMETRIC_REPRESENTATION_CONTEXT(2) 
PARAMETRIC_REPRESENTATION_CONTEXT() REPRESENTATION_CONTEXT('2D SPACE',''
  ) );
#4797 = ADVANCED_FACE('',(#4798),#4786,.T.);
#4798 = FACE_BOUND('',#4799,.F.);
#4799 = EDGE_LOOP('',(#4800));
#4800 = ORIENTED_EDGE('',*,*,#4771,.F.);
#4801 = ( GEOMETRIC_REPRESENTATION_CONTEXT(3) 
GLOBAL_UNCERTAINTY_ASSIGNED_CONTEXT((#4805)) 
GLOBAL_UNIT_ASSIGNED_CONTEXT((#4802,#4803,#4804)) REPRESENTATION_CONTEXT
('Context #1','3D Context with UNIT and UNCERTAINTY') );
#4802 = ( LENGTH_UNIT() NAMED_UNIT(*) SI_UNIT(.MILLI.,.METRE.) );
#4803 = ( NAMED_UNIT(*) PLANE_ANGLE_UNIT() SI_UNIT($,.RADIAN.) );
#4804 = ( NAMED_UNIT(*) SI_UNIT($,.STERADIAN.) SOLID_ANGLE_UNIT() );
#4805 = UNCERTAINTY_MEASURE_WITH_UNIT(LENGTH_MEASURE(1.E-07),#4802,
  'distance_accuracy_value','confusion accuracy');
#4806 = SHAPE_DEFINITION_REPRESENTATION(#4807,#4380);
#4807 = PRODUCT_DEFINITION_SHAPE('','',#4808);
#4808 = PRODUCT_DEFINITION('design','',#4809,#4812);
#4809 = PRODUCT_DEFINITION_FORMATION('','',#4810);
#4810 = PRODUCT('Body','Body','',(#4811));
#4811 = PRODUCT_CONTEXT('',#2,'mechanical');
#4812 = PRODUCT_DEFINITION_CONTEXT('part definition',#2,'design');
#4813 = CONTEXT_DEPENDENT_SHAPE_REPRESENTATION(#4814,#4816);
#4814 = ( REPRESENTATION_RELATIONSHIP('','',#4380,#10) 
REPRESENTATION_RELATIONSHIP_WITH_TRANSFORMATION(#4815) 
SHAPE_REPRESENTATION_RELATIONSHIP() );
#4815 = ITEM_DEFINED_TRANSFORMATION('','',#11,#19);
#4816 = PRODUCT_DEFINITION_SHAPE('Placement','Placement of an item',
  #4817);
#4817 = NEXT_ASSEMBLY_USAGE_OCCURRENCE('2','=>[0:1:1:3]','',#5,#4808,$);
#4818 = PRODUCT_RELATED_PRODUCT_CATEGORY('part',$,(#4810));
#4819 = MECHANICAL_DESIGN_GEOMETRIC_PRESENTATION_REPRESENTATION('',(
    #4820),#4801);
#4820 = STYLED_ITEM('color',(#4821),#4381);
#4821 = PRESENTATION_STYLE_ASSIGNMENT((#4822,#4828));
#4822 = SURFACE_STYLE_USAGE(.BOTH.,#4823);
#4823 = SURFACE_SIDE_STYLE('',(#4824));
#4824 = SURFACE_STYLE_FILL_AREA(#4825);
#4825 = FILL_AREA_STYLE('',(#4826));
#4826 = FILL_AREA_STYLE_COLOUR('',#4827);
#4827 = COLOUR_RGB('',0.300000011921,0.300000011921,0.300000011921);
#4828 = CURVE_STYLE('',#4829,POSITIVE_LENGTH_MEASURE(0.1),#4827);
#4829 = DRAUGHTING_PRE_DEFINED_CURVE_FONT('continuous');
#4830 = MECHANICAL_DESIGN_GEOMETRIC_PRESENTATION_REPRESENTATION('',(
    #4831,#4841,#4850,#4859,#4868,#4877,#4886,#4895,#4904,#4913,#4922,
    #4931,#4940,#4949,#4958,#4967,#4976,#4985,#4994,#5003,#5012,#5021,
    #5030,#5039,#5048,#5057,#5066,#5075,#5084,#5093,#5102,#5111,#5120,
    #5129,#5138,#5147,#5156,#5165,#5174,#5183,#5192,#5201,#5210,#5219,
    #5228,#5237,#5246,#5255,#5264,#5273,#5282,#5291,#5300,#5309,#5318,
    #5327,#5336,#5345,#5354,#5363,#5372,#5381,#5390,#5399,#5408,#5417,
    #5426,#5435,#5444,#5453,#5462,#5471,#5480,#5489,#5498,#5507,#5516,
    #5525,#5534,#5543,#5552,#5561,#5570,#5579,#5588,#5597,#5606,#5615,
    #5624,#5633,#5642,#5651,#5660,#5669,#5678,#5687,#5696,#5705,#5714,
    #5723,#5732,#5741,#5750,#5759,#5768,#5777,#5786,#5795,#5804,#5813,
    #5822,#5831,#5840,#5849,#5858,#5867,#5876,#5885,#5894,#5903,#5912,
    #5921,#5930,#5939,#5948,#5957,#5966,#5975,#5984,#5993,#6002,#6011,
    #6020,#6029,#6038,#6047,#6056,#6065,#6074,#6083,#6092,#6101,#6110,
    #6119,#6128,#6137,#6146,#6155,#6164,#6173,#6182,#6191,#6200,#6209,
    #6218,#6227,#6236,#6245,#6254,#6263,#6272,#6281,#6290,#6299,#6308,
    #6317,#6326,#6335,#6344,#6353,#6362,#6371,#6380,#6389,#6398,#6407,
    #6416,#6425,#6434,#6443,#6452,#6461,#6470,#6479,#6488,#6497,#6506,
    #6515,#6524,#6533,#6542,#6551,#6560,#6569,#6578,#6587,#6596,#6605,
    #6614,#6623,#6632,#6641,#6650,#6659,#6668,#6677,#6686,#6695,#6704,
    #6713,#6722,#6731,#6740,#6749,#6758,#6767,#6776,#6785,#6794,#6803,
    #6812,#6821,#6830,#6839,#6848,#6857,#6866,#6875,#6884,#6893,#6902,
    #6911,#6920,#6929,#6938,#6947,#6956,#6965,#6974,#6983,#6992,#7001,
    #7010,#7019,#7028,#7037,#7046,#7055,#7064,#7073,#7082,#7091,#7100,
    #7109,#7118,#7127,#7136,#7145,#7154,#7163,#7172,#7181,#7190,#7199,
    #7208,#7217,#7226,#7235,#7244,#7253,#7262,#7271,#7280,#7289,#7298,
    #7307,#7316,#7325,#7334,#7343,#7352,#7361,#7370,#7379,#7388,#7397,
    #7406,#7415,#7424,#7433,#7442,#7451,#7460,#7469,#7478,#7487,#7496,
    #7505,#7514,#7523,#7532,#7541,#7550,#7559,#7568,#7577,#7586,#7595,
    #7604,#7613,#7622,#7631,#7640,#7649,#7658,#7667,#7676,#7685,#7694,
    #7703,#7712,#7721,#7730,#7739,#7748,#7757,#7766,#7775,#7784,#7793,
    #7802,#7811,#7820,#7829,#7838,#7847,#7856,#7865,#7874,#7883,#7892,
    #7901,#7910,#7919,#7928,#7937,#7946,#7955,#7964,#7973,#7982,#7991,
    #8000,#8009,#8018,#8027,#8036,#8045,#8054,#8063,#8072),#4362);
#4831 = STYLED_ITEM('color',(#4832),#30);
#4832 = PRESENTATION_STYLE_ASSIGNMENT((#4833,#4839));
#4833 = SURFACE_STYLE_USAGE(.BOTH.,#4834);
#4834 = SURFACE_SIDE_STYLE('',(#4835));
#4835 = SURFACE_STYLE_FILL_AREA(#4836);
#4836 = FILL_AREA_STYLE('',(#4837));
#4837 = FILL_AREA_STYLE_COLOUR('',#4838);
#4838 = COLOUR_RGB('',0.73400002718,0.773000001907,0.79699999094);
#4839 = CURVE_STYLE('',#4840,POSITIVE_LENGTH_MEASURE(0.1),#4838);
#4840 = DRAUGHTING_PRE_DEFINED_CURVE_FONT('continuous');
#4841 = STYLED_ITEM('color',(#4842),#42);
#4842 = PRESENTATION_STYLE_ASSIGNMENT((#4843,#4848));
#4843 = SURFACE_STYLE_USAGE(.BOTH.,#4844);
#4844 = SURFACE_SIDE_STYLE('',(#4845));
#4845 = SURFACE_STYLE_FILL_AREA(#4846);
#4846 = FILL_AREA_STYLE('',(#4847));
#4847 = FILL_AREA_STYLE_COLOUR('',#4838);
#4848 = CURVE_STYLE('',#4849,POSITIVE_LENGTH_MEASURE(0.1),#4838);
#4849 = DRAUGHTING_PRE_DEFINED_CURVE_FONT('continuous');
#4850 = STYLED_ITEM('color',(#4851),#54);
#4851 = PRESENTATION_STYLE_ASSIGNMENT((#4852,#4857));
#4852 = SURFACE_STYLE_USAGE(.BOTH.,#4853);
#4853 = SURFACE_SIDE_STYLE('',(#4854));
#4854 = SURFACE_STYLE_FILL_AREA(#4855);
#4855 = FILL_AREA_STYLE('',(#4856));
#4856 = FILL_AREA_STYLE_COLOUR('',#4838);
#4857 = CURVE_STYLE('',#4858,POSITIVE_LENGTH_MEASURE(0.1),#4838);
#4858 = DRAUGHTING_PRE_DEFINED_CURVE_FONT('continuous');
#4859 = STYLED_ITEM('color',(#4860),#66);
#4860 = PRESENTATION_STYLE_ASSIGNMENT((#4861,#4866));
#4861 = SURFACE_STYLE_USAGE(.BOTH.,#4862);
#4862 = SURFACE_SIDE_STYLE('',(#4863));
#4863 = SURFACE_STYLE_FILL_AREA(#4864);
#4864 = FILL_AREA_STYLE('',(#4865));
#4865 = FILL_AREA_STYLE_COLOUR('',#4838);
#4866 = CURVE_STYLE('',#4867,POSITIVE_LENGTH_MEASURE(0.1),#4838);
#4867 = DRAUGHTING_PRE_DEFINED_CURVE_FONT('continuous');
#4868 = STYLED_ITEM('color',(#4869),#78);
#4869 = PRESENTATION_STYLE_ASSIGNMENT((#4870,#4875));
#4870 = SURFACE_STYLE_USAGE(.BOTH.,#4871);
#4871 = SURFACE_SIDE_STYLE('',(#4872));
#4872 = SURFACE_STYLE_FILL_AREA(#4873);
#4873 = FILL_AREA_STYLE('',(#4874));
#4874 = FILL_AREA_STYLE_COLOUR('',#4838);
#4875 = CURVE_STYLE('',#4876,POSITIVE_LENGTH_MEASURE(0.1),#4838);
#4876 = DRAUGHTING_PRE_DEFINED_CURVE_FONT('continuous');
#4877 = STYLED_ITEM('color',(#4878),#90);
#4878 = PRESENTATION_STYLE_ASSIGNMENT((#4879,#4884));
#4879 = SURFACE_STYLE_USAGE(.BOTH.,#4880);
#4880 = SURFACE_SIDE_STYLE('',(#4881));
#4881 = SURFACE_STYLE_FILL_AREA(#4882);
#4882 = FILL_AREA_STYLE('',(#4883));
#4883 = FILL_AREA_STYLE_COLOUR('',#4838);
#4884 = CURVE_STYLE('',#4885,POSITIVE_LENGTH_MEASURE(0.1),#4838);
#4885 = DRAUGHTING_PRE_DEFINED_CURVE_FONT('continuous');
#4886 = STYLED_ITEM('color',(#4887),#102);
#4887 = PRESENTATION_STYLE_ASSIGNMENT((#4888,#4893));
#4888 = SURFACE_STYLE_USAGE(.BOTH.,#4889);
#4889 = SURFACE_SIDE_STYLE('',(#4890));
#4890 = SURFACE_STYLE_FILL_AREA(#4891);
#4891 = FILL_AREA_STYLE('',(#4892));
#4892 = FILL_AREA_STYLE_COLOUR('',#4838);
#4893 = CURVE_STYLE('',#4894,POSITIVE_LENGTH_MEASURE(0.1),#4838);
#4894 = DRAUGHTING_PRE_DEFINED_CURVE_FONT('continuous');
#4895 = STYLED_ITEM('color',(#4896),#114);
#4896 = PRESENTATION_STYLE_ASSIGNMENT((#4897,#4902));
#4897 = SURFACE_STYLE_USAGE(.BOTH.,#4898);
#4898 = SURFACE_SIDE_STYLE('',(#4899));
#4899 = SURFACE_STYLE_FILL_AREA(#4900);
#4900 = FILL_AREA_STYLE('',(#4901));
#4901 = FILL_AREA_STYLE_COLOUR('',#4838);
#4902 = CURVE_STYLE('',#4903,POSITIVE_LENGTH_MEASURE(0.1),#4838);
#4903 = DRAUGHTING_PRE_DEFINED_CURVE_FONT('continuous');
#4904 = STYLED_ITEM('color',(#4905),#126);
#4905 = PRESENTATION_STYLE_ASSIGNMENT((#4906,#4911));
#4906 = SURFACE_STYLE_USAGE(.BOTH.,#4907);
#4907 = SURFACE_SIDE_STYLE('',(#4908));
#4908 = SURFACE_STYLE_FILL_AREA(#4909);
#4909 = FILL_AREA_STYLE('',(#4910));
#4910 = FILL_AREA_STYLE_COLOUR('',#4838);
#4911 = CURVE_STYLE('',#4912,POSITIVE_LENGTH_MEASURE(0.1),#4838);
#4912 = DRAUGHTING_PRE_DEFINED_CURVE_FONT('continuous');
#4913 = STYLED_ITEM('color',(#4914),#138);
#4914 = PRESENTATION_STYLE_ASSIGNMENT((#4915,#4920));
#4915 = SURFACE_STYLE_USAGE(.BOTH.,#4916);
#4916 = SURFACE_SIDE_STYLE('',(#4917));
#4917 = SURFACE_STYLE_FILL_AREA(#4918);
#4918 = FILL_AREA_STYLE('',(#4919));
#4919 = FILL_AREA_STYLE_COLOUR('',#4838);
#4920 = CURVE_STYLE('',#4921,POSITIVE_LENGTH_MEASURE(0.1),#4838);
#4921 = DRAUGHTING_PRE_DEFINED_CURVE_FONT('continuous');
#4922 = STYLED_ITEM('color',(#4923),#150);
#4923 = PRESENTATION_STYLE_ASSIGNMENT((#4924,#4929));
#4924 = SURFACE_STYLE_USAGE(.BOTH.,#4925);
#4925 = SURFACE_SIDE_STYLE('',(#4926));
#4926 = SURFACE_STYLE_FILL_AREA(#4927);
#4927 = FILL_AREA_STYLE('',(#4928));
#4928 = FILL_AREA_STYLE_COLOUR('',#4838);
#4929 = CURVE_STYLE('',#4930,POSITIVE_LENGTH_MEASURE(0.1),#4838);
#4930 = DRAUGHTING_PRE_DEFINED_CURVE_FONT('continuous');
#4931 = STYLED_ITEM('color',(#4932),#162);
#4932 = PRESENTATION_STYLE_ASSIGNMENT((#4933,#4938));
#4933 = SURFACE_STYLE_USAGE(.BOTH.,#4934);
#4934 = SURFACE_SIDE_STYLE('',(#4935));
#4935 = SURFACE_STYLE_FILL_AREA(#4936);
#4936 = FILL_AREA_STYLE('',(#4937));
#4937 = FILL_AREA_STYLE_COLOUR('',#4838);
#4938 = CURVE_STYLE('',#4939,POSITIVE_LENGTH_MEASURE(0.1),#4838);
#4939 = DRAUGHTING_PRE_DEFINED_CURVE_FONT('continuous');
#4940 = STYLED_ITEM('color',(#4941),#174);
#4941 = PRESENTATION_STYLE_ASSIGNMENT((#4942,#4947));
#4942 = SURFACE_STYLE_USAGE(.BOTH.,#4943);
#4943 = SURFACE_SIDE_STYLE('',(#4944));
#4944 = SURFACE_STYLE_FILL_AREA(#4945);
#4945 = FILL_AREA_STYLE('',(#4946));
#4946 = FILL_AREA_STYLE_COLOUR('',#4838);
#4947 = CURVE_STYLE('',#4948,POSITIVE_LENGTH_MEASURE(0.1),#4838);
#4948 = DRAUGHTING_PRE_DEFINED_CURVE_FONT('continuous');
#4949 = STYLED_ITEM('color',(#4950),#186);
#4950 = PRESENTATION_STYLE_ASSIGNMENT((#4951,#4956));
#4951 = SURFACE_STYLE_USAGE(.BOTH.,#4952);
#4952 = SURFACE_SIDE_STYLE('',(#4953));
#4953 = SURFACE_STYLE_FILL_AREA(#4954);
#4954 = FILL_AREA_STYLE('',(#4955));
#4955 = FILL_AREA_STYLE_COLOUR('',#4838);
#4956 = CURVE_STYLE('',#4957,POSITIVE_LENGTH_MEASURE(0.1),#4838);
#4957 = DRAUGHTING_PRE_DEFINED_CURVE_FONT('continuous');
#4958 = STYLED_ITEM('color',(#4959),#198);
#4959 = PRESENTATION_STYLE_ASSIGNMENT((#4960,#4965));
#4960 = SURFACE_STYLE_USAGE(.BOTH.,#4961);
#4961 = SURFACE_SIDE_STYLE('',(#4962));
#4962 = SURFACE_STYLE_FILL_AREA(#4963);
#4963 = FILL_AREA_STYLE('',(#4964));
#4964 = FILL_AREA_STYLE_COLOUR('',#4838);
#4965 = CURVE_STYLE('',#4966,POSITIVE_LENGTH_MEASURE(0.1),#4838);
#4966 = DRAUGHTING_PRE_DEFINED_CURVE_FONT('continuous');
#4967 = STYLED_ITEM('color',(#4968),#210);
#4968 = PRESENTATION_STYLE_ASSIGNMENT((#4969,#4974));
#4969 = SURFACE_STYLE_USAGE(.BOTH.,#4970);
#4970 = SURFACE_SIDE_STYLE('',(#4971));
#4971 = SURFACE_STYLE_FILL_AREA(#4972);
#4972 = FILL_AREA_STYLE('',(#4973));
#4973 = FILL_AREA_STYLE_COLOUR('',#4838);
#4974 = CURVE_STYLE('',#4975,POSITIVE_LENGTH_MEASURE(0.1),#4838);
#4975 = DRAUGHTING_PRE_DEFINED_CURVE_FONT('continuous');
#4976 = STYLED_ITEM('color',(#4977),#222);
#4977 = PRESENTATION_STYLE_ASSIGNMENT((#4978,#4983));
#4978 = SURFACE_STYLE_USAGE(.BOTH.,#4979);
#4979 = SURFACE_SIDE_STYLE('',(#4980));
#4980 = SURFACE_STYLE_FILL_AREA(#4981);
#4981 = FILL_AREA_STYLE('',(#4982));
#4982 = FILL_AREA_STYLE_COLOUR('',#4838);
#4983 = CURVE_STYLE('',#4984,POSITIVE_LENGTH_MEASURE(0.1),#4838);
#4984 = DRAUGHTING_PRE_DEFINED_CURVE_FONT('continuous');
#4985 = STYLED_ITEM('color',(#4986),#234);
#4986 = PRESENTATION_STYLE_ASSIGNMENT((#4987,#4992));
#4987 = SURFACE_STYLE_USAGE(.BOTH.,#4988);
#4988 = SURFACE_SIDE_STYLE('',(#4989));
#4989 = SURFACE_STYLE_FILL_AREA(#4990);
#4990 = FILL_AREA_STYLE('',(#4991));
#4991 = FILL_AREA_STYLE_COLOUR('',#4838);
#4992 = CURVE_STYLE('',#4993,POSITIVE_LENGTH_MEASURE(0.1),#4838);
#4993 = DRAUGHTING_PRE_DEFINED_CURVE_FONT('continuous');
#4994 = STYLED_ITEM('color',(#4995),#246);
#4995 = PRESENTATION_STYLE_ASSIGNMENT((#4996,#5001));
#4996 = SURFACE_STYLE_USAGE(.BOTH.,#4997);
#4997 = SURFACE_SIDE_STYLE('',(#4998));
#4998 = SURFACE_STYLE_FILL_AREA(#4999);
#4999 = FILL_AREA_STYLE('',(#5000));
#5000 = FILL_AREA_STYLE_COLOUR('',#4838);
#5001 = CURVE_STYLE('',#5002,POSITIVE_LENGTH_MEASURE(0.1),#4838);
#5002 = DRAUGHTING_PRE_DEFINED_CURVE_FONT('continuous');
#5003 = STYLED_ITEM('color',(#5004),#258);
#5004 = PRESENTATION_STYLE_ASSIGNMENT((#5005,#5010));
#5005 = SURFACE_STYLE_USAGE(.BOTH.,#5006);
#5006 = SURFACE_SIDE_STYLE('',(#5007));
#5007 = SURFACE_STYLE_FILL_AREA(#5008);
#5008 = FILL_AREA_STYLE('',(#5009));
#5009 = FILL_AREA_STYLE_COLOUR('',#4838);
#5010 = CURVE_STYLE('',#5011,POSITIVE_LENGTH_MEASURE(0.1),#4838);
#5011 = DRAUGHTING_PRE_DEFINED_CURVE_FONT('continuous');
#5012 = STYLED_ITEM('color',(#5013),#270);
#5013 = PRESENTATION_STYLE_ASSIGNMENT((#5014,#5019));
#5014 = SURFACE_STYLE_USAGE(.BOTH.,#5015);
#5015 = SURFACE_SIDE_STYLE('',(#5016));
#5016 = SURFACE_STYLE_FILL_AREA(#5017);
#5017 = FILL_AREA_STYLE('',(#5018));
#5018 = FILL_AREA_STYLE_COLOUR('',#4838);
#5019 = CURVE_STYLE('',#5020,POSITIVE_LENGTH_MEASURE(0.1),#4838);
#5020 = DRAUGHTING_PRE_DEFINED_CURVE_FONT('continuous');
#5021 = STYLED_ITEM('color',(#5022),#282);
#5022 = PRESENTATION_STYLE_ASSIGNMENT((#5023,#5028));
#5023 = SURFACE_STYLE_USAGE(.BOTH.,#5024);
#5024 = SURFACE_SIDE_STYLE('',(#5025));
#5025 = SURFACE_STYLE_FILL_AREA(#5026);
#5026 = FILL_AREA_STYLE('',(#5027));
#5027 = FILL_AREA_STYLE_COLOUR('',#4838);
#5028 = CURVE_STYLE('',#5029,POSITIVE_LENGTH_MEASURE(0.1),#4838);
#5029 = DRAUGHTING_PRE_DEFINED_CURVE_FONT('continuous');
#5030 = STYLED_ITEM('color',(#5031),#294);
#5031 = PRESENTATION_STYLE_ASSIGNMENT((#5032,#5037));
#5032 = SURFACE_STYLE_USAGE(.BOTH.,#5033);
#5033 = SURFACE_SIDE_STYLE('',(#5034));
#5034 = SURFACE_STYLE_FILL_AREA(#5035);
#5035 = FILL_AREA_STYLE('',(#5036));
#5036 = FILL_AREA_STYLE_COLOUR('',#4838);
#5037 = CURVE_STYLE('',#5038,POSITIVE_LENGTH_MEASURE(0.1),#4838);
#5038 = DRAUGHTING_PRE_DEFINED_CURVE_FONT('continuous');
#5039 = STYLED_ITEM('color',(#5040),#306);
#5040 = PRESENTATION_STYLE_ASSIGNMENT((#5041,#5046));
#5041 = SURFACE_STYLE_USAGE(.BOTH.,#5042);
#5042 = SURFACE_SIDE_STYLE('',(#5043));
#5043 = SURFACE_STYLE_FILL_AREA(#5044);
#5044 = FILL_AREA_STYLE('',(#5045));
#5045 = FILL_AREA_STYLE_COLOUR('',#4838);
#5046 = CURVE_STYLE('',#5047,POSITIVE_LENGTH_MEASURE(0.1),#4838);
#5047 = DRAUGHTING_PRE_DEFINED_CURVE_FONT('continuous');
#5048 = STYLED_ITEM('color',(#5049),#318);
#5049 = PRESENTATION_STYLE_ASSIGNMENT((#5050,#5055));
#5050 = SURFACE_STYLE_USAGE(.BOTH.,#5051);
#5051 = SURFACE_SIDE_STYLE('',(#5052));
#5052 = SURFACE_STYLE_FILL_AREA(#5053);
#5053 = FILL_AREA_STYLE('',(#5054));
#5054 = FILL_AREA_STYLE_COLOUR('',#4838);
#5055 = CURVE_STYLE('',#5056,POSITIVE_LENGTH_MEASURE(0.1),#4838);
#5056 = DRAUGHTING_PRE_DEFINED_CURVE_FONT('continuous');
#5057 = STYLED_ITEM('color',(#5058),#330);
#5058 = PRESENTATION_STYLE_ASSIGNMENT((#5059,#5064));
#5059 = SURFACE_STYLE_USAGE(.BOTH.,#5060);
#5060 = SURFACE_SIDE_STYLE('',(#5061));
#5061 = SURFACE_STYLE_FILL_AREA(#5062);
#5062 = FILL_AREA_STYLE('',(#5063));
#5063 = FILL_AREA_STYLE_COLOUR('',#4838);
#5064 = CURVE_STYLE('',#5065,POSITIVE_LENGTH_MEASURE(0.1),#4838);
#5065 = DRAUGHTING_PRE_DEFINED_CURVE_FONT('continuous');
#5066 = STYLED_ITEM('color',(#5067),#342);
#5067 = PRESENTATION_STYLE_ASSIGNMENT((#5068,#5073));
#5068 = SURFACE_STYLE_USAGE(.BOTH.,#5069);
#5069 = SURFACE_SIDE_STYLE('',(#5070));
#5070 = SURFACE_STYLE_FILL_AREA(#5071);
#5071 = FILL_AREA_STYLE('',(#5072));
#5072 = FILL_AREA_STYLE_COLOUR('',#4838);
#5073 = CURVE_STYLE('',#5074,POSITIVE_LENGTH_MEASURE(0.1),#4838);
#5074 = DRAUGHTING_PRE_DEFINED_CURVE_FONT('continuous');
#5075 = STYLED_ITEM('color',(#5076),#354);
#5076 = PRESENTATION_STYLE_ASSIGNMENT((#5077,#5082));
#5077 = SURFACE_STYLE_USAGE(.BOTH.,#5078);
#5078 = SURFACE_SIDE_STYLE('',(#5079));
#5079 = SURFACE_STYLE_FILL_AREA(#5080);
#5080 = FILL_AREA_STYLE('',(#5081));
#5081 = FILL_AREA_STYLE_COLOUR('',#4838);
#5082 = CURVE_STYLE('',#5083,POSITIVE_LENGTH_MEASURE(0.1),#4838);
#5083 = DRAUGHTING_PRE_DEFINED_CURVE_FONT('continuous');
#5084 = STYLED_ITEM('color',(#5085),#366);
#5085 = PRESENTATION_STYLE_ASSIGNMENT((#5086,#5091));
#5086 = SURFACE_STYLE_USAGE(.BOTH.,#5087);
#5087 = SURFACE_SIDE_STYLE('',(#5088));
#5088 = SURFACE_STYLE_FILL_AREA(#5089);
#5089 = FILL_AREA_STYLE('',(#5090));
#5090 = FILL_AREA_STYLE_COLOUR('',#4838);
#5091 = CURVE_STYLE('',#5092,POSITIVE_LENGTH_MEASURE(0.1),#4838);
#5092 = DRAUGHTING_PRE_DEFINED_CURVE_FONT('continuous');
#5093 = STYLED_ITEM('color',(#5094),#378);
#5094 = PRESENTATION_STYLE_ASSIGNMENT((#5095,#5100));
#5095 = SURFACE_STYLE_USAGE(.BOTH.,#5096);
#5096 = SURFACE_SIDE_STYLE('',(#5097));
#5097 = SURFACE_STYLE_FILL_AREA(#5098);
#5098 = FILL_AREA_STYLE('',(#5099));
#5099 = FILL_AREA_STYLE_COLOUR('',#4838);
#5100 = CURVE_STYLE('',#5101,POSITIVE_LENGTH_MEASURE(0.1),#4838);
#5101 = DRAUGHTING_PRE_DEFINED_CURVE_FONT('continuous');
#5102 = STYLED_ITEM('color',(#5103),#390);
#5103 = PRESENTATION_STYLE_ASSIGNMENT((#5104,#5109));
#5104 = SURFACE_STYLE_USAGE(.BOTH.,#5105);
#5105 = SURFACE_SIDE_STYLE('',(#5106));
#5106 = SURFACE_STYLE_FILL_AREA(#5107);
#5107 = FILL_AREA_STYLE('',(#5108));
#5108 = FILL_AREA_STYLE_COLOUR('',#4838);
#5109 = CURVE_STYLE('',#5110,POSITIVE_LENGTH_MEASURE(0.1),#4838);
#5110 = DRAUGHTING_PRE_DEFINED_CURVE_FONT('continuous');
#5111 = STYLED_ITEM('color',(#5112),#402);
#5112 = PRESENTATION_STYLE_ASSIGNMENT((#5113,#5118));
#5113 = SURFACE_STYLE_USAGE(.BOTH.,#5114);
#5114 = SURFACE_SIDE_STYLE('',(#5115));
#5115 = SURFACE_STYLE_FILL_AREA(#5116);
#5116 = FILL_AREA_STYLE('',(#5117));
#5117 = FILL_AREA_STYLE_COLOUR('',#4838);
#5118 = CURVE_STYLE('',#5119,POSITIVE_LENGTH_MEASURE(0.1),#4838);
#5119 = DRAUGHTING_PRE_DEFINED_CURVE_FONT('continuous');
#5120 = STYLED_ITEM('color',(#5121),#414);
#5121 = PRESENTATION_STYLE_ASSIGNMENT((#5122,#5127));
#5122 = SURFACE_STYLE_USAGE(.BOTH.,#5123);
#5123 = SURFACE_SIDE_STYLE('',(#5124));
#5124 = SURFACE_STYLE_FILL_AREA(#5125);
#5125 = FILL_AREA_STYLE('',(#5126));
#5126 = FILL_AREA_STYLE_COLOUR('',#4838);
#5127 = CURVE_STYLE('',#5128,POSITIVE_LENGTH_MEASURE(0.1),#4838);
#5128 = DRAUGHTING_PRE_DEFINED_CURVE_FONT('continuous');
#5129 = STYLED_ITEM('color',(#5130),#426);
#5130 = PRESENTATION_STYLE_ASSIGNMENT((#5131,#5136));
#5131 = SURFACE_STYLE_USAGE(.BOTH.,#5132);
#5132 = SURFACE_SIDE_STYLE('',(#5133));
#5133 = SURFACE_STYLE_FILL_AREA(#5134);
#5134 = FILL_AREA_STYLE('',(#5135));
#5135 = FILL_AREA_STYLE_COLOUR('',#4838);
#5136 = CURVE_STYLE('',#5137,POSITIVE_LENGTH_MEASURE(0.1),#4838);
#5137 = DRAUGHTING_PRE_DEFINED_CURVE_FONT('continuous');
#5138 = STYLED_ITEM('color',(#5139),#438);
#5139 = PRESENTATION_STYLE_ASSIGNMENT((#5140,#5145));
#5140 = SURFACE_STYLE_USAGE(.BOTH.,#5141);
#5141 = SURFACE_SIDE_STYLE('',(#5142));
#5142 = SURFACE_STYLE_FILL_AREA(#5143);
#5143 = FILL_AREA_STYLE('',(#5144));
#5144 = FILL_AREA_STYLE_COLOUR('',#4838);
#5145 = CURVE_STYLE('',#5146,POSITIVE_LENGTH_MEASURE(0.1),#4838);
#5146 = DRAUGHTING_PRE_DEFINED_CURVE_FONT('continuous');
#5147 = STYLED_ITEM('color',(#5148),#450);
#5148 = PRESENTATION_STYLE_ASSIGNMENT((#5149,#5154));
#5149 = SURFACE_STYLE_USAGE(.BOTH.,#5150);
#5150 = SURFACE_SIDE_STYLE('',(#5151));
#5151 = SURFACE_STYLE_FILL_AREA(#5152);
#5152 = FILL_AREA_STYLE('',(#5153));
#5153 = FILL_AREA_STYLE_COLOUR('',#4838);
#5154 = CURVE_STYLE('',#5155,POSITIVE_LENGTH_MEASURE(0.1),#4838);
#5155 = DRAUGHTING_PRE_DEFINED_CURVE_FONT('continuous');
#5156 = STYLED_ITEM('color',(#5157),#462);
#5157 = PRESENTATION_STYLE_ASSIGNMENT((#5158,#5163));
#5158 = SURFACE_STYLE_USAGE(.BOTH.,#5159);
#5159 = SURFACE_SIDE_STYLE('',(#5160));
#5160 = SURFACE_STYLE_FILL_AREA(#5161);
#5161 = FILL_AREA_STYLE('',(#5162));
#5162 = FILL_AREA_STYLE_COLOUR('',#4838);
#5163 = CURVE_STYLE('',#5164,POSITIVE_LENGTH_MEASURE(0.1),#4838);
#5164 = DRAUGHTING_PRE_DEFINED_CURVE_FONT('continuous');
#5165 = STYLED_ITEM('color',(#5166),#474);
#5166 = PRESENTATION_STYLE_ASSIGNMENT((#5167,#5172));
#5167 = SURFACE_STYLE_USAGE(.BOTH.,#5168);
#5168 = SURFACE_SIDE_STYLE('',(#5169));
#5169 = SURFACE_STYLE_FILL_AREA(#5170);
#5170 = FILL_AREA_STYLE('',(#5171));
#5171 = FILL_AREA_STYLE_COLOUR('',#4838);
#5172 = CURVE_STYLE('',#5173,POSITIVE_LENGTH_MEASURE(0.1),#4838);
#5173 = DRAUGHTING_PRE_DEFINED_CURVE_FONT('continuous');
#5174 = STYLED_ITEM('color',(#5175),#486);
#5175 = PRESENTATION_STYLE_ASSIGNMENT((#5176,#5181));
#5176 = SURFACE_STYLE_USAGE(.BOTH.,#5177);
#5177 = SURFACE_SIDE_STYLE('',(#5178));
#5178 = SURFACE_STYLE_FILL_AREA(#5179);
#5179 = FILL_AREA_STYLE('',(#5180));
#5180 = FILL_AREA_STYLE_COLOUR('',#4838);
#5181 = CURVE_STYLE('',#5182,POSITIVE_LENGTH_MEASURE(0.1),#4838);
#5182 = DRAUGHTING_PRE_DEFINED_CURVE_FONT('continuous');
#5183 = STYLED_ITEM('color',(#5184),#498);
#5184 = PRESENTATION_STYLE_ASSIGNMENT((#5185,#5190));
#5185 = SURFACE_STYLE_USAGE(.BOTH.,#5186);
#5186 = SURFACE_SIDE_STYLE('',(#5187));
#5187 = SURFACE_STYLE_FILL_AREA(#5188);
#5188 = FILL_AREA_STYLE('',(#5189));
#5189 = FILL_AREA_STYLE_COLOUR('',#4838);
#5190 = CURVE_STYLE('',#5191,POSITIVE_LENGTH_MEASURE(0.1),#4838);
#5191 = DRAUGHTING_PRE_DEFINED_CURVE_FONT('continuous');
#5192 = STYLED_ITEM('color',(#5193),#510);
#5193 = PRESENTATION_STYLE_ASSIGNMENT((#5194,#5199));
#5194 = SURFACE_STYLE_USAGE(.BOTH.,#5195);
#5195 = SURFACE_SIDE_STYLE('',(#5196));
#5196 = SURFACE_STYLE_FILL_AREA(#5197);
#5197 = FILL_AREA_STYLE('',(#5198));
#5198 = FILL_AREA_STYLE_COLOUR('',#4838);
#5199 = CURVE_STYLE('',#5200,POSITIVE_LENGTH_MEASURE(0.1),#4838);
#5200 = DRAUGHTING_PRE_DEFINED_CURVE_FONT('continuous');
#5201 = STYLED_ITEM('color',(#5202),#522);
#5202 = PRESENTATION_STYLE_ASSIGNMENT((#5203,#5208));
#5203 = SURFACE_STYLE_USAGE(.BOTH.,#5204);
#5204 = SURFACE_SIDE_STYLE('',(#5205));
#5205 = SURFACE_STYLE_FILL_AREA(#5206);
#5206 = FILL_AREA_STYLE('',(#5207));
#5207 = FILL_AREA_STYLE_COLOUR('',#4838);
#5208 = CURVE_STYLE('',#5209,POSITIVE_LENGTH_MEASURE(0.1),#4838);
#5209 = DRAUGHTING_PRE_DEFINED_CURVE_FONT('continuous');
#5210 = STYLED_ITEM('color',(#5211),#534);
#5211 = PRESENTATION_STYLE_ASSIGNMENT((#5212,#5217));
#5212 = SURFACE_STYLE_USAGE(.BOTH.,#5213);
#5213 = SURFACE_SIDE_STYLE('',(#5214));
#5214 = SURFACE_STYLE_FILL_AREA(#5215);
#5215 = FILL_AREA_STYLE('',(#5216));
#5216 = FILL_AREA_STYLE_COLOUR('',#4838);
#5217 = CURVE_STYLE('',#5218,POSITIVE_LENGTH_MEASURE(0.1),#4838);
#5218 = DRAUGHTING_PRE_DEFINED_CURVE_FONT('continuous');
#5219 = STYLED_ITEM('color',(#5220),#546);
#5220 = PRESENTATION_STYLE_ASSIGNMENT((#5221,#5226));
#5221 = SURFACE_STYLE_USAGE(.BOTH.,#5222);
#5222 = SURFACE_SIDE_STYLE('',(#5223));
#5223 = SURFACE_STYLE_FILL_AREA(#5224);
#5224 = FILL_AREA_STYLE('',(#5225));
#5225 = FILL_AREA_STYLE_COLOUR('',#4838);
#5226 = CURVE_STYLE('',#5227,POSITIVE_LENGTH_MEASURE(0.1),#4838);
#5227 = DRAUGHTING_PRE_DEFINED_CURVE_FONT('continuous');
#5228 = STYLED_ITEM('color',(#5229),#558);
#5229 = PRESENTATION_STYLE_ASSIGNMENT((#5230,#5235));
#5230 = SURFACE_STYLE_USAGE(.BOTH.,#5231);
#5231 = SURFACE_SIDE_STYLE('',(#5232));
#5232 = SURFACE_STYLE_FILL_AREA(#5233);
#5233 = FILL_AREA_STYLE('',(#5234));
#5234 = FILL_AREA_STYLE_COLOUR('',#4838);
#5235 = CURVE_STYLE('',#5236,POSITIVE_LENGTH_MEASURE(0.1),#4838);
#5236 = DRAUGHTING_PRE_DEFINED_CURVE_FONT('continuous');
#5237 = STYLED_ITEM('color',(#5238),#570);
#5238 = PRESENTATION_STYLE_ASSIGNMENT((#5239,#5244));
#5239 = SURFACE_STYLE_USAGE(.BOTH.,#5240);
#5240 = SURFACE_SIDE_STYLE('',(#5241));
#5241 = SURFACE_STYLE_FILL_AREA(#5242);
#5242 = FILL_AREA_STYLE('',(#5243));
#5243 = FILL_AREA_STYLE_COLOUR('',#4838);
#5244 = CURVE_STYLE('',#5245,POSITIVE_LENGTH_MEASURE(0.1),#4838);
#5245 = DRAUGHTING_PRE_DEFINED_CURVE_FONT('continuous');
#5246 = STYLED_ITEM('color',(#5247),#582);
#5247 = PRESENTATION_STYLE_ASSIGNMENT((#5248,#5253));
#5248 = SURFACE_STYLE_USAGE(.BOTH.,#5249);
#5249 = SURFACE_SIDE_STYLE('',(#5250));
#5250 = SURFACE_STYLE_FILL_AREA(#5251);
#5251 = FILL_AREA_STYLE('',(#5252));
#5252 = FILL_AREA_STYLE_COLOUR('',#4838);
#5253 = CURVE_STYLE('',#5254,POSITIVE_LENGTH_MEASURE(0.1),#4838);
#5254 = DRAUGHTING_PRE_DEFINED_CURVE_FONT('continuous');
#5255 = STYLED_ITEM('color',(#5256),#594);
#5256 = PRESENTATION_STYLE_ASSIGNMENT((#5257,#5262));
#5257 = SURFACE_STYLE_USAGE(.BOTH.,#5258);
#5258 = SURFACE_SIDE_STYLE('',(#5259));
#5259 = SURFACE_STYLE_FILL_AREA(#5260);
#5260 = FILL_AREA_STYLE('',(#5261));
#5261 = FILL_AREA_STYLE_COLOUR('',#4838);
#5262 = CURVE_STYLE('',#5263,POSITIVE_LENGTH_MEASURE(0.1),#4838);
#5263 = DRAUGHTING_PRE_DEFINED_CURVE_FONT('continuous');
#5264 = STYLED_ITEM('color',(#5265),#606);
#5265 = PRESENTATION_STYLE_ASSIGNMENT((#5266,#5271));
#5266 = SURFACE_STYLE_USAGE(.BOTH.,#5267);
#5267 = SURFACE_SIDE_STYLE('',(#5268));
#5268 = SURFACE_STYLE_FILL_AREA(#5269);
#5269 = FILL_AREA_STYLE('',(#5270));
#5270 = FILL_AREA_STYLE_COLOUR('',#4838);
#5271 = CURVE_STYLE('',#5272,POSITIVE_LENGTH_MEASURE(0.1),#4838);
#5272 = DRAUGHTING_PRE_DEFINED_CURVE_FONT('continuous');
#5273 = STYLED_ITEM('color',(#5274),#618);
#5274 = PRESENTATION_STYLE_ASSIGNMENT((#5275,#5280));
#5275 = SURFACE_STYLE_USAGE(.BOTH.,#5276);
#5276 = SURFACE_SIDE_STYLE('',(#5277));
#5277 = SURFACE_STYLE_FILL_AREA(#5278);
#5278 = FILL_AREA_STYLE('',(#5279));
#5279 = FILL_AREA_STYLE_COLOUR('',#4838);
#5280 = CURVE_STYLE('',#5281,POSITIVE_LENGTH_MEASURE(0.1),#4838);
#5281 = DRAUGHTING_PRE_DEFINED_CURVE_FONT('continuous');
#5282 = STYLED_ITEM('color',(#5283),#630);
#5283 = PRESENTATION_STYLE_ASSIGNMENT((#5284,#5289));
#5284 = SURFACE_STYLE_USAGE(.BOTH.,#5285);
#5285 = SURFACE_SIDE_STYLE('',(#5286));
#5286 = SURFACE_STYLE_FILL_AREA(#5287);
#5287 = FILL_AREA_STYLE('',(#5288));
#5288 = FILL_AREA_STYLE_COLOUR('',#4838);
#5289 = CURVE_STYLE('',#5290,POSITIVE_LENGTH_MEASURE(0.1),#4838);
#5290 = DRAUGHTING_PRE_DEFINED_CURVE_FONT('continuous');
#5291 = STYLED_ITEM('color',(#5292),#642);
#5292 = PRESENTATION_STYLE_ASSIGNMENT((#5293,#5298));
#5293 = SURFACE_STYLE_USAGE(.BOTH.,#5294);
#5294 = SURFACE_SIDE_STYLE('',(#5295));
#5295 = SURFACE_STYLE_FILL_AREA(#5296);
#5296 = FILL_AREA_STYLE('',(#5297));
#5297 = FILL_AREA_STYLE_COLOUR('',#4838);
#5298 = CURVE_STYLE('',#5299,POSITIVE_LENGTH_MEASURE(0.1),#4838);
#5299 = DRAUGHTING_PRE_DEFINED_CURVE_FONT('continuous');
#5300 = STYLED_ITEM('color',(#5301),#654);
#5301 = PRESENTATION_STYLE_ASSIGNMENT((#5302,#5307));
#5302 = SURFACE_STYLE_USAGE(.BOTH.,#5303);
#5303 = SURFACE_SIDE_STYLE('',(#5304));
#5304 = SURFACE_STYLE_FILL_AREA(#5305);
#5305 = FILL_AREA_STYLE('',(#5306));
#5306 = FILL_AREA_STYLE_COLOUR('',#4838);
#5307 = CURVE_STYLE('',#5308,POSITIVE_LENGTH_MEASURE(0.1),#4838);
#5308 = DRAUGHTING_PRE_DEFINED_CURVE_FONT('continuous');
#5309 = STYLED_ITEM('color',(#5310),#666);
#5310 = PRESENTATION_STYLE_ASSIGNMENT((#5311,#5316));
#5311 = SURFACE_STYLE_USAGE(.BOTH.,#5312);
#5312 = SURFACE_SIDE_STYLE('',(#5313));
#5313 = SURFACE_STYLE_FILL_AREA(#5314);
#5314 = FILL_AREA_STYLE('',(#5315));
#5315 = FILL_AREA_STYLE_COLOUR('',#4838);
#5316 = CURVE_STYLE('',#5317,POSITIVE_LENGTH_MEASURE(0.1),#4838);
#5317 = DRAUGHTING_PRE_DEFINED_CURVE_FONT('continuous');
#5318 = STYLED_ITEM('color',(#5319),#678);
#5319 = PRESENTATION_STYLE_ASSIGNMENT((#5320,#5325));
#5320 = SURFACE_STYLE_USAGE(.BOTH.,#5321);
#5321 = SURFACE_SIDE_STYLE('',(#5322));
#5322 = SURFACE_STYLE_FILL_AREA(#5323);
#5323 = FILL_AREA_STYLE('',(#5324));
#5324 = FILL_AREA_STYLE_COLOUR('',#4838);
#5325 = CURVE_STYLE('',#5326,POSITIVE_LENGTH_MEASURE(0.1),#4838);
#5326 = DRAUGHTING_PRE_DEFINED_CURVE_FONT('continuous');
#5327 = STYLED_ITEM('color',(#5328),#690);
#5328 = PRESENTATION_STYLE_ASSIGNMENT((#5329,#5334));
#5329 = SURFACE_STYLE_USAGE(.BOTH.,#5330);
#5330 = SURFACE_SIDE_STYLE('',(#5331));
#5331 = SURFACE_STYLE_FILL_AREA(#5332);
#5332 = FILL_AREA_STYLE('',(#5333));
#5333 = FILL_AREA_STYLE_COLOUR('',#4838);
#5334 = CURVE_STYLE('',#5335,POSITIVE_LENGTH_MEASURE(0.1),#4838);
#5335 = DRAUGHTING_PRE_DEFINED_CURVE_FONT('continuous');
#5336 = STYLED_ITEM('color',(#5337),#702);
#5337 = PRESENTATION_STYLE_ASSIGNMENT((#5338,#5343));
#5338 = SURFACE_STYLE_USAGE(.BOTH.,#5339);
#5339 = SURFACE_SIDE_STYLE('',(#5340));
#5340 = SURFACE_STYLE_FILL_AREA(#5341);
#5341 = FILL_AREA_STYLE('',(#5342));
#5342 = FILL_AREA_STYLE_COLOUR('',#4838);
#5343 = CURVE_STYLE('',#5344,POSITIVE_LENGTH_MEASURE(0.1),#4838);
#5344 = DRAUGHTING_PRE_DEFINED_CURVE_FONT('continuous');
#5345 = STYLED_ITEM('color',(#5346),#714);
#5346 = PRESENTATION_STYLE_ASSIGNMENT((#5347,#5352));
#5347 = SURFACE_STYLE_USAGE(.BOTH.,#5348);
#5348 = SURFACE_SIDE_STYLE('',(#5349));
#5349 = SURFACE_STYLE_FILL_AREA(#5350);
#5350 = FILL_AREA_STYLE('',(#5351));
#5351 = FILL_AREA_STYLE_COLOUR('',#4838);
#5352 = CURVE_STYLE('',#5353,POSITIVE_LENGTH_MEASURE(0.1),#4838);
#5353 = DRAUGHTING_PRE_DEFINED_CURVE_FONT('continuous');
#5354 = STYLED_ITEM('color',(#5355),#726);
#5355 = PRESENTATION_STYLE_ASSIGNMENT((#5356,#5361));
#5356 = SURFACE_STYLE_USAGE(.BOTH.,#5357);
#5357 = SURFACE_SIDE_STYLE('',(#5358));
#5358 = SURFACE_STYLE_FILL_AREA(#5359);
#5359 = FILL_AREA_STYLE('',(#5360));
#5360 = FILL_AREA_STYLE_COLOUR('',#4838);
#5361 = CURVE_STYLE('',#5362,POSITIVE_LENGTH_MEASURE(0.1),#4838);
#5362 = DRAUGHTING_PRE_DEFINED_CURVE_FONT('continuous');
#5363 = STYLED_ITEM('color',(#5364),#738);
#5364 = PRESENTATION_STYLE_ASSIGNMENT((#5365,#5370));
#5365 = SURFACE_STYLE_USAGE(.BOTH.,#5366);
#5366 = SURFACE_SIDE_STYLE('',(#5367));
#5367 = SURFACE_STYLE_FILL_AREA(#5368);
#5368 = FILL_AREA_STYLE('',(#5369));
#5369 = FILL_AREA_STYLE_COLOUR('',#4838);
#5370 = CURVE_STYLE('',#5371,POSITIVE_LENGTH_MEASURE(0.1),#4838);
#5371 = DRAUGHTING_PRE_DEFINED_CURVE_FONT('continuous');
#5372 = STYLED_ITEM('color',(#5373),#750);
#5373 = PRESENTATION_STYLE_ASSIGNMENT((#5374,#5379));
#5374 = SURFACE_STYLE_USAGE(.BOTH.,#5375);
#5375 = SURFACE_SIDE_STYLE('',(#5376));
#5376 = SURFACE_STYLE_FILL_AREA(#5377);
#5377 = FILL_AREA_STYLE('',(#5378));
#5378 = FILL_AREA_STYLE_COLOUR('',#4838);
#5379 = CURVE_STYLE('',#5380,POSITIVE_LENGTH_MEASURE(0.1),#4838);
#5380 = DRAUGHTING_PRE_DEFINED_CURVE_FONT('continuous');
#5381 = STYLED_ITEM('color',(#5382),#762);
#5382 = PRESENTATION_STYLE_ASSIGNMENT((#5383,#5388));
#5383 = SURFACE_STYLE_USAGE(.BOTH.,#5384);
#5384 = SURFACE_SIDE_STYLE('',(#5385));
#5385 = SURFACE_STYLE_FILL_AREA(#5386);
#5386 = FILL_AREA_STYLE('',(#5387));
#5387 = FILL_AREA_STYLE_COLOUR('',#4838);
#5388 = CURVE_STYLE('',#5389,POSITIVE_LENGTH_MEASURE(0.1),#4838);
#5389 = DRAUGHTING_PRE_DEFINED_CURVE_FONT('continuous');
#5390 = STYLED_ITEM('color',(#5391),#774);
#5391 = PRESENTATION_STYLE_ASSIGNMENT((#5392,#5397));
#5392 = SURFACE_STYLE_USAGE(.BOTH.,#5393);
#5393 = SURFACE_SIDE_STYLE('',(#5394));
#5394 = SURFACE_STYLE_FILL_AREA(#5395);
#5395 = FILL_AREA_STYLE('',(#5396));
#5396 = FILL_AREA_STYLE_COLOUR('',#4838);
#5397 = CURVE_STYLE('',#5398,POSITIVE_LENGTH_MEASURE(0.1),#4838);
#5398 = DRAUGHTING_PRE_DEFINED_CURVE_FONT('continuous');
#5399 = STYLED_ITEM('color',(#5400),#786);
#5400 = PRESENTATION_STYLE_ASSIGNMENT((#5401,#5406));
#5401 = SURFACE_STYLE_USAGE(.BOTH.,#5402);
#5402 = SURFACE_SIDE_STYLE('',(#5403));
#5403 = SURFACE_STYLE_FILL_AREA(#5404);
#5404 = FILL_AREA_STYLE('',(#5405));
#5405 = FILL_AREA_STYLE_COLOUR('',#4838);
#5406 = CURVE_STYLE('',#5407,POSITIVE_LENGTH_MEASURE(0.1),#4838);
#5407 = DRAUGHTING_PRE_DEFINED_CURVE_FONT('continuous');
#5408 = STYLED_ITEM('color',(#5409),#798);
#5409 = PRESENTATION_STYLE_ASSIGNMENT((#5410,#5415));
#5410 = SURFACE_STYLE_USAGE(.BOTH.,#5411);
#5411 = SURFACE_SIDE_STYLE('',(#5412));
#5412 = SURFACE_STYLE_FILL_AREA(#5413);
#5413 = FILL_AREA_STYLE('',(#5414));
#5414 = FILL_AREA_STYLE_COLOUR('',#4838);
#5415 = CURVE_STYLE('',#5416,POSITIVE_LENGTH_MEASURE(0.1),#4838);
#5416 = DRAUGHTING_PRE_DEFINED_CURVE_FONT('continuous');
#5417 = STYLED_ITEM('color',(#5418),#810);
#5418 = PRESENTATION_STYLE_ASSIGNMENT((#5419,#5424));
#5419 = SURFACE_STYLE_USAGE(.BOTH.,#5420);
#5420 = SURFACE_SIDE_STYLE('',(#5421));
#5421 = SURFACE_STYLE_FILL_AREA(#5422);
#5422 = FILL_AREA_STYLE('',(#5423));
#5423 = FILL_AREA_STYLE_COLOUR('',#4838);
#5424 = CURVE_STYLE('',#5425,POSITIVE_LENGTH_MEASURE(0.1),#4838);
#5425 = DRAUGHTING_PRE_DEFINED_CURVE_FONT('continuous');
#5426 = STYLED_ITEM('color',(#5427),#822);
#5427 = PRESENTATION_STYLE_ASSIGNMENT((#5428,#5433));
#5428 = SURFACE_STYLE_USAGE(.BOTH.,#5429);
#5429 = SURFACE_SIDE_STYLE('',(#5430));
#5430 = SURFACE_STYLE_FILL_AREA(#5431);
#5431 = FILL_AREA_STYLE('',(#5432));
#5432 = FILL_AREA_STYLE_COLOUR('',#4838);
#5433 = CURVE_STYLE('',#5434,POSITIVE_LENGTH_MEASURE(0.1),#4838);
#5434 = DRAUGHTING_PRE_DEFINED_CURVE_FONT('continuous');
#5435 = STYLED_ITEM('color',(#5436),#834);
#5436 = PRESENTATION_STYLE_ASSIGNMENT((#5437,#5442));
#5437 = SURFACE_STYLE_USAGE(.BOTH.,#5438);
#5438 = SURFACE_SIDE_STYLE('',(#5439));
#5439 = SURFACE_STYLE_FILL_AREA(#5440);
#5440 = FILL_AREA_STYLE('',(#5441));
#5441 = FILL_AREA_STYLE_COLOUR('',#4838);
#5442 = CURVE_STYLE('',#5443,POSITIVE_LENGTH_MEASURE(0.1),#4838);
#5443 = DRAUGHTING_PRE_DEFINED_CURVE_FONT('continuous');
#5444 = STYLED_ITEM('color',(#5445),#846);
#5445 = PRESENTATION_STYLE_ASSIGNMENT((#5446,#5451));
#5446 = SURFACE_STYLE_USAGE(.BOTH.,#5447);
#5447 = SURFACE_SIDE_STYLE('',(#5448));
#5448 = SURFACE_STYLE_FILL_AREA(#5449);
#5449 = FILL_AREA_STYLE('',(#5450));
#5450 = FILL_AREA_STYLE_COLOUR('',#4838);
#5451 = CURVE_STYLE('',#5452,POSITIVE_LENGTH_MEASURE(0.1),#4838);
#5452 = DRAUGHTING_PRE_DEFINED_CURVE_FONT('continuous');
#5453 = STYLED_ITEM('color',(#5454),#858);
#5454 = PRESENTATION_STYLE_ASSIGNMENT((#5455,#5460));
#5455 = SURFACE_STYLE_USAGE(.BOTH.,#5456);
#5456 = SURFACE_SIDE_STYLE('',(#5457));
#5457 = SURFACE_STYLE_FILL_AREA(#5458);
#5458 = FILL_AREA_STYLE('',(#5459));
#5459 = FILL_AREA_STYLE_COLOUR('',#4838);
#5460 = CURVE_STYLE('',#5461,POSITIVE_LENGTH_MEASURE(0.1),#4838);
#5461 = DRAUGHTING_PRE_DEFINED_CURVE_FONT('continuous');
#5462 = STYLED_ITEM('color',(#5463),#870);
#5463 = PRESENTATION_STYLE_ASSIGNMENT((#5464,#5469));
#5464 = SURFACE_STYLE_USAGE(.BOTH.,#5465);
#5465 = SURFACE_SIDE_STYLE('',(#5466));
#5466 = SURFACE_STYLE_FILL_AREA(#5467);
#5467 = FILL_AREA_STYLE('',(#5468));
#5468 = FILL_AREA_STYLE_COLOUR('',#4838);
#5469 = CURVE_STYLE('',#5470,POSITIVE_LENGTH_MEASURE(0.1),#4838);
#5470 = DRAUGHTING_PRE_DEFINED_CURVE_FONT('continuous');
#5471 = STYLED_ITEM('color',(#5472),#882);
#5472 = PRESENTATION_STYLE_ASSIGNMENT((#5473,#5478));
#5473 = SURFACE_STYLE_USAGE(.BOTH.,#5474);
#5474 = SURFACE_SIDE_STYLE('',(#5475));
#5475 = SURFACE_STYLE_FILL_AREA(#5476);
#5476 = FILL_AREA_STYLE('',(#5477));
#5477 = FILL_AREA_STYLE_COLOUR('',#4838);
#5478 = CURVE_STYLE('',#5479,POSITIVE_LENGTH_MEASURE(0.1),#4838);
#5479 = DRAUGHTING_PRE_DEFINED_CURVE_FONT('continuous');
#5480 = STYLED_ITEM('color',(#5481),#894);
#5481 = PRESENTATION_STYLE_ASSIGNMENT((#5482,#5487));
#5482 = SURFACE_STYLE_USAGE(.BOTH.,#5483);
#5483 = SURFACE_SIDE_STYLE('',(#5484));
#5484 = SURFACE_STYLE_FILL_AREA(#5485);
#5485 = FILL_AREA_STYLE('',(#5486));
#5486 = FILL_AREA_STYLE_COLOUR('',#4838);
#5487 = CURVE_STYLE('',#5488,POSITIVE_LENGTH_MEASURE(0.1),#4838);
#5488 = DRAUGHTING_PRE_DEFINED_CURVE_FONT('continuous');
#5489 = STYLED_ITEM('color',(#5490),#906);
#5490 = PRESENTATION_STYLE_ASSIGNMENT((#5491,#5496));
#5491 = SURFACE_STYLE_USAGE(.BOTH.,#5492);
#5492 = SURFACE_SIDE_STYLE('',(#5493));
#5493 = SURFACE_STYLE_FILL_AREA(#5494);
#5494 = FILL_AREA_STYLE('',(#5495));
#5495 = FILL_AREA_STYLE_COLOUR('',#4838);
#5496 = CURVE_STYLE('',#5497,POSITIVE_LENGTH_MEASURE(0.1),#4838);
#5497 = DRAUGHTING_PRE_DEFINED_CURVE_FONT('continuous');
#5498 = STYLED_ITEM('color',(#5499),#918);
#5499 = PRESENTATION_STYLE_ASSIGNMENT((#5500,#5505));
#5500 = SURFACE_STYLE_USAGE(.BOTH.,#5501);
#5501 = SURFACE_SIDE_STYLE('',(#5502));
#5502 = SURFACE_STYLE_FILL_AREA(#5503);
#5503 = FILL_AREA_STYLE('',(#5504));
#5504 = FILL_AREA_STYLE_COLOUR('',#4838);
#5505 = CURVE_STYLE('',#5506,POSITIVE_LENGTH_MEASURE(0.1),#4838);
#5506 = DRAUGHTING_PRE_DEFINED_CURVE_FONT('continuous');
#5507 = STYLED_ITEM('color',(#5508),#930);
#5508 = PRESENTATION_STYLE_ASSIGNMENT((#5509,#5514));
#5509 = SURFACE_STYLE_USAGE(.BOTH.,#5510);
#5510 = SURFACE_SIDE_STYLE('',(#5511));
#5511 = SURFACE_STYLE_FILL_AREA(#5512);
#5512 = FILL_AREA_STYLE('',(#5513));
#5513 = FILL_AREA_STYLE_COLOUR('',#4838);
#5514 = CURVE_STYLE('',#5515,POSITIVE_LENGTH_MEASURE(0.1),#4838);
#5515 = DRAUGHTING_PRE_DEFINED_CURVE_FONT('continuous');
#5516 = STYLED_ITEM('color',(#5517),#942);
#5517 = PRESENTATION_STYLE_ASSIGNMENT((#5518,#5523));
#5518 = SURFACE_STYLE_USAGE(.BOTH.,#5519);
#5519 = SURFACE_SIDE_STYLE('',(#5520));
#5520 = SURFACE_STYLE_FILL_AREA(#5521);
#5521 = FILL_AREA_STYLE('',(#5522));
#5522 = FILL_AREA_STYLE_COLOUR('',#4838);
#5523 = CURVE_STYLE('',#5524,POSITIVE_LENGTH_MEASURE(0.1),#4838);
#5524 = DRAUGHTING_PRE_DEFINED_CURVE_FONT('continuous');
#5525 = STYLED_ITEM('color',(#5526),#954);
#5526 = PRESENTATION_STYLE_ASSIGNMENT((#5527,#5532));
#5527 = SURFACE_STYLE_USAGE(.BOTH.,#5528);
#5528 = SURFACE_SIDE_STYLE('',(#5529));
#5529 = SURFACE_STYLE_FILL_AREA(#5530);
#5530 = FILL_AREA_STYLE('',(#5531));
#5531 = FILL_AREA_STYLE_COLOUR('',#4838);
#5532 = CURVE_STYLE('',#5533,POSITIVE_LENGTH_MEASURE(0.1),#4838);
#5533 = DRAUGHTING_PRE_DEFINED_CURVE_FONT('continuous');
#5534 = STYLED_ITEM('color',(#5535),#966);
#5535 = PRESENTATION_STYLE_ASSIGNMENT((#5536,#5541));
#5536 = SURFACE_STYLE_USAGE(.BOTH.,#5537);
#5537 = SURFACE_SIDE_STYLE('',(#5538));
#5538 = SURFACE_STYLE_FILL_AREA(#5539);
#5539 = FILL_AREA_STYLE('',(#5540));
#5540 = FILL_AREA_STYLE_COLOUR('',#4838);
#5541 = CURVE_STYLE('',#5542,POSITIVE_LENGTH_MEASURE(0.1),#4838);
#5542 = DRAUGHTING_PRE_DEFINED_CURVE_FONT('continuous');
#5543 = STYLED_ITEM('color',(#5544),#978);
#5544 = PRESENTATION_STYLE_ASSIGNMENT((#5545,#5550));
#5545 = SURFACE_STYLE_USAGE(.BOTH.,#5546);
#5546 = SURFACE_SIDE_STYLE('',(#5547));
#5547 = SURFACE_STYLE_FILL_AREA(#5548);
#5548 = FILL_AREA_STYLE('',(#5549));
#5549 = FILL_AREA_STYLE_COLOUR('',#4838);
#5550 = CURVE_STYLE('',#5551,POSITIVE_LENGTH_MEASURE(0.1),#4838);
#5551 = DRAUGHTING_PRE_DEFINED_CURVE_FONT('continuous');
#5552 = STYLED_ITEM('color',(#5553),#990);
#5553 = PRESENTATION_STYLE_ASSIGNMENT((#5554,#5559));
#5554 = SURFACE_STYLE_USAGE(.BOTH.,#5555);
#5555 = SURFACE_SIDE_STYLE('',(#5556));
#5556 = SURFACE_STYLE_FILL_AREA(#5557);
#5557 = FILL_AREA_STYLE('',(#5558));
#5558 = FILL_AREA_STYLE_COLOUR('',#4838);
#5559 = CURVE_STYLE('',#5560,POSITIVE_LENGTH_MEASURE(0.1),#4838);
#5560 = DRAUGHTING_PRE_DEFINED_CURVE_FONT('continuous');
#5561 = STYLED_ITEM('color',(#5562),#1002);
#5562 = PRESENTATION_STYLE_ASSIGNMENT((#5563,#5568));
#5563 = SURFACE_STYLE_USAGE(.BOTH.,#5564);
#5564 = SURFACE_SIDE_STYLE('',(#5565));
#5565 = SURFACE_STYLE_FILL_AREA(#5566);
#5566 = FILL_AREA_STYLE('',(#5567));
#5567 = FILL_AREA_STYLE_COLOUR('',#4838);
#5568 = CURVE_STYLE('',#5569,POSITIVE_LENGTH_MEASURE(0.1),#4838);
#5569 = DRAUGHTING_PRE_DEFINED_CURVE_FONT('continuous');
#5570 = STYLED_ITEM('color',(#5571),#1014);
#5571 = PRESENTATION_STYLE_ASSIGNMENT((#5572,#5577));
#5572 = SURFACE_STYLE_USAGE(.BOTH.,#5573);
#5573 = SURFACE_SIDE_STYLE('',(#5574));
#5574 = SURFACE_STYLE_FILL_AREA(#5575);
#5575 = FILL_AREA_STYLE('',(#5576));
#5576 = FILL_AREA_STYLE_COLOUR('',#4838);
#5577 = CURVE_STYLE('',#5578,POSITIVE_LENGTH_MEASURE(0.1),#4838);
#5578 = DRAUGHTING_PRE_DEFINED_CURVE_FONT('continuous');
#5579 = STYLED_ITEM('color',(#5580),#1026);
#5580 = PRESENTATION_STYLE_ASSIGNMENT((#5581,#5586));
#5581 = SURFACE_STYLE_USAGE(.BOTH.,#5582);
#5582 = SURFACE_SIDE_STYLE('',(#5583));
#5583 = SURFACE_STYLE_FILL_AREA(#5584);
#5584 = FILL_AREA_STYLE('',(#5585));
#5585 = FILL_AREA_STYLE_COLOUR('',#4838);
#5586 = CURVE_STYLE('',#5587,POSITIVE_LENGTH_MEASURE(0.1),#4838);
#5587 = DRAUGHTING_PRE_DEFINED_CURVE_FONT('continuous');
#5588 = STYLED_ITEM('color',(#5589),#1038);
#5589 = PRESENTATION_STYLE_ASSIGNMENT((#5590,#5595));
#5590 = SURFACE_STYLE_USAGE(.BOTH.,#5591);
#5591 = SURFACE_SIDE_STYLE('',(#5592));
#5592 = SURFACE_STYLE_FILL_AREA(#5593);
#5593 = FILL_AREA_STYLE('',(#5594));
#5594 = FILL_AREA_STYLE_COLOUR('',#4838);
#5595 = CURVE_STYLE('',#5596,POSITIVE_LENGTH_MEASURE(0.1),#4838);
#5596 = DRAUGHTING_PRE_DEFINED_CURVE_FONT('continuous');
#5597 = STYLED_ITEM('color',(#5598),#1050);
#5598 = PRESENTATION_STYLE_ASSIGNMENT((#5599,#5604));
#5599 = SURFACE_STYLE_USAGE(.BOTH.,#5600);
#5600 = SURFACE_SIDE_STYLE('',(#5601));
#5601 = SURFACE_STYLE_FILL_AREA(#5602);
#5602 = FILL_AREA_STYLE('',(#5603));
#5603 = FILL_AREA_STYLE_COLOUR('',#4838);
#5604 = CURVE_STYLE('',#5605,POSITIVE_LENGTH_MEASURE(0.1),#4838);
#5605 = DRAUGHTING_PRE_DEFINED_CURVE_FONT('continuous');
#5606 = STYLED_ITEM('color',(#5607),#1062);
#5607 = PRESENTATION_STYLE_ASSIGNMENT((#5608,#5613));
#5608 = SURFACE_STYLE_USAGE(.BOTH.,#5609);
#5609 = SURFACE_SIDE_STYLE('',(#5610));
#5610 = SURFACE_STYLE_FILL_AREA(#5611);
#5611 = FILL_AREA_STYLE('',(#5612));
#5612 = FILL_AREA_STYLE_COLOUR('',#4838);
#5613 = CURVE_STYLE('',#5614,POSITIVE_LENGTH_MEASURE(0.1),#4838);
#5614 = DRAUGHTING_PRE_DEFINED_CURVE_FONT('continuous');
#5615 = STYLED_ITEM('color',(#5616),#1074);
#5616 = PRESENTATION_STYLE_ASSIGNMENT((#5617,#5622));
#5617 = SURFACE_STYLE_USAGE(.BOTH.,#5618);
#5618 = SURFACE_SIDE_STYLE('',(#5619));
#5619 = SURFACE_STYLE_FILL_AREA(#5620);
#5620 = FILL_AREA_STYLE('',(#5621));
#5621 = FILL_AREA_STYLE_COLOUR('',#4838);
#5622 = CURVE_STYLE('',#5623,POSITIVE_LENGTH_MEASURE(0.1),#4838);
#5623 = DRAUGHTING_PRE_DEFINED_CURVE_FONT('continuous');
#5624 = STYLED_ITEM('color',(#5625),#1086);
#5625 = PRESENTATION_STYLE_ASSIGNMENT((#5626,#5631));
#5626 = SURFACE_STYLE_USAGE(.BOTH.,#5627);
#5627 = SURFACE_SIDE_STYLE('',(#5628));
#5628 = SURFACE_STYLE_FILL_AREA(#5629);
#5629 = FILL_AREA_STYLE('',(#5630));
#5630 = FILL_AREA_STYLE_COLOUR('',#4838);
#5631 = CURVE_STYLE('',#5632,POSITIVE_LENGTH_MEASURE(0.1),#4838);
#5632 = DRAUGHTING_PRE_DEFINED_CURVE_FONT('continuous');
#5633 = STYLED_ITEM('color',(#5634),#1098);
#5634 = PRESENTATION_STYLE_ASSIGNMENT((#5635,#5640));
#5635 = SURFACE_STYLE_USAGE(.BOTH.,#5636);
#5636 = SURFACE_SIDE_STYLE('',(#5637));
#5637 = SURFACE_STYLE_FILL_AREA(#5638);
#5638 = FILL_AREA_STYLE('',(#5639));
#5639 = FILL_AREA_STYLE_COLOUR('',#4838);
#5640 = CURVE_STYLE('',#5641,POSITIVE_LENGTH_MEASURE(0.1),#4838);
#5641 = DRAUGHTING_PRE_DEFINED_CURVE_FONT('continuous');
#5642 = STYLED_ITEM('color',(#5643),#1110);
#5643 = PRESENTATION_STYLE_ASSIGNMENT((#5644,#5649));
#5644 = SURFACE_STYLE_USAGE(.BOTH.,#5645);
#5645 = SURFACE_SIDE_STYLE('',(#5646));
#5646 = SURFACE_STYLE_FILL_AREA(#5647);
#5647 = FILL_AREA_STYLE('',(#5648));
#5648 = FILL_AREA_STYLE_COLOUR('',#4838);
#5649 = CURVE_STYLE('',#5650,POSITIVE_LENGTH_MEASURE(0.1),#4838);
#5650 = DRAUGHTING_PRE_DEFINED_CURVE_FONT('continuous');
#5651 = STYLED_ITEM('color',(#5652),#1122);
#5652 = PRESENTATION_STYLE_ASSIGNMENT((#5653,#5658));
#5653 = SURFACE_STYLE_USAGE(.BOTH.,#5654);
#5654 = SURFACE_SIDE_STYLE('',(#5655));
#5655 = SURFACE_STYLE_FILL_AREA(#5656);
#5656 = FILL_AREA_STYLE('',(#5657));
#5657 = FILL_AREA_STYLE_COLOUR('',#4838);
#5658 = CURVE_STYLE('',#5659,POSITIVE_LENGTH_MEASURE(0.1),#4838);
#5659 = DRAUGHTING_PRE_DEFINED_CURVE_FONT('continuous');
#5660 = STYLED_ITEM('color',(#5661),#1134);
#5661 = PRESENTATION_STYLE_ASSIGNMENT((#5662,#5667));
#5662 = SURFACE_STYLE_USAGE(.BOTH.,#5663);
#5663 = SURFACE_SIDE_STYLE('',(#5664));
#5664 = SURFACE_STYLE_FILL_AREA(#5665);
#5665 = FILL_AREA_STYLE('',(#5666));
#5666 = FILL_AREA_STYLE_COLOUR('',#4838);
#5667 = CURVE_STYLE('',#5668,POSITIVE_LENGTH_MEASURE(0.1),#4838);
#5668 = DRAUGHTING_PRE_DEFINED_CURVE_FONT('continuous');
#5669 = STYLED_ITEM('color',(#5670),#1146);
#5670 = PRESENTATION_STYLE_ASSIGNMENT((#5671,#5676));
#5671 = SURFACE_STYLE_USAGE(.BOTH.,#5672);
#5672 = SURFACE_SIDE_STYLE('',(#5673));
#5673 = SURFACE_STYLE_FILL_AREA(#5674);
#5674 = FILL_AREA_STYLE('',(#5675));
#5675 = FILL_AREA_STYLE_COLOUR('',#4838);
#5676 = CURVE_STYLE('',#5677,POSITIVE_LENGTH_MEASURE(0.1),#4838);
#5677 = DRAUGHTING_PRE_DEFINED_CURVE_FONT('continuous');
#5678 = STYLED_ITEM('color',(#5679),#1158);
#5679 = PRESENTATION_STYLE_ASSIGNMENT((#5680,#5685));
#5680 = SURFACE_STYLE_USAGE(.BOTH.,#5681);
#5681 = SURFACE_SIDE_STYLE('',(#5682));
#5682 = SURFACE_STYLE_FILL_AREA(#5683);
#5683 = FILL_AREA_STYLE('',(#5684));
#5684 = FILL_AREA_STYLE_COLOUR('',#4838);
#5685 = CURVE_STYLE('',#5686,POSITIVE_LENGTH_MEASURE(0.1),#4838);
#5686 = DRAUGHTING_PRE_DEFINED_CURVE_FONT('continuous');
#5687 = STYLED_ITEM('color',(#5688),#1170);
#5688 = PRESENTATION_STYLE_ASSIGNMENT((#5689,#5694));
#5689 = SURFACE_STYLE_USAGE(.BOTH.,#5690);
#5690 = SURFACE_SIDE_STYLE('',(#5691));
#5691 = SURFACE_STYLE_FILL_AREA(#5692);
#5692 = FILL_AREA_STYLE('',(#5693));
#5693 = FILL_AREA_STYLE_COLOUR('',#4838);
#5694 = CURVE_STYLE('',#5695,POSITIVE_LENGTH_MEASURE(0.1),#4838);
#5695 = DRAUGHTING_PRE_DEFINED_CURVE_FONT('continuous');
#5696 = STYLED_ITEM('color',(#5697),#1182);
#5697 = PRESENTATION_STYLE_ASSIGNMENT((#5698,#5703));
#5698 = SURFACE_STYLE_USAGE(.BOTH.,#5699);
#5699 = SURFACE_SIDE_STYLE('',(#5700));
#5700 = SURFACE_STYLE_FILL_AREA(#5701);
#5701 = FILL_AREA_STYLE('',(#5702));
#5702 = FILL_AREA_STYLE_COLOUR('',#4838);
#5703 = CURVE_STYLE('',#5704,POSITIVE_LENGTH_MEASURE(0.1),#4838);
#5704 = DRAUGHTING_PRE_DEFINED_CURVE_FONT('continuous');
#5705 = STYLED_ITEM('color',(#5706),#1194);
#5706 = PRESENTATION_STYLE_ASSIGNMENT((#5707,#5712));
#5707 = SURFACE_STYLE_USAGE(.BOTH.,#5708);
#5708 = SURFACE_SIDE_STYLE('',(#5709));
#5709 = SURFACE_STYLE_FILL_AREA(#5710);
#5710 = FILL_AREA_STYLE('',(#5711));
#5711 = FILL_AREA_STYLE_COLOUR('',#4838);
#5712 = CURVE_STYLE('',#5713,POSITIVE_LENGTH_MEASURE(0.1),#4838);
#5713 = DRAUGHTING_PRE_DEFINED_CURVE_FONT('continuous');
#5714 = STYLED_ITEM('color',(#5715),#1206);
#5715 = PRESENTATION_STYLE_ASSIGNMENT((#5716,#5721));
#5716 = SURFACE_STYLE_USAGE(.BOTH.,#5717);
#5717 = SURFACE_SIDE_STYLE('',(#5718));
#5718 = SURFACE_STYLE_FILL_AREA(#5719);
#5719 = FILL_AREA_STYLE('',(#5720));
#5720 = FILL_AREA_STYLE_COLOUR('',#4838);
#5721 = CURVE_STYLE('',#5722,POSITIVE_LENGTH_MEASURE(0.1),#4838);
#5722 = DRAUGHTING_PRE_DEFINED_CURVE_FONT('continuous');
#5723 = STYLED_ITEM('color',(#5724),#1218);
#5724 = PRESENTATION_STYLE_ASSIGNMENT((#5725,#5730));
#5725 = SURFACE_STYLE_USAGE(.BOTH.,#5726);
#5726 = SURFACE_SIDE_STYLE('',(#5727));
#5727 = SURFACE_STYLE_FILL_AREA(#5728);
#5728 = FILL_AREA_STYLE('',(#5729));
#5729 = FILL_AREA_STYLE_COLOUR('',#4838);
#5730 = CURVE_STYLE('',#5731,POSITIVE_LENGTH_MEASURE(0.1),#4838);
#5731 = DRAUGHTING_PRE_DEFINED_CURVE_FONT('continuous');
#5732 = STYLED_ITEM('color',(#5733),#1230);
#5733 = PRESENTATION_STYLE_ASSIGNMENT((#5734,#5739));
#5734 = SURFACE_STYLE_USAGE(.BOTH.,#5735);
#5735 = SURFACE_SIDE_STYLE('',(#5736));
#5736 = SURFACE_STYLE_FILL_AREA(#5737);
#5737 = FILL_AREA_STYLE('',(#5738));
#5738 = FILL_AREA_STYLE_COLOUR('',#4838);
#5739 = CURVE_STYLE('',#5740,POSITIVE_LENGTH_MEASURE(0.1),#4838);
#5740 = DRAUGHTING_PRE_DEFINED_CURVE_FONT('continuous');
#5741 = STYLED_ITEM('color',(#5742),#1242);
#5742 = PRESENTATION_STYLE_ASSIGNMENT((#5743,#5748));
#5743 = SURFACE_STYLE_USAGE(.BOTH.,#5744);
#5744 = SURFACE_SIDE_STYLE('',(#5745));
#5745 = SURFACE_STYLE_FILL_AREA(#5746);
#5746 = FILL_AREA_STYLE('',(#5747));
#5747 = FILL_AREA_STYLE_COLOUR('',#4838);
#5748 = CURVE_STYLE('',#5749,POSITIVE_LENGTH_MEASURE(0.1),#4838);
#5749 = DRAUGHTING_PRE_DEFINED_CURVE_FONT('continuous');
#5750 = STYLED_ITEM('color',(#5751),#1254);
#5751 = PRESENTATION_STYLE_ASSIGNMENT((#5752,#5757));
#5752 = SURFACE_STYLE_USAGE(.BOTH.,#5753);
#5753 = SURFACE_SIDE_STYLE('',(#5754));
#5754 = SURFACE_STYLE_FILL_AREA(#5755);
#5755 = FILL_AREA_STYLE('',(#5756));
#5756 = FILL_AREA_STYLE_COLOUR('',#4838);
#5757 = CURVE_STYLE('',#5758,POSITIVE_LENGTH_MEASURE(0.1),#4838);
#5758 = DRAUGHTING_PRE_DEFINED_CURVE_FONT('continuous');
#5759 = STYLED_ITEM('color',(#5760),#1266);
#5760 = PRESENTATION_STYLE_ASSIGNMENT((#5761,#5766));
#5761 = SURFACE_STYLE_USAGE(.BOTH.,#5762);
#5762 = SURFACE_SIDE_STYLE('',(#5763));
#5763 = SURFACE_STYLE_FILL_AREA(#5764);
#5764 = FILL_AREA_STYLE('',(#5765));
#5765 = FILL_AREA_STYLE_COLOUR('',#4838);
#5766 = CURVE_STYLE('',#5767,POSITIVE_LENGTH_MEASURE(0.1),#4838);
#5767 = DRAUGHTING_PRE_DEFINED_CURVE_FONT('continuous');
#5768 = STYLED_ITEM('color',(#5769),#1278);
#5769 = PRESENTATION_STYLE_ASSIGNMENT((#5770,#5775));
#5770 = SURFACE_STYLE_USAGE(.BOTH.,#5771);
#5771 = SURFACE_SIDE_STYLE('',(#5772));
#5772 = SURFACE_STYLE_FILL_AREA(#5773);
#5773 = FILL_AREA_STYLE('',(#5774));
#5774 = FILL_AREA_STYLE_COLOUR('',#4838);
#5775 = CURVE_STYLE('',#5776,POSITIVE_LENGTH_MEASURE(0.1),#4838);
#5776 = DRAUGHTING_PRE_DEFINED_CURVE_FONT('continuous');
#5777 = STYLED_ITEM('color',(#5778),#1290);
#5778 = PRESENTATION_STYLE_ASSIGNMENT((#5779,#5784));
#5779 = SURFACE_STYLE_USAGE(.BOTH.,#5780);
#5780 = SURFACE_SIDE_STYLE('',(#5781));
#5781 = SURFACE_STYLE_FILL_AREA(#5782);
#5782 = FILL_AREA_STYLE('',(#5783));
#5783 = FILL_AREA_STYLE_COLOUR('',#4838);
#5784 = CURVE_STYLE('',#5785,POSITIVE_LENGTH_MEASURE(0.1),#4838);
#5785 = DRAUGHTING_PRE_DEFINED_CURVE_FONT('continuous');
#5786 = STYLED_ITEM('color',(#5787),#1302);
#5787 = PRESENTATION_STYLE_ASSIGNMENT((#5788,#5793));
#5788 = SURFACE_STYLE_USAGE(.BOTH.,#5789);
#5789 = SURFACE_SIDE_STYLE('',(#5790));
#5790 = SURFACE_STYLE_FILL_AREA(#5791);
#5791 = FILL_AREA_STYLE('',(#5792));
#5792 = FILL_AREA_STYLE_COLOUR('',#4838);
#5793 = CURVE_STYLE('',#5794,POSITIVE_LENGTH_MEASURE(0.1),#4838);
#5794 = DRAUGHTING_PRE_DEFINED_CURVE_FONT('continuous');
#5795 = STYLED_ITEM('color',(#5796),#1314);
#5796 = PRESENTATION_STYLE_ASSIGNMENT((#5797,#5802));
#5797 = SURFACE_STYLE_USAGE(.BOTH.,#5798);
#5798 = SURFACE_SIDE_STYLE('',(#5799));
#5799 = SURFACE_STYLE_FILL_AREA(#5800);
#5800 = FILL_AREA_STYLE('',(#5801));
#5801 = FILL_AREA_STYLE_COLOUR('',#4838);
#5802 = CURVE_STYLE('',#5803,POSITIVE_LENGTH_MEASURE(0.1),#4838);
#5803 = DRAUGHTING_PRE_DEFINED_CURVE_FONT('continuous');
#5804 = STYLED_ITEM('color',(#5805),#1326);
#5805 = PRESENTATION_STYLE_ASSIGNMENT((#5806,#5811));
#5806 = SURFACE_STYLE_USAGE(.BOTH.,#5807);
#5807 = SURFACE_SIDE_STYLE('',(#5808));
#5808 = SURFACE_STYLE_FILL_AREA(#5809);
#5809 = FILL_AREA_STYLE('',(#5810));
#5810 = FILL_AREA_STYLE_COLOUR('',#4838);
#5811 = CURVE_STYLE('',#5812,POSITIVE_LENGTH_MEASURE(0.1),#4838);
#5812 = DRAUGHTING_PRE_DEFINED_CURVE_FONT('continuous');
#5813 = STYLED_ITEM('color',(#5814),#1338);
#5814 = PRESENTATION_STYLE_ASSIGNMENT((#5815,#5820));
#5815 = SURFACE_STYLE_USAGE(.BOTH.,#5816);
#5816 = SURFACE_SIDE_STYLE('',(#5817));
#5817 = SURFACE_STYLE_FILL_AREA(#5818);
#5818 = FILL_AREA_STYLE('',(#5819));
#5819 = FILL_AREA_STYLE_COLOUR('',#4838);
#5820 = CURVE_STYLE('',#5821,POSITIVE_LENGTH_MEASURE(0.1),#4838);
#5821 = DRAUGHTING_PRE_DEFINED_CURVE_FONT('continuous');
#5822 = STYLED_ITEM('color',(#5823),#1350);
#5823 = PRESENTATION_STYLE_ASSIGNMENT((#5824,#5829));
#5824 = SURFACE_STYLE_USAGE(.BOTH.,#5825);
#5825 = SURFACE_SIDE_STYLE('',(#5826));
#5826 = SURFACE_STYLE_FILL_AREA(#5827);
#5827 = FILL_AREA_STYLE('',(#5828));
#5828 = FILL_AREA_STYLE_COLOUR('',#4838);
#5829 = CURVE_STYLE('',#5830,POSITIVE_LENGTH_MEASURE(0.1),#4838);
#5830 = DRAUGHTING_PRE_DEFINED_CURVE_FONT('continuous');
#5831 = STYLED_ITEM('color',(#5832),#1362);
#5832 = PRESENTATION_STYLE_ASSIGNMENT((#5833,#5838));
#5833 = SURFACE_STYLE_USAGE(.BOTH.,#5834);
#5834 = SURFACE_SIDE_STYLE('',(#5835));
#5835 = SURFACE_STYLE_FILL_AREA(#5836);
#5836 = FILL_AREA_STYLE('',(#5837));
#5837 = FILL_AREA_STYLE_COLOUR('',#4838);
#5838 = CURVE_STYLE('',#5839,POSITIVE_LENGTH_MEASURE(0.1),#4838);
#5839 = DRAUGHTING_PRE_DEFINED_CURVE_FONT('continuous');
#5840 = STYLED_ITEM('color',(#5841),#1374);
#5841 = PRESENTATION_STYLE_ASSIGNMENT((#5842,#5847));
#5842 = SURFACE_STYLE_USAGE(.BOTH.,#5843);
#5843 = SURFACE_SIDE_STYLE('',(#5844));
#5844 = SURFACE_STYLE_FILL_AREA(#5845);
#5845 = FILL_AREA_STYLE('',(#5846));
#5846 = FILL_AREA_STYLE_COLOUR('',#4838);
#5847 = CURVE_STYLE('',#5848,POSITIVE_LENGTH_MEASURE(0.1),#4838);
#5848 = DRAUGHTING_PRE_DEFINED_CURVE_FONT('continuous');
#5849 = STYLED_ITEM('color',(#5850),#1386);
#5850 = PRESENTATION_STYLE_ASSIGNMENT((#5851,#5856));
#5851 = SURFACE_STYLE_USAGE(.BOTH.,#5852);
#5852 = SURFACE_SIDE_STYLE('',(#5853));
#5853 = SURFACE_STYLE_FILL_AREA(#5854);
#5854 = FILL_AREA_STYLE('',(#5855));
#5855 = FILL_AREA_STYLE_COLOUR('',#4838);
#5856 = CURVE_STYLE('',#5857,POSITIVE_LENGTH_MEASURE(0.1),#4838);
#5857 = DRAUGHTING_PRE_DEFINED_CURVE_FONT('continuous');
#5858 = STYLED_ITEM('color',(#5859),#1398);
#5859 = PRESENTATION_STYLE_ASSIGNMENT((#5860,#5865));
#5860 = SURFACE_STYLE_USAGE(.BOTH.,#5861);
#5861 = SURFACE_SIDE_STYLE('',(#5862));
#5862 = SURFACE_STYLE_FILL_AREA(#5863);
#5863 = FILL_AREA_STYLE('',(#5864));
#5864 = FILL_AREA_STYLE_COLOUR('',#4838);
#5865 = CURVE_STYLE('',#5866,POSITIVE_LENGTH_MEASURE(0.1),#4838);
#5866 = DRAUGHTING_PRE_DEFINED_CURVE_FONT('continuous');
#5867 = STYLED_ITEM('color',(#5868),#1410);
#5868 = PRESENTATION_STYLE_ASSIGNMENT((#5869,#5874));
#5869 = SURFACE_STYLE_USAGE(.BOTH.,#5870);
#5870 = SURFACE_SIDE_STYLE('',(#5871));
#5871 = SURFACE_STYLE_FILL_AREA(#5872);
#5872 = FILL_AREA_STYLE('',(#5873));
#5873 = FILL_AREA_STYLE_COLOUR('',#4838);
#5874 = CURVE_STYLE('',#5875,POSITIVE_LENGTH_MEASURE(0.1),#4838);
#5875 = DRAUGHTING_PRE_DEFINED_CURVE_FONT('continuous');
#5876 = STYLED_ITEM('color',(#5877),#1422);
#5877 = PRESENTATION_STYLE_ASSIGNMENT((#5878,#5883));
#5878 = SURFACE_STYLE_USAGE(.BOTH.,#5879);
#5879 = SURFACE_SIDE_STYLE('',(#5880));
#5880 = SURFACE_STYLE_FILL_AREA(#5881);
#5881 = FILL_AREA_STYLE('',(#5882));
#5882 = FILL_AREA_STYLE_COLOUR('',#4838);
#5883 = CURVE_STYLE('',#5884,POSITIVE_LENGTH_MEASURE(0.1),#4838);
#5884 = DRAUGHTING_PRE_DEFINED_CURVE_FONT('continuous');
#5885 = STYLED_ITEM('color',(#5886),#1434);
#5886 = PRESENTATION_STYLE_ASSIGNMENT((#5887,#5892));
#5887 = SURFACE_STYLE_USAGE(.BOTH.,#5888);
#5888 = SURFACE_SIDE_STYLE('',(#5889));
#5889 = SURFACE_STYLE_FILL_AREA(#5890);
#5890 = FILL_AREA_STYLE('',(#5891));
#5891 = FILL_AREA_STYLE_COLOUR('',#4838);
#5892 = CURVE_STYLE('',#5893,POSITIVE_LENGTH_MEASURE(0.1),#4838);
#5893 = DRAUGHTING_PRE_DEFINED_CURVE_FONT('continuous');
#5894 = STYLED_ITEM('color',(#5895),#1446);
#5895 = PRESENTATION_STYLE_ASSIGNMENT((#5896,#5901));
#5896 = SURFACE_STYLE_USAGE(.BOTH.,#5897);
#5897 = SURFACE_SIDE_STYLE('',(#5898));
#5898 = SURFACE_STYLE_FILL_AREA(#5899);
#5899 = FILL_AREA_STYLE('',(#5900));
#5900 = FILL_AREA_STYLE_COLOUR('',#4838);
#5901 = CURVE_STYLE('',#5902,POSITIVE_LENGTH_MEASURE(0.1),#4838);
#5902 = DRAUGHTING_PRE_DEFINED_CURVE_FONT('continuous');
#5903 = STYLED_ITEM('color',(#5904),#1458);
#5904 = PRESENTATION_STYLE_ASSIGNMENT((#5905,#5910));
#5905 = SURFACE_STYLE_USAGE(.BOTH.,#5906);
#5906 = SURFACE_SIDE_STYLE('',(#5907));
#5907 = SURFACE_STYLE_FILL_AREA(#5908);
#5908 = FILL_AREA_STYLE('',(#5909));
#5909 = FILL_AREA_STYLE_COLOUR('',#4838);
#5910 = CURVE_STYLE('',#5911,POSITIVE_LENGTH_MEASURE(0.1),#4838);
#5911 = DRAUGHTING_PRE_DEFINED_CURVE_FONT('continuous');
#5912 = STYLED_ITEM('color',(#5913),#1470);
#5913 = PRESENTATION_STYLE_ASSIGNMENT((#5914,#5919));
#5914 = SURFACE_STYLE_USAGE(.BOTH.,#5915);
#5915 = SURFACE_SIDE_STYLE('',(#5916));
#5916 = SURFACE_STYLE_FILL_AREA(#5917);
#5917 = FILL_AREA_STYLE('',(#5918));
#5918 = FILL_AREA_STYLE_COLOUR('',#4838);
#5919 = CURVE_STYLE('',#5920,POSITIVE_LENGTH_MEASURE(0.1),#4838);
#5920 = DRAUGHTING_PRE_DEFINED_CURVE_FONT('continuous');
#5921 = STYLED_ITEM('color',(#5922),#1482);
#5922 = PRESENTATION_STYLE_ASSIGNMENT((#5923,#5928));
#5923 = SURFACE_STYLE_USAGE(.BOTH.,#5924);
#5924 = SURFACE_SIDE_STYLE('',(#5925));
#5925 = SURFACE_STYLE_FILL_AREA(#5926);
#5926 = FILL_AREA_STYLE('',(#5927));
#5927 = FILL_AREA_STYLE_COLOUR('',#4838);
#5928 = CURVE_STYLE('',#5929,POSITIVE_LENGTH_MEASURE(0.1),#4838);
#5929 = DRAUGHTING_PRE_DEFINED_CURVE_FONT('continuous');
#5930 = STYLED_ITEM('color',(#5931),#1494);
#5931 = PRESENTATION_STYLE_ASSIGNMENT((#5932,#5937));
#5932 = SURFACE_STYLE_USAGE(.BOTH.,#5933);
#5933 = SURFACE_SIDE_STYLE('',(#5934));
#5934 = SURFACE_STYLE_FILL_AREA(#5935);
#5935 = FILL_AREA_STYLE('',(#5936));
#5936 = FILL_AREA_STYLE_COLOUR('',#4838);
#5937 = CURVE_STYLE('',#5938,POSITIVE_LENGTH_MEASURE(0.1),#4838);
#5938 = DRAUGHTING_PRE_DEFINED_CURVE_FONT('continuous');
#5939 = STYLED_ITEM('color',(#5940),#1506);
#5940 = PRESENTATION_STYLE_ASSIGNMENT((#5941,#5946));
#5941 = SURFACE_STYLE_USAGE(.BOTH.,#5942);
#5942 = SURFACE_SIDE_STYLE('',(#5943));
#5943 = SURFACE_STYLE_FILL_AREA(#5944);
#5944 = FILL_AREA_STYLE('',(#5945));
#5945 = FILL_AREA_STYLE_COLOUR('',#4838);
#5946 = CURVE_STYLE('',#5947,POSITIVE_LENGTH_MEASURE(0.1),#4838);
#5947 = DRAUGHTING_PRE_DEFINED_CURVE_FONT('continuous');
#5948 = STYLED_ITEM('color',(#5949),#1518);
#5949 = PRESENTATION_STYLE_ASSIGNMENT((#5950,#5955));
#5950 = SURFACE_STYLE_USAGE(.BOTH.,#5951);
#5951 = SURFACE_SIDE_STYLE('',(#5952));
#5952 = SURFACE_STYLE_FILL_AREA(#5953);
#5953 = FILL_AREA_STYLE('',(#5954));
#5954 = FILL_AREA_STYLE_COLOUR('',#4838);
#5955 = CURVE_STYLE('',#5956,POSITIVE_LENGTH_MEASURE(0.1),#4838);
#5956 = DRAUGHTING_PRE_DEFINED_CURVE_FONT('continuous');
#5957 = STYLED_ITEM('color',(#5958),#1530);
#5958 = PRESENTATION_STYLE_ASSIGNMENT((#5959,#5964));
#5959 = SURFACE_STYLE_USAGE(.BOTH.,#5960);
#5960 = SURFACE_SIDE_STYLE('',(#5961));
#5961 = SURFACE_STYLE_FILL_AREA(#5962);
#5962 = FILL_AREA_STYLE('',(#5963));
#5963 = FILL_AREA_STYLE_COLOUR('',#4838);
#5964 = CURVE_STYLE('',#5965,POSITIVE_LENGTH_MEASURE(0.1),#4838);
#5965 = DRAUGHTING_PRE_DEFINED_CURVE_FONT('continuous');
#5966 = STYLED_ITEM('color',(#5967),#1542);
#5967 = PRESENTATION_STYLE_ASSIGNMENT((#5968,#5973));
#5968 = SURFACE_STYLE_USAGE(.BOTH.,#5969);
#5969 = SURFACE_SIDE_STYLE('',(#5970));
#5970 = SURFACE_STYLE_FILL_AREA(#5971);
#5971 = FILL_AREA_STYLE('',(#5972));
#5972 = FILL_AREA_STYLE_COLOUR('',#4838);
#5973 = CURVE_STYLE('',#5974,POSITIVE_LENGTH_MEASURE(0.1),#4838);
#5974 = DRAUGHTING_PRE_DEFINED_CURVE_FONT('continuous');
#5975 = STYLED_ITEM('color',(#5976),#1554);
#5976 = PRESENTATION_STYLE_ASSIGNMENT((#5977,#5982));
#5977 = SURFACE_STYLE_USAGE(.BOTH.,#5978);
#5978 = SURFACE_SIDE_STYLE('',(#5979));
#5979 = SURFACE_STYLE_FILL_AREA(#5980);
#5980 = FILL_AREA_STYLE('',(#5981));
#5981 = FILL_AREA_STYLE_COLOUR('',#4838);
#5982 = CURVE_STYLE('',#5983,POSITIVE_LENGTH_MEASURE(0.1),#4838);
#5983 = DRAUGHTING_PRE_DEFINED_CURVE_FONT('continuous');
#5984 = STYLED_ITEM('color',(#5985),#1566);
#5985 = PRESENTATION_STYLE_ASSIGNMENT((#5986,#5991));
#5986 = SURFACE_STYLE_USAGE(.BOTH.,#5987);
#5987 = SURFACE_SIDE_STYLE('',(#5988));
#5988 = SURFACE_STYLE_FILL_AREA(#5989);
#5989 = FILL_AREA_STYLE('',(#5990));
#5990 = FILL_AREA_STYLE_COLOUR('',#4838);
#5991 = CURVE_STYLE('',#5992,POSITIVE_LENGTH_MEASURE(0.1),#4838);
#5992 = DRAUGHTING_PRE_DEFINED_CURVE_FONT('continuous');
#5993 = STYLED_ITEM('color',(#5994),#1578);
#5994 = PRESENTATION_STYLE_ASSIGNMENT((#5995,#6000));
#5995 = SURFACE_STYLE_USAGE(.BOTH.,#5996);
#5996 = SURFACE_SIDE_STYLE('',(#5997));
#5997 = SURFACE_STYLE_FILL_AREA(#5998);
#5998 = FILL_AREA_STYLE('',(#5999));
#5999 = FILL_AREA_STYLE_COLOUR('',#4838);
#6000 = CURVE_STYLE('',#6001,POSITIVE_LENGTH_MEASURE(0.1),#4838);
#6001 = DRAUGHTING_PRE_DEFINED_CURVE_FONT('continuous');
#6002 = STYLED_ITEM('color',(#6003),#1590);
#6003 = PRESENTATION_STYLE_ASSIGNMENT((#6004,#6009));
#6004 = SURFACE_STYLE_USAGE(.BOTH.,#6005);
#6005 = SURFACE_SIDE_STYLE('',(#6006));
#6006 = SURFACE_STYLE_FILL_AREA(#6007);
#6007 = FILL_AREA_STYLE('',(#6008));
#6008 = FILL_AREA_STYLE_COLOUR('',#4838);
#6009 = CURVE_STYLE('',#6010,POSITIVE_LENGTH_MEASURE(0.1),#4838);
#6010 = DRAUGHTING_PRE_DEFINED_CURVE_FONT('continuous');
#6011 = STYLED_ITEM('color',(#6012),#1602);
#6012 = PRESENTATION_STYLE_ASSIGNMENT((#6013,#6018));
#6013 = SURFACE_STYLE_USAGE(.BOTH.,#6014);
#6014 = SURFACE_SIDE_STYLE('',(#6015));
#6015 = SURFACE_STYLE_FILL_AREA(#6016);
#6016 = FILL_AREA_STYLE('',(#6017));
#6017 = FILL_AREA_STYLE_COLOUR('',#4838);
#6018 = CURVE_STYLE('',#6019,POSITIVE_LENGTH_MEASURE(0.1),#4838);
#6019 = DRAUGHTING_PRE_DEFINED_CURVE_FONT('continuous');
#6020 = STYLED_ITEM('color',(#6021),#1614);
#6021 = PRESENTATION_STYLE_ASSIGNMENT((#6022,#6027));
#6022 = SURFACE_STYLE_USAGE(.BOTH.,#6023);
#6023 = SURFACE_SIDE_STYLE('',(#6024));
#6024 = SURFACE_STYLE_FILL_AREA(#6025);
#6025 = FILL_AREA_STYLE('',(#6026));
#6026 = FILL_AREA_STYLE_COLOUR('',#4838);
#6027 = CURVE_STYLE('',#6028,POSITIVE_LENGTH_MEASURE(0.1),#4838);
#6028 = DRAUGHTING_PRE_DEFINED_CURVE_FONT('continuous');
#6029 = STYLED_ITEM('color',(#6030),#1626);
#6030 = PRESENTATION_STYLE_ASSIGNMENT((#6031,#6036));
#6031 = SURFACE_STYLE_USAGE(.BOTH.,#6032);
#6032 = SURFACE_SIDE_STYLE('',(#6033));
#6033 = SURFACE_STYLE_FILL_AREA(#6034);
#6034 = FILL_AREA_STYLE('',(#6035));
#6035 = FILL_AREA_STYLE_COLOUR('',#4838);
#6036 = CURVE_STYLE('',#6037,POSITIVE_LENGTH_MEASURE(0.1),#4838);
#6037 = DRAUGHTING_PRE_DEFINED_CURVE_FONT('continuous');
#6038 = STYLED_ITEM('color',(#6039),#1638);
#6039 = PRESENTATION_STYLE_ASSIGNMENT((#6040,#6045));
#6040 = SURFACE_STYLE_USAGE(.BOTH.,#6041);
#6041 = SURFACE_SIDE_STYLE('',(#6042));
#6042 = SURFACE_STYLE_FILL_AREA(#6043);
#6043 = FILL_AREA_STYLE('',(#6044));
#6044 = FILL_AREA_STYLE_COLOUR('',#4838);
#6045 = CURVE_STYLE('',#6046,POSITIVE_LENGTH_MEASURE(0.1),#4838);
#6046 = DRAUGHTING_PRE_DEFINED_CURVE_FONT('continuous');
#6047 = STYLED_ITEM('color',(#6048),#1650);
#6048 = PRESENTATION_STYLE_ASSIGNMENT((#6049,#6054));
#6049 = SURFACE_STYLE_USAGE(.BOTH.,#6050);
#6050 = SURFACE_SIDE_STYLE('',(#6051));
#6051 = SURFACE_STYLE_FILL_AREA(#6052);
#6052 = FILL_AREA_STYLE('',(#6053));
#6053 = FILL_AREA_STYLE_COLOUR('',#4838);
#6054 = CURVE_STYLE('',#6055,POSITIVE_LENGTH_MEASURE(0.1),#4838);
#6055 = DRAUGHTING_PRE_DEFINED_CURVE_FONT('continuous');
#6056 = STYLED_ITEM('color',(#6057),#1662);
#6057 = PRESENTATION_STYLE_ASSIGNMENT((#6058,#6063));
#6058 = SURFACE_STYLE_USAGE(.BOTH.,#6059);
#6059 = SURFACE_SIDE_STYLE('',(#6060));
#6060 = SURFACE_STYLE_FILL_AREA(#6061);
#6061 = FILL_AREA_STYLE('',(#6062));
#6062 = FILL_AREA_STYLE_COLOUR('',#4838);
#6063 = CURVE_STYLE('',#6064,POSITIVE_LENGTH_MEASURE(0.1),#4838);
#6064 = DRAUGHTING_PRE_DEFINED_CURVE_FONT('continuous');
#6065 = STYLED_ITEM('color',(#6066),#1674);
#6066 = PRESENTATION_STYLE_ASSIGNMENT((#6067,#6072));
#6067 = SURFACE_STYLE_USAGE(.BOTH.,#6068);
#6068 = SURFACE_SIDE_STYLE('',(#6069));
#6069 = SURFACE_STYLE_FILL_AREA(#6070);
#6070 = FILL_AREA_STYLE('',(#6071));
#6071 = FILL_AREA_STYLE_COLOUR('',#4838);
#6072 = CURVE_STYLE('',#6073,POSITIVE_LENGTH_MEASURE(0.1),#4838);
#6073 = DRAUGHTING_PRE_DEFINED_CURVE_FONT('continuous');
#6074 = STYLED_ITEM('color',(#6075),#1686);
#6075 = PRESENTATION_STYLE_ASSIGNMENT((#6076,#6081));
#6076 = SURFACE_STYLE_USAGE(.BOTH.,#6077);
#6077 = SURFACE_SIDE_STYLE('',(#6078));
#6078 = SURFACE_STYLE_FILL_AREA(#6079);
#6079 = FILL_AREA_STYLE('',(#6080));
#6080 = FILL_AREA_STYLE_COLOUR('',#4838);
#6081 = CURVE_STYLE('',#6082,POSITIVE_LENGTH_MEASURE(0.1),#4838);
#6082 = DRAUGHTING_PRE_DEFINED_CURVE_FONT('continuous');
#6083 = STYLED_ITEM('color',(#6084),#1698);
#6084 = PRESENTATION_STYLE_ASSIGNMENT((#6085,#6090));
#6085 = SURFACE_STYLE_USAGE(.BOTH.,#6086);
#6086 = SURFACE_SIDE_STYLE('',(#6087));
#6087 = SURFACE_STYLE_FILL_AREA(#6088);
#6088 = FILL_AREA_STYLE('',(#6089));
#6089 = FILL_AREA_STYLE_COLOUR('',#4838);
#6090 = CURVE_STYLE('',#6091,POSITIVE_LENGTH_MEASURE(0.1),#4838);
#6091 = DRAUGHTING_PRE_DEFINED_CURVE_FONT('continuous');
#6092 = STYLED_ITEM('color',(#6093),#1710);
#6093 = PRESENTATION_STYLE_ASSIGNMENT((#6094,#6099));
#6094 = SURFACE_STYLE_USAGE(.BOTH.,#6095);
#6095 = SURFACE_SIDE_STYLE('',(#6096));
#6096 = SURFACE_STYLE_FILL_AREA(#6097);
#6097 = FILL_AREA_STYLE('',(#6098));
#6098 = FILL_AREA_STYLE_COLOUR('',#4838);
#6099 = CURVE_STYLE('',#6100,POSITIVE_LENGTH_MEASURE(0.1),#4838);
#6100 = DRAUGHTING_PRE_DEFINED_CURVE_FONT('continuous');
#6101 = STYLED_ITEM('color',(#6102),#1722);
#6102 = PRESENTATION_STYLE_ASSIGNMENT((#6103,#6108));
#6103 = SURFACE_STYLE_USAGE(.BOTH.,#6104);
#6104 = SURFACE_SIDE_STYLE('',(#6105));
#6105 = SURFACE_STYLE_FILL_AREA(#6106);
#6106 = FILL_AREA_STYLE('',(#6107));
#6107 = FILL_AREA_STYLE_COLOUR('',#4838);
#6108 = CURVE_STYLE('',#6109,POSITIVE_LENGTH_MEASURE(0.1),#4838);
#6109 = DRAUGHTING_PRE_DEFINED_CURVE_FONT('continuous');
#6110 = STYLED_ITEM('color',(#6111),#1734);
#6111 = PRESENTATION_STYLE_ASSIGNMENT((#6112,#6117));
#6112 = SURFACE_STYLE_USAGE(.BOTH.,#6113);
#6113 = SURFACE_SIDE_STYLE('',(#6114));
#6114 = SURFACE_STYLE_FILL_AREA(#6115);
#6115 = FILL_AREA_STYLE('',(#6116));
#6116 = FILL_AREA_STYLE_COLOUR('',#4838);
#6117 = CURVE_STYLE('',#6118,POSITIVE_LENGTH_MEASURE(0.1),#4838);
#6118 = DRAUGHTING_PRE_DEFINED_CURVE_FONT('continuous');
#6119 = STYLED_ITEM('color',(#6120),#1746);
#6120 = PRESENTATION_STYLE_ASSIGNMENT((#6121,#6126));
#6121 = SURFACE_STYLE_USAGE(.BOTH.,#6122);
#6122 = SURFACE_SIDE_STYLE('',(#6123));
#6123 = SURFACE_STYLE_FILL_AREA(#6124);
#6124 = FILL_AREA_STYLE('',(#6125));
#6125 = FILL_AREA_STYLE_COLOUR('',#4838);
#6126 = CURVE_STYLE('',#6127,POSITIVE_LENGTH_MEASURE(0.1),#4838);
#6127 = DRAUGHTING_PRE_DEFINED_CURVE_FONT('continuous');
#6128 = STYLED_ITEM('color',(#6129),#1758);
#6129 = PRESENTATION_STYLE_ASSIGNMENT((#6130,#6135));
#6130 = SURFACE_STYLE_USAGE(.BOTH.,#6131);
#6131 = SURFACE_SIDE_STYLE('',(#6132));
#6132 = SURFACE_STYLE_FILL_AREA(#6133);
#6133 = FILL_AREA_STYLE('',(#6134));
#6134 = FILL_AREA_STYLE_COLOUR('',#4838);
#6135 = CURVE_STYLE('',#6136,POSITIVE_LENGTH_MEASURE(0.1),#4838);
#6136 = DRAUGHTING_PRE_DEFINED_CURVE_FONT('continuous');
#6137 = STYLED_ITEM('color',(#6138),#1770);
#6138 = PRESENTATION_STYLE_ASSIGNMENT((#6139,#6144));
#6139 = SURFACE_STYLE_USAGE(.BOTH.,#6140);
#6140 = SURFACE_SIDE_STYLE('',(#6141));
#6141 = SURFACE_STYLE_FILL_AREA(#6142);
#6142 = FILL_AREA_STYLE('',(#6143));
#6143 = FILL_AREA_STYLE_COLOUR('',#4838);
#6144 = CURVE_STYLE('',#6145,POSITIVE_LENGTH_MEASURE(0.1),#4838);
#6145 = DRAUGHTING_PRE_DEFINED_CURVE_FONT('continuous');
#6146 = STYLED_ITEM('color',(#6147),#1782);
#6147 = PRESENTATION_STYLE_ASSIGNMENT((#6148,#6153));
#6148 = SURFACE_STYLE_USAGE(.BOTH.,#6149);
#6149 = SURFACE_SIDE_STYLE('',(#6150));
#6150 = SURFACE_STYLE_FILL_AREA(#6151);
#6151 = FILL_AREA_STYLE('',(#6152));
#6152 = FILL_AREA_STYLE_COLOUR('',#4838);
#6153 = CURVE_STYLE('',#6154,POSITIVE_LENGTH_MEASURE(0.1),#4838);
#6154 = DRAUGHTING_PRE_DEFINED_CURVE_FONT('continuous');
#6155 = STYLED_ITEM('color',(#6156),#1794);
#6156 = PRESENTATION_STYLE_ASSIGNMENT((#6157,#6162));
#6157 = SURFACE_STYLE_USAGE(.BOTH.,#6158);
#6158 = SURFACE_SIDE_STYLE('',(#6159));
#6159 = SURFACE_STYLE_FILL_AREA(#6160);
#6160 = FILL_AREA_STYLE('',(#6161));
#6161 = FILL_AREA_STYLE_COLOUR('',#4838);
#6162 = CURVE_STYLE('',#6163,POSITIVE_LENGTH_MEASURE(0.1),#4838);
#6163 = DRAUGHTING_PRE_DEFINED_CURVE_FONT('continuous');
#6164 = STYLED_ITEM('color',(#6165),#1806);
#6165 = PRESENTATION_STYLE_ASSIGNMENT((#6166,#6171));
#6166 = SURFACE_STYLE_USAGE(.BOTH.,#6167);
#6167 = SURFACE_SIDE_STYLE('',(#6168));
#6168 = SURFACE_STYLE_FILL_AREA(#6169);
#6169 = FILL_AREA_STYLE('',(#6170));
#6170 = FILL_AREA_STYLE_COLOUR('',#4838);
#6171 = CURVE_STYLE('',#6172,POSITIVE_LENGTH_MEASURE(0.1),#4838);
#6172 = DRAUGHTING_PRE_DEFINED_CURVE_FONT('continuous');
#6173 = STYLED_ITEM('color',(#6174),#1818);
#6174 = PRESENTATION_STYLE_ASSIGNMENT((#6175,#6180));
#6175 = SURFACE_STYLE_USAGE(.BOTH.,#6176);
#6176 = SURFACE_SIDE_STYLE('',(#6177));
#6177 = SURFACE_STYLE_FILL_AREA(#6178);
#6178 = FILL_AREA_STYLE('',(#6179));
#6179 = FILL_AREA_STYLE_COLOUR('',#4838);
#6180 = CURVE_STYLE('',#6181,POSITIVE_LENGTH_MEASURE(0.1),#4838);
#6181 = DRAUGHTING_PRE_DEFINED_CURVE_FONT('continuous');
#6182 = STYLED_ITEM('color',(#6183),#1830);
#6183 = PRESENTATION_STYLE_ASSIGNMENT((#6184,#6189));
#6184 = SURFACE_STYLE_USAGE(.BOTH.,#6185);
#6185 = SURFACE_SIDE_STYLE('',(#6186));
#6186 = SURFACE_STYLE_FILL_AREA(#6187);
#6187 = FILL_AREA_STYLE('',(#6188));
#6188 = FILL_AREA_STYLE_COLOUR('',#4838);
#6189 = CURVE_STYLE('',#6190,POSITIVE_LENGTH_MEASURE(0.1),#4838);
#6190 = DRAUGHTING_PRE_DEFINED_CURVE_FONT('continuous');
#6191 = STYLED_ITEM('color',(#6192),#1842);
#6192 = PRESENTATION_STYLE_ASSIGNMENT((#6193,#6198));
#6193 = SURFACE_STYLE_USAGE(.BOTH.,#6194);
#6194 = SURFACE_SIDE_STYLE('',(#6195));
#6195 = SURFACE_STYLE_FILL_AREA(#6196);
#6196 = FILL_AREA_STYLE('',(#6197));
#6197 = FILL_AREA_STYLE_COLOUR('',#4838);
#6198 = CURVE_STYLE('',#6199,POSITIVE_LENGTH_MEASURE(0.1),#4838);
#6199 = DRAUGHTING_PRE_DEFINED_CURVE_FONT('continuous');
#6200 = STYLED_ITEM('color',(#6201),#1854);
#6201 = PRESENTATION_STYLE_ASSIGNMENT((#6202,#6207));
#6202 = SURFACE_STYLE_USAGE(.BOTH.,#6203);
#6203 = SURFACE_SIDE_STYLE('',(#6204));
#6204 = SURFACE_STYLE_FILL_AREA(#6205);
#6205 = FILL_AREA_STYLE('',(#6206));
#6206 = FILL_AREA_STYLE_COLOUR('',#4838);
#6207 = CURVE_STYLE('',#6208,POSITIVE_LENGTH_MEASURE(0.1),#4838);
#6208 = DRAUGHTING_PRE_DEFINED_CURVE_FONT('continuous');
#6209 = STYLED_ITEM('color',(#6210),#1866);
#6210 = PRESENTATION_STYLE_ASSIGNMENT((#6211,#6216));
#6211 = SURFACE_STYLE_USAGE(.BOTH.,#6212);
#6212 = SURFACE_SIDE_STYLE('',(#6213));
#6213 = SURFACE_STYLE_FILL_AREA(#6214);
#6214 = FILL_AREA_STYLE('',(#6215));
#6215 = FILL_AREA_STYLE_COLOUR('',#4838);
#6216 = CURVE_STYLE('',#6217,POSITIVE_LENGTH_MEASURE(0.1),#4838);
#6217 = DRAUGHTING_PRE_DEFINED_CURVE_FONT('continuous');
#6218 = STYLED_ITEM('color',(#6219),#1878);
#6219 = PRESENTATION_STYLE_ASSIGNMENT((#6220,#6225));
#6220 = SURFACE_STYLE_USAGE(.BOTH.,#6221);
#6221 = SURFACE_SIDE_STYLE('',(#6222));
#6222 = SURFACE_STYLE_FILL_AREA(#6223);
#6223 = FILL_AREA_STYLE('',(#6224));
#6224 = FILL_AREA_STYLE_COLOUR('',#4838);
#6225 = CURVE_STYLE('',#6226,POSITIVE_LENGTH_MEASURE(0.1),#4838);
#6226 = DRAUGHTING_PRE_DEFINED_CURVE_FONT('continuous');
#6227 = STYLED_ITEM('color',(#6228),#1890);
#6228 = PRESENTATION_STYLE_ASSIGNMENT((#6229,#6234));
#6229 = SURFACE_STYLE_USAGE(.BOTH.,#6230);
#6230 = SURFACE_SIDE_STYLE('',(#6231));
#6231 = SURFACE_STYLE_FILL_AREA(#6232);
#6232 = FILL_AREA_STYLE('',(#6233));
#6233 = FILL_AREA_STYLE_COLOUR('',#4838);
#6234 = CURVE_STYLE('',#6235,POSITIVE_LENGTH_MEASURE(0.1),#4838);
#6235 = DRAUGHTING_PRE_DEFINED_CURVE_FONT('continuous');
#6236 = STYLED_ITEM('color',(#6237),#1902);
#6237 = PRESENTATION_STYLE_ASSIGNMENT((#6238,#6243));
#6238 = SURFACE_STYLE_USAGE(.BOTH.,#6239);
#6239 = SURFACE_SIDE_STYLE('',(#6240));
#6240 = SURFACE_STYLE_FILL_AREA(#6241);
#6241 = FILL_AREA_STYLE('',(#6242));
#6242 = FILL_AREA_STYLE_COLOUR('',#4838);
#6243 = CURVE_STYLE('',#6244,POSITIVE_LENGTH_MEASURE(0.1),#4838);
#6244 = DRAUGHTING_PRE_DEFINED_CURVE_FONT('continuous');
#6245 = STYLED_ITEM('color',(#6246),#1914);
#6246 = PRESENTATION_STYLE_ASSIGNMENT((#6247,#6252));
#6247 = SURFACE_STYLE_USAGE(.BOTH.,#6248);
#6248 = SURFACE_SIDE_STYLE('',(#6249));
#6249 = SURFACE_STYLE_FILL_AREA(#6250);
#6250 = FILL_AREA_STYLE('',(#6251));
#6251 = FILL_AREA_STYLE_COLOUR('',#4838);
#6252 = CURVE_STYLE('',#6253,POSITIVE_LENGTH_MEASURE(0.1),#4838);
#6253 = DRAUGHTING_PRE_DEFINED_CURVE_FONT('continuous');
#6254 = STYLED_ITEM('color',(#6255),#1926);
#6255 = PRESENTATION_STYLE_ASSIGNMENT((#6256,#6261));
#6256 = SURFACE_STYLE_USAGE(.BOTH.,#6257);
#6257 = SURFACE_SIDE_STYLE('',(#6258));
#6258 = SURFACE_STYLE_FILL_AREA(#6259);
#6259 = FILL_AREA_STYLE('',(#6260));
#6260 = FILL_AREA_STYLE_COLOUR('',#4838);
#6261 = CURVE_STYLE('',#6262,POSITIVE_LENGTH_MEASURE(0.1),#4838);
#6262 = DRAUGHTING_PRE_DEFINED_CURVE_FONT('continuous');
#6263 = STYLED_ITEM('color',(#6264),#1938);
#6264 = PRESENTATION_STYLE_ASSIGNMENT((#6265,#6270));
#6265 = SURFACE_STYLE_USAGE(.BOTH.,#6266);
#6266 = SURFACE_SIDE_STYLE('',(#6267));
#6267 = SURFACE_STYLE_FILL_AREA(#6268);
#6268 = FILL_AREA_STYLE('',(#6269));
#6269 = FILL_AREA_STYLE_COLOUR('',#4838);
#6270 = CURVE_STYLE('',#6271,POSITIVE_LENGTH_MEASURE(0.1),#4838);
#6271 = DRAUGHTING_PRE_DEFINED_CURVE_FONT('continuous');
#6272 = STYLED_ITEM('color',(#6273),#1950);
#6273 = PRESENTATION_STYLE_ASSIGNMENT((#6274,#6279));
#6274 = SURFACE_STYLE_USAGE(.BOTH.,#6275);
#6275 = SURFACE_SIDE_STYLE('',(#6276));
#6276 = SURFACE_STYLE_FILL_AREA(#6277);
#6277 = FILL_AREA_STYLE('',(#6278));
#6278 = FILL_AREA_STYLE_COLOUR('',#4838);
#6279 = CURVE_STYLE('',#6280,POSITIVE_LENGTH_MEASURE(0.1),#4838);
#6280 = DRAUGHTING_PRE_DEFINED_CURVE_FONT('continuous');
#6281 = STYLED_ITEM('color',(#6282),#1962);
#6282 = PRESENTATION_STYLE_ASSIGNMENT((#6283,#6288));
#6283 = SURFACE_STYLE_USAGE(.BOTH.,#6284);
#6284 = SURFACE_SIDE_STYLE('',(#6285));
#6285 = SURFACE_STYLE_FILL_AREA(#6286);
#6286 = FILL_AREA_STYLE('',(#6287));
#6287 = FILL_AREA_STYLE_COLOUR('',#4838);
#6288 = CURVE_STYLE('',#6289,POSITIVE_LENGTH_MEASURE(0.1),#4838);
#6289 = DRAUGHTING_PRE_DEFINED_CURVE_FONT('continuous');
#6290 = STYLED_ITEM('color',(#6291),#1974);
#6291 = PRESENTATION_STYLE_ASSIGNMENT((#6292,#6297));
#6292 = SURFACE_STYLE_USAGE(.BOTH.,#6293);
#6293 = SURFACE_SIDE_STYLE('',(#6294));
#6294 = SURFACE_STYLE_FILL_AREA(#6295);
#6295 = FILL_AREA_STYLE('',(#6296));
#6296 = FILL_AREA_STYLE_COLOUR('',#4838);
#6297 = CURVE_STYLE('',#6298,POSITIVE_LENGTH_MEASURE(0.1),#4838);
#6298 = DRAUGHTING_PRE_DEFINED_CURVE_FONT('continuous');
#6299 = STYLED_ITEM('color',(#6300),#1986);
#6300 = PRESENTATION_STYLE_ASSIGNMENT((#6301,#6306));
#6301 = SURFACE_STYLE_USAGE(.BOTH.,#6302);
#6302 = SURFACE_SIDE_STYLE('',(#6303));
#6303 = SURFACE_STYLE_FILL_AREA(#6304);
#6304 = FILL_AREA_STYLE('',(#6305));
#6305 = FILL_AREA_STYLE_COLOUR('',#4838);
#6306 = CURVE_STYLE('',#6307,POSITIVE_LENGTH_MEASURE(0.1),#4838);
#6307 = DRAUGHTING_PRE_DEFINED_CURVE_FONT('continuous');
#6308 = STYLED_ITEM('color',(#6309),#1998);
#6309 = PRESENTATION_STYLE_ASSIGNMENT((#6310,#6315));
#6310 = SURFACE_STYLE_USAGE(.BOTH.,#6311);
#6311 = SURFACE_SIDE_STYLE('',(#6312));
#6312 = SURFACE_STYLE_FILL_AREA(#6313);
#6313 = FILL_AREA_STYLE('',(#6314));
#6314 = FILL_AREA_STYLE_COLOUR('',#4838);
#6315 = CURVE_STYLE('',#6316,POSITIVE_LENGTH_MEASURE(0.1),#4838);
#6316 = DRAUGHTING_PRE_DEFINED_CURVE_FONT('continuous');
#6317 = STYLED_ITEM('color',(#6318),#2010);
#6318 = PRESENTATION_STYLE_ASSIGNMENT((#6319,#6324));
#6319 = SURFACE_STYLE_USAGE(.BOTH.,#6320);
#6320 = SURFACE_SIDE_STYLE('',(#6321));
#6321 = SURFACE_STYLE_FILL_AREA(#6322);
#6322 = FILL_AREA_STYLE('',(#6323));
#6323 = FILL_AREA_STYLE_COLOUR('',#4838);
#6324 = CURVE_STYLE('',#6325,POSITIVE_LENGTH_MEASURE(0.1),#4838);
#6325 = DRAUGHTING_PRE_DEFINED_CURVE_FONT('continuous');
#6326 = STYLED_ITEM('color',(#6327),#2022);
#6327 = PRESENTATION_STYLE_ASSIGNMENT((#6328,#6333));
#6328 = SURFACE_STYLE_USAGE(.BOTH.,#6329);
#6329 = SURFACE_SIDE_STYLE('',(#6330));
#6330 = SURFACE_STYLE_FILL_AREA(#6331);
#6331 = FILL_AREA_STYLE('',(#6332));
#6332 = FILL_AREA_STYLE_COLOUR('',#4838);
#6333 = CURVE_STYLE('',#6334,POSITIVE_LENGTH_MEASURE(0.1),#4838);
#6334 = DRAUGHTING_PRE_DEFINED_CURVE_FONT('continuous');
#6335 = STYLED_ITEM('color',(#6336),#2034);
#6336 = PRESENTATION_STYLE_ASSIGNMENT((#6337,#6342));
#6337 = SURFACE_STYLE_USAGE(.BOTH.,#6338);
#6338 = SURFACE_SIDE_STYLE('',(#6339));
#6339 = SURFACE_STYLE_FILL_AREA(#6340);
#6340 = FILL_AREA_STYLE('',(#6341));
#6341 = FILL_AREA_STYLE_COLOUR('',#4838);
#6342 = CURVE_STYLE('',#6343,POSITIVE_LENGTH_MEASURE(0.1),#4838);
#6343 = DRAUGHTING_PRE_DEFINED_CURVE_FONT('continuous');
#6344 = STYLED_ITEM('color',(#6345),#2046);
#6345 = PRESENTATION_STYLE_ASSIGNMENT((#6346,#6351));
#6346 = SURFACE_STYLE_USAGE(.BOTH.,#6347);
#6347 = SURFACE_SIDE_STYLE('',(#6348));
#6348 = SURFACE_STYLE_FILL_AREA(#6349);
#6349 = FILL_AREA_STYLE('',(#6350));
#6350 = FILL_AREA_STYLE_COLOUR('',#4838);
#6351 = CURVE_STYLE('',#6352,POSITIVE_LENGTH_MEASURE(0.1),#4838);
#6352 = DRAUGHTING_PRE_DEFINED_CURVE_FONT('continuous');
#6353 = STYLED_ITEM('color',(#6354),#2058);
#6354 = PRESENTATION_STYLE_ASSIGNMENT((#6355,#6360));
#6355 = SURFACE_STYLE_USAGE(.BOTH.,#6356);
#6356 = SURFACE_SIDE_STYLE('',(#6357));
#6357 = SURFACE_STYLE_FILL_AREA(#6358);
#6358 = FILL_AREA_STYLE('',(#6359));
#6359 = FILL_AREA_STYLE_COLOUR('',#4838);
#6360 = CURVE_STYLE('',#6361,POSITIVE_LENGTH_MEASURE(0.1),#4838);
#6361 = DRAUGHTING_PRE_DEFINED_CURVE_FONT('continuous');
#6362 = STYLED_ITEM('color',(#6363),#2070);
#6363 = PRESENTATION_STYLE_ASSIGNMENT((#6364,#6369));
#6364 = SURFACE_STYLE_USAGE(.BOTH.,#6365);
#6365 = SURFACE_SIDE_STYLE('',(#6366));
#6366 = SURFACE_STYLE_FILL_AREA(#6367);
#6367 = FILL_AREA_STYLE('',(#6368));
#6368 = FILL_AREA_STYLE_COLOUR('',#4838);
#6369 = CURVE_STYLE('',#6370,POSITIVE_LENGTH_MEASURE(0.1),#4838);
#6370 = DRAUGHTING_PRE_DEFINED_CURVE_FONT('continuous');
#6371 = STYLED_ITEM('color',(#6372),#2082);
#6372 = PRESENTATION_STYLE_ASSIGNMENT((#6373,#6378));
#6373 = SURFACE_STYLE_USAGE(.BOTH.,#6374);
#6374 = SURFACE_SIDE_STYLE('',(#6375));
#6375 = SURFACE_STYLE_FILL_AREA(#6376);
#6376 = FILL_AREA_STYLE('',(#6377));
#6377 = FILL_AREA_STYLE_COLOUR('',#4838);
#6378 = CURVE_STYLE('',#6379,POSITIVE_LENGTH_MEASURE(0.1),#4838);
#6379 = DRAUGHTING_PRE_DEFINED_CURVE_FONT('continuous');
#6380 = STYLED_ITEM('color',(#6381),#2094);
#6381 = PRESENTATION_STYLE_ASSIGNMENT((#6382,#6387));
#6382 = SURFACE_STYLE_USAGE(.BOTH.,#6383);
#6383 = SURFACE_SIDE_STYLE('',(#6384));
#6384 = SURFACE_STYLE_FILL_AREA(#6385);
#6385 = FILL_AREA_STYLE('',(#6386));
#6386 = FILL_AREA_STYLE_COLOUR('',#4838);
#6387 = CURVE_STYLE('',#6388,POSITIVE_LENGTH_MEASURE(0.1),#4838);
#6388 = DRAUGHTING_PRE_DEFINED_CURVE_FONT('continuous');
#6389 = STYLED_ITEM('color',(#6390),#2106);
#6390 = PRESENTATION_STYLE_ASSIGNMENT((#6391,#6396));
#6391 = SURFACE_STYLE_USAGE(.BOTH.,#6392);
#6392 = SURFACE_SIDE_STYLE('',(#6393));
#6393 = SURFACE_STYLE_FILL_AREA(#6394);
#6394 = FILL_AREA_STYLE('',(#6395));
#6395 = FILL_AREA_STYLE_COLOUR('',#4838);
#6396 = CURVE_STYLE('',#6397,POSITIVE_LENGTH_MEASURE(0.1),#4838);
#6397 = DRAUGHTING_PRE_DEFINED_CURVE_FONT('continuous');
#6398 = STYLED_ITEM('color',(#6399),#2118);
#6399 = PRESENTATION_STYLE_ASSIGNMENT((#6400,#6405));
#6400 = SURFACE_STYLE_USAGE(.BOTH.,#6401);
#6401 = SURFACE_SIDE_STYLE('',(#6402));
#6402 = SURFACE_STYLE_FILL_AREA(#6403);
#6403 = FILL_AREA_STYLE('',(#6404));
#6404 = FILL_AREA_STYLE_COLOUR('',#4838);
#6405 = CURVE_STYLE('',#6406,POSITIVE_LENGTH_MEASURE(0.1),#4838);
#6406 = DRAUGHTING_PRE_DEFINED_CURVE_FONT('continuous');
#6407 = STYLED_ITEM('color',(#6408),#2130);
#6408 = PRESENTATION_STYLE_ASSIGNMENT((#6409,#6414));
#6409 = SURFACE_STYLE_USAGE(.BOTH.,#6410);
#6410 = SURFACE_SIDE_STYLE('',(#6411));
#6411 = SURFACE_STYLE_FILL_AREA(#6412);
#6412 = FILL_AREA_STYLE('',(#6413));
#6413 = FILL_AREA_STYLE_COLOUR('',#4838);
#6414 = CURVE_STYLE('',#6415,POSITIVE_LENGTH_MEASURE(0.1),#4838);
#6415 = DRAUGHTING_PRE_DEFINED_CURVE_FONT('continuous');
#6416 = STYLED_ITEM('color',(#6417),#2142);
#6417 = PRESENTATION_STYLE_ASSIGNMENT((#6418,#6423));
#6418 = SURFACE_STYLE_USAGE(.BOTH.,#6419);
#6419 = SURFACE_SIDE_STYLE('',(#6420));
#6420 = SURFACE_STYLE_FILL_AREA(#6421);
#6421 = FILL_AREA_STYLE('',(#6422));
#6422 = FILL_AREA_STYLE_COLOUR('',#4838);
#6423 = CURVE_STYLE('',#6424,POSITIVE_LENGTH_MEASURE(0.1),#4838);
#6424 = DRAUGHTING_PRE_DEFINED_CURVE_FONT('continuous');
#6425 = STYLED_ITEM('color',(#6426),#2154);
#6426 = PRESENTATION_STYLE_ASSIGNMENT((#6427,#6432));
#6427 = SURFACE_STYLE_USAGE(.BOTH.,#6428);
#6428 = SURFACE_SIDE_STYLE('',(#6429));
#6429 = SURFACE_STYLE_FILL_AREA(#6430);
#6430 = FILL_AREA_STYLE('',(#6431));
#6431 = FILL_AREA_STYLE_COLOUR('',#4838);
#6432 = CURVE_STYLE('',#6433,POSITIVE_LENGTH_MEASURE(0.1),#4838);
#6433 = DRAUGHTING_PRE_DEFINED_CURVE_FONT('continuous');
#6434 = STYLED_ITEM('color',(#6435),#2166);
#6435 = PRESENTATION_STYLE_ASSIGNMENT((#6436,#6441));
#6436 = SURFACE_STYLE_USAGE(.BOTH.,#6437);
#6437 = SURFACE_SIDE_STYLE('',(#6438));
#6438 = SURFACE_STYLE_FILL_AREA(#6439);
#6439 = FILL_AREA_STYLE('',(#6440));
#6440 = FILL_AREA_STYLE_COLOUR('',#4838);
#6441 = CURVE_STYLE('',#6442,POSITIVE_LENGTH_MEASURE(0.1),#4838);
#6442 = DRAUGHTING_PRE_DEFINED_CURVE_FONT('continuous');
#6443 = STYLED_ITEM('color',(#6444),#2178);
#6444 = PRESENTATION_STYLE_ASSIGNMENT((#6445,#6450));
#6445 = SURFACE_STYLE_USAGE(.BOTH.,#6446);
#6446 = SURFACE_SIDE_STYLE('',(#6447));
#6447 = SURFACE_STYLE_FILL_AREA(#6448);
#6448 = FILL_AREA_STYLE('',(#6449));
#6449 = FILL_AREA_STYLE_COLOUR('',#4838);
#6450 = CURVE_STYLE('',#6451,POSITIVE_LENGTH_MEASURE(0.1),#4838);
#6451 = DRAUGHTING_PRE_DEFINED_CURVE_FONT('continuous');
#6452 = STYLED_ITEM('color',(#6453),#2190);
#6453 = PRESENTATION_STYLE_ASSIGNMENT((#6454,#6459));
#6454 = SURFACE_STYLE_USAGE(.BOTH.,#6455);
#6455 = SURFACE_SIDE_STYLE('',(#6456));
#6456 = SURFACE_STYLE_FILL_AREA(#6457);
#6457 = FILL_AREA_STYLE('',(#6458));
#6458 = FILL_AREA_STYLE_COLOUR('',#4838);
#6459 = CURVE_STYLE('',#6460,POSITIVE_LENGTH_MEASURE(0.1),#4838);
#6460 = DRAUGHTING_PRE_DEFINED_CURVE_FONT('continuous');
#6461 = STYLED_ITEM('color',(#6462),#2202);
#6462 = PRESENTATION_STYLE_ASSIGNMENT((#6463,#6468));
#6463 = SURFACE_STYLE_USAGE(.BOTH.,#6464);
#6464 = SURFACE_SIDE_STYLE('',(#6465));
#6465 = SURFACE_STYLE_FILL_AREA(#6466);
#6466 = FILL_AREA_STYLE('',(#6467));
#6467 = FILL_AREA_STYLE_COLOUR('',#4838);
#6468 = CURVE_STYLE('',#6469,POSITIVE_LENGTH_MEASURE(0.1),#4838);
#6469 = DRAUGHTING_PRE_DEFINED_CURVE_FONT('continuous');
#6470 = STYLED_ITEM('color',(#6471),#2214);
#6471 = PRESENTATION_STYLE_ASSIGNMENT((#6472,#6477));
#6472 = SURFACE_STYLE_USAGE(.BOTH.,#6473);
#6473 = SURFACE_SIDE_STYLE('',(#6474));
#6474 = SURFACE_STYLE_FILL_AREA(#6475);
#6475 = FILL_AREA_STYLE('',(#6476));
#6476 = FILL_AREA_STYLE_COLOUR('',#4838);
#6477 = CURVE_STYLE('',#6478,POSITIVE_LENGTH_MEASURE(0.1),#4838);
#6478 = DRAUGHTING_PRE_DEFINED_CURVE_FONT('continuous');
#6479 = STYLED_ITEM('color',(#6480),#2226);
#6480 = PRESENTATION_STYLE_ASSIGNMENT((#6481,#6486));
#6481 = SURFACE_STYLE_USAGE(.BOTH.,#6482);
#6482 = SURFACE_SIDE_STYLE('',(#6483));
#6483 = SURFACE_STYLE_FILL_AREA(#6484);
#6484 = FILL_AREA_STYLE('',(#6485));
#6485 = FILL_AREA_STYLE_COLOUR('',#4838);
#6486 = CURVE_STYLE('',#6487,POSITIVE_LENGTH_MEASURE(0.1),#4838);
#6487 = DRAUGHTING_PRE_DEFINED_CURVE_FONT('continuous');
#6488 = STYLED_ITEM('color',(#6489),#2238);
#6489 = PRESENTATION_STYLE_ASSIGNMENT((#6490,#6495));
#6490 = SURFACE_STYLE_USAGE(.BOTH.,#6491);
#6491 = SURFACE_SIDE_STYLE('',(#6492));
#6492 = SURFACE_STYLE_FILL_AREA(#6493);
#6493 = FILL_AREA_STYLE('',(#6494));
#6494 = FILL_AREA_STYLE_COLOUR('',#4838);
#6495 = CURVE_STYLE('',#6496,POSITIVE_LENGTH_MEASURE(0.1),#4838);
#6496 = DRAUGHTING_PRE_DEFINED_CURVE_FONT('continuous');
#6497 = STYLED_ITEM('color',(#6498),#2250);
#6498 = PRESENTATION_STYLE_ASSIGNMENT((#6499,#6504));
#6499 = SURFACE_STYLE_USAGE(.BOTH.,#6500);
#6500 = SURFACE_SIDE_STYLE('',(#6501));
#6501 = SURFACE_STYLE_FILL_AREA(#6502);
#6502 = FILL_AREA_STYLE('',(#6503));
#6503 = FILL_AREA_STYLE_COLOUR('',#4838);
#6504 = CURVE_STYLE('',#6505,POSITIVE_LENGTH_MEASURE(0.1),#4838);
#6505 = DRAUGHTING_PRE_DEFINED_CURVE_FONT('continuous');
#6506 = STYLED_ITEM('color',(#6507),#2262);
#6507 = PRESENTATION_STYLE_ASSIGNMENT((#6508,#6513));
#6508 = SURFACE_STYLE_USAGE(.BOTH.,#6509);
#6509 = SURFACE_SIDE_STYLE('',(#6510));
#6510 = SURFACE_STYLE_FILL_AREA(#6511);
#6511 = FILL_AREA_STYLE('',(#6512));
#6512 = FILL_AREA_STYLE_COLOUR('',#4838);
#6513 = CURVE_STYLE('',#6514,POSITIVE_LENGTH_MEASURE(0.1),#4838);
#6514 = DRAUGHTING_PRE_DEFINED_CURVE_FONT('continuous');
#6515 = STYLED_ITEM('color',(#6516),#2274);
#6516 = PRESENTATION_STYLE_ASSIGNMENT((#6517,#6522));
#6517 = SURFACE_STYLE_USAGE(.BOTH.,#6518);
#6518 = SURFACE_SIDE_STYLE('',(#6519));
#6519 = SURFACE_STYLE_FILL_AREA(#6520);
#6520 = FILL_AREA_STYLE('',(#6521));
#6521 = FILL_AREA_STYLE_COLOUR('',#4838);
#6522 = CURVE_STYLE('',#6523,POSITIVE_LENGTH_MEASURE(0.1),#4838);
#6523 = DRAUGHTING_PRE_DEFINED_CURVE_FONT('continuous');
#6524 = STYLED_ITEM('color',(#6525),#2286);
#6525 = PRESENTATION_STYLE_ASSIGNMENT((#6526,#6531));
#6526 = SURFACE_STYLE_USAGE(.BOTH.,#6527);
#6527 = SURFACE_SIDE_STYLE('',(#6528));
#6528 = SURFACE_STYLE_FILL_AREA(#6529);
#6529 = FILL_AREA_STYLE('',(#6530));
#6530 = FILL_AREA_STYLE_COLOUR('',#4838);
#6531 = CURVE_STYLE('',#6532,POSITIVE_LENGTH_MEASURE(0.1),#4838);
#6532 = DRAUGHTING_PRE_DEFINED_CURVE_FONT('continuous');
#6533 = STYLED_ITEM('color',(#6534),#2298);
#6534 = PRESENTATION_STYLE_ASSIGNMENT((#6535,#6540));
#6535 = SURFACE_STYLE_USAGE(.BOTH.,#6536);
#6536 = SURFACE_SIDE_STYLE('',(#6537));
#6537 = SURFACE_STYLE_FILL_AREA(#6538);
#6538 = FILL_AREA_STYLE('',(#6539));
#6539 = FILL_AREA_STYLE_COLOUR('',#4838);
#6540 = CURVE_STYLE('',#6541,POSITIVE_LENGTH_MEASURE(0.1),#4838);
#6541 = DRAUGHTING_PRE_DEFINED_CURVE_FONT('continuous');
#6542 = STYLED_ITEM('color',(#6543),#2310);
#6543 = PRESENTATION_STYLE_ASSIGNMENT((#6544,#6549));
#6544 = SURFACE_STYLE_USAGE(.BOTH.,#6545);
#6545 = SURFACE_SIDE_STYLE('',(#6546));
#6546 = SURFACE_STYLE_FILL_AREA(#6547);
#6547 = FILL_AREA_STYLE('',(#6548));
#6548 = FILL_AREA_STYLE_COLOUR('',#4838);
#6549 = CURVE_STYLE('',#6550,POSITIVE_LENGTH_MEASURE(0.1),#4838);
#6550 = DRAUGHTING_PRE_DEFINED_CURVE_FONT('continuous');
#6551 = STYLED_ITEM('color',(#6552),#2322);
#6552 = PRESENTATION_STYLE_ASSIGNMENT((#6553,#6558));
#6553 = SURFACE_STYLE_USAGE(.BOTH.,#6554);
#6554 = SURFACE_SIDE_STYLE('',(#6555));
#6555 = SURFACE_STYLE_FILL_AREA(#6556);
#6556 = FILL_AREA_STYLE('',(#6557));
#6557 = FILL_AREA_STYLE_COLOUR('',#4838);
#6558 = CURVE_STYLE('',#6559,POSITIVE_LENGTH_MEASURE(0.1),#4838);
#6559 = DRAUGHTING_PRE_DEFINED_CURVE_FONT('continuous');
#6560 = STYLED_ITEM('color',(#6561),#2334);
#6561 = PRESENTATION_STYLE_ASSIGNMENT((#6562,#6567));
#6562 = SURFACE_STYLE_USAGE(.BOTH.,#6563);
#6563 = SURFACE_SIDE_STYLE('',(#6564));
#6564 = SURFACE_STYLE_FILL_AREA(#6565);
#6565 = FILL_AREA_STYLE('',(#6566));
#6566 = FILL_AREA_STYLE_COLOUR('',#4838);
#6567 = CURVE_STYLE('',#6568,POSITIVE_LENGTH_MEASURE(0.1),#4838);
#6568 = DRAUGHTING_PRE_DEFINED_CURVE_FONT('continuous');
#6569 = STYLED_ITEM('color',(#6570),#2346);
#6570 = PRESENTATION_STYLE_ASSIGNMENT((#6571,#6576));
#6571 = SURFACE_STYLE_USAGE(.BOTH.,#6572);
#6572 = SURFACE_SIDE_STYLE('',(#6573));
#6573 = SURFACE_STYLE_FILL_AREA(#6574);
#6574 = FILL_AREA_STYLE('',(#6575));
#6575 = FILL_AREA_STYLE_COLOUR('',#4838);
#6576 = CURVE_STYLE('',#6577,POSITIVE_LENGTH_MEASURE(0.1),#4838);
#6577 = DRAUGHTING_PRE_DEFINED_CURVE_FONT('continuous');
#6578 = STYLED_ITEM('color',(#6579),#2358);
#6579 = PRESENTATION_STYLE_ASSIGNMENT((#6580,#6585));
#6580 = SURFACE_STYLE_USAGE(.BOTH.,#6581);
#6581 = SURFACE_SIDE_STYLE('',(#6582));
#6582 = SURFACE_STYLE_FILL_AREA(#6583);
#6583 = FILL_AREA_STYLE('',(#6584));
#6584 = FILL_AREA_STYLE_COLOUR('',#4838);
#6585 = CURVE_STYLE('',#6586,POSITIVE_LENGTH_MEASURE(0.1),#4838);
#6586 = DRAUGHTING_PRE_DEFINED_CURVE_FONT('continuous');
#6587 = STYLED_ITEM('color',(#6588),#2370);
#6588 = PRESENTATION_STYLE_ASSIGNMENT((#6589,#6594));
#6589 = SURFACE_STYLE_USAGE(.BOTH.,#6590);
#6590 = SURFACE_SIDE_STYLE('',(#6591));
#6591 = SURFACE_STYLE_FILL_AREA(#6592);
#6592 = FILL_AREA_STYLE('',(#6593));
#6593 = FILL_AREA_STYLE_COLOUR('',#4838);
#6594 = CURVE_STYLE('',#6595,POSITIVE_LENGTH_MEASURE(0.1),#4838);
#6595 = DRAUGHTING_PRE_DEFINED_CURVE_FONT('continuous');
#6596 = STYLED_ITEM('color',(#6597),#2382);
#6597 = PRESENTATION_STYLE_ASSIGNMENT((#6598,#6603));
#6598 = SURFACE_STYLE_USAGE(.BOTH.,#6599);
#6599 = SURFACE_SIDE_STYLE('',(#6600));
#6600 = SURFACE_STYLE_FILL_AREA(#6601);
#6601 = FILL_AREA_STYLE('',(#6602));
#6602 = FILL_AREA_STYLE_COLOUR('',#4838);
#6603 = CURVE_STYLE('',#6604,POSITIVE_LENGTH_MEASURE(0.1),#4838);
#6604 = DRAUGHTING_PRE_DEFINED_CURVE_FONT('continuous');
#6605 = STYLED_ITEM('color',(#6606),#2394);
#6606 = PRESENTATION_STYLE_ASSIGNMENT((#6607,#6612));
#6607 = SURFACE_STYLE_USAGE(.BOTH.,#6608);
#6608 = SURFACE_SIDE_STYLE('',(#6609));
#6609 = SURFACE_STYLE_FILL_AREA(#6610);
#6610 = FILL_AREA_STYLE('',(#6611));
#6611 = FILL_AREA_STYLE_COLOUR('',#4838);
#6612 = CURVE_STYLE('',#6613,POSITIVE_LENGTH_MEASURE(0.1),#4838);
#6613 = DRAUGHTING_PRE_DEFINED_CURVE_FONT('continuous');
#6614 = STYLED_ITEM('color',(#6615),#2406);
#6615 = PRESENTATION_STYLE_ASSIGNMENT((#6616,#6621));
#6616 = SURFACE_STYLE_USAGE(.BOTH.,#6617);
#6617 = SURFACE_SIDE_STYLE('',(#6618));
#6618 = SURFACE_STYLE_FILL_AREA(#6619);
#6619 = FILL_AREA_STYLE('',(#6620));
#6620 = FILL_AREA_STYLE_COLOUR('',#4838);
#6621 = CURVE_STYLE('',#6622,POSITIVE_LENGTH_MEASURE(0.1),#4838);
#6622 = DRAUGHTING_PRE_DEFINED_CURVE_FONT('continuous');
#6623 = STYLED_ITEM('color',(#6624),#2418);
#6624 = PRESENTATION_STYLE_ASSIGNMENT((#6625,#6630));
#6625 = SURFACE_STYLE_USAGE(.BOTH.,#6626);
#6626 = SURFACE_SIDE_STYLE('',(#6627));
#6627 = SURFACE_STYLE_FILL_AREA(#6628);
#6628 = FILL_AREA_STYLE('',(#6629));
#6629 = FILL_AREA_STYLE_COLOUR('',#4838);
#6630 = CURVE_STYLE('',#6631,POSITIVE_LENGTH_MEASURE(0.1),#4838);
#6631 = DRAUGHTING_PRE_DEFINED_CURVE_FONT('continuous');
#6632 = STYLED_ITEM('color',(#6633),#2430);
#6633 = PRESENTATION_STYLE_ASSIGNMENT((#6634,#6639));
#6634 = SURFACE_STYLE_USAGE(.BOTH.,#6635);
#6635 = SURFACE_SIDE_STYLE('',(#6636));
#6636 = SURFACE_STYLE_FILL_AREA(#6637);
#6637 = FILL_AREA_STYLE('',(#6638));
#6638 = FILL_AREA_STYLE_COLOUR('',#4838);
#6639 = CURVE_STYLE('',#6640,POSITIVE_LENGTH_MEASURE(0.1),#4838);
#6640 = DRAUGHTING_PRE_DEFINED_CURVE_FONT('continuous');
#6641 = STYLED_ITEM('color',(#6642),#2442);
#6642 = PRESENTATION_STYLE_ASSIGNMENT((#6643,#6648));
#6643 = SURFACE_STYLE_USAGE(.BOTH.,#6644);
#6644 = SURFACE_SIDE_STYLE('',(#6645));
#6645 = SURFACE_STYLE_FILL_AREA(#6646);
#6646 = FILL_AREA_STYLE('',(#6647));
#6647 = FILL_AREA_STYLE_COLOUR('',#4838);
#6648 = CURVE_STYLE('',#6649,POSITIVE_LENGTH_MEASURE(0.1),#4838);
#6649 = DRAUGHTING_PRE_DEFINED_CURVE_FONT('continuous');
#6650 = STYLED_ITEM('color',(#6651),#2454);
#6651 = PRESENTATION_STYLE_ASSIGNMENT((#6652,#6657));
#6652 = SURFACE_STYLE_USAGE(.BOTH.,#6653);
#6653 = SURFACE_SIDE_STYLE('',(#6654));
#6654 = SURFACE_STYLE_FILL_AREA(#6655);
#6655 = FILL_AREA_STYLE('',(#6656));
#6656 = FILL_AREA_STYLE_COLOUR('',#4838);
#6657 = CURVE_STYLE('',#6658,POSITIVE_LENGTH_MEASURE(0.1),#4838);
#6658 = DRAUGHTING_PRE_DEFINED_CURVE_FONT('continuous');
#6659 = STYLED_ITEM('color',(#6660),#2466);
#6660 = PRESENTATION_STYLE_ASSIGNMENT((#6661,#6666));
#6661 = SURFACE_STYLE_USAGE(.BOTH.,#6662);
#6662 = SURFACE_SIDE_STYLE('',(#6663));
#6663 = SURFACE_STYLE_FILL_AREA(#6664);
#6664 = FILL_AREA_STYLE('',(#6665));
#6665 = FILL_AREA_STYLE_COLOUR('',#4838);
#6666 = CURVE_STYLE('',#6667,POSITIVE_LENGTH_MEASURE(0.1),#4838);
#6667 = DRAUGHTING_PRE_DEFINED_CURVE_FONT('continuous');
#6668 = STYLED_ITEM('color',(#6669),#2478);
#6669 = PRESENTATION_STYLE_ASSIGNMENT((#6670,#6675));
#6670 = SURFACE_STYLE_USAGE(.BOTH.,#6671);
#6671 = SURFACE_SIDE_STYLE('',(#6672));
#6672 = SURFACE_STYLE_FILL_AREA(#6673);
#6673 = FILL_AREA_STYLE('',(#6674));
#6674 = FILL_AREA_STYLE_COLOUR('',#4838);
#6675 = CURVE_STYLE('',#6676,POSITIVE_LENGTH_MEASURE(0.1),#4838);
#6676 = DRAUGHTING_PRE_DEFINED_CURVE_FONT('continuous');
#6677 = STYLED_ITEM('color',(#6678),#2490);
#6678 = PRESENTATION_STYLE_ASSIGNMENT((#6679,#6684));
#6679 = SURFACE_STYLE_USAGE(.BOTH.,#6680);
#6680 = SURFACE_SIDE_STYLE('',(#6681));
#6681 = SURFACE_STYLE_FILL_AREA(#6682);
#6682 = FILL_AREA_STYLE('',(#6683));
#6683 = FILL_AREA_STYLE_COLOUR('',#4838);
#6684 = CURVE_STYLE('',#6685,POSITIVE_LENGTH_MEASURE(0.1),#4838);
#6685 = DRAUGHTING_PRE_DEFINED_CURVE_FONT('continuous');
#6686 = STYLED_ITEM('color',(#6687),#2502);
#6687 = PRESENTATION_STYLE_ASSIGNMENT((#6688,#6693));
#6688 = SURFACE_STYLE_USAGE(.BOTH.,#6689);
#6689 = SURFACE_SIDE_STYLE('',(#6690));
#6690 = SURFACE_STYLE_FILL_AREA(#6691);
#6691 = FILL_AREA_STYLE('',(#6692));
#6692 = FILL_AREA_STYLE_COLOUR('',#4838);
#6693 = CURVE_STYLE('',#6694,POSITIVE_LENGTH_MEASURE(0.1),#4838);
#6694 = DRAUGHTING_PRE_DEFINED_CURVE_FONT('continuous');
#6695 = STYLED_ITEM('color',(#6696),#2514);
#6696 = PRESENTATION_STYLE_ASSIGNMENT((#6697,#6702));
#6697 = SURFACE_STYLE_USAGE(.BOTH.,#6698);
#6698 = SURFACE_SIDE_STYLE('',(#6699));
#6699 = SURFACE_STYLE_FILL_AREA(#6700);
#6700 = FILL_AREA_STYLE('',(#6701));
#6701 = FILL_AREA_STYLE_COLOUR('',#4838);
#6702 = CURVE_STYLE('',#6703,POSITIVE_LENGTH_MEASURE(0.1),#4838);
#6703 = DRAUGHTING_PRE_DEFINED_CURVE_FONT('continuous');
#6704 = STYLED_ITEM('color',(#6705),#2526);
#6705 = PRESENTATION_STYLE_ASSIGNMENT((#6706,#6711));
#6706 = SURFACE_STYLE_USAGE(.BOTH.,#6707);
#6707 = SURFACE_SIDE_STYLE('',(#6708));
#6708 = SURFACE_STYLE_FILL_AREA(#6709);
#6709 = FILL_AREA_STYLE('',(#6710));
#6710 = FILL_AREA_STYLE_COLOUR('',#4838);
#6711 = CURVE_STYLE('',#6712,POSITIVE_LENGTH_MEASURE(0.1),#4838);
#6712 = DRAUGHTING_PRE_DEFINED_CURVE_FONT('continuous');
#6713 = STYLED_ITEM('color',(#6714),#2538);
#6714 = PRESENTATION_STYLE_ASSIGNMENT((#6715,#6720));
#6715 = SURFACE_STYLE_USAGE(.BOTH.,#6716);
#6716 = SURFACE_SIDE_STYLE('',(#6717));
#6717 = SURFACE_STYLE_FILL_AREA(#6718);
#6718 = FILL_AREA_STYLE('',(#6719));
#6719 = FILL_AREA_STYLE_COLOUR('',#4838);
#6720 = CURVE_STYLE('',#6721,POSITIVE_LENGTH_MEASURE(0.1),#4838);
#6721 = DRAUGHTING_PRE_DEFINED_CURVE_FONT('continuous');
#6722 = STYLED_ITEM('color',(#6723),#2550);
#6723 = PRESENTATION_STYLE_ASSIGNMENT((#6724,#6729));
#6724 = SURFACE_STYLE_USAGE(.BOTH.,#6725);
#6725 = SURFACE_SIDE_STYLE('',(#6726));
#6726 = SURFACE_STYLE_FILL_AREA(#6727);
#6727 = FILL_AREA_STYLE('',(#6728));
#6728 = FILL_AREA_STYLE_COLOUR('',#4838);
#6729 = CURVE_STYLE('',#6730,POSITIVE_LENGTH_MEASURE(0.1),#4838);
#6730 = DRAUGHTING_PRE_DEFINED_CURVE_FONT('continuous');
#6731 = STYLED_ITEM('color',(#6732),#2562);
#6732 = PRESENTATION_STYLE_ASSIGNMENT((#6733,#6738));
#6733 = SURFACE_STYLE_USAGE(.BOTH.,#6734);
#6734 = SURFACE_SIDE_STYLE('',(#6735));
#6735 = SURFACE_STYLE_FILL_AREA(#6736);
#6736 = FILL_AREA_STYLE('',(#6737));
#6737 = FILL_AREA_STYLE_COLOUR('',#4838);
#6738 = CURVE_STYLE('',#6739,POSITIVE_LENGTH_MEASURE(0.1),#4838);
#6739 = DRAUGHTING_PRE_DEFINED_CURVE_FONT('continuous');
#6740 = STYLED_ITEM('color',(#6741),#2574);
#6741 = PRESENTATION_STYLE_ASSIGNMENT((#6742,#6747));
#6742 = SURFACE_STYLE_USAGE(.BOTH.,#6743);
#6743 = SURFACE_SIDE_STYLE('',(#6744));
#6744 = SURFACE_STYLE_FILL_AREA(#6745);
#6745 = FILL_AREA_STYLE('',(#6746));
#6746 = FILL_AREA_STYLE_COLOUR('',#4838);
#6747 = CURVE_STYLE('',#6748,POSITIVE_LENGTH_MEASURE(0.1),#4838);
#6748 = DRAUGHTING_PRE_DEFINED_CURVE_FONT('continuous');
#6749 = STYLED_ITEM('color',(#6750),#2586);
#6750 = PRESENTATION_STYLE_ASSIGNMENT((#6751,#6756));
#6751 = SURFACE_STYLE_USAGE(.BOTH.,#6752);
#6752 = SURFACE_SIDE_STYLE('',(#6753));
#6753 = SURFACE_STYLE_FILL_AREA(#6754);
#6754 = FILL_AREA_STYLE('',(#6755));
#6755 = FILL_AREA_STYLE_COLOUR('',#4838);
#6756 = CURVE_STYLE('',#6757,POSITIVE_LENGTH_MEASURE(0.1),#4838);
#6757 = DRAUGHTING_PRE_DEFINED_CURVE_FONT('continuous');
#6758 = STYLED_ITEM('color',(#6759),#2598);
#6759 = PRESENTATION_STYLE_ASSIGNMENT((#6760,#6765));
#6760 = SURFACE_STYLE_USAGE(.BOTH.,#6761);
#6761 = SURFACE_SIDE_STYLE('',(#6762));
#6762 = SURFACE_STYLE_FILL_AREA(#6763);
#6763 = FILL_AREA_STYLE('',(#6764));
#6764 = FILL_AREA_STYLE_COLOUR('',#4838);
#6765 = CURVE_STYLE('',#6766,POSITIVE_LENGTH_MEASURE(0.1),#4838);
#6766 = DRAUGHTING_PRE_DEFINED_CURVE_FONT('continuous');
#6767 = STYLED_ITEM('color',(#6768),#2610);
#6768 = PRESENTATION_STYLE_ASSIGNMENT((#6769,#6774));
#6769 = SURFACE_STYLE_USAGE(.BOTH.,#6770);
#6770 = SURFACE_SIDE_STYLE('',(#6771));
#6771 = SURFACE_STYLE_FILL_AREA(#6772);
#6772 = FILL_AREA_STYLE('',(#6773));
#6773 = FILL_AREA_STYLE_COLOUR('',#4838);
#6774 = CURVE_STYLE('',#6775,POSITIVE_LENGTH_MEASURE(0.1),#4838);
#6775 = DRAUGHTING_PRE_DEFINED_CURVE_FONT('continuous');
#6776 = STYLED_ITEM('color',(#6777),#2622);
#6777 = PRESENTATION_STYLE_ASSIGNMENT((#6778,#6783));
#6778 = SURFACE_STYLE_USAGE(.BOTH.,#6779);
#6779 = SURFACE_SIDE_STYLE('',(#6780));
#6780 = SURFACE_STYLE_FILL_AREA(#6781);
#6781 = FILL_AREA_STYLE('',(#6782));
#6782 = FILL_AREA_STYLE_COLOUR('',#4838);
#6783 = CURVE_STYLE('',#6784,POSITIVE_LENGTH_MEASURE(0.1),#4838);
#6784 = DRAUGHTING_PRE_DEFINED_CURVE_FONT('continuous');
#6785 = STYLED_ITEM('color',(#6786),#2634);
#6786 = PRESENTATION_STYLE_ASSIGNMENT((#6787,#6792));
#6787 = SURFACE_STYLE_USAGE(.BOTH.,#6788);
#6788 = SURFACE_SIDE_STYLE('',(#6789));
#6789 = SURFACE_STYLE_FILL_AREA(#6790);
#6790 = FILL_AREA_STYLE('',(#6791));
#6791 = FILL_AREA_STYLE_COLOUR('',#4838);
#6792 = CURVE_STYLE('',#6793,POSITIVE_LENGTH_MEASURE(0.1),#4838);
#6793 = DRAUGHTING_PRE_DEFINED_CURVE_FONT('continuous');
#6794 = STYLED_ITEM('color',(#6795),#2646);
#6795 = PRESENTATION_STYLE_ASSIGNMENT((#6796,#6801));
#6796 = SURFACE_STYLE_USAGE(.BOTH.,#6797);
#6797 = SURFACE_SIDE_STYLE('',(#6798));
#6798 = SURFACE_STYLE_FILL_AREA(#6799);
#6799 = FILL_AREA_STYLE('',(#6800));
#6800 = FILL_AREA_STYLE_COLOUR('',#4838);
#6801 = CURVE_STYLE('',#6802,POSITIVE_LENGTH_MEASURE(0.1),#4838);
#6802 = DRAUGHTING_PRE_DEFINED_CURVE_FONT('continuous');
#6803 = STYLED_ITEM('color',(#6804),#2658);
#6804 = PRESENTATION_STYLE_ASSIGNMENT((#6805,#6810));
#6805 = SURFACE_STYLE_USAGE(.BOTH.,#6806);
#6806 = SURFACE_SIDE_STYLE('',(#6807));
#6807 = SURFACE_STYLE_FILL_AREA(#6808);
#6808 = FILL_AREA_STYLE('',(#6809));
#6809 = FILL_AREA_STYLE_COLOUR('',#4838);
#6810 = CURVE_STYLE('',#6811,POSITIVE_LENGTH_MEASURE(0.1),#4838);
#6811 = DRAUGHTING_PRE_DEFINED_CURVE_FONT('continuous');
#6812 = STYLED_ITEM('color',(#6813),#2670);
#6813 = PRESENTATION_STYLE_ASSIGNMENT((#6814,#6819));
#6814 = SURFACE_STYLE_USAGE(.BOTH.,#6815);
#6815 = SURFACE_SIDE_STYLE('',(#6816));
#6816 = SURFACE_STYLE_FILL_AREA(#6817);
#6817 = FILL_AREA_STYLE('',(#6818));
#6818 = FILL_AREA_STYLE_COLOUR('',#4838);
#6819 = CURVE_STYLE('',#6820,POSITIVE_LENGTH_MEASURE(0.1),#4838);
#6820 = DRAUGHTING_PRE_DEFINED_CURVE_FONT('continuous');
#6821 = STYLED_ITEM('color',(#6822),#2682);
#6822 = PRESENTATION_STYLE_ASSIGNMENT((#6823,#6828));
#6823 = SURFACE_STYLE_USAGE(.BOTH.,#6824);
#6824 = SURFACE_SIDE_STYLE('',(#6825));
#6825 = SURFACE_STYLE_FILL_AREA(#6826);
#6826 = FILL_AREA_STYLE('',(#6827));
#6827 = FILL_AREA_STYLE_COLOUR('',#4838);
#6828 = CURVE_STYLE('',#6829,POSITIVE_LENGTH_MEASURE(0.1),#4838);
#6829 = DRAUGHTING_PRE_DEFINED_CURVE_FONT('continuous');
#6830 = STYLED_ITEM('color',(#6831),#2694);
#6831 = PRESENTATION_STYLE_ASSIGNMENT((#6832,#6837));
#6832 = SURFACE_STYLE_USAGE(.BOTH.,#6833);
#6833 = SURFACE_SIDE_STYLE('',(#6834));
#6834 = SURFACE_STYLE_FILL_AREA(#6835);
#6835 = FILL_AREA_STYLE('',(#6836));
#6836 = FILL_AREA_STYLE_COLOUR('',#4838);
#6837 = CURVE_STYLE('',#6838,POSITIVE_LENGTH_MEASURE(0.1),#4838);
#6838 = DRAUGHTING_PRE_DEFINED_CURVE_FONT('continuous');
#6839 = STYLED_ITEM('color',(#6840),#2706);
#6840 = PRESENTATION_STYLE_ASSIGNMENT((#6841,#6846));
#6841 = SURFACE_STYLE_USAGE(.BOTH.,#6842);
#6842 = SURFACE_SIDE_STYLE('',(#6843));
#6843 = SURFACE_STYLE_FILL_AREA(#6844);
#6844 = FILL_AREA_STYLE('',(#6845));
#6845 = FILL_AREA_STYLE_COLOUR('',#4838);
#6846 = CURVE_STYLE('',#6847,POSITIVE_LENGTH_MEASURE(0.1),#4838);
#6847 = DRAUGHTING_PRE_DEFINED_CURVE_FONT('continuous');
#6848 = STYLED_ITEM('color',(#6849),#2718);
#6849 = PRESENTATION_STYLE_ASSIGNMENT((#6850,#6855));
#6850 = SURFACE_STYLE_USAGE(.BOTH.,#6851);
#6851 = SURFACE_SIDE_STYLE('',(#6852));
#6852 = SURFACE_STYLE_FILL_AREA(#6853);
#6853 = FILL_AREA_STYLE('',(#6854));
#6854 = FILL_AREA_STYLE_COLOUR('',#4838);
#6855 = CURVE_STYLE('',#6856,POSITIVE_LENGTH_MEASURE(0.1),#4838);
#6856 = DRAUGHTING_PRE_DEFINED_CURVE_FONT('continuous');
#6857 = STYLED_ITEM('color',(#6858),#2730);
#6858 = PRESENTATION_STYLE_ASSIGNMENT((#6859,#6864));
#6859 = SURFACE_STYLE_USAGE(.BOTH.,#6860);
#6860 = SURFACE_SIDE_STYLE('',(#6861));
#6861 = SURFACE_STYLE_FILL_AREA(#6862);
#6862 = FILL_AREA_STYLE('',(#6863));
#6863 = FILL_AREA_STYLE_COLOUR('',#4838);
#6864 = CURVE_STYLE('',#6865,POSITIVE_LENGTH_MEASURE(0.1),#4838);
#6865 = DRAUGHTING_PRE_DEFINED_CURVE_FONT('continuous');
#6866 = STYLED_ITEM('color',(#6867),#2742);
#6867 = PRESENTATION_STYLE_ASSIGNMENT((#6868,#6873));
#6868 = SURFACE_STYLE_USAGE(.BOTH.,#6869);
#6869 = SURFACE_SIDE_STYLE('',(#6870));
#6870 = SURFACE_STYLE_FILL_AREA(#6871);
#6871 = FILL_AREA_STYLE('',(#6872));
#6872 = FILL_AREA_STYLE_COLOUR('',#4838);
#6873 = CURVE_STYLE('',#6874,POSITIVE_LENGTH_MEASURE(0.1),#4838);
#6874 = DRAUGHTING_PRE_DEFINED_CURVE_FONT('continuous');
#6875 = STYLED_ITEM('color',(#6876),#2754);
#6876 = PRESENTATION_STYLE_ASSIGNMENT((#6877,#6882));
#6877 = SURFACE_STYLE_USAGE(.BOTH.,#6878);
#6878 = SURFACE_SIDE_STYLE('',(#6879));
#6879 = SURFACE_STYLE_FILL_AREA(#6880);
#6880 = FILL_AREA_STYLE('',(#6881));
#6881 = FILL_AREA_STYLE_COLOUR('',#4838);
#6882 = CURVE_STYLE('',#6883,POSITIVE_LENGTH_MEASURE(0.1),#4838);
#6883 = DRAUGHTING_PRE_DEFINED_CURVE_FONT('continuous');
#6884 = STYLED_ITEM('color',(#6885),#2766);
#6885 = PRESENTATION_STYLE_ASSIGNMENT((#6886,#6891));
#6886 = SURFACE_STYLE_USAGE(.BOTH.,#6887);
#6887 = SURFACE_SIDE_STYLE('',(#6888));
#6888 = SURFACE_STYLE_FILL_AREA(#6889);
#6889 = FILL_AREA_STYLE('',(#6890));
#6890 = FILL_AREA_STYLE_COLOUR('',#4838);
#6891 = CURVE_STYLE('',#6892,POSITIVE_LENGTH_MEASURE(0.1),#4838);
#6892 = DRAUGHTING_PRE_DEFINED_CURVE_FONT('continuous');
#6893 = STYLED_ITEM('color',(#6894),#2778);
#6894 = PRESENTATION_STYLE_ASSIGNMENT((#6895,#6900));
#6895 = SURFACE_STYLE_USAGE(.BOTH.,#6896);
#6896 = SURFACE_SIDE_STYLE('',(#6897));
#6897 = SURFACE_STYLE_FILL_AREA(#6898);
#6898 = FILL_AREA_STYLE('',(#6899));
#6899 = FILL_AREA_STYLE_COLOUR('',#4838);
#6900 = CURVE_STYLE('',#6901,POSITIVE_LENGTH_MEASURE(0.1),#4838);
#6901 = DRAUGHTING_PRE_DEFINED_CURVE_FONT('continuous');
#6902 = STYLED_ITEM('color',(#6903),#2790);
#6903 = PRESENTATION_STYLE_ASSIGNMENT((#6904,#6909));
#6904 = SURFACE_STYLE_USAGE(.BOTH.,#6905);
#6905 = SURFACE_SIDE_STYLE('',(#6906));
#6906 = SURFACE_STYLE_FILL_AREA(#6907);
#6907 = FILL_AREA_STYLE('',(#6908));
#6908 = FILL_AREA_STYLE_COLOUR('',#4838);
#6909 = CURVE_STYLE('',#6910,POSITIVE_LENGTH_MEASURE(0.1),#4838);
#6910 = DRAUGHTING_PRE_DEFINED_CURVE_FONT('continuous');
#6911 = STYLED_ITEM('color',(#6912),#2802);
#6912 = PRESENTATION_STYLE_ASSIGNMENT((#6913,#6918));
#6913 = SURFACE_STYLE_USAGE(.BOTH.,#6914);
#6914 = SURFACE_SIDE_STYLE('',(#6915));
#6915 = SURFACE_STYLE_FILL_AREA(#6916);
#6916 = FILL_AREA_STYLE('',(#6917));
#6917 = FILL_AREA_STYLE_COLOUR('',#4838);
#6918 = CURVE_STYLE('',#6919,POSITIVE_LENGTH_MEASURE(0.1),#4838);
#6919 = DRAUGHTING_PRE_DEFINED_CURVE_FONT('continuous');
#6920 = STYLED_ITEM('color',(#6921),#2814);
#6921 = PRESENTATION_STYLE_ASSIGNMENT((#6922,#6927));
#6922 = SURFACE_STYLE_USAGE(.BOTH.,#6923);
#6923 = SURFACE_SIDE_STYLE('',(#6924));
#6924 = SURFACE_STYLE_FILL_AREA(#6925);
#6925 = FILL_AREA_STYLE('',(#6926));
#6926 = FILL_AREA_STYLE_COLOUR('',#4838);
#6927 = CURVE_STYLE('',#6928,POSITIVE_LENGTH_MEASURE(0.1),#4838);
#6928 = DRAUGHTING_PRE_DEFINED_CURVE_FONT('continuous');
#6929 = STYLED_ITEM('color',(#6930),#2826);
#6930 = PRESENTATION_STYLE_ASSIGNMENT((#6931,#6936));
#6931 = SURFACE_STYLE_USAGE(.BOTH.,#6932);
#6932 = SURFACE_SIDE_STYLE('',(#6933));
#6933 = SURFACE_STYLE_FILL_AREA(#6934);
#6934 = FILL_AREA_STYLE('',(#6935));
#6935 = FILL_AREA_STYLE_COLOUR('',#4838);
#6936 = CURVE_STYLE('',#6937,POSITIVE_LENGTH_MEASURE(0.1),#4838);
#6937 = DRAUGHTING_PRE_DEFINED_CURVE_FONT('continuous');
#6938 = STYLED_ITEM('color',(#6939),#2838);
#6939 = PRESENTATION_STYLE_ASSIGNMENT((#6940,#6945));
#6940 = SURFACE_STYLE_USAGE(.BOTH.,#6941);
#6941 = SURFACE_SIDE_STYLE('',(#6942));
#6942 = SURFACE_STYLE_FILL_AREA(#6943);
#6943 = FILL_AREA_STYLE('',(#6944));
#6944 = FILL_AREA_STYLE_COLOUR('',#4838);
#6945 = CURVE_STYLE('',#6946,POSITIVE_LENGTH_MEASURE(0.1),#4838);
#6946 = DRAUGHTING_PRE_DEFINED_CURVE_FONT('continuous');
#6947 = STYLED_ITEM('color',(#6948),#2850);
#6948 = PRESENTATION_STYLE_ASSIGNMENT((#6949,#6954));
#6949 = SURFACE_STYLE_USAGE(.BOTH.,#6950);
#6950 = SURFACE_SIDE_STYLE('',(#6951));
#6951 = SURFACE_STYLE_FILL_AREA(#6952);
#6952 = FILL_AREA_STYLE('',(#6953));
#6953 = FILL_AREA_STYLE_COLOUR('',#4838);
#6954 = CURVE_STYLE('',#6955,POSITIVE_LENGTH_MEASURE(0.1),#4838);
#6955 = DRAUGHTING_PRE_DEFINED_CURVE_FONT('continuous');
#6956 = STYLED_ITEM('color',(#6957),#2862);
#6957 = PRESENTATION_STYLE_ASSIGNMENT((#6958,#6963));
#6958 = SURFACE_STYLE_USAGE(.BOTH.,#6959);
#6959 = SURFACE_SIDE_STYLE('',(#6960));
#6960 = SURFACE_STYLE_FILL_AREA(#6961);
#6961 = FILL_AREA_STYLE('',(#6962));
#6962 = FILL_AREA_STYLE_COLOUR('',#4838);
#6963 = CURVE_STYLE('',#6964,POSITIVE_LENGTH_MEASURE(0.1),#4838);
#6964 = DRAUGHTING_PRE_DEFINED_CURVE_FONT('continuous');
#6965 = STYLED_ITEM('color',(#6966),#2874);
#6966 = PRESENTATION_STYLE_ASSIGNMENT((#6967,#6972));
#6967 = SURFACE_STYLE_USAGE(.BOTH.,#6968);
#6968 = SURFACE_SIDE_STYLE('',(#6969));
#6969 = SURFACE_STYLE_FILL_AREA(#6970);
#6970 = FILL_AREA_STYLE('',(#6971));
#6971 = FILL_AREA_STYLE_COLOUR('',#4838);
#6972 = CURVE_STYLE('',#6973,POSITIVE_LENGTH_MEASURE(0.1),#4838);
#6973 = DRAUGHTING_PRE_DEFINED_CURVE_FONT('continuous');
#6974 = STYLED_ITEM('color',(#6975),#2886);
#6975 = PRESENTATION_STYLE_ASSIGNMENT((#6976,#6981));
#6976 = SURFACE_STYLE_USAGE(.BOTH.,#6977);
#6977 = SURFACE_SIDE_STYLE('',(#6978));
#6978 = SURFACE_STYLE_FILL_AREA(#6979);
#6979 = FILL_AREA_STYLE('',(#6980));
#6980 = FILL_AREA_STYLE_COLOUR('',#4838);
#6981 = CURVE_STYLE('',#6982,POSITIVE_LENGTH_MEASURE(0.1),#4838);
#6982 = DRAUGHTING_PRE_DEFINED_CURVE_FONT('continuous');
#6983 = STYLED_ITEM('color',(#6984),#2898);
#6984 = PRESENTATION_STYLE_ASSIGNMENT((#6985,#6990));
#6985 = SURFACE_STYLE_USAGE(.BOTH.,#6986);
#6986 = SURFACE_SIDE_STYLE('',(#6987));
#6987 = SURFACE_STYLE_FILL_AREA(#6988);
#6988 = FILL_AREA_STYLE('',(#6989));
#6989 = FILL_AREA_STYLE_COLOUR('',#4838);
#6990 = CURVE_STYLE('',#6991,POSITIVE_LENGTH_MEASURE(0.1),#4838);
#6991 = DRAUGHTING_PRE_DEFINED_CURVE_FONT('continuous');
#6992 = STYLED_ITEM('color',(#6993),#2910);
#6993 = PRESENTATION_STYLE_ASSIGNMENT((#6994,#6999));
#6994 = SURFACE_STYLE_USAGE(.BOTH.,#6995);
#6995 = SURFACE_SIDE_STYLE('',(#6996));
#6996 = SURFACE_STYLE_FILL_AREA(#6997);
#6997 = FILL_AREA_STYLE('',(#6998));
#6998 = FILL_AREA_STYLE_COLOUR('',#4838);
#6999 = CURVE_STYLE('',#7000,POSITIVE_LENGTH_MEASURE(0.1),#4838);
#7000 = DRAUGHTING_PRE_DEFINED_CURVE_FONT('continuous');
#7001 = STYLED_ITEM('color',(#7002),#2922);
#7002 = PRESENTATION_STYLE_ASSIGNMENT((#7003,#7008));
#7003 = SURFACE_STYLE_USAGE(.BOTH.,#7004);
#7004 = SURFACE_SIDE_STYLE('',(#7005));
#7005 = SURFACE_STYLE_FILL_AREA(#7006);
#7006 = FILL_AREA_STYLE('',(#7007));
#7007 = FILL_AREA_STYLE_COLOUR('',#4838);
#7008 = CURVE_STYLE('',#7009,POSITIVE_LENGTH_MEASURE(0.1),#4838);
#7009 = DRAUGHTING_PRE_DEFINED_CURVE_FONT('continuous');
#7010 = STYLED_ITEM('color',(#7011),#2934);
#7011 = PRESENTATION_STYLE_ASSIGNMENT((#7012,#7017));
#7012 = SURFACE_STYLE_USAGE(.BOTH.,#7013);
#7013 = SURFACE_SIDE_STYLE('',(#7014));
#7014 = SURFACE_STYLE_FILL_AREA(#7015);
#7015 = FILL_AREA_STYLE('',(#7016));
#7016 = FILL_AREA_STYLE_COLOUR('',#4838);
#7017 = CURVE_STYLE('',#7018,POSITIVE_LENGTH_MEASURE(0.1),#4838);
#7018 = DRAUGHTING_PRE_DEFINED_CURVE_FONT('continuous');
#7019 = STYLED_ITEM('color',(#7020),#2946);
#7020 = PRESENTATION_STYLE_ASSIGNMENT((#7021,#7026));
#7021 = SURFACE_STYLE_USAGE(.BOTH.,#7022);
#7022 = SURFACE_SIDE_STYLE('',(#7023));
#7023 = SURFACE_STYLE_FILL_AREA(#7024);
#7024 = FILL_AREA_STYLE('',(#7025));
#7025 = FILL_AREA_STYLE_COLOUR('',#4838);
#7026 = CURVE_STYLE('',#7027,POSITIVE_LENGTH_MEASURE(0.1),#4838);
#7027 = DRAUGHTING_PRE_DEFINED_CURVE_FONT('continuous');
#7028 = STYLED_ITEM('color',(#7029),#2958);
#7029 = PRESENTATION_STYLE_ASSIGNMENT((#7030,#7035));
#7030 = SURFACE_STYLE_USAGE(.BOTH.,#7031);
#7031 = SURFACE_SIDE_STYLE('',(#7032));
#7032 = SURFACE_STYLE_FILL_AREA(#7033);
#7033 = FILL_AREA_STYLE('',(#7034));
#7034 = FILL_AREA_STYLE_COLOUR('',#4838);
#7035 = CURVE_STYLE('',#7036,POSITIVE_LENGTH_MEASURE(0.1),#4838);
#7036 = DRAUGHTING_PRE_DEFINED_CURVE_FONT('continuous');
#7037 = STYLED_ITEM('color',(#7038),#2970);
#7038 = PRESENTATION_STYLE_ASSIGNMENT((#7039,#7044));
#7039 = SURFACE_STYLE_USAGE(.BOTH.,#7040);
#7040 = SURFACE_SIDE_STYLE('',(#7041));
#7041 = SURFACE_STYLE_FILL_AREA(#7042);
#7042 = FILL_AREA_STYLE('',(#7043));
#7043 = FILL_AREA_STYLE_COLOUR('',#4838);
#7044 = CURVE_STYLE('',#7045,POSITIVE_LENGTH_MEASURE(0.1),#4838);
#7045 = DRAUGHTING_PRE_DEFINED_CURVE_FONT('continuous');
#7046 = STYLED_ITEM('color',(#7047),#2982);
#7047 = PRESENTATION_STYLE_ASSIGNMENT((#7048,#7053));
#7048 = SURFACE_STYLE_USAGE(.BOTH.,#7049);
#7049 = SURFACE_SIDE_STYLE('',(#7050));
#7050 = SURFACE_STYLE_FILL_AREA(#7051);
#7051 = FILL_AREA_STYLE('',(#7052));
#7052 = FILL_AREA_STYLE_COLOUR('',#4838);
#7053 = CURVE_STYLE('',#7054,POSITIVE_LENGTH_MEASURE(0.1),#4838);
#7054 = DRAUGHTING_PRE_DEFINED_CURVE_FONT('continuous');
#7055 = STYLED_ITEM('color',(#7056),#2994);
#7056 = PRESENTATION_STYLE_ASSIGNMENT((#7057,#7062));
#7057 = SURFACE_STYLE_USAGE(.BOTH.,#7058);
#7058 = SURFACE_SIDE_STYLE('',(#7059));
#7059 = SURFACE_STYLE_FILL_AREA(#7060);
#7060 = FILL_AREA_STYLE('',(#7061));
#7061 = FILL_AREA_STYLE_COLOUR('',#4838);
#7062 = CURVE_STYLE('',#7063,POSITIVE_LENGTH_MEASURE(0.1),#4838);
#7063 = DRAUGHTING_PRE_DEFINED_CURVE_FONT('continuous');
#7064 = STYLED_ITEM('color',(#7065),#3006);
#7065 = PRESENTATION_STYLE_ASSIGNMENT((#7066,#7071));
#7066 = SURFACE_STYLE_USAGE(.BOTH.,#7067);
#7067 = SURFACE_SIDE_STYLE('',(#7068));
#7068 = SURFACE_STYLE_FILL_AREA(#7069);
#7069 = FILL_AREA_STYLE('',(#7070));
#7070 = FILL_AREA_STYLE_COLOUR('',#4838);
#7071 = CURVE_STYLE('',#7072,POSITIVE_LENGTH_MEASURE(0.1),#4838);
#7072 = DRAUGHTING_PRE_DEFINED_CURVE_FONT('continuous');
#7073 = STYLED_ITEM('color',(#7074),#3018);
#7074 = PRESENTATION_STYLE_ASSIGNMENT((#7075,#7080));
#7075 = SURFACE_STYLE_USAGE(.BOTH.,#7076);
#7076 = SURFACE_SIDE_STYLE('',(#7077));
#7077 = SURFACE_STYLE_FILL_AREA(#7078);
#7078 = FILL_AREA_STYLE('',(#7079));
#7079 = FILL_AREA_STYLE_COLOUR('',#4838);
#7080 = CURVE_STYLE('',#7081,POSITIVE_LENGTH_MEASURE(0.1),#4838);
#7081 = DRAUGHTING_PRE_DEFINED_CURVE_FONT('continuous');
#7082 = STYLED_ITEM('color',(#7083),#3030);
#7083 = PRESENTATION_STYLE_ASSIGNMENT((#7084,#7089));
#7084 = SURFACE_STYLE_USAGE(.BOTH.,#7085);
#7085 = SURFACE_SIDE_STYLE('',(#7086));
#7086 = SURFACE_STYLE_FILL_AREA(#7087);
#7087 = FILL_AREA_STYLE('',(#7088));
#7088 = FILL_AREA_STYLE_COLOUR('',#4838);
#7089 = CURVE_STYLE('',#7090,POSITIVE_LENGTH_MEASURE(0.1),#4838);
#7090 = DRAUGHTING_PRE_DEFINED_CURVE_FONT('continuous');
#7091 = STYLED_ITEM('color',(#7092),#3042);
#7092 = PRESENTATION_STYLE_ASSIGNMENT((#7093,#7098));
#7093 = SURFACE_STYLE_USAGE(.BOTH.,#7094);
#7094 = SURFACE_SIDE_STYLE('',(#7095));
#7095 = SURFACE_STYLE_FILL_AREA(#7096);
#7096 = FILL_AREA_STYLE('',(#7097));
#7097 = FILL_AREA_STYLE_COLOUR('',#4838);
#7098 = CURVE_STYLE('',#7099,POSITIVE_LENGTH_MEASURE(0.1),#4838);
#7099 = DRAUGHTING_PRE_DEFINED_CURVE_FONT('continuous');
#7100 = STYLED_ITEM('color',(#7101),#3054);
#7101 = PRESENTATION_STYLE_ASSIGNMENT((#7102,#7107));
#7102 = SURFACE_STYLE_USAGE(.BOTH.,#7103);
#7103 = SURFACE_SIDE_STYLE('',(#7104));
#7104 = SURFACE_STYLE_FILL_AREA(#7105);
#7105 = FILL_AREA_STYLE('',(#7106));
#7106 = FILL_AREA_STYLE_COLOUR('',#4838);
#7107 = CURVE_STYLE('',#7108,POSITIVE_LENGTH_MEASURE(0.1),#4838);
#7108 = DRAUGHTING_PRE_DEFINED_CURVE_FONT('continuous');
#7109 = STYLED_ITEM('color',(#7110),#3066);
#7110 = PRESENTATION_STYLE_ASSIGNMENT((#7111,#7116));
#7111 = SURFACE_STYLE_USAGE(.BOTH.,#7112);
#7112 = SURFACE_SIDE_STYLE('',(#7113));
#7113 = SURFACE_STYLE_FILL_AREA(#7114);
#7114 = FILL_AREA_STYLE('',(#7115));
#7115 = FILL_AREA_STYLE_COLOUR('',#4838);
#7116 = CURVE_STYLE('',#7117,POSITIVE_LENGTH_MEASURE(0.1),#4838);
#7117 = DRAUGHTING_PRE_DEFINED_CURVE_FONT('continuous');
#7118 = STYLED_ITEM('color',(#7119),#3078);
#7119 = PRESENTATION_STYLE_ASSIGNMENT((#7120,#7125));
#7120 = SURFACE_STYLE_USAGE(.BOTH.,#7121);
#7121 = SURFACE_SIDE_STYLE('',(#7122));
#7122 = SURFACE_STYLE_FILL_AREA(#7123);
#7123 = FILL_AREA_STYLE('',(#7124));
#7124 = FILL_AREA_STYLE_COLOUR('',#4838);
#7125 = CURVE_STYLE('',#7126,POSITIVE_LENGTH_MEASURE(0.1),#4838);
#7126 = DRAUGHTING_PRE_DEFINED_CURVE_FONT('continuous');
#7127 = STYLED_ITEM('color',(#7128),#3090);
#7128 = PRESENTATION_STYLE_ASSIGNMENT((#7129,#7134));
#7129 = SURFACE_STYLE_USAGE(.BOTH.,#7130);
#7130 = SURFACE_SIDE_STYLE('',(#7131));
#7131 = SURFACE_STYLE_FILL_AREA(#7132);
#7132 = FILL_AREA_STYLE('',(#7133));
#7133 = FILL_AREA_STYLE_COLOUR('',#4838);
#7134 = CURVE_STYLE('',#7135,POSITIVE_LENGTH_MEASURE(0.1),#4838);
#7135 = DRAUGHTING_PRE_DEFINED_CURVE_FONT('continuous');
#7136 = STYLED_ITEM('color',(#7137),#3102);
#7137 = PRESENTATION_STYLE_ASSIGNMENT((#7138,#7143));
#7138 = SURFACE_STYLE_USAGE(.BOTH.,#7139);
#7139 = SURFACE_SIDE_STYLE('',(#7140));
#7140 = SURFACE_STYLE_FILL_AREA(#7141);
#7141 = FILL_AREA_STYLE('',(#7142));
#7142 = FILL_AREA_STYLE_COLOUR('',#4838);
#7143 = CURVE_STYLE('',#7144,POSITIVE_LENGTH_MEASURE(0.1),#4838);
#7144 = DRAUGHTING_PRE_DEFINED_CURVE_FONT('continuous');
#7145 = STYLED_ITEM('color',(#7146),#3114);
#7146 = PRESENTATION_STYLE_ASSIGNMENT((#7147,#7152));
#7147 = SURFACE_STYLE_USAGE(.BOTH.,#7148);
#7148 = SURFACE_SIDE_STYLE('',(#7149));
#7149 = SURFACE_STYLE_FILL_AREA(#7150);
#7150 = FILL_AREA_STYLE('',(#7151));
#7151 = FILL_AREA_STYLE_COLOUR('',#4838);
#7152 = CURVE_STYLE('',#7153,POSITIVE_LENGTH_MEASURE(0.1),#4838);
#7153 = DRAUGHTING_PRE_DEFINED_CURVE_FONT('continuous');
#7154 = STYLED_ITEM('color',(#7155),#3126);
#7155 = PRESENTATION_STYLE_ASSIGNMENT((#7156,#7161));
#7156 = SURFACE_STYLE_USAGE(.BOTH.,#7157);
#7157 = SURFACE_SIDE_STYLE('',(#7158));
#7158 = SURFACE_STYLE_FILL_AREA(#7159);
#7159 = FILL_AREA_STYLE('',(#7160));
#7160 = FILL_AREA_STYLE_COLOUR('',#4838);
#7161 = CURVE_STYLE('',#7162,POSITIVE_LENGTH_MEASURE(0.1),#4838);
#7162 = DRAUGHTING_PRE_DEFINED_CURVE_FONT('continuous');
#7163 = STYLED_ITEM('color',(#7164),#3138);
#7164 = PRESENTATION_STYLE_ASSIGNMENT((#7165,#7170));
#7165 = SURFACE_STYLE_USAGE(.BOTH.,#7166);
#7166 = SURFACE_SIDE_STYLE('',(#7167));
#7167 = SURFACE_STYLE_FILL_AREA(#7168);
#7168 = FILL_AREA_STYLE('',(#7169));
#7169 = FILL_AREA_STYLE_COLOUR('',#4838);
#7170 = CURVE_STYLE('',#7171,POSITIVE_LENGTH_MEASURE(0.1),#4838);
#7171 = DRAUGHTING_PRE_DEFINED_CURVE_FONT('continuous');
#7172 = STYLED_ITEM('color',(#7173),#3150);
#7173 = PRESENTATION_STYLE_ASSIGNMENT((#7174,#7179));
#7174 = SURFACE_STYLE_USAGE(.BOTH.,#7175);
#7175 = SURFACE_SIDE_STYLE('',(#7176));
#7176 = SURFACE_STYLE_FILL_AREA(#7177);
#7177 = FILL_AREA_STYLE('',(#7178));
#7178 = FILL_AREA_STYLE_COLOUR('',#4838);
#7179 = CURVE_STYLE('',#7180,POSITIVE_LENGTH_MEASURE(0.1),#4838);
#7180 = DRAUGHTING_PRE_DEFINED_CURVE_FONT('continuous');
#7181 = STYLED_ITEM('color',(#7182),#3162);
#7182 = PRESENTATION_STYLE_ASSIGNMENT((#7183,#7188));
#7183 = SURFACE_STYLE_USAGE(.BOTH.,#7184);
#7184 = SURFACE_SIDE_STYLE('',(#7185));
#7185 = SURFACE_STYLE_FILL_AREA(#7186);
#7186 = FILL_AREA_STYLE('',(#7187));
#7187 = FILL_AREA_STYLE_COLOUR('',#4838);
#7188 = CURVE_STYLE('',#7189,POSITIVE_LENGTH_MEASURE(0.1),#4838);
#7189 = DRAUGHTING_PRE_DEFINED_CURVE_FONT('continuous');
#7190 = STYLED_ITEM('color',(#7191),#3174);
#7191 = PRESENTATION_STYLE_ASSIGNMENT((#7192,#7197));
#7192 = SURFACE_STYLE_USAGE(.BOTH.,#7193);
#7193 = SURFACE_SIDE_STYLE('',(#7194));
#7194 = SURFACE_STYLE_FILL_AREA(#7195);
#7195 = FILL_AREA_STYLE('',(#7196));
#7196 = FILL_AREA_STYLE_COLOUR('',#4838);
#7197 = CURVE_STYLE('',#7198,POSITIVE_LENGTH_MEASURE(0.1),#4838);
#7198 = DRAUGHTING_PRE_DEFINED_CURVE_FONT('continuous');
#7199 = STYLED_ITEM('color',(#7200),#3186);
#7200 = PRESENTATION_STYLE_ASSIGNMENT((#7201,#7206));
#7201 = SURFACE_STYLE_USAGE(.BOTH.,#7202);
#7202 = SURFACE_SIDE_STYLE('',(#7203));
#7203 = SURFACE_STYLE_FILL_AREA(#7204);
#7204 = FILL_AREA_STYLE('',(#7205));
#7205 = FILL_AREA_STYLE_COLOUR('',#4838);
#7206 = CURVE_STYLE('',#7207,POSITIVE_LENGTH_MEASURE(0.1),#4838);
#7207 = DRAUGHTING_PRE_DEFINED_CURVE_FONT('continuous');
#7208 = STYLED_ITEM('color',(#7209),#3198);
#7209 = PRESENTATION_STYLE_ASSIGNMENT((#7210,#7215));
#7210 = SURFACE_STYLE_USAGE(.BOTH.,#7211);
#7211 = SURFACE_SIDE_STYLE('',(#7212));
#7212 = SURFACE_STYLE_FILL_AREA(#7213);
#7213 = FILL_AREA_STYLE('',(#7214));
#7214 = FILL_AREA_STYLE_COLOUR('',#4838);
#7215 = CURVE_STYLE('',#7216,POSITIVE_LENGTH_MEASURE(0.1),#4838);
#7216 = DRAUGHTING_PRE_DEFINED_CURVE_FONT('continuous');
#7217 = STYLED_ITEM('color',(#7218),#3210);
#7218 = PRESENTATION_STYLE_ASSIGNMENT((#7219,#7224));
#7219 = SURFACE_STYLE_USAGE(.BOTH.,#7220);
#7220 = SURFACE_SIDE_STYLE('',(#7221));
#7221 = SURFACE_STYLE_FILL_AREA(#7222);
#7222 = FILL_AREA_STYLE('',(#7223));
#7223 = FILL_AREA_STYLE_COLOUR('',#4838);
#7224 = CURVE_STYLE('',#7225,POSITIVE_LENGTH_MEASURE(0.1),#4838);
#7225 = DRAUGHTING_PRE_DEFINED_CURVE_FONT('continuous');
#7226 = STYLED_ITEM('color',(#7227),#3222);
#7227 = PRESENTATION_STYLE_ASSIGNMENT((#7228,#7233));
#7228 = SURFACE_STYLE_USAGE(.BOTH.,#7229);
#7229 = SURFACE_SIDE_STYLE('',(#7230));
#7230 = SURFACE_STYLE_FILL_AREA(#7231);
#7231 = FILL_AREA_STYLE('',(#7232));
#7232 = FILL_AREA_STYLE_COLOUR('',#4838);
#7233 = CURVE_STYLE('',#7234,POSITIVE_LENGTH_MEASURE(0.1),#4838);
#7234 = DRAUGHTING_PRE_DEFINED_CURVE_FONT('continuous');
#7235 = STYLED_ITEM('color',(#7236),#3234);
#7236 = PRESENTATION_STYLE_ASSIGNMENT((#7237,#7242));
#7237 = SURFACE_STYLE_USAGE(.BOTH.,#7238);
#7238 = SURFACE_SIDE_STYLE('',(#7239));
#7239 = SURFACE_STYLE_FILL_AREA(#7240);
#7240 = FILL_AREA_STYLE('',(#7241));
#7241 = FILL_AREA_STYLE_COLOUR('',#4838);
#7242 = CURVE_STYLE('',#7243,POSITIVE_LENGTH_MEASURE(0.1),#4838);
#7243 = DRAUGHTING_PRE_DEFINED_CURVE_FONT('continuous');
#7244 = STYLED_ITEM('color',(#7245),#3246);
#7245 = PRESENTATION_STYLE_ASSIGNMENT((#7246,#7251));
#7246 = SURFACE_STYLE_USAGE(.BOTH.,#7247);
#7247 = SURFACE_SIDE_STYLE('',(#7248));
#7248 = SURFACE_STYLE_FILL_AREA(#7249);
#7249 = FILL_AREA_STYLE('',(#7250));
#7250 = FILL_AREA_STYLE_COLOUR('',#4838);
#7251 = CURVE_STYLE('',#7252,POSITIVE_LENGTH_MEASURE(0.1),#4838);
#7252 = DRAUGHTING_PRE_DEFINED_CURVE_FONT('continuous');
#7253 = STYLED_ITEM('color',(#7254),#3258);
#7254 = PRESENTATION_STYLE_ASSIGNMENT((#7255,#7260));
#7255 = SURFACE_STYLE_USAGE(.BOTH.,#7256);
#7256 = SURFACE_SIDE_STYLE('',(#7257));
#7257 = SURFACE_STYLE_FILL_AREA(#7258);
#7258 = FILL_AREA_STYLE('',(#7259));
#7259 = FILL_AREA_STYLE_COLOUR('',#4838);
#7260 = CURVE_STYLE('',#7261,POSITIVE_LENGTH_MEASURE(0.1),#4838);
#7261 = DRAUGHTING_PRE_DEFINED_CURVE_FONT('continuous');
#7262 = STYLED_ITEM('color',(#7263),#3270);
#7263 = PRESENTATION_STYLE_ASSIGNMENT((#7264,#7269));
#7264 = SURFACE_STYLE_USAGE(.BOTH.,#7265);
#7265 = SURFACE_SIDE_STYLE('',(#7266));
#7266 = SURFACE_STYLE_FILL_AREA(#7267);
#7267 = FILL_AREA_STYLE('',(#7268));
#7268 = FILL_AREA_STYLE_COLOUR('',#4838);
#7269 = CURVE_STYLE('',#7270,POSITIVE_LENGTH_MEASURE(0.1),#4838);
#7270 = DRAUGHTING_PRE_DEFINED_CURVE_FONT('continuous');
#7271 = STYLED_ITEM('color',(#7272),#3282);
#7272 = PRESENTATION_STYLE_ASSIGNMENT((#7273,#7278));
#7273 = SURFACE_STYLE_USAGE(.BOTH.,#7274);
#7274 = SURFACE_SIDE_STYLE('',(#7275));
#7275 = SURFACE_STYLE_FILL_AREA(#7276);
#7276 = FILL_AREA_STYLE('',(#7277));
#7277 = FILL_AREA_STYLE_COLOUR('',#4838);
#7278 = CURVE_STYLE('',#7279,POSITIVE_LENGTH_MEASURE(0.1),#4838);
#7279 = DRAUGHTING_PRE_DEFINED_CURVE_FONT('continuous');
#7280 = STYLED_ITEM('color',(#7281),#3294);
#7281 = PRESENTATION_STYLE_ASSIGNMENT((#7282,#7287));
#7282 = SURFACE_STYLE_USAGE(.BOTH.,#7283);
#7283 = SURFACE_SIDE_STYLE('',(#7284));
#7284 = SURFACE_STYLE_FILL_AREA(#7285);
#7285 = FILL_AREA_STYLE('',(#7286));
#7286 = FILL_AREA_STYLE_COLOUR('',#4838);
#7287 = CURVE_STYLE('',#7288,POSITIVE_LENGTH_MEASURE(0.1),#4838);
#7288 = DRAUGHTING_PRE_DEFINED_CURVE_FONT('continuous');
#7289 = STYLED_ITEM('color',(#7290),#3306);
#7290 = PRESENTATION_STYLE_ASSIGNMENT((#7291,#7296));
#7291 = SURFACE_STYLE_USAGE(.BOTH.,#7292);
#7292 = SURFACE_SIDE_STYLE('',(#7293));
#7293 = SURFACE_STYLE_FILL_AREA(#7294);
#7294 = FILL_AREA_STYLE('',(#7295));
#7295 = FILL_AREA_STYLE_COLOUR('',#4838);
#7296 = CURVE_STYLE('',#7297,POSITIVE_LENGTH_MEASURE(0.1),#4838);
#7297 = DRAUGHTING_PRE_DEFINED_CURVE_FONT('continuous');
#7298 = STYLED_ITEM('color',(#7299),#3318);
#7299 = PRESENTATION_STYLE_ASSIGNMENT((#7300,#7305));
#7300 = SURFACE_STYLE_USAGE(.BOTH.,#7301);
#7301 = SURFACE_SIDE_STYLE('',(#7302));
#7302 = SURFACE_STYLE_FILL_AREA(#7303);
#7303 = FILL_AREA_STYLE('',(#7304));
#7304 = FILL_AREA_STYLE_COLOUR('',#4838);
#7305 = CURVE_STYLE('',#7306,POSITIVE_LENGTH_MEASURE(0.1),#4838);
#7306 = DRAUGHTING_PRE_DEFINED_CURVE_FONT('continuous');
#7307 = STYLED_ITEM('color',(#7308),#3330);
#7308 = PRESENTATION_STYLE_ASSIGNMENT((#7309,#7314));
#7309 = SURFACE_STYLE_USAGE(.BOTH.,#7310);
#7310 = SURFACE_SIDE_STYLE('',(#7311));
#7311 = SURFACE_STYLE_FILL_AREA(#7312);
#7312 = FILL_AREA_STYLE('',(#7313));
#7313 = FILL_AREA_STYLE_COLOUR('',#4838);
#7314 = CURVE_STYLE('',#7315,POSITIVE_LENGTH_MEASURE(0.1),#4838);
#7315 = DRAUGHTING_PRE_DEFINED_CURVE_FONT('continuous');
#7316 = STYLED_ITEM('color',(#7317),#3342);
#7317 = PRESENTATION_STYLE_ASSIGNMENT((#7318,#7323));
#7318 = SURFACE_STYLE_USAGE(.BOTH.,#7319);
#7319 = SURFACE_SIDE_STYLE('',(#7320));
#7320 = SURFACE_STYLE_FILL_AREA(#7321);
#7321 = FILL_AREA_STYLE('',(#7322));
#7322 = FILL_AREA_STYLE_COLOUR('',#4838);
#7323 = CURVE_STYLE('',#7324,POSITIVE_LENGTH_MEASURE(0.1),#4838);
#7324 = DRAUGHTING_PRE_DEFINED_CURVE_FONT('continuous');
#7325 = STYLED_ITEM('color',(#7326),#3354);
#7326 = PRESENTATION_STYLE_ASSIGNMENT((#7327,#7332));
#7327 = SURFACE_STYLE_USAGE(.BOTH.,#7328);
#7328 = SURFACE_SIDE_STYLE('',(#7329));
#7329 = SURFACE_STYLE_FILL_AREA(#7330);
#7330 = FILL_AREA_STYLE('',(#7331));
#7331 = FILL_AREA_STYLE_COLOUR('',#4838);
#7332 = CURVE_STYLE('',#7333,POSITIVE_LENGTH_MEASURE(0.1),#4838);
#7333 = DRAUGHTING_PRE_DEFINED_CURVE_FONT('continuous');
#7334 = STYLED_ITEM('color',(#7335),#3366);
#7335 = PRESENTATION_STYLE_ASSIGNMENT((#7336,#7341));
#7336 = SURFACE_STYLE_USAGE(.BOTH.,#7337);
#7337 = SURFACE_SIDE_STYLE('',(#7338));
#7338 = SURFACE_STYLE_FILL_AREA(#7339);
#7339 = FILL_AREA_STYLE('',(#7340));
#7340 = FILL_AREA_STYLE_COLOUR('',#4838);
#7341 = CURVE_STYLE('',#7342,POSITIVE_LENGTH_MEASURE(0.1),#4838);
#7342 = DRAUGHTING_PRE_DEFINED_CURVE_FONT('continuous');
#7343 = STYLED_ITEM('color',(#7344),#3378);
#7344 = PRESENTATION_STYLE_ASSIGNMENT((#7345,#7350));
#7345 = SURFACE_STYLE_USAGE(.BOTH.,#7346);
#7346 = SURFACE_SIDE_STYLE('',(#7347));
#7347 = SURFACE_STYLE_FILL_AREA(#7348);
#7348 = FILL_AREA_STYLE('',(#7349));
#7349 = FILL_AREA_STYLE_COLOUR('',#4838);
#7350 = CURVE_STYLE('',#7351,POSITIVE_LENGTH_MEASURE(0.1),#4838);
#7351 = DRAUGHTING_PRE_DEFINED_CURVE_FONT('continuous');
#7352 = STYLED_ITEM('color',(#7353),#3390);
#7353 = PRESENTATION_STYLE_ASSIGNMENT((#7354,#7359));
#7354 = SURFACE_STYLE_USAGE(.BOTH.,#7355);
#7355 = SURFACE_SIDE_STYLE('',(#7356));
#7356 = SURFACE_STYLE_FILL_AREA(#7357);
#7357 = FILL_AREA_STYLE('',(#7358));
#7358 = FILL_AREA_STYLE_COLOUR('',#4838);
#7359 = CURVE_STYLE('',#7360,POSITIVE_LENGTH_MEASURE(0.1),#4838);
#7360 = DRAUGHTING_PRE_DEFINED_CURVE_FONT('continuous');
#7361 = STYLED_ITEM('color',(#7362),#3402);
#7362 = PRESENTATION_STYLE_ASSIGNMENT((#7363,#7368));
#7363 = SURFACE_STYLE_USAGE(.BOTH.,#7364);
#7364 = SURFACE_SIDE_STYLE('',(#7365));
#7365 = SURFACE_STYLE_FILL_AREA(#7366);
#7366 = FILL_AREA_STYLE('',(#7367));
#7367 = FILL_AREA_STYLE_COLOUR('',#4838);
#7368 = CURVE_STYLE('',#7369,POSITIVE_LENGTH_MEASURE(0.1),#4838);
#7369 = DRAUGHTING_PRE_DEFINED_CURVE_FONT('continuous');
#7370 = STYLED_ITEM('color',(#7371),#3414);
#7371 = PRESENTATION_STYLE_ASSIGNMENT((#7372,#7377));
#7372 = SURFACE_STYLE_USAGE(.BOTH.,#7373);
#7373 = SURFACE_SIDE_STYLE('',(#7374));
#7374 = SURFACE_STYLE_FILL_AREA(#7375);
#7375 = FILL_AREA_STYLE('',(#7376));
#7376 = FILL_AREA_STYLE_COLOUR('',#4838);
#7377 = CURVE_STYLE('',#7378,POSITIVE_LENGTH_MEASURE(0.1),#4838);
#7378 = DRAUGHTING_PRE_DEFINED_CURVE_FONT('continuous');
#7379 = STYLED_ITEM('color',(#7380),#3426);
#7380 = PRESENTATION_STYLE_ASSIGNMENT((#7381,#7386));
#7381 = SURFACE_STYLE_USAGE(.BOTH.,#7382);
#7382 = SURFACE_SIDE_STYLE('',(#7383));
#7383 = SURFACE_STYLE_FILL_AREA(#7384);
#7384 = FILL_AREA_STYLE('',(#7385));
#7385 = FILL_AREA_STYLE_COLOUR('',#4838);
#7386 = CURVE_STYLE('',#7387,POSITIVE_LENGTH_MEASURE(0.1),#4838);
#7387 = DRAUGHTING_PRE_DEFINED_CURVE_FONT('continuous');
#7388 = STYLED_ITEM('color',(#7389),#3438);
#7389 = PRESENTATION_STYLE_ASSIGNMENT((#7390,#7395));
#7390 = SURFACE_STYLE_USAGE(.BOTH.,#7391);
#7391 = SURFACE_SIDE_STYLE('',(#7392));
#7392 = SURFACE_STYLE_FILL_AREA(#7393);
#7393 = FILL_AREA_STYLE('',(#7394));
#7394 = FILL_AREA_STYLE_COLOUR('',#4838);
#7395 = CURVE_STYLE('',#7396,POSITIVE_LENGTH_MEASURE(0.1),#4838);
#7396 = DRAUGHTING_PRE_DEFINED_CURVE_FONT('continuous');
#7397 = STYLED_ITEM('color',(#7398),#3450);
#7398 = PRESENTATION_STYLE_ASSIGNMENT((#7399,#7404));
#7399 = SURFACE_STYLE_USAGE(.BOTH.,#7400);
#7400 = SURFACE_SIDE_STYLE('',(#7401));
#7401 = SURFACE_STYLE_FILL_AREA(#7402);
#7402 = FILL_AREA_STYLE('',(#7403));
#7403 = FILL_AREA_STYLE_COLOUR('',#4838);
#7404 = CURVE_STYLE('',#7405,POSITIVE_LENGTH_MEASURE(0.1),#4838);
#7405 = DRAUGHTING_PRE_DEFINED_CURVE_FONT('continuous');
#7406 = STYLED_ITEM('color',(#7407),#3462);
#7407 = PRESENTATION_STYLE_ASSIGNMENT((#7408,#7413));
#7408 = SURFACE_STYLE_USAGE(.BOTH.,#7409);
#7409 = SURFACE_SIDE_STYLE('',(#7410));
#7410 = SURFACE_STYLE_FILL_AREA(#7411);
#7411 = FILL_AREA_STYLE('',(#7412));
#7412 = FILL_AREA_STYLE_COLOUR('',#4838);
#7413 = CURVE_STYLE('',#7414,POSITIVE_LENGTH_MEASURE(0.1),#4838);
#7414 = DRAUGHTING_PRE_DEFINED_CURVE_FONT('continuous');
#7415 = STYLED_ITEM('color',(#7416),#3474);
#7416 = PRESENTATION_STYLE_ASSIGNMENT((#7417,#7422));
#7417 = SURFACE_STYLE_USAGE(.BOTH.,#7418);
#7418 = SURFACE_SIDE_STYLE('',(#7419));
#7419 = SURFACE_STYLE_FILL_AREA(#7420);
#7420 = FILL_AREA_STYLE('',(#7421));
#7421 = FILL_AREA_STYLE_COLOUR('',#4838);
#7422 = CURVE_STYLE('',#7423,POSITIVE_LENGTH_MEASURE(0.1),#4838);
#7423 = DRAUGHTING_PRE_DEFINED_CURVE_FONT('continuous');
#7424 = STYLED_ITEM('color',(#7425),#3486);
#7425 = PRESENTATION_STYLE_ASSIGNMENT((#7426,#7431));
#7426 = SURFACE_STYLE_USAGE(.BOTH.,#7427);
#7427 = SURFACE_SIDE_STYLE('',(#7428));
#7428 = SURFACE_STYLE_FILL_AREA(#7429);
#7429 = FILL_AREA_STYLE('',(#7430));
#7430 = FILL_AREA_STYLE_COLOUR('',#4838);
#7431 = CURVE_STYLE('',#7432,POSITIVE_LENGTH_MEASURE(0.1),#4838);
#7432 = DRAUGHTING_PRE_DEFINED_CURVE_FONT('continuous');
#7433 = STYLED_ITEM('color',(#7434),#3498);
#7434 = PRESENTATION_STYLE_ASSIGNMENT((#7435,#7440));
#7435 = SURFACE_STYLE_USAGE(.BOTH.,#7436);
#7436 = SURFACE_SIDE_STYLE('',(#7437));
#7437 = SURFACE_STYLE_FILL_AREA(#7438);
#7438 = FILL_AREA_STYLE('',(#7439));
#7439 = FILL_AREA_STYLE_COLOUR('',#4838);
#7440 = CURVE_STYLE('',#7441,POSITIVE_LENGTH_MEASURE(0.1),#4838);
#7441 = DRAUGHTING_PRE_DEFINED_CURVE_FONT('continuous');
#7442 = STYLED_ITEM('color',(#7443),#3510);
#7443 = PRESENTATION_STYLE_ASSIGNMENT((#7444,#7449));
#7444 = SURFACE_STYLE_USAGE(.BOTH.,#7445);
#7445 = SURFACE_SIDE_STYLE('',(#7446));
#7446 = SURFACE_STYLE_FILL_AREA(#7447);
#7447 = FILL_AREA_STYLE('',(#7448));
#7448 = FILL_AREA_STYLE_COLOUR('',#4838);
#7449 = CURVE_STYLE('',#7450,POSITIVE_LENGTH_MEASURE(0.1),#4838);
#7450 = DRAUGHTING_PRE_DEFINED_CURVE_FONT('continuous');
#7451 = STYLED_ITEM('color',(#7452),#3522);
#7452 = PRESENTATION_STYLE_ASSIGNMENT((#7453,#7458));
#7453 = SURFACE_STYLE_USAGE(.BOTH.,#7454);
#7454 = SURFACE_SIDE_STYLE('',(#7455));
#7455 = SURFACE_STYLE_FILL_AREA(#7456);
#7456 = FILL_AREA_STYLE('',(#7457));
#7457 = FILL_AREA_STYLE_COLOUR('',#4838);
#7458 = CURVE_STYLE('',#7459,POSITIVE_LENGTH_MEASURE(0.1),#4838);
#7459 = DRAUGHTING_PRE_DEFINED_CURVE_FONT('continuous');
#7460 = STYLED_ITEM('color',(#7461),#3534);
#7461 = PRESENTATION_STYLE_ASSIGNMENT((#7462,#7467));
#7462 = SURFACE_STYLE_USAGE(.BOTH.,#7463);
#7463 = SURFACE_SIDE_STYLE('',(#7464));
#7464 = SURFACE_STYLE_FILL_AREA(#7465);
#7465 = FILL_AREA_STYLE('',(#7466));
#7466 = FILL_AREA_STYLE_COLOUR('',#4838);
#7467 = CURVE_STYLE('',#7468,POSITIVE_LENGTH_MEASURE(0.1),#4838);
#7468 = DRAUGHTING_PRE_DEFINED_CURVE_FONT('continuous');
#7469 = STYLED_ITEM('color',(#7470),#3546);
#7470 = PRESENTATION_STYLE_ASSIGNMENT((#7471,#7476));
#7471 = SURFACE_STYLE_USAGE(.BOTH.,#7472);
#7472 = SURFACE_SIDE_STYLE('',(#7473));
#7473 = SURFACE_STYLE_FILL_AREA(#7474);
#7474 = FILL_AREA_STYLE('',(#7475));
#7475 = FILL_AREA_STYLE_COLOUR('',#4838);
#7476 = CURVE_STYLE('',#7477,POSITIVE_LENGTH_MEASURE(0.1),#4838);
#7477 = DRAUGHTING_PRE_DEFINED_CURVE_FONT('continuous');
#7478 = STYLED_ITEM('color',(#7479),#3558);
#7479 = PRESENTATION_STYLE_ASSIGNMENT((#7480,#7485));
#7480 = SURFACE_STYLE_USAGE(.BOTH.,#7481);
#7481 = SURFACE_SIDE_STYLE('',(#7482));
#7482 = SURFACE_STYLE_FILL_AREA(#7483);
#7483 = FILL_AREA_STYLE('',(#7484));
#7484 = FILL_AREA_STYLE_COLOUR('',#4838);
#7485 = CURVE_STYLE('',#7486,POSITIVE_LENGTH_MEASURE(0.1),#4838);
#7486 = DRAUGHTING_PRE_DEFINED_CURVE_FONT('continuous');
#7487 = STYLED_ITEM('color',(#7488),#3570);
#7488 = PRESENTATION_STYLE_ASSIGNMENT((#7489,#7494));
#7489 = SURFACE_STYLE_USAGE(.BOTH.,#7490);
#7490 = SURFACE_SIDE_STYLE('',(#7491));
#7491 = SURFACE_STYLE_FILL_AREA(#7492);
#7492 = FILL_AREA_STYLE('',(#7493));
#7493 = FILL_AREA_STYLE_COLOUR('',#4838);
#7494 = CURVE_STYLE('',#7495,POSITIVE_LENGTH_MEASURE(0.1),#4838);
#7495 = DRAUGHTING_PRE_DEFINED_CURVE_FONT('continuous');
#7496 = STYLED_ITEM('color',(#7497),#3582);
#7497 = PRESENTATION_STYLE_ASSIGNMENT((#7498,#7503));
#7498 = SURFACE_STYLE_USAGE(.BOTH.,#7499);
#7499 = SURFACE_SIDE_STYLE('',(#7500));
#7500 = SURFACE_STYLE_FILL_AREA(#7501);
#7501 = FILL_AREA_STYLE('',(#7502));
#7502 = FILL_AREA_STYLE_COLOUR('',#4838);
#7503 = CURVE_STYLE('',#7504,POSITIVE_LENGTH_MEASURE(0.1),#4838);
#7504 = DRAUGHTING_PRE_DEFINED_CURVE_FONT('continuous');
#7505 = STYLED_ITEM('color',(#7506),#3594);
#7506 = PRESENTATION_STYLE_ASSIGNMENT((#7507,#7512));
#7507 = SURFACE_STYLE_USAGE(.BOTH.,#7508);
#7508 = SURFACE_SIDE_STYLE('',(#7509));
#7509 = SURFACE_STYLE_FILL_AREA(#7510);
#7510 = FILL_AREA_STYLE('',(#7511));
#7511 = FILL_AREA_STYLE_COLOUR('',#4838);
#7512 = CURVE_STYLE('',#7513,POSITIVE_LENGTH_MEASURE(0.1),#4838);
#7513 = DRAUGHTING_PRE_DEFINED_CURVE_FONT('continuous');
#7514 = STYLED_ITEM('color',(#7515),#3606);
#7515 = PRESENTATION_STYLE_ASSIGNMENT((#7516,#7521));
#7516 = SURFACE_STYLE_USAGE(.BOTH.,#7517);
#7517 = SURFACE_SIDE_STYLE('',(#7518));
#7518 = SURFACE_STYLE_FILL_AREA(#7519);
#7519 = FILL_AREA_STYLE('',(#7520));
#7520 = FILL_AREA_STYLE_COLOUR('',#4838);
#7521 = CURVE_STYLE('',#7522,POSITIVE_LENGTH_MEASURE(0.1),#4838);
#7522 = DRAUGHTING_PRE_DEFINED_CURVE_FONT('continuous');
#7523 = STYLED_ITEM('color',(#7524),#3618);
#7524 = PRESENTATION_STYLE_ASSIGNMENT((#7525,#7530));
#7525 = SURFACE_STYLE_USAGE(.BOTH.,#7526);
#7526 = SURFACE_SIDE_STYLE('',(#7527));
#7527 = SURFACE_STYLE_FILL_AREA(#7528);
#7528 = FILL_AREA_STYLE('',(#7529));
#7529 = FILL_AREA_STYLE_COLOUR('',#4838);
#7530 = CURVE_STYLE('',#7531,POSITIVE_LENGTH_MEASURE(0.1),#4838);
#7531 = DRAUGHTING_PRE_DEFINED_CURVE_FONT('continuous');
#7532 = STYLED_ITEM('color',(#7533),#3630);
#7533 = PRESENTATION_STYLE_ASSIGNMENT((#7534,#7539));
#7534 = SURFACE_STYLE_USAGE(.BOTH.,#7535);
#7535 = SURFACE_SIDE_STYLE('',(#7536));
#7536 = SURFACE_STYLE_FILL_AREA(#7537);
#7537 = FILL_AREA_STYLE('',(#7538));
#7538 = FILL_AREA_STYLE_COLOUR('',#4838);
#7539 = CURVE_STYLE('',#7540,POSITIVE_LENGTH_MEASURE(0.1),#4838);
#7540 = DRAUGHTING_PRE_DEFINED_CURVE_FONT('continuous');
#7541 = STYLED_ITEM('color',(#7542),#3642);
#7542 = PRESENTATION_STYLE_ASSIGNMENT((#7543,#7548));
#7543 = SURFACE_STYLE_USAGE(.BOTH.,#7544);
#7544 = SURFACE_SIDE_STYLE('',(#7545));
#7545 = SURFACE_STYLE_FILL_AREA(#7546);
#7546 = FILL_AREA_STYLE('',(#7547));
#7547 = FILL_AREA_STYLE_COLOUR('',#4838);
#7548 = CURVE_STYLE('',#7549,POSITIVE_LENGTH_MEASURE(0.1),#4838);
#7549 = DRAUGHTING_PRE_DEFINED_CURVE_FONT('continuous');
#7550 = STYLED_ITEM('color',(#7551),#3654);
#7551 = PRESENTATION_STYLE_ASSIGNMENT((#7552,#7557));
#7552 = SURFACE_STYLE_USAGE(.BOTH.,#7553);
#7553 = SURFACE_SIDE_STYLE('',(#7554));
#7554 = SURFACE_STYLE_FILL_AREA(#7555);
#7555 = FILL_AREA_STYLE('',(#7556));
#7556 = FILL_AREA_STYLE_COLOUR('',#4838);
#7557 = CURVE_STYLE('',#7558,POSITIVE_LENGTH_MEASURE(0.1),#4838);
#7558 = DRAUGHTING_PRE_DEFINED_CURVE_FONT('continuous');
#7559 = STYLED_ITEM('color',(#7560),#3666);
#7560 = PRESENTATION_STYLE_ASSIGNMENT((#7561,#7566));
#7561 = SURFACE_STYLE_USAGE(.BOTH.,#7562);
#7562 = SURFACE_SIDE_STYLE('',(#7563));
#7563 = SURFACE_STYLE_FILL_AREA(#7564);
#7564 = FILL_AREA_STYLE('',(#7565));
#7565 = FILL_AREA_STYLE_COLOUR('',#4838);
#7566 = CURVE_STYLE('',#7567,POSITIVE_LENGTH_MEASURE(0.1),#4838);
#7567 = DRAUGHTING_PRE_DEFINED_CURVE_FONT('continuous');
#7568 = STYLED_ITEM('color',(#7569),#3678);
#7569 = PRESENTATION_STYLE_ASSIGNMENT((#7570,#7575));
#7570 = SURFACE_STYLE_USAGE(.BOTH.,#7571);
#7571 = SURFACE_SIDE_STYLE('',(#7572));
#7572 = SURFACE_STYLE_FILL_AREA(#7573);
#7573 = FILL_AREA_STYLE('',(#7574));
#7574 = FILL_AREA_STYLE_COLOUR('',#4838);
#7575 = CURVE_STYLE('',#7576,POSITIVE_LENGTH_MEASURE(0.1),#4838);
#7576 = DRAUGHTING_PRE_DEFINED_CURVE_FONT('continuous');
#7577 = STYLED_ITEM('color',(#7578),#3690);
#7578 = PRESENTATION_STYLE_ASSIGNMENT((#7579,#7584));
#7579 = SURFACE_STYLE_USAGE(.BOTH.,#7580);
#7580 = SURFACE_SIDE_STYLE('',(#7581));
#7581 = SURFACE_STYLE_FILL_AREA(#7582);
#7582 = FILL_AREA_STYLE('',(#7583));
#7583 = FILL_AREA_STYLE_COLOUR('',#4838);
#7584 = CURVE_STYLE('',#7585,POSITIVE_LENGTH_MEASURE(0.1),#4838);
#7585 = DRAUGHTING_PRE_DEFINED_CURVE_FONT('continuous');
#7586 = STYLED_ITEM('color',(#7587),#3702);
#7587 = PRESENTATION_STYLE_ASSIGNMENT((#7588,#7593));
#7588 = SURFACE_STYLE_USAGE(.BOTH.,#7589);
#7589 = SURFACE_SIDE_STYLE('',(#7590));
#7590 = SURFACE_STYLE_FILL_AREA(#7591);
#7591 = FILL_AREA_STYLE('',(#7592));
#7592 = FILL_AREA_STYLE_COLOUR('',#4838);
#7593 = CURVE_STYLE('',#7594,POSITIVE_LENGTH_MEASURE(0.1),#4838);
#7594 = DRAUGHTING_PRE_DEFINED_CURVE_FONT('continuous');
#7595 = STYLED_ITEM('color',(#7596),#3714);
#7596 = PRESENTATION_STYLE_ASSIGNMENT((#7597,#7602));
#7597 = SURFACE_STYLE_USAGE(.BOTH.,#7598);
#7598 = SURFACE_SIDE_STYLE('',(#7599));
#7599 = SURFACE_STYLE_FILL_AREA(#7600);
#7600 = FILL_AREA_STYLE('',(#7601));
#7601 = FILL_AREA_STYLE_COLOUR('',#4838);
#7602 = CURVE_STYLE('',#7603,POSITIVE_LENGTH_MEASURE(0.1),#4838);
#7603 = DRAUGHTING_PRE_DEFINED_CURVE_FONT('continuous');
#7604 = STYLED_ITEM('color',(#7605),#3726);
#7605 = PRESENTATION_STYLE_ASSIGNMENT((#7606,#7611));
#7606 = SURFACE_STYLE_USAGE(.BOTH.,#7607);
#7607 = SURFACE_SIDE_STYLE('',(#7608));
#7608 = SURFACE_STYLE_FILL_AREA(#7609);
#7609 = FILL_AREA_STYLE('',(#7610));
#7610 = FILL_AREA_STYLE_COLOUR('',#4838);
#7611 = CURVE_STYLE('',#7612,POSITIVE_LENGTH_MEASURE(0.1),#4838);
#7612 = DRAUGHTING_PRE_DEFINED_CURVE_FONT('continuous');
#7613 = STYLED_ITEM('color',(#7614),#3738);
#7614 = PRESENTATION_STYLE_ASSIGNMENT((#7615,#7620));
#7615 = SURFACE_STYLE_USAGE(.BOTH.,#7616);
#7616 = SURFACE_SIDE_STYLE('',(#7617));
#7617 = SURFACE_STYLE_FILL_AREA(#7618);
#7618 = FILL_AREA_STYLE('',(#7619));
#7619 = FILL_AREA_STYLE_COLOUR('',#4838);
#7620 = CURVE_STYLE('',#7621,POSITIVE_LENGTH_MEASURE(0.1),#4838);
#7621 = DRAUGHTING_PRE_DEFINED_CURVE_FONT('continuous');
#7622 = STYLED_ITEM('color',(#7623),#3750);
#7623 = PRESENTATION_STYLE_ASSIGNMENT((#7624,#7629));
#7624 = SURFACE_STYLE_USAGE(.BOTH.,#7625);
#7625 = SURFACE_SIDE_STYLE('',(#7626));
#7626 = SURFACE_STYLE_FILL_AREA(#7627);
#7627 = FILL_AREA_STYLE('',(#7628));
#7628 = FILL_AREA_STYLE_COLOUR('',#4838);
#7629 = CURVE_STYLE('',#7630,POSITIVE_LENGTH_MEASURE(0.1),#4838);
#7630 = DRAUGHTING_PRE_DEFINED_CURVE_FONT('continuous');
#7631 = STYLED_ITEM('color',(#7632),#3762);
#7632 = PRESENTATION_STYLE_ASSIGNMENT((#7633,#7638));
#7633 = SURFACE_STYLE_USAGE(.BOTH.,#7634);
#7634 = SURFACE_SIDE_STYLE('',(#7635));
#7635 = SURFACE_STYLE_FILL_AREA(#7636);
#7636 = FILL_AREA_STYLE('',(#7637));
#7637 = FILL_AREA_STYLE_COLOUR('',#4838);
#7638 = CURVE_STYLE('',#7639,POSITIVE_LENGTH_MEASURE(0.1),#4838);
#7639 = DRAUGHTING_PRE_DEFINED_CURVE_FONT('continuous');
#7640 = STYLED_ITEM('color',(#7641),#3774);
#7641 = PRESENTATION_STYLE_ASSIGNMENT((#7642,#7647));
#7642 = SURFACE_STYLE_USAGE(.BOTH.,#7643);
#7643 = SURFACE_SIDE_STYLE('',(#7644));
#7644 = SURFACE_STYLE_FILL_AREA(#7645);
#7645 = FILL_AREA_STYLE('',(#7646));
#7646 = FILL_AREA_STYLE_COLOUR('',#4838);
#7647 = CURVE_STYLE('',#7648,POSITIVE_LENGTH_MEASURE(0.1),#4838);
#7648 = DRAUGHTING_PRE_DEFINED_CURVE_FONT('continuous');
#7649 = STYLED_ITEM('color',(#7650),#3786);
#7650 = PRESENTATION_STYLE_ASSIGNMENT((#7651,#7656));
#7651 = SURFACE_STYLE_USAGE(.BOTH.,#7652);
#7652 = SURFACE_SIDE_STYLE('',(#7653));
#7653 = SURFACE_STYLE_FILL_AREA(#7654);
#7654 = FILL_AREA_STYLE('',(#7655));
#7655 = FILL_AREA_STYLE_COLOUR('',#4838);
#7656 = CURVE_STYLE('',#7657,POSITIVE_LENGTH_MEASURE(0.1),#4838);
#7657 = DRAUGHTING_PRE_DEFINED_CURVE_FONT('continuous');
#7658 = STYLED_ITEM('color',(#7659),#3798);
#7659 = PRESENTATION_STYLE_ASSIGNMENT((#7660,#7665));
#7660 = SURFACE_STYLE_USAGE(.BOTH.,#7661);
#7661 = SURFACE_SIDE_STYLE('',(#7662));
#7662 = SURFACE_STYLE_FILL_AREA(#7663);
#7663 = FILL_AREA_STYLE('',(#7664));
#7664 = FILL_AREA_STYLE_COLOUR('',#4838);
#7665 = CURVE_STYLE('',#7666,POSITIVE_LENGTH_MEASURE(0.1),#4838);
#7666 = DRAUGHTING_PRE_DEFINED_CURVE_FONT('continuous');
#7667 = STYLED_ITEM('color',(#7668),#3810);
#7668 = PRESENTATION_STYLE_ASSIGNMENT((#7669,#7674));
#7669 = SURFACE_STYLE_USAGE(.BOTH.,#7670);
#7670 = SURFACE_SIDE_STYLE('',(#7671));
#7671 = SURFACE_STYLE_FILL_AREA(#7672);
#7672 = FILL_AREA_STYLE('',(#7673));
#7673 = FILL_AREA_STYLE_COLOUR('',#4838);
#7674 = CURVE_STYLE('',#7675,POSITIVE_LENGTH_MEASURE(0.1),#4838);
#7675 = DRAUGHTING_PRE_DEFINED_CURVE_FONT('continuous');
#7676 = STYLED_ITEM('color',(#7677),#3822);
#7677 = PRESENTATION_STYLE_ASSIGNMENT((#7678,#7683));
#7678 = SURFACE_STYLE_USAGE(.BOTH.,#7679);
#7679 = SURFACE_SIDE_STYLE('',(#7680));
#7680 = SURFACE_STYLE_FILL_AREA(#7681);
#7681 = FILL_AREA_STYLE('',(#7682));
#7682 = FILL_AREA_STYLE_COLOUR('',#4838);
#7683 = CURVE_STYLE('',#7684,POSITIVE_LENGTH_MEASURE(0.1),#4838);
#7684 = DRAUGHTING_PRE_DEFINED_CURVE_FONT('continuous');
#7685 = STYLED_ITEM('color',(#7686),#3834);
#7686 = PRESENTATION_STYLE_ASSIGNMENT((#7687,#7692));
#7687 = SURFACE_STYLE_USAGE(.BOTH.,#7688);
#7688 = SURFACE_SIDE_STYLE('',(#7689));
#7689 = SURFACE_STYLE_FILL_AREA(#7690);
#7690 = FILL_AREA_STYLE('',(#7691));
#7691 = FILL_AREA_STYLE_COLOUR('',#4838);
#7692 = CURVE_STYLE('',#7693,POSITIVE_LENGTH_MEASURE(0.1),#4838);
#7693 = DRAUGHTING_PRE_DEFINED_CURVE_FONT('continuous');
#7694 = STYLED_ITEM('color',(#7695),#3846);
#7695 = PRESENTATION_STYLE_ASSIGNMENT((#7696,#7701));
#7696 = SURFACE_STYLE_USAGE(.BOTH.,#7697);
#7697 = SURFACE_SIDE_STYLE('',(#7698));
#7698 = SURFACE_STYLE_FILL_AREA(#7699);
#7699 = FILL_AREA_STYLE('',(#7700));
#7700 = FILL_AREA_STYLE_COLOUR('',#4838);
#7701 = CURVE_STYLE('',#7702,POSITIVE_LENGTH_MEASURE(0.1),#4838);
#7702 = DRAUGHTING_PRE_DEFINED_CURVE_FONT('continuous');
#7703 = STYLED_ITEM('color',(#7704),#3858);
#7704 = PRESENTATION_STYLE_ASSIGNMENT((#7705,#7710));
#7705 = SURFACE_STYLE_USAGE(.BOTH.,#7706);
#7706 = SURFACE_SIDE_STYLE('',(#7707));
#7707 = SURFACE_STYLE_FILL_AREA(#7708);
#7708 = FILL_AREA_STYLE('',(#7709));
#7709 = FILL_AREA_STYLE_COLOUR('',#4838);
#7710 = CURVE_STYLE('',#7711,POSITIVE_LENGTH_MEASURE(0.1),#4838);
#7711 = DRAUGHTING_PRE_DEFINED_CURVE_FONT('continuous');
#7712 = STYLED_ITEM('color',(#7713),#3870);
#7713 = PRESENTATION_STYLE_ASSIGNMENT((#7714,#7719));
#7714 = SURFACE_STYLE_USAGE(.BOTH.,#7715);
#7715 = SURFACE_SIDE_STYLE('',(#7716));
#7716 = SURFACE_STYLE_FILL_AREA(#7717);
#7717 = FILL_AREA_STYLE('',(#7718));
#7718 = FILL_AREA_STYLE_COLOUR('',#4838);
#7719 = CURVE_STYLE('',#7720,POSITIVE_LENGTH_MEASURE(0.1),#4838);
#7720 = DRAUGHTING_PRE_DEFINED_CURVE_FONT('continuous');
#7721 = STYLED_ITEM('color',(#7722),#3882);
#7722 = PRESENTATION_STYLE_ASSIGNMENT((#7723,#7728));
#7723 = SURFACE_STYLE_USAGE(.BOTH.,#7724);
#7724 = SURFACE_SIDE_STYLE('',(#7725));
#7725 = SURFACE_STYLE_FILL_AREA(#7726);
#7726 = FILL_AREA_STYLE('',(#7727));
#7727 = FILL_AREA_STYLE_COLOUR('',#4838);
#7728 = CURVE_STYLE('',#7729,POSITIVE_LENGTH_MEASURE(0.1),#4838);
#7729 = DRAUGHTING_PRE_DEFINED_CURVE_FONT('continuous');
#7730 = STYLED_ITEM('color',(#7731),#3894);
#7731 = PRESENTATION_STYLE_ASSIGNMENT((#7732,#7737));
#7732 = SURFACE_STYLE_USAGE(.BOTH.,#7733);
#7733 = SURFACE_SIDE_STYLE('',(#7734));
#7734 = SURFACE_STYLE_FILL_AREA(#7735);
#7735 = FILL_AREA_STYLE('',(#7736));
#7736 = FILL_AREA_STYLE_COLOUR('',#4838);
#7737 = CURVE_STYLE('',#7738,POSITIVE_LENGTH_MEASURE(0.1),#4838);
#7738 = DRAUGHTING_PRE_DEFINED_CURVE_FONT('continuous');
#7739 = STYLED_ITEM('color',(#7740),#3906);
#7740 = PRESENTATION_STYLE_ASSIGNMENT((#7741,#7746));
#7741 = SURFACE_STYLE_USAGE(.BOTH.,#7742);
#7742 = SURFACE_SIDE_STYLE('',(#7743));
#7743 = SURFACE_STYLE_FILL_AREA(#7744);
#7744 = FILL_AREA_STYLE('',(#7745));
#7745 = FILL_AREA_STYLE_COLOUR('',#4838);
#7746 = CURVE_STYLE('',#7747,POSITIVE_LENGTH_MEASURE(0.1),#4838);
#7747 = DRAUGHTING_PRE_DEFINED_CURVE_FONT('continuous');
#7748 = STYLED_ITEM('color',(#7749),#3918);
#7749 = PRESENTATION_STYLE_ASSIGNMENT((#7750,#7755));
#7750 = SURFACE_STYLE_USAGE(.BOTH.,#7751);
#7751 = SURFACE_SIDE_STYLE('',(#7752));
#7752 = SURFACE_STYLE_FILL_AREA(#7753);
#7753 = FILL_AREA_STYLE('',(#7754));
#7754 = FILL_AREA_STYLE_COLOUR('',#4838);
#7755 = CURVE_STYLE('',#7756,POSITIVE_LENGTH_MEASURE(0.1),#4838);
#7756 = DRAUGHTING_PRE_DEFINED_CURVE_FONT('continuous');
#7757 = STYLED_ITEM('color',(#7758),#3930);
#7758 = PRESENTATION_STYLE_ASSIGNMENT((#7759,#7764));
#7759 = SURFACE_STYLE_USAGE(.BOTH.,#7760);
#7760 = SURFACE_SIDE_STYLE('',(#7761));
#7761 = SURFACE_STYLE_FILL_AREA(#7762);
#7762 = FILL_AREA_STYLE('',(#7763));
#7763 = FILL_AREA_STYLE_COLOUR('',#4838);
#7764 = CURVE_STYLE('',#7765,POSITIVE_LENGTH_MEASURE(0.1),#4838);
#7765 = DRAUGHTING_PRE_DEFINED_CURVE_FONT('continuous');
#7766 = STYLED_ITEM('color',(#7767),#3942);
#7767 = PRESENTATION_STYLE_ASSIGNMENT((#7768,#7773));
#7768 = SURFACE_STYLE_USAGE(.BOTH.,#7769);
#7769 = SURFACE_SIDE_STYLE('',(#7770));
#7770 = SURFACE_STYLE_FILL_AREA(#7771);
#7771 = FILL_AREA_STYLE('',(#7772));
#7772 = FILL_AREA_STYLE_COLOUR('',#4838);
#7773 = CURVE_STYLE('',#7774,POSITIVE_LENGTH_MEASURE(0.1),#4838);
#7774 = DRAUGHTING_PRE_DEFINED_CURVE_FONT('continuous');
#7775 = STYLED_ITEM('color',(#7776),#3954);
#7776 = PRESENTATION_STYLE_ASSIGNMENT((#7777,#7782));
#7777 = SURFACE_STYLE_USAGE(.BOTH.,#7778);
#7778 = SURFACE_SIDE_STYLE('',(#7779));
#7779 = SURFACE_STYLE_FILL_AREA(#7780);
#7780 = FILL_AREA_STYLE('',(#7781));
#7781 = FILL_AREA_STYLE_COLOUR('',#4838);
#7782 = CURVE_STYLE('',#7783,POSITIVE_LENGTH_MEASURE(0.1),#4838);
#7783 = DRAUGHTING_PRE_DEFINED_CURVE_FONT('continuous');
#7784 = STYLED_ITEM('color',(#7785),#3966);
#7785 = PRESENTATION_STYLE_ASSIGNMENT((#7786,#7791));
#7786 = SURFACE_STYLE_USAGE(.BOTH.,#7787);
#7787 = SURFACE_SIDE_STYLE('',(#7788));
#7788 = SURFACE_STYLE_FILL_AREA(#7789);
#7789 = FILL_AREA_STYLE('',(#7790));
#7790 = FILL_AREA_STYLE_COLOUR('',#4838);
#7791 = CURVE_STYLE('',#7792,POSITIVE_LENGTH_MEASURE(0.1),#4838);
#7792 = DRAUGHTING_PRE_DEFINED_CURVE_FONT('continuous');
#7793 = STYLED_ITEM('color',(#7794),#3978);
#7794 = PRESENTATION_STYLE_ASSIGNMENT((#7795,#7800));
#7795 = SURFACE_STYLE_USAGE(.BOTH.,#7796);
#7796 = SURFACE_SIDE_STYLE('',(#7797));
#7797 = SURFACE_STYLE_FILL_AREA(#7798);
#7798 = FILL_AREA_STYLE('',(#7799));
#7799 = FILL_AREA_STYLE_COLOUR('',#4838);
#7800 = CURVE_STYLE('',#7801,POSITIVE_LENGTH_MEASURE(0.1),#4838);
#7801 = DRAUGHTING_PRE_DEFINED_CURVE_FONT('continuous');
#7802 = STYLED_ITEM('color',(#7803),#3990);
#7803 = PRESENTATION_STYLE_ASSIGNMENT((#7804,#7809));
#7804 = SURFACE_STYLE_USAGE(.BOTH.,#7805);
#7805 = SURFACE_SIDE_STYLE('',(#7806));
#7806 = SURFACE_STYLE_FILL_AREA(#7807);
#7807 = FILL_AREA_STYLE('',(#7808));
#7808 = FILL_AREA_STYLE_COLOUR('',#4838);
#7809 = CURVE_STYLE('',#7810,POSITIVE_LENGTH_MEASURE(0.1),#4838);
#7810 = DRAUGHTING_PRE_DEFINED_CURVE_FONT('continuous');
#7811 = STYLED_ITEM('color',(#7812),#4002);
#7812 = PRESENTATION_STYLE_ASSIGNMENT((#7813,#7818));
#7813 = SURFACE_STYLE_USAGE(.BOTH.,#7814);
#7814 = SURFACE_SIDE_STYLE('',(#7815));
#7815 = SURFACE_STYLE_FILL_AREA(#7816);
#7816 = FILL_AREA_STYLE('',(#7817));
#7817 = FILL_AREA_STYLE_COLOUR('',#4838);
#7818 = CURVE_STYLE('',#7819,POSITIVE_LENGTH_MEASURE(0.1),#4838);
#7819 = DRAUGHTING_PRE_DEFINED_CURVE_FONT('continuous');
#7820 = STYLED_ITEM('color',(#7821),#4014);
#7821 = PRESENTATION_STYLE_ASSIGNMENT((#7822,#7827));
#7822 = SURFACE_STYLE_USAGE(.BOTH.,#7823);
#7823 = SURFACE_SIDE_STYLE('',(#7824));
#7824 = SURFACE_STYLE_FILL_AREA(#7825);
#7825 = FILL_AREA_STYLE('',(#7826));
#7826 = FILL_AREA_STYLE_COLOUR('',#4838);
#7827 = CURVE_STYLE('',#7828,POSITIVE_LENGTH_MEASURE(0.1),#4838);
#7828 = DRAUGHTING_PRE_DEFINED_CURVE_FONT('continuous');
#7829 = STYLED_ITEM('color',(#7830),#4026);
#7830 = PRESENTATION_STYLE_ASSIGNMENT((#7831,#7836));
#7831 = SURFACE_STYLE_USAGE(.BOTH.,#7832);
#7832 = SURFACE_SIDE_STYLE('',(#7833));
#7833 = SURFACE_STYLE_FILL_AREA(#7834);
#7834 = FILL_AREA_STYLE('',(#7835));
#7835 = FILL_AREA_STYLE_COLOUR('',#4838);
#7836 = CURVE_STYLE('',#7837,POSITIVE_LENGTH_MEASURE(0.1),#4838);
#7837 = DRAUGHTING_PRE_DEFINED_CURVE_FONT('continuous');
#7838 = STYLED_ITEM('color',(#7839),#4038);
#7839 = PRESENTATION_STYLE_ASSIGNMENT((#7840,#7845));
#7840 = SURFACE_STYLE_USAGE(.BOTH.,#7841);
#7841 = SURFACE_SIDE_STYLE('',(#7842));
#7842 = SURFACE_STYLE_FILL_AREA(#7843);
#7843 = FILL_AREA_STYLE('',(#7844));
#7844 = FILL_AREA_STYLE_COLOUR('',#4838);
#7845 = CURVE_STYLE('',#7846,POSITIVE_LENGTH_MEASURE(0.1),#4838);
#7846 = DRAUGHTING_PRE_DEFINED_CURVE_FONT('continuous');
#7847 = STYLED_ITEM('color',(#7848),#4050);
#7848 = PRESENTATION_STYLE_ASSIGNMENT((#7849,#7854));
#7849 = SURFACE_STYLE_USAGE(.BOTH.,#7850);
#7850 = SURFACE_SIDE_STYLE('',(#7851));
#7851 = SURFACE_STYLE_FILL_AREA(#7852);
#7852 = FILL_AREA_STYLE('',(#7853));
#7853 = FILL_AREA_STYLE_COLOUR('',#4838);
#7854 = CURVE_STYLE('',#7855,POSITIVE_LENGTH_MEASURE(0.1),#4838);
#7855 = DRAUGHTING_PRE_DEFINED_CURVE_FONT('continuous');
#7856 = STYLED_ITEM('color',(#7857),#4062);
#7857 = PRESENTATION_STYLE_ASSIGNMENT((#7858,#7863));
#7858 = SURFACE_STYLE_USAGE(.BOTH.,#7859);
#7859 = SURFACE_SIDE_STYLE('',(#7860));
#7860 = SURFACE_STYLE_FILL_AREA(#7861);
#7861 = FILL_AREA_STYLE('',(#7862));
#7862 = FILL_AREA_STYLE_COLOUR('',#4838);
#7863 = CURVE_STYLE('',#7864,POSITIVE_LENGTH_MEASURE(0.1),#4838);
#7864 = DRAUGHTING_PRE_DEFINED_CURVE_FONT('continuous');
#7865 = STYLED_ITEM('color',(#7866),#4074);
#7866 = PRESENTATION_STYLE_ASSIGNMENT((#7867,#7872));
#7867 = SURFACE_STYLE_USAGE(.BOTH.,#7868);
#7868 = SURFACE_SIDE_STYLE('',(#7869));
#7869 = SURFACE_STYLE_FILL_AREA(#7870);
#7870 = FILL_AREA_STYLE('',(#7871));
#7871 = FILL_AREA_STYLE_COLOUR('',#4838);
#7872 = CURVE_STYLE('',#7873,POSITIVE_LENGTH_MEASURE(0.1),#4838);
#7873 = DRAUGHTING_PRE_DEFINED_CURVE_FONT('continuous');
#7874 = STYLED_ITEM('color',(#7875),#4086);
#7875 = PRESENTATION_STYLE_ASSIGNMENT((#7876,#7881));
#7876 = SURFACE_STYLE_USAGE(.BOTH.,#7877);
#7877 = SURFACE_SIDE_STYLE('',(#7878));
#7878 = SURFACE_STYLE_FILL_AREA(#7879);
#7879 = FILL_AREA_STYLE('',(#7880));
#7880 = FILL_AREA_STYLE_COLOUR('',#4838);
#7881 = CURVE_STYLE('',#7882,POSITIVE_LENGTH_MEASURE(0.1),#4838);
#7882 = DRAUGHTING_PRE_DEFINED_CURVE_FONT('continuous');
#7883 = STYLED_ITEM('color',(#7884),#4098);
#7884 = PRESENTATION_STYLE_ASSIGNMENT((#7885,#7890));
#7885 = SURFACE_STYLE_USAGE(.BOTH.,#7886);
#7886 = SURFACE_SIDE_STYLE('',(#7887));
#7887 = SURFACE_STYLE_FILL_AREA(#7888);
#7888 = FILL_AREA_STYLE('',(#7889));
#7889 = FILL_AREA_STYLE_COLOUR('',#4838);
#7890 = CURVE_STYLE('',#7891,POSITIVE_LENGTH_MEASURE(0.1),#4838);
#7891 = DRAUGHTING_PRE_DEFINED_CURVE_FONT('continuous');
#7892 = STYLED_ITEM('color',(#7893),#4110);
#7893 = PRESENTATION_STYLE_ASSIGNMENT((#7894,#7899));
#7894 = SURFACE_STYLE_USAGE(.BOTH.,#7895);
#7895 = SURFACE_SIDE_STYLE('',(#7896));
#7896 = SURFACE_STYLE_FILL_AREA(#7897);
#7897 = FILL_AREA_STYLE('',(#7898));
#7898 = FILL_AREA_STYLE_COLOUR('',#4838);
#7899 = CURVE_STYLE('',#7900,POSITIVE_LENGTH_MEASURE(0.1),#4838);
#7900 = DRAUGHTING_PRE_DEFINED_CURVE_FONT('continuous');
#7901 = STYLED_ITEM('color',(#7902),#4122);
#7902 = PRESENTATION_STYLE_ASSIGNMENT((#7903,#7908));
#7903 = SURFACE_STYLE_USAGE(.BOTH.,#7904);
#7904 = SURFACE_SIDE_STYLE('',(#7905));
#7905 = SURFACE_STYLE_FILL_AREA(#7906);
#7906 = FILL_AREA_STYLE('',(#7907));
#7907 = FILL_AREA_STYLE_COLOUR('',#4838);
#7908 = CURVE_STYLE('',#7909,POSITIVE_LENGTH_MEASURE(0.1),#4838);
#7909 = DRAUGHTING_PRE_DEFINED_CURVE_FONT('continuous');
#7910 = STYLED_ITEM('color',(#7911),#4134);
#7911 = PRESENTATION_STYLE_ASSIGNMENT((#7912,#7917));
#7912 = SURFACE_STYLE_USAGE(.BOTH.,#7913);
#7913 = SURFACE_SIDE_STYLE('',(#7914));
#7914 = SURFACE_STYLE_FILL_AREA(#7915);
#7915 = FILL_AREA_STYLE('',(#7916));
#7916 = FILL_AREA_STYLE_COLOUR('',#4838);
#7917 = CURVE_STYLE('',#7918,POSITIVE_LENGTH_MEASURE(0.1),#4838);
#7918 = DRAUGHTING_PRE_DEFINED_CURVE_FONT('continuous');
#7919 = STYLED_ITEM('color',(#7920),#4146);
#7920 = PRESENTATION_STYLE_ASSIGNMENT((#7921,#7926));
#7921 = SURFACE_STYLE_USAGE(.BOTH.,#7922);
#7922 = SURFACE_SIDE_STYLE('',(#7923));
#7923 = SURFACE_STYLE_FILL_AREA(#7924);
#7924 = FILL_AREA_STYLE('',(#7925));
#7925 = FILL_AREA_STYLE_COLOUR('',#4838);
#7926 = CURVE_STYLE('',#7927,POSITIVE_LENGTH_MEASURE(0.1),#4838);
#7927 = DRAUGHTING_PRE_DEFINED_CURVE_FONT('continuous');
#7928 = STYLED_ITEM('color',(#7929),#4158);
#7929 = PRESENTATION_STYLE_ASSIGNMENT((#7930,#7935));
#7930 = SURFACE_STYLE_USAGE(.BOTH.,#7931);
#7931 = SURFACE_SIDE_STYLE('',(#7932));
#7932 = SURFACE_STYLE_FILL_AREA(#7933);
#7933 = FILL_AREA_STYLE('',(#7934));
#7934 = FILL_AREA_STYLE_COLOUR('',#4838);
#7935 = CURVE_STYLE('',#7936,POSITIVE_LENGTH_MEASURE(0.1),#4838);
#7936 = DRAUGHTING_PRE_DEFINED_CURVE_FONT('continuous');
#7937 = STYLED_ITEM('color',(#7938),#4170);
#7938 = PRESENTATION_STYLE_ASSIGNMENT((#7939,#7944));
#7939 = SURFACE_STYLE_USAGE(.BOTH.,#7940);
#7940 = SURFACE_SIDE_STYLE('',(#7941));
#7941 = SURFACE_STYLE_FILL_AREA(#7942);
#7942 = FILL_AREA_STYLE('',(#7943));
#7943 = FILL_AREA_STYLE_COLOUR('',#4838);
#7944 = CURVE_STYLE('',#7945,POSITIVE_LENGTH_MEASURE(0.1),#4838);
#7945 = DRAUGHTING_PRE_DEFINED_CURVE_FONT('continuous');
#7946 = STYLED_ITEM('color',(#7947),#4182);
#7947 = PRESENTATION_STYLE_ASSIGNMENT((#7948,#7953));
#7948 = SURFACE_STYLE_USAGE(.BOTH.,#7949);
#7949 = SURFACE_SIDE_STYLE('',(#7950));
#7950 = SURFACE_STYLE_FILL_AREA(#7951);
#7951 = FILL_AREA_STYLE('',(#7952));
#7952 = FILL_AREA_STYLE_COLOUR('',#4838);
#7953 = CURVE_STYLE('',#7954,POSITIVE_LENGTH_MEASURE(0.1),#4838);
#7954 = DRAUGHTING_PRE_DEFINED_CURVE_FONT('continuous');
#7955 = STYLED_ITEM('color',(#7956),#4194);
#7956 = PRESENTATION_STYLE_ASSIGNMENT((#7957,#7962));
#7957 = SURFACE_STYLE_USAGE(.BOTH.,#7958);
#7958 = SURFACE_SIDE_STYLE('',(#7959));
#7959 = SURFACE_STYLE_FILL_AREA(#7960);
#7960 = FILL_AREA_STYLE('',(#7961));
#7961 = FILL_AREA_STYLE_COLOUR('',#4838);
#7962 = CURVE_STYLE('',#7963,POSITIVE_LENGTH_MEASURE(0.1),#4838);
#7963 = DRAUGHTING_PRE_DEFINED_CURVE_FONT('continuous');
#7964 = STYLED_ITEM('color',(#7965),#4206);
#7965 = PRESENTATION_STYLE_ASSIGNMENT((#7966,#7971));
#7966 = SURFACE_STYLE_USAGE(.BOTH.,#7967);
#7967 = SURFACE_SIDE_STYLE('',(#7968));
#7968 = SURFACE_STYLE_FILL_AREA(#7969);
#7969 = FILL_AREA_STYLE('',(#7970));
#7970 = FILL_AREA_STYLE_COLOUR('',#4838);
#7971 = CURVE_STYLE('',#7972,POSITIVE_LENGTH_MEASURE(0.1),#4838);
#7972 = DRAUGHTING_PRE_DEFINED_CURVE_FONT('continuous');
#7973 = STYLED_ITEM('color',(#7974),#4218);
#7974 = PRESENTATION_STYLE_ASSIGNMENT((#7975,#7980));
#7975 = SURFACE_STYLE_USAGE(.BOTH.,#7976);
#7976 = SURFACE_SIDE_STYLE('',(#7977));
#7977 = SURFACE_STYLE_FILL_AREA(#7978);
#7978 = FILL_AREA_STYLE('',(#7979));
#7979 = FILL_AREA_STYLE_COLOUR('',#4838);
#7980 = CURVE_STYLE('',#7981,POSITIVE_LENGTH_MEASURE(0.1),#4838);
#7981 = DRAUGHTING_PRE_DEFINED_CURVE_FONT('continuous');
#7982 = STYLED_ITEM('color',(#7983),#4230);
#7983 = PRESENTATION_STYLE_ASSIGNMENT((#7984,#7989));
#7984 = SURFACE_STYLE_USAGE(.BOTH.,#7985);
#7985 = SURFACE_SIDE_STYLE('',(#7986));
#7986 = SURFACE_STYLE_FILL_AREA(#7987);
#7987 = FILL_AREA_STYLE('',(#7988));
#7988 = FILL_AREA_STYLE_COLOUR('',#4838);
#7989 = CURVE_STYLE('',#7990,POSITIVE_LENGTH_MEASURE(0.1),#4838);
#7990 = DRAUGHTING_PRE_DEFINED_CURVE_FONT('continuous');
#7991 = STYLED_ITEM('color',(#7992),#4242);
#7992 = PRESENTATION_STYLE_ASSIGNMENT((#7993,#7998));
#7993 = SURFACE_STYLE_USAGE(.BOTH.,#7994);
#7994 = SURFACE_SIDE_STYLE('',(#7995));
#7995 = SURFACE_STYLE_FILL_AREA(#7996);
#7996 = FILL_AREA_STYLE('',(#7997));
#7997 = FILL_AREA_STYLE_COLOUR('',#4838);
#7998 = CURVE_STYLE('',#7999,POSITIVE_LENGTH_MEASURE(0.1),#4838);
#7999 = DRAUGHTING_PRE_DEFINED_CURVE_FONT('continuous');
#8000 = STYLED_ITEM('color',(#8001),#4254);
#8001 = PRESENTATION_STYLE_ASSIGNMENT((#8002,#8007));
#8002 = SURFACE_STYLE_USAGE(.BOTH.,#8003);
#8003 = SURFACE_SIDE_STYLE('',(#8004));
#8004 = SURFACE_STYLE_FILL_AREA(#8005);
#8005 = FILL_AREA_STYLE('',(#8006));
#8006 = FILL_AREA_STYLE_COLOUR('',#4838);
#8007 = CURVE_STYLE('',#8008,POSITIVE_LENGTH_MEASURE(0.1),#4838);
#8008 = DRAUGHTING_PRE_DEFINED_CURVE_FONT('continuous');
#8009 = STYLED_ITEM('color',(#8010),#4266);
#8010 = PRESENTATION_STYLE_ASSIGNMENT((#8011,#8016));
#8011 = SURFACE_STYLE_USAGE(.BOTH.,#8012);
#8012 = SURFACE_SIDE_STYLE('',(#8013));
#8013 = SURFACE_STYLE_FILL_AREA(#8014);
#8014 = FILL_AREA_STYLE('',(#8015));
#8015 = FILL_AREA_STYLE_COLOUR('',#4838);
#8016 = CURVE_STYLE('',#8017,POSITIVE_LENGTH_MEASURE(0.1),#4838);
#8017 = DRAUGHTING_PRE_DEFINED_CURVE_FONT('continuous');
#8018 = STYLED_ITEM('color',(#8019),#4278);
#8019 = PRESENTATION_STYLE_ASSIGNMENT((#8020,#8025));
#8020 = SURFACE_STYLE_USAGE(.BOTH.,#8021);
#8021 = SURFACE_SIDE_STYLE('',(#8022));
#8022 = SURFACE_STYLE_FILL_AREA(#8023);
#8023 = FILL_AREA_STYLE('',(#8024));
#8024 = FILL_AREA_STYLE_COLOUR('',#4838);
#8025 = CURVE_STYLE('',#8026,POSITIVE_LENGTH_MEASURE(0.1),#4838);
#8026 = DRAUGHTING_PRE_DEFINED_CURVE_FONT('continuous');
#8027 = STYLED_ITEM('color',(#8028),#4290);
#8028 = PRESENTATION_STYLE_ASSIGNMENT((#8029,#8034));
#8029 = SURFACE_STYLE_USAGE(.BOTH.,#8030);
#8030 = SURFACE_SIDE_STYLE('',(#8031));
#8031 = SURFACE_STYLE_FILL_AREA(#8032);
#8032 = FILL_AREA_STYLE('',(#8033));
#8033 = FILL_AREA_STYLE_COLOUR('',#4838);
#8034 = CURVE_STYLE('',#8035,POSITIVE_LENGTH_MEASURE(0.1),#4838);
#8035 = DRAUGHTING_PRE_DEFINED_CURVE_FONT('continuous');
#8036 = STYLED_ITEM('color',(#8037),#4302);
#8037 = PRESENTATION_STYLE_ASSIGNMENT((#8038,#8043));
#8038 = SURFACE_STYLE_USAGE(.BOTH.,#8039);
#8039 = SURFACE_SIDE_STYLE('',(#8040));
#8040 = SURFACE_STYLE_FILL_AREA(#8041);
#8041 = FILL_AREA_STYLE('',(#8042));
#8042 = FILL_AREA_STYLE_COLOUR('',#4838);
#8043 = CURVE_STYLE('',#8044,POSITIVE_LENGTH_MEASURE(0.1),#4838);
#8044 = DRAUGHTING_PRE_DEFINED_CURVE_FONT('continuous');
#8045 = STYLED_ITEM('color',(#8046),#4314);
#8046 = PRESENTATION_STYLE_ASSIGNMENT((#8047,#8052));
#8047 = SURFACE_STYLE_USAGE(.BOTH.,#8048);
#8048 = SURFACE_SIDE_STYLE('',(#8049));
#8049 = SURFACE_STYLE_FILL_AREA(#8050);
#8050 = FILL_AREA_STYLE('',(#8051));
#8051 = FILL_AREA_STYLE_COLOUR('',#4838);
#8052 = CURVE_STYLE('',#8053,POSITIVE_LENGTH_MEASURE(0.1),#4838);
#8053 = DRAUGHTING_PRE_DEFINED_CURVE_FONT('continuous');
#8054 = STYLED_ITEM('color',(#8055),#4326);
#8055 = PRESENTATION_STYLE_ASSIGNMENT((#8056,#8061));
#8056 = SURFACE_STYLE_USAGE(.BOTH.,#8057);
#8057 = SURFACE_SIDE_STYLE('',(#8058));
#8058 = SURFACE_STYLE_FILL_AREA(#8059);
#8059 = FILL_AREA_STYLE('',(#8060));
#8060 = FILL_AREA_STYLE_COLOUR('',#4838);
#8061 = CURVE_STYLE('',#8062,POSITIVE_LENGTH_MEASURE(0.1),#4838);
#8062 = DRAUGHTING_PRE_DEFINED_CURVE_FONT('continuous');
#8063 = STYLED_ITEM('color',(#8064),#4338);
#8064 = PRESENTATION_STYLE_ASSIGNMENT((#8065,#8070));
#8065 = SURFACE_STYLE_USAGE(.BOTH.,#8066);
#8066 = SURFACE_SIDE_STYLE('',(#8067));
#8067 = SURFACE_STYLE_FILL_AREA(#8068);
#8068 = FILL_AREA_STYLE('',(#8069));
#8069 = FILL_AREA_STYLE_COLOUR('',#4838);
#8070 = CURVE_STYLE('',#8071,POSITIVE_LENGTH_MEASURE(0.1),#4838);
#8071 = DRAUGHTING_PRE_DEFINED_CURVE_FONT('continuous');
#8072 = STYLED_ITEM('color',(#8073),#4350);
#8073 = PRESENTATION_STYLE_ASSIGNMENT((#8074,#8079));
#8074 = SURFACE_STYLE_USAGE(.BOTH.,#8075);
#8075 = SURFACE_SIDE_STYLE('',(#8076));
#8076 = SURFACE_STYLE_FILL_AREA(#8077);
#8077 = FILL_AREA_STYLE('',(#8078));
#8078 = FILL_AREA_STYLE_COLOUR('',#4838);
#8079 = CURVE_STYLE('',#8080,POSITIVE_LENGTH_MEASURE(0.1),#4838);
#8080 = DRAUGHTING_PRE_DEFINED_CURVE_FONT('continuous');
ENDSEC;
END-ISO-10303-21;
