ISO-10303-21;
HEADER;
FILE_DESCRIPTION(('FreeCAD Model'),'2;1');
FILE_NAME('/var/www/3D/0T/18812324.1.1.stp','2024-06-11T10:24:13',(
    'Author'),(''),'Open CASCADE STEP processor 6.9','FreeCAD','Unknown'
  );
FILE_SCHEMA(('AUTOMOTIVE_DESIGN { 1 0 10303 214 1 1 1 1 }'));
ENDSEC;
DATA;
#1 = APPLICATION_PROTOCOL_DEFINITION('international standard',
  'automotive_design',2000,#2);
#2 = APPLICATION_CONTEXT(
  'core data for automotive mechanical design processes');
#3 = SHAPE_DEFINITION_REPRESENTATION(#4,#10);
#4 = PRODUCT_DEFINITION_SHAPE('','',#5);
#5 = PRODUCT_DEFINITION('design','',#6,#9);
#6 = PRODUCT_DEFINITION_FORMATION('','',#7);
#7 = PRODUCT('ASSEMBLY','ASSEMBLY','',(#8));
#8 = PRODUCT_CONTEXT('',#2,'mechanical');
#9 = PRODUCT_DEFINITION_CONTEXT('part definition',#2,'design');
#10 = SHAPE_REPRESENTATION('',(#11,#15,#19,#23,#27,#31,#35,#39,#43,#47,
    #51,#55,#59,#63,#67,#71,#75,#79,#83,#87,#91,#95,#99,#103,#107,#111,
    #115,#119,#123,#127,#131,#135,#139,#143,#147,#151,#155,#159,#163,
    #167,#171,#175,#179,#183,#187,#191,#195,#199,#203,#207,#211,#215,
    #219,#223,#227,#231,#235,#239,#243,#247,#251,#255,#259,#263,#267,
    #271,#275,#279,#283,#287,#291,#295,#299,#303,#307,#311,#315,#319,
    #323,#327,#331,#335,#339,#343,#347,#351,#355,#359,#363,#367,#371,
    #375,#379,#383,#387,#391,#395,#399,#403,#407,#411,#415,#419,#423,
    #427,#431,#435,#439,#443,#447,#451,#455,#459,#463,#467,#471,#475,
    #479,#483,#487,#491,#495,#499,#503,#507,#511,#515,#519,#523,#527,
    #531,#535,#539,#543,#547,#551,#555,#559,#563,#567,#571,#575,#579,
    #583,#587,#591,#595,#599,#603,#607,#611,#615,#619,#623,#627,#631,
    #635,#639,#643,#647,#651,#655,#659,#663,#667,#671,#675,#679,#683,
    #687,#691,#695,#699,#703,#707,#711,#715,#719,#723,#727,#731,#735,
    #739,#743,#747,#751,#755,#759,#763,#767,#771,#775,#779,#783,#787,
    #791,#795,#799,#803,#807,#811,#815,#819,#823,#827,#831,#835,#839,
    #843,#847,#851,#855,#859,#863,#867,#871,#875,#879,#883,#887,#891,
    #895,#899,#903,#907,#911,#915,#919,#923,#927,#931,#935,#939,#943,
    #947,#951,#955,#959,#963,#967,#971,#975,#979,#983,#987,#991,#995,
    #999,#1003,#1007,#1011,#1015,#1019,#1023,#1027,#1031,#1035,#1039,
    #1043,#1047,#1051,#1055,#1059,#1063,#1067,#1071,#1075,#1079),#1083);
#11 = AXIS2_PLACEMENT_3D('',#12,#13,#14);
#12 = CARTESIAN_POINT('',(0.,0.,0.));
#13 = DIRECTION('',(0.,0.,1.));
#14 = DIRECTION('',(1.,0.,-0.));
#15 = AXIS2_PLACEMENT_3D('',#16,#17,#18);
#16 = CARTESIAN_POINT('',(-5.525,5.525,0.205));
#17 = DIRECTION('',(0.,0.,1.));
#18 = DIRECTION('',(1.,0.,0.));
#19 = AXIS2_PLACEMENT_3D('',#20,#21,#22);
#20 = CARTESIAN_POINT('',(-4.875,5.525,0.205));
#21 = DIRECTION('',(0.,0.,1.));
#22 = DIRECTION('',(1.,0.,0.));
#23 = AXIS2_PLACEMENT_3D('',#24,#25,#26);
#24 = CARTESIAN_POINT('',(-3.575,5.525,0.205));
#25 = DIRECTION('',(0.,0.,1.));
#26 = DIRECTION('',(1.,0.,0.));
#27 = AXIS2_PLACEMENT_3D('',#28,#29,#30);
#28 = CARTESIAN_POINT('',(-2.275,5.525,0.205));
#29 = DIRECTION('',(0.,0.,1.));
#30 = DIRECTION('',(1.,0.,0.));
#31 = AXIS2_PLACEMENT_3D('',#32,#33,#34);
#32 = CARTESIAN_POINT('',(-0.975,5.525,0.205));
#33 = DIRECTION('',(0.,0.,1.));
#34 = DIRECTION('',(1.,0.,0.));
#35 = AXIS2_PLACEMENT_3D('',#36,#37,#38);
#36 = CARTESIAN_POINT('',(0.325,5.525,0.205));
#37 = DIRECTION('',(0.,0.,1.));
#38 = DIRECTION('',(1.,0.,0.));
#39 = AXIS2_PLACEMENT_3D('',#40,#41,#42);
#40 = CARTESIAN_POINT('',(0.975,5.525,0.205));
#41 = DIRECTION('',(0.,0.,1.));
#42 = DIRECTION('',(1.,0.,0.));
#43 = AXIS2_PLACEMENT_3D('',#44,#45,#46);
#44 = CARTESIAN_POINT('',(1.625,5.525,0.205));
#45 = DIRECTION('',(0.,0.,1.));
#46 = DIRECTION('',(1.,0.,0.));
#47 = AXIS2_PLACEMENT_3D('',#48,#49,#50);
#48 = CARTESIAN_POINT('',(2.275,5.525,0.205));
#49 = DIRECTION('',(0.,0.,1.));
#50 = DIRECTION('',(1.,0.,0.));
#51 = AXIS2_PLACEMENT_3D('',#52,#53,#54);
#52 = CARTESIAN_POINT('',(2.925,5.525,0.205));
#53 = DIRECTION('',(0.,0.,1.));
#54 = DIRECTION('',(1.,0.,0.));
#55 = AXIS2_PLACEMENT_3D('',#56,#57,#58);
#56 = CARTESIAN_POINT('',(3.575,5.525,0.205));
#57 = DIRECTION('',(0.,0.,1.));
#58 = DIRECTION('',(1.,0.,0.));
#59 = AXIS2_PLACEMENT_3D('',#60,#61,#62);
#60 = CARTESIAN_POINT('',(4.225,5.525,0.205));
#61 = DIRECTION('',(0.,0.,1.));
#62 = DIRECTION('',(1.,0.,0.));
#63 = AXIS2_PLACEMENT_3D('',#64,#65,#66);
#64 = CARTESIAN_POINT('',(4.875,5.525,0.205));
#65 = DIRECTION('',(0.,0.,1.));
#66 = DIRECTION('',(1.,0.,0.));
#67 = AXIS2_PLACEMENT_3D('',#68,#69,#70);
#68 = CARTESIAN_POINT('',(5.525,5.525,0.205));
#69 = DIRECTION('',(0.,0.,1.));
#70 = DIRECTION('',(1.,0.,0.));
#71 = AXIS2_PLACEMENT_3D('',#72,#73,#74);
#72 = CARTESIAN_POINT('',(-5.525,4.875,0.205));
#73 = DIRECTION('',(0.,0.,1.));
#74 = DIRECTION('',(1.,0.,0.));
#75 = AXIS2_PLACEMENT_3D('',#76,#77,#78);
#76 = CARTESIAN_POINT('',(-4.875,4.875,0.205));
#77 = DIRECTION('',(0.,0.,1.));
#78 = DIRECTION('',(1.,0.,0.));
#79 = AXIS2_PLACEMENT_3D('',#80,#81,#82);
#80 = CARTESIAN_POINT('',(-4.225,4.875,0.205));
#81 = DIRECTION('',(0.,0.,1.));
#82 = DIRECTION('',(1.,0.,0.));
#83 = AXIS2_PLACEMENT_3D('',#84,#85,#86);
#84 = CARTESIAN_POINT('',(-3.575,4.875,0.205));
#85 = DIRECTION('',(0.,0.,1.));
#86 = DIRECTION('',(1.,0.,0.));
#87 = AXIS2_PLACEMENT_3D('',#88,#89,#90);
#88 = CARTESIAN_POINT('',(-2.925,4.875,0.205));
#89 = DIRECTION('',(0.,0.,1.));
#90 = DIRECTION('',(1.,0.,0.));
#91 = AXIS2_PLACEMENT_3D('',#92,#93,#94);
#92 = CARTESIAN_POINT('',(-2.275,4.875,0.205));
#93 = DIRECTION('',(0.,0.,1.));
#94 = DIRECTION('',(1.,0.,0.));
#95 = AXIS2_PLACEMENT_3D('',#96,#97,#98);
#96 = CARTESIAN_POINT('',(-1.625,4.875,0.205));
#97 = DIRECTION('',(0.,0.,1.));
#98 = DIRECTION('',(1.,0.,0.));
#99 = AXIS2_PLACEMENT_3D('',#100,#101,#102);
#100 = CARTESIAN_POINT('',(-0.975,4.875,0.205));
#101 = DIRECTION('',(0.,0.,1.));
#102 = DIRECTION('',(1.,0.,0.));
#103 = AXIS2_PLACEMENT_3D('',#104,#105,#106);
#104 = CARTESIAN_POINT('',(-0.325,4.875,0.205));
#105 = DIRECTION('',(0.,0.,1.));
#106 = DIRECTION('',(1.,0.,0.));
#107 = AXIS2_PLACEMENT_3D('',#108,#109,#110);
#108 = CARTESIAN_POINT('',(0.325,4.875,0.205));
#109 = DIRECTION('',(0.,0.,1.));
#110 = DIRECTION('',(1.,0.,0.));
#111 = AXIS2_PLACEMENT_3D('',#112,#113,#114);
#112 = CARTESIAN_POINT('',(0.975,4.875,0.205));
#113 = DIRECTION('',(0.,0.,1.));
#114 = DIRECTION('',(1.,0.,0.));
#115 = AXIS2_PLACEMENT_3D('',#116,#117,#118);
#116 = CARTESIAN_POINT('',(1.625,4.875,0.205));
#117 = DIRECTION('',(0.,0.,1.));
#118 = DIRECTION('',(1.,0.,0.));
#119 = AXIS2_PLACEMENT_3D('',#120,#121,#122);
#120 = CARTESIAN_POINT('',(2.275,4.875,0.205));
#121 = DIRECTION('',(0.,0.,1.));
#122 = DIRECTION('',(1.,0.,0.));
#123 = AXIS2_PLACEMENT_3D('',#124,#125,#126);
#124 = CARTESIAN_POINT('',(2.925,4.875,0.205));
#125 = DIRECTION('',(0.,0.,1.));
#126 = DIRECTION('',(1.,0.,0.));
#127 = AXIS2_PLACEMENT_3D('',#128,#129,#130);
#128 = CARTESIAN_POINT('',(3.575,4.875,0.205));
#129 = DIRECTION('',(0.,0.,1.));
#130 = DIRECTION('',(1.,0.,0.));
#131 = AXIS2_PLACEMENT_3D('',#132,#133,#134);
#132 = CARTESIAN_POINT('',(4.225,4.875,0.205));
#133 = DIRECTION('',(0.,0.,1.));
#134 = DIRECTION('',(1.,0.,0.));
#135 = AXIS2_PLACEMENT_3D('',#136,#137,#138);
#136 = CARTESIAN_POINT('',(4.875,4.875,0.205));
#137 = DIRECTION('',(0.,0.,1.));
#138 = DIRECTION('',(1.,0.,0.));
#139 = AXIS2_PLACEMENT_3D('',#140,#141,#142);
#140 = CARTESIAN_POINT('',(5.525,4.875,0.205));
#141 = DIRECTION('',(0.,0.,1.));
#142 = DIRECTION('',(1.,0.,0.));
#143 = AXIS2_PLACEMENT_3D('',#144,#145,#146);
#144 = CARTESIAN_POINT('',(-5.525,4.225,0.205));
#145 = DIRECTION('',(0.,0.,1.));
#146 = DIRECTION('',(1.,0.,0.));
#147 = AXIS2_PLACEMENT_3D('',#148,#149,#150);
#148 = CARTESIAN_POINT('',(-4.875,4.225,0.205));
#149 = DIRECTION('',(0.,0.,1.));
#150 = DIRECTION('',(1.,0.,0.));
#151 = AXIS2_PLACEMENT_3D('',#152,#153,#154);
#152 = CARTESIAN_POINT('',(-4.225,4.225,0.205));
#153 = DIRECTION('',(0.,0.,1.));
#154 = DIRECTION('',(1.,0.,0.));
#155 = AXIS2_PLACEMENT_3D('',#156,#157,#158);
#156 = CARTESIAN_POINT('',(-3.575,4.225,0.205));
#157 = DIRECTION('',(0.,0.,1.));
#158 = DIRECTION('',(1.,0.,0.));
#159 = AXIS2_PLACEMENT_3D('',#160,#161,#162);
#160 = CARTESIAN_POINT('',(-2.925,4.225,0.205));
#161 = DIRECTION('',(0.,0.,1.));
#162 = DIRECTION('',(1.,0.,0.));
#163 = AXIS2_PLACEMENT_3D('',#164,#165,#166);
#164 = CARTESIAN_POINT('',(-2.275,4.225,0.205));
#165 = DIRECTION('',(0.,0.,1.));
#166 = DIRECTION('',(1.,0.,0.));
#167 = AXIS2_PLACEMENT_3D('',#168,#169,#170);
#168 = CARTESIAN_POINT('',(-1.625,4.225,0.205));
#169 = DIRECTION('',(0.,0.,1.));
#170 = DIRECTION('',(1.,0.,0.));
#171 = AXIS2_PLACEMENT_3D('',#172,#173,#174);
#172 = CARTESIAN_POINT('',(-0.975,4.225,0.205));
#173 = DIRECTION('',(0.,0.,1.));
#174 = DIRECTION('',(1.,0.,0.));
#175 = AXIS2_PLACEMENT_3D('',#176,#177,#178);
#176 = CARTESIAN_POINT('',(-0.325,4.225,0.205));
#177 = DIRECTION('',(0.,0.,1.));
#178 = DIRECTION('',(1.,0.,0.));
#179 = AXIS2_PLACEMENT_3D('',#180,#181,#182);
#180 = CARTESIAN_POINT('',(0.325,4.225,0.205));
#181 = DIRECTION('',(0.,0.,1.));
#182 = DIRECTION('',(1.,0.,0.));
#183 = AXIS2_PLACEMENT_3D('',#184,#185,#186);
#184 = CARTESIAN_POINT('',(0.975,4.225,0.205));
#185 = DIRECTION('',(0.,0.,1.));
#186 = DIRECTION('',(1.,0.,0.));
#187 = AXIS2_PLACEMENT_3D('',#188,#189,#190);
#188 = CARTESIAN_POINT('',(1.625,4.225,0.205));
#189 = DIRECTION('',(0.,0.,1.));
#190 = DIRECTION('',(1.,0.,0.));
#191 = AXIS2_PLACEMENT_3D('',#192,#193,#194);
#192 = CARTESIAN_POINT('',(2.925,4.225,0.205));
#193 = DIRECTION('',(0.,0.,1.));
#194 = DIRECTION('',(1.,0.,0.));
#195 = AXIS2_PLACEMENT_3D('',#196,#197,#198);
#196 = CARTESIAN_POINT('',(4.225,4.225,0.205));
#197 = DIRECTION('',(0.,0.,1.));
#198 = DIRECTION('',(1.,0.,0.));
#199 = AXIS2_PLACEMENT_3D('',#200,#201,#202);
#200 = CARTESIAN_POINT('',(4.875,4.225,0.205));
#201 = DIRECTION('',(0.,0.,1.));
#202 = DIRECTION('',(1.,0.,0.));
#203 = AXIS2_PLACEMENT_3D('',#204,#205,#206);
#204 = CARTESIAN_POINT('',(5.525,4.225,0.205));
#205 = DIRECTION('',(0.,0.,1.));
#206 = DIRECTION('',(1.,0.,0.));
#207 = AXIS2_PLACEMENT_3D('',#208,#209,#210);
#208 = CARTESIAN_POINT('',(-5.525,3.575,0.205));
#209 = DIRECTION('',(0.,0.,1.));
#210 = DIRECTION('',(1.,0.,0.));
#211 = AXIS2_PLACEMENT_3D('',#212,#213,#214);
#212 = CARTESIAN_POINT('',(-4.875,3.575,0.205));
#213 = DIRECTION('',(0.,0.,1.));
#214 = DIRECTION('',(1.,0.,0.));
#215 = AXIS2_PLACEMENT_3D('',#216,#217,#218);
#216 = CARTESIAN_POINT('',(-4.225,3.575,0.205));
#217 = DIRECTION('',(0.,0.,1.));
#218 = DIRECTION('',(1.,0.,0.));
#219 = AXIS2_PLACEMENT_3D('',#220,#221,#222);
#220 = CARTESIAN_POINT('',(-2.275,3.575,0.205));
#221 = DIRECTION('',(0.,0.,1.));
#222 = DIRECTION('',(1.,0.,0.));
#223 = AXIS2_PLACEMENT_3D('',#224,#225,#226);
#224 = CARTESIAN_POINT('',(-1.625,3.575,0.205));
#225 = DIRECTION('',(0.,0.,1.));
#226 = DIRECTION('',(1.,0.,0.));
#227 = AXIS2_PLACEMENT_3D('',#228,#229,#230);
#228 = CARTESIAN_POINT('',(-0.325,3.575,0.205));
#229 = DIRECTION('',(0.,0.,1.));
#230 = DIRECTION('',(1.,0.,0.));
#231 = AXIS2_PLACEMENT_3D('',#232,#233,#234);
#232 = CARTESIAN_POINT('',(0.975,3.575,0.205));
#233 = DIRECTION('',(0.,0.,1.));
#234 = DIRECTION('',(1.,0.,0.));
#235 = AXIS2_PLACEMENT_3D('',#236,#237,#238);
#236 = CARTESIAN_POINT('',(2.275,3.575,0.205));
#237 = DIRECTION('',(0.,0.,1.));
#238 = DIRECTION('',(1.,0.,0.));
#239 = AXIS2_PLACEMENT_3D('',#240,#241,#242);
#240 = CARTESIAN_POINT('',(3.575,3.575,0.205));
#241 = DIRECTION('',(0.,0.,1.));
#242 = DIRECTION('',(1.,0.,0.));
#243 = AXIS2_PLACEMENT_3D('',#244,#245,#246);
#244 = CARTESIAN_POINT('',(4.225,3.575,0.205));
#245 = DIRECTION('',(0.,0.,1.));
#246 = DIRECTION('',(1.,0.,0.));
#247 = AXIS2_PLACEMENT_3D('',#248,#249,#250);
#248 = CARTESIAN_POINT('',(4.875,3.575,0.205));
#249 = DIRECTION('',(0.,0.,1.));
#250 = DIRECTION('',(1.,0.,0.));
#251 = AXIS2_PLACEMENT_3D('',#252,#253,#254);
#252 = CARTESIAN_POINT('',(5.525,3.575,0.205));
#253 = DIRECTION('',(0.,0.,1.));
#254 = DIRECTION('',(1.,0.,0.));
#255 = AXIS2_PLACEMENT_3D('',#256,#257,#258);
#256 = CARTESIAN_POINT('',(-5.525,2.925,0.205));
#257 = DIRECTION('',(0.,0.,1.));
#258 = DIRECTION('',(1.,0.,0.));
#259 = AXIS2_PLACEMENT_3D('',#260,#261,#262);
#260 = CARTESIAN_POINT('',(-4.875,2.925,0.205));
#261 = DIRECTION('',(0.,0.,1.));
#262 = DIRECTION('',(1.,0.,0.));
#263 = AXIS2_PLACEMENT_3D('',#264,#265,#266);
#264 = CARTESIAN_POINT('',(-4.225,2.925,0.205));
#265 = DIRECTION('',(0.,0.,1.));
#266 = DIRECTION('',(1.,0.,0.));
#267 = AXIS2_PLACEMENT_3D('',#268,#269,#270);
#268 = CARTESIAN_POINT('',(-3.575,2.925,0.205));
#269 = DIRECTION('',(0.,0.,1.));
#270 = DIRECTION('',(1.,0.,0.));
#271 = AXIS2_PLACEMENT_3D('',#272,#273,#274);
#272 = CARTESIAN_POINT('',(0.975,2.925,0.205));
#273 = DIRECTION('',(0.,0.,1.));
#274 = DIRECTION('',(1.,0.,0.));
#275 = AXIS2_PLACEMENT_3D('',#276,#277,#278);
#276 = CARTESIAN_POINT('',(1.625,2.925,0.205));
#277 = DIRECTION('',(0.,0.,1.));
#278 = DIRECTION('',(1.,0.,0.));
#279 = AXIS2_PLACEMENT_3D('',#280,#281,#282);
#280 = CARTESIAN_POINT('',(2.275,2.925,0.205));
#281 = DIRECTION('',(0.,0.,1.));
#282 = DIRECTION('',(1.,0.,0.));
#283 = AXIS2_PLACEMENT_3D('',#284,#285,#286);
#284 = CARTESIAN_POINT('',(2.925,2.925,0.205));
#285 = DIRECTION('',(0.,0.,1.));
#286 = DIRECTION('',(1.,0.,0.));
#287 = AXIS2_PLACEMENT_3D('',#288,#289,#290);
#288 = CARTESIAN_POINT('',(3.575,2.925,0.205));
#289 = DIRECTION('',(0.,0.,1.));
#290 = DIRECTION('',(1.,0.,0.));
#291 = AXIS2_PLACEMENT_3D('',#292,#293,#294);
#292 = CARTESIAN_POINT('',(4.875,2.925,0.205));
#293 = DIRECTION('',(0.,0.,1.));
#294 = DIRECTION('',(1.,0.,0.));
#295 = AXIS2_PLACEMENT_3D('',#296,#297,#298);
#296 = CARTESIAN_POINT('',(5.525,2.925,0.205));
#297 = DIRECTION('',(0.,0.,1.));
#298 = DIRECTION('',(1.,0.,0.));
#299 = AXIS2_PLACEMENT_3D('',#300,#301,#302);
#300 = CARTESIAN_POINT('',(-4.875,2.275,0.205));
#301 = DIRECTION('',(0.,0.,1.));
#302 = DIRECTION('',(1.,0.,0.));
#303 = AXIS2_PLACEMENT_3D('',#304,#305,#306);
#304 = CARTESIAN_POINT('',(-4.225,2.275,0.205));
#305 = DIRECTION('',(0.,0.,1.));
#306 = DIRECTION('',(1.,0.,0.));
#307 = AXIS2_PLACEMENT_3D('',#308,#309,#310);
#308 = CARTESIAN_POINT('',(-2.275,2.275,0.205));
#309 = DIRECTION('',(0.,0.,1.));
#310 = DIRECTION('',(1.,0.,0.));
#311 = AXIS2_PLACEMENT_3D('',#312,#313,#314);
#312 = CARTESIAN_POINT('',(-1.625,2.275,0.205));
#313 = DIRECTION('',(0.,0.,1.));
#314 = DIRECTION('',(1.,0.,0.));
#315 = AXIS2_PLACEMENT_3D('',#316,#317,#318);
#316 = CARTESIAN_POINT('',(-0.975,2.275,0.205));
#317 = DIRECTION('',(0.,0.,1.));
#318 = DIRECTION('',(1.,0.,0.));
#319 = AXIS2_PLACEMENT_3D('',#320,#321,#322);
#320 = CARTESIAN_POINT('',(-0.325,2.275,0.205));
#321 = DIRECTION('',(0.,0.,1.));
#322 = DIRECTION('',(1.,0.,0.));
#323 = AXIS2_PLACEMENT_3D('',#324,#325,#326);
#324 = CARTESIAN_POINT('',(0.325,2.275,0.205));
#325 = DIRECTION('',(0.,0.,1.));
#326 = DIRECTION('',(1.,0.,0.));
#327 = AXIS2_PLACEMENT_3D('',#328,#329,#330);
#328 = CARTESIAN_POINT('',(0.975,2.275,0.205));
#329 = DIRECTION('',(0.,0.,1.));
#330 = DIRECTION('',(1.,0.,0.));
#331 = AXIS2_PLACEMENT_3D('',#332,#333,#334);
#332 = CARTESIAN_POINT('',(1.625,2.275,0.205));
#333 = DIRECTION('',(0.,0.,1.));
#334 = DIRECTION('',(1.,0.,0.));
#335 = AXIS2_PLACEMENT_3D('',#336,#337,#338);
#336 = CARTESIAN_POINT('',(2.275,2.275,0.205));
#337 = DIRECTION('',(0.,0.,1.));
#338 = DIRECTION('',(1.,0.,0.));
#339 = AXIS2_PLACEMENT_3D('',#340,#341,#342);
#340 = CARTESIAN_POINT('',(2.925,2.275,0.205));
#341 = DIRECTION('',(0.,0.,1.));
#342 = DIRECTION('',(1.,0.,0.));
#343 = AXIS2_PLACEMENT_3D('',#344,#345,#346);
#344 = CARTESIAN_POINT('',(4.225,2.275,0.205));
#345 = DIRECTION('',(0.,0.,1.));
#346 = DIRECTION('',(1.,0.,0.));
#347 = AXIS2_PLACEMENT_3D('',#348,#349,#350);
#348 = CARTESIAN_POINT('',(4.875,2.275,0.205));
#349 = DIRECTION('',(0.,0.,1.));
#350 = DIRECTION('',(1.,0.,0.));
#351 = AXIS2_PLACEMENT_3D('',#352,#353,#354);
#352 = CARTESIAN_POINT('',(5.525,2.275,0.205));
#353 = DIRECTION('',(0.,0.,1.));
#354 = DIRECTION('',(1.,0.,0.));
#355 = AXIS2_PLACEMENT_3D('',#356,#357,#358);
#356 = CARTESIAN_POINT('',(-5.525,1.625,0.205));
#357 = DIRECTION('',(0.,0.,1.));
#358 = DIRECTION('',(1.,0.,0.));
#359 = AXIS2_PLACEMENT_3D('',#360,#361,#362);
#360 = CARTESIAN_POINT('',(-4.875,1.625,0.205));
#361 = DIRECTION('',(0.,0.,1.));
#362 = DIRECTION('',(1.,0.,0.));
#363 = AXIS2_PLACEMENT_3D('',#364,#365,#366);
#364 = CARTESIAN_POINT('',(-4.225,1.625,0.205));
#365 = DIRECTION('',(0.,0.,1.));
#366 = DIRECTION('',(1.,0.,0.));
#367 = AXIS2_PLACEMENT_3D('',#368,#369,#370);
#368 = CARTESIAN_POINT('',(-3.575,1.625,0.205));
#369 = DIRECTION('',(0.,0.,1.));
#370 = DIRECTION('',(1.,0.,0.));
#371 = AXIS2_PLACEMENT_3D('',#372,#373,#374);
#372 = CARTESIAN_POINT('',(-2.275,1.625,0.205));
#373 = DIRECTION('',(0.,0.,1.));
#374 = DIRECTION('',(1.,0.,0.));
#375 = AXIS2_PLACEMENT_3D('',#376,#377,#378);
#376 = CARTESIAN_POINT('',(-1.625,1.625,0.205));
#377 = DIRECTION('',(0.,0.,1.));
#378 = DIRECTION('',(1.,0.,0.));
#379 = AXIS2_PLACEMENT_3D('',#380,#381,#382);
#380 = CARTESIAN_POINT('',(-0.975,1.625,0.205));
#381 = DIRECTION('',(0.,0.,1.));
#382 = DIRECTION('',(1.,0.,0.));
#383 = AXIS2_PLACEMENT_3D('',#384,#385,#386);
#384 = CARTESIAN_POINT('',(-0.325,1.625,0.205));
#385 = DIRECTION('',(0.,0.,1.));
#386 = DIRECTION('',(1.,0.,0.));
#387 = AXIS2_PLACEMENT_3D('',#388,#389,#390);
#388 = CARTESIAN_POINT('',(0.325,1.625,0.205));
#389 = DIRECTION('',(0.,0.,1.));
#390 = DIRECTION('',(1.,0.,0.));
#391 = AXIS2_PLACEMENT_3D('',#392,#393,#394);
#392 = CARTESIAN_POINT('',(0.975,1.625,0.205));
#393 = DIRECTION('',(0.,0.,1.));
#394 = DIRECTION('',(1.,0.,0.));
#395 = AXIS2_PLACEMENT_3D('',#396,#397,#398);
#396 = CARTESIAN_POINT('',(1.625,1.625,0.205));
#397 = DIRECTION('',(0.,0.,1.));
#398 = DIRECTION('',(1.,0.,0.));
#399 = AXIS2_PLACEMENT_3D('',#400,#401,#402);
#400 = CARTESIAN_POINT('',(2.275,1.625,0.205));
#401 = DIRECTION('',(0.,0.,1.));
#402 = DIRECTION('',(1.,0.,0.));
#403 = AXIS2_PLACEMENT_3D('',#404,#405,#406);
#404 = CARTESIAN_POINT('',(2.925,1.625,0.205));
#405 = DIRECTION('',(0.,0.,1.));
#406 = DIRECTION('',(1.,0.,0.));
#407 = AXIS2_PLACEMENT_3D('',#408,#409,#410);
#408 = CARTESIAN_POINT('',(3.575,1.625,0.205));
#409 = DIRECTION('',(0.,0.,1.));
#410 = DIRECTION('',(1.,0.,0.));
#411 = AXIS2_PLACEMENT_3D('',#412,#413,#414);
#412 = CARTESIAN_POINT('',(4.875,1.625,0.205));
#413 = DIRECTION('',(0.,0.,1.));
#414 = DIRECTION('',(1.,0.,0.));
#415 = AXIS2_PLACEMENT_3D('',#416,#417,#418);
#416 = CARTESIAN_POINT('',(5.525,1.625,0.205));
#417 = DIRECTION('',(0.,0.,1.));
#418 = DIRECTION('',(1.,0.,0.));
#419 = AXIS2_PLACEMENT_3D('',#420,#421,#422);
#420 = CARTESIAN_POINT('',(-4.875,0.975,0.205));
#421 = DIRECTION('',(0.,0.,1.));
#422 = DIRECTION('',(1.,0.,0.));
#423 = AXIS2_PLACEMENT_3D('',#424,#425,#426);
#424 = CARTESIAN_POINT('',(-4.225,0.975,0.205));
#425 = DIRECTION('',(0.,0.,1.));
#426 = DIRECTION('',(1.,0.,0.));
#427 = AXIS2_PLACEMENT_3D('',#428,#429,#430);
#428 = CARTESIAN_POINT('',(-3.575,0.975,0.205));
#429 = DIRECTION('',(0.,0.,1.));
#430 = DIRECTION('',(1.,0.,0.));
#431 = AXIS2_PLACEMENT_3D('',#432,#433,#434);
#432 = CARTESIAN_POINT('',(-2.275,0.975,0.205));
#433 = DIRECTION('',(0.,0.,1.));
#434 = DIRECTION('',(1.,0.,0.));
#435 = AXIS2_PLACEMENT_3D('',#436,#437,#438);
#436 = CARTESIAN_POINT('',(-1.625,0.975,0.205));
#437 = DIRECTION('',(0.,0.,1.));
#438 = DIRECTION('',(1.,0.,0.));
#439 = AXIS2_PLACEMENT_3D('',#440,#441,#442);
#440 = CARTESIAN_POINT('',(-0.975,0.975,0.205));
#441 = DIRECTION('',(0.,0.,1.));
#442 = DIRECTION('',(1.,0.,0.));
#443 = AXIS2_PLACEMENT_3D('',#444,#445,#446);
#444 = CARTESIAN_POINT('',(-0.325,0.975,0.205));
#445 = DIRECTION('',(0.,0.,1.));
#446 = DIRECTION('',(1.,0.,0.));
#447 = AXIS2_PLACEMENT_3D('',#448,#449,#450);
#448 = CARTESIAN_POINT('',(0.325,0.975,0.205));
#449 = DIRECTION('',(0.,0.,1.));
#450 = DIRECTION('',(1.,0.,0.));
#451 = AXIS2_PLACEMENT_3D('',#452,#453,#454);
#452 = CARTESIAN_POINT('',(0.975,0.975,0.205));
#453 = DIRECTION('',(0.,0.,1.));
#454 = DIRECTION('',(1.,0.,0.));
#455 = AXIS2_PLACEMENT_3D('',#456,#457,#458);
#456 = CARTESIAN_POINT('',(1.625,0.975,0.205));
#457 = DIRECTION('',(0.,0.,1.));
#458 = DIRECTION('',(1.,0.,0.));
#459 = AXIS2_PLACEMENT_3D('',#460,#461,#462);
#460 = CARTESIAN_POINT('',(2.275,0.975,0.205));
#461 = DIRECTION('',(0.,0.,1.));
#462 = DIRECTION('',(1.,0.,0.));
#463 = AXIS2_PLACEMENT_3D('',#464,#465,#466);
#464 = CARTESIAN_POINT('',(2.925,0.975,0.205));
#465 = DIRECTION('',(0.,0.,1.));
#466 = DIRECTION('',(1.,0.,0.));
#467 = AXIS2_PLACEMENT_3D('',#468,#469,#470);
#468 = CARTESIAN_POINT('',(4.225,0.975,0.205));
#469 = DIRECTION('',(0.,0.,1.));
#470 = DIRECTION('',(1.,0.,0.));
#471 = AXIS2_PLACEMENT_3D('',#472,#473,#474);
#472 = CARTESIAN_POINT('',(4.875,0.975,0.205));
#473 = DIRECTION('',(0.,0.,1.));
#474 = DIRECTION('',(1.,0.,0.));
#475 = AXIS2_PLACEMENT_3D('',#476,#477,#478);
#476 = CARTESIAN_POINT('',(5.525,0.975,0.205));
#477 = DIRECTION('',(0.,0.,1.));
#478 = DIRECTION('',(1.,0.,0.));
#479 = AXIS2_PLACEMENT_3D('',#480,#481,#482);
#480 = CARTESIAN_POINT('',(-5.525,0.325,0.205));
#481 = DIRECTION('',(0.,0.,1.));
#482 = DIRECTION('',(1.,0.,0.));
#483 = AXIS2_PLACEMENT_3D('',#484,#485,#486);
#484 = CARTESIAN_POINT('',(-4.875,0.325,0.205));
#485 = DIRECTION('',(0.,0.,1.));
#486 = DIRECTION('',(1.,0.,0.));
#487 = AXIS2_PLACEMENT_3D('',#488,#489,#490);
#488 = CARTESIAN_POINT('',(-4.225,0.325,0.205));
#489 = DIRECTION('',(0.,0.,1.));
#490 = DIRECTION('',(1.,0.,0.));
#491 = AXIS2_PLACEMENT_3D('',#492,#493,#494);
#492 = CARTESIAN_POINT('',(-2.275,0.325,0.205));
#493 = DIRECTION('',(0.,0.,1.));
#494 = DIRECTION('',(1.,0.,0.));
#495 = AXIS2_PLACEMENT_3D('',#496,#497,#498);
#496 = CARTESIAN_POINT('',(-1.625,0.325,0.205));
#497 = DIRECTION('',(0.,0.,1.));
#498 = DIRECTION('',(1.,0.,0.));
#499 = AXIS2_PLACEMENT_3D('',#500,#501,#502);
#500 = CARTESIAN_POINT('',(-0.975,0.325,0.205));
#501 = DIRECTION('',(0.,0.,1.));
#502 = DIRECTION('',(1.,0.,0.));
#503 = AXIS2_PLACEMENT_3D('',#504,#505,#506);
#504 = CARTESIAN_POINT('',(-0.325,0.325,0.205));
#505 = DIRECTION('',(0.,0.,1.));
#506 = DIRECTION('',(1.,0.,0.));
#507 = AXIS2_PLACEMENT_3D('',#508,#509,#510);
#508 = CARTESIAN_POINT('',(0.325,0.325,0.205));
#509 = DIRECTION('',(0.,0.,1.));
#510 = DIRECTION('',(1.,0.,0.));
#511 = AXIS2_PLACEMENT_3D('',#512,#513,#514);
#512 = CARTESIAN_POINT('',(0.975,0.325,0.205));
#513 = DIRECTION('',(0.,0.,1.));
#514 = DIRECTION('',(1.,0.,0.));
#515 = AXIS2_PLACEMENT_3D('',#516,#517,#518);
#516 = CARTESIAN_POINT('',(1.625,0.325,0.205));
#517 = DIRECTION('',(0.,0.,1.));
#518 = DIRECTION('',(1.,0.,0.));
#519 = AXIS2_PLACEMENT_3D('',#520,#521,#522);
#520 = CARTESIAN_POINT('',(2.275,0.325,0.205));
#521 = DIRECTION('',(0.,0.,1.));
#522 = DIRECTION('',(1.,0.,0.));
#523 = AXIS2_PLACEMENT_3D('',#524,#525,#526);
#524 = CARTESIAN_POINT('',(2.925,0.325,0.205));
#525 = DIRECTION('',(0.,0.,1.));
#526 = DIRECTION('',(1.,0.,0.));
#527 = AXIS2_PLACEMENT_3D('',#528,#529,#530);
#528 = CARTESIAN_POINT('',(3.575,0.325,0.205));
#529 = DIRECTION('',(0.,0.,1.));
#530 = DIRECTION('',(1.,0.,0.));
#531 = AXIS2_PLACEMENT_3D('',#532,#533,#534);
#532 = CARTESIAN_POINT('',(4.875,0.325,0.205));
#533 = DIRECTION('',(0.,0.,1.));
#534 = DIRECTION('',(1.,0.,0.));
#535 = AXIS2_PLACEMENT_3D('',#536,#537,#538);
#536 = CARTESIAN_POINT('',(5.525,0.325,0.205));
#537 = DIRECTION('',(0.,0.,1.));
#538 = DIRECTION('',(1.,0.,0.));
#539 = AXIS2_PLACEMENT_3D('',#540,#541,#542);
#540 = CARTESIAN_POINT('',(-4.875,-0.325,0.205));
#541 = DIRECTION('',(0.,0.,1.));
#542 = DIRECTION('',(1.,0.,0.));
#543 = AXIS2_PLACEMENT_3D('',#544,#545,#546);
#544 = CARTESIAN_POINT('',(-4.225,-0.325,0.205));
#545 = DIRECTION('',(0.,0.,1.));
#546 = DIRECTION('',(1.,0.,0.));
#547 = AXIS2_PLACEMENT_3D('',#548,#549,#550);
#548 = CARTESIAN_POINT('',(-3.575,-0.325,0.205));
#549 = DIRECTION('',(0.,0.,1.));
#550 = DIRECTION('',(1.,0.,0.));
#551 = AXIS2_PLACEMENT_3D('',#552,#553,#554);
#552 = CARTESIAN_POINT('',(-2.275,-0.325,0.205));
#553 = DIRECTION('',(0.,0.,1.));
#554 = DIRECTION('',(1.,0.,0.));
#555 = AXIS2_PLACEMENT_3D('',#556,#557,#558);
#556 = CARTESIAN_POINT('',(-1.625,-0.325,0.205));
#557 = DIRECTION('',(0.,0.,1.));
#558 = DIRECTION('',(1.,0.,0.));
#559 = AXIS2_PLACEMENT_3D('',#560,#561,#562);
#560 = CARTESIAN_POINT('',(-0.975,-0.325,0.205));
#561 = DIRECTION('',(0.,0.,1.));
#562 = DIRECTION('',(1.,0.,0.));
#563 = AXIS2_PLACEMENT_3D('',#564,#565,#566);
#564 = CARTESIAN_POINT('',(-0.325,-0.325,0.205));
#565 = DIRECTION('',(0.,0.,1.));
#566 = DIRECTION('',(1.,0.,0.));
#567 = AXIS2_PLACEMENT_3D('',#568,#569,#570);
#568 = CARTESIAN_POINT('',(0.325,-0.325,0.205));
#569 = DIRECTION('',(0.,0.,1.));
#570 = DIRECTION('',(1.,0.,0.));
#571 = AXIS2_PLACEMENT_3D('',#572,#573,#574);
#572 = CARTESIAN_POINT('',(0.975,-0.325,0.205));
#573 = DIRECTION('',(0.,0.,1.));
#574 = DIRECTION('',(1.,0.,0.));
#575 = AXIS2_PLACEMENT_3D('',#576,#577,#578);
#576 = CARTESIAN_POINT('',(1.625,-0.325,0.205));
#577 = DIRECTION('',(0.,0.,1.));
#578 = DIRECTION('',(1.,0.,0.));
#579 = AXIS2_PLACEMENT_3D('',#580,#581,#582);
#580 = CARTESIAN_POINT('',(2.275,-0.325,0.205));
#581 = DIRECTION('',(0.,0.,1.));
#582 = DIRECTION('',(1.,0.,0.));
#583 = AXIS2_PLACEMENT_3D('',#584,#585,#586);
#584 = CARTESIAN_POINT('',(2.925,-0.325,0.205));
#585 = DIRECTION('',(0.,0.,1.));
#586 = DIRECTION('',(1.,0.,0.));
#587 = AXIS2_PLACEMENT_3D('',#588,#589,#590);
#588 = CARTESIAN_POINT('',(4.225,-0.325,0.205));
#589 = DIRECTION('',(0.,0.,1.));
#590 = DIRECTION('',(1.,0.,0.));
#591 = AXIS2_PLACEMENT_3D('',#592,#593,#594);
#592 = CARTESIAN_POINT('',(4.875,-0.325,0.205));
#593 = DIRECTION('',(0.,0.,1.));
#594 = DIRECTION('',(1.,0.,0.));
#595 = AXIS2_PLACEMENT_3D('',#596,#597,#598);
#596 = CARTESIAN_POINT('',(5.525,-0.325,0.205));
#597 = DIRECTION('',(0.,0.,1.));
#598 = DIRECTION('',(1.,0.,0.));
#599 = AXIS2_PLACEMENT_3D('',#600,#601,#602);
#600 = CARTESIAN_POINT('',(-5.525,-0.975,0.205));
#601 = DIRECTION('',(0.,0.,1.));
#602 = DIRECTION('',(1.,0.,0.));
#603 = AXIS2_PLACEMENT_3D('',#604,#605,#606);
#604 = CARTESIAN_POINT('',(-4.875,-0.975,0.205));
#605 = DIRECTION('',(0.,0.,1.));
#606 = DIRECTION('',(1.,0.,0.));
#607 = AXIS2_PLACEMENT_3D('',#608,#609,#610);
#608 = CARTESIAN_POINT('',(-4.225,-0.975,0.205));
#609 = DIRECTION('',(0.,0.,1.));
#610 = DIRECTION('',(1.,0.,0.));
#611 = AXIS2_PLACEMENT_3D('',#612,#613,#614);
#612 = CARTESIAN_POINT('',(-2.275,-0.975,0.205));
#613 = DIRECTION('',(0.,0.,1.));
#614 = DIRECTION('',(1.,0.,0.));
#615 = AXIS2_PLACEMENT_3D('',#616,#617,#618);
#616 = CARTESIAN_POINT('',(-1.625,-0.975,0.205));
#617 = DIRECTION('',(0.,0.,1.));
#618 = DIRECTION('',(1.,0.,0.));
#619 = AXIS2_PLACEMENT_3D('',#620,#621,#622);
#620 = CARTESIAN_POINT('',(-0.975,-0.975,0.205));
#621 = DIRECTION('',(0.,0.,1.));
#622 = DIRECTION('',(1.,0.,0.));
#623 = AXIS2_PLACEMENT_3D('',#624,#625,#626);
#624 = CARTESIAN_POINT('',(-0.325,-0.975,0.205));
#625 = DIRECTION('',(0.,0.,1.));
#626 = DIRECTION('',(1.,0.,0.));
#627 = AXIS2_PLACEMENT_3D('',#628,#629,#630);
#628 = CARTESIAN_POINT('',(0.325,-0.975,0.205));
#629 = DIRECTION('',(0.,0.,1.));
#630 = DIRECTION('',(1.,0.,0.));
#631 = AXIS2_PLACEMENT_3D('',#632,#633,#634);
#632 = CARTESIAN_POINT('',(0.975,-0.975,0.205));
#633 = DIRECTION('',(0.,0.,1.));
#634 = DIRECTION('',(1.,0.,0.));
#635 = AXIS2_PLACEMENT_3D('',#636,#637,#638);
#636 = CARTESIAN_POINT('',(1.625,-0.975,0.205));
#637 = DIRECTION('',(0.,0.,1.));
#638 = DIRECTION('',(1.,0.,0.));
#639 = AXIS2_PLACEMENT_3D('',#640,#641,#642);
#640 = CARTESIAN_POINT('',(2.275,-0.975,0.205));
#641 = DIRECTION('',(0.,0.,1.));
#642 = DIRECTION('',(1.,0.,0.));
#643 = AXIS2_PLACEMENT_3D('',#644,#645,#646);
#644 = CARTESIAN_POINT('',(2.925,-0.975,0.205));
#645 = DIRECTION('',(0.,0.,1.));
#646 = DIRECTION('',(1.,0.,0.));
#647 = AXIS2_PLACEMENT_3D('',#648,#649,#650);
#648 = CARTESIAN_POINT('',(3.575,-0.975,0.205));
#649 = DIRECTION('',(0.,0.,1.));
#650 = DIRECTION('',(1.,0.,0.));
#651 = AXIS2_PLACEMENT_3D('',#652,#653,#654);
#652 = CARTESIAN_POINT('',(4.875,-0.975,0.205));
#653 = DIRECTION('',(0.,0.,1.));
#654 = DIRECTION('',(1.,0.,0.));
#655 = AXIS2_PLACEMENT_3D('',#656,#657,#658);
#656 = CARTESIAN_POINT('',(5.525,-0.975,0.205));
#657 = DIRECTION('',(0.,0.,1.));
#658 = DIRECTION('',(1.,0.,0.));
#659 = AXIS2_PLACEMENT_3D('',#660,#661,#662);
#660 = CARTESIAN_POINT('',(-4.875,-1.625,0.205));
#661 = DIRECTION('',(0.,0.,1.));
#662 = DIRECTION('',(1.,0.,0.));
#663 = AXIS2_PLACEMENT_3D('',#664,#665,#666);
#664 = CARTESIAN_POINT('',(-4.225,-1.625,0.205));
#665 = DIRECTION('',(0.,0.,1.));
#666 = DIRECTION('',(1.,0.,0.));
#667 = AXIS2_PLACEMENT_3D('',#668,#669,#670);
#668 = CARTESIAN_POINT('',(-3.575,-1.625,0.205));
#669 = DIRECTION('',(0.,0.,1.));
#670 = DIRECTION('',(1.,0.,0.));
#671 = AXIS2_PLACEMENT_3D('',#672,#673,#674);
#672 = CARTESIAN_POINT('',(-2.275,-1.625,0.205));
#673 = DIRECTION('',(0.,0.,1.));
#674 = DIRECTION('',(1.,0.,0.));
#675 = AXIS2_PLACEMENT_3D('',#676,#677,#678);
#676 = CARTESIAN_POINT('',(-1.625,-1.625,0.205));
#677 = DIRECTION('',(0.,0.,1.));
#678 = DIRECTION('',(1.,0.,0.));
#679 = AXIS2_PLACEMENT_3D('',#680,#681,#682);
#680 = CARTESIAN_POINT('',(-0.975,-1.625,0.205));
#681 = DIRECTION('',(0.,0.,1.));
#682 = DIRECTION('',(1.,0.,0.));
#683 = AXIS2_PLACEMENT_3D('',#684,#685,#686);
#684 = CARTESIAN_POINT('',(-0.325,-1.625,0.205));
#685 = DIRECTION('',(0.,0.,1.));
#686 = DIRECTION('',(1.,0.,0.));
#687 = AXIS2_PLACEMENT_3D('',#688,#689,#690);
#688 = CARTESIAN_POINT('',(0.325,-1.625,0.205));
#689 = DIRECTION('',(0.,0.,1.));
#690 = DIRECTION('',(1.,0.,0.));
#691 = AXIS2_PLACEMENT_3D('',#692,#693,#694);
#692 = CARTESIAN_POINT('',(0.975,-1.625,0.205));
#693 = DIRECTION('',(0.,0.,1.));
#694 = DIRECTION('',(1.,0.,0.));
#695 = AXIS2_PLACEMENT_3D('',#696,#697,#698);
#696 = CARTESIAN_POINT('',(1.625,-1.625,0.205));
#697 = DIRECTION('',(0.,0.,1.));
#698 = DIRECTION('',(1.,0.,0.));
#699 = AXIS2_PLACEMENT_3D('',#700,#701,#702);
#700 = CARTESIAN_POINT('',(2.275,-1.625,0.205));
#701 = DIRECTION('',(0.,0.,1.));
#702 = DIRECTION('',(1.,0.,0.));
#703 = AXIS2_PLACEMENT_3D('',#704,#705,#706);
#704 = CARTESIAN_POINT('',(2.925,-1.625,0.205));
#705 = DIRECTION('',(0.,0.,1.));
#706 = DIRECTION('',(1.,0.,0.));
#707 = AXIS2_PLACEMENT_3D('',#708,#709,#710);
#708 = CARTESIAN_POINT('',(4.225,-1.625,0.205));
#709 = DIRECTION('',(0.,0.,1.));
#710 = DIRECTION('',(1.,0.,0.));
#711 = AXIS2_PLACEMENT_3D('',#712,#713,#714);
#712 = CARTESIAN_POINT('',(4.875,-1.625,0.205));
#713 = DIRECTION('',(0.,0.,1.));
#714 = DIRECTION('',(1.,0.,0.));
#715 = AXIS2_PLACEMENT_3D('',#716,#717,#718);
#716 = CARTESIAN_POINT('',(5.525,-1.625,0.205));
#717 = DIRECTION('',(0.,0.,1.));
#718 = DIRECTION('',(1.,0.,0.));
#719 = AXIS2_PLACEMENT_3D('',#720,#721,#722);
#720 = CARTESIAN_POINT('',(-5.525,-2.275,0.205));
#721 = DIRECTION('',(0.,0.,1.));
#722 = DIRECTION('',(1.,0.,0.));
#723 = AXIS2_PLACEMENT_3D('',#724,#725,#726);
#724 = CARTESIAN_POINT('',(-4.875,-2.275,0.205));
#725 = DIRECTION('',(0.,0.,1.));
#726 = DIRECTION('',(1.,0.,0.));
#727 = AXIS2_PLACEMENT_3D('',#728,#729,#730);
#728 = CARTESIAN_POINT('',(-4.225,-2.275,0.205));
#729 = DIRECTION('',(0.,0.,1.));
#730 = DIRECTION('',(1.,0.,0.));
#731 = AXIS2_PLACEMENT_3D('',#732,#733,#734);
#732 = CARTESIAN_POINT('',(-2.275,-2.275,0.205));
#733 = DIRECTION('',(0.,0.,1.));
#734 = DIRECTION('',(1.,0.,0.));
#735 = AXIS2_PLACEMENT_3D('',#736,#737,#738);
#736 = CARTESIAN_POINT('',(-1.625,-2.275,0.205));
#737 = DIRECTION('',(0.,0.,1.));
#738 = DIRECTION('',(1.,0.,0.));
#739 = AXIS2_PLACEMENT_3D('',#740,#741,#742);
#740 = CARTESIAN_POINT('',(-0.975,-2.275,0.205));
#741 = DIRECTION('',(0.,0.,1.));
#742 = DIRECTION('',(1.,0.,0.));
#743 = AXIS2_PLACEMENT_3D('',#744,#745,#746);
#744 = CARTESIAN_POINT('',(-0.325,-2.275,0.205));
#745 = DIRECTION('',(0.,0.,1.));
#746 = DIRECTION('',(1.,0.,0.));
#747 = AXIS2_PLACEMENT_3D('',#748,#749,#750);
#748 = CARTESIAN_POINT('',(0.325,-2.275,0.205));
#749 = DIRECTION('',(0.,0.,1.));
#750 = DIRECTION('',(1.,0.,0.));
#751 = AXIS2_PLACEMENT_3D('',#752,#753,#754);
#752 = CARTESIAN_POINT('',(0.975,-2.275,0.205));
#753 = DIRECTION('',(0.,0.,1.));
#754 = DIRECTION('',(1.,0.,0.));
#755 = AXIS2_PLACEMENT_3D('',#756,#757,#758);
#756 = CARTESIAN_POINT('',(1.625,-2.275,0.205));
#757 = DIRECTION('',(0.,0.,1.));
#758 = DIRECTION('',(1.,0.,0.));
#759 = AXIS2_PLACEMENT_3D('',#760,#761,#762);
#760 = CARTESIAN_POINT('',(2.275,-2.275,0.205));
#761 = DIRECTION('',(0.,0.,1.));
#762 = DIRECTION('',(1.,0.,0.));
#763 = AXIS2_PLACEMENT_3D('',#764,#765,#766);
#764 = CARTESIAN_POINT('',(2.925,-2.275,0.205));
#765 = DIRECTION('',(0.,0.,1.));
#766 = DIRECTION('',(1.,0.,0.));
#767 = AXIS2_PLACEMENT_3D('',#768,#769,#770);
#768 = CARTESIAN_POINT('',(3.575,-2.275,0.205));
#769 = DIRECTION('',(0.,0.,1.));
#770 = DIRECTION('',(1.,0.,0.));
#771 = AXIS2_PLACEMENT_3D('',#772,#773,#774);
#772 = CARTESIAN_POINT('',(4.875,-2.275,0.205));
#773 = DIRECTION('',(0.,0.,1.));
#774 = DIRECTION('',(1.,0.,0.));
#775 = AXIS2_PLACEMENT_3D('',#776,#777,#778);
#776 = CARTESIAN_POINT('',(5.525,-2.275,0.205));
#777 = DIRECTION('',(0.,0.,1.));
#778 = DIRECTION('',(1.,0.,0.));
#779 = AXIS2_PLACEMENT_3D('',#780,#781,#782);
#780 = CARTESIAN_POINT('',(-5.525,-2.925,0.205));
#781 = DIRECTION('',(0.,0.,1.));
#782 = DIRECTION('',(1.,0.,0.));
#783 = AXIS2_PLACEMENT_3D('',#784,#785,#786);
#784 = CARTESIAN_POINT('',(-4.875,-2.925,0.205));
#785 = DIRECTION('',(0.,0.,1.));
#786 = DIRECTION('',(1.,0.,0.));
#787 = AXIS2_PLACEMENT_3D('',#788,#789,#790);
#788 = CARTESIAN_POINT('',(-4.225,-2.925,0.205));
#789 = DIRECTION('',(0.,0.,1.));
#790 = DIRECTION('',(1.,0.,0.));
#791 = AXIS2_PLACEMENT_3D('',#792,#793,#794);
#792 = CARTESIAN_POINT('',(-2.275,-2.925,0.205));
#793 = DIRECTION('',(0.,0.,1.));
#794 = DIRECTION('',(1.,0.,0.));
#795 = AXIS2_PLACEMENT_3D('',#796,#797,#798);
#796 = CARTESIAN_POINT('',(-1.625,-2.925,0.205));
#797 = DIRECTION('',(0.,0.,1.));
#798 = DIRECTION('',(1.,0.,0.));
#799 = AXIS2_PLACEMENT_3D('',#800,#801,#802);
#800 = CARTESIAN_POINT('',(-0.975,-2.925,0.205));
#801 = DIRECTION('',(0.,0.,1.));
#802 = DIRECTION('',(1.,0.,0.));
#803 = AXIS2_PLACEMENT_3D('',#804,#805,#806);
#804 = CARTESIAN_POINT('',(-0.325,-2.925,0.205));
#805 = DIRECTION('',(0.,0.,1.));
#806 = DIRECTION('',(1.,0.,0.));
#807 = AXIS2_PLACEMENT_3D('',#808,#809,#810);
#808 = CARTESIAN_POINT('',(0.325,-2.925,0.205));
#809 = DIRECTION('',(0.,0.,1.));
#810 = DIRECTION('',(1.,0.,0.));
#811 = AXIS2_PLACEMENT_3D('',#812,#813,#814);
#812 = CARTESIAN_POINT('',(0.975,-2.925,0.205));
#813 = DIRECTION('',(0.,0.,1.));
#814 = DIRECTION('',(1.,0.,0.));
#815 = AXIS2_PLACEMENT_3D('',#816,#817,#818);
#816 = CARTESIAN_POINT('',(1.625,-2.925,0.205));
#817 = DIRECTION('',(0.,0.,1.));
#818 = DIRECTION('',(1.,0.,0.));
#819 = AXIS2_PLACEMENT_3D('',#820,#821,#822);
#820 = CARTESIAN_POINT('',(2.275,-2.925,0.205));
#821 = DIRECTION('',(0.,0.,1.));
#822 = DIRECTION('',(1.,0.,0.));
#823 = AXIS2_PLACEMENT_3D('',#824,#825,#826);
#824 = CARTESIAN_POINT('',(2.925,-2.925,0.205));
#825 = DIRECTION('',(0.,0.,1.));
#826 = DIRECTION('',(1.,0.,0.));
#827 = AXIS2_PLACEMENT_3D('',#828,#829,#830);
#828 = CARTESIAN_POINT('',(4.225,-2.925,0.205));
#829 = DIRECTION('',(0.,0.,1.));
#830 = DIRECTION('',(1.,0.,0.));
#831 = AXIS2_PLACEMENT_3D('',#832,#833,#834);
#832 = CARTESIAN_POINT('',(4.875,-2.925,0.205));
#833 = DIRECTION('',(0.,0.,1.));
#834 = DIRECTION('',(1.,0.,0.));
#835 = AXIS2_PLACEMENT_3D('',#836,#837,#838);
#836 = CARTESIAN_POINT('',(5.525,-2.925,0.205));
#837 = DIRECTION('',(0.,0.,1.));
#838 = DIRECTION('',(1.,0.,0.));
#839 = AXIS2_PLACEMENT_3D('',#840,#841,#842);
#840 = CARTESIAN_POINT('',(-5.525,-3.575,0.205));
#841 = DIRECTION('',(0.,0.,1.));
#842 = DIRECTION('',(1.,0.,0.));
#843 = AXIS2_PLACEMENT_3D('',#844,#845,#846);
#844 = CARTESIAN_POINT('',(-4.875,-3.575,0.205));
#845 = DIRECTION('',(0.,0.,1.));
#846 = DIRECTION('',(1.,0.,0.));
#847 = AXIS2_PLACEMENT_3D('',#848,#849,#850);
#848 = CARTESIAN_POINT('',(-4.225,-3.575,0.205));
#849 = DIRECTION('',(0.,0.,1.));
#850 = DIRECTION('',(1.,0.,0.));
#851 = AXIS2_PLACEMENT_3D('',#852,#853,#854);
#852 = CARTESIAN_POINT('',(-3.575,-3.575,0.205));
#853 = DIRECTION('',(0.,0.,1.));
#854 = DIRECTION('',(1.,0.,0.));
#855 = AXIS2_PLACEMENT_3D('',#856,#857,#858);
#856 = CARTESIAN_POINT('',(-2.275,-3.575,0.205));
#857 = DIRECTION('',(0.,0.,1.));
#858 = DIRECTION('',(1.,0.,0.));
#859 = AXIS2_PLACEMENT_3D('',#860,#861,#862);
#860 = CARTESIAN_POINT('',(-0.975,-3.575,0.205));
#861 = DIRECTION('',(0.,0.,1.));
#862 = DIRECTION('',(1.,0.,0.));
#863 = AXIS2_PLACEMENT_3D('',#864,#865,#866);
#864 = CARTESIAN_POINT('',(0.325,-3.575,0.205));
#865 = DIRECTION('',(0.,0.,1.));
#866 = DIRECTION('',(1.,0.,0.));
#867 = AXIS2_PLACEMENT_3D('',#868,#869,#870);
#868 = CARTESIAN_POINT('',(1.625,-3.575,0.205));
#869 = DIRECTION('',(0.,0.,1.));
#870 = DIRECTION('',(1.,0.,0.));
#871 = AXIS2_PLACEMENT_3D('',#872,#873,#874);
#872 = CARTESIAN_POINT('',(2.925,-3.575,0.205));
#873 = DIRECTION('',(0.,0.,1.));
#874 = DIRECTION('',(1.,0.,0.));
#875 = AXIS2_PLACEMENT_3D('',#876,#877,#878);
#876 = CARTESIAN_POINT('',(3.575,-3.575,0.205));
#877 = DIRECTION('',(0.,0.,1.));
#878 = DIRECTION('',(1.,0.,0.));
#879 = AXIS2_PLACEMENT_3D('',#880,#881,#882);
#880 = CARTESIAN_POINT('',(4.875,-3.575,0.205));
#881 = DIRECTION('',(0.,0.,1.));
#882 = DIRECTION('',(1.,0.,0.));
#883 = AXIS2_PLACEMENT_3D('',#884,#885,#886);
#884 = CARTESIAN_POINT('',(5.525,-3.575,0.205));
#885 = DIRECTION('',(0.,0.,1.));
#886 = DIRECTION('',(1.,0.,0.));
#887 = AXIS2_PLACEMENT_3D('',#888,#889,#890);
#888 = CARTESIAN_POINT('',(-5.525,-4.225,0.205));
#889 = DIRECTION('',(0.,0.,1.));
#890 = DIRECTION('',(1.,0.,0.));
#891 = AXIS2_PLACEMENT_3D('',#892,#893,#894);
#892 = CARTESIAN_POINT('',(-4.875,-4.225,0.205));
#893 = DIRECTION('',(0.,0.,1.));
#894 = DIRECTION('',(1.,0.,0.));
#895 = AXIS2_PLACEMENT_3D('',#896,#897,#898);
#896 = CARTESIAN_POINT('',(-4.225,-4.225,0.205));
#897 = DIRECTION('',(0.,0.,1.));
#898 = DIRECTION('',(1.,0.,0.));
#899 = AXIS2_PLACEMENT_3D('',#900,#901,#902);
#900 = CARTESIAN_POINT('',(-2.925,-4.225,0.205));
#901 = DIRECTION('',(0.,0.,1.));
#902 = DIRECTION('',(1.,0.,0.));
#903 = AXIS2_PLACEMENT_3D('',#904,#905,#906);
#904 = CARTESIAN_POINT('',(-1.625,-4.225,0.205));
#905 = DIRECTION('',(0.,0.,1.));
#906 = DIRECTION('',(1.,0.,0.));
#907 = AXIS2_PLACEMENT_3D('',#908,#909,#910);
#908 = CARTESIAN_POINT('',(-0.325,-4.225,0.205));
#909 = DIRECTION('',(0.,0.,1.));
#910 = DIRECTION('',(1.,0.,0.));
#911 = AXIS2_PLACEMENT_3D('',#912,#913,#914);
#912 = CARTESIAN_POINT('',(0.975,-4.225,0.205));
#913 = DIRECTION('',(0.,0.,1.));
#914 = DIRECTION('',(1.,0.,0.));
#915 = AXIS2_PLACEMENT_3D('',#916,#917,#918);
#916 = CARTESIAN_POINT('',(2.275,-4.225,0.205));
#917 = DIRECTION('',(0.,0.,1.));
#918 = DIRECTION('',(1.,0.,0.));
#919 = AXIS2_PLACEMENT_3D('',#920,#921,#922);
#920 = CARTESIAN_POINT('',(3.575,-4.225,0.205));
#921 = DIRECTION('',(0.,0.,1.));
#922 = DIRECTION('',(1.,0.,0.));
#923 = AXIS2_PLACEMENT_3D('',#924,#925,#926);
#924 = CARTESIAN_POINT('',(4.225,-4.225,0.205));
#925 = DIRECTION('',(0.,0.,1.));
#926 = DIRECTION('',(1.,0.,0.));
#927 = AXIS2_PLACEMENT_3D('',#928,#929,#930);
#928 = CARTESIAN_POINT('',(4.875,-4.225,0.205));
#929 = DIRECTION('',(0.,0.,1.));
#930 = DIRECTION('',(1.,0.,0.));
#931 = AXIS2_PLACEMENT_3D('',#932,#933,#934);
#932 = CARTESIAN_POINT('',(5.525,-4.225,0.205));
#933 = DIRECTION('',(0.,0.,1.));
#934 = DIRECTION('',(1.,0.,0.));
#935 = AXIS2_PLACEMENT_3D('',#936,#937,#938);
#936 = CARTESIAN_POINT('',(-5.525,-4.875,0.205));
#937 = DIRECTION('',(0.,0.,1.));
#938 = DIRECTION('',(1.,0.,0.));
#939 = AXIS2_PLACEMENT_3D('',#940,#941,#942);
#940 = CARTESIAN_POINT('',(-4.875,-4.875,0.205));
#941 = DIRECTION('',(0.,0.,1.));
#942 = DIRECTION('',(1.,0.,0.));
#943 = AXIS2_PLACEMENT_3D('',#944,#945,#946);
#944 = CARTESIAN_POINT('',(-4.225,-4.875,0.205));
#945 = DIRECTION('',(0.,0.,1.));
#946 = DIRECTION('',(1.,0.,0.));
#947 = AXIS2_PLACEMENT_3D('',#948,#949,#950);
#948 = CARTESIAN_POINT('',(-3.575,-4.875,0.205));
#949 = DIRECTION('',(0.,0.,1.));
#950 = DIRECTION('',(1.,0.,0.));
#951 = AXIS2_PLACEMENT_3D('',#952,#953,#954);
#952 = CARTESIAN_POINT('',(-2.925,-4.875,0.205));
#953 = DIRECTION('',(0.,0.,1.));
#954 = DIRECTION('',(1.,0.,0.));
#955 = AXIS2_PLACEMENT_3D('',#956,#957,#958);
#956 = CARTESIAN_POINT('',(-2.275,-4.875,0.205));
#957 = DIRECTION('',(0.,0.,1.));
#958 = DIRECTION('',(1.,0.,0.));
#959 = AXIS2_PLACEMENT_3D('',#960,#961,#962);
#960 = CARTESIAN_POINT('',(-1.625,-4.875,0.205));
#961 = DIRECTION('',(0.,0.,1.));
#962 = DIRECTION('',(1.,0.,0.));
#963 = AXIS2_PLACEMENT_3D('',#964,#965,#966);
#964 = CARTESIAN_POINT('',(-0.975,-4.875,0.205));
#965 = DIRECTION('',(0.,0.,1.));
#966 = DIRECTION('',(1.,0.,0.));
#967 = AXIS2_PLACEMENT_3D('',#968,#969,#970);
#968 = CARTESIAN_POINT('',(-0.325,-4.875,0.205));
#969 = DIRECTION('',(0.,0.,1.));
#970 = DIRECTION('',(1.,0.,0.));
#971 = AXIS2_PLACEMENT_3D('',#972,#973,#974);
#972 = CARTESIAN_POINT('',(0.325,-4.875,0.205));
#973 = DIRECTION('',(0.,0.,1.));
#974 = DIRECTION('',(1.,0.,0.));
#975 = AXIS2_PLACEMENT_3D('',#976,#977,#978);
#976 = CARTESIAN_POINT('',(0.975,-4.875,0.205));
#977 = DIRECTION('',(0.,0.,1.));
#978 = DIRECTION('',(1.,0.,0.));
#979 = AXIS2_PLACEMENT_3D('',#980,#981,#982);
#980 = CARTESIAN_POINT('',(1.625,-4.875,0.205));
#981 = DIRECTION('',(0.,0.,1.));
#982 = DIRECTION('',(1.,0.,0.));
#983 = AXIS2_PLACEMENT_3D('',#984,#985,#986);
#984 = CARTESIAN_POINT('',(2.275,-4.875,0.205));
#985 = DIRECTION('',(0.,0.,1.));
#986 = DIRECTION('',(1.,0.,0.));
#987 = AXIS2_PLACEMENT_3D('',#988,#989,#990);
#988 = CARTESIAN_POINT('',(2.925,-4.875,0.205));
#989 = DIRECTION('',(0.,0.,1.));
#990 = DIRECTION('',(1.,0.,0.));
#991 = AXIS2_PLACEMENT_3D('',#992,#993,#994);
#992 = CARTESIAN_POINT('',(3.575,-4.875,0.205));
#993 = DIRECTION('',(0.,0.,1.));
#994 = DIRECTION('',(1.,0.,0.));
#995 = AXIS2_PLACEMENT_3D('',#996,#997,#998);
#996 = CARTESIAN_POINT('',(4.225,-4.875,0.205));
#997 = DIRECTION('',(0.,0.,1.));
#998 = DIRECTION('',(1.,0.,0.));
#999 = AXIS2_PLACEMENT_3D('',#1000,#1001,#1002);
#1000 = CARTESIAN_POINT('',(4.875,-4.875,0.205));
#1001 = DIRECTION('',(0.,0.,1.));
#1002 = DIRECTION('',(1.,0.,0.));
#1003 = AXIS2_PLACEMENT_3D('',#1004,#1005,#1006);
#1004 = CARTESIAN_POINT('',(5.525,-4.875,0.205));
#1005 = DIRECTION('',(0.,0.,1.));
#1006 = DIRECTION('',(1.,0.,0.));
#1007 = AXIS2_PLACEMENT_3D('',#1008,#1009,#1010);
#1008 = CARTESIAN_POINT('',(-5.525,-5.525,0.205));
#1009 = DIRECTION('',(0.,0.,1.));
#1010 = DIRECTION('',(1.,0.,0.));
#1011 = AXIS2_PLACEMENT_3D('',#1012,#1013,#1014);
#1012 = CARTESIAN_POINT('',(-4.875,-5.525,0.205));
#1013 = DIRECTION('',(0.,0.,1.));
#1014 = DIRECTION('',(1.,0.,0.));
#1015 = AXIS2_PLACEMENT_3D('',#1016,#1017,#1018);
#1016 = CARTESIAN_POINT('',(-4.225,-5.525,0.205));
#1017 = DIRECTION('',(0.,0.,1.));
#1018 = DIRECTION('',(1.,0.,0.));
#1019 = AXIS2_PLACEMENT_3D('',#1020,#1021,#1022);
#1020 = CARTESIAN_POINT('',(-3.575,-5.525,0.205));
#1021 = DIRECTION('',(0.,0.,1.));
#1022 = DIRECTION('',(1.,0.,0.));
#1023 = AXIS2_PLACEMENT_3D('',#1024,#1025,#1026);
#1024 = CARTESIAN_POINT('',(-2.925,-5.525,0.205));
#1025 = DIRECTION('',(0.,0.,1.));
#1026 = DIRECTION('',(1.,0.,0.));
#1027 = AXIS2_PLACEMENT_3D('',#1028,#1029,#1030);
#1028 = CARTESIAN_POINT('',(-2.275,-5.525,0.205));
#1029 = DIRECTION('',(0.,0.,1.));
#1030 = DIRECTION('',(1.,0.,0.));
#1031 = AXIS2_PLACEMENT_3D('',#1032,#1033,#1034);
#1032 = CARTESIAN_POINT('',(-1.625,-5.525,0.205));
#1033 = DIRECTION('',(0.,0.,1.));
#1034 = DIRECTION('',(1.,0.,0.));
#1035 = AXIS2_PLACEMENT_3D('',#1036,#1037,#1038);
#1036 = CARTESIAN_POINT('',(-0.975,-5.525,0.205));
#1037 = DIRECTION('',(0.,0.,1.));
#1038 = DIRECTION('',(1.,0.,0.));
#1039 = AXIS2_PLACEMENT_3D('',#1040,#1041,#1042);
#1040 = CARTESIAN_POINT('',(-0.325,-5.525,0.205));
#1041 = DIRECTION('',(0.,0.,1.));
#1042 = DIRECTION('',(1.,0.,0.));
#1043 = AXIS2_PLACEMENT_3D('',#1044,#1045,#1046);
#1044 = CARTESIAN_POINT('',(0.325,-5.525,0.205));
#1045 = DIRECTION('',(0.,0.,1.));
#1046 = DIRECTION('',(1.,0.,0.));
#1047 = AXIS2_PLACEMENT_3D('',#1048,#1049,#1050);
#1048 = CARTESIAN_POINT('',(0.975,-5.525,0.205));
#1049 = DIRECTION('',(0.,0.,1.));
#1050 = DIRECTION('',(1.,0.,0.));
#1051 = AXIS2_PLACEMENT_3D('',#1052,#1053,#1054);
#1052 = CARTESIAN_POINT('',(1.625,-5.525,0.205));
#1053 = DIRECTION('',(0.,0.,1.));
#1054 = DIRECTION('',(1.,0.,0.));
#1055 = AXIS2_PLACEMENT_3D('',#1056,#1057,#1058);
#1056 = CARTESIAN_POINT('',(2.275,-5.525,0.205));
#1057 = DIRECTION('',(0.,0.,1.));
#1058 = DIRECTION('',(1.,0.,0.));
#1059 = AXIS2_PLACEMENT_3D('',#1060,#1061,#1062);
#1060 = CARTESIAN_POINT('',(2.925,-5.525,0.205));
#1061 = DIRECTION('',(0.,0.,1.));
#1062 = DIRECTION('',(1.,0.,0.));
#1063 = AXIS2_PLACEMENT_3D('',#1064,#1065,#1066);
#1064 = CARTESIAN_POINT('',(3.575,-5.525,0.205));
#1065 = DIRECTION('',(0.,0.,1.));
#1066 = DIRECTION('',(1.,0.,0.));
#1067 = AXIS2_PLACEMENT_3D('',#1068,#1069,#1070);
#1068 = CARTESIAN_POINT('',(4.225,-5.525,0.205));
#1069 = DIRECTION('',(0.,0.,1.));
#1070 = DIRECTION('',(1.,0.,0.));
#1071 = AXIS2_PLACEMENT_3D('',#1072,#1073,#1074);
#1072 = CARTESIAN_POINT('',(4.875,-5.525,0.205));
#1073 = DIRECTION('',(0.,0.,1.));
#1074 = DIRECTION('',(1.,0.,0.));
#1075 = AXIS2_PLACEMENT_3D('',#1076,#1077,#1078);
#1076 = CARTESIAN_POINT('',(5.525,-5.525,0.205));
#1077 = DIRECTION('',(0.,0.,1.));
#1078 = DIRECTION('',(1.,0.,0.));
#1079 = AXIS2_PLACEMENT_3D('',#1080,#1081,#1082);
#1080 = CARTESIAN_POINT('',(0.,0.,0.));
#1081 = DIRECTION('',(0.,0.,1.));
#1082 = DIRECTION('',(1.,0.,0.));
#1083 = ( GEOMETRIC_REPRESENTATION_CONTEXT(3) 
GLOBAL_UNCERTAINTY_ASSIGNED_CONTEXT((#1087)) 
GLOBAL_UNIT_ASSIGNED_CONTEXT((#1084,#1085,#1086)) REPRESENTATION_CONTEXT
('Context #1','3D Context with UNIT and UNCERTAINTY') );
#1084 = ( LENGTH_UNIT() NAMED_UNIT(*) SI_UNIT(.MILLI.,.METRE.) );
#1085 = ( NAMED_UNIT(*) PLANE_ANGLE_UNIT() SI_UNIT($,.RADIAN.) );
#1086 = ( NAMED_UNIT(*) SI_UNIT($,.STERADIAN.) SOLID_ANGLE_UNIT() );
#1087 = UNCERTAINTY_MEASURE_WITH_UNIT(LENGTH_MEASURE(1.E-07),#1084,
  'distance_accuracy_value','confusion accuracy');
#1088 = PRODUCT_RELATED_PRODUCT_CATEGORY('part',$,(#7));
#1089 = ADVANCED_BREP_SHAPE_REPRESENTATION('',(#11,#1090),#1102);
#1090 = MANIFOLD_SOLID_BREP('',#1091);
#1091 = CLOSED_SHELL('',(#1092));
#1092 = ADVANCED_FACE('',(#1093),#1097,.T.);
#1093 = FACE_BOUND('',#1094,.T.);
#1094 = VERTEX_LOOP('',#1095);
#1095 = VERTEX_POINT('',#1096);
#1096 = CARTESIAN_POINT('',(1.255262969126E-17,-3.074507554457E-33,
    -0.205));
#1097 = SPHERICAL_SURFACE('',#1098,0.205);
#1098 = AXIS2_PLACEMENT_3D('',#1099,#1100,#1101);
#1099 = CARTESIAN_POINT('',(0.,0.,0.));
#1100 = DIRECTION('',(0.,0.,1.));
#1101 = DIRECTION('',(1.,0.,-0.));
#1102 = ( GEOMETRIC_REPRESENTATION_CONTEXT(3) 
GLOBAL_UNCERTAINTY_ASSIGNED_CONTEXT((#1106)) 
GLOBAL_UNIT_ASSIGNED_CONTEXT((#1103,#1104,#1105)) REPRESENTATION_CONTEXT
('Context #1','3D Context with UNIT and UNCERTAINTY') );
#1103 = ( LENGTH_UNIT() NAMED_UNIT(*) SI_UNIT(.MILLI.,.METRE.) );
#1104 = ( NAMED_UNIT(*) PLANE_ANGLE_UNIT() SI_UNIT($,.RADIAN.) );
#1105 = ( NAMED_UNIT(*) SI_UNIT($,.STERADIAN.) SOLID_ANGLE_UNIT() );
#1106 = UNCERTAINTY_MEASURE_WITH_UNIT(LENGTH_MEASURE(1.E-07),#1103,
  'distance_accuracy_value','confusion accuracy');
#1107 = SHAPE_DEFINITION_REPRESENTATION(#1108,#1089);
#1108 = PRODUCT_DEFINITION_SHAPE('','',#1109);
#1109 = PRODUCT_DEFINITION('design','',#1110,#1113);
#1110 = PRODUCT_DEFINITION_FORMATION('','',#1111);
#1111 = PRODUCT('A1','A1','',(#1112));
#1112 = PRODUCT_CONTEXT('',#2,'mechanical');
#1113 = PRODUCT_DEFINITION_CONTEXT('part definition',#2,'design');
#1114 = CONTEXT_DEPENDENT_SHAPE_REPRESENTATION(#1115,#1117);
#1115 = ( REPRESENTATION_RELATIONSHIP('','',#1089,#10) 
REPRESENTATION_RELATIONSHIP_WITH_TRANSFORMATION(#1116) 
SHAPE_REPRESENTATION_RELATIONSHIP() );
#1116 = ITEM_DEFINED_TRANSFORMATION('','',#11,#15);
#1117 = PRODUCT_DEFINITION_SHAPE('Placement','Placement of an item',
  #1118);
#1118 = NEXT_ASSEMBLY_USAGE_OCCURRENCE('1','=>[0:1:1:2]','',#5,#1109,$);
#1119 = PRODUCT_RELATED_PRODUCT_CATEGORY('part',$,(#1111));
#1120 = ADVANCED_BREP_SHAPE_REPRESENTATION('',(#11,#1121),#1133);
#1121 = MANIFOLD_SOLID_BREP('',#1122);
#1122 = CLOSED_SHELL('',(#1123));
#1123 = ADVANCED_FACE('',(#1124),#1128,.T.);
#1124 = FACE_BOUND('',#1125,.T.);
#1125 = VERTEX_LOOP('',#1126);
#1126 = VERTEX_POINT('',#1127);
#1127 = CARTESIAN_POINT('',(1.255262969126E-17,-3.074507554457E-33,
    -0.205));
#1128 = SPHERICAL_SURFACE('',#1129,0.205);
#1129 = AXIS2_PLACEMENT_3D('',#1130,#1131,#1132);
#1130 = CARTESIAN_POINT('',(0.,0.,0.));
#1131 = DIRECTION('',(0.,0.,1.));
#1132 = DIRECTION('',(1.,0.,-0.));
#1133 = ( GEOMETRIC_REPRESENTATION_CONTEXT(3) 
GLOBAL_UNCERTAINTY_ASSIGNED_CONTEXT((#1137)) 
GLOBAL_UNIT_ASSIGNED_CONTEXT((#1134,#1135,#1136)) REPRESENTATION_CONTEXT
('Context #1','3D Context with UNIT and UNCERTAINTY') );
#1134 = ( LENGTH_UNIT() NAMED_UNIT(*) SI_UNIT(.MILLI.,.METRE.) );
#1135 = ( NAMED_UNIT(*) PLANE_ANGLE_UNIT() SI_UNIT($,.RADIAN.) );
#1136 = ( NAMED_UNIT(*) SI_UNIT($,.STERADIAN.) SOLID_ANGLE_UNIT() );
#1137 = UNCERTAINTY_MEASURE_WITH_UNIT(LENGTH_MEASURE(1.E-07),#1134,
  'distance_accuracy_value','confusion accuracy');
#1138 = SHAPE_DEFINITION_REPRESENTATION(#1139,#1120);
#1139 = PRODUCT_DEFINITION_SHAPE('','',#1140);
#1140 = PRODUCT_DEFINITION('design','',#1141,#1144);
#1141 = PRODUCT_DEFINITION_FORMATION('','',#1142);
#1142 = PRODUCT('A2','A2','',(#1143));
#1143 = PRODUCT_CONTEXT('',#2,'mechanical');
#1144 = PRODUCT_DEFINITION_CONTEXT('part definition',#2,'design');
#1145 = CONTEXT_DEPENDENT_SHAPE_REPRESENTATION(#1146,#1148);
#1146 = ( REPRESENTATION_RELATIONSHIP('','',#1120,#10) 
REPRESENTATION_RELATIONSHIP_WITH_TRANSFORMATION(#1147) 
SHAPE_REPRESENTATION_RELATIONSHIP() );
#1147 = ITEM_DEFINED_TRANSFORMATION('','',#11,#19);
#1148 = PRODUCT_DEFINITION_SHAPE('Placement','Placement of an item',
  #1149);
#1149 = NEXT_ASSEMBLY_USAGE_OCCURRENCE('2','=>[0:1:1:3]','',#5,#1140,$);
#1150 = PRODUCT_RELATED_PRODUCT_CATEGORY('part',$,(#1142));
#1151 = ADVANCED_BREP_SHAPE_REPRESENTATION('',(#11,#1152),#1164);
#1152 = MANIFOLD_SOLID_BREP('',#1153);
#1153 = CLOSED_SHELL('',(#1154));
#1154 = ADVANCED_FACE('',(#1155),#1159,.T.);
#1155 = FACE_BOUND('',#1156,.T.);
#1156 = VERTEX_LOOP('',#1157);
#1157 = VERTEX_POINT('',#1158);
#1158 = CARTESIAN_POINT('',(1.255262969126E-17,-3.074507554457E-33,
    -0.205));
#1159 = SPHERICAL_SURFACE('',#1160,0.205);
#1160 = AXIS2_PLACEMENT_3D('',#1161,#1162,#1163);
#1161 = CARTESIAN_POINT('',(0.,0.,0.));
#1162 = DIRECTION('',(0.,0.,1.));
#1163 = DIRECTION('',(1.,0.,-0.));
#1164 = ( GEOMETRIC_REPRESENTATION_CONTEXT(3) 
GLOBAL_UNCERTAINTY_ASSIGNED_CONTEXT((#1168)) 
GLOBAL_UNIT_ASSIGNED_CONTEXT((#1165,#1166,#1167)) REPRESENTATION_CONTEXT
('Context #1','3D Context with UNIT and UNCERTAINTY') );
#1165 = ( LENGTH_UNIT() NAMED_UNIT(*) SI_UNIT(.MILLI.,.METRE.) );
#1166 = ( NAMED_UNIT(*) PLANE_ANGLE_UNIT() SI_UNIT($,.RADIAN.) );
#1167 = ( NAMED_UNIT(*) SI_UNIT($,.STERADIAN.) SOLID_ANGLE_UNIT() );
#1168 = UNCERTAINTY_MEASURE_WITH_UNIT(LENGTH_MEASURE(1.E-07),#1165,
  'distance_accuracy_value','confusion accuracy');
#1169 = SHAPE_DEFINITION_REPRESENTATION(#1170,#1151);
#1170 = PRODUCT_DEFINITION_SHAPE('','',#1171);
#1171 = PRODUCT_DEFINITION('design','',#1172,#1175);
#1172 = PRODUCT_DEFINITION_FORMATION('','',#1173);
#1173 = PRODUCT('A4','A4','',(#1174));
#1174 = PRODUCT_CONTEXT('',#2,'mechanical');
#1175 = PRODUCT_DEFINITION_CONTEXT('part definition',#2,'design');
#1176 = CONTEXT_DEPENDENT_SHAPE_REPRESENTATION(#1177,#1179);
#1177 = ( REPRESENTATION_RELATIONSHIP('','',#1151,#10) 
REPRESENTATION_RELATIONSHIP_WITH_TRANSFORMATION(#1178) 
SHAPE_REPRESENTATION_RELATIONSHIP() );
#1178 = ITEM_DEFINED_TRANSFORMATION('','',#11,#23);
#1179 = PRODUCT_DEFINITION_SHAPE('Placement','Placement of an item',
  #1180);
#1180 = NEXT_ASSEMBLY_USAGE_OCCURRENCE('3','=>[0:1:1:4]','',#5,#1171,$);
#1181 = PRODUCT_RELATED_PRODUCT_CATEGORY('part',$,(#1173));
#1182 = ADVANCED_BREP_SHAPE_REPRESENTATION('',(#11,#1183),#1195);
#1183 = MANIFOLD_SOLID_BREP('',#1184);
#1184 = CLOSED_SHELL('',(#1185));
#1185 = ADVANCED_FACE('',(#1186),#1190,.T.);
#1186 = FACE_BOUND('',#1187,.T.);
#1187 = VERTEX_LOOP('',#1188);
#1188 = VERTEX_POINT('',#1189);
#1189 = CARTESIAN_POINT('',(1.255262969126E-17,-3.074507554457E-33,
    -0.205));
#1190 = SPHERICAL_SURFACE('',#1191,0.205);
#1191 = AXIS2_PLACEMENT_3D('',#1192,#1193,#1194);
#1192 = CARTESIAN_POINT('',(0.,0.,0.));
#1193 = DIRECTION('',(0.,0.,1.));
#1194 = DIRECTION('',(1.,0.,-0.));
#1195 = ( GEOMETRIC_REPRESENTATION_CONTEXT(3) 
GLOBAL_UNCERTAINTY_ASSIGNED_CONTEXT((#1199)) 
GLOBAL_UNIT_ASSIGNED_CONTEXT((#1196,#1197,#1198)) REPRESENTATION_CONTEXT
('Context #1','3D Context with UNIT and UNCERTAINTY') );
#1196 = ( LENGTH_UNIT() NAMED_UNIT(*) SI_UNIT(.MILLI.,.METRE.) );
#1197 = ( NAMED_UNIT(*) PLANE_ANGLE_UNIT() SI_UNIT($,.RADIAN.) );
#1198 = ( NAMED_UNIT(*) SI_UNIT($,.STERADIAN.) SOLID_ANGLE_UNIT() );
#1199 = UNCERTAINTY_MEASURE_WITH_UNIT(LENGTH_MEASURE(1.E-07),#1196,
  'distance_accuracy_value','confusion accuracy');
#1200 = SHAPE_DEFINITION_REPRESENTATION(#1201,#1182);
#1201 = PRODUCT_DEFINITION_SHAPE('','',#1202);
#1202 = PRODUCT_DEFINITION('design','',#1203,#1206);
#1203 = PRODUCT_DEFINITION_FORMATION('','',#1204);
#1204 = PRODUCT('A6','A6','',(#1205));
#1205 = PRODUCT_CONTEXT('',#2,'mechanical');
#1206 = PRODUCT_DEFINITION_CONTEXT('part definition',#2,'design');
#1207 = CONTEXT_DEPENDENT_SHAPE_REPRESENTATION(#1208,#1210);
#1208 = ( REPRESENTATION_RELATIONSHIP('','',#1182,#10) 
REPRESENTATION_RELATIONSHIP_WITH_TRANSFORMATION(#1209) 
SHAPE_REPRESENTATION_RELATIONSHIP() );
#1209 = ITEM_DEFINED_TRANSFORMATION('','',#11,#27);
#1210 = PRODUCT_DEFINITION_SHAPE('Placement','Placement of an item',
  #1211);
#1211 = NEXT_ASSEMBLY_USAGE_OCCURRENCE('4','=>[0:1:1:5]','',#5,#1202,$);
#1212 = PRODUCT_RELATED_PRODUCT_CATEGORY('part',$,(#1204));
#1213 = ADVANCED_BREP_SHAPE_REPRESENTATION('',(#11,#1214),#1226);
#1214 = MANIFOLD_SOLID_BREP('',#1215);
#1215 = CLOSED_SHELL('',(#1216));
#1216 = ADVANCED_FACE('',(#1217),#1221,.T.);
#1217 = FACE_BOUND('',#1218,.T.);
#1218 = VERTEX_LOOP('',#1219);
#1219 = VERTEX_POINT('',#1220);
#1220 = CARTESIAN_POINT('',(1.255262969126E-17,-3.074507554457E-33,
    -0.205));
#1221 = SPHERICAL_SURFACE('',#1222,0.205);
#1222 = AXIS2_PLACEMENT_3D('',#1223,#1224,#1225);
#1223 = CARTESIAN_POINT('',(0.,0.,0.));
#1224 = DIRECTION('',(0.,0.,1.));
#1225 = DIRECTION('',(1.,0.,-0.));
#1226 = ( GEOMETRIC_REPRESENTATION_CONTEXT(3) 
GLOBAL_UNCERTAINTY_ASSIGNED_CONTEXT((#1230)) 
GLOBAL_UNIT_ASSIGNED_CONTEXT((#1227,#1228,#1229)) REPRESENTATION_CONTEXT
('Context #1','3D Context with UNIT and UNCERTAINTY') );
#1227 = ( LENGTH_UNIT() NAMED_UNIT(*) SI_UNIT(.MILLI.,.METRE.) );
#1228 = ( NAMED_UNIT(*) PLANE_ANGLE_UNIT() SI_UNIT($,.RADIAN.) );
#1229 = ( NAMED_UNIT(*) SI_UNIT($,.STERADIAN.) SOLID_ANGLE_UNIT() );
#1230 = UNCERTAINTY_MEASURE_WITH_UNIT(LENGTH_MEASURE(1.E-07),#1227,
  'distance_accuracy_value','confusion accuracy');
#1231 = SHAPE_DEFINITION_REPRESENTATION(#1232,#1213);
#1232 = PRODUCT_DEFINITION_SHAPE('','',#1233);
#1233 = PRODUCT_DEFINITION('design','',#1234,#1237);
#1234 = PRODUCT_DEFINITION_FORMATION('','',#1235);
#1235 = PRODUCT('A8','A8','',(#1236));
#1236 = PRODUCT_CONTEXT('',#2,'mechanical');
#1237 = PRODUCT_DEFINITION_CONTEXT('part definition',#2,'design');
#1238 = CONTEXT_DEPENDENT_SHAPE_REPRESENTATION(#1239,#1241);
#1239 = ( REPRESENTATION_RELATIONSHIP('','',#1213,#10) 
REPRESENTATION_RELATIONSHIP_WITH_TRANSFORMATION(#1240) 
SHAPE_REPRESENTATION_RELATIONSHIP() );
#1240 = ITEM_DEFINED_TRANSFORMATION('','',#11,#31);
#1241 = PRODUCT_DEFINITION_SHAPE('Placement','Placement of an item',
  #1242);
#1242 = NEXT_ASSEMBLY_USAGE_OCCURRENCE('5','=>[0:1:1:6]','',#5,#1233,$);
#1243 = PRODUCT_RELATED_PRODUCT_CATEGORY('part',$,(#1235));
#1244 = ADVANCED_BREP_SHAPE_REPRESENTATION('',(#11,#1245),#1257);
#1245 = MANIFOLD_SOLID_BREP('',#1246);
#1246 = CLOSED_SHELL('',(#1247));
#1247 = ADVANCED_FACE('',(#1248),#1252,.T.);
#1248 = FACE_BOUND('',#1249,.T.);
#1249 = VERTEX_LOOP('',#1250);
#1250 = VERTEX_POINT('',#1251);
#1251 = CARTESIAN_POINT('',(1.255262969126E-17,-3.074507554457E-33,
    -0.205));
#1252 = SPHERICAL_SURFACE('',#1253,0.205);
#1253 = AXIS2_PLACEMENT_3D('',#1254,#1255,#1256);
#1254 = CARTESIAN_POINT('',(0.,0.,0.));
#1255 = DIRECTION('',(0.,0.,1.));
#1256 = DIRECTION('',(1.,0.,-0.));
#1257 = ( GEOMETRIC_REPRESENTATION_CONTEXT(3) 
GLOBAL_UNCERTAINTY_ASSIGNED_CONTEXT((#1261)) 
GLOBAL_UNIT_ASSIGNED_CONTEXT((#1258,#1259,#1260)) REPRESENTATION_CONTEXT
('Context #1','3D Context with UNIT and UNCERTAINTY') );
#1258 = ( LENGTH_UNIT() NAMED_UNIT(*) SI_UNIT(.MILLI.,.METRE.) );
#1259 = ( NAMED_UNIT(*) PLANE_ANGLE_UNIT() SI_UNIT($,.RADIAN.) );
#1260 = ( NAMED_UNIT(*) SI_UNIT($,.STERADIAN.) SOLID_ANGLE_UNIT() );
#1261 = UNCERTAINTY_MEASURE_WITH_UNIT(LENGTH_MEASURE(1.E-07),#1258,
  'distance_accuracy_value','confusion accuracy');
#1262 = SHAPE_DEFINITION_REPRESENTATION(#1263,#1244);
#1263 = PRODUCT_DEFINITION_SHAPE('','',#1264);
#1264 = PRODUCT_DEFINITION('design','',#1265,#1268);
#1265 = PRODUCT_DEFINITION_FORMATION('','',#1266);
#1266 = PRODUCT('A10','A10','',(#1267));
#1267 = PRODUCT_CONTEXT('',#2,'mechanical');
#1268 = PRODUCT_DEFINITION_CONTEXT('part definition',#2,'design');
#1269 = CONTEXT_DEPENDENT_SHAPE_REPRESENTATION(#1270,#1272);
#1270 = ( REPRESENTATION_RELATIONSHIP('','',#1244,#10) 
REPRESENTATION_RELATIONSHIP_WITH_TRANSFORMATION(#1271) 
SHAPE_REPRESENTATION_RELATIONSHIP() );
#1271 = ITEM_DEFINED_TRANSFORMATION('','',#11,#35);
#1272 = PRODUCT_DEFINITION_SHAPE('Placement','Placement of an item',
  #1273);
#1273 = NEXT_ASSEMBLY_USAGE_OCCURRENCE('6','=>[0:1:1:7]','',#5,#1264,$);
#1274 = PRODUCT_RELATED_PRODUCT_CATEGORY('part',$,(#1266));
#1275 = ADVANCED_BREP_SHAPE_REPRESENTATION('',(#11,#1276),#1288);
#1276 = MANIFOLD_SOLID_BREP('',#1277);
#1277 = CLOSED_SHELL('',(#1278));
#1278 = ADVANCED_FACE('',(#1279),#1283,.T.);
#1279 = FACE_BOUND('',#1280,.T.);
#1280 = VERTEX_LOOP('',#1281);
#1281 = VERTEX_POINT('',#1282);
#1282 = CARTESIAN_POINT('',(1.255262969126E-17,-3.074507554457E-33,
    -0.205));
#1283 = SPHERICAL_SURFACE('',#1284,0.205);
#1284 = AXIS2_PLACEMENT_3D('',#1285,#1286,#1287);
#1285 = CARTESIAN_POINT('',(0.,0.,0.));
#1286 = DIRECTION('',(0.,0.,1.));
#1287 = DIRECTION('',(1.,0.,-0.));
#1288 = ( GEOMETRIC_REPRESENTATION_CONTEXT(3) 
GLOBAL_UNCERTAINTY_ASSIGNED_CONTEXT((#1292)) 
GLOBAL_UNIT_ASSIGNED_CONTEXT((#1289,#1290,#1291)) REPRESENTATION_CONTEXT
('Context #1','3D Context with UNIT and UNCERTAINTY') );
#1289 = ( LENGTH_UNIT() NAMED_UNIT(*) SI_UNIT(.MILLI.,.METRE.) );
#1290 = ( NAMED_UNIT(*) PLANE_ANGLE_UNIT() SI_UNIT($,.RADIAN.) );
#1291 = ( NAMED_UNIT(*) SI_UNIT($,.STERADIAN.) SOLID_ANGLE_UNIT() );
#1292 = UNCERTAINTY_MEASURE_WITH_UNIT(LENGTH_MEASURE(1.E-07),#1289,
  'distance_accuracy_value','confusion accuracy');
#1293 = SHAPE_DEFINITION_REPRESENTATION(#1294,#1275);
#1294 = PRODUCT_DEFINITION_SHAPE('','',#1295);
#1295 = PRODUCT_DEFINITION('design','',#1296,#1299);
#1296 = PRODUCT_DEFINITION_FORMATION('','',#1297);
#1297 = PRODUCT('A11','A11','',(#1298));
#1298 = PRODUCT_CONTEXT('',#2,'mechanical');
#1299 = PRODUCT_DEFINITION_CONTEXT('part definition',#2,'design');
#1300 = CONTEXT_DEPENDENT_SHAPE_REPRESENTATION(#1301,#1303);
#1301 = ( REPRESENTATION_RELATIONSHIP('','',#1275,#10) 
REPRESENTATION_RELATIONSHIP_WITH_TRANSFORMATION(#1302) 
SHAPE_REPRESENTATION_RELATIONSHIP() );
#1302 = ITEM_DEFINED_TRANSFORMATION('','',#11,#39);
#1303 = PRODUCT_DEFINITION_SHAPE('Placement','Placement of an item',
  #1304);
#1304 = NEXT_ASSEMBLY_USAGE_OCCURRENCE('7','=>[0:1:1:8]','',#5,#1295,$);
#1305 = PRODUCT_RELATED_PRODUCT_CATEGORY('part',$,(#1297));
#1306 = ADVANCED_BREP_SHAPE_REPRESENTATION('',(#11,#1307),#1319);
#1307 = MANIFOLD_SOLID_BREP('',#1308);
#1308 = CLOSED_SHELL('',(#1309));
#1309 = ADVANCED_FACE('',(#1310),#1314,.T.);
#1310 = FACE_BOUND('',#1311,.T.);
#1311 = VERTEX_LOOP('',#1312);
#1312 = VERTEX_POINT('',#1313);
#1313 = CARTESIAN_POINT('',(1.255262969126E-17,-3.074507554457E-33,
    -0.205));
#1314 = SPHERICAL_SURFACE('',#1315,0.205);
#1315 = AXIS2_PLACEMENT_3D('',#1316,#1317,#1318);
#1316 = CARTESIAN_POINT('',(0.,0.,0.));
#1317 = DIRECTION('',(0.,0.,1.));
#1318 = DIRECTION('',(1.,0.,-0.));
#1319 = ( GEOMETRIC_REPRESENTATION_CONTEXT(3) 
GLOBAL_UNCERTAINTY_ASSIGNED_CONTEXT((#1323)) 
GLOBAL_UNIT_ASSIGNED_CONTEXT((#1320,#1321,#1322)) REPRESENTATION_CONTEXT
('Context #1','3D Context with UNIT and UNCERTAINTY') );
#1320 = ( LENGTH_UNIT() NAMED_UNIT(*) SI_UNIT(.MILLI.,.METRE.) );
#1321 = ( NAMED_UNIT(*) PLANE_ANGLE_UNIT() SI_UNIT($,.RADIAN.) );
#1322 = ( NAMED_UNIT(*) SI_UNIT($,.STERADIAN.) SOLID_ANGLE_UNIT() );
#1323 = UNCERTAINTY_MEASURE_WITH_UNIT(LENGTH_MEASURE(1.E-07),#1320,
  'distance_accuracy_value','confusion accuracy');
#1324 = SHAPE_DEFINITION_REPRESENTATION(#1325,#1306);
#1325 = PRODUCT_DEFINITION_SHAPE('','',#1326);
#1326 = PRODUCT_DEFINITION('design','',#1327,#1330);
#1327 = PRODUCT_DEFINITION_FORMATION('','',#1328);
#1328 = PRODUCT('A12','A12','',(#1329));
#1329 = PRODUCT_CONTEXT('',#2,'mechanical');
#1330 = PRODUCT_DEFINITION_CONTEXT('part definition',#2,'design');
#1331 = CONTEXT_DEPENDENT_SHAPE_REPRESENTATION(#1332,#1334);
#1332 = ( REPRESENTATION_RELATIONSHIP('','',#1306,#10) 
REPRESENTATION_RELATIONSHIP_WITH_TRANSFORMATION(#1333) 
SHAPE_REPRESENTATION_RELATIONSHIP() );
#1333 = ITEM_DEFINED_TRANSFORMATION('','',#11,#43);
#1334 = PRODUCT_DEFINITION_SHAPE('Placement','Placement of an item',
  #1335);
#1335 = NEXT_ASSEMBLY_USAGE_OCCURRENCE('8','=>[0:1:1:9]','',#5,#1326,$);
#1336 = PRODUCT_RELATED_PRODUCT_CATEGORY('part',$,(#1328));
#1337 = ADVANCED_BREP_SHAPE_REPRESENTATION('',(#11,#1338),#1350);
#1338 = MANIFOLD_SOLID_BREP('',#1339);
#1339 = CLOSED_SHELL('',(#1340));
#1340 = ADVANCED_FACE('',(#1341),#1345,.T.);
#1341 = FACE_BOUND('',#1342,.T.);
#1342 = VERTEX_LOOP('',#1343);
#1343 = VERTEX_POINT('',#1344);
#1344 = CARTESIAN_POINT('',(1.255262969126E-17,-3.074507554457E-33,
    -0.205));
#1345 = SPHERICAL_SURFACE('',#1346,0.205);
#1346 = AXIS2_PLACEMENT_3D('',#1347,#1348,#1349);
#1347 = CARTESIAN_POINT('',(0.,0.,0.));
#1348 = DIRECTION('',(0.,0.,1.));
#1349 = DIRECTION('',(1.,0.,-0.));
#1350 = ( GEOMETRIC_REPRESENTATION_CONTEXT(3) 
GLOBAL_UNCERTAINTY_ASSIGNED_CONTEXT((#1354)) 
GLOBAL_UNIT_ASSIGNED_CONTEXT((#1351,#1352,#1353)) REPRESENTATION_CONTEXT
('Context #1','3D Context with UNIT and UNCERTAINTY') );
#1351 = ( LENGTH_UNIT() NAMED_UNIT(*) SI_UNIT(.MILLI.,.METRE.) );
#1352 = ( NAMED_UNIT(*) PLANE_ANGLE_UNIT() SI_UNIT($,.RADIAN.) );
#1353 = ( NAMED_UNIT(*) SI_UNIT($,.STERADIAN.) SOLID_ANGLE_UNIT() );
#1354 = UNCERTAINTY_MEASURE_WITH_UNIT(LENGTH_MEASURE(1.E-07),#1351,
  'distance_accuracy_value','confusion accuracy');
#1355 = SHAPE_DEFINITION_REPRESENTATION(#1356,#1337);
#1356 = PRODUCT_DEFINITION_SHAPE('','',#1357);
#1357 = PRODUCT_DEFINITION('design','',#1358,#1361);
#1358 = PRODUCT_DEFINITION_FORMATION('','',#1359);
#1359 = PRODUCT('A13','A13','',(#1360));
#1360 = PRODUCT_CONTEXT('',#2,'mechanical');
#1361 = PRODUCT_DEFINITION_CONTEXT('part definition',#2,'design');
#1362 = CONTEXT_DEPENDENT_SHAPE_REPRESENTATION(#1363,#1365);
#1363 = ( REPRESENTATION_RELATIONSHIP('','',#1337,#10) 
REPRESENTATION_RELATIONSHIP_WITH_TRANSFORMATION(#1364) 
SHAPE_REPRESENTATION_RELATIONSHIP() );
#1364 = ITEM_DEFINED_TRANSFORMATION('','',#11,#47);
#1365 = PRODUCT_DEFINITION_SHAPE('Placement','Placement of an item',
  #1366);
#1366 = NEXT_ASSEMBLY_USAGE_OCCURRENCE('9','=>[0:1:1:10]','',#5,#1357,$
  );
#1367 = PRODUCT_RELATED_PRODUCT_CATEGORY('part',$,(#1359));
#1368 = ADVANCED_BREP_SHAPE_REPRESENTATION('',(#11,#1369),#1381);
#1369 = MANIFOLD_SOLID_BREP('',#1370);
#1370 = CLOSED_SHELL('',(#1371));
#1371 = ADVANCED_FACE('',(#1372),#1376,.T.);
#1372 = FACE_BOUND('',#1373,.T.);
#1373 = VERTEX_LOOP('',#1374);
#1374 = VERTEX_POINT('',#1375);
#1375 = CARTESIAN_POINT('',(1.255262969126E-17,-3.074507554457E-33,
    -0.205));
#1376 = SPHERICAL_SURFACE('',#1377,0.205);
#1377 = AXIS2_PLACEMENT_3D('',#1378,#1379,#1380);
#1378 = CARTESIAN_POINT('',(0.,0.,0.));
#1379 = DIRECTION('',(0.,0.,1.));
#1380 = DIRECTION('',(1.,0.,-0.));
#1381 = ( GEOMETRIC_REPRESENTATION_CONTEXT(3) 
GLOBAL_UNCERTAINTY_ASSIGNED_CONTEXT((#1385)) 
GLOBAL_UNIT_ASSIGNED_CONTEXT((#1382,#1383,#1384)) REPRESENTATION_CONTEXT
('Context #1','3D Context with UNIT and UNCERTAINTY') );
#1382 = ( LENGTH_UNIT() NAMED_UNIT(*) SI_UNIT(.MILLI.,.METRE.) );
#1383 = ( NAMED_UNIT(*) PLANE_ANGLE_UNIT() SI_UNIT($,.RADIAN.) );
#1384 = ( NAMED_UNIT(*) SI_UNIT($,.STERADIAN.) SOLID_ANGLE_UNIT() );
#1385 = UNCERTAINTY_MEASURE_WITH_UNIT(LENGTH_MEASURE(1.E-07),#1382,
  'distance_accuracy_value','confusion accuracy');
#1386 = SHAPE_DEFINITION_REPRESENTATION(#1387,#1368);
#1387 = PRODUCT_DEFINITION_SHAPE('','',#1388);
#1388 = PRODUCT_DEFINITION('design','',#1389,#1392);
#1389 = PRODUCT_DEFINITION_FORMATION('','',#1390);
#1390 = PRODUCT('A14','A14','',(#1391));
#1391 = PRODUCT_CONTEXT('',#2,'mechanical');
#1392 = PRODUCT_DEFINITION_CONTEXT('part definition',#2,'design');
#1393 = CONTEXT_DEPENDENT_SHAPE_REPRESENTATION(#1394,#1396);
#1394 = ( REPRESENTATION_RELATIONSHIP('','',#1368,#10) 
REPRESENTATION_RELATIONSHIP_WITH_TRANSFORMATION(#1395) 
SHAPE_REPRESENTATION_RELATIONSHIP() );
#1395 = ITEM_DEFINED_TRANSFORMATION('','',#11,#51);
#1396 = PRODUCT_DEFINITION_SHAPE('Placement','Placement of an item',
  #1397);
#1397 = NEXT_ASSEMBLY_USAGE_OCCURRENCE('10','=>[0:1:1:11]','',#5,#1388,$
  );
#1398 = PRODUCT_RELATED_PRODUCT_CATEGORY('part',$,(#1390));
#1399 = ADVANCED_BREP_SHAPE_REPRESENTATION('',(#11,#1400),#1412);
#1400 = MANIFOLD_SOLID_BREP('',#1401);
#1401 = CLOSED_SHELL('',(#1402));
#1402 = ADVANCED_FACE('',(#1403),#1407,.T.);
#1403 = FACE_BOUND('',#1404,.T.);
#1404 = VERTEX_LOOP('',#1405);
#1405 = VERTEX_POINT('',#1406);
#1406 = CARTESIAN_POINT('',(1.255262969126E-17,-3.074507554457E-33,
    -0.205));
#1407 = SPHERICAL_SURFACE('',#1408,0.205);
#1408 = AXIS2_PLACEMENT_3D('',#1409,#1410,#1411);
#1409 = CARTESIAN_POINT('',(0.,0.,0.));
#1410 = DIRECTION('',(0.,0.,1.));
#1411 = DIRECTION('',(1.,0.,-0.));
#1412 = ( GEOMETRIC_REPRESENTATION_CONTEXT(3) 
GLOBAL_UNCERTAINTY_ASSIGNED_CONTEXT((#1416)) 
GLOBAL_UNIT_ASSIGNED_CONTEXT((#1413,#1414,#1415)) REPRESENTATION_CONTEXT
('Context #1','3D Context with UNIT and UNCERTAINTY') );
#1413 = ( LENGTH_UNIT() NAMED_UNIT(*) SI_UNIT(.MILLI.,.METRE.) );
#1414 = ( NAMED_UNIT(*) PLANE_ANGLE_UNIT() SI_UNIT($,.RADIAN.) );
#1415 = ( NAMED_UNIT(*) SI_UNIT($,.STERADIAN.) SOLID_ANGLE_UNIT() );
#1416 = UNCERTAINTY_MEASURE_WITH_UNIT(LENGTH_MEASURE(1.E-07),#1413,
  'distance_accuracy_value','confusion accuracy');
#1417 = SHAPE_DEFINITION_REPRESENTATION(#1418,#1399);
#1418 = PRODUCT_DEFINITION_SHAPE('','',#1419);
#1419 = PRODUCT_DEFINITION('design','',#1420,#1423);
#1420 = PRODUCT_DEFINITION_FORMATION('','',#1421);
#1421 = PRODUCT('A15','A15','',(#1422));
#1422 = PRODUCT_CONTEXT('',#2,'mechanical');
#1423 = PRODUCT_DEFINITION_CONTEXT('part definition',#2,'design');
#1424 = CONTEXT_DEPENDENT_SHAPE_REPRESENTATION(#1425,#1427);
#1425 = ( REPRESENTATION_RELATIONSHIP('','',#1399,#10) 
REPRESENTATION_RELATIONSHIP_WITH_TRANSFORMATION(#1426) 
SHAPE_REPRESENTATION_RELATIONSHIP() );
#1426 = ITEM_DEFINED_TRANSFORMATION('','',#11,#55);
#1427 = PRODUCT_DEFINITION_SHAPE('Placement','Placement of an item',
  #1428);
#1428 = NEXT_ASSEMBLY_USAGE_OCCURRENCE('11','=>[0:1:1:12]','',#5,#1419,$
  );
#1429 = PRODUCT_RELATED_PRODUCT_CATEGORY('part',$,(#1421));
#1430 = ADVANCED_BREP_SHAPE_REPRESENTATION('',(#11,#1431),#1443);
#1431 = MANIFOLD_SOLID_BREP('',#1432);
#1432 = CLOSED_SHELL('',(#1433));
#1433 = ADVANCED_FACE('',(#1434),#1438,.T.);
#1434 = FACE_BOUND('',#1435,.T.);
#1435 = VERTEX_LOOP('',#1436);
#1436 = VERTEX_POINT('',#1437);
#1437 = CARTESIAN_POINT('',(1.255262969126E-17,-3.074507554457E-33,
    -0.205));
#1438 = SPHERICAL_SURFACE('',#1439,0.205);
#1439 = AXIS2_PLACEMENT_3D('',#1440,#1441,#1442);
#1440 = CARTESIAN_POINT('',(0.,0.,0.));
#1441 = DIRECTION('',(0.,0.,1.));
#1442 = DIRECTION('',(1.,0.,-0.));
#1443 = ( GEOMETRIC_REPRESENTATION_CONTEXT(3) 
GLOBAL_UNCERTAINTY_ASSIGNED_CONTEXT((#1447)) 
GLOBAL_UNIT_ASSIGNED_CONTEXT((#1444,#1445,#1446)) REPRESENTATION_CONTEXT
('Context #1','3D Context with UNIT and UNCERTAINTY') );
#1444 = ( LENGTH_UNIT() NAMED_UNIT(*) SI_UNIT(.MILLI.,.METRE.) );
#1445 = ( NAMED_UNIT(*) PLANE_ANGLE_UNIT() SI_UNIT($,.RADIAN.) );
#1446 = ( NAMED_UNIT(*) SI_UNIT($,.STERADIAN.) SOLID_ANGLE_UNIT() );
#1447 = UNCERTAINTY_MEASURE_WITH_UNIT(LENGTH_MEASURE(1.E-07),#1444,
  'distance_accuracy_value','confusion accuracy');
#1448 = SHAPE_DEFINITION_REPRESENTATION(#1449,#1430);
#1449 = PRODUCT_DEFINITION_SHAPE('','',#1450);
#1450 = PRODUCT_DEFINITION('design','',#1451,#1454);
#1451 = PRODUCT_DEFINITION_FORMATION('','',#1452);
#1452 = PRODUCT('A16','A16','',(#1453));
#1453 = PRODUCT_CONTEXT('',#2,'mechanical');
#1454 = PRODUCT_DEFINITION_CONTEXT('part definition',#2,'design');
#1455 = CONTEXT_DEPENDENT_SHAPE_REPRESENTATION(#1456,#1458);
#1456 = ( REPRESENTATION_RELATIONSHIP('','',#1430,#10) 
REPRESENTATION_RELATIONSHIP_WITH_TRANSFORMATION(#1457) 
SHAPE_REPRESENTATION_RELATIONSHIP() );
#1457 = ITEM_DEFINED_TRANSFORMATION('','',#11,#59);
#1458 = PRODUCT_DEFINITION_SHAPE('Placement','Placement of an item',
  #1459);
#1459 = NEXT_ASSEMBLY_USAGE_OCCURRENCE('12','=>[0:1:1:13]','',#5,#1450,$
  );
#1460 = PRODUCT_RELATED_PRODUCT_CATEGORY('part',$,(#1452));
#1461 = ADVANCED_BREP_SHAPE_REPRESENTATION('',(#11,#1462),#1474);
#1462 = MANIFOLD_SOLID_BREP('',#1463);
#1463 = CLOSED_SHELL('',(#1464));
#1464 = ADVANCED_FACE('',(#1465),#1469,.T.);
#1465 = FACE_BOUND('',#1466,.T.);
#1466 = VERTEX_LOOP('',#1467);
#1467 = VERTEX_POINT('',#1468);
#1468 = CARTESIAN_POINT('',(1.255262969126E-17,-3.074507554457E-33,
    -0.205));
#1469 = SPHERICAL_SURFACE('',#1470,0.205);
#1470 = AXIS2_PLACEMENT_3D('',#1471,#1472,#1473);
#1471 = CARTESIAN_POINT('',(0.,0.,0.));
#1472 = DIRECTION('',(0.,0.,1.));
#1473 = DIRECTION('',(1.,0.,-0.));
#1474 = ( GEOMETRIC_REPRESENTATION_CONTEXT(3) 
GLOBAL_UNCERTAINTY_ASSIGNED_CONTEXT((#1478)) 
GLOBAL_UNIT_ASSIGNED_CONTEXT((#1475,#1476,#1477)) REPRESENTATION_CONTEXT
('Context #1','3D Context with UNIT and UNCERTAINTY') );
#1475 = ( LENGTH_UNIT() NAMED_UNIT(*) SI_UNIT(.MILLI.,.METRE.) );
#1476 = ( NAMED_UNIT(*) PLANE_ANGLE_UNIT() SI_UNIT($,.RADIAN.) );
#1477 = ( NAMED_UNIT(*) SI_UNIT($,.STERADIAN.) SOLID_ANGLE_UNIT() );
#1478 = UNCERTAINTY_MEASURE_WITH_UNIT(LENGTH_MEASURE(1.E-07),#1475,
  'distance_accuracy_value','confusion accuracy');
#1479 = SHAPE_DEFINITION_REPRESENTATION(#1480,#1461);
#1480 = PRODUCT_DEFINITION_SHAPE('','',#1481);
#1481 = PRODUCT_DEFINITION('design','',#1482,#1485);
#1482 = PRODUCT_DEFINITION_FORMATION('','',#1483);
#1483 = PRODUCT('A17','A17','',(#1484));
#1484 = PRODUCT_CONTEXT('',#2,'mechanical');
#1485 = PRODUCT_DEFINITION_CONTEXT('part definition',#2,'design');
#1486 = CONTEXT_DEPENDENT_SHAPE_REPRESENTATION(#1487,#1489);
#1487 = ( REPRESENTATION_RELATIONSHIP('','',#1461,#10) 
REPRESENTATION_RELATIONSHIP_WITH_TRANSFORMATION(#1488) 
SHAPE_REPRESENTATION_RELATIONSHIP() );
#1488 = ITEM_DEFINED_TRANSFORMATION('','',#11,#63);
#1489 = PRODUCT_DEFINITION_SHAPE('Placement','Placement of an item',
  #1490);
#1490 = NEXT_ASSEMBLY_USAGE_OCCURRENCE('13','=>[0:1:1:14]','',#5,#1481,$
  );
#1491 = PRODUCT_RELATED_PRODUCT_CATEGORY('part',$,(#1483));
#1492 = ADVANCED_BREP_SHAPE_REPRESENTATION('',(#11,#1493),#1505);
#1493 = MANIFOLD_SOLID_BREP('',#1494);
#1494 = CLOSED_SHELL('',(#1495));
#1495 = ADVANCED_FACE('',(#1496),#1500,.T.);
#1496 = FACE_BOUND('',#1497,.T.);
#1497 = VERTEX_LOOP('',#1498);
#1498 = VERTEX_POINT('',#1499);
#1499 = CARTESIAN_POINT('',(1.255262969126E-17,-3.074507554457E-33,
    -0.205));
#1500 = SPHERICAL_SURFACE('',#1501,0.205);
#1501 = AXIS2_PLACEMENT_3D('',#1502,#1503,#1504);
#1502 = CARTESIAN_POINT('',(0.,0.,0.));
#1503 = DIRECTION('',(0.,0.,1.));
#1504 = DIRECTION('',(1.,0.,-0.));
#1505 = ( GEOMETRIC_REPRESENTATION_CONTEXT(3) 
GLOBAL_UNCERTAINTY_ASSIGNED_CONTEXT((#1509)) 
GLOBAL_UNIT_ASSIGNED_CONTEXT((#1506,#1507,#1508)) REPRESENTATION_CONTEXT
('Context #1','3D Context with UNIT and UNCERTAINTY') );
#1506 = ( LENGTH_UNIT() NAMED_UNIT(*) SI_UNIT(.MILLI.,.METRE.) );
#1507 = ( NAMED_UNIT(*) PLANE_ANGLE_UNIT() SI_UNIT($,.RADIAN.) );
#1508 = ( NAMED_UNIT(*) SI_UNIT($,.STERADIAN.) SOLID_ANGLE_UNIT() );
#1509 = UNCERTAINTY_MEASURE_WITH_UNIT(LENGTH_MEASURE(1.E-07),#1506,
  'distance_accuracy_value','confusion accuracy');
#1510 = SHAPE_DEFINITION_REPRESENTATION(#1511,#1492);
#1511 = PRODUCT_DEFINITION_SHAPE('','',#1512);
#1512 = PRODUCT_DEFINITION('design','',#1513,#1516);
#1513 = PRODUCT_DEFINITION_FORMATION('','',#1514);
#1514 = PRODUCT('A18','A18','',(#1515));
#1515 = PRODUCT_CONTEXT('',#2,'mechanical');
#1516 = PRODUCT_DEFINITION_CONTEXT('part definition',#2,'design');
#1517 = CONTEXT_DEPENDENT_SHAPE_REPRESENTATION(#1518,#1520);
#1518 = ( REPRESENTATION_RELATIONSHIP('','',#1492,#10) 
REPRESENTATION_RELATIONSHIP_WITH_TRANSFORMATION(#1519) 
SHAPE_REPRESENTATION_RELATIONSHIP() );
#1519 = ITEM_DEFINED_TRANSFORMATION('','',#11,#67);
#1520 = PRODUCT_DEFINITION_SHAPE('Placement','Placement of an item',
  #1521);
#1521 = NEXT_ASSEMBLY_USAGE_OCCURRENCE('14','=>[0:1:1:15]','',#5,#1512,$
  );
#1522 = PRODUCT_RELATED_PRODUCT_CATEGORY('part',$,(#1514));
#1523 = ADVANCED_BREP_SHAPE_REPRESENTATION('',(#11,#1524),#1536);
#1524 = MANIFOLD_SOLID_BREP('',#1525);
#1525 = CLOSED_SHELL('',(#1526));
#1526 = ADVANCED_FACE('',(#1527),#1531,.T.);
#1527 = FACE_BOUND('',#1528,.T.);
#1528 = VERTEX_LOOP('',#1529);
#1529 = VERTEX_POINT('',#1530);
#1530 = CARTESIAN_POINT('',(1.255262969126E-17,-3.074507554457E-33,
    -0.205));
#1531 = SPHERICAL_SURFACE('',#1532,0.205);
#1532 = AXIS2_PLACEMENT_3D('',#1533,#1534,#1535);
#1533 = CARTESIAN_POINT('',(0.,0.,0.));
#1534 = DIRECTION('',(0.,0.,1.));
#1535 = DIRECTION('',(1.,0.,-0.));
#1536 = ( GEOMETRIC_REPRESENTATION_CONTEXT(3) 
GLOBAL_UNCERTAINTY_ASSIGNED_CONTEXT((#1540)) 
GLOBAL_UNIT_ASSIGNED_CONTEXT((#1537,#1538,#1539)) REPRESENTATION_CONTEXT
('Context #1','3D Context with UNIT and UNCERTAINTY') );
#1537 = ( LENGTH_UNIT() NAMED_UNIT(*) SI_UNIT(.MILLI.,.METRE.) );
#1538 = ( NAMED_UNIT(*) PLANE_ANGLE_UNIT() SI_UNIT($,.RADIAN.) );
#1539 = ( NAMED_UNIT(*) SI_UNIT($,.STERADIAN.) SOLID_ANGLE_UNIT() );
#1540 = UNCERTAINTY_MEASURE_WITH_UNIT(LENGTH_MEASURE(1.E-07),#1537,
  'distance_accuracy_value','confusion accuracy');
#1541 = SHAPE_DEFINITION_REPRESENTATION(#1542,#1523);
#1542 = PRODUCT_DEFINITION_SHAPE('','',#1543);
#1543 = PRODUCT_DEFINITION('design','',#1544,#1547);
#1544 = PRODUCT_DEFINITION_FORMATION('','',#1545);
#1545 = PRODUCT('B1','B1','',(#1546));
#1546 = PRODUCT_CONTEXT('',#2,'mechanical');
#1547 = PRODUCT_DEFINITION_CONTEXT('part definition',#2,'design');
#1548 = CONTEXT_DEPENDENT_SHAPE_REPRESENTATION(#1549,#1551);
#1549 = ( REPRESENTATION_RELATIONSHIP('','',#1523,#10) 
REPRESENTATION_RELATIONSHIP_WITH_TRANSFORMATION(#1550) 
SHAPE_REPRESENTATION_RELATIONSHIP() );
#1550 = ITEM_DEFINED_TRANSFORMATION('','',#11,#71);
#1551 = PRODUCT_DEFINITION_SHAPE('Placement','Placement of an item',
  #1552);
#1552 = NEXT_ASSEMBLY_USAGE_OCCURRENCE('15','=>[0:1:1:16]','',#5,#1543,$
  );
#1553 = PRODUCT_RELATED_PRODUCT_CATEGORY('part',$,(#1545));
#1554 = ADVANCED_BREP_SHAPE_REPRESENTATION('',(#11,#1555),#1567);
#1555 = MANIFOLD_SOLID_BREP('',#1556);
#1556 = CLOSED_SHELL('',(#1557));
#1557 = ADVANCED_FACE('',(#1558),#1562,.T.);
#1558 = FACE_BOUND('',#1559,.T.);
#1559 = VERTEX_LOOP('',#1560);
#1560 = VERTEX_POINT('',#1561);
#1561 = CARTESIAN_POINT('',(1.255262969126E-17,-3.074507554457E-33,
    -0.205));
#1562 = SPHERICAL_SURFACE('',#1563,0.205);
#1563 = AXIS2_PLACEMENT_3D('',#1564,#1565,#1566);
#1564 = CARTESIAN_POINT('',(0.,0.,0.));
#1565 = DIRECTION('',(0.,0.,1.));
#1566 = DIRECTION('',(1.,0.,-0.));
#1567 = ( GEOMETRIC_REPRESENTATION_CONTEXT(3) 
GLOBAL_UNCERTAINTY_ASSIGNED_CONTEXT((#1571)) 
GLOBAL_UNIT_ASSIGNED_CONTEXT((#1568,#1569,#1570)) REPRESENTATION_CONTEXT
('Context #1','3D Context with UNIT and UNCERTAINTY') );
#1568 = ( LENGTH_UNIT() NAMED_UNIT(*) SI_UNIT(.MILLI.,.METRE.) );
#1569 = ( NAMED_UNIT(*) PLANE_ANGLE_UNIT() SI_UNIT($,.RADIAN.) );
#1570 = ( NAMED_UNIT(*) SI_UNIT($,.STERADIAN.) SOLID_ANGLE_UNIT() );
#1571 = UNCERTAINTY_MEASURE_WITH_UNIT(LENGTH_MEASURE(1.E-07),#1568,
  'distance_accuracy_value','confusion accuracy');
#1572 = SHAPE_DEFINITION_REPRESENTATION(#1573,#1554);
#1573 = PRODUCT_DEFINITION_SHAPE('','',#1574);
#1574 = PRODUCT_DEFINITION('design','',#1575,#1578);
#1575 = PRODUCT_DEFINITION_FORMATION('','',#1576);
#1576 = PRODUCT('B2','B2','',(#1577));
#1577 = PRODUCT_CONTEXT('',#2,'mechanical');
#1578 = PRODUCT_DEFINITION_CONTEXT('part definition',#2,'design');
#1579 = CONTEXT_DEPENDENT_SHAPE_REPRESENTATION(#1580,#1582);
#1580 = ( REPRESENTATION_RELATIONSHIP('','',#1554,#10) 
REPRESENTATION_RELATIONSHIP_WITH_TRANSFORMATION(#1581) 
SHAPE_REPRESENTATION_RELATIONSHIP() );
#1581 = ITEM_DEFINED_TRANSFORMATION('','',#11,#75);
#1582 = PRODUCT_DEFINITION_SHAPE('Placement','Placement of an item',
  #1583);
#1583 = NEXT_ASSEMBLY_USAGE_OCCURRENCE('16','=>[0:1:1:17]','',#5,#1574,$
  );
#1584 = PRODUCT_RELATED_PRODUCT_CATEGORY('part',$,(#1576));
#1585 = ADVANCED_BREP_SHAPE_REPRESENTATION('',(#11,#1586),#1598);
#1586 = MANIFOLD_SOLID_BREP('',#1587);
#1587 = CLOSED_SHELL('',(#1588));
#1588 = ADVANCED_FACE('',(#1589),#1593,.T.);
#1589 = FACE_BOUND('',#1590,.T.);
#1590 = VERTEX_LOOP('',#1591);
#1591 = VERTEX_POINT('',#1592);
#1592 = CARTESIAN_POINT('',(1.255262969126E-17,-3.074507554457E-33,
    -0.205));
#1593 = SPHERICAL_SURFACE('',#1594,0.205);
#1594 = AXIS2_PLACEMENT_3D('',#1595,#1596,#1597);
#1595 = CARTESIAN_POINT('',(0.,0.,0.));
#1596 = DIRECTION('',(0.,0.,1.));
#1597 = DIRECTION('',(1.,0.,-0.));
#1598 = ( GEOMETRIC_REPRESENTATION_CONTEXT(3) 
GLOBAL_UNCERTAINTY_ASSIGNED_CONTEXT((#1602)) 
GLOBAL_UNIT_ASSIGNED_CONTEXT((#1599,#1600,#1601)) REPRESENTATION_CONTEXT
('Context #1','3D Context with UNIT and UNCERTAINTY') );
#1599 = ( LENGTH_UNIT() NAMED_UNIT(*) SI_UNIT(.MILLI.,.METRE.) );
#1600 = ( NAMED_UNIT(*) PLANE_ANGLE_UNIT() SI_UNIT($,.RADIAN.) );
#1601 = ( NAMED_UNIT(*) SI_UNIT($,.STERADIAN.) SOLID_ANGLE_UNIT() );
#1602 = UNCERTAINTY_MEASURE_WITH_UNIT(LENGTH_MEASURE(1.E-07),#1599,
  'distance_accuracy_value','confusion accuracy');
#1603 = SHAPE_DEFINITION_REPRESENTATION(#1604,#1585);
#1604 = PRODUCT_DEFINITION_SHAPE('','',#1605);
#1605 = PRODUCT_DEFINITION('design','',#1606,#1609);
#1606 = PRODUCT_DEFINITION_FORMATION('','',#1607);
#1607 = PRODUCT('B3','B3','',(#1608));
#1608 = PRODUCT_CONTEXT('',#2,'mechanical');
#1609 = PRODUCT_DEFINITION_CONTEXT('part definition',#2,'design');
#1610 = CONTEXT_DEPENDENT_SHAPE_REPRESENTATION(#1611,#1613);
#1611 = ( REPRESENTATION_RELATIONSHIP('','',#1585,#10) 
REPRESENTATION_RELATIONSHIP_WITH_TRANSFORMATION(#1612) 
SHAPE_REPRESENTATION_RELATIONSHIP() );
#1612 = ITEM_DEFINED_TRANSFORMATION('','',#11,#79);
#1613 = PRODUCT_DEFINITION_SHAPE('Placement','Placement of an item',
  #1614);
#1614 = NEXT_ASSEMBLY_USAGE_OCCURRENCE('17','=>[0:1:1:18]','',#5,#1605,$
  );
#1615 = PRODUCT_RELATED_PRODUCT_CATEGORY('part',$,(#1607));
#1616 = ADVANCED_BREP_SHAPE_REPRESENTATION('',(#11,#1617),#1629);
#1617 = MANIFOLD_SOLID_BREP('',#1618);
#1618 = CLOSED_SHELL('',(#1619));
#1619 = ADVANCED_FACE('',(#1620),#1624,.T.);
#1620 = FACE_BOUND('',#1621,.T.);
#1621 = VERTEX_LOOP('',#1622);
#1622 = VERTEX_POINT('',#1623);
#1623 = CARTESIAN_POINT('',(1.255262969126E-17,-3.074507554457E-33,
    -0.205));
#1624 = SPHERICAL_SURFACE('',#1625,0.205);
#1625 = AXIS2_PLACEMENT_3D('',#1626,#1627,#1628);
#1626 = CARTESIAN_POINT('',(0.,0.,0.));
#1627 = DIRECTION('',(0.,0.,1.));
#1628 = DIRECTION('',(1.,0.,-0.));
#1629 = ( GEOMETRIC_REPRESENTATION_CONTEXT(3) 
GLOBAL_UNCERTAINTY_ASSIGNED_CONTEXT((#1633)) 
GLOBAL_UNIT_ASSIGNED_CONTEXT((#1630,#1631,#1632)) REPRESENTATION_CONTEXT
('Context #1','3D Context with UNIT and UNCERTAINTY') );
#1630 = ( LENGTH_UNIT() NAMED_UNIT(*) SI_UNIT(.MILLI.,.METRE.) );
#1631 = ( NAMED_UNIT(*) PLANE_ANGLE_UNIT() SI_UNIT($,.RADIAN.) );
#1632 = ( NAMED_UNIT(*) SI_UNIT($,.STERADIAN.) SOLID_ANGLE_UNIT() );
#1633 = UNCERTAINTY_MEASURE_WITH_UNIT(LENGTH_MEASURE(1.E-07),#1630,
  'distance_accuracy_value','confusion accuracy');
#1634 = SHAPE_DEFINITION_REPRESENTATION(#1635,#1616);
#1635 = PRODUCT_DEFINITION_SHAPE('','',#1636);
#1636 = PRODUCT_DEFINITION('design','',#1637,#1640);
#1637 = PRODUCT_DEFINITION_FORMATION('','',#1638);
#1638 = PRODUCT('B4','B4','',(#1639));
#1639 = PRODUCT_CONTEXT('',#2,'mechanical');
#1640 = PRODUCT_DEFINITION_CONTEXT('part definition',#2,'design');
#1641 = CONTEXT_DEPENDENT_SHAPE_REPRESENTATION(#1642,#1644);
#1642 = ( REPRESENTATION_RELATIONSHIP('','',#1616,#10) 
REPRESENTATION_RELATIONSHIP_WITH_TRANSFORMATION(#1643) 
SHAPE_REPRESENTATION_RELATIONSHIP() );
#1643 = ITEM_DEFINED_TRANSFORMATION('','',#11,#83);
#1644 = PRODUCT_DEFINITION_SHAPE('Placement','Placement of an item',
  #1645);
#1645 = NEXT_ASSEMBLY_USAGE_OCCURRENCE('18','=>[0:1:1:19]','',#5,#1636,$
  );
#1646 = PRODUCT_RELATED_PRODUCT_CATEGORY('part',$,(#1638));
#1647 = ADVANCED_BREP_SHAPE_REPRESENTATION('',(#11,#1648),#1660);
#1648 = MANIFOLD_SOLID_BREP('',#1649);
#1649 = CLOSED_SHELL('',(#1650));
#1650 = ADVANCED_FACE('',(#1651),#1655,.T.);
#1651 = FACE_BOUND('',#1652,.T.);
#1652 = VERTEX_LOOP('',#1653);
#1653 = VERTEX_POINT('',#1654);
#1654 = CARTESIAN_POINT('',(1.255262969126E-17,-3.074507554457E-33,
    -0.205));
#1655 = SPHERICAL_SURFACE('',#1656,0.205);
#1656 = AXIS2_PLACEMENT_3D('',#1657,#1658,#1659);
#1657 = CARTESIAN_POINT('',(0.,0.,0.));
#1658 = DIRECTION('',(0.,0.,1.));
#1659 = DIRECTION('',(1.,0.,-0.));
#1660 = ( GEOMETRIC_REPRESENTATION_CONTEXT(3) 
GLOBAL_UNCERTAINTY_ASSIGNED_CONTEXT((#1664)) 
GLOBAL_UNIT_ASSIGNED_CONTEXT((#1661,#1662,#1663)) REPRESENTATION_CONTEXT
('Context #1','3D Context with UNIT and UNCERTAINTY') );
#1661 = ( LENGTH_UNIT() NAMED_UNIT(*) SI_UNIT(.MILLI.,.METRE.) );
#1662 = ( NAMED_UNIT(*) PLANE_ANGLE_UNIT() SI_UNIT($,.RADIAN.) );
#1663 = ( NAMED_UNIT(*) SI_UNIT($,.STERADIAN.) SOLID_ANGLE_UNIT() );
#1664 = UNCERTAINTY_MEASURE_WITH_UNIT(LENGTH_MEASURE(1.E-07),#1661,
  'distance_accuracy_value','confusion accuracy');
#1665 = SHAPE_DEFINITION_REPRESENTATION(#1666,#1647);
#1666 = PRODUCT_DEFINITION_SHAPE('','',#1667);
#1667 = PRODUCT_DEFINITION('design','',#1668,#1671);
#1668 = PRODUCT_DEFINITION_FORMATION('','',#1669);
#1669 = PRODUCT('B5','B5','',(#1670));
#1670 = PRODUCT_CONTEXT('',#2,'mechanical');
#1671 = PRODUCT_DEFINITION_CONTEXT('part definition',#2,'design');
#1672 = CONTEXT_DEPENDENT_SHAPE_REPRESENTATION(#1673,#1675);
#1673 = ( REPRESENTATION_RELATIONSHIP('','',#1647,#10) 
REPRESENTATION_RELATIONSHIP_WITH_TRANSFORMATION(#1674) 
SHAPE_REPRESENTATION_RELATIONSHIP() );
#1674 = ITEM_DEFINED_TRANSFORMATION('','',#11,#87);
#1675 = PRODUCT_DEFINITION_SHAPE('Placement','Placement of an item',
  #1676);
#1676 = NEXT_ASSEMBLY_USAGE_OCCURRENCE('19','=>[0:1:1:20]','',#5,#1667,$
  );
#1677 = PRODUCT_RELATED_PRODUCT_CATEGORY('part',$,(#1669));
#1678 = ADVANCED_BREP_SHAPE_REPRESENTATION('',(#11,#1679),#1691);
#1679 = MANIFOLD_SOLID_BREP('',#1680);
#1680 = CLOSED_SHELL('',(#1681));
#1681 = ADVANCED_FACE('',(#1682),#1686,.T.);
#1682 = FACE_BOUND('',#1683,.T.);
#1683 = VERTEX_LOOP('',#1684);
#1684 = VERTEX_POINT('',#1685);
#1685 = CARTESIAN_POINT('',(1.255262969126E-17,-3.074507554457E-33,
    -0.205));
#1686 = SPHERICAL_SURFACE('',#1687,0.205);
#1687 = AXIS2_PLACEMENT_3D('',#1688,#1689,#1690);
#1688 = CARTESIAN_POINT('',(0.,0.,0.));
#1689 = DIRECTION('',(0.,0.,1.));
#1690 = DIRECTION('',(1.,0.,-0.));
#1691 = ( GEOMETRIC_REPRESENTATION_CONTEXT(3) 
GLOBAL_UNCERTAINTY_ASSIGNED_CONTEXT((#1695)) 
GLOBAL_UNIT_ASSIGNED_CONTEXT((#1692,#1693,#1694)) REPRESENTATION_CONTEXT
('Context #1','3D Context with UNIT and UNCERTAINTY') );
#1692 = ( LENGTH_UNIT() NAMED_UNIT(*) SI_UNIT(.MILLI.,.METRE.) );
#1693 = ( NAMED_UNIT(*) PLANE_ANGLE_UNIT() SI_UNIT($,.RADIAN.) );
#1694 = ( NAMED_UNIT(*) SI_UNIT($,.STERADIAN.) SOLID_ANGLE_UNIT() );
#1695 = UNCERTAINTY_MEASURE_WITH_UNIT(LENGTH_MEASURE(1.E-07),#1692,
  'distance_accuracy_value','confusion accuracy');
#1696 = SHAPE_DEFINITION_REPRESENTATION(#1697,#1678);
#1697 = PRODUCT_DEFINITION_SHAPE('','',#1698);
#1698 = PRODUCT_DEFINITION('design','',#1699,#1702);
#1699 = PRODUCT_DEFINITION_FORMATION('','',#1700);
#1700 = PRODUCT('B6','B6','',(#1701));
#1701 = PRODUCT_CONTEXT('',#2,'mechanical');
#1702 = PRODUCT_DEFINITION_CONTEXT('part definition',#2,'design');
#1703 = CONTEXT_DEPENDENT_SHAPE_REPRESENTATION(#1704,#1706);
#1704 = ( REPRESENTATION_RELATIONSHIP('','',#1678,#10) 
REPRESENTATION_RELATIONSHIP_WITH_TRANSFORMATION(#1705) 
SHAPE_REPRESENTATION_RELATIONSHIP() );
#1705 = ITEM_DEFINED_TRANSFORMATION('','',#11,#91);
#1706 = PRODUCT_DEFINITION_SHAPE('Placement','Placement of an item',
  #1707);
#1707 = NEXT_ASSEMBLY_USAGE_OCCURRENCE('20','=>[0:1:1:21]','',#5,#1698,$
  );
#1708 = PRODUCT_RELATED_PRODUCT_CATEGORY('part',$,(#1700));
#1709 = ADVANCED_BREP_SHAPE_REPRESENTATION('',(#11,#1710),#1722);
#1710 = MANIFOLD_SOLID_BREP('',#1711);
#1711 = CLOSED_SHELL('',(#1712));
#1712 = ADVANCED_FACE('',(#1713),#1717,.T.);
#1713 = FACE_BOUND('',#1714,.T.);
#1714 = VERTEX_LOOP('',#1715);
#1715 = VERTEX_POINT('',#1716);
#1716 = CARTESIAN_POINT('',(1.255262969126E-17,-3.074507554457E-33,
    -0.205));
#1717 = SPHERICAL_SURFACE('',#1718,0.205);
#1718 = AXIS2_PLACEMENT_3D('',#1719,#1720,#1721);
#1719 = CARTESIAN_POINT('',(0.,0.,0.));
#1720 = DIRECTION('',(0.,0.,1.));
#1721 = DIRECTION('',(1.,0.,-0.));
#1722 = ( GEOMETRIC_REPRESENTATION_CONTEXT(3) 
GLOBAL_UNCERTAINTY_ASSIGNED_CONTEXT((#1726)) 
GLOBAL_UNIT_ASSIGNED_CONTEXT((#1723,#1724,#1725)) REPRESENTATION_CONTEXT
('Context #1','3D Context with UNIT and UNCERTAINTY') );
#1723 = ( LENGTH_UNIT() NAMED_UNIT(*) SI_UNIT(.MILLI.,.METRE.) );
#1724 = ( NAMED_UNIT(*) PLANE_ANGLE_UNIT() SI_UNIT($,.RADIAN.) );
#1725 = ( NAMED_UNIT(*) SI_UNIT($,.STERADIAN.) SOLID_ANGLE_UNIT() );
#1726 = UNCERTAINTY_MEASURE_WITH_UNIT(LENGTH_MEASURE(1.E-07),#1723,
  'distance_accuracy_value','confusion accuracy');
#1727 = SHAPE_DEFINITION_REPRESENTATION(#1728,#1709);
#1728 = PRODUCT_DEFINITION_SHAPE('','',#1729);
#1729 = PRODUCT_DEFINITION('design','',#1730,#1733);
#1730 = PRODUCT_DEFINITION_FORMATION('','',#1731);
#1731 = PRODUCT('B7','B7','',(#1732));
#1732 = PRODUCT_CONTEXT('',#2,'mechanical');
#1733 = PRODUCT_DEFINITION_CONTEXT('part definition',#2,'design');
#1734 = CONTEXT_DEPENDENT_SHAPE_REPRESENTATION(#1735,#1737);
#1735 = ( REPRESENTATION_RELATIONSHIP('','',#1709,#10) 
REPRESENTATION_RELATIONSHIP_WITH_TRANSFORMATION(#1736) 
SHAPE_REPRESENTATION_RELATIONSHIP() );
#1736 = ITEM_DEFINED_TRANSFORMATION('','',#11,#95);
#1737 = PRODUCT_DEFINITION_SHAPE('Placement','Placement of an item',
  #1738);
#1738 = NEXT_ASSEMBLY_USAGE_OCCURRENCE('21','=>[0:1:1:22]','',#5,#1729,$
  );
#1739 = PRODUCT_RELATED_PRODUCT_CATEGORY('part',$,(#1731));
#1740 = ADVANCED_BREP_SHAPE_REPRESENTATION('',(#11,#1741),#1753);
#1741 = MANIFOLD_SOLID_BREP('',#1742);
#1742 = CLOSED_SHELL('',(#1743));
#1743 = ADVANCED_FACE('',(#1744),#1748,.T.);
#1744 = FACE_BOUND('',#1745,.T.);
#1745 = VERTEX_LOOP('',#1746);
#1746 = VERTEX_POINT('',#1747);
#1747 = CARTESIAN_POINT('',(1.255262969126E-17,-3.074507554457E-33,
    -0.205));
#1748 = SPHERICAL_SURFACE('',#1749,0.205);
#1749 = AXIS2_PLACEMENT_3D('',#1750,#1751,#1752);
#1750 = CARTESIAN_POINT('',(0.,0.,0.));
#1751 = DIRECTION('',(0.,0.,1.));
#1752 = DIRECTION('',(1.,0.,-0.));
#1753 = ( GEOMETRIC_REPRESENTATION_CONTEXT(3) 
GLOBAL_UNCERTAINTY_ASSIGNED_CONTEXT((#1757)) 
GLOBAL_UNIT_ASSIGNED_CONTEXT((#1754,#1755,#1756)) REPRESENTATION_CONTEXT
('Context #1','3D Context with UNIT and UNCERTAINTY') );
#1754 = ( LENGTH_UNIT() NAMED_UNIT(*) SI_UNIT(.MILLI.,.METRE.) );
#1755 = ( NAMED_UNIT(*) PLANE_ANGLE_UNIT() SI_UNIT($,.RADIAN.) );
#1756 = ( NAMED_UNIT(*) SI_UNIT($,.STERADIAN.) SOLID_ANGLE_UNIT() );
#1757 = UNCERTAINTY_MEASURE_WITH_UNIT(LENGTH_MEASURE(1.E-07),#1754,
  'distance_accuracy_value','confusion accuracy');
#1758 = SHAPE_DEFINITION_REPRESENTATION(#1759,#1740);
#1759 = PRODUCT_DEFINITION_SHAPE('','',#1760);
#1760 = PRODUCT_DEFINITION('design','',#1761,#1764);
#1761 = PRODUCT_DEFINITION_FORMATION('','',#1762);
#1762 = PRODUCT('B8','B8','',(#1763));
#1763 = PRODUCT_CONTEXT('',#2,'mechanical');
#1764 = PRODUCT_DEFINITION_CONTEXT('part definition',#2,'design');
#1765 = CONTEXT_DEPENDENT_SHAPE_REPRESENTATION(#1766,#1768);
#1766 = ( REPRESENTATION_RELATIONSHIP('','',#1740,#10) 
REPRESENTATION_RELATIONSHIP_WITH_TRANSFORMATION(#1767) 
SHAPE_REPRESENTATION_RELATIONSHIP() );
#1767 = ITEM_DEFINED_TRANSFORMATION('','',#11,#99);
#1768 = PRODUCT_DEFINITION_SHAPE('Placement','Placement of an item',
  #1769);
#1769 = NEXT_ASSEMBLY_USAGE_OCCURRENCE('22','=>[0:1:1:23]','',#5,#1760,$
  );
#1770 = PRODUCT_RELATED_PRODUCT_CATEGORY('part',$,(#1762));
#1771 = ADVANCED_BREP_SHAPE_REPRESENTATION('',(#11,#1772),#1784);
#1772 = MANIFOLD_SOLID_BREP('',#1773);
#1773 = CLOSED_SHELL('',(#1774));
#1774 = ADVANCED_FACE('',(#1775),#1779,.T.);
#1775 = FACE_BOUND('',#1776,.T.);
#1776 = VERTEX_LOOP('',#1777);
#1777 = VERTEX_POINT('',#1778);
#1778 = CARTESIAN_POINT('',(1.255262969126E-17,-3.074507554457E-33,
    -0.205));
#1779 = SPHERICAL_SURFACE('',#1780,0.205);
#1780 = AXIS2_PLACEMENT_3D('',#1781,#1782,#1783);
#1781 = CARTESIAN_POINT('',(0.,0.,0.));
#1782 = DIRECTION('',(0.,0.,1.));
#1783 = DIRECTION('',(1.,0.,-0.));
#1784 = ( GEOMETRIC_REPRESENTATION_CONTEXT(3) 
GLOBAL_UNCERTAINTY_ASSIGNED_CONTEXT((#1788)) 
GLOBAL_UNIT_ASSIGNED_CONTEXT((#1785,#1786,#1787)) REPRESENTATION_CONTEXT
('Context #1','3D Context with UNIT and UNCERTAINTY') );
#1785 = ( LENGTH_UNIT() NAMED_UNIT(*) SI_UNIT(.MILLI.,.METRE.) );
#1786 = ( NAMED_UNIT(*) PLANE_ANGLE_UNIT() SI_UNIT($,.RADIAN.) );
#1787 = ( NAMED_UNIT(*) SI_UNIT($,.STERADIAN.) SOLID_ANGLE_UNIT() );
#1788 = UNCERTAINTY_MEASURE_WITH_UNIT(LENGTH_MEASURE(1.E-07),#1785,
  'distance_accuracy_value','confusion accuracy');
#1789 = SHAPE_DEFINITION_REPRESENTATION(#1790,#1771);
#1790 = PRODUCT_DEFINITION_SHAPE('','',#1791);
#1791 = PRODUCT_DEFINITION('design','',#1792,#1795);
#1792 = PRODUCT_DEFINITION_FORMATION('','',#1793);
#1793 = PRODUCT('B9','B9','',(#1794));
#1794 = PRODUCT_CONTEXT('',#2,'mechanical');
#1795 = PRODUCT_DEFINITION_CONTEXT('part definition',#2,'design');
#1796 = CONTEXT_DEPENDENT_SHAPE_REPRESENTATION(#1797,#1799);
#1797 = ( REPRESENTATION_RELATIONSHIP('','',#1771,#10) 
REPRESENTATION_RELATIONSHIP_WITH_TRANSFORMATION(#1798) 
SHAPE_REPRESENTATION_RELATIONSHIP() );
#1798 = ITEM_DEFINED_TRANSFORMATION('','',#11,#103);
#1799 = PRODUCT_DEFINITION_SHAPE('Placement','Placement of an item',
  #1800);
#1800 = NEXT_ASSEMBLY_USAGE_OCCURRENCE('23','=>[0:1:1:24]','',#5,#1791,$
  );
#1801 = PRODUCT_RELATED_PRODUCT_CATEGORY('part',$,(#1793));
#1802 = ADVANCED_BREP_SHAPE_REPRESENTATION('',(#11,#1803),#1815);
#1803 = MANIFOLD_SOLID_BREP('',#1804);
#1804 = CLOSED_SHELL('',(#1805));
#1805 = ADVANCED_FACE('',(#1806),#1810,.T.);
#1806 = FACE_BOUND('',#1807,.T.);
#1807 = VERTEX_LOOP('',#1808);
#1808 = VERTEX_POINT('',#1809);
#1809 = CARTESIAN_POINT('',(1.255262969126E-17,-3.074507554457E-33,
    -0.205));
#1810 = SPHERICAL_SURFACE('',#1811,0.205);
#1811 = AXIS2_PLACEMENT_3D('',#1812,#1813,#1814);
#1812 = CARTESIAN_POINT('',(0.,0.,0.));
#1813 = DIRECTION('',(0.,0.,1.));
#1814 = DIRECTION('',(1.,0.,-0.));
#1815 = ( GEOMETRIC_REPRESENTATION_CONTEXT(3) 
GLOBAL_UNCERTAINTY_ASSIGNED_CONTEXT((#1819)) 
GLOBAL_UNIT_ASSIGNED_CONTEXT((#1816,#1817,#1818)) REPRESENTATION_CONTEXT
('Context #1','3D Context with UNIT and UNCERTAINTY') );
#1816 = ( LENGTH_UNIT() NAMED_UNIT(*) SI_UNIT(.MILLI.,.METRE.) );
#1817 = ( NAMED_UNIT(*) PLANE_ANGLE_UNIT() SI_UNIT($,.RADIAN.) );
#1818 = ( NAMED_UNIT(*) SI_UNIT($,.STERADIAN.) SOLID_ANGLE_UNIT() );
#1819 = UNCERTAINTY_MEASURE_WITH_UNIT(LENGTH_MEASURE(1.E-07),#1816,
  'distance_accuracy_value','confusion accuracy');
#1820 = SHAPE_DEFINITION_REPRESENTATION(#1821,#1802);
#1821 = PRODUCT_DEFINITION_SHAPE('','',#1822);
#1822 = PRODUCT_DEFINITION('design','',#1823,#1826);
#1823 = PRODUCT_DEFINITION_FORMATION('','',#1824);
#1824 = PRODUCT('B10','B10','',(#1825));
#1825 = PRODUCT_CONTEXT('',#2,'mechanical');
#1826 = PRODUCT_DEFINITION_CONTEXT('part definition',#2,'design');
#1827 = CONTEXT_DEPENDENT_SHAPE_REPRESENTATION(#1828,#1830);
#1828 = ( REPRESENTATION_RELATIONSHIP('','',#1802,#10) 
REPRESENTATION_RELATIONSHIP_WITH_TRANSFORMATION(#1829) 
SHAPE_REPRESENTATION_RELATIONSHIP() );
#1829 = ITEM_DEFINED_TRANSFORMATION('','',#11,#107);
#1830 = PRODUCT_DEFINITION_SHAPE('Placement','Placement of an item',
  #1831);
#1831 = NEXT_ASSEMBLY_USAGE_OCCURRENCE('24','=>[0:1:1:25]','',#5,#1822,$
  );
#1832 = PRODUCT_RELATED_PRODUCT_CATEGORY('part',$,(#1824));
#1833 = ADVANCED_BREP_SHAPE_REPRESENTATION('',(#11,#1834),#1846);
#1834 = MANIFOLD_SOLID_BREP('',#1835);
#1835 = CLOSED_SHELL('',(#1836));
#1836 = ADVANCED_FACE('',(#1837),#1841,.T.);
#1837 = FACE_BOUND('',#1838,.T.);
#1838 = VERTEX_LOOP('',#1839);
#1839 = VERTEX_POINT('',#1840);
#1840 = CARTESIAN_POINT('',(1.255262969126E-17,-3.074507554457E-33,
    -0.205));
#1841 = SPHERICAL_SURFACE('',#1842,0.205);
#1842 = AXIS2_PLACEMENT_3D('',#1843,#1844,#1845);
#1843 = CARTESIAN_POINT('',(0.,0.,0.));
#1844 = DIRECTION('',(0.,0.,1.));
#1845 = DIRECTION('',(1.,0.,-0.));
#1846 = ( GEOMETRIC_REPRESENTATION_CONTEXT(3) 
GLOBAL_UNCERTAINTY_ASSIGNED_CONTEXT((#1850)) 
GLOBAL_UNIT_ASSIGNED_CONTEXT((#1847,#1848,#1849)) REPRESENTATION_CONTEXT
('Context #1','3D Context with UNIT and UNCERTAINTY') );
#1847 = ( LENGTH_UNIT() NAMED_UNIT(*) SI_UNIT(.MILLI.,.METRE.) );
#1848 = ( NAMED_UNIT(*) PLANE_ANGLE_UNIT() SI_UNIT($,.RADIAN.) );
#1849 = ( NAMED_UNIT(*) SI_UNIT($,.STERADIAN.) SOLID_ANGLE_UNIT() );
#1850 = UNCERTAINTY_MEASURE_WITH_UNIT(LENGTH_MEASURE(1.E-07),#1847,
  'distance_accuracy_value','confusion accuracy');
#1851 = SHAPE_DEFINITION_REPRESENTATION(#1852,#1833);
#1852 = PRODUCT_DEFINITION_SHAPE('','',#1853);
#1853 = PRODUCT_DEFINITION('design','',#1854,#1857);
#1854 = PRODUCT_DEFINITION_FORMATION('','',#1855);
#1855 = PRODUCT('B11','B11','',(#1856));
#1856 = PRODUCT_CONTEXT('',#2,'mechanical');
#1857 = PRODUCT_DEFINITION_CONTEXT('part definition',#2,'design');
#1858 = CONTEXT_DEPENDENT_SHAPE_REPRESENTATION(#1859,#1861);
#1859 = ( REPRESENTATION_RELATIONSHIP('','',#1833,#10) 
REPRESENTATION_RELATIONSHIP_WITH_TRANSFORMATION(#1860) 
SHAPE_REPRESENTATION_RELATIONSHIP() );
#1860 = ITEM_DEFINED_TRANSFORMATION('','',#11,#111);
#1861 = PRODUCT_DEFINITION_SHAPE('Placement','Placement of an item',
  #1862);
#1862 = NEXT_ASSEMBLY_USAGE_OCCURRENCE('25','=>[0:1:1:26]','',#5,#1853,$
  );
#1863 = PRODUCT_RELATED_PRODUCT_CATEGORY('part',$,(#1855));
#1864 = ADVANCED_BREP_SHAPE_REPRESENTATION('',(#11,#1865),#1877);
#1865 = MANIFOLD_SOLID_BREP('',#1866);
#1866 = CLOSED_SHELL('',(#1867));
#1867 = ADVANCED_FACE('',(#1868),#1872,.T.);
#1868 = FACE_BOUND('',#1869,.T.);
#1869 = VERTEX_LOOP('',#1870);
#1870 = VERTEX_POINT('',#1871);
#1871 = CARTESIAN_POINT('',(1.255262969126E-17,-3.074507554457E-33,
    -0.205));
#1872 = SPHERICAL_SURFACE('',#1873,0.205);
#1873 = AXIS2_PLACEMENT_3D('',#1874,#1875,#1876);
#1874 = CARTESIAN_POINT('',(0.,0.,0.));
#1875 = DIRECTION('',(0.,0.,1.));
#1876 = DIRECTION('',(1.,0.,-0.));
#1877 = ( GEOMETRIC_REPRESENTATION_CONTEXT(3) 
GLOBAL_UNCERTAINTY_ASSIGNED_CONTEXT((#1881)) 
GLOBAL_UNIT_ASSIGNED_CONTEXT((#1878,#1879,#1880)) REPRESENTATION_CONTEXT
('Context #1','3D Context with UNIT and UNCERTAINTY') );
#1878 = ( LENGTH_UNIT() NAMED_UNIT(*) SI_UNIT(.MILLI.,.METRE.) );
#1879 = ( NAMED_UNIT(*) PLANE_ANGLE_UNIT() SI_UNIT($,.RADIAN.) );
#1880 = ( NAMED_UNIT(*) SI_UNIT($,.STERADIAN.) SOLID_ANGLE_UNIT() );
#1881 = UNCERTAINTY_MEASURE_WITH_UNIT(LENGTH_MEASURE(1.E-07),#1878,
  'distance_accuracy_value','confusion accuracy');
#1882 = SHAPE_DEFINITION_REPRESENTATION(#1883,#1864);
#1883 = PRODUCT_DEFINITION_SHAPE('','',#1884);
#1884 = PRODUCT_DEFINITION('design','',#1885,#1888);
#1885 = PRODUCT_DEFINITION_FORMATION('','',#1886);
#1886 = PRODUCT('B12','B12','',(#1887));
#1887 = PRODUCT_CONTEXT('',#2,'mechanical');
#1888 = PRODUCT_DEFINITION_CONTEXT('part definition',#2,'design');
#1889 = CONTEXT_DEPENDENT_SHAPE_REPRESENTATION(#1890,#1892);
#1890 = ( REPRESENTATION_RELATIONSHIP('','',#1864,#10) 
REPRESENTATION_RELATIONSHIP_WITH_TRANSFORMATION(#1891) 
SHAPE_REPRESENTATION_RELATIONSHIP() );
#1891 = ITEM_DEFINED_TRANSFORMATION('','',#11,#115);
#1892 = PRODUCT_DEFINITION_SHAPE('Placement','Placement of an item',
  #1893);
#1893 = NEXT_ASSEMBLY_USAGE_OCCURRENCE('26','=>[0:1:1:27]','',#5,#1884,$
  );
#1894 = PRODUCT_RELATED_PRODUCT_CATEGORY('part',$,(#1886));
#1895 = ADVANCED_BREP_SHAPE_REPRESENTATION('',(#11,#1896),#1908);
#1896 = MANIFOLD_SOLID_BREP('',#1897);
#1897 = CLOSED_SHELL('',(#1898));
#1898 = ADVANCED_FACE('',(#1899),#1903,.T.);
#1899 = FACE_BOUND('',#1900,.T.);
#1900 = VERTEX_LOOP('',#1901);
#1901 = VERTEX_POINT('',#1902);
#1902 = CARTESIAN_POINT('',(1.255262969126E-17,-3.074507554457E-33,
    -0.205));
#1903 = SPHERICAL_SURFACE('',#1904,0.205);
#1904 = AXIS2_PLACEMENT_3D('',#1905,#1906,#1907);
#1905 = CARTESIAN_POINT('',(0.,0.,0.));
#1906 = DIRECTION('',(0.,0.,1.));
#1907 = DIRECTION('',(1.,0.,-0.));
#1908 = ( GEOMETRIC_REPRESENTATION_CONTEXT(3) 
GLOBAL_UNCERTAINTY_ASSIGNED_CONTEXT((#1912)) 
GLOBAL_UNIT_ASSIGNED_CONTEXT((#1909,#1910,#1911)) REPRESENTATION_CONTEXT
('Context #1','3D Context with UNIT and UNCERTAINTY') );
#1909 = ( LENGTH_UNIT() NAMED_UNIT(*) SI_UNIT(.MILLI.,.METRE.) );
#1910 = ( NAMED_UNIT(*) PLANE_ANGLE_UNIT() SI_UNIT($,.RADIAN.) );
#1911 = ( NAMED_UNIT(*) SI_UNIT($,.STERADIAN.) SOLID_ANGLE_UNIT() );
#1912 = UNCERTAINTY_MEASURE_WITH_UNIT(LENGTH_MEASURE(1.E-07),#1909,
  'distance_accuracy_value','confusion accuracy');
#1913 = SHAPE_DEFINITION_REPRESENTATION(#1914,#1895);
#1914 = PRODUCT_DEFINITION_SHAPE('','',#1915);
#1915 = PRODUCT_DEFINITION('design','',#1916,#1919);
#1916 = PRODUCT_DEFINITION_FORMATION('','',#1917);
#1917 = PRODUCT('B13','B13','',(#1918));
#1918 = PRODUCT_CONTEXT('',#2,'mechanical');
#1919 = PRODUCT_DEFINITION_CONTEXT('part definition',#2,'design');
#1920 = CONTEXT_DEPENDENT_SHAPE_REPRESENTATION(#1921,#1923);
#1921 = ( REPRESENTATION_RELATIONSHIP('','',#1895,#10) 
REPRESENTATION_RELATIONSHIP_WITH_TRANSFORMATION(#1922) 
SHAPE_REPRESENTATION_RELATIONSHIP() );
#1922 = ITEM_DEFINED_TRANSFORMATION('','',#11,#119);
#1923 = PRODUCT_DEFINITION_SHAPE('Placement','Placement of an item',
  #1924);
#1924 = NEXT_ASSEMBLY_USAGE_OCCURRENCE('27','=>[0:1:1:28]','',#5,#1915,$
  );
#1925 = PRODUCT_RELATED_PRODUCT_CATEGORY('part',$,(#1917));
#1926 = ADVANCED_BREP_SHAPE_REPRESENTATION('',(#11,#1927),#1939);
#1927 = MANIFOLD_SOLID_BREP('',#1928);
#1928 = CLOSED_SHELL('',(#1929));
#1929 = ADVANCED_FACE('',(#1930),#1934,.T.);
#1930 = FACE_BOUND('',#1931,.T.);
#1931 = VERTEX_LOOP('',#1932);
#1932 = VERTEX_POINT('',#1933);
#1933 = CARTESIAN_POINT('',(1.255262969126E-17,-3.074507554457E-33,
    -0.205));
#1934 = SPHERICAL_SURFACE('',#1935,0.205);
#1935 = AXIS2_PLACEMENT_3D('',#1936,#1937,#1938);
#1936 = CARTESIAN_POINT('',(0.,0.,0.));
#1937 = DIRECTION('',(0.,0.,1.));
#1938 = DIRECTION('',(1.,0.,-0.));
#1939 = ( GEOMETRIC_REPRESENTATION_CONTEXT(3) 
GLOBAL_UNCERTAINTY_ASSIGNED_CONTEXT((#1943)) 
GLOBAL_UNIT_ASSIGNED_CONTEXT((#1940,#1941,#1942)) REPRESENTATION_CONTEXT
('Context #1','3D Context with UNIT and UNCERTAINTY') );
#1940 = ( LENGTH_UNIT() NAMED_UNIT(*) SI_UNIT(.MILLI.,.METRE.) );
#1941 = ( NAMED_UNIT(*) PLANE_ANGLE_UNIT() SI_UNIT($,.RADIAN.) );
#1942 = ( NAMED_UNIT(*) SI_UNIT($,.STERADIAN.) SOLID_ANGLE_UNIT() );
#1943 = UNCERTAINTY_MEASURE_WITH_UNIT(LENGTH_MEASURE(1.E-07),#1940,
  'distance_accuracy_value','confusion accuracy');
#1944 = SHAPE_DEFINITION_REPRESENTATION(#1945,#1926);
#1945 = PRODUCT_DEFINITION_SHAPE('','',#1946);
#1946 = PRODUCT_DEFINITION('design','',#1947,#1950);
#1947 = PRODUCT_DEFINITION_FORMATION('','',#1948);
#1948 = PRODUCT('B14','B14','',(#1949));
#1949 = PRODUCT_CONTEXT('',#2,'mechanical');
#1950 = PRODUCT_DEFINITION_CONTEXT('part definition',#2,'design');
#1951 = CONTEXT_DEPENDENT_SHAPE_REPRESENTATION(#1952,#1954);
#1952 = ( REPRESENTATION_RELATIONSHIP('','',#1926,#10) 
REPRESENTATION_RELATIONSHIP_WITH_TRANSFORMATION(#1953) 
SHAPE_REPRESENTATION_RELATIONSHIP() );
#1953 = ITEM_DEFINED_TRANSFORMATION('','',#11,#123);
#1954 = PRODUCT_DEFINITION_SHAPE('Placement','Placement of an item',
  #1955);
#1955 = NEXT_ASSEMBLY_USAGE_OCCURRENCE('28','=>[0:1:1:29]','',#5,#1946,$
  );
#1956 = PRODUCT_RELATED_PRODUCT_CATEGORY('part',$,(#1948));
#1957 = ADVANCED_BREP_SHAPE_REPRESENTATION('',(#11,#1958),#1970);
#1958 = MANIFOLD_SOLID_BREP('',#1959);
#1959 = CLOSED_SHELL('',(#1960));
#1960 = ADVANCED_FACE('',(#1961),#1965,.T.);
#1961 = FACE_BOUND('',#1962,.T.);
#1962 = VERTEX_LOOP('',#1963);
#1963 = VERTEX_POINT('',#1964);
#1964 = CARTESIAN_POINT('',(1.255262969126E-17,-3.074507554457E-33,
    -0.205));
#1965 = SPHERICAL_SURFACE('',#1966,0.205);
#1966 = AXIS2_PLACEMENT_3D('',#1967,#1968,#1969);
#1967 = CARTESIAN_POINT('',(0.,0.,0.));
#1968 = DIRECTION('',(0.,0.,1.));
#1969 = DIRECTION('',(1.,0.,-0.));
#1970 = ( GEOMETRIC_REPRESENTATION_CONTEXT(3) 
GLOBAL_UNCERTAINTY_ASSIGNED_CONTEXT((#1974)) 
GLOBAL_UNIT_ASSIGNED_CONTEXT((#1971,#1972,#1973)) REPRESENTATION_CONTEXT
('Context #1','3D Context with UNIT and UNCERTAINTY') );
#1971 = ( LENGTH_UNIT() NAMED_UNIT(*) SI_UNIT(.MILLI.,.METRE.) );
#1972 = ( NAMED_UNIT(*) PLANE_ANGLE_UNIT() SI_UNIT($,.RADIAN.) );
#1973 = ( NAMED_UNIT(*) SI_UNIT($,.STERADIAN.) SOLID_ANGLE_UNIT() );
#1974 = UNCERTAINTY_MEASURE_WITH_UNIT(LENGTH_MEASURE(1.E-07),#1971,
  'distance_accuracy_value','confusion accuracy');
#1975 = SHAPE_DEFINITION_REPRESENTATION(#1976,#1957);
#1976 = PRODUCT_DEFINITION_SHAPE('','',#1977);
#1977 = PRODUCT_DEFINITION('design','',#1978,#1981);
#1978 = PRODUCT_DEFINITION_FORMATION('','',#1979);
#1979 = PRODUCT('B15','B15','',(#1980));
#1980 = PRODUCT_CONTEXT('',#2,'mechanical');
#1981 = PRODUCT_DEFINITION_CONTEXT('part definition',#2,'design');
#1982 = CONTEXT_DEPENDENT_SHAPE_REPRESENTATION(#1983,#1985);
#1983 = ( REPRESENTATION_RELATIONSHIP('','',#1957,#10) 
REPRESENTATION_RELATIONSHIP_WITH_TRANSFORMATION(#1984) 
SHAPE_REPRESENTATION_RELATIONSHIP() );
#1984 = ITEM_DEFINED_TRANSFORMATION('','',#11,#127);
#1985 = PRODUCT_DEFINITION_SHAPE('Placement','Placement of an item',
  #1986);
#1986 = NEXT_ASSEMBLY_USAGE_OCCURRENCE('29','=>[0:1:1:30]','',#5,#1977,$
  );
#1987 = PRODUCT_RELATED_PRODUCT_CATEGORY('part',$,(#1979));
#1988 = ADVANCED_BREP_SHAPE_REPRESENTATION('',(#11,#1989),#2001);
#1989 = MANIFOLD_SOLID_BREP('',#1990);
#1990 = CLOSED_SHELL('',(#1991));
#1991 = ADVANCED_FACE('',(#1992),#1996,.T.);
#1992 = FACE_BOUND('',#1993,.T.);
#1993 = VERTEX_LOOP('',#1994);
#1994 = VERTEX_POINT('',#1995);
#1995 = CARTESIAN_POINT('',(1.255262969126E-17,-3.074507554457E-33,
    -0.205));
#1996 = SPHERICAL_SURFACE('',#1997,0.205);
#1997 = AXIS2_PLACEMENT_3D('',#1998,#1999,#2000);
#1998 = CARTESIAN_POINT('',(0.,0.,0.));
#1999 = DIRECTION('',(0.,0.,1.));
#2000 = DIRECTION('',(1.,0.,-0.));
#2001 = ( GEOMETRIC_REPRESENTATION_CONTEXT(3) 
GLOBAL_UNCERTAINTY_ASSIGNED_CONTEXT((#2005)) 
GLOBAL_UNIT_ASSIGNED_CONTEXT((#2002,#2003,#2004)) REPRESENTATION_CONTEXT
('Context #1','3D Context with UNIT and UNCERTAINTY') );
#2002 = ( LENGTH_UNIT() NAMED_UNIT(*) SI_UNIT(.MILLI.,.METRE.) );
#2003 = ( NAMED_UNIT(*) PLANE_ANGLE_UNIT() SI_UNIT($,.RADIAN.) );
#2004 = ( NAMED_UNIT(*) SI_UNIT($,.STERADIAN.) SOLID_ANGLE_UNIT() );
#2005 = UNCERTAINTY_MEASURE_WITH_UNIT(LENGTH_MEASURE(1.E-07),#2002,
  'distance_accuracy_value','confusion accuracy');
#2006 = SHAPE_DEFINITION_REPRESENTATION(#2007,#1988);
#2007 = PRODUCT_DEFINITION_SHAPE('','',#2008);
#2008 = PRODUCT_DEFINITION('design','',#2009,#2012);
#2009 = PRODUCT_DEFINITION_FORMATION('','',#2010);
#2010 = PRODUCT('B16','B16','',(#2011));
#2011 = PRODUCT_CONTEXT('',#2,'mechanical');
#2012 = PRODUCT_DEFINITION_CONTEXT('part definition',#2,'design');
#2013 = CONTEXT_DEPENDENT_SHAPE_REPRESENTATION(#2014,#2016);
#2014 = ( REPRESENTATION_RELATIONSHIP('','',#1988,#10) 
REPRESENTATION_RELATIONSHIP_WITH_TRANSFORMATION(#2015) 
SHAPE_REPRESENTATION_RELATIONSHIP() );
#2015 = ITEM_DEFINED_TRANSFORMATION('','',#11,#131);
#2016 = PRODUCT_DEFINITION_SHAPE('Placement','Placement of an item',
  #2017);
#2017 = NEXT_ASSEMBLY_USAGE_OCCURRENCE('30','=>[0:1:1:31]','',#5,#2008,$
  );
#2018 = PRODUCT_RELATED_PRODUCT_CATEGORY('part',$,(#2010));
#2019 = ADVANCED_BREP_SHAPE_REPRESENTATION('',(#11,#2020),#2032);
#2020 = MANIFOLD_SOLID_BREP('',#2021);
#2021 = CLOSED_SHELL('',(#2022));
#2022 = ADVANCED_FACE('',(#2023),#2027,.T.);
#2023 = FACE_BOUND('',#2024,.T.);
#2024 = VERTEX_LOOP('',#2025);
#2025 = VERTEX_POINT('',#2026);
#2026 = CARTESIAN_POINT('',(1.255262969126E-17,-3.074507554457E-33,
    -0.205));
#2027 = SPHERICAL_SURFACE('',#2028,0.205);
#2028 = AXIS2_PLACEMENT_3D('',#2029,#2030,#2031);
#2029 = CARTESIAN_POINT('',(0.,0.,0.));
#2030 = DIRECTION('',(0.,0.,1.));
#2031 = DIRECTION('',(1.,0.,-0.));
#2032 = ( GEOMETRIC_REPRESENTATION_CONTEXT(3) 
GLOBAL_UNCERTAINTY_ASSIGNED_CONTEXT((#2036)) 
GLOBAL_UNIT_ASSIGNED_CONTEXT((#2033,#2034,#2035)) REPRESENTATION_CONTEXT
('Context #1','3D Context with UNIT and UNCERTAINTY') );
#2033 = ( LENGTH_UNIT() NAMED_UNIT(*) SI_UNIT(.MILLI.,.METRE.) );
#2034 = ( NAMED_UNIT(*) PLANE_ANGLE_UNIT() SI_UNIT($,.RADIAN.) );
#2035 = ( NAMED_UNIT(*) SI_UNIT($,.STERADIAN.) SOLID_ANGLE_UNIT() );
#2036 = UNCERTAINTY_MEASURE_WITH_UNIT(LENGTH_MEASURE(1.E-07),#2033,
  'distance_accuracy_value','confusion accuracy');
#2037 = SHAPE_DEFINITION_REPRESENTATION(#2038,#2019);
#2038 = PRODUCT_DEFINITION_SHAPE('','',#2039);
#2039 = PRODUCT_DEFINITION('design','',#2040,#2043);
#2040 = PRODUCT_DEFINITION_FORMATION('','',#2041);
#2041 = PRODUCT('B17','B17','',(#2042));
#2042 = PRODUCT_CONTEXT('',#2,'mechanical');
#2043 = PRODUCT_DEFINITION_CONTEXT('part definition',#2,'design');
#2044 = CONTEXT_DEPENDENT_SHAPE_REPRESENTATION(#2045,#2047);
#2045 = ( REPRESENTATION_RELATIONSHIP('','',#2019,#10) 
REPRESENTATION_RELATIONSHIP_WITH_TRANSFORMATION(#2046) 
SHAPE_REPRESENTATION_RELATIONSHIP() );
#2046 = ITEM_DEFINED_TRANSFORMATION('','',#11,#135);
#2047 = PRODUCT_DEFINITION_SHAPE('Placement','Placement of an item',
  #2048);
#2048 = NEXT_ASSEMBLY_USAGE_OCCURRENCE('31','=>[0:1:1:32]','',#5,#2039,$
  );
#2049 = PRODUCT_RELATED_PRODUCT_CATEGORY('part',$,(#2041));
#2050 = ADVANCED_BREP_SHAPE_REPRESENTATION('',(#11,#2051),#2063);
#2051 = MANIFOLD_SOLID_BREP('',#2052);
#2052 = CLOSED_SHELL('',(#2053));
#2053 = ADVANCED_FACE('',(#2054),#2058,.T.);
#2054 = FACE_BOUND('',#2055,.T.);
#2055 = VERTEX_LOOP('',#2056);
#2056 = VERTEX_POINT('',#2057);
#2057 = CARTESIAN_POINT('',(1.255262969126E-17,-3.074507554457E-33,
    -0.205));
#2058 = SPHERICAL_SURFACE('',#2059,0.205);
#2059 = AXIS2_PLACEMENT_3D('',#2060,#2061,#2062);
#2060 = CARTESIAN_POINT('',(0.,0.,0.));
#2061 = DIRECTION('',(0.,0.,1.));
#2062 = DIRECTION('',(1.,0.,-0.));
#2063 = ( GEOMETRIC_REPRESENTATION_CONTEXT(3) 
GLOBAL_UNCERTAINTY_ASSIGNED_CONTEXT((#2067)) 
GLOBAL_UNIT_ASSIGNED_CONTEXT((#2064,#2065,#2066)) REPRESENTATION_CONTEXT
('Context #1','3D Context with UNIT and UNCERTAINTY') );
#2064 = ( LENGTH_UNIT() NAMED_UNIT(*) SI_UNIT(.MILLI.,.METRE.) );
#2065 = ( NAMED_UNIT(*) PLANE_ANGLE_UNIT() SI_UNIT($,.RADIAN.) );
#2066 = ( NAMED_UNIT(*) SI_UNIT($,.STERADIAN.) SOLID_ANGLE_UNIT() );
#2067 = UNCERTAINTY_MEASURE_WITH_UNIT(LENGTH_MEASURE(1.E-07),#2064,
  'distance_accuracy_value','confusion accuracy');
#2068 = SHAPE_DEFINITION_REPRESENTATION(#2069,#2050);
#2069 = PRODUCT_DEFINITION_SHAPE('','',#2070);
#2070 = PRODUCT_DEFINITION('design','',#2071,#2074);
#2071 = PRODUCT_DEFINITION_FORMATION('','',#2072);
#2072 = PRODUCT('B18','B18','',(#2073));
#2073 = PRODUCT_CONTEXT('',#2,'mechanical');
#2074 = PRODUCT_DEFINITION_CONTEXT('part definition',#2,'design');
#2075 = CONTEXT_DEPENDENT_SHAPE_REPRESENTATION(#2076,#2078);
#2076 = ( REPRESENTATION_RELATIONSHIP('','',#2050,#10) 
REPRESENTATION_RELATIONSHIP_WITH_TRANSFORMATION(#2077) 
SHAPE_REPRESENTATION_RELATIONSHIP() );
#2077 = ITEM_DEFINED_TRANSFORMATION('','',#11,#139);
#2078 = PRODUCT_DEFINITION_SHAPE('Placement','Placement of an item',
  #2079);
#2079 = NEXT_ASSEMBLY_USAGE_OCCURRENCE('32','=>[0:1:1:33]','',#5,#2070,$
  );
#2080 = PRODUCT_RELATED_PRODUCT_CATEGORY('part',$,(#2072));
#2081 = ADVANCED_BREP_SHAPE_REPRESENTATION('',(#11,#2082),#2094);
#2082 = MANIFOLD_SOLID_BREP('',#2083);
#2083 = CLOSED_SHELL('',(#2084));
#2084 = ADVANCED_FACE('',(#2085),#2089,.T.);
#2085 = FACE_BOUND('',#2086,.T.);
#2086 = VERTEX_LOOP('',#2087);
#2087 = VERTEX_POINT('',#2088);
#2088 = CARTESIAN_POINT('',(1.255262969126E-17,-3.074507554457E-33,
    -0.205));
#2089 = SPHERICAL_SURFACE('',#2090,0.205);
#2090 = AXIS2_PLACEMENT_3D('',#2091,#2092,#2093);
#2091 = CARTESIAN_POINT('',(0.,0.,0.));
#2092 = DIRECTION('',(0.,0.,1.));
#2093 = DIRECTION('',(1.,0.,-0.));
#2094 = ( GEOMETRIC_REPRESENTATION_CONTEXT(3) 
GLOBAL_UNCERTAINTY_ASSIGNED_CONTEXT((#2098)) 
GLOBAL_UNIT_ASSIGNED_CONTEXT((#2095,#2096,#2097)) REPRESENTATION_CONTEXT
('Context #1','3D Context with UNIT and UNCERTAINTY') );
#2095 = ( LENGTH_UNIT() NAMED_UNIT(*) SI_UNIT(.MILLI.,.METRE.) );
#2096 = ( NAMED_UNIT(*) PLANE_ANGLE_UNIT() SI_UNIT($,.RADIAN.) );
#2097 = ( NAMED_UNIT(*) SI_UNIT($,.STERADIAN.) SOLID_ANGLE_UNIT() );
#2098 = UNCERTAINTY_MEASURE_WITH_UNIT(LENGTH_MEASURE(1.E-07),#2095,
  'distance_accuracy_value','confusion accuracy');
#2099 = SHAPE_DEFINITION_REPRESENTATION(#2100,#2081);
#2100 = PRODUCT_DEFINITION_SHAPE('','',#2101);
#2101 = PRODUCT_DEFINITION('design','',#2102,#2105);
#2102 = PRODUCT_DEFINITION_FORMATION('','',#2103);
#2103 = PRODUCT('C1','C1','',(#2104));
#2104 = PRODUCT_CONTEXT('',#2,'mechanical');
#2105 = PRODUCT_DEFINITION_CONTEXT('part definition',#2,'design');
#2106 = CONTEXT_DEPENDENT_SHAPE_REPRESENTATION(#2107,#2109);
#2107 = ( REPRESENTATION_RELATIONSHIP('','',#2081,#10) 
REPRESENTATION_RELATIONSHIP_WITH_TRANSFORMATION(#2108) 
SHAPE_REPRESENTATION_RELATIONSHIP() );
#2108 = ITEM_DEFINED_TRANSFORMATION('','',#11,#143);
#2109 = PRODUCT_DEFINITION_SHAPE('Placement','Placement of an item',
  #2110);
#2110 = NEXT_ASSEMBLY_USAGE_OCCURRENCE('33','=>[0:1:1:34]','',#5,#2101,$
  );
#2111 = PRODUCT_RELATED_PRODUCT_CATEGORY('part',$,(#2103));
#2112 = ADVANCED_BREP_SHAPE_REPRESENTATION('',(#11,#2113),#2125);
#2113 = MANIFOLD_SOLID_BREP('',#2114);
#2114 = CLOSED_SHELL('',(#2115));
#2115 = ADVANCED_FACE('',(#2116),#2120,.T.);
#2116 = FACE_BOUND('',#2117,.T.);
#2117 = VERTEX_LOOP('',#2118);
#2118 = VERTEX_POINT('',#2119);
#2119 = CARTESIAN_POINT('',(1.255262969126E-17,-3.074507554457E-33,
    -0.205));
#2120 = SPHERICAL_SURFACE('',#2121,0.205);
#2121 = AXIS2_PLACEMENT_3D('',#2122,#2123,#2124);
#2122 = CARTESIAN_POINT('',(0.,0.,0.));
#2123 = DIRECTION('',(0.,0.,1.));
#2124 = DIRECTION('',(1.,0.,-0.));
#2125 = ( GEOMETRIC_REPRESENTATION_CONTEXT(3) 
GLOBAL_UNCERTAINTY_ASSIGNED_CONTEXT((#2129)) 
GLOBAL_UNIT_ASSIGNED_CONTEXT((#2126,#2127,#2128)) REPRESENTATION_CONTEXT
('Context #1','3D Context with UNIT and UNCERTAINTY') );
#2126 = ( LENGTH_UNIT() NAMED_UNIT(*) SI_UNIT(.MILLI.,.METRE.) );
#2127 = ( NAMED_UNIT(*) PLANE_ANGLE_UNIT() SI_UNIT($,.RADIAN.) );
#2128 = ( NAMED_UNIT(*) SI_UNIT($,.STERADIAN.) SOLID_ANGLE_UNIT() );
#2129 = UNCERTAINTY_MEASURE_WITH_UNIT(LENGTH_MEASURE(1.E-07),#2126,
  'distance_accuracy_value','confusion accuracy');
#2130 = SHAPE_DEFINITION_REPRESENTATION(#2131,#2112);
#2131 = PRODUCT_DEFINITION_SHAPE('','',#2132);
#2132 = PRODUCT_DEFINITION('design','',#2133,#2136);
#2133 = PRODUCT_DEFINITION_FORMATION('','',#2134);
#2134 = PRODUCT('C2','C2','',(#2135));
#2135 = PRODUCT_CONTEXT('',#2,'mechanical');
#2136 = PRODUCT_DEFINITION_CONTEXT('part definition',#2,'design');
#2137 = CONTEXT_DEPENDENT_SHAPE_REPRESENTATION(#2138,#2140);
#2138 = ( REPRESENTATION_RELATIONSHIP('','',#2112,#10) 
REPRESENTATION_RELATIONSHIP_WITH_TRANSFORMATION(#2139) 
SHAPE_REPRESENTATION_RELATIONSHIP() );
#2139 = ITEM_DEFINED_TRANSFORMATION('','',#11,#147);
#2140 = PRODUCT_DEFINITION_SHAPE('Placement','Placement of an item',
  #2141);
#2141 = NEXT_ASSEMBLY_USAGE_OCCURRENCE('34','=>[0:1:1:35]','',#5,#2132,$
  );
#2142 = PRODUCT_RELATED_PRODUCT_CATEGORY('part',$,(#2134));
#2143 = ADVANCED_BREP_SHAPE_REPRESENTATION('',(#11,#2144),#2156);
#2144 = MANIFOLD_SOLID_BREP('',#2145);
#2145 = CLOSED_SHELL('',(#2146));
#2146 = ADVANCED_FACE('',(#2147),#2151,.T.);
#2147 = FACE_BOUND('',#2148,.T.);
#2148 = VERTEX_LOOP('',#2149);
#2149 = VERTEX_POINT('',#2150);
#2150 = CARTESIAN_POINT('',(1.255262969126E-17,-3.074507554457E-33,
    -0.205));
#2151 = SPHERICAL_SURFACE('',#2152,0.205);
#2152 = AXIS2_PLACEMENT_3D('',#2153,#2154,#2155);
#2153 = CARTESIAN_POINT('',(0.,0.,0.));
#2154 = DIRECTION('',(0.,0.,1.));
#2155 = DIRECTION('',(1.,0.,-0.));
#2156 = ( GEOMETRIC_REPRESENTATION_CONTEXT(3) 
GLOBAL_UNCERTAINTY_ASSIGNED_CONTEXT((#2160)) 
GLOBAL_UNIT_ASSIGNED_CONTEXT((#2157,#2158,#2159)) REPRESENTATION_CONTEXT
('Context #1','3D Context with UNIT and UNCERTAINTY') );
#2157 = ( LENGTH_UNIT() NAMED_UNIT(*) SI_UNIT(.MILLI.,.METRE.) );
#2158 = ( NAMED_UNIT(*) PLANE_ANGLE_UNIT() SI_UNIT($,.RADIAN.) );
#2159 = ( NAMED_UNIT(*) SI_UNIT($,.STERADIAN.) SOLID_ANGLE_UNIT() );
#2160 = UNCERTAINTY_MEASURE_WITH_UNIT(LENGTH_MEASURE(1.E-07),#2157,
  'distance_accuracy_value','confusion accuracy');
#2161 = SHAPE_DEFINITION_REPRESENTATION(#2162,#2143);
#2162 = PRODUCT_DEFINITION_SHAPE('','',#2163);
#2163 = PRODUCT_DEFINITION('design','',#2164,#2167);
#2164 = PRODUCT_DEFINITION_FORMATION('','',#2165);
#2165 = PRODUCT('C3','C3','',(#2166));
#2166 = PRODUCT_CONTEXT('',#2,'mechanical');
#2167 = PRODUCT_DEFINITION_CONTEXT('part definition',#2,'design');
#2168 = CONTEXT_DEPENDENT_SHAPE_REPRESENTATION(#2169,#2171);
#2169 = ( REPRESENTATION_RELATIONSHIP('','',#2143,#10) 
REPRESENTATION_RELATIONSHIP_WITH_TRANSFORMATION(#2170) 
SHAPE_REPRESENTATION_RELATIONSHIP() );
#2170 = ITEM_DEFINED_TRANSFORMATION('','',#11,#151);
#2171 = PRODUCT_DEFINITION_SHAPE('Placement','Placement of an item',
  #2172);
#2172 = NEXT_ASSEMBLY_USAGE_OCCURRENCE('35','=>[0:1:1:36]','',#5,#2163,$
  );
#2173 = PRODUCT_RELATED_PRODUCT_CATEGORY('part',$,(#2165));
#2174 = ADVANCED_BREP_SHAPE_REPRESENTATION('',(#11,#2175),#2187);
#2175 = MANIFOLD_SOLID_BREP('',#2176);
#2176 = CLOSED_SHELL('',(#2177));
#2177 = ADVANCED_FACE('',(#2178),#2182,.T.);
#2178 = FACE_BOUND('',#2179,.T.);
#2179 = VERTEX_LOOP('',#2180);
#2180 = VERTEX_POINT('',#2181);
#2181 = CARTESIAN_POINT('',(1.255262969126E-17,-3.074507554457E-33,
    -0.205));
#2182 = SPHERICAL_SURFACE('',#2183,0.205);
#2183 = AXIS2_PLACEMENT_3D('',#2184,#2185,#2186);
#2184 = CARTESIAN_POINT('',(0.,0.,0.));
#2185 = DIRECTION('',(0.,0.,1.));
#2186 = DIRECTION('',(1.,0.,-0.));
#2187 = ( GEOMETRIC_REPRESENTATION_CONTEXT(3) 
GLOBAL_UNCERTAINTY_ASSIGNED_CONTEXT((#2191)) 
GLOBAL_UNIT_ASSIGNED_CONTEXT((#2188,#2189,#2190)) REPRESENTATION_CONTEXT
('Context #1','3D Context with UNIT and UNCERTAINTY') );
#2188 = ( LENGTH_UNIT() NAMED_UNIT(*) SI_UNIT(.MILLI.,.METRE.) );
#2189 = ( NAMED_UNIT(*) PLANE_ANGLE_UNIT() SI_UNIT($,.RADIAN.) );
#2190 = ( NAMED_UNIT(*) SI_UNIT($,.STERADIAN.) SOLID_ANGLE_UNIT() );
#2191 = UNCERTAINTY_MEASURE_WITH_UNIT(LENGTH_MEASURE(1.E-07),#2188,
  'distance_accuracy_value','confusion accuracy');
#2192 = SHAPE_DEFINITION_REPRESENTATION(#2193,#2174);
#2193 = PRODUCT_DEFINITION_SHAPE('','',#2194);
#2194 = PRODUCT_DEFINITION('design','',#2195,#2198);
#2195 = PRODUCT_DEFINITION_FORMATION('','',#2196);
#2196 = PRODUCT('C4','C4','',(#2197));
#2197 = PRODUCT_CONTEXT('',#2,'mechanical');
#2198 = PRODUCT_DEFINITION_CONTEXT('part definition',#2,'design');
#2199 = CONTEXT_DEPENDENT_SHAPE_REPRESENTATION(#2200,#2202);
#2200 = ( REPRESENTATION_RELATIONSHIP('','',#2174,#10) 
REPRESENTATION_RELATIONSHIP_WITH_TRANSFORMATION(#2201) 
SHAPE_REPRESENTATION_RELATIONSHIP() );
#2201 = ITEM_DEFINED_TRANSFORMATION('','',#11,#155);
#2202 = PRODUCT_DEFINITION_SHAPE('Placement','Placement of an item',
  #2203);
#2203 = NEXT_ASSEMBLY_USAGE_OCCURRENCE('36','=>[0:1:1:37]','',#5,#2194,$
  );
#2204 = PRODUCT_RELATED_PRODUCT_CATEGORY('part',$,(#2196));
#2205 = ADVANCED_BREP_SHAPE_REPRESENTATION('',(#11,#2206),#2218);
#2206 = MANIFOLD_SOLID_BREP('',#2207);
#2207 = CLOSED_SHELL('',(#2208));
#2208 = ADVANCED_FACE('',(#2209),#2213,.T.);
#2209 = FACE_BOUND('',#2210,.T.);
#2210 = VERTEX_LOOP('',#2211);
#2211 = VERTEX_POINT('',#2212);
#2212 = CARTESIAN_POINT('',(1.255262969126E-17,-3.074507554457E-33,
    -0.205));
#2213 = SPHERICAL_SURFACE('',#2214,0.205);
#2214 = AXIS2_PLACEMENT_3D('',#2215,#2216,#2217);
#2215 = CARTESIAN_POINT('',(0.,0.,0.));
#2216 = DIRECTION('',(0.,0.,1.));
#2217 = DIRECTION('',(1.,0.,-0.));
#2218 = ( GEOMETRIC_REPRESENTATION_CONTEXT(3) 
GLOBAL_UNCERTAINTY_ASSIGNED_CONTEXT((#2222)) 
GLOBAL_UNIT_ASSIGNED_CONTEXT((#2219,#2220,#2221)) REPRESENTATION_CONTEXT
('Context #1','3D Context with UNIT and UNCERTAINTY') );
#2219 = ( LENGTH_UNIT() NAMED_UNIT(*) SI_UNIT(.MILLI.,.METRE.) );
#2220 = ( NAMED_UNIT(*) PLANE_ANGLE_UNIT() SI_UNIT($,.RADIAN.) );
#2221 = ( NAMED_UNIT(*) SI_UNIT($,.STERADIAN.) SOLID_ANGLE_UNIT() );
#2222 = UNCERTAINTY_MEASURE_WITH_UNIT(LENGTH_MEASURE(1.E-07),#2219,
  'distance_accuracy_value','confusion accuracy');
#2223 = SHAPE_DEFINITION_REPRESENTATION(#2224,#2205);
#2224 = PRODUCT_DEFINITION_SHAPE('','',#2225);
#2225 = PRODUCT_DEFINITION('design','',#2226,#2229);
#2226 = PRODUCT_DEFINITION_FORMATION('','',#2227);
#2227 = PRODUCT('C5','C5','',(#2228));
#2228 = PRODUCT_CONTEXT('',#2,'mechanical');
#2229 = PRODUCT_DEFINITION_CONTEXT('part definition',#2,'design');
#2230 = CONTEXT_DEPENDENT_SHAPE_REPRESENTATION(#2231,#2233);
#2231 = ( REPRESENTATION_RELATIONSHIP('','',#2205,#10) 
REPRESENTATION_RELATIONSHIP_WITH_TRANSFORMATION(#2232) 
SHAPE_REPRESENTATION_RELATIONSHIP() );
#2232 = ITEM_DEFINED_TRANSFORMATION('','',#11,#159);
#2233 = PRODUCT_DEFINITION_SHAPE('Placement','Placement of an item',
  #2234);
#2234 = NEXT_ASSEMBLY_USAGE_OCCURRENCE('37','=>[0:1:1:38]','',#5,#2225,$
  );
#2235 = PRODUCT_RELATED_PRODUCT_CATEGORY('part',$,(#2227));
#2236 = ADVANCED_BREP_SHAPE_REPRESENTATION('',(#11,#2237),#2249);
#2237 = MANIFOLD_SOLID_BREP('',#2238);
#2238 = CLOSED_SHELL('',(#2239));
#2239 = ADVANCED_FACE('',(#2240),#2244,.T.);
#2240 = FACE_BOUND('',#2241,.T.);
#2241 = VERTEX_LOOP('',#2242);
#2242 = VERTEX_POINT('',#2243);
#2243 = CARTESIAN_POINT('',(1.255262969126E-17,-3.074507554457E-33,
    -0.205));
#2244 = SPHERICAL_SURFACE('',#2245,0.205);
#2245 = AXIS2_PLACEMENT_3D('',#2246,#2247,#2248);
#2246 = CARTESIAN_POINT('',(0.,0.,0.));
#2247 = DIRECTION('',(0.,0.,1.));
#2248 = DIRECTION('',(1.,0.,-0.));
#2249 = ( GEOMETRIC_REPRESENTATION_CONTEXT(3) 
GLOBAL_UNCERTAINTY_ASSIGNED_CONTEXT((#2253)) 
GLOBAL_UNIT_ASSIGNED_CONTEXT((#2250,#2251,#2252)) REPRESENTATION_CONTEXT
('Context #1','3D Context with UNIT and UNCERTAINTY') );
#2250 = ( LENGTH_UNIT() NAMED_UNIT(*) SI_UNIT(.MILLI.,.METRE.) );
#2251 = ( NAMED_UNIT(*) PLANE_ANGLE_UNIT() SI_UNIT($,.RADIAN.) );
#2252 = ( NAMED_UNIT(*) SI_UNIT($,.STERADIAN.) SOLID_ANGLE_UNIT() );
#2253 = UNCERTAINTY_MEASURE_WITH_UNIT(LENGTH_MEASURE(1.E-07),#2250,
  'distance_accuracy_value','confusion accuracy');
#2254 = SHAPE_DEFINITION_REPRESENTATION(#2255,#2236);
#2255 = PRODUCT_DEFINITION_SHAPE('','',#2256);
#2256 = PRODUCT_DEFINITION('design','',#2257,#2260);
#2257 = PRODUCT_DEFINITION_FORMATION('','',#2258);
#2258 = PRODUCT('C6','C6','',(#2259));
#2259 = PRODUCT_CONTEXT('',#2,'mechanical');
#2260 = PRODUCT_DEFINITION_CONTEXT('part definition',#2,'design');
#2261 = CONTEXT_DEPENDENT_SHAPE_REPRESENTATION(#2262,#2264);
#2262 = ( REPRESENTATION_RELATIONSHIP('','',#2236,#10) 
REPRESENTATION_RELATIONSHIP_WITH_TRANSFORMATION(#2263) 
SHAPE_REPRESENTATION_RELATIONSHIP() );
#2263 = ITEM_DEFINED_TRANSFORMATION('','',#11,#163);
#2264 = PRODUCT_DEFINITION_SHAPE('Placement','Placement of an item',
  #2265);
#2265 = NEXT_ASSEMBLY_USAGE_OCCURRENCE('38','=>[0:1:1:39]','',#5,#2256,$
  );
#2266 = PRODUCT_RELATED_PRODUCT_CATEGORY('part',$,(#2258));
#2267 = ADVANCED_BREP_SHAPE_REPRESENTATION('',(#11,#2268),#2280);
#2268 = MANIFOLD_SOLID_BREP('',#2269);
#2269 = CLOSED_SHELL('',(#2270));
#2270 = ADVANCED_FACE('',(#2271),#2275,.T.);
#2271 = FACE_BOUND('',#2272,.T.);
#2272 = VERTEX_LOOP('',#2273);
#2273 = VERTEX_POINT('',#2274);
#2274 = CARTESIAN_POINT('',(1.255262969126E-17,-3.074507554457E-33,
    -0.205));
#2275 = SPHERICAL_SURFACE('',#2276,0.205);
#2276 = AXIS2_PLACEMENT_3D('',#2277,#2278,#2279);
#2277 = CARTESIAN_POINT('',(0.,0.,0.));
#2278 = DIRECTION('',(0.,0.,1.));
#2279 = DIRECTION('',(1.,0.,-0.));
#2280 = ( GEOMETRIC_REPRESENTATION_CONTEXT(3) 
GLOBAL_UNCERTAINTY_ASSIGNED_CONTEXT((#2284)) 
GLOBAL_UNIT_ASSIGNED_CONTEXT((#2281,#2282,#2283)) REPRESENTATION_CONTEXT
('Context #1','3D Context with UNIT and UNCERTAINTY') );
#2281 = ( LENGTH_UNIT() NAMED_UNIT(*) SI_UNIT(.MILLI.,.METRE.) );
#2282 = ( NAMED_UNIT(*) PLANE_ANGLE_UNIT() SI_UNIT($,.RADIAN.) );
#2283 = ( NAMED_UNIT(*) SI_UNIT($,.STERADIAN.) SOLID_ANGLE_UNIT() );
#2284 = UNCERTAINTY_MEASURE_WITH_UNIT(LENGTH_MEASURE(1.E-07),#2281,
  'distance_accuracy_value','confusion accuracy');
#2285 = SHAPE_DEFINITION_REPRESENTATION(#2286,#2267);
#2286 = PRODUCT_DEFINITION_SHAPE('','',#2287);
#2287 = PRODUCT_DEFINITION('design','',#2288,#2291);
#2288 = PRODUCT_DEFINITION_FORMATION('','',#2289);
#2289 = PRODUCT('C7','C7','',(#2290));
#2290 = PRODUCT_CONTEXT('',#2,'mechanical');
#2291 = PRODUCT_DEFINITION_CONTEXT('part definition',#2,'design');
#2292 = CONTEXT_DEPENDENT_SHAPE_REPRESENTATION(#2293,#2295);
#2293 = ( REPRESENTATION_RELATIONSHIP('','',#2267,#10) 
REPRESENTATION_RELATIONSHIP_WITH_TRANSFORMATION(#2294) 
SHAPE_REPRESENTATION_RELATIONSHIP() );
#2294 = ITEM_DEFINED_TRANSFORMATION('','',#11,#167);
#2295 = PRODUCT_DEFINITION_SHAPE('Placement','Placement of an item',
  #2296);
#2296 = NEXT_ASSEMBLY_USAGE_OCCURRENCE('39','=>[0:1:1:40]','',#5,#2287,$
  );
#2297 = PRODUCT_RELATED_PRODUCT_CATEGORY('part',$,(#2289));
#2298 = ADVANCED_BREP_SHAPE_REPRESENTATION('',(#11,#2299),#2311);
#2299 = MANIFOLD_SOLID_BREP('',#2300);
#2300 = CLOSED_SHELL('',(#2301));
#2301 = ADVANCED_FACE('',(#2302),#2306,.T.);
#2302 = FACE_BOUND('',#2303,.T.);
#2303 = VERTEX_LOOP('',#2304);
#2304 = VERTEX_POINT('',#2305);
#2305 = CARTESIAN_POINT('',(1.255262969126E-17,-3.074507554457E-33,
    -0.205));
#2306 = SPHERICAL_SURFACE('',#2307,0.205);
#2307 = AXIS2_PLACEMENT_3D('',#2308,#2309,#2310);
#2308 = CARTESIAN_POINT('',(0.,0.,0.));
#2309 = DIRECTION('',(0.,0.,1.));
#2310 = DIRECTION('',(1.,0.,-0.));
#2311 = ( GEOMETRIC_REPRESENTATION_CONTEXT(3) 
GLOBAL_UNCERTAINTY_ASSIGNED_CONTEXT((#2315)) 
GLOBAL_UNIT_ASSIGNED_CONTEXT((#2312,#2313,#2314)) REPRESENTATION_CONTEXT
('Context #1','3D Context with UNIT and UNCERTAINTY') );
#2312 = ( LENGTH_UNIT() NAMED_UNIT(*) SI_UNIT(.MILLI.,.METRE.) );
#2313 = ( NAMED_UNIT(*) PLANE_ANGLE_UNIT() SI_UNIT($,.RADIAN.) );
#2314 = ( NAMED_UNIT(*) SI_UNIT($,.STERADIAN.) SOLID_ANGLE_UNIT() );
#2315 = UNCERTAINTY_MEASURE_WITH_UNIT(LENGTH_MEASURE(1.E-07),#2312,
  'distance_accuracy_value','confusion accuracy');
#2316 = SHAPE_DEFINITION_REPRESENTATION(#2317,#2298);
#2317 = PRODUCT_DEFINITION_SHAPE('','',#2318);
#2318 = PRODUCT_DEFINITION('design','',#2319,#2322);
#2319 = PRODUCT_DEFINITION_FORMATION('','',#2320);
#2320 = PRODUCT('C8','C8','',(#2321));
#2321 = PRODUCT_CONTEXT('',#2,'mechanical');
#2322 = PRODUCT_DEFINITION_CONTEXT('part definition',#2,'design');
#2323 = CONTEXT_DEPENDENT_SHAPE_REPRESENTATION(#2324,#2326);
#2324 = ( REPRESENTATION_RELATIONSHIP('','',#2298,#10) 
REPRESENTATION_RELATIONSHIP_WITH_TRANSFORMATION(#2325) 
SHAPE_REPRESENTATION_RELATIONSHIP() );
#2325 = ITEM_DEFINED_TRANSFORMATION('','',#11,#171);
#2326 = PRODUCT_DEFINITION_SHAPE('Placement','Placement of an item',
  #2327);
#2327 = NEXT_ASSEMBLY_USAGE_OCCURRENCE('40','=>[0:1:1:41]','',#5,#2318,$
  );
#2328 = PRODUCT_RELATED_PRODUCT_CATEGORY('part',$,(#2320));
#2329 = ADVANCED_BREP_SHAPE_REPRESENTATION('',(#11,#2330),#2342);
#2330 = MANIFOLD_SOLID_BREP('',#2331);
#2331 = CLOSED_SHELL('',(#2332));
#2332 = ADVANCED_FACE('',(#2333),#2337,.T.);
#2333 = FACE_BOUND('',#2334,.T.);
#2334 = VERTEX_LOOP('',#2335);
#2335 = VERTEX_POINT('',#2336);
#2336 = CARTESIAN_POINT('',(1.255262969126E-17,-3.074507554457E-33,
    -0.205));
#2337 = SPHERICAL_SURFACE('',#2338,0.205);
#2338 = AXIS2_PLACEMENT_3D('',#2339,#2340,#2341);
#2339 = CARTESIAN_POINT('',(0.,0.,0.));
#2340 = DIRECTION('',(0.,0.,1.));
#2341 = DIRECTION('',(1.,0.,-0.));
#2342 = ( GEOMETRIC_REPRESENTATION_CONTEXT(3) 
GLOBAL_UNCERTAINTY_ASSIGNED_CONTEXT((#2346)) 
GLOBAL_UNIT_ASSIGNED_CONTEXT((#2343,#2344,#2345)) REPRESENTATION_CONTEXT
('Context #1','3D Context with UNIT and UNCERTAINTY') );
#2343 = ( LENGTH_UNIT() NAMED_UNIT(*) SI_UNIT(.MILLI.,.METRE.) );
#2344 = ( NAMED_UNIT(*) PLANE_ANGLE_UNIT() SI_UNIT($,.RADIAN.) );
#2345 = ( NAMED_UNIT(*) SI_UNIT($,.STERADIAN.) SOLID_ANGLE_UNIT() );
#2346 = UNCERTAINTY_MEASURE_WITH_UNIT(LENGTH_MEASURE(1.E-07),#2343,
  'distance_accuracy_value','confusion accuracy');
#2347 = SHAPE_DEFINITION_REPRESENTATION(#2348,#2329);
#2348 = PRODUCT_DEFINITION_SHAPE('','',#2349);
#2349 = PRODUCT_DEFINITION('design','',#2350,#2353);
#2350 = PRODUCT_DEFINITION_FORMATION('','',#2351);
#2351 = PRODUCT('C9','C9','',(#2352));
#2352 = PRODUCT_CONTEXT('',#2,'mechanical');
#2353 = PRODUCT_DEFINITION_CONTEXT('part definition',#2,'design');
#2354 = CONTEXT_DEPENDENT_SHAPE_REPRESENTATION(#2355,#2357);
#2355 = ( REPRESENTATION_RELATIONSHIP('','',#2329,#10) 
REPRESENTATION_RELATIONSHIP_WITH_TRANSFORMATION(#2356) 
SHAPE_REPRESENTATION_RELATIONSHIP() );
#2356 = ITEM_DEFINED_TRANSFORMATION('','',#11,#175);
#2357 = PRODUCT_DEFINITION_SHAPE('Placement','Placement of an item',
  #2358);
#2358 = NEXT_ASSEMBLY_USAGE_OCCURRENCE('41','=>[0:1:1:42]','',#5,#2349,$
  );
#2359 = PRODUCT_RELATED_PRODUCT_CATEGORY('part',$,(#2351));
#2360 = ADVANCED_BREP_SHAPE_REPRESENTATION('',(#11,#2361),#2373);
#2361 = MANIFOLD_SOLID_BREP('',#2362);
#2362 = CLOSED_SHELL('',(#2363));
#2363 = ADVANCED_FACE('',(#2364),#2368,.T.);
#2364 = FACE_BOUND('',#2365,.T.);
#2365 = VERTEX_LOOP('',#2366);
#2366 = VERTEX_POINT('',#2367);
#2367 = CARTESIAN_POINT('',(1.255262969126E-17,-3.074507554457E-33,
    -0.205));
#2368 = SPHERICAL_SURFACE('',#2369,0.205);
#2369 = AXIS2_PLACEMENT_3D('',#2370,#2371,#2372);
#2370 = CARTESIAN_POINT('',(0.,0.,0.));
#2371 = DIRECTION('',(0.,0.,1.));
#2372 = DIRECTION('',(1.,0.,-0.));
#2373 = ( GEOMETRIC_REPRESENTATION_CONTEXT(3) 
GLOBAL_UNCERTAINTY_ASSIGNED_CONTEXT((#2377)) 
GLOBAL_UNIT_ASSIGNED_CONTEXT((#2374,#2375,#2376)) REPRESENTATION_CONTEXT
('Context #1','3D Context with UNIT and UNCERTAINTY') );
#2374 = ( LENGTH_UNIT() NAMED_UNIT(*) SI_UNIT(.MILLI.,.METRE.) );
#2375 = ( NAMED_UNIT(*) PLANE_ANGLE_UNIT() SI_UNIT($,.RADIAN.) );
#2376 = ( NAMED_UNIT(*) SI_UNIT($,.STERADIAN.) SOLID_ANGLE_UNIT() );
#2377 = UNCERTAINTY_MEASURE_WITH_UNIT(LENGTH_MEASURE(1.E-07),#2374,
  'distance_accuracy_value','confusion accuracy');
#2378 = SHAPE_DEFINITION_REPRESENTATION(#2379,#2360);
#2379 = PRODUCT_DEFINITION_SHAPE('','',#2380);
#2380 = PRODUCT_DEFINITION('design','',#2381,#2384);
#2381 = PRODUCT_DEFINITION_FORMATION('','',#2382);
#2382 = PRODUCT('C10','C10','',(#2383));
#2383 = PRODUCT_CONTEXT('',#2,'mechanical');
#2384 = PRODUCT_DEFINITION_CONTEXT('part definition',#2,'design');
#2385 = CONTEXT_DEPENDENT_SHAPE_REPRESENTATION(#2386,#2388);
#2386 = ( REPRESENTATION_RELATIONSHIP('','',#2360,#10) 
REPRESENTATION_RELATIONSHIP_WITH_TRANSFORMATION(#2387) 
SHAPE_REPRESENTATION_RELATIONSHIP() );
#2387 = ITEM_DEFINED_TRANSFORMATION('','',#11,#179);
#2388 = PRODUCT_DEFINITION_SHAPE('Placement','Placement of an item',
  #2389);
#2389 = NEXT_ASSEMBLY_USAGE_OCCURRENCE('42','=>[0:1:1:43]','',#5,#2380,$
  );
#2390 = PRODUCT_RELATED_PRODUCT_CATEGORY('part',$,(#2382));
#2391 = ADVANCED_BREP_SHAPE_REPRESENTATION('',(#11,#2392),#2404);
#2392 = MANIFOLD_SOLID_BREP('',#2393);
#2393 = CLOSED_SHELL('',(#2394));
#2394 = ADVANCED_FACE('',(#2395),#2399,.T.);
#2395 = FACE_BOUND('',#2396,.T.);
#2396 = VERTEX_LOOP('',#2397);
#2397 = VERTEX_POINT('',#2398);
#2398 = CARTESIAN_POINT('',(1.255262969126E-17,-3.074507554457E-33,
    -0.205));
#2399 = SPHERICAL_SURFACE('',#2400,0.205);
#2400 = AXIS2_PLACEMENT_3D('',#2401,#2402,#2403);
#2401 = CARTESIAN_POINT('',(0.,0.,0.));
#2402 = DIRECTION('',(0.,0.,1.));
#2403 = DIRECTION('',(1.,0.,-0.));
#2404 = ( GEOMETRIC_REPRESENTATION_CONTEXT(3) 
GLOBAL_UNCERTAINTY_ASSIGNED_CONTEXT((#2408)) 
GLOBAL_UNIT_ASSIGNED_CONTEXT((#2405,#2406,#2407)) REPRESENTATION_CONTEXT
('Context #1','3D Context with UNIT and UNCERTAINTY') );
#2405 = ( LENGTH_UNIT() NAMED_UNIT(*) SI_UNIT(.MILLI.,.METRE.) );
#2406 = ( NAMED_UNIT(*) PLANE_ANGLE_UNIT() SI_UNIT($,.RADIAN.) );
#2407 = ( NAMED_UNIT(*) SI_UNIT($,.STERADIAN.) SOLID_ANGLE_UNIT() );
#2408 = UNCERTAINTY_MEASURE_WITH_UNIT(LENGTH_MEASURE(1.E-07),#2405,
  'distance_accuracy_value','confusion accuracy');
#2409 = SHAPE_DEFINITION_REPRESENTATION(#2410,#2391);
#2410 = PRODUCT_DEFINITION_SHAPE('','',#2411);
#2411 = PRODUCT_DEFINITION('design','',#2412,#2415);
#2412 = PRODUCT_DEFINITION_FORMATION('','',#2413);
#2413 = PRODUCT('C11','C11','',(#2414));
#2414 = PRODUCT_CONTEXT('',#2,'mechanical');
#2415 = PRODUCT_DEFINITION_CONTEXT('part definition',#2,'design');
#2416 = CONTEXT_DEPENDENT_SHAPE_REPRESENTATION(#2417,#2419);
#2417 = ( REPRESENTATION_RELATIONSHIP('','',#2391,#10) 
REPRESENTATION_RELATIONSHIP_WITH_TRANSFORMATION(#2418) 
SHAPE_REPRESENTATION_RELATIONSHIP() );
#2418 = ITEM_DEFINED_TRANSFORMATION('','',#11,#183);
#2419 = PRODUCT_DEFINITION_SHAPE('Placement','Placement of an item',
  #2420);
#2420 = NEXT_ASSEMBLY_USAGE_OCCURRENCE('43','=>[0:1:1:44]','',#5,#2411,$
  );
#2421 = PRODUCT_RELATED_PRODUCT_CATEGORY('part',$,(#2413));
#2422 = ADVANCED_BREP_SHAPE_REPRESENTATION('',(#11,#2423),#2435);
#2423 = MANIFOLD_SOLID_BREP('',#2424);
#2424 = CLOSED_SHELL('',(#2425));
#2425 = ADVANCED_FACE('',(#2426),#2430,.T.);
#2426 = FACE_BOUND('',#2427,.T.);
#2427 = VERTEX_LOOP('',#2428);
#2428 = VERTEX_POINT('',#2429);
#2429 = CARTESIAN_POINT('',(1.255262969126E-17,-3.074507554457E-33,
    -0.205));
#2430 = SPHERICAL_SURFACE('',#2431,0.205);
#2431 = AXIS2_PLACEMENT_3D('',#2432,#2433,#2434);
#2432 = CARTESIAN_POINT('',(0.,0.,0.));
#2433 = DIRECTION('',(0.,0.,1.));
#2434 = DIRECTION('',(1.,0.,-0.));
#2435 = ( GEOMETRIC_REPRESENTATION_CONTEXT(3) 
GLOBAL_UNCERTAINTY_ASSIGNED_CONTEXT((#2439)) 
GLOBAL_UNIT_ASSIGNED_CONTEXT((#2436,#2437,#2438)) REPRESENTATION_CONTEXT
('Context #1','3D Context with UNIT and UNCERTAINTY') );
#2436 = ( LENGTH_UNIT() NAMED_UNIT(*) SI_UNIT(.MILLI.,.METRE.) );
#2437 = ( NAMED_UNIT(*) PLANE_ANGLE_UNIT() SI_UNIT($,.RADIAN.) );
#2438 = ( NAMED_UNIT(*) SI_UNIT($,.STERADIAN.) SOLID_ANGLE_UNIT() );
#2439 = UNCERTAINTY_MEASURE_WITH_UNIT(LENGTH_MEASURE(1.E-07),#2436,
  'distance_accuracy_value','confusion accuracy');
#2440 = SHAPE_DEFINITION_REPRESENTATION(#2441,#2422);
#2441 = PRODUCT_DEFINITION_SHAPE('','',#2442);
#2442 = PRODUCT_DEFINITION('design','',#2443,#2446);
#2443 = PRODUCT_DEFINITION_FORMATION('','',#2444);
#2444 = PRODUCT('C12','C12','',(#2445));
#2445 = PRODUCT_CONTEXT('',#2,'mechanical');
#2446 = PRODUCT_DEFINITION_CONTEXT('part definition',#2,'design');
#2447 = CONTEXT_DEPENDENT_SHAPE_REPRESENTATION(#2448,#2450);
#2448 = ( REPRESENTATION_RELATIONSHIP('','',#2422,#10) 
REPRESENTATION_RELATIONSHIP_WITH_TRANSFORMATION(#2449) 
SHAPE_REPRESENTATION_RELATIONSHIP() );
#2449 = ITEM_DEFINED_TRANSFORMATION('','',#11,#187);
#2450 = PRODUCT_DEFINITION_SHAPE('Placement','Placement of an item',
  #2451);
#2451 = NEXT_ASSEMBLY_USAGE_OCCURRENCE('44','=>[0:1:1:45]','',#5,#2442,$
  );
#2452 = PRODUCT_RELATED_PRODUCT_CATEGORY('part',$,(#2444));
#2453 = ADVANCED_BREP_SHAPE_REPRESENTATION('',(#11,#2454),#2466);
#2454 = MANIFOLD_SOLID_BREP('',#2455);
#2455 = CLOSED_SHELL('',(#2456));
#2456 = ADVANCED_FACE('',(#2457),#2461,.T.);
#2457 = FACE_BOUND('',#2458,.T.);
#2458 = VERTEX_LOOP('',#2459);
#2459 = VERTEX_POINT('',#2460);
#2460 = CARTESIAN_POINT('',(1.255262969126E-17,-3.074507554457E-33,
    -0.205));
#2461 = SPHERICAL_SURFACE('',#2462,0.205);
#2462 = AXIS2_PLACEMENT_3D('',#2463,#2464,#2465);
#2463 = CARTESIAN_POINT('',(0.,0.,0.));
#2464 = DIRECTION('',(0.,0.,1.));
#2465 = DIRECTION('',(1.,0.,-0.));
#2466 = ( GEOMETRIC_REPRESENTATION_CONTEXT(3) 
GLOBAL_UNCERTAINTY_ASSIGNED_CONTEXT((#2470)) 
GLOBAL_UNIT_ASSIGNED_CONTEXT((#2467,#2468,#2469)) REPRESENTATION_CONTEXT
('Context #1','3D Context with UNIT and UNCERTAINTY') );
#2467 = ( LENGTH_UNIT() NAMED_UNIT(*) SI_UNIT(.MILLI.,.METRE.) );
#2468 = ( NAMED_UNIT(*) PLANE_ANGLE_UNIT() SI_UNIT($,.RADIAN.) );
#2469 = ( NAMED_UNIT(*) SI_UNIT($,.STERADIAN.) SOLID_ANGLE_UNIT() );
#2470 = UNCERTAINTY_MEASURE_WITH_UNIT(LENGTH_MEASURE(1.E-07),#2467,
  'distance_accuracy_value','confusion accuracy');
#2471 = SHAPE_DEFINITION_REPRESENTATION(#2472,#2453);
#2472 = PRODUCT_DEFINITION_SHAPE('','',#2473);
#2473 = PRODUCT_DEFINITION('design','',#2474,#2477);
#2474 = PRODUCT_DEFINITION_FORMATION('','',#2475);
#2475 = PRODUCT('C14','C14','',(#2476));
#2476 = PRODUCT_CONTEXT('',#2,'mechanical');
#2477 = PRODUCT_DEFINITION_CONTEXT('part definition',#2,'design');
#2478 = CONTEXT_DEPENDENT_SHAPE_REPRESENTATION(#2479,#2481);
#2479 = ( REPRESENTATION_RELATIONSHIP('','',#2453,#10) 
REPRESENTATION_RELATIONSHIP_WITH_TRANSFORMATION(#2480) 
SHAPE_REPRESENTATION_RELATIONSHIP() );
#2480 = ITEM_DEFINED_TRANSFORMATION('','',#11,#191);
#2481 = PRODUCT_DEFINITION_SHAPE('Placement','Placement of an item',
  #2482);
#2482 = NEXT_ASSEMBLY_USAGE_OCCURRENCE('45','=>[0:1:1:46]','',#5,#2473,$
  );
#2483 = PRODUCT_RELATED_PRODUCT_CATEGORY('part',$,(#2475));
#2484 = ADVANCED_BREP_SHAPE_REPRESENTATION('',(#11,#2485),#2497);
#2485 = MANIFOLD_SOLID_BREP('',#2486);
#2486 = CLOSED_SHELL('',(#2487));
#2487 = ADVANCED_FACE('',(#2488),#2492,.T.);
#2488 = FACE_BOUND('',#2489,.T.);
#2489 = VERTEX_LOOP('',#2490);
#2490 = VERTEX_POINT('',#2491);
#2491 = CARTESIAN_POINT('',(1.255262969126E-17,-3.074507554457E-33,
    -0.205));
#2492 = SPHERICAL_SURFACE('',#2493,0.205);
#2493 = AXIS2_PLACEMENT_3D('',#2494,#2495,#2496);
#2494 = CARTESIAN_POINT('',(0.,0.,0.));
#2495 = DIRECTION('',(0.,0.,1.));
#2496 = DIRECTION('',(1.,0.,-0.));
#2497 = ( GEOMETRIC_REPRESENTATION_CONTEXT(3) 
GLOBAL_UNCERTAINTY_ASSIGNED_CONTEXT((#2501)) 
GLOBAL_UNIT_ASSIGNED_CONTEXT((#2498,#2499,#2500)) REPRESENTATION_CONTEXT
('Context #1','3D Context with UNIT and UNCERTAINTY') );
#2498 = ( LENGTH_UNIT() NAMED_UNIT(*) SI_UNIT(.MILLI.,.METRE.) );
#2499 = ( NAMED_UNIT(*) PLANE_ANGLE_UNIT() SI_UNIT($,.RADIAN.) );
#2500 = ( NAMED_UNIT(*) SI_UNIT($,.STERADIAN.) SOLID_ANGLE_UNIT() );
#2501 = UNCERTAINTY_MEASURE_WITH_UNIT(LENGTH_MEASURE(1.E-07),#2498,
  'distance_accuracy_value','confusion accuracy');
#2502 = SHAPE_DEFINITION_REPRESENTATION(#2503,#2484);
#2503 = PRODUCT_DEFINITION_SHAPE('','',#2504);
#2504 = PRODUCT_DEFINITION('design','',#2505,#2508);
#2505 = PRODUCT_DEFINITION_FORMATION('','',#2506);
#2506 = PRODUCT('C16','C16','',(#2507));
#2507 = PRODUCT_CONTEXT('',#2,'mechanical');
#2508 = PRODUCT_DEFINITION_CONTEXT('part definition',#2,'design');
#2509 = CONTEXT_DEPENDENT_SHAPE_REPRESENTATION(#2510,#2512);
#2510 = ( REPRESENTATION_RELATIONSHIP('','',#2484,#10) 
REPRESENTATION_RELATIONSHIP_WITH_TRANSFORMATION(#2511) 
SHAPE_REPRESENTATION_RELATIONSHIP() );
#2511 = ITEM_DEFINED_TRANSFORMATION('','',#11,#195);
#2512 = PRODUCT_DEFINITION_SHAPE('Placement','Placement of an item',
  #2513);
#2513 = NEXT_ASSEMBLY_USAGE_OCCURRENCE('46','=>[0:1:1:47]','',#5,#2504,$
  );
#2514 = PRODUCT_RELATED_PRODUCT_CATEGORY('part',$,(#2506));
#2515 = ADVANCED_BREP_SHAPE_REPRESENTATION('',(#11,#2516),#2528);
#2516 = MANIFOLD_SOLID_BREP('',#2517);
#2517 = CLOSED_SHELL('',(#2518));
#2518 = ADVANCED_FACE('',(#2519),#2523,.T.);
#2519 = FACE_BOUND('',#2520,.T.);
#2520 = VERTEX_LOOP('',#2521);
#2521 = VERTEX_POINT('',#2522);
#2522 = CARTESIAN_POINT('',(1.255262969126E-17,-3.074507554457E-33,
    -0.205));
#2523 = SPHERICAL_SURFACE('',#2524,0.205);
#2524 = AXIS2_PLACEMENT_3D('',#2525,#2526,#2527);
#2525 = CARTESIAN_POINT('',(0.,0.,0.));
#2526 = DIRECTION('',(0.,0.,1.));
#2527 = DIRECTION('',(1.,0.,-0.));
#2528 = ( GEOMETRIC_REPRESENTATION_CONTEXT(3) 
GLOBAL_UNCERTAINTY_ASSIGNED_CONTEXT((#2532)) 
GLOBAL_UNIT_ASSIGNED_CONTEXT((#2529,#2530,#2531)) REPRESENTATION_CONTEXT
('Context #1','3D Context with UNIT and UNCERTAINTY') );
#2529 = ( LENGTH_UNIT() NAMED_UNIT(*) SI_UNIT(.MILLI.,.METRE.) );
#2530 = ( NAMED_UNIT(*) PLANE_ANGLE_UNIT() SI_UNIT($,.RADIAN.) );
#2531 = ( NAMED_UNIT(*) SI_UNIT($,.STERADIAN.) SOLID_ANGLE_UNIT() );
#2532 = UNCERTAINTY_MEASURE_WITH_UNIT(LENGTH_MEASURE(1.E-07),#2529,
  'distance_accuracy_value','confusion accuracy');
#2533 = SHAPE_DEFINITION_REPRESENTATION(#2534,#2515);
#2534 = PRODUCT_DEFINITION_SHAPE('','',#2535);
#2535 = PRODUCT_DEFINITION('design','',#2536,#2539);
#2536 = PRODUCT_DEFINITION_FORMATION('','',#2537);
#2537 = PRODUCT('C17','C17','',(#2538));
#2538 = PRODUCT_CONTEXT('',#2,'mechanical');
#2539 = PRODUCT_DEFINITION_CONTEXT('part definition',#2,'design');
#2540 = CONTEXT_DEPENDENT_SHAPE_REPRESENTATION(#2541,#2543);
#2541 = ( REPRESENTATION_RELATIONSHIP('','',#2515,#10) 
REPRESENTATION_RELATIONSHIP_WITH_TRANSFORMATION(#2542) 
SHAPE_REPRESENTATION_RELATIONSHIP() );
#2542 = ITEM_DEFINED_TRANSFORMATION('','',#11,#199);
#2543 = PRODUCT_DEFINITION_SHAPE('Placement','Placement of an item',
  #2544);
#2544 = NEXT_ASSEMBLY_USAGE_OCCURRENCE('47','=>[0:1:1:48]','',#5,#2535,$
  );
#2545 = PRODUCT_RELATED_PRODUCT_CATEGORY('part',$,(#2537));
#2546 = ADVANCED_BREP_SHAPE_REPRESENTATION('',(#11,#2547),#2559);
#2547 = MANIFOLD_SOLID_BREP('',#2548);
#2548 = CLOSED_SHELL('',(#2549));
#2549 = ADVANCED_FACE('',(#2550),#2554,.T.);
#2550 = FACE_BOUND('',#2551,.T.);
#2551 = VERTEX_LOOP('',#2552);
#2552 = VERTEX_POINT('',#2553);
#2553 = CARTESIAN_POINT('',(1.255262969126E-17,-3.074507554457E-33,
    -0.205));
#2554 = SPHERICAL_SURFACE('',#2555,0.205);
#2555 = AXIS2_PLACEMENT_3D('',#2556,#2557,#2558);
#2556 = CARTESIAN_POINT('',(0.,0.,0.));
#2557 = DIRECTION('',(0.,0.,1.));
#2558 = DIRECTION('',(1.,0.,-0.));
#2559 = ( GEOMETRIC_REPRESENTATION_CONTEXT(3) 
GLOBAL_UNCERTAINTY_ASSIGNED_CONTEXT((#2563)) 
GLOBAL_UNIT_ASSIGNED_CONTEXT((#2560,#2561,#2562)) REPRESENTATION_CONTEXT
('Context #1','3D Context with UNIT and UNCERTAINTY') );
#2560 = ( LENGTH_UNIT() NAMED_UNIT(*) SI_UNIT(.MILLI.,.METRE.) );
#2561 = ( NAMED_UNIT(*) PLANE_ANGLE_UNIT() SI_UNIT($,.RADIAN.) );
#2562 = ( NAMED_UNIT(*) SI_UNIT($,.STERADIAN.) SOLID_ANGLE_UNIT() );
#2563 = UNCERTAINTY_MEASURE_WITH_UNIT(LENGTH_MEASURE(1.E-07),#2560,
  'distance_accuracy_value','confusion accuracy');
#2564 = SHAPE_DEFINITION_REPRESENTATION(#2565,#2546);
#2565 = PRODUCT_DEFINITION_SHAPE('','',#2566);
#2566 = PRODUCT_DEFINITION('design','',#2567,#2570);
#2567 = PRODUCT_DEFINITION_FORMATION('','',#2568);
#2568 = PRODUCT('C18','C18','',(#2569));
#2569 = PRODUCT_CONTEXT('',#2,'mechanical');
#2570 = PRODUCT_DEFINITION_CONTEXT('part definition',#2,'design');
#2571 = CONTEXT_DEPENDENT_SHAPE_REPRESENTATION(#2572,#2574);
#2572 = ( REPRESENTATION_RELATIONSHIP('','',#2546,#10) 
REPRESENTATION_RELATIONSHIP_WITH_TRANSFORMATION(#2573) 
SHAPE_REPRESENTATION_RELATIONSHIP() );
#2573 = ITEM_DEFINED_TRANSFORMATION('','',#11,#203);
#2574 = PRODUCT_DEFINITION_SHAPE('Placement','Placement of an item',
  #2575);
#2575 = NEXT_ASSEMBLY_USAGE_OCCURRENCE('48','=>[0:1:1:49]','',#5,#2566,$
  );
#2576 = PRODUCT_RELATED_PRODUCT_CATEGORY('part',$,(#2568));
#2577 = ADVANCED_BREP_SHAPE_REPRESENTATION('',(#11,#2578),#2590);
#2578 = MANIFOLD_SOLID_BREP('',#2579);
#2579 = CLOSED_SHELL('',(#2580));
#2580 = ADVANCED_FACE('',(#2581),#2585,.T.);
#2581 = FACE_BOUND('',#2582,.T.);
#2582 = VERTEX_LOOP('',#2583);
#2583 = VERTEX_POINT('',#2584);
#2584 = CARTESIAN_POINT('',(1.255262969126E-17,-3.074507554457E-33,
    -0.205));
#2585 = SPHERICAL_SURFACE('',#2586,0.205);
#2586 = AXIS2_PLACEMENT_3D('',#2587,#2588,#2589);
#2587 = CARTESIAN_POINT('',(0.,0.,0.));
#2588 = DIRECTION('',(0.,0.,1.));
#2589 = DIRECTION('',(1.,0.,-0.));
#2590 = ( GEOMETRIC_REPRESENTATION_CONTEXT(3) 
GLOBAL_UNCERTAINTY_ASSIGNED_CONTEXT((#2594)) 
GLOBAL_UNIT_ASSIGNED_CONTEXT((#2591,#2592,#2593)) REPRESENTATION_CONTEXT
('Context #1','3D Context with UNIT and UNCERTAINTY') );
#2591 = ( LENGTH_UNIT() NAMED_UNIT(*) SI_UNIT(.MILLI.,.METRE.) );
#2592 = ( NAMED_UNIT(*) PLANE_ANGLE_UNIT() SI_UNIT($,.RADIAN.) );
#2593 = ( NAMED_UNIT(*) SI_UNIT($,.STERADIAN.) SOLID_ANGLE_UNIT() );
#2594 = UNCERTAINTY_MEASURE_WITH_UNIT(LENGTH_MEASURE(1.E-07),#2591,
  'distance_accuracy_value','confusion accuracy');
#2595 = SHAPE_DEFINITION_REPRESENTATION(#2596,#2577);
#2596 = PRODUCT_DEFINITION_SHAPE('','',#2597);
#2597 = PRODUCT_DEFINITION('design','',#2598,#2601);
#2598 = PRODUCT_DEFINITION_FORMATION('','',#2599);
#2599 = PRODUCT('D1','D1','',(#2600));
#2600 = PRODUCT_CONTEXT('',#2,'mechanical');
#2601 = PRODUCT_DEFINITION_CONTEXT('part definition',#2,'design');
#2602 = CONTEXT_DEPENDENT_SHAPE_REPRESENTATION(#2603,#2605);
#2603 = ( REPRESENTATION_RELATIONSHIP('','',#2577,#10) 
REPRESENTATION_RELATIONSHIP_WITH_TRANSFORMATION(#2604) 
SHAPE_REPRESENTATION_RELATIONSHIP() );
#2604 = ITEM_DEFINED_TRANSFORMATION('','',#11,#207);
#2605 = PRODUCT_DEFINITION_SHAPE('Placement','Placement of an item',
  #2606);
#2606 = NEXT_ASSEMBLY_USAGE_OCCURRENCE('49','=>[0:1:1:50]','',#5,#2597,$
  );
#2607 = PRODUCT_RELATED_PRODUCT_CATEGORY('part',$,(#2599));
#2608 = ADVANCED_BREP_SHAPE_REPRESENTATION('',(#11,#2609),#2621);
#2609 = MANIFOLD_SOLID_BREP('',#2610);
#2610 = CLOSED_SHELL('',(#2611));
#2611 = ADVANCED_FACE('',(#2612),#2616,.T.);
#2612 = FACE_BOUND('',#2613,.T.);
#2613 = VERTEX_LOOP('',#2614);
#2614 = VERTEX_POINT('',#2615);
#2615 = CARTESIAN_POINT('',(1.255262969126E-17,-3.074507554457E-33,
    -0.205));
#2616 = SPHERICAL_SURFACE('',#2617,0.205);
#2617 = AXIS2_PLACEMENT_3D('',#2618,#2619,#2620);
#2618 = CARTESIAN_POINT('',(0.,0.,0.));
#2619 = DIRECTION('',(0.,0.,1.));
#2620 = DIRECTION('',(1.,0.,-0.));
#2621 = ( GEOMETRIC_REPRESENTATION_CONTEXT(3) 
GLOBAL_UNCERTAINTY_ASSIGNED_CONTEXT((#2625)) 
GLOBAL_UNIT_ASSIGNED_CONTEXT((#2622,#2623,#2624)) REPRESENTATION_CONTEXT
('Context #1','3D Context with UNIT and UNCERTAINTY') );
#2622 = ( LENGTH_UNIT() NAMED_UNIT(*) SI_UNIT(.MILLI.,.METRE.) );
#2623 = ( NAMED_UNIT(*) PLANE_ANGLE_UNIT() SI_UNIT($,.RADIAN.) );
#2624 = ( NAMED_UNIT(*) SI_UNIT($,.STERADIAN.) SOLID_ANGLE_UNIT() );
#2625 = UNCERTAINTY_MEASURE_WITH_UNIT(LENGTH_MEASURE(1.E-07),#2622,
  'distance_accuracy_value','confusion accuracy');
#2626 = SHAPE_DEFINITION_REPRESENTATION(#2627,#2608);
#2627 = PRODUCT_DEFINITION_SHAPE('','',#2628);
#2628 = PRODUCT_DEFINITION('design','',#2629,#2632);
#2629 = PRODUCT_DEFINITION_FORMATION('','',#2630);
#2630 = PRODUCT('D2','D2','',(#2631));
#2631 = PRODUCT_CONTEXT('',#2,'mechanical');
#2632 = PRODUCT_DEFINITION_CONTEXT('part definition',#2,'design');
#2633 = CONTEXT_DEPENDENT_SHAPE_REPRESENTATION(#2634,#2636);
#2634 = ( REPRESENTATION_RELATIONSHIP('','',#2608,#10) 
REPRESENTATION_RELATIONSHIP_WITH_TRANSFORMATION(#2635) 
SHAPE_REPRESENTATION_RELATIONSHIP() );
#2635 = ITEM_DEFINED_TRANSFORMATION('','',#11,#211);
#2636 = PRODUCT_DEFINITION_SHAPE('Placement','Placement of an item',
  #2637);
#2637 = NEXT_ASSEMBLY_USAGE_OCCURRENCE('50','=>[0:1:1:51]','',#5,#2628,$
  );
#2638 = PRODUCT_RELATED_PRODUCT_CATEGORY('part',$,(#2630));
#2639 = ADVANCED_BREP_SHAPE_REPRESENTATION('',(#11,#2640),#2652);
#2640 = MANIFOLD_SOLID_BREP('',#2641);
#2641 = CLOSED_SHELL('',(#2642));
#2642 = ADVANCED_FACE('',(#2643),#2647,.T.);
#2643 = FACE_BOUND('',#2644,.T.);
#2644 = VERTEX_LOOP('',#2645);
#2645 = VERTEX_POINT('',#2646);
#2646 = CARTESIAN_POINT('',(1.255262969126E-17,-3.074507554457E-33,
    -0.205));
#2647 = SPHERICAL_SURFACE('',#2648,0.205);
#2648 = AXIS2_PLACEMENT_3D('',#2649,#2650,#2651);
#2649 = CARTESIAN_POINT('',(0.,0.,0.));
#2650 = DIRECTION('',(0.,0.,1.));
#2651 = DIRECTION('',(1.,0.,-0.));
#2652 = ( GEOMETRIC_REPRESENTATION_CONTEXT(3) 
GLOBAL_UNCERTAINTY_ASSIGNED_CONTEXT((#2656)) 
GLOBAL_UNIT_ASSIGNED_CONTEXT((#2653,#2654,#2655)) REPRESENTATION_CONTEXT
('Context #1','3D Context with UNIT and UNCERTAINTY') );
#2653 = ( LENGTH_UNIT() NAMED_UNIT(*) SI_UNIT(.MILLI.,.METRE.) );
#2654 = ( NAMED_UNIT(*) PLANE_ANGLE_UNIT() SI_UNIT($,.RADIAN.) );
#2655 = ( NAMED_UNIT(*) SI_UNIT($,.STERADIAN.) SOLID_ANGLE_UNIT() );
#2656 = UNCERTAINTY_MEASURE_WITH_UNIT(LENGTH_MEASURE(1.E-07),#2653,
  'distance_accuracy_value','confusion accuracy');
#2657 = SHAPE_DEFINITION_REPRESENTATION(#2658,#2639);
#2658 = PRODUCT_DEFINITION_SHAPE('','',#2659);
#2659 = PRODUCT_DEFINITION('design','',#2660,#2663);
#2660 = PRODUCT_DEFINITION_FORMATION('','',#2661);
#2661 = PRODUCT('D3','D3','',(#2662));
#2662 = PRODUCT_CONTEXT('',#2,'mechanical');
#2663 = PRODUCT_DEFINITION_CONTEXT('part definition',#2,'design');
#2664 = CONTEXT_DEPENDENT_SHAPE_REPRESENTATION(#2665,#2667);
#2665 = ( REPRESENTATION_RELATIONSHIP('','',#2639,#10) 
REPRESENTATION_RELATIONSHIP_WITH_TRANSFORMATION(#2666) 
SHAPE_REPRESENTATION_RELATIONSHIP() );
#2666 = ITEM_DEFINED_TRANSFORMATION('','',#11,#215);
#2667 = PRODUCT_DEFINITION_SHAPE('Placement','Placement of an item',
  #2668);
#2668 = NEXT_ASSEMBLY_USAGE_OCCURRENCE('51','=>[0:1:1:52]','',#5,#2659,$
  );
#2669 = PRODUCT_RELATED_PRODUCT_CATEGORY('part',$,(#2661));
#2670 = ADVANCED_BREP_SHAPE_REPRESENTATION('',(#11,#2671),#2683);
#2671 = MANIFOLD_SOLID_BREP('',#2672);
#2672 = CLOSED_SHELL('',(#2673));
#2673 = ADVANCED_FACE('',(#2674),#2678,.T.);
#2674 = FACE_BOUND('',#2675,.T.);
#2675 = VERTEX_LOOP('',#2676);
#2676 = VERTEX_POINT('',#2677);
#2677 = CARTESIAN_POINT('',(1.255262969126E-17,-3.074507554457E-33,
    -0.205));
#2678 = SPHERICAL_SURFACE('',#2679,0.205);
#2679 = AXIS2_PLACEMENT_3D('',#2680,#2681,#2682);
#2680 = CARTESIAN_POINT('',(0.,0.,0.));
#2681 = DIRECTION('',(0.,0.,1.));
#2682 = DIRECTION('',(1.,0.,-0.));
#2683 = ( GEOMETRIC_REPRESENTATION_CONTEXT(3) 
GLOBAL_UNCERTAINTY_ASSIGNED_CONTEXT((#2687)) 
GLOBAL_UNIT_ASSIGNED_CONTEXT((#2684,#2685,#2686)) REPRESENTATION_CONTEXT
('Context #1','3D Context with UNIT and UNCERTAINTY') );
#2684 = ( LENGTH_UNIT() NAMED_UNIT(*) SI_UNIT(.MILLI.,.METRE.) );
#2685 = ( NAMED_UNIT(*) PLANE_ANGLE_UNIT() SI_UNIT($,.RADIAN.) );
#2686 = ( NAMED_UNIT(*) SI_UNIT($,.STERADIAN.) SOLID_ANGLE_UNIT() );
#2687 = UNCERTAINTY_MEASURE_WITH_UNIT(LENGTH_MEASURE(1.E-07),#2684,
  'distance_accuracy_value','confusion accuracy');
#2688 = SHAPE_DEFINITION_REPRESENTATION(#2689,#2670);
#2689 = PRODUCT_DEFINITION_SHAPE('','',#2690);
#2690 = PRODUCT_DEFINITION('design','',#2691,#2694);
#2691 = PRODUCT_DEFINITION_FORMATION('','',#2692);
#2692 = PRODUCT('D6','D6','',(#2693));
#2693 = PRODUCT_CONTEXT('',#2,'mechanical');
#2694 = PRODUCT_DEFINITION_CONTEXT('part definition',#2,'design');
#2695 = CONTEXT_DEPENDENT_SHAPE_REPRESENTATION(#2696,#2698);
#2696 = ( REPRESENTATION_RELATIONSHIP('','',#2670,#10) 
REPRESENTATION_RELATIONSHIP_WITH_TRANSFORMATION(#2697) 
SHAPE_REPRESENTATION_RELATIONSHIP() );
#2697 = ITEM_DEFINED_TRANSFORMATION('','',#11,#219);
#2698 = PRODUCT_DEFINITION_SHAPE('Placement','Placement of an item',
  #2699);
#2699 = NEXT_ASSEMBLY_USAGE_OCCURRENCE('52','=>[0:1:1:53]','',#5,#2690,$
  );
#2700 = PRODUCT_RELATED_PRODUCT_CATEGORY('part',$,(#2692));
#2701 = ADVANCED_BREP_SHAPE_REPRESENTATION('',(#11,#2702),#2714);
#2702 = MANIFOLD_SOLID_BREP('',#2703);
#2703 = CLOSED_SHELL('',(#2704));
#2704 = ADVANCED_FACE('',(#2705),#2709,.T.);
#2705 = FACE_BOUND('',#2706,.T.);
#2706 = VERTEX_LOOP('',#2707);
#2707 = VERTEX_POINT('',#2708);
#2708 = CARTESIAN_POINT('',(1.255262969126E-17,-3.074507554457E-33,
    -0.205));
#2709 = SPHERICAL_SURFACE('',#2710,0.205);
#2710 = AXIS2_PLACEMENT_3D('',#2711,#2712,#2713);
#2711 = CARTESIAN_POINT('',(0.,0.,0.));
#2712 = DIRECTION('',(0.,0.,1.));
#2713 = DIRECTION('',(1.,0.,-0.));
#2714 = ( GEOMETRIC_REPRESENTATION_CONTEXT(3) 
GLOBAL_UNCERTAINTY_ASSIGNED_CONTEXT((#2718)) 
GLOBAL_UNIT_ASSIGNED_CONTEXT((#2715,#2716,#2717)) REPRESENTATION_CONTEXT
('Context #1','3D Context with UNIT and UNCERTAINTY') );
#2715 = ( LENGTH_UNIT() NAMED_UNIT(*) SI_UNIT(.MILLI.,.METRE.) );
#2716 = ( NAMED_UNIT(*) PLANE_ANGLE_UNIT() SI_UNIT($,.RADIAN.) );
#2717 = ( NAMED_UNIT(*) SI_UNIT($,.STERADIAN.) SOLID_ANGLE_UNIT() );
#2718 = UNCERTAINTY_MEASURE_WITH_UNIT(LENGTH_MEASURE(1.E-07),#2715,
  'distance_accuracy_value','confusion accuracy');
#2719 = SHAPE_DEFINITION_REPRESENTATION(#2720,#2701);
#2720 = PRODUCT_DEFINITION_SHAPE('','',#2721);
#2721 = PRODUCT_DEFINITION('design','',#2722,#2725);
#2722 = PRODUCT_DEFINITION_FORMATION('','',#2723);
#2723 = PRODUCT('D7','D7','',(#2724));
#2724 = PRODUCT_CONTEXT('',#2,'mechanical');
#2725 = PRODUCT_DEFINITION_CONTEXT('part definition',#2,'design');
#2726 = CONTEXT_DEPENDENT_SHAPE_REPRESENTATION(#2727,#2729);
#2727 = ( REPRESENTATION_RELATIONSHIP('','',#2701,#10) 
REPRESENTATION_RELATIONSHIP_WITH_TRANSFORMATION(#2728) 
SHAPE_REPRESENTATION_RELATIONSHIP() );
#2728 = ITEM_DEFINED_TRANSFORMATION('','',#11,#223);
#2729 = PRODUCT_DEFINITION_SHAPE('Placement','Placement of an item',
  #2730);
#2730 = NEXT_ASSEMBLY_USAGE_OCCURRENCE('53','=>[0:1:1:54]','',#5,#2721,$
  );
#2731 = PRODUCT_RELATED_PRODUCT_CATEGORY('part',$,(#2723));
#2732 = ADVANCED_BREP_SHAPE_REPRESENTATION('',(#11,#2733),#2745);
#2733 = MANIFOLD_SOLID_BREP('',#2734);
#2734 = CLOSED_SHELL('',(#2735));
#2735 = ADVANCED_FACE('',(#2736),#2740,.T.);
#2736 = FACE_BOUND('',#2737,.T.);
#2737 = VERTEX_LOOP('',#2738);
#2738 = VERTEX_POINT('',#2739);
#2739 = CARTESIAN_POINT('',(1.255262969126E-17,-3.074507554457E-33,
    -0.205));
#2740 = SPHERICAL_SURFACE('',#2741,0.205);
#2741 = AXIS2_PLACEMENT_3D('',#2742,#2743,#2744);
#2742 = CARTESIAN_POINT('',(0.,0.,0.));
#2743 = DIRECTION('',(0.,0.,1.));
#2744 = DIRECTION('',(1.,0.,-0.));
#2745 = ( GEOMETRIC_REPRESENTATION_CONTEXT(3) 
GLOBAL_UNCERTAINTY_ASSIGNED_CONTEXT((#2749)) 
GLOBAL_UNIT_ASSIGNED_CONTEXT((#2746,#2747,#2748)) REPRESENTATION_CONTEXT
('Context #1','3D Context with UNIT and UNCERTAINTY') );
#2746 = ( LENGTH_UNIT() NAMED_UNIT(*) SI_UNIT(.MILLI.,.METRE.) );
#2747 = ( NAMED_UNIT(*) PLANE_ANGLE_UNIT() SI_UNIT($,.RADIAN.) );
#2748 = ( NAMED_UNIT(*) SI_UNIT($,.STERADIAN.) SOLID_ANGLE_UNIT() );
#2749 = UNCERTAINTY_MEASURE_WITH_UNIT(LENGTH_MEASURE(1.E-07),#2746,
  'distance_accuracy_value','confusion accuracy');
#2750 = SHAPE_DEFINITION_REPRESENTATION(#2751,#2732);
#2751 = PRODUCT_DEFINITION_SHAPE('','',#2752);
#2752 = PRODUCT_DEFINITION('design','',#2753,#2756);
#2753 = PRODUCT_DEFINITION_FORMATION('','',#2754);
#2754 = PRODUCT('D9','D9','',(#2755));
#2755 = PRODUCT_CONTEXT('',#2,'mechanical');
#2756 = PRODUCT_DEFINITION_CONTEXT('part definition',#2,'design');
#2757 = CONTEXT_DEPENDENT_SHAPE_REPRESENTATION(#2758,#2760);
#2758 = ( REPRESENTATION_RELATIONSHIP('','',#2732,#10) 
REPRESENTATION_RELATIONSHIP_WITH_TRANSFORMATION(#2759) 
SHAPE_REPRESENTATION_RELATIONSHIP() );
#2759 = ITEM_DEFINED_TRANSFORMATION('','',#11,#227);
#2760 = PRODUCT_DEFINITION_SHAPE('Placement','Placement of an item',
  #2761);
#2761 = NEXT_ASSEMBLY_USAGE_OCCURRENCE('54','=>[0:1:1:55]','',#5,#2752,$
  );
#2762 = PRODUCT_RELATED_PRODUCT_CATEGORY('part',$,(#2754));
#2763 = ADVANCED_BREP_SHAPE_REPRESENTATION('',(#11,#2764),#2776);
#2764 = MANIFOLD_SOLID_BREP('',#2765);
#2765 = CLOSED_SHELL('',(#2766));
#2766 = ADVANCED_FACE('',(#2767),#2771,.T.);
#2767 = FACE_BOUND('',#2768,.T.);
#2768 = VERTEX_LOOP('',#2769);
#2769 = VERTEX_POINT('',#2770);
#2770 = CARTESIAN_POINT('',(1.255262969126E-17,-3.074507554457E-33,
    -0.205));
#2771 = SPHERICAL_SURFACE('',#2772,0.205);
#2772 = AXIS2_PLACEMENT_3D('',#2773,#2774,#2775);
#2773 = CARTESIAN_POINT('',(0.,0.,0.));
#2774 = DIRECTION('',(0.,0.,1.));
#2775 = DIRECTION('',(1.,0.,-0.));
#2776 = ( GEOMETRIC_REPRESENTATION_CONTEXT(3) 
GLOBAL_UNCERTAINTY_ASSIGNED_CONTEXT((#2780)) 
GLOBAL_UNIT_ASSIGNED_CONTEXT((#2777,#2778,#2779)) REPRESENTATION_CONTEXT
('Context #1','3D Context with UNIT and UNCERTAINTY') );
#2777 = ( LENGTH_UNIT() NAMED_UNIT(*) SI_UNIT(.MILLI.,.METRE.) );
#2778 = ( NAMED_UNIT(*) PLANE_ANGLE_UNIT() SI_UNIT($,.RADIAN.) );
#2779 = ( NAMED_UNIT(*) SI_UNIT($,.STERADIAN.) SOLID_ANGLE_UNIT() );
#2780 = UNCERTAINTY_MEASURE_WITH_UNIT(LENGTH_MEASURE(1.E-07),#2777,
  'distance_accuracy_value','confusion accuracy');
#2781 = SHAPE_DEFINITION_REPRESENTATION(#2782,#2763);
#2782 = PRODUCT_DEFINITION_SHAPE('','',#2783);
#2783 = PRODUCT_DEFINITION('design','',#2784,#2787);
#2784 = PRODUCT_DEFINITION_FORMATION('','',#2785);
#2785 = PRODUCT('D11','D11','',(#2786));
#2786 = PRODUCT_CONTEXT('',#2,'mechanical');
#2787 = PRODUCT_DEFINITION_CONTEXT('part definition',#2,'design');
#2788 = CONTEXT_DEPENDENT_SHAPE_REPRESENTATION(#2789,#2791);
#2789 = ( REPRESENTATION_RELATIONSHIP('','',#2763,#10) 
REPRESENTATION_RELATIONSHIP_WITH_TRANSFORMATION(#2790) 
SHAPE_REPRESENTATION_RELATIONSHIP() );
#2790 = ITEM_DEFINED_TRANSFORMATION('','',#11,#231);
#2791 = PRODUCT_DEFINITION_SHAPE('Placement','Placement of an item',
  #2792);
#2792 = NEXT_ASSEMBLY_USAGE_OCCURRENCE('55','=>[0:1:1:56]','',#5,#2783,$
  );
#2793 = PRODUCT_RELATED_PRODUCT_CATEGORY('part',$,(#2785));
#2794 = ADVANCED_BREP_SHAPE_REPRESENTATION('',(#11,#2795),#2807);
#2795 = MANIFOLD_SOLID_BREP('',#2796);
#2796 = CLOSED_SHELL('',(#2797));
#2797 = ADVANCED_FACE('',(#2798),#2802,.T.);
#2798 = FACE_BOUND('',#2799,.T.);
#2799 = VERTEX_LOOP('',#2800);
#2800 = VERTEX_POINT('',#2801);
#2801 = CARTESIAN_POINT('',(1.255262969126E-17,-3.074507554457E-33,
    -0.205));
#2802 = SPHERICAL_SURFACE('',#2803,0.205);
#2803 = AXIS2_PLACEMENT_3D('',#2804,#2805,#2806);
#2804 = CARTESIAN_POINT('',(0.,0.,0.));
#2805 = DIRECTION('',(0.,0.,1.));
#2806 = DIRECTION('',(1.,0.,-0.));
#2807 = ( GEOMETRIC_REPRESENTATION_CONTEXT(3) 
GLOBAL_UNCERTAINTY_ASSIGNED_CONTEXT((#2811)) 
GLOBAL_UNIT_ASSIGNED_CONTEXT((#2808,#2809,#2810)) REPRESENTATION_CONTEXT
('Context #1','3D Context with UNIT and UNCERTAINTY') );
#2808 = ( LENGTH_UNIT() NAMED_UNIT(*) SI_UNIT(.MILLI.,.METRE.) );
#2809 = ( NAMED_UNIT(*) PLANE_ANGLE_UNIT() SI_UNIT($,.RADIAN.) );
#2810 = ( NAMED_UNIT(*) SI_UNIT($,.STERADIAN.) SOLID_ANGLE_UNIT() );
#2811 = UNCERTAINTY_MEASURE_WITH_UNIT(LENGTH_MEASURE(1.E-07),#2808,
  'distance_accuracy_value','confusion accuracy');
#2812 = SHAPE_DEFINITION_REPRESENTATION(#2813,#2794);
#2813 = PRODUCT_DEFINITION_SHAPE('','',#2814);
#2814 = PRODUCT_DEFINITION('design','',#2815,#2818);
#2815 = PRODUCT_DEFINITION_FORMATION('','',#2816);
#2816 = PRODUCT('D13','D13','',(#2817));
#2817 = PRODUCT_CONTEXT('',#2,'mechanical');
#2818 = PRODUCT_DEFINITION_CONTEXT('part definition',#2,'design');
#2819 = CONTEXT_DEPENDENT_SHAPE_REPRESENTATION(#2820,#2822);
#2820 = ( REPRESENTATION_RELATIONSHIP('','',#2794,#10) 
REPRESENTATION_RELATIONSHIP_WITH_TRANSFORMATION(#2821) 
SHAPE_REPRESENTATION_RELATIONSHIP() );
#2821 = ITEM_DEFINED_TRANSFORMATION('','',#11,#235);
#2822 = PRODUCT_DEFINITION_SHAPE('Placement','Placement of an item',
  #2823);
#2823 = NEXT_ASSEMBLY_USAGE_OCCURRENCE('56','=>[0:1:1:57]','',#5,#2814,$
  );
#2824 = PRODUCT_RELATED_PRODUCT_CATEGORY('part',$,(#2816));
#2825 = ADVANCED_BREP_SHAPE_REPRESENTATION('',(#11,#2826),#2838);
#2826 = MANIFOLD_SOLID_BREP('',#2827);
#2827 = CLOSED_SHELL('',(#2828));
#2828 = ADVANCED_FACE('',(#2829),#2833,.T.);
#2829 = FACE_BOUND('',#2830,.T.);
#2830 = VERTEX_LOOP('',#2831);
#2831 = VERTEX_POINT('',#2832);
#2832 = CARTESIAN_POINT('',(1.255262969126E-17,-3.074507554457E-33,
    -0.205));
#2833 = SPHERICAL_SURFACE('',#2834,0.205);
#2834 = AXIS2_PLACEMENT_3D('',#2835,#2836,#2837);
#2835 = CARTESIAN_POINT('',(0.,0.,0.));
#2836 = DIRECTION('',(0.,0.,1.));
#2837 = DIRECTION('',(1.,0.,-0.));
#2838 = ( GEOMETRIC_REPRESENTATION_CONTEXT(3) 
GLOBAL_UNCERTAINTY_ASSIGNED_CONTEXT((#2842)) 
GLOBAL_UNIT_ASSIGNED_CONTEXT((#2839,#2840,#2841)) REPRESENTATION_CONTEXT
('Context #1','3D Context with UNIT and UNCERTAINTY') );
#2839 = ( LENGTH_UNIT() NAMED_UNIT(*) SI_UNIT(.MILLI.,.METRE.) );
#2840 = ( NAMED_UNIT(*) PLANE_ANGLE_UNIT() SI_UNIT($,.RADIAN.) );
#2841 = ( NAMED_UNIT(*) SI_UNIT($,.STERADIAN.) SOLID_ANGLE_UNIT() );
#2842 = UNCERTAINTY_MEASURE_WITH_UNIT(LENGTH_MEASURE(1.E-07),#2839,
  'distance_accuracy_value','confusion accuracy');
#2843 = SHAPE_DEFINITION_REPRESENTATION(#2844,#2825);
#2844 = PRODUCT_DEFINITION_SHAPE('','',#2845);
#2845 = PRODUCT_DEFINITION('design','',#2846,#2849);
#2846 = PRODUCT_DEFINITION_FORMATION('','',#2847);
#2847 = PRODUCT('D15','D15','',(#2848));
#2848 = PRODUCT_CONTEXT('',#2,'mechanical');
#2849 = PRODUCT_DEFINITION_CONTEXT('part definition',#2,'design');
#2850 = CONTEXT_DEPENDENT_SHAPE_REPRESENTATION(#2851,#2853);
#2851 = ( REPRESENTATION_RELATIONSHIP('','',#2825,#10) 
REPRESENTATION_RELATIONSHIP_WITH_TRANSFORMATION(#2852) 
SHAPE_REPRESENTATION_RELATIONSHIP() );
#2852 = ITEM_DEFINED_TRANSFORMATION('','',#11,#239);
#2853 = PRODUCT_DEFINITION_SHAPE('Placement','Placement of an item',
  #2854);
#2854 = NEXT_ASSEMBLY_USAGE_OCCURRENCE('57','=>[0:1:1:58]','',#5,#2845,$
  );
#2855 = PRODUCT_RELATED_PRODUCT_CATEGORY('part',$,(#2847));
#2856 = ADVANCED_BREP_SHAPE_REPRESENTATION('',(#11,#2857),#2869);
#2857 = MANIFOLD_SOLID_BREP('',#2858);
#2858 = CLOSED_SHELL('',(#2859));
#2859 = ADVANCED_FACE('',(#2860),#2864,.T.);
#2860 = FACE_BOUND('',#2861,.T.);
#2861 = VERTEX_LOOP('',#2862);
#2862 = VERTEX_POINT('',#2863);
#2863 = CARTESIAN_POINT('',(1.255262969126E-17,-3.074507554457E-33,
    -0.205));
#2864 = SPHERICAL_SURFACE('',#2865,0.205);
#2865 = AXIS2_PLACEMENT_3D('',#2866,#2867,#2868);
#2866 = CARTESIAN_POINT('',(0.,0.,0.));
#2867 = DIRECTION('',(0.,0.,1.));
#2868 = DIRECTION('',(1.,0.,-0.));
#2869 = ( GEOMETRIC_REPRESENTATION_CONTEXT(3) 
GLOBAL_UNCERTAINTY_ASSIGNED_CONTEXT((#2873)) 
GLOBAL_UNIT_ASSIGNED_CONTEXT((#2870,#2871,#2872)) REPRESENTATION_CONTEXT
('Context #1','3D Context with UNIT and UNCERTAINTY') );
#2870 = ( LENGTH_UNIT() NAMED_UNIT(*) SI_UNIT(.MILLI.,.METRE.) );
#2871 = ( NAMED_UNIT(*) PLANE_ANGLE_UNIT() SI_UNIT($,.RADIAN.) );
#2872 = ( NAMED_UNIT(*) SI_UNIT($,.STERADIAN.) SOLID_ANGLE_UNIT() );
#2873 = UNCERTAINTY_MEASURE_WITH_UNIT(LENGTH_MEASURE(1.E-07),#2870,
  'distance_accuracy_value','confusion accuracy');
#2874 = SHAPE_DEFINITION_REPRESENTATION(#2875,#2856);
#2875 = PRODUCT_DEFINITION_SHAPE('','',#2876);
#2876 = PRODUCT_DEFINITION('design','',#2877,#2880);
#2877 = PRODUCT_DEFINITION_FORMATION('','',#2878);
#2878 = PRODUCT('D16','D16','',(#2879));
#2879 = PRODUCT_CONTEXT('',#2,'mechanical');
#2880 = PRODUCT_DEFINITION_CONTEXT('part definition',#2,'design');
#2881 = CONTEXT_DEPENDENT_SHAPE_REPRESENTATION(#2882,#2884);
#2882 = ( REPRESENTATION_RELATIONSHIP('','',#2856,#10) 
REPRESENTATION_RELATIONSHIP_WITH_TRANSFORMATION(#2883) 
SHAPE_REPRESENTATION_RELATIONSHIP() );
#2883 = ITEM_DEFINED_TRANSFORMATION('','',#11,#243);
#2884 = PRODUCT_DEFINITION_SHAPE('Placement','Placement of an item',
  #2885);
#2885 = NEXT_ASSEMBLY_USAGE_OCCURRENCE('58','=>[0:1:1:59]','',#5,#2876,$
  );
#2886 = PRODUCT_RELATED_PRODUCT_CATEGORY('part',$,(#2878));
#2887 = ADVANCED_BREP_SHAPE_REPRESENTATION('',(#11,#2888),#2900);
#2888 = MANIFOLD_SOLID_BREP('',#2889);
#2889 = CLOSED_SHELL('',(#2890));
#2890 = ADVANCED_FACE('',(#2891),#2895,.T.);
#2891 = FACE_BOUND('',#2892,.T.);
#2892 = VERTEX_LOOP('',#2893);
#2893 = VERTEX_POINT('',#2894);
#2894 = CARTESIAN_POINT('',(1.255262969126E-17,-3.074507554457E-33,
    -0.205));
#2895 = SPHERICAL_SURFACE('',#2896,0.205);
#2896 = AXIS2_PLACEMENT_3D('',#2897,#2898,#2899);
#2897 = CARTESIAN_POINT('',(0.,0.,0.));
#2898 = DIRECTION('',(0.,0.,1.));
#2899 = DIRECTION('',(1.,0.,-0.));
#2900 = ( GEOMETRIC_REPRESENTATION_CONTEXT(3) 
GLOBAL_UNCERTAINTY_ASSIGNED_CONTEXT((#2904)) 
GLOBAL_UNIT_ASSIGNED_CONTEXT((#2901,#2902,#2903)) REPRESENTATION_CONTEXT
('Context #1','3D Context with UNIT and UNCERTAINTY') );
#2901 = ( LENGTH_UNIT() NAMED_UNIT(*) SI_UNIT(.MILLI.,.METRE.) );
#2902 = ( NAMED_UNIT(*) PLANE_ANGLE_UNIT() SI_UNIT($,.RADIAN.) );
#2903 = ( NAMED_UNIT(*) SI_UNIT($,.STERADIAN.) SOLID_ANGLE_UNIT() );
#2904 = UNCERTAINTY_MEASURE_WITH_UNIT(LENGTH_MEASURE(1.E-07),#2901,
  'distance_accuracy_value','confusion accuracy');
#2905 = SHAPE_DEFINITION_REPRESENTATION(#2906,#2887);
#2906 = PRODUCT_DEFINITION_SHAPE('','',#2907);
#2907 = PRODUCT_DEFINITION('design','',#2908,#2911);
#2908 = PRODUCT_DEFINITION_FORMATION('','',#2909);
#2909 = PRODUCT('D17','D17','',(#2910));
#2910 = PRODUCT_CONTEXT('',#2,'mechanical');
#2911 = PRODUCT_DEFINITION_CONTEXT('part definition',#2,'design');
#2912 = CONTEXT_DEPENDENT_SHAPE_REPRESENTATION(#2913,#2915);
#2913 = ( REPRESENTATION_RELATIONSHIP('','',#2887,#10) 
REPRESENTATION_RELATIONSHIP_WITH_TRANSFORMATION(#2914) 
SHAPE_REPRESENTATION_RELATIONSHIP() );
#2914 = ITEM_DEFINED_TRANSFORMATION('','',#11,#247);
#2915 = PRODUCT_DEFINITION_SHAPE('Placement','Placement of an item',
  #2916);
#2916 = NEXT_ASSEMBLY_USAGE_OCCURRENCE('59','=>[0:1:1:60]','',#5,#2907,$
  );
#2917 = PRODUCT_RELATED_PRODUCT_CATEGORY('part',$,(#2909));
#2918 = ADVANCED_BREP_SHAPE_REPRESENTATION('',(#11,#2919),#2931);
#2919 = MANIFOLD_SOLID_BREP('',#2920);
#2920 = CLOSED_SHELL('',(#2921));
#2921 = ADVANCED_FACE('',(#2922),#2926,.T.);
#2922 = FACE_BOUND('',#2923,.T.);
#2923 = VERTEX_LOOP('',#2924);
#2924 = VERTEX_POINT('',#2925);
#2925 = CARTESIAN_POINT('',(1.255262969126E-17,-3.074507554457E-33,
    -0.205));
#2926 = SPHERICAL_SURFACE('',#2927,0.205);
#2927 = AXIS2_PLACEMENT_3D('',#2928,#2929,#2930);
#2928 = CARTESIAN_POINT('',(0.,0.,0.));
#2929 = DIRECTION('',(0.,0.,1.));
#2930 = DIRECTION('',(1.,0.,-0.));
#2931 = ( GEOMETRIC_REPRESENTATION_CONTEXT(3) 
GLOBAL_UNCERTAINTY_ASSIGNED_CONTEXT((#2935)) 
GLOBAL_UNIT_ASSIGNED_CONTEXT((#2932,#2933,#2934)) REPRESENTATION_CONTEXT
('Context #1','3D Context with UNIT and UNCERTAINTY') );
#2932 = ( LENGTH_UNIT() NAMED_UNIT(*) SI_UNIT(.MILLI.,.METRE.) );
#2933 = ( NAMED_UNIT(*) PLANE_ANGLE_UNIT() SI_UNIT($,.RADIAN.) );
#2934 = ( NAMED_UNIT(*) SI_UNIT($,.STERADIAN.) SOLID_ANGLE_UNIT() );
#2935 = UNCERTAINTY_MEASURE_WITH_UNIT(LENGTH_MEASURE(1.E-07),#2932,
  'distance_accuracy_value','confusion accuracy');
#2936 = SHAPE_DEFINITION_REPRESENTATION(#2937,#2918);
#2937 = PRODUCT_DEFINITION_SHAPE('','',#2938);
#2938 = PRODUCT_DEFINITION('design','',#2939,#2942);
#2939 = PRODUCT_DEFINITION_FORMATION('','',#2940);
#2940 = PRODUCT('D18','D18','',(#2941));
#2941 = PRODUCT_CONTEXT('',#2,'mechanical');
#2942 = PRODUCT_DEFINITION_CONTEXT('part definition',#2,'design');
#2943 = CONTEXT_DEPENDENT_SHAPE_REPRESENTATION(#2944,#2946);
#2944 = ( REPRESENTATION_RELATIONSHIP('','',#2918,#10) 
REPRESENTATION_RELATIONSHIP_WITH_TRANSFORMATION(#2945) 
SHAPE_REPRESENTATION_RELATIONSHIP() );
#2945 = ITEM_DEFINED_TRANSFORMATION('','',#11,#251);
#2946 = PRODUCT_DEFINITION_SHAPE('Placement','Placement of an item',
  #2947);
#2947 = NEXT_ASSEMBLY_USAGE_OCCURRENCE('60','=>[0:1:1:61]','',#5,#2938,$
  );
#2948 = PRODUCT_RELATED_PRODUCT_CATEGORY('part',$,(#2940));
#2949 = ADVANCED_BREP_SHAPE_REPRESENTATION('',(#11,#2950),#2962);
#2950 = MANIFOLD_SOLID_BREP('',#2951);
#2951 = CLOSED_SHELL('',(#2952));
#2952 = ADVANCED_FACE('',(#2953),#2957,.T.);
#2953 = FACE_BOUND('',#2954,.T.);
#2954 = VERTEX_LOOP('',#2955);
#2955 = VERTEX_POINT('',#2956);
#2956 = CARTESIAN_POINT('',(1.255262969126E-17,-3.074507554457E-33,
    -0.205));
#2957 = SPHERICAL_SURFACE('',#2958,0.205);
#2958 = AXIS2_PLACEMENT_3D('',#2959,#2960,#2961);
#2959 = CARTESIAN_POINT('',(0.,0.,0.));
#2960 = DIRECTION('',(0.,0.,1.));
#2961 = DIRECTION('',(1.,0.,-0.));
#2962 = ( GEOMETRIC_REPRESENTATION_CONTEXT(3) 
GLOBAL_UNCERTAINTY_ASSIGNED_CONTEXT((#2966)) 
GLOBAL_UNIT_ASSIGNED_CONTEXT((#2963,#2964,#2965)) REPRESENTATION_CONTEXT
('Context #1','3D Context with UNIT and UNCERTAINTY') );
#2963 = ( LENGTH_UNIT() NAMED_UNIT(*) SI_UNIT(.MILLI.,.METRE.) );
#2964 = ( NAMED_UNIT(*) PLANE_ANGLE_UNIT() SI_UNIT($,.RADIAN.) );
#2965 = ( NAMED_UNIT(*) SI_UNIT($,.STERADIAN.) SOLID_ANGLE_UNIT() );
#2966 = UNCERTAINTY_MEASURE_WITH_UNIT(LENGTH_MEASURE(1.E-07),#2963,
  'distance_accuracy_value','confusion accuracy');
#2967 = SHAPE_DEFINITION_REPRESENTATION(#2968,#2949);
#2968 = PRODUCT_DEFINITION_SHAPE('','',#2969);
#2969 = PRODUCT_DEFINITION('design','',#2970,#2973);
#2970 = PRODUCT_DEFINITION_FORMATION('','',#2971);
#2971 = PRODUCT('E1','E1','',(#2972));
#2972 = PRODUCT_CONTEXT('',#2,'mechanical');
#2973 = PRODUCT_DEFINITION_CONTEXT('part definition',#2,'design');
#2974 = CONTEXT_DEPENDENT_SHAPE_REPRESENTATION(#2975,#2977);
#2975 = ( REPRESENTATION_RELATIONSHIP('','',#2949,#10) 
REPRESENTATION_RELATIONSHIP_WITH_TRANSFORMATION(#2976) 
SHAPE_REPRESENTATION_RELATIONSHIP() );
#2976 = ITEM_DEFINED_TRANSFORMATION('','',#11,#255);
#2977 = PRODUCT_DEFINITION_SHAPE('Placement','Placement of an item',
  #2978);
#2978 = NEXT_ASSEMBLY_USAGE_OCCURRENCE('61','=>[0:1:1:62]','',#5,#2969,$
  );
#2979 = PRODUCT_RELATED_PRODUCT_CATEGORY('part',$,(#2971));
#2980 = ADVANCED_BREP_SHAPE_REPRESENTATION('',(#11,#2981),#2993);
#2981 = MANIFOLD_SOLID_BREP('',#2982);
#2982 = CLOSED_SHELL('',(#2983));
#2983 = ADVANCED_FACE('',(#2984),#2988,.T.);
#2984 = FACE_BOUND('',#2985,.T.);
#2985 = VERTEX_LOOP('',#2986);
#2986 = VERTEX_POINT('',#2987);
#2987 = CARTESIAN_POINT('',(1.255262969126E-17,-3.074507554457E-33,
    -0.205));
#2988 = SPHERICAL_SURFACE('',#2989,0.205);
#2989 = AXIS2_PLACEMENT_3D('',#2990,#2991,#2992);
#2990 = CARTESIAN_POINT('',(0.,0.,0.));
#2991 = DIRECTION('',(0.,0.,1.));
#2992 = DIRECTION('',(1.,0.,-0.));
#2993 = ( GEOMETRIC_REPRESENTATION_CONTEXT(3) 
GLOBAL_UNCERTAINTY_ASSIGNED_CONTEXT((#2997)) 
GLOBAL_UNIT_ASSIGNED_CONTEXT((#2994,#2995,#2996)) REPRESENTATION_CONTEXT
('Context #1','3D Context with UNIT and UNCERTAINTY') );
#2994 = ( LENGTH_UNIT() NAMED_UNIT(*) SI_UNIT(.MILLI.,.METRE.) );
#2995 = ( NAMED_UNIT(*) PLANE_ANGLE_UNIT() SI_UNIT($,.RADIAN.) );
#2996 = ( NAMED_UNIT(*) SI_UNIT($,.STERADIAN.) SOLID_ANGLE_UNIT() );
#2997 = UNCERTAINTY_MEASURE_WITH_UNIT(LENGTH_MEASURE(1.E-07),#2994,
  'distance_accuracy_value','confusion accuracy');
#2998 = SHAPE_DEFINITION_REPRESENTATION(#2999,#2980);
#2999 = PRODUCT_DEFINITION_SHAPE('','',#3000);
#3000 = PRODUCT_DEFINITION('design','',#3001,#3004);
#3001 = PRODUCT_DEFINITION_FORMATION('','',#3002);
#3002 = PRODUCT('E2','E2','',(#3003));
#3003 = PRODUCT_CONTEXT('',#2,'mechanical');
#3004 = PRODUCT_DEFINITION_CONTEXT('part definition',#2,'design');
#3005 = CONTEXT_DEPENDENT_SHAPE_REPRESENTATION(#3006,#3008);
#3006 = ( REPRESENTATION_RELATIONSHIP('','',#2980,#10) 
REPRESENTATION_RELATIONSHIP_WITH_TRANSFORMATION(#3007) 
SHAPE_REPRESENTATION_RELATIONSHIP() );
#3007 = ITEM_DEFINED_TRANSFORMATION('','',#11,#259);
#3008 = PRODUCT_DEFINITION_SHAPE('Placement','Placement of an item',
  #3009);
#3009 = NEXT_ASSEMBLY_USAGE_OCCURRENCE('62','=>[0:1:1:63]','',#5,#3000,$
  );
#3010 = PRODUCT_RELATED_PRODUCT_CATEGORY('part',$,(#3002));
#3011 = ADVANCED_BREP_SHAPE_REPRESENTATION('',(#11,#3012),#3024);
#3012 = MANIFOLD_SOLID_BREP('',#3013);
#3013 = CLOSED_SHELL('',(#3014));
#3014 = ADVANCED_FACE('',(#3015),#3019,.T.);
#3015 = FACE_BOUND('',#3016,.T.);
#3016 = VERTEX_LOOP('',#3017);
#3017 = VERTEX_POINT('',#3018);
#3018 = CARTESIAN_POINT('',(1.255262969126E-17,-3.074507554457E-33,
    -0.205));
#3019 = SPHERICAL_SURFACE('',#3020,0.205);
#3020 = AXIS2_PLACEMENT_3D('',#3021,#3022,#3023);
#3021 = CARTESIAN_POINT('',(0.,0.,0.));
#3022 = DIRECTION('',(0.,0.,1.));
#3023 = DIRECTION('',(1.,0.,-0.));
#3024 = ( GEOMETRIC_REPRESENTATION_CONTEXT(3) 
GLOBAL_UNCERTAINTY_ASSIGNED_CONTEXT((#3028)) 
GLOBAL_UNIT_ASSIGNED_CONTEXT((#3025,#3026,#3027)) REPRESENTATION_CONTEXT
('Context #1','3D Context with UNIT and UNCERTAINTY') );
#3025 = ( LENGTH_UNIT() NAMED_UNIT(*) SI_UNIT(.MILLI.,.METRE.) );
#3026 = ( NAMED_UNIT(*) PLANE_ANGLE_UNIT() SI_UNIT($,.RADIAN.) );
#3027 = ( NAMED_UNIT(*) SI_UNIT($,.STERADIAN.) SOLID_ANGLE_UNIT() );
#3028 = UNCERTAINTY_MEASURE_WITH_UNIT(LENGTH_MEASURE(1.E-07),#3025,
  'distance_accuracy_value','confusion accuracy');
#3029 = SHAPE_DEFINITION_REPRESENTATION(#3030,#3011);
#3030 = PRODUCT_DEFINITION_SHAPE('','',#3031);
#3031 = PRODUCT_DEFINITION('design','',#3032,#3035);
#3032 = PRODUCT_DEFINITION_FORMATION('','',#3033);
#3033 = PRODUCT('E3','E3','',(#3034));
#3034 = PRODUCT_CONTEXT('',#2,'mechanical');
#3035 = PRODUCT_DEFINITION_CONTEXT('part definition',#2,'design');
#3036 = CONTEXT_DEPENDENT_SHAPE_REPRESENTATION(#3037,#3039);
#3037 = ( REPRESENTATION_RELATIONSHIP('','',#3011,#10) 
REPRESENTATION_RELATIONSHIP_WITH_TRANSFORMATION(#3038) 
SHAPE_REPRESENTATION_RELATIONSHIP() );
#3038 = ITEM_DEFINED_TRANSFORMATION('','',#11,#263);
#3039 = PRODUCT_DEFINITION_SHAPE('Placement','Placement of an item',
  #3040);
#3040 = NEXT_ASSEMBLY_USAGE_OCCURRENCE('63','=>[0:1:1:64]','',#5,#3031,$
  );
#3041 = PRODUCT_RELATED_PRODUCT_CATEGORY('part',$,(#3033));
#3042 = ADVANCED_BREP_SHAPE_REPRESENTATION('',(#11,#3043),#3055);
#3043 = MANIFOLD_SOLID_BREP('',#3044);
#3044 = CLOSED_SHELL('',(#3045));
#3045 = ADVANCED_FACE('',(#3046),#3050,.T.);
#3046 = FACE_BOUND('',#3047,.T.);
#3047 = VERTEX_LOOP('',#3048);
#3048 = VERTEX_POINT('',#3049);
#3049 = CARTESIAN_POINT('',(1.255262969126E-17,-3.074507554457E-33,
    -0.205));
#3050 = SPHERICAL_SURFACE('',#3051,0.205);
#3051 = AXIS2_PLACEMENT_3D('',#3052,#3053,#3054);
#3052 = CARTESIAN_POINT('',(0.,0.,0.));
#3053 = DIRECTION('',(0.,0.,1.));
#3054 = DIRECTION('',(1.,0.,-0.));
#3055 = ( GEOMETRIC_REPRESENTATION_CONTEXT(3) 
GLOBAL_UNCERTAINTY_ASSIGNED_CONTEXT((#3059)) 
GLOBAL_UNIT_ASSIGNED_CONTEXT((#3056,#3057,#3058)) REPRESENTATION_CONTEXT
('Context #1','3D Context with UNIT and UNCERTAINTY') );
#3056 = ( LENGTH_UNIT() NAMED_UNIT(*) SI_UNIT(.MILLI.,.METRE.) );
#3057 = ( NAMED_UNIT(*) PLANE_ANGLE_UNIT() SI_UNIT($,.RADIAN.) );
#3058 = ( NAMED_UNIT(*) SI_UNIT($,.STERADIAN.) SOLID_ANGLE_UNIT() );
#3059 = UNCERTAINTY_MEASURE_WITH_UNIT(LENGTH_MEASURE(1.E-07),#3056,
  'distance_accuracy_value','confusion accuracy');
#3060 = SHAPE_DEFINITION_REPRESENTATION(#3061,#3042);
#3061 = PRODUCT_DEFINITION_SHAPE('','',#3062);
#3062 = PRODUCT_DEFINITION('design','',#3063,#3066);
#3063 = PRODUCT_DEFINITION_FORMATION('','',#3064);
#3064 = PRODUCT('E4','E4','',(#3065));
#3065 = PRODUCT_CONTEXT('',#2,'mechanical');
#3066 = PRODUCT_DEFINITION_CONTEXT('part definition',#2,'design');
#3067 = CONTEXT_DEPENDENT_SHAPE_REPRESENTATION(#3068,#3070);
#3068 = ( REPRESENTATION_RELATIONSHIP('','',#3042,#10) 
REPRESENTATION_RELATIONSHIP_WITH_TRANSFORMATION(#3069) 
SHAPE_REPRESENTATION_RELATIONSHIP() );
#3069 = ITEM_DEFINED_TRANSFORMATION('','',#11,#267);
#3070 = PRODUCT_DEFINITION_SHAPE('Placement','Placement of an item',
  #3071);
#3071 = NEXT_ASSEMBLY_USAGE_OCCURRENCE('64','=>[0:1:1:65]','',#5,#3062,$
  );
#3072 = PRODUCT_RELATED_PRODUCT_CATEGORY('part',$,(#3064));
#3073 = ADVANCED_BREP_SHAPE_REPRESENTATION('',(#11,#3074),#3086);
#3074 = MANIFOLD_SOLID_BREP('',#3075);
#3075 = CLOSED_SHELL('',(#3076));
#3076 = ADVANCED_FACE('',(#3077),#3081,.T.);
#3077 = FACE_BOUND('',#3078,.T.);
#3078 = VERTEX_LOOP('',#3079);
#3079 = VERTEX_POINT('',#3080);
#3080 = CARTESIAN_POINT('',(1.255262969126E-17,-3.074507554457E-33,
    -0.205));
#3081 = SPHERICAL_SURFACE('',#3082,0.205);
#3082 = AXIS2_PLACEMENT_3D('',#3083,#3084,#3085);
#3083 = CARTESIAN_POINT('',(0.,0.,0.));
#3084 = DIRECTION('',(0.,0.,1.));
#3085 = DIRECTION('',(1.,0.,-0.));
#3086 = ( GEOMETRIC_REPRESENTATION_CONTEXT(3) 
GLOBAL_UNCERTAINTY_ASSIGNED_CONTEXT((#3090)) 
GLOBAL_UNIT_ASSIGNED_CONTEXT((#3087,#3088,#3089)) REPRESENTATION_CONTEXT
('Context #1','3D Context with UNIT and UNCERTAINTY') );
#3087 = ( LENGTH_UNIT() NAMED_UNIT(*) SI_UNIT(.MILLI.,.METRE.) );
#3088 = ( NAMED_UNIT(*) PLANE_ANGLE_UNIT() SI_UNIT($,.RADIAN.) );
#3089 = ( NAMED_UNIT(*) SI_UNIT($,.STERADIAN.) SOLID_ANGLE_UNIT() );
#3090 = UNCERTAINTY_MEASURE_WITH_UNIT(LENGTH_MEASURE(1.E-07),#3087,
  'distance_accuracy_value','confusion accuracy');
#3091 = SHAPE_DEFINITION_REPRESENTATION(#3092,#3073);
#3092 = PRODUCT_DEFINITION_SHAPE('','',#3093);
#3093 = PRODUCT_DEFINITION('design','',#3094,#3097);
#3094 = PRODUCT_DEFINITION_FORMATION('','',#3095);
#3095 = PRODUCT('E11','E11','',(#3096));
#3096 = PRODUCT_CONTEXT('',#2,'mechanical');
#3097 = PRODUCT_DEFINITION_CONTEXT('part definition',#2,'design');
#3098 = CONTEXT_DEPENDENT_SHAPE_REPRESENTATION(#3099,#3101);
#3099 = ( REPRESENTATION_RELATIONSHIP('','',#3073,#10) 
REPRESENTATION_RELATIONSHIP_WITH_TRANSFORMATION(#3100) 
SHAPE_REPRESENTATION_RELATIONSHIP() );
#3100 = ITEM_DEFINED_TRANSFORMATION('','',#11,#271);
#3101 = PRODUCT_DEFINITION_SHAPE('Placement','Placement of an item',
  #3102);
#3102 = NEXT_ASSEMBLY_USAGE_OCCURRENCE('65','=>[0:1:1:66]','',#5,#3093,$
  );
#3103 = PRODUCT_RELATED_PRODUCT_CATEGORY('part',$,(#3095));
#3104 = ADVANCED_BREP_SHAPE_REPRESENTATION('',(#11,#3105),#3117);
#3105 = MANIFOLD_SOLID_BREP('',#3106);
#3106 = CLOSED_SHELL('',(#3107));
#3107 = ADVANCED_FACE('',(#3108),#3112,.T.);
#3108 = FACE_BOUND('',#3109,.T.);
#3109 = VERTEX_LOOP('',#3110);
#3110 = VERTEX_POINT('',#3111);
#3111 = CARTESIAN_POINT('',(1.255262969126E-17,-3.074507554457E-33,
    -0.205));
#3112 = SPHERICAL_SURFACE('',#3113,0.205);
#3113 = AXIS2_PLACEMENT_3D('',#3114,#3115,#3116);
#3114 = CARTESIAN_POINT('',(0.,0.,0.));
#3115 = DIRECTION('',(0.,0.,1.));
#3116 = DIRECTION('',(1.,0.,-0.));
#3117 = ( GEOMETRIC_REPRESENTATION_CONTEXT(3) 
GLOBAL_UNCERTAINTY_ASSIGNED_CONTEXT((#3121)) 
GLOBAL_UNIT_ASSIGNED_CONTEXT((#3118,#3119,#3120)) REPRESENTATION_CONTEXT
('Context #1','3D Context with UNIT and UNCERTAINTY') );
#3118 = ( LENGTH_UNIT() NAMED_UNIT(*) SI_UNIT(.MILLI.,.METRE.) );
#3119 = ( NAMED_UNIT(*) PLANE_ANGLE_UNIT() SI_UNIT($,.RADIAN.) );
#3120 = ( NAMED_UNIT(*) SI_UNIT($,.STERADIAN.) SOLID_ANGLE_UNIT() );
#3121 = UNCERTAINTY_MEASURE_WITH_UNIT(LENGTH_MEASURE(1.E-07),#3118,
  'distance_accuracy_value','confusion accuracy');
#3122 = SHAPE_DEFINITION_REPRESENTATION(#3123,#3104);
#3123 = PRODUCT_DEFINITION_SHAPE('','',#3124);
#3124 = PRODUCT_DEFINITION('design','',#3125,#3128);
#3125 = PRODUCT_DEFINITION_FORMATION('','',#3126);
#3126 = PRODUCT('E12','E12','',(#3127));
#3127 = PRODUCT_CONTEXT('',#2,'mechanical');
#3128 = PRODUCT_DEFINITION_CONTEXT('part definition',#2,'design');
#3129 = CONTEXT_DEPENDENT_SHAPE_REPRESENTATION(#3130,#3132);
#3130 = ( REPRESENTATION_RELATIONSHIP('','',#3104,#10) 
REPRESENTATION_RELATIONSHIP_WITH_TRANSFORMATION(#3131) 
SHAPE_REPRESENTATION_RELATIONSHIP() );
#3131 = ITEM_DEFINED_TRANSFORMATION('','',#11,#275);
#3132 = PRODUCT_DEFINITION_SHAPE('Placement','Placement of an item',
  #3133);
#3133 = NEXT_ASSEMBLY_USAGE_OCCURRENCE('66','=>[0:1:1:67]','',#5,#3124,$
  );
#3134 = PRODUCT_RELATED_PRODUCT_CATEGORY('part',$,(#3126));
#3135 = ADVANCED_BREP_SHAPE_REPRESENTATION('',(#11,#3136),#3148);
#3136 = MANIFOLD_SOLID_BREP('',#3137);
#3137 = CLOSED_SHELL('',(#3138));
#3138 = ADVANCED_FACE('',(#3139),#3143,.T.);
#3139 = FACE_BOUND('',#3140,.T.);
#3140 = VERTEX_LOOP('',#3141);
#3141 = VERTEX_POINT('',#3142);
#3142 = CARTESIAN_POINT('',(1.255262969126E-17,-3.074507554457E-33,
    -0.205));
#3143 = SPHERICAL_SURFACE('',#3144,0.205);
#3144 = AXIS2_PLACEMENT_3D('',#3145,#3146,#3147);
#3145 = CARTESIAN_POINT('',(0.,0.,0.));
#3146 = DIRECTION('',(0.,0.,1.));
#3147 = DIRECTION('',(1.,0.,-0.));
#3148 = ( GEOMETRIC_REPRESENTATION_CONTEXT(3) 
GLOBAL_UNCERTAINTY_ASSIGNED_CONTEXT((#3152)) 
GLOBAL_UNIT_ASSIGNED_CONTEXT((#3149,#3150,#3151)) REPRESENTATION_CONTEXT
('Context #1','3D Context with UNIT and UNCERTAINTY') );
#3149 = ( LENGTH_UNIT() NAMED_UNIT(*) SI_UNIT(.MILLI.,.METRE.) );
#3150 = ( NAMED_UNIT(*) PLANE_ANGLE_UNIT() SI_UNIT($,.RADIAN.) );
#3151 = ( NAMED_UNIT(*) SI_UNIT($,.STERADIAN.) SOLID_ANGLE_UNIT() );
#3152 = UNCERTAINTY_MEASURE_WITH_UNIT(LENGTH_MEASURE(1.E-07),#3149,
  'distance_accuracy_value','confusion accuracy');
#3153 = SHAPE_DEFINITION_REPRESENTATION(#3154,#3135);
#3154 = PRODUCT_DEFINITION_SHAPE('','',#3155);
#3155 = PRODUCT_DEFINITION('design','',#3156,#3159);
#3156 = PRODUCT_DEFINITION_FORMATION('','',#3157);
#3157 = PRODUCT('E13','E13','',(#3158));
#3158 = PRODUCT_CONTEXT('',#2,'mechanical');
#3159 = PRODUCT_DEFINITION_CONTEXT('part definition',#2,'design');
#3160 = CONTEXT_DEPENDENT_SHAPE_REPRESENTATION(#3161,#3163);
#3161 = ( REPRESENTATION_RELATIONSHIP('','',#3135,#10) 
REPRESENTATION_RELATIONSHIP_WITH_TRANSFORMATION(#3162) 
SHAPE_REPRESENTATION_RELATIONSHIP() );
#3162 = ITEM_DEFINED_TRANSFORMATION('','',#11,#279);
#3163 = PRODUCT_DEFINITION_SHAPE('Placement','Placement of an item',
  #3164);
#3164 = NEXT_ASSEMBLY_USAGE_OCCURRENCE('67','=>[0:1:1:68]','',#5,#3155,$
  );
#3165 = PRODUCT_RELATED_PRODUCT_CATEGORY('part',$,(#3157));
#3166 = ADVANCED_BREP_SHAPE_REPRESENTATION('',(#11,#3167),#3179);
#3167 = MANIFOLD_SOLID_BREP('',#3168);
#3168 = CLOSED_SHELL('',(#3169));
#3169 = ADVANCED_FACE('',(#3170),#3174,.T.);
#3170 = FACE_BOUND('',#3171,.T.);
#3171 = VERTEX_LOOP('',#3172);
#3172 = VERTEX_POINT('',#3173);
#3173 = CARTESIAN_POINT('',(1.255262969126E-17,-3.074507554457E-33,
    -0.205));
#3174 = SPHERICAL_SURFACE('',#3175,0.205);
#3175 = AXIS2_PLACEMENT_3D('',#3176,#3177,#3178);
#3176 = CARTESIAN_POINT('',(0.,0.,0.));
#3177 = DIRECTION('',(0.,0.,1.));
#3178 = DIRECTION('',(1.,0.,-0.));
#3179 = ( GEOMETRIC_REPRESENTATION_CONTEXT(3) 
GLOBAL_UNCERTAINTY_ASSIGNED_CONTEXT((#3183)) 
GLOBAL_UNIT_ASSIGNED_CONTEXT((#3180,#3181,#3182)) REPRESENTATION_CONTEXT
('Context #1','3D Context with UNIT and UNCERTAINTY') );
#3180 = ( LENGTH_UNIT() NAMED_UNIT(*) SI_UNIT(.MILLI.,.METRE.) );
#3181 = ( NAMED_UNIT(*) PLANE_ANGLE_UNIT() SI_UNIT($,.RADIAN.) );
#3182 = ( NAMED_UNIT(*) SI_UNIT($,.STERADIAN.) SOLID_ANGLE_UNIT() );
#3183 = UNCERTAINTY_MEASURE_WITH_UNIT(LENGTH_MEASURE(1.E-07),#3180,
  'distance_accuracy_value','confusion accuracy');
#3184 = SHAPE_DEFINITION_REPRESENTATION(#3185,#3166);
#3185 = PRODUCT_DEFINITION_SHAPE('','',#3186);
#3186 = PRODUCT_DEFINITION('design','',#3187,#3190);
#3187 = PRODUCT_DEFINITION_FORMATION('','',#3188);
#3188 = PRODUCT('E14','E14','',(#3189));
#3189 = PRODUCT_CONTEXT('',#2,'mechanical');
#3190 = PRODUCT_DEFINITION_CONTEXT('part definition',#2,'design');
#3191 = CONTEXT_DEPENDENT_SHAPE_REPRESENTATION(#3192,#3194);
#3192 = ( REPRESENTATION_RELATIONSHIP('','',#3166,#10) 
REPRESENTATION_RELATIONSHIP_WITH_TRANSFORMATION(#3193) 
SHAPE_REPRESENTATION_RELATIONSHIP() );
#3193 = ITEM_DEFINED_TRANSFORMATION('','',#11,#283);
#3194 = PRODUCT_DEFINITION_SHAPE('Placement','Placement of an item',
  #3195);
#3195 = NEXT_ASSEMBLY_USAGE_OCCURRENCE('68','=>[0:1:1:69]','',#5,#3186,$
  );
#3196 = PRODUCT_RELATED_PRODUCT_CATEGORY('part',$,(#3188));
#3197 = ADVANCED_BREP_SHAPE_REPRESENTATION('',(#11,#3198),#3210);
#3198 = MANIFOLD_SOLID_BREP('',#3199);
#3199 = CLOSED_SHELL('',(#3200));
#3200 = ADVANCED_FACE('',(#3201),#3205,.T.);
#3201 = FACE_BOUND('',#3202,.T.);
#3202 = VERTEX_LOOP('',#3203);
#3203 = VERTEX_POINT('',#3204);
#3204 = CARTESIAN_POINT('',(1.255262969126E-17,-3.074507554457E-33,
    -0.205));
#3205 = SPHERICAL_SURFACE('',#3206,0.205);
#3206 = AXIS2_PLACEMENT_3D('',#3207,#3208,#3209);
#3207 = CARTESIAN_POINT('',(0.,0.,0.));
#3208 = DIRECTION('',(0.,0.,1.));
#3209 = DIRECTION('',(1.,0.,-0.));
#3210 = ( GEOMETRIC_REPRESENTATION_CONTEXT(3) 
GLOBAL_UNCERTAINTY_ASSIGNED_CONTEXT((#3214)) 
GLOBAL_UNIT_ASSIGNED_CONTEXT((#3211,#3212,#3213)) REPRESENTATION_CONTEXT
('Context #1','3D Context with UNIT and UNCERTAINTY') );
#3211 = ( LENGTH_UNIT() NAMED_UNIT(*) SI_UNIT(.MILLI.,.METRE.) );
#3212 = ( NAMED_UNIT(*) PLANE_ANGLE_UNIT() SI_UNIT($,.RADIAN.) );
#3213 = ( NAMED_UNIT(*) SI_UNIT($,.STERADIAN.) SOLID_ANGLE_UNIT() );
#3214 = UNCERTAINTY_MEASURE_WITH_UNIT(LENGTH_MEASURE(1.E-07),#3211,
  'distance_accuracy_value','confusion accuracy');
#3215 = SHAPE_DEFINITION_REPRESENTATION(#3216,#3197);
#3216 = PRODUCT_DEFINITION_SHAPE('','',#3217);
#3217 = PRODUCT_DEFINITION('design','',#3218,#3221);
#3218 = PRODUCT_DEFINITION_FORMATION('','',#3219);
#3219 = PRODUCT('E15','E15','',(#3220));
#3220 = PRODUCT_CONTEXT('',#2,'mechanical');
#3221 = PRODUCT_DEFINITION_CONTEXT('part definition',#2,'design');
#3222 = CONTEXT_DEPENDENT_SHAPE_REPRESENTATION(#3223,#3225);
#3223 = ( REPRESENTATION_RELATIONSHIP('','',#3197,#10) 
REPRESENTATION_RELATIONSHIP_WITH_TRANSFORMATION(#3224) 
SHAPE_REPRESENTATION_RELATIONSHIP() );
#3224 = ITEM_DEFINED_TRANSFORMATION('','',#11,#287);
#3225 = PRODUCT_DEFINITION_SHAPE('Placement','Placement of an item',
  #3226);
#3226 = NEXT_ASSEMBLY_USAGE_OCCURRENCE('69','=>[0:1:1:70]','',#5,#3217,$
  );
#3227 = PRODUCT_RELATED_PRODUCT_CATEGORY('part',$,(#3219));
#3228 = ADVANCED_BREP_SHAPE_REPRESENTATION('',(#11,#3229),#3241);
#3229 = MANIFOLD_SOLID_BREP('',#3230);
#3230 = CLOSED_SHELL('',(#3231));
#3231 = ADVANCED_FACE('',(#3232),#3236,.T.);
#3232 = FACE_BOUND('',#3233,.T.);
#3233 = VERTEX_LOOP('',#3234);
#3234 = VERTEX_POINT('',#3235);
#3235 = CARTESIAN_POINT('',(1.255262969126E-17,-3.074507554457E-33,
    -0.205));
#3236 = SPHERICAL_SURFACE('',#3237,0.205);
#3237 = AXIS2_PLACEMENT_3D('',#3238,#3239,#3240);
#3238 = CARTESIAN_POINT('',(0.,0.,0.));
#3239 = DIRECTION('',(0.,0.,1.));
#3240 = DIRECTION('',(1.,0.,-0.));
#3241 = ( GEOMETRIC_REPRESENTATION_CONTEXT(3) 
GLOBAL_UNCERTAINTY_ASSIGNED_CONTEXT((#3245)) 
GLOBAL_UNIT_ASSIGNED_CONTEXT((#3242,#3243,#3244)) REPRESENTATION_CONTEXT
('Context #1','3D Context with UNIT and UNCERTAINTY') );
#3242 = ( LENGTH_UNIT() NAMED_UNIT(*) SI_UNIT(.MILLI.,.METRE.) );
#3243 = ( NAMED_UNIT(*) PLANE_ANGLE_UNIT() SI_UNIT($,.RADIAN.) );
#3244 = ( NAMED_UNIT(*) SI_UNIT($,.STERADIAN.) SOLID_ANGLE_UNIT() );
#3245 = UNCERTAINTY_MEASURE_WITH_UNIT(LENGTH_MEASURE(1.E-07),#3242,
  'distance_accuracy_value','confusion accuracy');
#3246 = SHAPE_DEFINITION_REPRESENTATION(#3247,#3228);
#3247 = PRODUCT_DEFINITION_SHAPE('','',#3248);
#3248 = PRODUCT_DEFINITION('design','',#3249,#3252);
#3249 = PRODUCT_DEFINITION_FORMATION('','',#3250);
#3250 = PRODUCT('E17','E17','',(#3251));
#3251 = PRODUCT_CONTEXT('',#2,'mechanical');
#3252 = PRODUCT_DEFINITION_CONTEXT('part definition',#2,'design');
#3253 = CONTEXT_DEPENDENT_SHAPE_REPRESENTATION(#3254,#3256);
#3254 = ( REPRESENTATION_RELATIONSHIP('','',#3228,#10) 
REPRESENTATION_RELATIONSHIP_WITH_TRANSFORMATION(#3255) 
SHAPE_REPRESENTATION_RELATIONSHIP() );
#3255 = ITEM_DEFINED_TRANSFORMATION('','',#11,#291);
#3256 = PRODUCT_DEFINITION_SHAPE('Placement','Placement of an item',
  #3257);
#3257 = NEXT_ASSEMBLY_USAGE_OCCURRENCE('70','=>[0:1:1:71]','',#5,#3248,$
  );
#3258 = PRODUCT_RELATED_PRODUCT_CATEGORY('part',$,(#3250));
#3259 = ADVANCED_BREP_SHAPE_REPRESENTATION('',(#11,#3260),#3272);
#3260 = MANIFOLD_SOLID_BREP('',#3261);
#3261 = CLOSED_SHELL('',(#3262));
#3262 = ADVANCED_FACE('',(#3263),#3267,.T.);
#3263 = FACE_BOUND('',#3264,.T.);
#3264 = VERTEX_LOOP('',#3265);
#3265 = VERTEX_POINT('',#3266);
#3266 = CARTESIAN_POINT('',(1.255262969126E-17,-3.074507554457E-33,
    -0.205));
#3267 = SPHERICAL_SURFACE('',#3268,0.205);
#3268 = AXIS2_PLACEMENT_3D('',#3269,#3270,#3271);
#3269 = CARTESIAN_POINT('',(0.,0.,0.));
#3270 = DIRECTION('',(0.,0.,1.));
#3271 = DIRECTION('',(1.,0.,-0.));
#3272 = ( GEOMETRIC_REPRESENTATION_CONTEXT(3) 
GLOBAL_UNCERTAINTY_ASSIGNED_CONTEXT((#3276)) 
GLOBAL_UNIT_ASSIGNED_CONTEXT((#3273,#3274,#3275)) REPRESENTATION_CONTEXT
('Context #1','3D Context with UNIT and UNCERTAINTY') );
#3273 = ( LENGTH_UNIT() NAMED_UNIT(*) SI_UNIT(.MILLI.,.METRE.) );
#3274 = ( NAMED_UNIT(*) PLANE_ANGLE_UNIT() SI_UNIT($,.RADIAN.) );
#3275 = ( NAMED_UNIT(*) SI_UNIT($,.STERADIAN.) SOLID_ANGLE_UNIT() );
#3276 = UNCERTAINTY_MEASURE_WITH_UNIT(LENGTH_MEASURE(1.E-07),#3273,
  'distance_accuracy_value','confusion accuracy');
#3277 = SHAPE_DEFINITION_REPRESENTATION(#3278,#3259);
#3278 = PRODUCT_DEFINITION_SHAPE('','',#3279);
#3279 = PRODUCT_DEFINITION('design','',#3280,#3283);
#3280 = PRODUCT_DEFINITION_FORMATION('','',#3281);
#3281 = PRODUCT('E18','E18','',(#3282));
#3282 = PRODUCT_CONTEXT('',#2,'mechanical');
#3283 = PRODUCT_DEFINITION_CONTEXT('part definition',#2,'design');
#3284 = CONTEXT_DEPENDENT_SHAPE_REPRESENTATION(#3285,#3287);
#3285 = ( REPRESENTATION_RELATIONSHIP('','',#3259,#10) 
REPRESENTATION_RELATIONSHIP_WITH_TRANSFORMATION(#3286) 
SHAPE_REPRESENTATION_RELATIONSHIP() );
#3286 = ITEM_DEFINED_TRANSFORMATION('','',#11,#295);
#3287 = PRODUCT_DEFINITION_SHAPE('Placement','Placement of an item',
  #3288);
#3288 = NEXT_ASSEMBLY_USAGE_OCCURRENCE('71','=>[0:1:1:72]','',#5,#3279,$
  );
#3289 = PRODUCT_RELATED_PRODUCT_CATEGORY('part',$,(#3281));
#3290 = ADVANCED_BREP_SHAPE_REPRESENTATION('',(#11,#3291),#3303);
#3291 = MANIFOLD_SOLID_BREP('',#3292);
#3292 = CLOSED_SHELL('',(#3293));
#3293 = ADVANCED_FACE('',(#3294),#3298,.T.);
#3294 = FACE_BOUND('',#3295,.T.);
#3295 = VERTEX_LOOP('',#3296);
#3296 = VERTEX_POINT('',#3297);
#3297 = CARTESIAN_POINT('',(1.255262969126E-17,-3.074507554457E-33,
    -0.205));
#3298 = SPHERICAL_SURFACE('',#3299,0.205);
#3299 = AXIS2_PLACEMENT_3D('',#3300,#3301,#3302);
#3300 = CARTESIAN_POINT('',(0.,0.,0.));
#3301 = DIRECTION('',(0.,0.,1.));
#3302 = DIRECTION('',(1.,0.,-0.));
#3303 = ( GEOMETRIC_REPRESENTATION_CONTEXT(3) 
GLOBAL_UNCERTAINTY_ASSIGNED_CONTEXT((#3307)) 
GLOBAL_UNIT_ASSIGNED_CONTEXT((#3304,#3305,#3306)) REPRESENTATION_CONTEXT
('Context #1','3D Context with UNIT and UNCERTAINTY') );
#3304 = ( LENGTH_UNIT() NAMED_UNIT(*) SI_UNIT(.MILLI.,.METRE.) );
#3305 = ( NAMED_UNIT(*) PLANE_ANGLE_UNIT() SI_UNIT($,.RADIAN.) );
#3306 = ( NAMED_UNIT(*) SI_UNIT($,.STERADIAN.) SOLID_ANGLE_UNIT() );
#3307 = UNCERTAINTY_MEASURE_WITH_UNIT(LENGTH_MEASURE(1.E-07),#3304,
  'distance_accuracy_value','confusion accuracy');
#3308 = SHAPE_DEFINITION_REPRESENTATION(#3309,#3290);
#3309 = PRODUCT_DEFINITION_SHAPE('','',#3310);
#3310 = PRODUCT_DEFINITION('design','',#3311,#3314);
#3311 = PRODUCT_DEFINITION_FORMATION('','',#3312);
#3312 = PRODUCT('F2','F2','',(#3313));
#3313 = PRODUCT_CONTEXT('',#2,'mechanical');
#3314 = PRODUCT_DEFINITION_CONTEXT('part definition',#2,'design');
#3315 = CONTEXT_DEPENDENT_SHAPE_REPRESENTATION(#3316,#3318);
#3316 = ( REPRESENTATION_RELATIONSHIP('','',#3290,#10) 
REPRESENTATION_RELATIONSHIP_WITH_TRANSFORMATION(#3317) 
SHAPE_REPRESENTATION_RELATIONSHIP() );
#3317 = ITEM_DEFINED_TRANSFORMATION('','',#11,#299);
#3318 = PRODUCT_DEFINITION_SHAPE('Placement','Placement of an item',
  #3319);
#3319 = NEXT_ASSEMBLY_USAGE_OCCURRENCE('72','=>[0:1:1:73]','',#5,#3310,$
  );
#3320 = PRODUCT_RELATED_PRODUCT_CATEGORY('part',$,(#3312));
#3321 = ADVANCED_BREP_SHAPE_REPRESENTATION('',(#11,#3322),#3334);
#3322 = MANIFOLD_SOLID_BREP('',#3323);
#3323 = CLOSED_SHELL('',(#3324));
#3324 = ADVANCED_FACE('',(#3325),#3329,.T.);
#3325 = FACE_BOUND('',#3326,.T.);
#3326 = VERTEX_LOOP('',#3327);
#3327 = VERTEX_POINT('',#3328);
#3328 = CARTESIAN_POINT('',(1.255262969126E-17,-3.074507554457E-33,
    -0.205));
#3329 = SPHERICAL_SURFACE('',#3330,0.205);
#3330 = AXIS2_PLACEMENT_3D('',#3331,#3332,#3333);
#3331 = CARTESIAN_POINT('',(0.,0.,0.));
#3332 = DIRECTION('',(0.,0.,1.));
#3333 = DIRECTION('',(1.,0.,-0.));
#3334 = ( GEOMETRIC_REPRESENTATION_CONTEXT(3) 
GLOBAL_UNCERTAINTY_ASSIGNED_CONTEXT((#3338)) 
GLOBAL_UNIT_ASSIGNED_CONTEXT((#3335,#3336,#3337)) REPRESENTATION_CONTEXT
('Context #1','3D Context with UNIT and UNCERTAINTY') );
#3335 = ( LENGTH_UNIT() NAMED_UNIT(*) SI_UNIT(.MILLI.,.METRE.) );
#3336 = ( NAMED_UNIT(*) PLANE_ANGLE_UNIT() SI_UNIT($,.RADIAN.) );
#3337 = ( NAMED_UNIT(*) SI_UNIT($,.STERADIAN.) SOLID_ANGLE_UNIT() );
#3338 = UNCERTAINTY_MEASURE_WITH_UNIT(LENGTH_MEASURE(1.E-07),#3335,
  'distance_accuracy_value','confusion accuracy');
#3339 = SHAPE_DEFINITION_REPRESENTATION(#3340,#3321);
#3340 = PRODUCT_DEFINITION_SHAPE('','',#3341);
#3341 = PRODUCT_DEFINITION('design','',#3342,#3345);
#3342 = PRODUCT_DEFINITION_FORMATION('','',#3343);
#3343 = PRODUCT('F3','F3','',(#3344));
#3344 = PRODUCT_CONTEXT('',#2,'mechanical');
#3345 = PRODUCT_DEFINITION_CONTEXT('part definition',#2,'design');
#3346 = CONTEXT_DEPENDENT_SHAPE_REPRESENTATION(#3347,#3349);
#3347 = ( REPRESENTATION_RELATIONSHIP('','',#3321,#10) 
REPRESENTATION_RELATIONSHIP_WITH_TRANSFORMATION(#3348) 
SHAPE_REPRESENTATION_RELATIONSHIP() );
#3348 = ITEM_DEFINED_TRANSFORMATION('','',#11,#303);
#3349 = PRODUCT_DEFINITION_SHAPE('Placement','Placement of an item',
  #3350);
#3350 = NEXT_ASSEMBLY_USAGE_OCCURRENCE('73','=>[0:1:1:74]','',#5,#3341,$
  );
#3351 = PRODUCT_RELATED_PRODUCT_CATEGORY('part',$,(#3343));
#3352 = ADVANCED_BREP_SHAPE_REPRESENTATION('',(#11,#3353),#3365);
#3353 = MANIFOLD_SOLID_BREP('',#3354);
#3354 = CLOSED_SHELL('',(#3355));
#3355 = ADVANCED_FACE('',(#3356),#3360,.T.);
#3356 = FACE_BOUND('',#3357,.T.);
#3357 = VERTEX_LOOP('',#3358);
#3358 = VERTEX_POINT('',#3359);
#3359 = CARTESIAN_POINT('',(1.255262969126E-17,-3.074507554457E-33,
    -0.205));
#3360 = SPHERICAL_SURFACE('',#3361,0.205);
#3361 = AXIS2_PLACEMENT_3D('',#3362,#3363,#3364);
#3362 = CARTESIAN_POINT('',(0.,0.,0.));
#3363 = DIRECTION('',(0.,0.,1.));
#3364 = DIRECTION('',(1.,0.,-0.));
#3365 = ( GEOMETRIC_REPRESENTATION_CONTEXT(3) 
GLOBAL_UNCERTAINTY_ASSIGNED_CONTEXT((#3369)) 
GLOBAL_UNIT_ASSIGNED_CONTEXT((#3366,#3367,#3368)) REPRESENTATION_CONTEXT
('Context #1','3D Context with UNIT and UNCERTAINTY') );
#3366 = ( LENGTH_UNIT() NAMED_UNIT(*) SI_UNIT(.MILLI.,.METRE.) );
#3367 = ( NAMED_UNIT(*) PLANE_ANGLE_UNIT() SI_UNIT($,.RADIAN.) );
#3368 = ( NAMED_UNIT(*) SI_UNIT($,.STERADIAN.) SOLID_ANGLE_UNIT() );
#3369 = UNCERTAINTY_MEASURE_WITH_UNIT(LENGTH_MEASURE(1.E-07),#3366,
  'distance_accuracy_value','confusion accuracy');
#3370 = SHAPE_DEFINITION_REPRESENTATION(#3371,#3352);
#3371 = PRODUCT_DEFINITION_SHAPE('','',#3372);
#3372 = PRODUCT_DEFINITION('design','',#3373,#3376);
#3373 = PRODUCT_DEFINITION_FORMATION('','',#3374);
#3374 = PRODUCT('F6','F6','',(#3375));
#3375 = PRODUCT_CONTEXT('',#2,'mechanical');
#3376 = PRODUCT_DEFINITION_CONTEXT('part definition',#2,'design');
#3377 = CONTEXT_DEPENDENT_SHAPE_REPRESENTATION(#3378,#3380);
#3378 = ( REPRESENTATION_RELATIONSHIP('','',#3352,#10) 
REPRESENTATION_RELATIONSHIP_WITH_TRANSFORMATION(#3379) 
SHAPE_REPRESENTATION_RELATIONSHIP() );
#3379 = ITEM_DEFINED_TRANSFORMATION('','',#11,#307);
#3380 = PRODUCT_DEFINITION_SHAPE('Placement','Placement of an item',
  #3381);
#3381 = NEXT_ASSEMBLY_USAGE_OCCURRENCE('74','=>[0:1:1:75]','',#5,#3372,$
  );
#3382 = PRODUCT_RELATED_PRODUCT_CATEGORY('part',$,(#3374));
#3383 = ADVANCED_BREP_SHAPE_REPRESENTATION('',(#11,#3384),#3396);
#3384 = MANIFOLD_SOLID_BREP('',#3385);
#3385 = CLOSED_SHELL('',(#3386));
#3386 = ADVANCED_FACE('',(#3387),#3391,.T.);
#3387 = FACE_BOUND('',#3388,.T.);
#3388 = VERTEX_LOOP('',#3389);
#3389 = VERTEX_POINT('',#3390);
#3390 = CARTESIAN_POINT('',(1.255262969126E-17,-3.074507554457E-33,
    -0.205));
#3391 = SPHERICAL_SURFACE('',#3392,0.205);
#3392 = AXIS2_PLACEMENT_3D('',#3393,#3394,#3395);
#3393 = CARTESIAN_POINT('',(0.,0.,0.));
#3394 = DIRECTION('',(0.,0.,1.));
#3395 = DIRECTION('',(1.,0.,-0.));
#3396 = ( GEOMETRIC_REPRESENTATION_CONTEXT(3) 
GLOBAL_UNCERTAINTY_ASSIGNED_CONTEXT((#3400)) 
GLOBAL_UNIT_ASSIGNED_CONTEXT((#3397,#3398,#3399)) REPRESENTATION_CONTEXT
('Context #1','3D Context with UNIT and UNCERTAINTY') );
#3397 = ( LENGTH_UNIT() NAMED_UNIT(*) SI_UNIT(.MILLI.,.METRE.) );
#3398 = ( NAMED_UNIT(*) PLANE_ANGLE_UNIT() SI_UNIT($,.RADIAN.) );
#3399 = ( NAMED_UNIT(*) SI_UNIT($,.STERADIAN.) SOLID_ANGLE_UNIT() );
#3400 = UNCERTAINTY_MEASURE_WITH_UNIT(LENGTH_MEASURE(1.E-07),#3397,
  'distance_accuracy_value','confusion accuracy');
#3401 = SHAPE_DEFINITION_REPRESENTATION(#3402,#3383);
#3402 = PRODUCT_DEFINITION_SHAPE('','',#3403);
#3403 = PRODUCT_DEFINITION('design','',#3404,#3407);
#3404 = PRODUCT_DEFINITION_FORMATION('','',#3405);
#3405 = PRODUCT('F7','F7','',(#3406));
#3406 = PRODUCT_CONTEXT('',#2,'mechanical');
#3407 = PRODUCT_DEFINITION_CONTEXT('part definition',#2,'design');
#3408 = CONTEXT_DEPENDENT_SHAPE_REPRESENTATION(#3409,#3411);
#3409 = ( REPRESENTATION_RELATIONSHIP('','',#3383,#10) 
REPRESENTATION_RELATIONSHIP_WITH_TRANSFORMATION(#3410) 
SHAPE_REPRESENTATION_RELATIONSHIP() );
#3410 = ITEM_DEFINED_TRANSFORMATION('','',#11,#311);
#3411 = PRODUCT_DEFINITION_SHAPE('Placement','Placement of an item',
  #3412);
#3412 = NEXT_ASSEMBLY_USAGE_OCCURRENCE('75','=>[0:1:1:76]','',#5,#3403,$
  );
#3413 = PRODUCT_RELATED_PRODUCT_CATEGORY('part',$,(#3405));
#3414 = ADVANCED_BREP_SHAPE_REPRESENTATION('',(#11,#3415),#3427);
#3415 = MANIFOLD_SOLID_BREP('',#3416);
#3416 = CLOSED_SHELL('',(#3417));
#3417 = ADVANCED_FACE('',(#3418),#3422,.T.);
#3418 = FACE_BOUND('',#3419,.T.);
#3419 = VERTEX_LOOP('',#3420);
#3420 = VERTEX_POINT('',#3421);
#3421 = CARTESIAN_POINT('',(1.255262969126E-17,-3.074507554457E-33,
    -0.205));
#3422 = SPHERICAL_SURFACE('',#3423,0.205);
#3423 = AXIS2_PLACEMENT_3D('',#3424,#3425,#3426);
#3424 = CARTESIAN_POINT('',(0.,0.,0.));
#3425 = DIRECTION('',(0.,0.,1.));
#3426 = DIRECTION('',(1.,0.,-0.));
#3427 = ( GEOMETRIC_REPRESENTATION_CONTEXT(3) 
GLOBAL_UNCERTAINTY_ASSIGNED_CONTEXT((#3431)) 
GLOBAL_UNIT_ASSIGNED_CONTEXT((#3428,#3429,#3430)) REPRESENTATION_CONTEXT
('Context #1','3D Context with UNIT and UNCERTAINTY') );
#3428 = ( LENGTH_UNIT() NAMED_UNIT(*) SI_UNIT(.MILLI.,.METRE.) );
#3429 = ( NAMED_UNIT(*) PLANE_ANGLE_UNIT() SI_UNIT($,.RADIAN.) );
#3430 = ( NAMED_UNIT(*) SI_UNIT($,.STERADIAN.) SOLID_ANGLE_UNIT() );
#3431 = UNCERTAINTY_MEASURE_WITH_UNIT(LENGTH_MEASURE(1.E-07),#3428,
  'distance_accuracy_value','confusion accuracy');
#3432 = SHAPE_DEFINITION_REPRESENTATION(#3433,#3414);
#3433 = PRODUCT_DEFINITION_SHAPE('','',#3434);
#3434 = PRODUCT_DEFINITION('design','',#3435,#3438);
#3435 = PRODUCT_DEFINITION_FORMATION('','',#3436);
#3436 = PRODUCT('F8','F8','',(#3437));
#3437 = PRODUCT_CONTEXT('',#2,'mechanical');
#3438 = PRODUCT_DEFINITION_CONTEXT('part definition',#2,'design');
#3439 = CONTEXT_DEPENDENT_SHAPE_REPRESENTATION(#3440,#3442);
#3440 = ( REPRESENTATION_RELATIONSHIP('','',#3414,#10) 
REPRESENTATION_RELATIONSHIP_WITH_TRANSFORMATION(#3441) 
SHAPE_REPRESENTATION_RELATIONSHIP() );
#3441 = ITEM_DEFINED_TRANSFORMATION('','',#11,#315);
#3442 = PRODUCT_DEFINITION_SHAPE('Placement','Placement of an item',
  #3443);
#3443 = NEXT_ASSEMBLY_USAGE_OCCURRENCE('76','=>[0:1:1:77]','',#5,#3434,$
  );
#3444 = PRODUCT_RELATED_PRODUCT_CATEGORY('part',$,(#3436));
#3445 = ADVANCED_BREP_SHAPE_REPRESENTATION('',(#11,#3446),#3458);
#3446 = MANIFOLD_SOLID_BREP('',#3447);
#3447 = CLOSED_SHELL('',(#3448));
#3448 = ADVANCED_FACE('',(#3449),#3453,.T.);
#3449 = FACE_BOUND('',#3450,.T.);
#3450 = VERTEX_LOOP('',#3451);
#3451 = VERTEX_POINT('',#3452);
#3452 = CARTESIAN_POINT('',(1.255262969126E-17,-3.074507554457E-33,
    -0.205));
#3453 = SPHERICAL_SURFACE('',#3454,0.205);
#3454 = AXIS2_PLACEMENT_3D('',#3455,#3456,#3457);
#3455 = CARTESIAN_POINT('',(0.,0.,0.));
#3456 = DIRECTION('',(0.,0.,1.));
#3457 = DIRECTION('',(1.,0.,-0.));
#3458 = ( GEOMETRIC_REPRESENTATION_CONTEXT(3) 
GLOBAL_UNCERTAINTY_ASSIGNED_CONTEXT((#3462)) 
GLOBAL_UNIT_ASSIGNED_CONTEXT((#3459,#3460,#3461)) REPRESENTATION_CONTEXT
('Context #1','3D Context with UNIT and UNCERTAINTY') );
#3459 = ( LENGTH_UNIT() NAMED_UNIT(*) SI_UNIT(.MILLI.,.METRE.) );
#3460 = ( NAMED_UNIT(*) PLANE_ANGLE_UNIT() SI_UNIT($,.RADIAN.) );
#3461 = ( NAMED_UNIT(*) SI_UNIT($,.STERADIAN.) SOLID_ANGLE_UNIT() );
#3462 = UNCERTAINTY_MEASURE_WITH_UNIT(LENGTH_MEASURE(1.E-07),#3459,
  'distance_accuracy_value','confusion accuracy');
#3463 = SHAPE_DEFINITION_REPRESENTATION(#3464,#3445);
#3464 = PRODUCT_DEFINITION_SHAPE('','',#3465);
#3465 = PRODUCT_DEFINITION('design','',#3466,#3469);
#3466 = PRODUCT_DEFINITION_FORMATION('','',#3467);
#3467 = PRODUCT('F9','F9','',(#3468));
#3468 = PRODUCT_CONTEXT('',#2,'mechanical');
#3469 = PRODUCT_DEFINITION_CONTEXT('part definition',#2,'design');
#3470 = CONTEXT_DEPENDENT_SHAPE_REPRESENTATION(#3471,#3473);
#3471 = ( REPRESENTATION_RELATIONSHIP('','',#3445,#10) 
REPRESENTATION_RELATIONSHIP_WITH_TRANSFORMATION(#3472) 
SHAPE_REPRESENTATION_RELATIONSHIP() );
#3472 = ITEM_DEFINED_TRANSFORMATION('','',#11,#319);
#3473 = PRODUCT_DEFINITION_SHAPE('Placement','Placement of an item',
  #3474);
#3474 = NEXT_ASSEMBLY_USAGE_OCCURRENCE('77','=>[0:1:1:78]','',#5,#3465,$
  );
#3475 = PRODUCT_RELATED_PRODUCT_CATEGORY('part',$,(#3467));
#3476 = ADVANCED_BREP_SHAPE_REPRESENTATION('',(#11,#3477),#3489);
#3477 = MANIFOLD_SOLID_BREP('',#3478);
#3478 = CLOSED_SHELL('',(#3479));
#3479 = ADVANCED_FACE('',(#3480),#3484,.T.);
#3480 = FACE_BOUND('',#3481,.T.);
#3481 = VERTEX_LOOP('',#3482);
#3482 = VERTEX_POINT('',#3483);
#3483 = CARTESIAN_POINT('',(1.255262969126E-17,-3.074507554457E-33,
    -0.205));
#3484 = SPHERICAL_SURFACE('',#3485,0.205);
#3485 = AXIS2_PLACEMENT_3D('',#3486,#3487,#3488);
#3486 = CARTESIAN_POINT('',(0.,0.,0.));
#3487 = DIRECTION('',(0.,0.,1.));
#3488 = DIRECTION('',(1.,0.,-0.));
#3489 = ( GEOMETRIC_REPRESENTATION_CONTEXT(3) 
GLOBAL_UNCERTAINTY_ASSIGNED_CONTEXT((#3493)) 
GLOBAL_UNIT_ASSIGNED_CONTEXT((#3490,#3491,#3492)) REPRESENTATION_CONTEXT
('Context #1','3D Context with UNIT and UNCERTAINTY') );
#3490 = ( LENGTH_UNIT() NAMED_UNIT(*) SI_UNIT(.MILLI.,.METRE.) );
#3491 = ( NAMED_UNIT(*) PLANE_ANGLE_UNIT() SI_UNIT($,.RADIAN.) );
#3492 = ( NAMED_UNIT(*) SI_UNIT($,.STERADIAN.) SOLID_ANGLE_UNIT() );
#3493 = UNCERTAINTY_MEASURE_WITH_UNIT(LENGTH_MEASURE(1.E-07),#3490,
  'distance_accuracy_value','confusion accuracy');
#3494 = SHAPE_DEFINITION_REPRESENTATION(#3495,#3476);
#3495 = PRODUCT_DEFINITION_SHAPE('','',#3496);
#3496 = PRODUCT_DEFINITION('design','',#3497,#3500);
#3497 = PRODUCT_DEFINITION_FORMATION('','',#3498);
#3498 = PRODUCT('F10','F10','',(#3499));
#3499 = PRODUCT_CONTEXT('',#2,'mechanical');
#3500 = PRODUCT_DEFINITION_CONTEXT('part definition',#2,'design');
#3501 = CONTEXT_DEPENDENT_SHAPE_REPRESENTATION(#3502,#3504);
#3502 = ( REPRESENTATION_RELATIONSHIP('','',#3476,#10) 
REPRESENTATION_RELATIONSHIP_WITH_TRANSFORMATION(#3503) 
SHAPE_REPRESENTATION_RELATIONSHIP() );
#3503 = ITEM_DEFINED_TRANSFORMATION('','',#11,#323);
#3504 = PRODUCT_DEFINITION_SHAPE('Placement','Placement of an item',
  #3505);
#3505 = NEXT_ASSEMBLY_USAGE_OCCURRENCE('78','=>[0:1:1:79]','',#5,#3496,$
  );
#3506 = PRODUCT_RELATED_PRODUCT_CATEGORY('part',$,(#3498));
#3507 = ADVANCED_BREP_SHAPE_REPRESENTATION('',(#11,#3508),#3520);
#3508 = MANIFOLD_SOLID_BREP('',#3509);
#3509 = CLOSED_SHELL('',(#3510));
#3510 = ADVANCED_FACE('',(#3511),#3515,.T.);
#3511 = FACE_BOUND('',#3512,.T.);
#3512 = VERTEX_LOOP('',#3513);
#3513 = VERTEX_POINT('',#3514);
#3514 = CARTESIAN_POINT('',(1.255262969126E-17,-3.074507554457E-33,
    -0.205));
#3515 = SPHERICAL_SURFACE('',#3516,0.205);
#3516 = AXIS2_PLACEMENT_3D('',#3517,#3518,#3519);
#3517 = CARTESIAN_POINT('',(0.,0.,0.));
#3518 = DIRECTION('',(0.,0.,1.));
#3519 = DIRECTION('',(1.,0.,-0.));
#3520 = ( GEOMETRIC_REPRESENTATION_CONTEXT(3) 
GLOBAL_UNCERTAINTY_ASSIGNED_CONTEXT((#3524)) 
GLOBAL_UNIT_ASSIGNED_CONTEXT((#3521,#3522,#3523)) REPRESENTATION_CONTEXT
('Context #1','3D Context with UNIT and UNCERTAINTY') );
#3521 = ( LENGTH_UNIT() NAMED_UNIT(*) SI_UNIT(.MILLI.,.METRE.) );
#3522 = ( NAMED_UNIT(*) PLANE_ANGLE_UNIT() SI_UNIT($,.RADIAN.) );
#3523 = ( NAMED_UNIT(*) SI_UNIT($,.STERADIAN.) SOLID_ANGLE_UNIT() );
#3524 = UNCERTAINTY_MEASURE_WITH_UNIT(LENGTH_MEASURE(1.E-07),#3521,
  'distance_accuracy_value','confusion accuracy');
#3525 = SHAPE_DEFINITION_REPRESENTATION(#3526,#3507);
#3526 = PRODUCT_DEFINITION_SHAPE('','',#3527);
#3527 = PRODUCT_DEFINITION('design','',#3528,#3531);
#3528 = PRODUCT_DEFINITION_FORMATION('','',#3529);
#3529 = PRODUCT('F11','F11','',(#3530));
#3530 = PRODUCT_CONTEXT('',#2,'mechanical');
#3531 = PRODUCT_DEFINITION_CONTEXT('part definition',#2,'design');
#3532 = CONTEXT_DEPENDENT_SHAPE_REPRESENTATION(#3533,#3535);
#3533 = ( REPRESENTATION_RELATIONSHIP('','',#3507,#10) 
REPRESENTATION_RELATIONSHIP_WITH_TRANSFORMATION(#3534) 
SHAPE_REPRESENTATION_RELATIONSHIP() );
#3534 = ITEM_DEFINED_TRANSFORMATION('','',#11,#327);
#3535 = PRODUCT_DEFINITION_SHAPE('Placement','Placement of an item',
  #3536);
#3536 = NEXT_ASSEMBLY_USAGE_OCCURRENCE('79','=>[0:1:1:80]','',#5,#3527,$
  );
#3537 = PRODUCT_RELATED_PRODUCT_CATEGORY('part',$,(#3529));
#3538 = ADVANCED_BREP_SHAPE_REPRESENTATION('',(#11,#3539),#3551);
#3539 = MANIFOLD_SOLID_BREP('',#3540);
#3540 = CLOSED_SHELL('',(#3541));
#3541 = ADVANCED_FACE('',(#3542),#3546,.T.);
#3542 = FACE_BOUND('',#3543,.T.);
#3543 = VERTEX_LOOP('',#3544);
#3544 = VERTEX_POINT('',#3545);
#3545 = CARTESIAN_POINT('',(1.255262969126E-17,-3.074507554457E-33,
    -0.205));
#3546 = SPHERICAL_SURFACE('',#3547,0.205);
#3547 = AXIS2_PLACEMENT_3D('',#3548,#3549,#3550);
#3548 = CARTESIAN_POINT('',(0.,0.,0.));
#3549 = DIRECTION('',(0.,0.,1.));
#3550 = DIRECTION('',(1.,0.,-0.));
#3551 = ( GEOMETRIC_REPRESENTATION_CONTEXT(3) 
GLOBAL_UNCERTAINTY_ASSIGNED_CONTEXT((#3555)) 
GLOBAL_UNIT_ASSIGNED_CONTEXT((#3552,#3553,#3554)) REPRESENTATION_CONTEXT
('Context #1','3D Context with UNIT and UNCERTAINTY') );
#3552 = ( LENGTH_UNIT() NAMED_UNIT(*) SI_UNIT(.MILLI.,.METRE.) );
#3553 = ( NAMED_UNIT(*) PLANE_ANGLE_UNIT() SI_UNIT($,.RADIAN.) );
#3554 = ( NAMED_UNIT(*) SI_UNIT($,.STERADIAN.) SOLID_ANGLE_UNIT() );
#3555 = UNCERTAINTY_MEASURE_WITH_UNIT(LENGTH_MEASURE(1.E-07),#3552,
  'distance_accuracy_value','confusion accuracy');
#3556 = SHAPE_DEFINITION_REPRESENTATION(#3557,#3538);
#3557 = PRODUCT_DEFINITION_SHAPE('','',#3558);
#3558 = PRODUCT_DEFINITION('design','',#3559,#3562);
#3559 = PRODUCT_DEFINITION_FORMATION('','',#3560);
#3560 = PRODUCT('F12','F12','',(#3561));
#3561 = PRODUCT_CONTEXT('',#2,'mechanical');
#3562 = PRODUCT_DEFINITION_CONTEXT('part definition',#2,'design');
#3563 = CONTEXT_DEPENDENT_SHAPE_REPRESENTATION(#3564,#3566);
#3564 = ( REPRESENTATION_RELATIONSHIP('','',#3538,#10) 
REPRESENTATION_RELATIONSHIP_WITH_TRANSFORMATION(#3565) 
SHAPE_REPRESENTATION_RELATIONSHIP() );
#3565 = ITEM_DEFINED_TRANSFORMATION('','',#11,#331);
#3566 = PRODUCT_DEFINITION_SHAPE('Placement','Placement of an item',
  #3567);
#3567 = NEXT_ASSEMBLY_USAGE_OCCURRENCE('80','=>[0:1:1:81]','',#5,#3558,$
  );
#3568 = PRODUCT_RELATED_PRODUCT_CATEGORY('part',$,(#3560));
#3569 = ADVANCED_BREP_SHAPE_REPRESENTATION('',(#11,#3570),#3582);
#3570 = MANIFOLD_SOLID_BREP('',#3571);
#3571 = CLOSED_SHELL('',(#3572));
#3572 = ADVANCED_FACE('',(#3573),#3577,.T.);
#3573 = FACE_BOUND('',#3574,.T.);
#3574 = VERTEX_LOOP('',#3575);
#3575 = VERTEX_POINT('',#3576);
#3576 = CARTESIAN_POINT('',(1.255262969126E-17,-3.074507554457E-33,
    -0.205));
#3577 = SPHERICAL_SURFACE('',#3578,0.205);
#3578 = AXIS2_PLACEMENT_3D('',#3579,#3580,#3581);
#3579 = CARTESIAN_POINT('',(0.,0.,0.));
#3580 = DIRECTION('',(0.,0.,1.));
#3581 = DIRECTION('',(1.,0.,-0.));
#3582 = ( GEOMETRIC_REPRESENTATION_CONTEXT(3) 
GLOBAL_UNCERTAINTY_ASSIGNED_CONTEXT((#3586)) 
GLOBAL_UNIT_ASSIGNED_CONTEXT((#3583,#3584,#3585)) REPRESENTATION_CONTEXT
('Context #1','3D Context with UNIT and UNCERTAINTY') );
#3583 = ( LENGTH_UNIT() NAMED_UNIT(*) SI_UNIT(.MILLI.,.METRE.) );
#3584 = ( NAMED_UNIT(*) PLANE_ANGLE_UNIT() SI_UNIT($,.RADIAN.) );
#3585 = ( NAMED_UNIT(*) SI_UNIT($,.STERADIAN.) SOLID_ANGLE_UNIT() );
#3586 = UNCERTAINTY_MEASURE_WITH_UNIT(LENGTH_MEASURE(1.E-07),#3583,
  'distance_accuracy_value','confusion accuracy');
#3587 = SHAPE_DEFINITION_REPRESENTATION(#3588,#3569);
#3588 = PRODUCT_DEFINITION_SHAPE('','',#3589);
#3589 = PRODUCT_DEFINITION('design','',#3590,#3593);
#3590 = PRODUCT_DEFINITION_FORMATION('','',#3591);
#3591 = PRODUCT('F13','F13','',(#3592));
#3592 = PRODUCT_CONTEXT('',#2,'mechanical');
#3593 = PRODUCT_DEFINITION_CONTEXT('part definition',#2,'design');
#3594 = CONTEXT_DEPENDENT_SHAPE_REPRESENTATION(#3595,#3597);
#3595 = ( REPRESENTATION_RELATIONSHIP('','',#3569,#10) 
REPRESENTATION_RELATIONSHIP_WITH_TRANSFORMATION(#3596) 
SHAPE_REPRESENTATION_RELATIONSHIP() );
#3596 = ITEM_DEFINED_TRANSFORMATION('','',#11,#335);
#3597 = PRODUCT_DEFINITION_SHAPE('Placement','Placement of an item',
  #3598);
#3598 = NEXT_ASSEMBLY_USAGE_OCCURRENCE('81','=>[0:1:1:82]','',#5,#3589,$
  );
#3599 = PRODUCT_RELATED_PRODUCT_CATEGORY('part',$,(#3591));
#3600 = ADVANCED_BREP_SHAPE_REPRESENTATION('',(#11,#3601),#3613);
#3601 = MANIFOLD_SOLID_BREP('',#3602);
#3602 = CLOSED_SHELL('',(#3603));
#3603 = ADVANCED_FACE('',(#3604),#3608,.T.);
#3604 = FACE_BOUND('',#3605,.T.);
#3605 = VERTEX_LOOP('',#3606);
#3606 = VERTEX_POINT('',#3607);
#3607 = CARTESIAN_POINT('',(1.255262969126E-17,-3.074507554457E-33,
    -0.205));
#3608 = SPHERICAL_SURFACE('',#3609,0.205);
#3609 = AXIS2_PLACEMENT_3D('',#3610,#3611,#3612);
#3610 = CARTESIAN_POINT('',(0.,0.,0.));
#3611 = DIRECTION('',(0.,0.,1.));
#3612 = DIRECTION('',(1.,0.,-0.));
#3613 = ( GEOMETRIC_REPRESENTATION_CONTEXT(3) 
GLOBAL_UNCERTAINTY_ASSIGNED_CONTEXT((#3617)) 
GLOBAL_UNIT_ASSIGNED_CONTEXT((#3614,#3615,#3616)) REPRESENTATION_CONTEXT
('Context #1','3D Context with UNIT and UNCERTAINTY') );
#3614 = ( LENGTH_UNIT() NAMED_UNIT(*) SI_UNIT(.MILLI.,.METRE.) );
#3615 = ( NAMED_UNIT(*) PLANE_ANGLE_UNIT() SI_UNIT($,.RADIAN.) );
#3616 = ( NAMED_UNIT(*) SI_UNIT($,.STERADIAN.) SOLID_ANGLE_UNIT() );
#3617 = UNCERTAINTY_MEASURE_WITH_UNIT(LENGTH_MEASURE(1.E-07),#3614,
  'distance_accuracy_value','confusion accuracy');
#3618 = SHAPE_DEFINITION_REPRESENTATION(#3619,#3600);
#3619 = PRODUCT_DEFINITION_SHAPE('','',#3620);
#3620 = PRODUCT_DEFINITION('design','',#3621,#3624);
#3621 = PRODUCT_DEFINITION_FORMATION('','',#3622);
#3622 = PRODUCT('F14','F14','',(#3623));
#3623 = PRODUCT_CONTEXT('',#2,'mechanical');
#3624 = PRODUCT_DEFINITION_CONTEXT('part definition',#2,'design');
#3625 = CONTEXT_DEPENDENT_SHAPE_REPRESENTATION(#3626,#3628);
#3626 = ( REPRESENTATION_RELATIONSHIP('','',#3600,#10) 
REPRESENTATION_RELATIONSHIP_WITH_TRANSFORMATION(#3627) 
SHAPE_REPRESENTATION_RELATIONSHIP() );
#3627 = ITEM_DEFINED_TRANSFORMATION('','',#11,#339);
#3628 = PRODUCT_DEFINITION_SHAPE('Placement','Placement of an item',
  #3629);
#3629 = NEXT_ASSEMBLY_USAGE_OCCURRENCE('82','=>[0:1:1:83]','',#5,#3620,$
  );
#3630 = PRODUCT_RELATED_PRODUCT_CATEGORY('part',$,(#3622));
#3631 = ADVANCED_BREP_SHAPE_REPRESENTATION('',(#11,#3632),#3644);
#3632 = MANIFOLD_SOLID_BREP('',#3633);
#3633 = CLOSED_SHELL('',(#3634));
#3634 = ADVANCED_FACE('',(#3635),#3639,.T.);
#3635 = FACE_BOUND('',#3636,.T.);
#3636 = VERTEX_LOOP('',#3637);
#3637 = VERTEX_POINT('',#3638);
#3638 = CARTESIAN_POINT('',(1.255262969126E-17,-3.074507554457E-33,
    -0.205));
#3639 = SPHERICAL_SURFACE('',#3640,0.205);
#3640 = AXIS2_PLACEMENT_3D('',#3641,#3642,#3643);
#3641 = CARTESIAN_POINT('',(0.,0.,0.));
#3642 = DIRECTION('',(0.,0.,1.));
#3643 = DIRECTION('',(1.,0.,-0.));
#3644 = ( GEOMETRIC_REPRESENTATION_CONTEXT(3) 
GLOBAL_UNCERTAINTY_ASSIGNED_CONTEXT((#3648)) 
GLOBAL_UNIT_ASSIGNED_CONTEXT((#3645,#3646,#3647)) REPRESENTATION_CONTEXT
('Context #1','3D Context with UNIT and UNCERTAINTY') );
#3645 = ( LENGTH_UNIT() NAMED_UNIT(*) SI_UNIT(.MILLI.,.METRE.) );
#3646 = ( NAMED_UNIT(*) PLANE_ANGLE_UNIT() SI_UNIT($,.RADIAN.) );
#3647 = ( NAMED_UNIT(*) SI_UNIT($,.STERADIAN.) SOLID_ANGLE_UNIT() );
#3648 = UNCERTAINTY_MEASURE_WITH_UNIT(LENGTH_MEASURE(1.E-07),#3645,
  'distance_accuracy_value','confusion accuracy');
#3649 = SHAPE_DEFINITION_REPRESENTATION(#3650,#3631);
#3650 = PRODUCT_DEFINITION_SHAPE('','',#3651);
#3651 = PRODUCT_DEFINITION('design','',#3652,#3655);
#3652 = PRODUCT_DEFINITION_FORMATION('','',#3653);
#3653 = PRODUCT('F16','F16','',(#3654));
#3654 = PRODUCT_CONTEXT('',#2,'mechanical');
#3655 = PRODUCT_DEFINITION_CONTEXT('part definition',#2,'design');
#3656 = CONTEXT_DEPENDENT_SHAPE_REPRESENTATION(#3657,#3659);
#3657 = ( REPRESENTATION_RELATIONSHIP('','',#3631,#10) 
REPRESENTATION_RELATIONSHIP_WITH_TRANSFORMATION(#3658) 
SHAPE_REPRESENTATION_RELATIONSHIP() );
#3658 = ITEM_DEFINED_TRANSFORMATION('','',#11,#343);
#3659 = PRODUCT_DEFINITION_SHAPE('Placement','Placement of an item',
  #3660);
#3660 = NEXT_ASSEMBLY_USAGE_OCCURRENCE('83','=>[0:1:1:84]','',#5,#3651,$
  );
#3661 = PRODUCT_RELATED_PRODUCT_CATEGORY('part',$,(#3653));
#3662 = ADVANCED_BREP_SHAPE_REPRESENTATION('',(#11,#3663),#3675);
#3663 = MANIFOLD_SOLID_BREP('',#3664);
#3664 = CLOSED_SHELL('',(#3665));
#3665 = ADVANCED_FACE('',(#3666),#3670,.T.);
#3666 = FACE_BOUND('',#3667,.T.);
#3667 = VERTEX_LOOP('',#3668);
#3668 = VERTEX_POINT('',#3669);
#3669 = CARTESIAN_POINT('',(1.255262969126E-17,-3.074507554457E-33,
    -0.205));
#3670 = SPHERICAL_SURFACE('',#3671,0.205);
#3671 = AXIS2_PLACEMENT_3D('',#3672,#3673,#3674);
#3672 = CARTESIAN_POINT('',(0.,0.,0.));
#3673 = DIRECTION('',(0.,0.,1.));
#3674 = DIRECTION('',(1.,0.,-0.));
#3675 = ( GEOMETRIC_REPRESENTATION_CONTEXT(3) 
GLOBAL_UNCERTAINTY_ASSIGNED_CONTEXT((#3679)) 
GLOBAL_UNIT_ASSIGNED_CONTEXT((#3676,#3677,#3678)) REPRESENTATION_CONTEXT
('Context #1','3D Context with UNIT and UNCERTAINTY') );
#3676 = ( LENGTH_UNIT() NAMED_UNIT(*) SI_UNIT(.MILLI.,.METRE.) );
#3677 = ( NAMED_UNIT(*) PLANE_ANGLE_UNIT() SI_UNIT($,.RADIAN.) );
#3678 = ( NAMED_UNIT(*) SI_UNIT($,.STERADIAN.) SOLID_ANGLE_UNIT() );
#3679 = UNCERTAINTY_MEASURE_WITH_UNIT(LENGTH_MEASURE(1.E-07),#3676,
  'distance_accuracy_value','confusion accuracy');
#3680 = SHAPE_DEFINITION_REPRESENTATION(#3681,#3662);
#3681 = PRODUCT_DEFINITION_SHAPE('','',#3682);
#3682 = PRODUCT_DEFINITION('design','',#3683,#3686);
#3683 = PRODUCT_DEFINITION_FORMATION('','',#3684);
#3684 = PRODUCT('F17','F17','',(#3685));
#3685 = PRODUCT_CONTEXT('',#2,'mechanical');
#3686 = PRODUCT_DEFINITION_CONTEXT('part definition',#2,'design');
#3687 = CONTEXT_DEPENDENT_SHAPE_REPRESENTATION(#3688,#3690);
#3688 = ( REPRESENTATION_RELATIONSHIP('','',#3662,#10) 
REPRESENTATION_RELATIONSHIP_WITH_TRANSFORMATION(#3689) 
SHAPE_REPRESENTATION_RELATIONSHIP() );
#3689 = ITEM_DEFINED_TRANSFORMATION('','',#11,#347);
#3690 = PRODUCT_DEFINITION_SHAPE('Placement','Placement of an item',
  #3691);
#3691 = NEXT_ASSEMBLY_USAGE_OCCURRENCE('84','=>[0:1:1:85]','',#5,#3682,$
  );
#3692 = PRODUCT_RELATED_PRODUCT_CATEGORY('part',$,(#3684));
#3693 = ADVANCED_BREP_SHAPE_REPRESENTATION('',(#11,#3694),#3706);
#3694 = MANIFOLD_SOLID_BREP('',#3695);
#3695 = CLOSED_SHELL('',(#3696));
#3696 = ADVANCED_FACE('',(#3697),#3701,.T.);
#3697 = FACE_BOUND('',#3698,.T.);
#3698 = VERTEX_LOOP('',#3699);
#3699 = VERTEX_POINT('',#3700);
#3700 = CARTESIAN_POINT('',(1.255262969126E-17,-3.074507554457E-33,
    -0.205));
#3701 = SPHERICAL_SURFACE('',#3702,0.205);
#3702 = AXIS2_PLACEMENT_3D('',#3703,#3704,#3705);
#3703 = CARTESIAN_POINT('',(0.,0.,0.));
#3704 = DIRECTION('',(0.,0.,1.));
#3705 = DIRECTION('',(1.,0.,-0.));
#3706 = ( GEOMETRIC_REPRESENTATION_CONTEXT(3) 
GLOBAL_UNCERTAINTY_ASSIGNED_CONTEXT((#3710)) 
GLOBAL_UNIT_ASSIGNED_CONTEXT((#3707,#3708,#3709)) REPRESENTATION_CONTEXT
('Context #1','3D Context with UNIT and UNCERTAINTY') );
#3707 = ( LENGTH_UNIT() NAMED_UNIT(*) SI_UNIT(.MILLI.,.METRE.) );
#3708 = ( NAMED_UNIT(*) PLANE_ANGLE_UNIT() SI_UNIT($,.RADIAN.) );
#3709 = ( NAMED_UNIT(*) SI_UNIT($,.STERADIAN.) SOLID_ANGLE_UNIT() );
#3710 = UNCERTAINTY_MEASURE_WITH_UNIT(LENGTH_MEASURE(1.E-07),#3707,
  'distance_accuracy_value','confusion accuracy');
#3711 = SHAPE_DEFINITION_REPRESENTATION(#3712,#3693);
#3712 = PRODUCT_DEFINITION_SHAPE('','',#3713);
#3713 = PRODUCT_DEFINITION('design','',#3714,#3717);
#3714 = PRODUCT_DEFINITION_FORMATION('','',#3715);
#3715 = PRODUCT('F18','F18','',(#3716));
#3716 = PRODUCT_CONTEXT('',#2,'mechanical');
#3717 = PRODUCT_DEFINITION_CONTEXT('part definition',#2,'design');
#3718 = CONTEXT_DEPENDENT_SHAPE_REPRESENTATION(#3719,#3721);
#3719 = ( REPRESENTATION_RELATIONSHIP('','',#3693,#10) 
REPRESENTATION_RELATIONSHIP_WITH_TRANSFORMATION(#3720) 
SHAPE_REPRESENTATION_RELATIONSHIP() );
#3720 = ITEM_DEFINED_TRANSFORMATION('','',#11,#351);
#3721 = PRODUCT_DEFINITION_SHAPE('Placement','Placement of an item',
  #3722);
#3722 = NEXT_ASSEMBLY_USAGE_OCCURRENCE('85','=>[0:1:1:86]','',#5,#3713,$
  );
#3723 = PRODUCT_RELATED_PRODUCT_CATEGORY('part',$,(#3715));
#3724 = ADVANCED_BREP_SHAPE_REPRESENTATION('',(#11,#3725),#3737);
#3725 = MANIFOLD_SOLID_BREP('',#3726);
#3726 = CLOSED_SHELL('',(#3727));
#3727 = ADVANCED_FACE('',(#3728),#3732,.T.);
#3728 = FACE_BOUND('',#3729,.T.);
#3729 = VERTEX_LOOP('',#3730);
#3730 = VERTEX_POINT('',#3731);
#3731 = CARTESIAN_POINT('',(1.255262969126E-17,-3.074507554457E-33,
    -0.205));
#3732 = SPHERICAL_SURFACE('',#3733,0.205);
#3733 = AXIS2_PLACEMENT_3D('',#3734,#3735,#3736);
#3734 = CARTESIAN_POINT('',(0.,0.,0.));
#3735 = DIRECTION('',(0.,0.,1.));
#3736 = DIRECTION('',(1.,0.,-0.));
#3737 = ( GEOMETRIC_REPRESENTATION_CONTEXT(3) 
GLOBAL_UNCERTAINTY_ASSIGNED_CONTEXT((#3741)) 
GLOBAL_UNIT_ASSIGNED_CONTEXT((#3738,#3739,#3740)) REPRESENTATION_CONTEXT
('Context #1','3D Context with UNIT and UNCERTAINTY') );
#3738 = ( LENGTH_UNIT() NAMED_UNIT(*) SI_UNIT(.MILLI.,.METRE.) );
#3739 = ( NAMED_UNIT(*) PLANE_ANGLE_UNIT() SI_UNIT($,.RADIAN.) );
#3740 = ( NAMED_UNIT(*) SI_UNIT($,.STERADIAN.) SOLID_ANGLE_UNIT() );
#3741 = UNCERTAINTY_MEASURE_WITH_UNIT(LENGTH_MEASURE(1.E-07),#3738,
  'distance_accuracy_value','confusion accuracy');
#3742 = SHAPE_DEFINITION_REPRESENTATION(#3743,#3724);
#3743 = PRODUCT_DEFINITION_SHAPE('','',#3744);
#3744 = PRODUCT_DEFINITION('design','',#3745,#3748);
#3745 = PRODUCT_DEFINITION_FORMATION('','',#3746);
#3746 = PRODUCT('G1','G1','',(#3747));
#3747 = PRODUCT_CONTEXT('',#2,'mechanical');
#3748 = PRODUCT_DEFINITION_CONTEXT('part definition',#2,'design');
#3749 = CONTEXT_DEPENDENT_SHAPE_REPRESENTATION(#3750,#3752);
#3750 = ( REPRESENTATION_RELATIONSHIP('','',#3724,#10) 
REPRESENTATION_RELATIONSHIP_WITH_TRANSFORMATION(#3751) 
SHAPE_REPRESENTATION_RELATIONSHIP() );
#3751 = ITEM_DEFINED_TRANSFORMATION('','',#11,#355);
#3752 = PRODUCT_DEFINITION_SHAPE('Placement','Placement of an item',
  #3753);
#3753 = NEXT_ASSEMBLY_USAGE_OCCURRENCE('86','=>[0:1:1:87]','',#5,#3744,$
  );
#3754 = PRODUCT_RELATED_PRODUCT_CATEGORY('part',$,(#3746));
#3755 = ADVANCED_BREP_SHAPE_REPRESENTATION('',(#11,#3756),#3768);
#3756 = MANIFOLD_SOLID_BREP('',#3757);
#3757 = CLOSED_SHELL('',(#3758));
#3758 = ADVANCED_FACE('',(#3759),#3763,.T.);
#3759 = FACE_BOUND('',#3760,.T.);
#3760 = VERTEX_LOOP('',#3761);
#3761 = VERTEX_POINT('',#3762);
#3762 = CARTESIAN_POINT('',(1.255262969126E-17,-3.074507554457E-33,
    -0.205));
#3763 = SPHERICAL_SURFACE('',#3764,0.205);
#3764 = AXIS2_PLACEMENT_3D('',#3765,#3766,#3767);
#3765 = CARTESIAN_POINT('',(0.,0.,0.));
#3766 = DIRECTION('',(0.,0.,1.));
#3767 = DIRECTION('',(1.,0.,-0.));
#3768 = ( GEOMETRIC_REPRESENTATION_CONTEXT(3) 
GLOBAL_UNCERTAINTY_ASSIGNED_CONTEXT((#3772)) 
GLOBAL_UNIT_ASSIGNED_CONTEXT((#3769,#3770,#3771)) REPRESENTATION_CONTEXT
('Context #1','3D Context with UNIT and UNCERTAINTY') );
#3769 = ( LENGTH_UNIT() NAMED_UNIT(*) SI_UNIT(.MILLI.,.METRE.) );
#3770 = ( NAMED_UNIT(*) PLANE_ANGLE_UNIT() SI_UNIT($,.RADIAN.) );
#3771 = ( NAMED_UNIT(*) SI_UNIT($,.STERADIAN.) SOLID_ANGLE_UNIT() );
#3772 = UNCERTAINTY_MEASURE_WITH_UNIT(LENGTH_MEASURE(1.E-07),#3769,
  'distance_accuracy_value','confusion accuracy');
#3773 = SHAPE_DEFINITION_REPRESENTATION(#3774,#3755);
#3774 = PRODUCT_DEFINITION_SHAPE('','',#3775);
#3775 = PRODUCT_DEFINITION('design','',#3776,#3779);
#3776 = PRODUCT_DEFINITION_FORMATION('','',#3777);
#3777 = PRODUCT('G2','G2','',(#3778));
#3778 = PRODUCT_CONTEXT('',#2,'mechanical');
#3779 = PRODUCT_DEFINITION_CONTEXT('part definition',#2,'design');
#3780 = CONTEXT_DEPENDENT_SHAPE_REPRESENTATION(#3781,#3783);
#3781 = ( REPRESENTATION_RELATIONSHIP('','',#3755,#10) 
REPRESENTATION_RELATIONSHIP_WITH_TRANSFORMATION(#3782) 
SHAPE_REPRESENTATION_RELATIONSHIP() );
#3782 = ITEM_DEFINED_TRANSFORMATION('','',#11,#359);
#3783 = PRODUCT_DEFINITION_SHAPE('Placement','Placement of an item',
  #3784);
#3784 = NEXT_ASSEMBLY_USAGE_OCCURRENCE('87','=>[0:1:1:88]','',#5,#3775,$
  );
#3785 = PRODUCT_RELATED_PRODUCT_CATEGORY('part',$,(#3777));
#3786 = ADVANCED_BREP_SHAPE_REPRESENTATION('',(#11,#3787),#3799);
#3787 = MANIFOLD_SOLID_BREP('',#3788);
#3788 = CLOSED_SHELL('',(#3789));
#3789 = ADVANCED_FACE('',(#3790),#3794,.T.);
#3790 = FACE_BOUND('',#3791,.T.);
#3791 = VERTEX_LOOP('',#3792);
#3792 = VERTEX_POINT('',#3793);
#3793 = CARTESIAN_POINT('',(1.255262969126E-17,-3.074507554457E-33,
    -0.205));
#3794 = SPHERICAL_SURFACE('',#3795,0.205);
#3795 = AXIS2_PLACEMENT_3D('',#3796,#3797,#3798);
#3796 = CARTESIAN_POINT('',(0.,0.,0.));
#3797 = DIRECTION('',(0.,0.,1.));
#3798 = DIRECTION('',(1.,0.,-0.));
#3799 = ( GEOMETRIC_REPRESENTATION_CONTEXT(3) 
GLOBAL_UNCERTAINTY_ASSIGNED_CONTEXT((#3803)) 
GLOBAL_UNIT_ASSIGNED_CONTEXT((#3800,#3801,#3802)) REPRESENTATION_CONTEXT
('Context #1','3D Context with UNIT and UNCERTAINTY') );
#3800 = ( LENGTH_UNIT() NAMED_UNIT(*) SI_UNIT(.MILLI.,.METRE.) );
#3801 = ( NAMED_UNIT(*) PLANE_ANGLE_UNIT() SI_UNIT($,.RADIAN.) );
#3802 = ( NAMED_UNIT(*) SI_UNIT($,.STERADIAN.) SOLID_ANGLE_UNIT() );
#3803 = UNCERTAINTY_MEASURE_WITH_UNIT(LENGTH_MEASURE(1.E-07),#3800,
  'distance_accuracy_value','confusion accuracy');
#3804 = SHAPE_DEFINITION_REPRESENTATION(#3805,#3786);
#3805 = PRODUCT_DEFINITION_SHAPE('','',#3806);
#3806 = PRODUCT_DEFINITION('design','',#3807,#3810);
#3807 = PRODUCT_DEFINITION_FORMATION('','',#3808);
#3808 = PRODUCT('G3','G3','',(#3809));
#3809 = PRODUCT_CONTEXT('',#2,'mechanical');
#3810 = PRODUCT_DEFINITION_CONTEXT('part definition',#2,'design');
#3811 = CONTEXT_DEPENDENT_SHAPE_REPRESENTATION(#3812,#3814);
#3812 = ( REPRESENTATION_RELATIONSHIP('','',#3786,#10) 
REPRESENTATION_RELATIONSHIP_WITH_TRANSFORMATION(#3813) 
SHAPE_REPRESENTATION_RELATIONSHIP() );
#3813 = ITEM_DEFINED_TRANSFORMATION('','',#11,#363);
#3814 = PRODUCT_DEFINITION_SHAPE('Placement','Placement of an item',
  #3815);
#3815 = NEXT_ASSEMBLY_USAGE_OCCURRENCE('88','=>[0:1:1:89]','',#5,#3806,$
  );
#3816 = PRODUCT_RELATED_PRODUCT_CATEGORY('part',$,(#3808));
#3817 = ADVANCED_BREP_SHAPE_REPRESENTATION('',(#11,#3818),#3830);
#3818 = MANIFOLD_SOLID_BREP('',#3819);
#3819 = CLOSED_SHELL('',(#3820));
#3820 = ADVANCED_FACE('',(#3821),#3825,.T.);
#3821 = FACE_BOUND('',#3822,.T.);
#3822 = VERTEX_LOOP('',#3823);
#3823 = VERTEX_POINT('',#3824);
#3824 = CARTESIAN_POINT('',(1.255262969126E-17,-3.074507554457E-33,
    -0.205));
#3825 = SPHERICAL_SURFACE('',#3826,0.205);
#3826 = AXIS2_PLACEMENT_3D('',#3827,#3828,#3829);
#3827 = CARTESIAN_POINT('',(0.,0.,0.));
#3828 = DIRECTION('',(0.,0.,1.));
#3829 = DIRECTION('',(1.,0.,-0.));
#3830 = ( GEOMETRIC_REPRESENTATION_CONTEXT(3) 
GLOBAL_UNCERTAINTY_ASSIGNED_CONTEXT((#3834)) 
GLOBAL_UNIT_ASSIGNED_CONTEXT((#3831,#3832,#3833)) REPRESENTATION_CONTEXT
('Context #1','3D Context with UNIT and UNCERTAINTY') );
#3831 = ( LENGTH_UNIT() NAMED_UNIT(*) SI_UNIT(.MILLI.,.METRE.) );
#3832 = ( NAMED_UNIT(*) PLANE_ANGLE_UNIT() SI_UNIT($,.RADIAN.) );
#3833 = ( NAMED_UNIT(*) SI_UNIT($,.STERADIAN.) SOLID_ANGLE_UNIT() );
#3834 = UNCERTAINTY_MEASURE_WITH_UNIT(LENGTH_MEASURE(1.E-07),#3831,
  'distance_accuracy_value','confusion accuracy');
#3835 = SHAPE_DEFINITION_REPRESENTATION(#3836,#3817);
#3836 = PRODUCT_DEFINITION_SHAPE('','',#3837);
#3837 = PRODUCT_DEFINITION('design','',#3838,#3841);
#3838 = PRODUCT_DEFINITION_FORMATION('','',#3839);
#3839 = PRODUCT('G4','G4','',(#3840));
#3840 = PRODUCT_CONTEXT('',#2,'mechanical');
#3841 = PRODUCT_DEFINITION_CONTEXT('part definition',#2,'design');
#3842 = CONTEXT_DEPENDENT_SHAPE_REPRESENTATION(#3843,#3845);
#3843 = ( REPRESENTATION_RELATIONSHIP('','',#3817,#10) 
REPRESENTATION_RELATIONSHIP_WITH_TRANSFORMATION(#3844) 
SHAPE_REPRESENTATION_RELATIONSHIP() );
#3844 = ITEM_DEFINED_TRANSFORMATION('','',#11,#367);
#3845 = PRODUCT_DEFINITION_SHAPE('Placement','Placement of an item',
  #3846);
#3846 = NEXT_ASSEMBLY_USAGE_OCCURRENCE('89','=>[0:1:1:90]','',#5,#3837,$
  );
#3847 = PRODUCT_RELATED_PRODUCT_CATEGORY('part',$,(#3839));
#3848 = ADVANCED_BREP_SHAPE_REPRESENTATION('',(#11,#3849),#3861);
#3849 = MANIFOLD_SOLID_BREP('',#3850);
#3850 = CLOSED_SHELL('',(#3851));
#3851 = ADVANCED_FACE('',(#3852),#3856,.T.);
#3852 = FACE_BOUND('',#3853,.T.);
#3853 = VERTEX_LOOP('',#3854);
#3854 = VERTEX_POINT('',#3855);
#3855 = CARTESIAN_POINT('',(1.255262969126E-17,-3.074507554457E-33,
    -0.205));
#3856 = SPHERICAL_SURFACE('',#3857,0.205);
#3857 = AXIS2_PLACEMENT_3D('',#3858,#3859,#3860);
#3858 = CARTESIAN_POINT('',(0.,0.,0.));
#3859 = DIRECTION('',(0.,0.,1.));
#3860 = DIRECTION('',(1.,0.,-0.));
#3861 = ( GEOMETRIC_REPRESENTATION_CONTEXT(3) 
GLOBAL_UNCERTAINTY_ASSIGNED_CONTEXT((#3865)) 
GLOBAL_UNIT_ASSIGNED_CONTEXT((#3862,#3863,#3864)) REPRESENTATION_CONTEXT
('Context #1','3D Context with UNIT and UNCERTAINTY') );
#3862 = ( LENGTH_UNIT() NAMED_UNIT(*) SI_UNIT(.MILLI.,.METRE.) );
#3863 = ( NAMED_UNIT(*) PLANE_ANGLE_UNIT() SI_UNIT($,.RADIAN.) );
#3864 = ( NAMED_UNIT(*) SI_UNIT($,.STERADIAN.) SOLID_ANGLE_UNIT() );
#3865 = UNCERTAINTY_MEASURE_WITH_UNIT(LENGTH_MEASURE(1.E-07),#3862,
  'distance_accuracy_value','confusion accuracy');
#3866 = SHAPE_DEFINITION_REPRESENTATION(#3867,#3848);
#3867 = PRODUCT_DEFINITION_SHAPE('','',#3868);
#3868 = PRODUCT_DEFINITION('design','',#3869,#3872);
#3869 = PRODUCT_DEFINITION_FORMATION('','',#3870);
#3870 = PRODUCT('G6','G6','',(#3871));
#3871 = PRODUCT_CONTEXT('',#2,'mechanical');
#3872 = PRODUCT_DEFINITION_CONTEXT('part definition',#2,'design');
#3873 = CONTEXT_DEPENDENT_SHAPE_REPRESENTATION(#3874,#3876);
#3874 = ( REPRESENTATION_RELATIONSHIP('','',#3848,#10) 
REPRESENTATION_RELATIONSHIP_WITH_TRANSFORMATION(#3875) 
SHAPE_REPRESENTATION_RELATIONSHIP() );
#3875 = ITEM_DEFINED_TRANSFORMATION('','',#11,#371);
#3876 = PRODUCT_DEFINITION_SHAPE('Placement','Placement of an item',
  #3877);
#3877 = NEXT_ASSEMBLY_USAGE_OCCURRENCE('90','=>[0:1:1:91]','',#5,#3868,$
  );
#3878 = PRODUCT_RELATED_PRODUCT_CATEGORY('part',$,(#3870));
#3879 = ADVANCED_BREP_SHAPE_REPRESENTATION('',(#11,#3880),#3892);
#3880 = MANIFOLD_SOLID_BREP('',#3881);
#3881 = CLOSED_SHELL('',(#3882));
#3882 = ADVANCED_FACE('',(#3883),#3887,.T.);
#3883 = FACE_BOUND('',#3884,.T.);
#3884 = VERTEX_LOOP('',#3885);
#3885 = VERTEX_POINT('',#3886);
#3886 = CARTESIAN_POINT('',(1.255262969126E-17,-3.074507554457E-33,
    -0.205));
#3887 = SPHERICAL_SURFACE('',#3888,0.205);
#3888 = AXIS2_PLACEMENT_3D('',#3889,#3890,#3891);
#3889 = CARTESIAN_POINT('',(0.,0.,0.));
#3890 = DIRECTION('',(0.,0.,1.));
#3891 = DIRECTION('',(1.,0.,-0.));
#3892 = ( GEOMETRIC_REPRESENTATION_CONTEXT(3) 
GLOBAL_UNCERTAINTY_ASSIGNED_CONTEXT((#3896)) 
GLOBAL_UNIT_ASSIGNED_CONTEXT((#3893,#3894,#3895)) REPRESENTATION_CONTEXT
('Context #1','3D Context with UNIT and UNCERTAINTY') );
#3893 = ( LENGTH_UNIT() NAMED_UNIT(*) SI_UNIT(.MILLI.,.METRE.) );
#3894 = ( NAMED_UNIT(*) PLANE_ANGLE_UNIT() SI_UNIT($,.RADIAN.) );
#3895 = ( NAMED_UNIT(*) SI_UNIT($,.STERADIAN.) SOLID_ANGLE_UNIT() );
#3896 = UNCERTAINTY_MEASURE_WITH_UNIT(LENGTH_MEASURE(1.E-07),#3893,
  'distance_accuracy_value','confusion accuracy');
#3897 = SHAPE_DEFINITION_REPRESENTATION(#3898,#3879);
#3898 = PRODUCT_DEFINITION_SHAPE('','',#3899);
#3899 = PRODUCT_DEFINITION('design','',#3900,#3903);
#3900 = PRODUCT_DEFINITION_FORMATION('','',#3901);
#3901 = PRODUCT('G7','G7','',(#3902));
#3902 = PRODUCT_CONTEXT('',#2,'mechanical');
#3903 = PRODUCT_DEFINITION_CONTEXT('part definition',#2,'design');
#3904 = CONTEXT_DEPENDENT_SHAPE_REPRESENTATION(#3905,#3907);
#3905 = ( REPRESENTATION_RELATIONSHIP('','',#3879,#10) 
REPRESENTATION_RELATIONSHIP_WITH_TRANSFORMATION(#3906) 
SHAPE_REPRESENTATION_RELATIONSHIP() );
#3906 = ITEM_DEFINED_TRANSFORMATION('','',#11,#375);
#3907 = PRODUCT_DEFINITION_SHAPE('Placement','Placement of an item',
  #3908);
#3908 = NEXT_ASSEMBLY_USAGE_OCCURRENCE('91','=>[0:1:1:92]','',#5,#3899,$
  );
#3909 = PRODUCT_RELATED_PRODUCT_CATEGORY('part',$,(#3901));
#3910 = ADVANCED_BREP_SHAPE_REPRESENTATION('',(#11,#3911),#3923);
#3911 = MANIFOLD_SOLID_BREP('',#3912);
#3912 = CLOSED_SHELL('',(#3913));
#3913 = ADVANCED_FACE('',(#3914),#3918,.T.);
#3914 = FACE_BOUND('',#3915,.T.);
#3915 = VERTEX_LOOP('',#3916);
#3916 = VERTEX_POINT('',#3917);
#3917 = CARTESIAN_POINT('',(1.255262969126E-17,-3.074507554457E-33,
    -0.205));
#3918 = SPHERICAL_SURFACE('',#3919,0.205);
#3919 = AXIS2_PLACEMENT_3D('',#3920,#3921,#3922);
#3920 = CARTESIAN_POINT('',(0.,0.,0.));
#3921 = DIRECTION('',(0.,0.,1.));
#3922 = DIRECTION('',(1.,0.,-0.));
#3923 = ( GEOMETRIC_REPRESENTATION_CONTEXT(3) 
GLOBAL_UNCERTAINTY_ASSIGNED_CONTEXT((#3927)) 
GLOBAL_UNIT_ASSIGNED_CONTEXT((#3924,#3925,#3926)) REPRESENTATION_CONTEXT
('Context #1','3D Context with UNIT and UNCERTAINTY') );
#3924 = ( LENGTH_UNIT() NAMED_UNIT(*) SI_UNIT(.MILLI.,.METRE.) );
#3925 = ( NAMED_UNIT(*) PLANE_ANGLE_UNIT() SI_UNIT($,.RADIAN.) );
#3926 = ( NAMED_UNIT(*) SI_UNIT($,.STERADIAN.) SOLID_ANGLE_UNIT() );
#3927 = UNCERTAINTY_MEASURE_WITH_UNIT(LENGTH_MEASURE(1.E-07),#3924,
  'distance_accuracy_value','confusion accuracy');
#3928 = SHAPE_DEFINITION_REPRESENTATION(#3929,#3910);
#3929 = PRODUCT_DEFINITION_SHAPE('','',#3930);
#3930 = PRODUCT_DEFINITION('design','',#3931,#3934);
#3931 = PRODUCT_DEFINITION_FORMATION('','',#3932);
#3932 = PRODUCT('G8','G8','',(#3933));
#3933 = PRODUCT_CONTEXT('',#2,'mechanical');
#3934 = PRODUCT_DEFINITION_CONTEXT('part definition',#2,'design');
#3935 = CONTEXT_DEPENDENT_SHAPE_REPRESENTATION(#3936,#3938);
#3936 = ( REPRESENTATION_RELATIONSHIP('','',#3910,#10) 
REPRESENTATION_RELATIONSHIP_WITH_TRANSFORMATION(#3937) 
SHAPE_REPRESENTATION_RELATIONSHIP() );
#3937 = ITEM_DEFINED_TRANSFORMATION('','',#11,#379);
#3938 = PRODUCT_DEFINITION_SHAPE('Placement','Placement of an item',
  #3939);
#3939 = NEXT_ASSEMBLY_USAGE_OCCURRENCE('92','=>[0:1:1:93]','',#5,#3930,$
  );
#3940 = PRODUCT_RELATED_PRODUCT_CATEGORY('part',$,(#3932));
#3941 = ADVANCED_BREP_SHAPE_REPRESENTATION('',(#11,#3942),#3954);
#3942 = MANIFOLD_SOLID_BREP('',#3943);
#3943 = CLOSED_SHELL('',(#3944));
#3944 = ADVANCED_FACE('',(#3945),#3949,.T.);
#3945 = FACE_BOUND('',#3946,.T.);
#3946 = VERTEX_LOOP('',#3947);
#3947 = VERTEX_POINT('',#3948);
#3948 = CARTESIAN_POINT('',(1.255262969126E-17,-3.074507554457E-33,
    -0.205));
#3949 = SPHERICAL_SURFACE('',#3950,0.205);
#3950 = AXIS2_PLACEMENT_3D('',#3951,#3952,#3953);
#3951 = CARTESIAN_POINT('',(0.,0.,0.));
#3952 = DIRECTION('',(0.,0.,1.));
#3953 = DIRECTION('',(1.,0.,-0.));
#3954 = ( GEOMETRIC_REPRESENTATION_CONTEXT(3) 
GLOBAL_UNCERTAINTY_ASSIGNED_CONTEXT((#3958)) 
GLOBAL_UNIT_ASSIGNED_CONTEXT((#3955,#3956,#3957)) REPRESENTATION_CONTEXT
('Context #1','3D Context with UNIT and UNCERTAINTY') );
#3955 = ( LENGTH_UNIT() NAMED_UNIT(*) SI_UNIT(.MILLI.,.METRE.) );
#3956 = ( NAMED_UNIT(*) PLANE_ANGLE_UNIT() SI_UNIT($,.RADIAN.) );
#3957 = ( NAMED_UNIT(*) SI_UNIT($,.STERADIAN.) SOLID_ANGLE_UNIT() );
#3958 = UNCERTAINTY_MEASURE_WITH_UNIT(LENGTH_MEASURE(1.E-07),#3955,
  'distance_accuracy_value','confusion accuracy');
#3959 = SHAPE_DEFINITION_REPRESENTATION(#3960,#3941);
#3960 = PRODUCT_DEFINITION_SHAPE('','',#3961);
#3961 = PRODUCT_DEFINITION('design','',#3962,#3965);
#3962 = PRODUCT_DEFINITION_FORMATION('','',#3963);
#3963 = PRODUCT('G9','G9','',(#3964));
#3964 = PRODUCT_CONTEXT('',#2,'mechanical');
#3965 = PRODUCT_DEFINITION_CONTEXT('part definition',#2,'design');
#3966 = CONTEXT_DEPENDENT_SHAPE_REPRESENTATION(#3967,#3969);
#3967 = ( REPRESENTATION_RELATIONSHIP('','',#3941,#10) 
REPRESENTATION_RELATIONSHIP_WITH_TRANSFORMATION(#3968) 
SHAPE_REPRESENTATION_RELATIONSHIP() );
#3968 = ITEM_DEFINED_TRANSFORMATION('','',#11,#383);
#3969 = PRODUCT_DEFINITION_SHAPE('Placement','Placement of an item',
  #3970);
#3970 = NEXT_ASSEMBLY_USAGE_OCCURRENCE('93','=>[0:1:1:94]','',#5,#3961,$
  );
#3971 = PRODUCT_RELATED_PRODUCT_CATEGORY('part',$,(#3963));
#3972 = ADVANCED_BREP_SHAPE_REPRESENTATION('',(#11,#3973),#3985);
#3973 = MANIFOLD_SOLID_BREP('',#3974);
#3974 = CLOSED_SHELL('',(#3975));
#3975 = ADVANCED_FACE('',(#3976),#3980,.T.);
#3976 = FACE_BOUND('',#3977,.T.);
#3977 = VERTEX_LOOP('',#3978);
#3978 = VERTEX_POINT('',#3979);
#3979 = CARTESIAN_POINT('',(1.255262969126E-17,-3.074507554457E-33,
    -0.205));
#3980 = SPHERICAL_SURFACE('',#3981,0.205);
#3981 = AXIS2_PLACEMENT_3D('',#3982,#3983,#3984);
#3982 = CARTESIAN_POINT('',(0.,0.,0.));
#3983 = DIRECTION('',(0.,0.,1.));
#3984 = DIRECTION('',(1.,0.,-0.));
#3985 = ( GEOMETRIC_REPRESENTATION_CONTEXT(3) 
GLOBAL_UNCERTAINTY_ASSIGNED_CONTEXT((#3989)) 
GLOBAL_UNIT_ASSIGNED_CONTEXT((#3986,#3987,#3988)) REPRESENTATION_CONTEXT
('Context #1','3D Context with UNIT and UNCERTAINTY') );
#3986 = ( LENGTH_UNIT() NAMED_UNIT(*) SI_UNIT(.MILLI.,.METRE.) );
#3987 = ( NAMED_UNIT(*) PLANE_ANGLE_UNIT() SI_UNIT($,.RADIAN.) );
#3988 = ( NAMED_UNIT(*) SI_UNIT($,.STERADIAN.) SOLID_ANGLE_UNIT() );
#3989 = UNCERTAINTY_MEASURE_WITH_UNIT(LENGTH_MEASURE(1.E-07),#3986,
  'distance_accuracy_value','confusion accuracy');
#3990 = SHAPE_DEFINITION_REPRESENTATION(#3991,#3972);
#3991 = PRODUCT_DEFINITION_SHAPE('','',#3992);
#3992 = PRODUCT_DEFINITION('design','',#3993,#3996);
#3993 = PRODUCT_DEFINITION_FORMATION('','',#3994);
#3994 = PRODUCT('G10','G10','',(#3995));
#3995 = PRODUCT_CONTEXT('',#2,'mechanical');
#3996 = PRODUCT_DEFINITION_CONTEXT('part definition',#2,'design');
#3997 = CONTEXT_DEPENDENT_SHAPE_REPRESENTATION(#3998,#4000);
#3998 = ( REPRESENTATION_RELATIONSHIP('','',#3972,#10) 
REPRESENTATION_RELATIONSHIP_WITH_TRANSFORMATION(#3999) 
SHAPE_REPRESENTATION_RELATIONSHIP() );
#3999 = ITEM_DEFINED_TRANSFORMATION('','',#11,#387);
#4000 = PRODUCT_DEFINITION_SHAPE('Placement','Placement of an item',
  #4001);
#4001 = NEXT_ASSEMBLY_USAGE_OCCURRENCE('94','=>[0:1:1:95]','',#5,#3992,$
  );
#4002 = PRODUCT_RELATED_PRODUCT_CATEGORY('part',$,(#3994));
#4003 = ADVANCED_BREP_SHAPE_REPRESENTATION('',(#11,#4004),#4016);
#4004 = MANIFOLD_SOLID_BREP('',#4005);
#4005 = CLOSED_SHELL('',(#4006));
#4006 = ADVANCED_FACE('',(#4007),#4011,.T.);
#4007 = FACE_BOUND('',#4008,.T.);
#4008 = VERTEX_LOOP('',#4009);
#4009 = VERTEX_POINT('',#4010);
#4010 = CARTESIAN_POINT('',(1.255262969126E-17,-3.074507554457E-33,
    -0.205));
#4011 = SPHERICAL_SURFACE('',#4012,0.205);
#4012 = AXIS2_PLACEMENT_3D('',#4013,#4014,#4015);
#4013 = CARTESIAN_POINT('',(0.,0.,0.));
#4014 = DIRECTION('',(0.,0.,1.));
#4015 = DIRECTION('',(1.,0.,-0.));
#4016 = ( GEOMETRIC_REPRESENTATION_CONTEXT(3) 
GLOBAL_UNCERTAINTY_ASSIGNED_CONTEXT((#4020)) 
GLOBAL_UNIT_ASSIGNED_CONTEXT((#4017,#4018,#4019)) REPRESENTATION_CONTEXT
('Context #1','3D Context with UNIT and UNCERTAINTY') );
#4017 = ( LENGTH_UNIT() NAMED_UNIT(*) SI_UNIT(.MILLI.,.METRE.) );
#4018 = ( NAMED_UNIT(*) PLANE_ANGLE_UNIT() SI_UNIT($,.RADIAN.) );
#4019 = ( NAMED_UNIT(*) SI_UNIT($,.STERADIAN.) SOLID_ANGLE_UNIT() );
#4020 = UNCERTAINTY_MEASURE_WITH_UNIT(LENGTH_MEASURE(1.E-07),#4017,
  'distance_accuracy_value','confusion accuracy');
#4021 = SHAPE_DEFINITION_REPRESENTATION(#4022,#4003);
#4022 = PRODUCT_DEFINITION_SHAPE('','',#4023);
#4023 = PRODUCT_DEFINITION('design','',#4024,#4027);
#4024 = PRODUCT_DEFINITION_FORMATION('','',#4025);
#4025 = PRODUCT('G11','G11','',(#4026));
#4026 = PRODUCT_CONTEXT('',#2,'mechanical');
#4027 = PRODUCT_DEFINITION_CONTEXT('part definition',#2,'design');
#4028 = CONTEXT_DEPENDENT_SHAPE_REPRESENTATION(#4029,#4031);
#4029 = ( REPRESENTATION_RELATIONSHIP('','',#4003,#10) 
REPRESENTATION_RELATIONSHIP_WITH_TRANSFORMATION(#4030) 
SHAPE_REPRESENTATION_RELATIONSHIP() );
#4030 = ITEM_DEFINED_TRANSFORMATION('','',#11,#391);
#4031 = PRODUCT_DEFINITION_SHAPE('Placement','Placement of an item',
  #4032);
#4032 = NEXT_ASSEMBLY_USAGE_OCCURRENCE('95','=>[0:1:1:96]','',#5,#4023,$
  );
#4033 = PRODUCT_RELATED_PRODUCT_CATEGORY('part',$,(#4025));
#4034 = ADVANCED_BREP_SHAPE_REPRESENTATION('',(#11,#4035),#4047);
#4035 = MANIFOLD_SOLID_BREP('',#4036);
#4036 = CLOSED_SHELL('',(#4037));
#4037 = ADVANCED_FACE('',(#4038),#4042,.T.);
#4038 = FACE_BOUND('',#4039,.T.);
#4039 = VERTEX_LOOP('',#4040);
#4040 = VERTEX_POINT('',#4041);
#4041 = CARTESIAN_POINT('',(1.255262969126E-17,-3.074507554457E-33,
    -0.205));
#4042 = SPHERICAL_SURFACE('',#4043,0.205);
#4043 = AXIS2_PLACEMENT_3D('',#4044,#4045,#4046);
#4044 = CARTESIAN_POINT('',(0.,0.,0.));
#4045 = DIRECTION('',(0.,0.,1.));
#4046 = DIRECTION('',(1.,0.,-0.));
#4047 = ( GEOMETRIC_REPRESENTATION_CONTEXT(3) 
GLOBAL_UNCERTAINTY_ASSIGNED_CONTEXT((#4051)) 
GLOBAL_UNIT_ASSIGNED_CONTEXT((#4048,#4049,#4050)) REPRESENTATION_CONTEXT
('Context #1','3D Context with UNIT and UNCERTAINTY') );
#4048 = ( LENGTH_UNIT() NAMED_UNIT(*) SI_UNIT(.MILLI.,.METRE.) );
#4049 = ( NAMED_UNIT(*) PLANE_ANGLE_UNIT() SI_UNIT($,.RADIAN.) );
#4050 = ( NAMED_UNIT(*) SI_UNIT($,.STERADIAN.) SOLID_ANGLE_UNIT() );
#4051 = UNCERTAINTY_MEASURE_WITH_UNIT(LENGTH_MEASURE(1.E-07),#4048,
  'distance_accuracy_value','confusion accuracy');
#4052 = SHAPE_DEFINITION_REPRESENTATION(#4053,#4034);
#4053 = PRODUCT_DEFINITION_SHAPE('','',#4054);
#4054 = PRODUCT_DEFINITION('design','',#4055,#4058);
#4055 = PRODUCT_DEFINITION_FORMATION('','',#4056);
#4056 = PRODUCT('G12','G12','',(#4057));
#4057 = PRODUCT_CONTEXT('',#2,'mechanical');
#4058 = PRODUCT_DEFINITION_CONTEXT('part definition',#2,'design');
#4059 = CONTEXT_DEPENDENT_SHAPE_REPRESENTATION(#4060,#4062);
#4060 = ( REPRESENTATION_RELATIONSHIP('','',#4034,#10) 
REPRESENTATION_RELATIONSHIP_WITH_TRANSFORMATION(#4061) 
SHAPE_REPRESENTATION_RELATIONSHIP() );
#4061 = ITEM_DEFINED_TRANSFORMATION('','',#11,#395);
#4062 = PRODUCT_DEFINITION_SHAPE('Placement','Placement of an item',
  #4063);
#4063 = NEXT_ASSEMBLY_USAGE_OCCURRENCE('96','=>[0:1:1:97]','',#5,#4054,$
  );
#4064 = PRODUCT_RELATED_PRODUCT_CATEGORY('part',$,(#4056));
#4065 = ADVANCED_BREP_SHAPE_REPRESENTATION('',(#11,#4066),#4078);
#4066 = MANIFOLD_SOLID_BREP('',#4067);
#4067 = CLOSED_SHELL('',(#4068));
#4068 = ADVANCED_FACE('',(#4069),#4073,.T.);
#4069 = FACE_BOUND('',#4070,.T.);
#4070 = VERTEX_LOOP('',#4071);
#4071 = VERTEX_POINT('',#4072);
#4072 = CARTESIAN_POINT('',(1.255262969126E-17,-3.074507554457E-33,
    -0.205));
#4073 = SPHERICAL_SURFACE('',#4074,0.205);
#4074 = AXIS2_PLACEMENT_3D('',#4075,#4076,#4077);
#4075 = CARTESIAN_POINT('',(0.,0.,0.));
#4076 = DIRECTION('',(0.,0.,1.));
#4077 = DIRECTION('',(1.,0.,-0.));
#4078 = ( GEOMETRIC_REPRESENTATION_CONTEXT(3) 
GLOBAL_UNCERTAINTY_ASSIGNED_CONTEXT((#4082)) 
GLOBAL_UNIT_ASSIGNED_CONTEXT((#4079,#4080,#4081)) REPRESENTATION_CONTEXT
('Context #1','3D Context with UNIT and UNCERTAINTY') );
#4079 = ( LENGTH_UNIT() NAMED_UNIT(*) SI_UNIT(.MILLI.,.METRE.) );
#4080 = ( NAMED_UNIT(*) PLANE_ANGLE_UNIT() SI_UNIT($,.RADIAN.) );
#4081 = ( NAMED_UNIT(*) SI_UNIT($,.STERADIAN.) SOLID_ANGLE_UNIT() );
#4082 = UNCERTAINTY_MEASURE_WITH_UNIT(LENGTH_MEASURE(1.E-07),#4079,
  'distance_accuracy_value','confusion accuracy');
#4083 = SHAPE_DEFINITION_REPRESENTATION(#4084,#4065);
#4084 = PRODUCT_DEFINITION_SHAPE('','',#4085);
#4085 = PRODUCT_DEFINITION('design','',#4086,#4089);
#4086 = PRODUCT_DEFINITION_FORMATION('','',#4087);
#4087 = PRODUCT('G13','G13','',(#4088));
#4088 = PRODUCT_CONTEXT('',#2,'mechanical');
#4089 = PRODUCT_DEFINITION_CONTEXT('part definition',#2,'design');
#4090 = CONTEXT_DEPENDENT_SHAPE_REPRESENTATION(#4091,#4093);
#4091 = ( REPRESENTATION_RELATIONSHIP('','',#4065,#10) 
REPRESENTATION_RELATIONSHIP_WITH_TRANSFORMATION(#4092) 
SHAPE_REPRESENTATION_RELATIONSHIP() );
#4092 = ITEM_DEFINED_TRANSFORMATION('','',#11,#399);
#4093 = PRODUCT_DEFINITION_SHAPE('Placement','Placement of an item',
  #4094);
#4094 = NEXT_ASSEMBLY_USAGE_OCCURRENCE('97','=>[0:1:1:98]','',#5,#4085,$
  );
#4095 = PRODUCT_RELATED_PRODUCT_CATEGORY('part',$,(#4087));
#4096 = ADVANCED_BREP_SHAPE_REPRESENTATION('',(#11,#4097),#4109);
#4097 = MANIFOLD_SOLID_BREP('',#4098);
#4098 = CLOSED_SHELL('',(#4099));
#4099 = ADVANCED_FACE('',(#4100),#4104,.T.);
#4100 = FACE_BOUND('',#4101,.T.);
#4101 = VERTEX_LOOP('',#4102);
#4102 = VERTEX_POINT('',#4103);
#4103 = CARTESIAN_POINT('',(1.255262969126E-17,-3.074507554457E-33,
    -0.205));
#4104 = SPHERICAL_SURFACE('',#4105,0.205);
#4105 = AXIS2_PLACEMENT_3D('',#4106,#4107,#4108);
#4106 = CARTESIAN_POINT('',(0.,0.,0.));
#4107 = DIRECTION('',(0.,0.,1.));
#4108 = DIRECTION('',(1.,0.,-0.));
#4109 = ( GEOMETRIC_REPRESENTATION_CONTEXT(3) 
GLOBAL_UNCERTAINTY_ASSIGNED_CONTEXT((#4113)) 
GLOBAL_UNIT_ASSIGNED_CONTEXT((#4110,#4111,#4112)) REPRESENTATION_CONTEXT
('Context #1','3D Context with UNIT and UNCERTAINTY') );
#4110 = ( LENGTH_UNIT() NAMED_UNIT(*) SI_UNIT(.MILLI.,.METRE.) );
#4111 = ( NAMED_UNIT(*) PLANE_ANGLE_UNIT() SI_UNIT($,.RADIAN.) );
#4112 = ( NAMED_UNIT(*) SI_UNIT($,.STERADIAN.) SOLID_ANGLE_UNIT() );
#4113 = UNCERTAINTY_MEASURE_WITH_UNIT(LENGTH_MEASURE(1.E-07),#4110,
  'distance_accuracy_value','confusion accuracy');
#4114 = SHAPE_DEFINITION_REPRESENTATION(#4115,#4096);
#4115 = PRODUCT_DEFINITION_SHAPE('','',#4116);
#4116 = PRODUCT_DEFINITION('design','',#4117,#4120);
#4117 = PRODUCT_DEFINITION_FORMATION('','',#4118);
#4118 = PRODUCT('G14','G14','',(#4119));
#4119 = PRODUCT_CONTEXT('',#2,'mechanical');
#4120 = PRODUCT_DEFINITION_CONTEXT('part definition',#2,'design');
#4121 = CONTEXT_DEPENDENT_SHAPE_REPRESENTATION(#4122,#4124);
#4122 = ( REPRESENTATION_RELATIONSHIP('','',#4096,#10) 
REPRESENTATION_RELATIONSHIP_WITH_TRANSFORMATION(#4123) 
SHAPE_REPRESENTATION_RELATIONSHIP() );
#4123 = ITEM_DEFINED_TRANSFORMATION('','',#11,#403);
#4124 = PRODUCT_DEFINITION_SHAPE('Placement','Placement of an item',
  #4125);
#4125 = NEXT_ASSEMBLY_USAGE_OCCURRENCE('98','=>[0:1:1:99]','',#5,#4116,$
  );
#4126 = PRODUCT_RELATED_PRODUCT_CATEGORY('part',$,(#4118));
#4127 = ADVANCED_BREP_SHAPE_REPRESENTATION('',(#11,#4128),#4140);
#4128 = MANIFOLD_SOLID_BREP('',#4129);
#4129 = CLOSED_SHELL('',(#4130));
#4130 = ADVANCED_FACE('',(#4131),#4135,.T.);
#4131 = FACE_BOUND('',#4132,.T.);
#4132 = VERTEX_LOOP('',#4133);
#4133 = VERTEX_POINT('',#4134);
#4134 = CARTESIAN_POINT('',(1.255262969126E-17,-3.074507554457E-33,
    -0.205));
#4135 = SPHERICAL_SURFACE('',#4136,0.205);
#4136 = AXIS2_PLACEMENT_3D('',#4137,#4138,#4139);
#4137 = CARTESIAN_POINT('',(0.,0.,0.));
#4138 = DIRECTION('',(0.,0.,1.));
#4139 = DIRECTION('',(1.,0.,-0.));
#4140 = ( GEOMETRIC_REPRESENTATION_CONTEXT(3) 
GLOBAL_UNCERTAINTY_ASSIGNED_CONTEXT((#4144)) 
GLOBAL_UNIT_ASSIGNED_CONTEXT((#4141,#4142,#4143)) REPRESENTATION_CONTEXT
('Context #1','3D Context with UNIT and UNCERTAINTY') );
#4141 = ( LENGTH_UNIT() NAMED_UNIT(*) SI_UNIT(.MILLI.,.METRE.) );
#4142 = ( NAMED_UNIT(*) PLANE_ANGLE_UNIT() SI_UNIT($,.RADIAN.) );
#4143 = ( NAMED_UNIT(*) SI_UNIT($,.STERADIAN.) SOLID_ANGLE_UNIT() );
#4144 = UNCERTAINTY_MEASURE_WITH_UNIT(LENGTH_MEASURE(1.E-07),#4141,
  'distance_accuracy_value','confusion accuracy');
#4145 = SHAPE_DEFINITION_REPRESENTATION(#4146,#4127);
#4146 = PRODUCT_DEFINITION_SHAPE('','',#4147);
#4147 = PRODUCT_DEFINITION('design','',#4148,#4151);
#4148 = PRODUCT_DEFINITION_FORMATION('','',#4149);
#4149 = PRODUCT('G15','G15','',(#4150));
#4150 = PRODUCT_CONTEXT('',#2,'mechanical');
#4151 = PRODUCT_DEFINITION_CONTEXT('part definition',#2,'design');
#4152 = CONTEXT_DEPENDENT_SHAPE_REPRESENTATION(#4153,#4155);
#4153 = ( REPRESENTATION_RELATIONSHIP('','',#4127,#10) 
REPRESENTATION_RELATIONSHIP_WITH_TRANSFORMATION(#4154) 
SHAPE_REPRESENTATION_RELATIONSHIP() );
#4154 = ITEM_DEFINED_TRANSFORMATION('','',#11,#407);
#4155 = PRODUCT_DEFINITION_SHAPE('Placement','Placement of an item',
  #4156);
#4156 = NEXT_ASSEMBLY_USAGE_OCCURRENCE('99','=>[0:1:1:100]','',#5,#4147,
  $);
#4157 = PRODUCT_RELATED_PRODUCT_CATEGORY('part',$,(#4149));
#4158 = ADVANCED_BREP_SHAPE_REPRESENTATION('',(#11,#4159),#4171);
#4159 = MANIFOLD_SOLID_BREP('',#4160);
#4160 = CLOSED_SHELL('',(#4161));
#4161 = ADVANCED_FACE('',(#4162),#4166,.T.);
#4162 = FACE_BOUND('',#4163,.T.);
#4163 = VERTEX_LOOP('',#4164);
#4164 = VERTEX_POINT('',#4165);
#4165 = CARTESIAN_POINT('',(1.255262969126E-17,-3.074507554457E-33,
    -0.205));
#4166 = SPHERICAL_SURFACE('',#4167,0.205);
#4167 = AXIS2_PLACEMENT_3D('',#4168,#4169,#4170);
#4168 = CARTESIAN_POINT('',(0.,0.,0.));
#4169 = DIRECTION('',(0.,0.,1.));
#4170 = DIRECTION('',(1.,0.,-0.));
#4171 = ( GEOMETRIC_REPRESENTATION_CONTEXT(3) 
GLOBAL_UNCERTAINTY_ASSIGNED_CONTEXT((#4175)) 
GLOBAL_UNIT_ASSIGNED_CONTEXT((#4172,#4173,#4174)) REPRESENTATION_CONTEXT
('Context #1','3D Context with UNIT and UNCERTAINTY') );
#4172 = ( LENGTH_UNIT() NAMED_UNIT(*) SI_UNIT(.MILLI.,.METRE.) );
#4173 = ( NAMED_UNIT(*) PLANE_ANGLE_UNIT() SI_UNIT($,.RADIAN.) );
#4174 = ( NAMED_UNIT(*) SI_UNIT($,.STERADIAN.) SOLID_ANGLE_UNIT() );
#4175 = UNCERTAINTY_MEASURE_WITH_UNIT(LENGTH_MEASURE(1.E-07),#4172,
  'distance_accuracy_value','confusion accuracy');
#4176 = SHAPE_DEFINITION_REPRESENTATION(#4177,#4158);
#4177 = PRODUCT_DEFINITION_SHAPE('','',#4178);
#4178 = PRODUCT_DEFINITION('design','',#4179,#4182);
#4179 = PRODUCT_DEFINITION_FORMATION('','',#4180);
#4180 = PRODUCT('G17','G17','',(#4181));
#4181 = PRODUCT_CONTEXT('',#2,'mechanical');
#4182 = PRODUCT_DEFINITION_CONTEXT('part definition',#2,'design');
#4183 = CONTEXT_DEPENDENT_SHAPE_REPRESENTATION(#4184,#4186);
#4184 = ( REPRESENTATION_RELATIONSHIP('','',#4158,#10) 
REPRESENTATION_RELATIONSHIP_WITH_TRANSFORMATION(#4185) 
SHAPE_REPRESENTATION_RELATIONSHIP() );
#4185 = ITEM_DEFINED_TRANSFORMATION('','',#11,#411);
#4186 = PRODUCT_DEFINITION_SHAPE('Placement','Placement of an item',
  #4187);
#4187 = NEXT_ASSEMBLY_USAGE_OCCURRENCE('100','=>[0:1:1:101]','',#5,#4178
  ,$);
#4188 = PRODUCT_RELATED_PRODUCT_CATEGORY('part',$,(#4180));
#4189 = ADVANCED_BREP_SHAPE_REPRESENTATION('',(#11,#4190),#4202);
#4190 = MANIFOLD_SOLID_BREP('',#4191);
#4191 = CLOSED_SHELL('',(#4192));
#4192 = ADVANCED_FACE('',(#4193),#4197,.T.);
#4193 = FACE_BOUND('',#4194,.T.);
#4194 = VERTEX_LOOP('',#4195);
#4195 = VERTEX_POINT('',#4196);
#4196 = CARTESIAN_POINT('',(1.255262969126E-17,-3.074507554457E-33,
    -0.205));
#4197 = SPHERICAL_SURFACE('',#4198,0.205);
#4198 = AXIS2_PLACEMENT_3D('',#4199,#4200,#4201);
#4199 = CARTESIAN_POINT('',(0.,0.,0.));
#4200 = DIRECTION('',(0.,0.,1.));
#4201 = DIRECTION('',(1.,0.,-0.));
#4202 = ( GEOMETRIC_REPRESENTATION_CONTEXT(3) 
GLOBAL_UNCERTAINTY_ASSIGNED_CONTEXT((#4206)) 
GLOBAL_UNIT_ASSIGNED_CONTEXT((#4203,#4204,#4205)) REPRESENTATION_CONTEXT
('Context #1','3D Context with UNIT and UNCERTAINTY') );
#4203 = ( LENGTH_UNIT() NAMED_UNIT(*) SI_UNIT(.MILLI.,.METRE.) );
#4204 = ( NAMED_UNIT(*) PLANE_ANGLE_UNIT() SI_UNIT($,.RADIAN.) );
#4205 = ( NAMED_UNIT(*) SI_UNIT($,.STERADIAN.) SOLID_ANGLE_UNIT() );
#4206 = UNCERTAINTY_MEASURE_WITH_UNIT(LENGTH_MEASURE(1.E-07),#4203,
  'distance_accuracy_value','confusion accuracy');
#4207 = SHAPE_DEFINITION_REPRESENTATION(#4208,#4189);
#4208 = PRODUCT_DEFINITION_SHAPE('','',#4209);
#4209 = PRODUCT_DEFINITION('design','',#4210,#4213);
#4210 = PRODUCT_DEFINITION_FORMATION('','',#4211);
#4211 = PRODUCT('G18','G18','',(#4212));
#4212 = PRODUCT_CONTEXT('',#2,'mechanical');
#4213 = PRODUCT_DEFINITION_CONTEXT('part definition',#2,'design');
#4214 = CONTEXT_DEPENDENT_SHAPE_REPRESENTATION(#4215,#4217);
#4215 = ( REPRESENTATION_RELATIONSHIP('','',#4189,#10) 
REPRESENTATION_RELATIONSHIP_WITH_TRANSFORMATION(#4216) 
SHAPE_REPRESENTATION_RELATIONSHIP() );
#4216 = ITEM_DEFINED_TRANSFORMATION('','',#11,#415);
#4217 = PRODUCT_DEFINITION_SHAPE('Placement','Placement of an item',
  #4218);
#4218 = NEXT_ASSEMBLY_USAGE_OCCURRENCE('101','=>[0:1:1:102]','',#5,#4209
  ,$);
#4219 = PRODUCT_RELATED_PRODUCT_CATEGORY('part',$,(#4211));
#4220 = ADVANCED_BREP_SHAPE_REPRESENTATION('',(#11,#4221),#4233);
#4221 = MANIFOLD_SOLID_BREP('',#4222);
#4222 = CLOSED_SHELL('',(#4223));
#4223 = ADVANCED_FACE('',(#4224),#4228,.T.);
#4224 = FACE_BOUND('',#4225,.T.);
#4225 = VERTEX_LOOP('',#4226);
#4226 = VERTEX_POINT('',#4227);
#4227 = CARTESIAN_POINT('',(1.255262969126E-17,-3.074507554457E-33,
    -0.205));
#4228 = SPHERICAL_SURFACE('',#4229,0.205);
#4229 = AXIS2_PLACEMENT_3D('',#4230,#4231,#4232);
#4230 = CARTESIAN_POINT('',(0.,0.,0.));
#4231 = DIRECTION('',(0.,0.,1.));
#4232 = DIRECTION('',(1.,0.,-0.));
#4233 = ( GEOMETRIC_REPRESENTATION_CONTEXT(3) 
GLOBAL_UNCERTAINTY_ASSIGNED_CONTEXT((#4237)) 
GLOBAL_UNIT_ASSIGNED_CONTEXT((#4234,#4235,#4236)) REPRESENTATION_CONTEXT
('Context #1','3D Context with UNIT and UNCERTAINTY') );
#4234 = ( LENGTH_UNIT() NAMED_UNIT(*) SI_UNIT(.MILLI.,.METRE.) );
#4235 = ( NAMED_UNIT(*) PLANE_ANGLE_UNIT() SI_UNIT($,.RADIAN.) );
#4236 = ( NAMED_UNIT(*) SI_UNIT($,.STERADIAN.) SOLID_ANGLE_UNIT() );
#4237 = UNCERTAINTY_MEASURE_WITH_UNIT(LENGTH_MEASURE(1.E-07),#4234,
  'distance_accuracy_value','confusion accuracy');
#4238 = SHAPE_DEFINITION_REPRESENTATION(#4239,#4220);
#4239 = PRODUCT_DEFINITION_SHAPE('','',#4240);
#4240 = PRODUCT_DEFINITION('design','',#4241,#4244);
#4241 = PRODUCT_DEFINITION_FORMATION('','',#4242);
#4242 = PRODUCT('H2','H2','',(#4243));
#4243 = PRODUCT_CONTEXT('',#2,'mechanical');
#4244 = PRODUCT_DEFINITION_CONTEXT('part definition',#2,'design');
#4245 = CONTEXT_DEPENDENT_SHAPE_REPRESENTATION(#4246,#4248);
#4246 = ( REPRESENTATION_RELATIONSHIP('','',#4220,#10) 
REPRESENTATION_RELATIONSHIP_WITH_TRANSFORMATION(#4247) 
SHAPE_REPRESENTATION_RELATIONSHIP() );
#4247 = ITEM_DEFINED_TRANSFORMATION('','',#11,#419);
#4248 = PRODUCT_DEFINITION_SHAPE('Placement','Placement of an item',
  #4249);
#4249 = NEXT_ASSEMBLY_USAGE_OCCURRENCE('102','=>[0:1:1:103]','',#5,#4240
  ,$);
#4250 = PRODUCT_RELATED_PRODUCT_CATEGORY('part',$,(#4242));
#4251 = ADVANCED_BREP_SHAPE_REPRESENTATION('',(#11,#4252),#4264);
#4252 = MANIFOLD_SOLID_BREP('',#4253);
#4253 = CLOSED_SHELL('',(#4254));
#4254 = ADVANCED_FACE('',(#4255),#4259,.T.);
#4255 = FACE_BOUND('',#4256,.T.);
#4256 = VERTEX_LOOP('',#4257);
#4257 = VERTEX_POINT('',#4258);
#4258 = CARTESIAN_POINT('',(1.255262969126E-17,-3.074507554457E-33,
    -0.205));
#4259 = SPHERICAL_SURFACE('',#4260,0.205);
#4260 = AXIS2_PLACEMENT_3D('',#4261,#4262,#4263);
#4261 = CARTESIAN_POINT('',(0.,0.,0.));
#4262 = DIRECTION('',(0.,0.,1.));
#4263 = DIRECTION('',(1.,0.,-0.));
#4264 = ( GEOMETRIC_REPRESENTATION_CONTEXT(3) 
GLOBAL_UNCERTAINTY_ASSIGNED_CONTEXT((#4268)) 
GLOBAL_UNIT_ASSIGNED_CONTEXT((#4265,#4266,#4267)) REPRESENTATION_CONTEXT
('Context #1','3D Context with UNIT and UNCERTAINTY') );
#4265 = ( LENGTH_UNIT() NAMED_UNIT(*) SI_UNIT(.MILLI.,.METRE.) );
#4266 = ( NAMED_UNIT(*) PLANE_ANGLE_UNIT() SI_UNIT($,.RADIAN.) );
#4267 = ( NAMED_UNIT(*) SI_UNIT($,.STERADIAN.) SOLID_ANGLE_UNIT() );
#4268 = UNCERTAINTY_MEASURE_WITH_UNIT(LENGTH_MEASURE(1.E-07),#4265,
  'distance_accuracy_value','confusion accuracy');
#4269 = SHAPE_DEFINITION_REPRESENTATION(#4270,#4251);
#4270 = PRODUCT_DEFINITION_SHAPE('','',#4271);
#4271 = PRODUCT_DEFINITION('design','',#4272,#4275);
#4272 = PRODUCT_DEFINITION_FORMATION('','',#4273);
#4273 = PRODUCT('H3','H3','',(#4274));
#4274 = PRODUCT_CONTEXT('',#2,'mechanical');
#4275 = PRODUCT_DEFINITION_CONTEXT('part definition',#2,'design');
#4276 = CONTEXT_DEPENDENT_SHAPE_REPRESENTATION(#4277,#4279);
#4277 = ( REPRESENTATION_RELATIONSHIP('','',#4251,#10) 
REPRESENTATION_RELATIONSHIP_WITH_TRANSFORMATION(#4278) 
SHAPE_REPRESENTATION_RELATIONSHIP() );
#4278 = ITEM_DEFINED_TRANSFORMATION('','',#11,#423);
#4279 = PRODUCT_DEFINITION_SHAPE('Placement','Placement of an item',
  #4280);
#4280 = NEXT_ASSEMBLY_USAGE_OCCURRENCE('103','=>[0:1:1:104]','',#5,#4271
  ,$);
#4281 = PRODUCT_RELATED_PRODUCT_CATEGORY('part',$,(#4273));
#4282 = ADVANCED_BREP_SHAPE_REPRESENTATION('',(#11,#4283),#4295);
#4283 = MANIFOLD_SOLID_BREP('',#4284);
#4284 = CLOSED_SHELL('',(#4285));
#4285 = ADVANCED_FACE('',(#4286),#4290,.T.);
#4286 = FACE_BOUND('',#4287,.T.);
#4287 = VERTEX_LOOP('',#4288);
#4288 = VERTEX_POINT('',#4289);
#4289 = CARTESIAN_POINT('',(1.255262969126E-17,-3.074507554457E-33,
    -0.205));
#4290 = SPHERICAL_SURFACE('',#4291,0.205);
#4291 = AXIS2_PLACEMENT_3D('',#4292,#4293,#4294);
#4292 = CARTESIAN_POINT('',(0.,0.,0.));
#4293 = DIRECTION('',(0.,0.,1.));
#4294 = DIRECTION('',(1.,0.,-0.));
#4295 = ( GEOMETRIC_REPRESENTATION_CONTEXT(3) 
GLOBAL_UNCERTAINTY_ASSIGNED_CONTEXT((#4299)) 
GLOBAL_UNIT_ASSIGNED_CONTEXT((#4296,#4297,#4298)) REPRESENTATION_CONTEXT
('Context #1','3D Context with UNIT and UNCERTAINTY') );
#4296 = ( LENGTH_UNIT() NAMED_UNIT(*) SI_UNIT(.MILLI.,.METRE.) );
#4297 = ( NAMED_UNIT(*) PLANE_ANGLE_UNIT() SI_UNIT($,.RADIAN.) );
#4298 = ( NAMED_UNIT(*) SI_UNIT($,.STERADIAN.) SOLID_ANGLE_UNIT() );
#4299 = UNCERTAINTY_MEASURE_WITH_UNIT(LENGTH_MEASURE(1.E-07),#4296,
  'distance_accuracy_value','confusion accuracy');
#4300 = SHAPE_DEFINITION_REPRESENTATION(#4301,#4282);
#4301 = PRODUCT_DEFINITION_SHAPE('','',#4302);
#4302 = PRODUCT_DEFINITION('design','',#4303,#4306);
#4303 = PRODUCT_DEFINITION_FORMATION('','',#4304);
#4304 = PRODUCT('H4','H4','',(#4305));
#4305 = PRODUCT_CONTEXT('',#2,'mechanical');
#4306 = PRODUCT_DEFINITION_CONTEXT('part definition',#2,'design');
#4307 = CONTEXT_DEPENDENT_SHAPE_REPRESENTATION(#4308,#4310);
#4308 = ( REPRESENTATION_RELATIONSHIP('','',#4282,#10) 
REPRESENTATION_RELATIONSHIP_WITH_TRANSFORMATION(#4309) 
SHAPE_REPRESENTATION_RELATIONSHIP() );
#4309 = ITEM_DEFINED_TRANSFORMATION('','',#11,#427);
#4310 = PRODUCT_DEFINITION_SHAPE('Placement','Placement of an item',
  #4311);
#4311 = NEXT_ASSEMBLY_USAGE_OCCURRENCE('104','=>[0:1:1:105]','',#5,#4302
  ,$);
#4312 = PRODUCT_RELATED_PRODUCT_CATEGORY('part',$,(#4304));
#4313 = ADVANCED_BREP_SHAPE_REPRESENTATION('',(#11,#4314),#4326);
#4314 = MANIFOLD_SOLID_BREP('',#4315);
#4315 = CLOSED_SHELL('',(#4316));
#4316 = ADVANCED_FACE('',(#4317),#4321,.T.);
#4317 = FACE_BOUND('',#4318,.T.);
#4318 = VERTEX_LOOP('',#4319);
#4319 = VERTEX_POINT('',#4320);
#4320 = CARTESIAN_POINT('',(1.255262969126E-17,-3.074507554457E-33,
    -0.205));
#4321 = SPHERICAL_SURFACE('',#4322,0.205);
#4322 = AXIS2_PLACEMENT_3D('',#4323,#4324,#4325);
#4323 = CARTESIAN_POINT('',(0.,0.,0.));
#4324 = DIRECTION('',(0.,0.,1.));
#4325 = DIRECTION('',(1.,0.,-0.));
#4326 = ( GEOMETRIC_REPRESENTATION_CONTEXT(3) 
GLOBAL_UNCERTAINTY_ASSIGNED_CONTEXT((#4330)) 
GLOBAL_UNIT_ASSIGNED_CONTEXT((#4327,#4328,#4329)) REPRESENTATION_CONTEXT
('Context #1','3D Context with UNIT and UNCERTAINTY') );
#4327 = ( LENGTH_UNIT() NAMED_UNIT(*) SI_UNIT(.MILLI.,.METRE.) );
#4328 = ( NAMED_UNIT(*) PLANE_ANGLE_UNIT() SI_UNIT($,.RADIAN.) );
#4329 = ( NAMED_UNIT(*) SI_UNIT($,.STERADIAN.) SOLID_ANGLE_UNIT() );
#4330 = UNCERTAINTY_MEASURE_WITH_UNIT(LENGTH_MEASURE(1.E-07),#4327,
  'distance_accuracy_value','confusion accuracy');
#4331 = SHAPE_DEFINITION_REPRESENTATION(#4332,#4313);
#4332 = PRODUCT_DEFINITION_SHAPE('','',#4333);
#4333 = PRODUCT_DEFINITION('design','',#4334,#4337);
#4334 = PRODUCT_DEFINITION_FORMATION('','',#4335);
#4335 = PRODUCT('H6','H6','',(#4336));
#4336 = PRODUCT_CONTEXT('',#2,'mechanical');
#4337 = PRODUCT_DEFINITION_CONTEXT('part definition',#2,'design');
#4338 = CONTEXT_DEPENDENT_SHAPE_REPRESENTATION(#4339,#4341);
#4339 = ( REPRESENTATION_RELATIONSHIP('','',#4313,#10) 
REPRESENTATION_RELATIONSHIP_WITH_TRANSFORMATION(#4340) 
SHAPE_REPRESENTATION_RELATIONSHIP() );
#4340 = ITEM_DEFINED_TRANSFORMATION('','',#11,#431);
#4341 = PRODUCT_DEFINITION_SHAPE('Placement','Placement of an item',
  #4342);
#4342 = NEXT_ASSEMBLY_USAGE_OCCURRENCE('105','=>[0:1:1:106]','',#5,#4333
  ,$);
#4343 = PRODUCT_RELATED_PRODUCT_CATEGORY('part',$,(#4335));
#4344 = ADVANCED_BREP_SHAPE_REPRESENTATION('',(#11,#4345),#4357);
#4345 = MANIFOLD_SOLID_BREP('',#4346);
#4346 = CLOSED_SHELL('',(#4347));
#4347 = ADVANCED_FACE('',(#4348),#4352,.T.);
#4348 = FACE_BOUND('',#4349,.T.);
#4349 = VERTEX_LOOP('',#4350);
#4350 = VERTEX_POINT('',#4351);
#4351 = CARTESIAN_POINT('',(1.255262969126E-17,-3.074507554457E-33,
    -0.205));
#4352 = SPHERICAL_SURFACE('',#4353,0.205);
#4353 = AXIS2_PLACEMENT_3D('',#4354,#4355,#4356);
#4354 = CARTESIAN_POINT('',(0.,0.,0.));
#4355 = DIRECTION('',(0.,0.,1.));
#4356 = DIRECTION('',(1.,0.,-0.));
#4357 = ( GEOMETRIC_REPRESENTATION_CONTEXT(3) 
GLOBAL_UNCERTAINTY_ASSIGNED_CONTEXT((#4361)) 
GLOBAL_UNIT_ASSIGNED_CONTEXT((#4358,#4359,#4360)) REPRESENTATION_CONTEXT
('Context #1','3D Context with UNIT and UNCERTAINTY') );
#4358 = ( LENGTH_UNIT() NAMED_UNIT(*) SI_UNIT(.MILLI.,.METRE.) );
#4359 = ( NAMED_UNIT(*) PLANE_ANGLE_UNIT() SI_UNIT($,.RADIAN.) );
#4360 = ( NAMED_UNIT(*) SI_UNIT($,.STERADIAN.) SOLID_ANGLE_UNIT() );
#4361 = UNCERTAINTY_MEASURE_WITH_UNIT(LENGTH_MEASURE(1.E-07),#4358,
  'distance_accuracy_value','confusion accuracy');
#4362 = SHAPE_DEFINITION_REPRESENTATION(#4363,#4344);
#4363 = PRODUCT_DEFINITION_SHAPE('','',#4364);
#4364 = PRODUCT_DEFINITION('design','',#4365,#4368);
#4365 = PRODUCT_DEFINITION_FORMATION('','',#4366);
#4366 = PRODUCT('H7','H7','',(#4367));
#4367 = PRODUCT_CONTEXT('',#2,'mechanical');
#4368 = PRODUCT_DEFINITION_CONTEXT('part definition',#2,'design');
#4369 = CONTEXT_DEPENDENT_SHAPE_REPRESENTATION(#4370,#4372);
#4370 = ( REPRESENTATION_RELATIONSHIP('','',#4344,#10) 
REPRESENTATION_RELATIONSHIP_WITH_TRANSFORMATION(#4371) 
SHAPE_REPRESENTATION_RELATIONSHIP() );
#4371 = ITEM_DEFINED_TRANSFORMATION('','',#11,#435);
#4372 = PRODUCT_DEFINITION_SHAPE('Placement','Placement of an item',
  #4373);
#4373 = NEXT_ASSEMBLY_USAGE_OCCURRENCE('106','=>[0:1:1:107]','',#5,#4364
  ,$);
#4374 = PRODUCT_RELATED_PRODUCT_CATEGORY('part',$,(#4366));
#4375 = ADVANCED_BREP_SHAPE_REPRESENTATION('',(#11,#4376),#4388);
#4376 = MANIFOLD_SOLID_BREP('',#4377);
#4377 = CLOSED_SHELL('',(#4378));
#4378 = ADVANCED_FACE('',(#4379),#4383,.T.);
#4379 = FACE_BOUND('',#4380,.T.);
#4380 = VERTEX_LOOP('',#4381);
#4381 = VERTEX_POINT('',#4382);
#4382 = CARTESIAN_POINT('',(1.255262969126E-17,-3.074507554457E-33,
    -0.205));
#4383 = SPHERICAL_SURFACE('',#4384,0.205);
#4384 = AXIS2_PLACEMENT_3D('',#4385,#4386,#4387);
#4385 = CARTESIAN_POINT('',(0.,0.,0.));
#4386 = DIRECTION('',(0.,0.,1.));
#4387 = DIRECTION('',(1.,0.,-0.));
#4388 = ( GEOMETRIC_REPRESENTATION_CONTEXT(3) 
GLOBAL_UNCERTAINTY_ASSIGNED_CONTEXT((#4392)) 
GLOBAL_UNIT_ASSIGNED_CONTEXT((#4389,#4390,#4391)) REPRESENTATION_CONTEXT
('Context #1','3D Context with UNIT and UNCERTAINTY') );
#4389 = ( LENGTH_UNIT() NAMED_UNIT(*) SI_UNIT(.MILLI.,.METRE.) );
#4390 = ( NAMED_UNIT(*) PLANE_ANGLE_UNIT() SI_UNIT($,.RADIAN.) );
#4391 = ( NAMED_UNIT(*) SI_UNIT($,.STERADIAN.) SOLID_ANGLE_UNIT() );
#4392 = UNCERTAINTY_MEASURE_WITH_UNIT(LENGTH_MEASURE(1.E-07),#4389,
  'distance_accuracy_value','confusion accuracy');
#4393 = SHAPE_DEFINITION_REPRESENTATION(#4394,#4375);
#4394 = PRODUCT_DEFINITION_SHAPE('','',#4395);
#4395 = PRODUCT_DEFINITION('design','',#4396,#4399);
#4396 = PRODUCT_DEFINITION_FORMATION('','',#4397);
#4397 = PRODUCT('H8','H8','',(#4398));
#4398 = PRODUCT_CONTEXT('',#2,'mechanical');
#4399 = PRODUCT_DEFINITION_CONTEXT('part definition',#2,'design');
#4400 = CONTEXT_DEPENDENT_SHAPE_REPRESENTATION(#4401,#4403);
#4401 = ( REPRESENTATION_RELATIONSHIP('','',#4375,#10) 
REPRESENTATION_RELATIONSHIP_WITH_TRANSFORMATION(#4402) 
SHAPE_REPRESENTATION_RELATIONSHIP() );
#4402 = ITEM_DEFINED_TRANSFORMATION('','',#11,#439);
#4403 = PRODUCT_DEFINITION_SHAPE('Placement','Placement of an item',
  #4404);
#4404 = NEXT_ASSEMBLY_USAGE_OCCURRENCE('107','=>[0:1:1:108]','',#5,#4395
  ,$);
#4405 = PRODUCT_RELATED_PRODUCT_CATEGORY('part',$,(#4397));
#4406 = ADVANCED_BREP_SHAPE_REPRESENTATION('',(#11,#4407),#4419);
#4407 = MANIFOLD_SOLID_BREP('',#4408);
#4408 = CLOSED_SHELL('',(#4409));
#4409 = ADVANCED_FACE('',(#4410),#4414,.T.);
#4410 = FACE_BOUND('',#4411,.T.);
#4411 = VERTEX_LOOP('',#4412);
#4412 = VERTEX_POINT('',#4413);
#4413 = CARTESIAN_POINT('',(1.255262969126E-17,-3.074507554457E-33,
    -0.205));
#4414 = SPHERICAL_SURFACE('',#4415,0.205);
#4415 = AXIS2_PLACEMENT_3D('',#4416,#4417,#4418);
#4416 = CARTESIAN_POINT('',(0.,0.,0.));
#4417 = DIRECTION('',(0.,0.,1.));
#4418 = DIRECTION('',(1.,0.,-0.));
#4419 = ( GEOMETRIC_REPRESENTATION_CONTEXT(3) 
GLOBAL_UNCERTAINTY_ASSIGNED_CONTEXT((#4423)) 
GLOBAL_UNIT_ASSIGNED_CONTEXT((#4420,#4421,#4422)) REPRESENTATION_CONTEXT
('Context #1','3D Context with UNIT and UNCERTAINTY') );
#4420 = ( LENGTH_UNIT() NAMED_UNIT(*) SI_UNIT(.MILLI.,.METRE.) );
#4421 = ( NAMED_UNIT(*) PLANE_ANGLE_UNIT() SI_UNIT($,.RADIAN.) );
#4422 = ( NAMED_UNIT(*) SI_UNIT($,.STERADIAN.) SOLID_ANGLE_UNIT() );
#4423 = UNCERTAINTY_MEASURE_WITH_UNIT(LENGTH_MEASURE(1.E-07),#4420,
  'distance_accuracy_value','confusion accuracy');
#4424 = SHAPE_DEFINITION_REPRESENTATION(#4425,#4406);
#4425 = PRODUCT_DEFINITION_SHAPE('','',#4426);
#4426 = PRODUCT_DEFINITION('design','',#4427,#4430);
#4427 = PRODUCT_DEFINITION_FORMATION('','',#4428);
#4428 = PRODUCT('H9','H9','',(#4429));
#4429 = PRODUCT_CONTEXT('',#2,'mechanical');
#4430 = PRODUCT_DEFINITION_CONTEXT('part definition',#2,'design');
#4431 = CONTEXT_DEPENDENT_SHAPE_REPRESENTATION(#4432,#4434);
#4432 = ( REPRESENTATION_RELATIONSHIP('','',#4406,#10) 
REPRESENTATION_RELATIONSHIP_WITH_TRANSFORMATION(#4433) 
SHAPE_REPRESENTATION_RELATIONSHIP() );
#4433 = ITEM_DEFINED_TRANSFORMATION('','',#11,#443);
#4434 = PRODUCT_DEFINITION_SHAPE('Placement','Placement of an item',
  #4435);
#4435 = NEXT_ASSEMBLY_USAGE_OCCURRENCE('108','=>[0:1:1:109]','',#5,#4426
  ,$);
#4436 = PRODUCT_RELATED_PRODUCT_CATEGORY('part',$,(#4428));
#4437 = ADVANCED_BREP_SHAPE_REPRESENTATION('',(#11,#4438),#4450);
#4438 = MANIFOLD_SOLID_BREP('',#4439);
#4439 = CLOSED_SHELL('',(#4440));
#4440 = ADVANCED_FACE('',(#4441),#4445,.T.);
#4441 = FACE_BOUND('',#4442,.T.);
#4442 = VERTEX_LOOP('',#4443);
#4443 = VERTEX_POINT('',#4444);
#4444 = CARTESIAN_POINT('',(1.255262969126E-17,-3.074507554457E-33,
    -0.205));
#4445 = SPHERICAL_SURFACE('',#4446,0.205);
#4446 = AXIS2_PLACEMENT_3D('',#4447,#4448,#4449);
#4447 = CARTESIAN_POINT('',(0.,0.,0.));
#4448 = DIRECTION('',(0.,0.,1.));
#4449 = DIRECTION('',(1.,0.,-0.));
#4450 = ( GEOMETRIC_REPRESENTATION_CONTEXT(3) 
GLOBAL_UNCERTAINTY_ASSIGNED_CONTEXT((#4454)) 
GLOBAL_UNIT_ASSIGNED_CONTEXT((#4451,#4452,#4453)) REPRESENTATION_CONTEXT
('Context #1','3D Context with UNIT and UNCERTAINTY') );
#4451 = ( LENGTH_UNIT() NAMED_UNIT(*) SI_UNIT(.MILLI.,.METRE.) );
#4452 = ( NAMED_UNIT(*) PLANE_ANGLE_UNIT() SI_UNIT($,.RADIAN.) );
#4453 = ( NAMED_UNIT(*) SI_UNIT($,.STERADIAN.) SOLID_ANGLE_UNIT() );
#4454 = UNCERTAINTY_MEASURE_WITH_UNIT(LENGTH_MEASURE(1.E-07),#4451,
  'distance_accuracy_value','confusion accuracy');
#4455 = SHAPE_DEFINITION_REPRESENTATION(#4456,#4437);
#4456 = PRODUCT_DEFINITION_SHAPE('','',#4457);
#4457 = PRODUCT_DEFINITION('design','',#4458,#4461);
#4458 = PRODUCT_DEFINITION_FORMATION('','',#4459);
#4459 = PRODUCT('H10','H10','',(#4460));
#4460 = PRODUCT_CONTEXT('',#2,'mechanical');
#4461 = PRODUCT_DEFINITION_CONTEXT('part definition',#2,'design');
#4462 = CONTEXT_DEPENDENT_SHAPE_REPRESENTATION(#4463,#4465);
#4463 = ( REPRESENTATION_RELATIONSHIP('','',#4437,#10) 
REPRESENTATION_RELATIONSHIP_WITH_TRANSFORMATION(#4464) 
SHAPE_REPRESENTATION_RELATIONSHIP() );
#4464 = ITEM_DEFINED_TRANSFORMATION('','',#11,#447);
#4465 = PRODUCT_DEFINITION_SHAPE('Placement','Placement of an item',
  #4466);
#4466 = NEXT_ASSEMBLY_USAGE_OCCURRENCE('109','=>[0:1:1:110]','',#5,#4457
  ,$);
#4467 = PRODUCT_RELATED_PRODUCT_CATEGORY('part',$,(#4459));
#4468 = ADVANCED_BREP_SHAPE_REPRESENTATION('',(#11,#4469),#4481);
#4469 = MANIFOLD_SOLID_BREP('',#4470);
#4470 = CLOSED_SHELL('',(#4471));
#4471 = ADVANCED_FACE('',(#4472),#4476,.T.);
#4472 = FACE_BOUND('',#4473,.T.);
#4473 = VERTEX_LOOP('',#4474);
#4474 = VERTEX_POINT('',#4475);
#4475 = CARTESIAN_POINT('',(1.255262969126E-17,-3.074507554457E-33,
    -0.205));
#4476 = SPHERICAL_SURFACE('',#4477,0.205);
#4477 = AXIS2_PLACEMENT_3D('',#4478,#4479,#4480);
#4478 = CARTESIAN_POINT('',(0.,0.,0.));
#4479 = DIRECTION('',(0.,0.,1.));
#4480 = DIRECTION('',(1.,0.,-0.));
#4481 = ( GEOMETRIC_REPRESENTATION_CONTEXT(3) 
GLOBAL_UNCERTAINTY_ASSIGNED_CONTEXT((#4485)) 
GLOBAL_UNIT_ASSIGNED_CONTEXT((#4482,#4483,#4484)) REPRESENTATION_CONTEXT
('Context #1','3D Context with UNIT and UNCERTAINTY') );
#4482 = ( LENGTH_UNIT() NAMED_UNIT(*) SI_UNIT(.MILLI.,.METRE.) );
#4483 = ( NAMED_UNIT(*) PLANE_ANGLE_UNIT() SI_UNIT($,.RADIAN.) );
#4484 = ( NAMED_UNIT(*) SI_UNIT($,.STERADIAN.) SOLID_ANGLE_UNIT() );
#4485 = UNCERTAINTY_MEASURE_WITH_UNIT(LENGTH_MEASURE(1.E-07),#4482,
  'distance_accuracy_value','confusion accuracy');
#4486 = SHAPE_DEFINITION_REPRESENTATION(#4487,#4468);
#4487 = PRODUCT_DEFINITION_SHAPE('','',#4488);
#4488 = PRODUCT_DEFINITION('design','',#4489,#4492);
#4489 = PRODUCT_DEFINITION_FORMATION('','',#4490);
#4490 = PRODUCT('H11','H11','',(#4491));
#4491 = PRODUCT_CONTEXT('',#2,'mechanical');
#4492 = PRODUCT_DEFINITION_CONTEXT('part definition',#2,'design');
#4493 = CONTEXT_DEPENDENT_SHAPE_REPRESENTATION(#4494,#4496);
#4494 = ( REPRESENTATION_RELATIONSHIP('','',#4468,#10) 
REPRESENTATION_RELATIONSHIP_WITH_TRANSFORMATION(#4495) 
SHAPE_REPRESENTATION_RELATIONSHIP() );
#4495 = ITEM_DEFINED_TRANSFORMATION('','',#11,#451);
#4496 = PRODUCT_DEFINITION_SHAPE('Placement','Placement of an item',
  #4497);
#4497 = NEXT_ASSEMBLY_USAGE_OCCURRENCE('110','=>[0:1:1:111]','',#5,#4488
  ,$);
#4498 = PRODUCT_RELATED_PRODUCT_CATEGORY('part',$,(#4490));
#4499 = ADVANCED_BREP_SHAPE_REPRESENTATION('',(#11,#4500),#4512);
#4500 = MANIFOLD_SOLID_BREP('',#4501);
#4501 = CLOSED_SHELL('',(#4502));
#4502 = ADVANCED_FACE('',(#4503),#4507,.T.);
#4503 = FACE_BOUND('',#4504,.T.);
#4504 = VERTEX_LOOP('',#4505);
#4505 = VERTEX_POINT('',#4506);
#4506 = CARTESIAN_POINT('',(1.255262969126E-17,-3.074507554457E-33,
    -0.205));
#4507 = SPHERICAL_SURFACE('',#4508,0.205);
#4508 = AXIS2_PLACEMENT_3D('',#4509,#4510,#4511);
#4509 = CARTESIAN_POINT('',(0.,0.,0.));
#4510 = DIRECTION('',(0.,0.,1.));
#4511 = DIRECTION('',(1.,0.,-0.));
#4512 = ( GEOMETRIC_REPRESENTATION_CONTEXT(3) 
GLOBAL_UNCERTAINTY_ASSIGNED_CONTEXT((#4516)) 
GLOBAL_UNIT_ASSIGNED_CONTEXT((#4513,#4514,#4515)) REPRESENTATION_CONTEXT
('Context #1','3D Context with UNIT and UNCERTAINTY') );
#4513 = ( LENGTH_UNIT() NAMED_UNIT(*) SI_UNIT(.MILLI.,.METRE.) );
#4514 = ( NAMED_UNIT(*) PLANE_ANGLE_UNIT() SI_UNIT($,.RADIAN.) );
#4515 = ( NAMED_UNIT(*) SI_UNIT($,.STERADIAN.) SOLID_ANGLE_UNIT() );
#4516 = UNCERTAINTY_MEASURE_WITH_UNIT(LENGTH_MEASURE(1.E-07),#4513,
  'distance_accuracy_value','confusion accuracy');
#4517 = SHAPE_DEFINITION_REPRESENTATION(#4518,#4499);
#4518 = PRODUCT_DEFINITION_SHAPE('','',#4519);
#4519 = PRODUCT_DEFINITION('design','',#4520,#4523);
#4520 = PRODUCT_DEFINITION_FORMATION('','',#4521);
#4521 = PRODUCT('H12','H12','',(#4522));
#4522 = PRODUCT_CONTEXT('',#2,'mechanical');
#4523 = PRODUCT_DEFINITION_CONTEXT('part definition',#2,'design');
#4524 = CONTEXT_DEPENDENT_SHAPE_REPRESENTATION(#4525,#4527);
#4525 = ( REPRESENTATION_RELATIONSHIP('','',#4499,#10) 
REPRESENTATION_RELATIONSHIP_WITH_TRANSFORMATION(#4526) 
SHAPE_REPRESENTATION_RELATIONSHIP() );
#4526 = ITEM_DEFINED_TRANSFORMATION('','',#11,#455);
#4527 = PRODUCT_DEFINITION_SHAPE('Placement','Placement of an item',
  #4528);
#4528 = NEXT_ASSEMBLY_USAGE_OCCURRENCE('111','=>[0:1:1:112]','',#5,#4519
  ,$);
#4529 = PRODUCT_RELATED_PRODUCT_CATEGORY('part',$,(#4521));
#4530 = ADVANCED_BREP_SHAPE_REPRESENTATION('',(#11,#4531),#4543);
#4531 = MANIFOLD_SOLID_BREP('',#4532);
#4532 = CLOSED_SHELL('',(#4533));
#4533 = ADVANCED_FACE('',(#4534),#4538,.T.);
#4534 = FACE_BOUND('',#4535,.T.);
#4535 = VERTEX_LOOP('',#4536);
#4536 = VERTEX_POINT('',#4537);
#4537 = CARTESIAN_POINT('',(1.255262969126E-17,-3.074507554457E-33,
    -0.205));
#4538 = SPHERICAL_SURFACE('',#4539,0.205);
#4539 = AXIS2_PLACEMENT_3D('',#4540,#4541,#4542);
#4540 = CARTESIAN_POINT('',(0.,0.,0.));
#4541 = DIRECTION('',(0.,0.,1.));
#4542 = DIRECTION('',(1.,0.,-0.));
#4543 = ( GEOMETRIC_REPRESENTATION_CONTEXT(3) 
GLOBAL_UNCERTAINTY_ASSIGNED_CONTEXT((#4547)) 
GLOBAL_UNIT_ASSIGNED_CONTEXT((#4544,#4545,#4546)) REPRESENTATION_CONTEXT
('Context #1','3D Context with UNIT and UNCERTAINTY') );
#4544 = ( LENGTH_UNIT() NAMED_UNIT(*) SI_UNIT(.MILLI.,.METRE.) );
#4545 = ( NAMED_UNIT(*) PLANE_ANGLE_UNIT() SI_UNIT($,.RADIAN.) );
#4546 = ( NAMED_UNIT(*) SI_UNIT($,.STERADIAN.) SOLID_ANGLE_UNIT() );
#4547 = UNCERTAINTY_MEASURE_WITH_UNIT(LENGTH_MEASURE(1.E-07),#4544,
  'distance_accuracy_value','confusion accuracy');
#4548 = SHAPE_DEFINITION_REPRESENTATION(#4549,#4530);
#4549 = PRODUCT_DEFINITION_SHAPE('','',#4550);
#4550 = PRODUCT_DEFINITION('design','',#4551,#4554);
#4551 = PRODUCT_DEFINITION_FORMATION('','',#4552);
#4552 = PRODUCT('H13','H13','',(#4553));
#4553 = PRODUCT_CONTEXT('',#2,'mechanical');
#4554 = PRODUCT_DEFINITION_CONTEXT('part definition',#2,'design');
#4555 = CONTEXT_DEPENDENT_SHAPE_REPRESENTATION(#4556,#4558);
#4556 = ( REPRESENTATION_RELATIONSHIP('','',#4530,#10) 
REPRESENTATION_RELATIONSHIP_WITH_TRANSFORMATION(#4557) 
SHAPE_REPRESENTATION_RELATIONSHIP() );
#4557 = ITEM_DEFINED_TRANSFORMATION('','',#11,#459);
#4558 = PRODUCT_DEFINITION_SHAPE('Placement','Placement of an item',
  #4559);
#4559 = NEXT_ASSEMBLY_USAGE_OCCURRENCE('112','=>[0:1:1:113]','',#5,#4550
  ,$);
#4560 = PRODUCT_RELATED_PRODUCT_CATEGORY('part',$,(#4552));
#4561 = ADVANCED_BREP_SHAPE_REPRESENTATION('',(#11,#4562),#4574);
#4562 = MANIFOLD_SOLID_BREP('',#4563);
#4563 = CLOSED_SHELL('',(#4564));
#4564 = ADVANCED_FACE('',(#4565),#4569,.T.);
#4565 = FACE_BOUND('',#4566,.T.);
#4566 = VERTEX_LOOP('',#4567);
#4567 = VERTEX_POINT('',#4568);
#4568 = CARTESIAN_POINT('',(1.255262969126E-17,-3.074507554457E-33,
    -0.205));
#4569 = SPHERICAL_SURFACE('',#4570,0.205);
#4570 = AXIS2_PLACEMENT_3D('',#4571,#4572,#4573);
#4571 = CARTESIAN_POINT('',(0.,0.,0.));
#4572 = DIRECTION('',(0.,0.,1.));
#4573 = DIRECTION('',(1.,0.,-0.));
#4574 = ( GEOMETRIC_REPRESENTATION_CONTEXT(3) 
GLOBAL_UNCERTAINTY_ASSIGNED_CONTEXT((#4578)) 
GLOBAL_UNIT_ASSIGNED_CONTEXT((#4575,#4576,#4577)) REPRESENTATION_CONTEXT
('Context #1','3D Context with UNIT and UNCERTAINTY') );
#4575 = ( LENGTH_UNIT() NAMED_UNIT(*) SI_UNIT(.MILLI.,.METRE.) );
#4576 = ( NAMED_UNIT(*) PLANE_ANGLE_UNIT() SI_UNIT($,.RADIAN.) );
#4577 = ( NAMED_UNIT(*) SI_UNIT($,.STERADIAN.) SOLID_ANGLE_UNIT() );
#4578 = UNCERTAINTY_MEASURE_WITH_UNIT(LENGTH_MEASURE(1.E-07),#4575,
  'distance_accuracy_value','confusion accuracy');
#4579 = SHAPE_DEFINITION_REPRESENTATION(#4580,#4561);
#4580 = PRODUCT_DEFINITION_SHAPE('','',#4581);
#4581 = PRODUCT_DEFINITION('design','',#4582,#4585);
#4582 = PRODUCT_DEFINITION_FORMATION('','',#4583);
#4583 = PRODUCT('H14','H14','',(#4584));
#4584 = PRODUCT_CONTEXT('',#2,'mechanical');
#4585 = PRODUCT_DEFINITION_CONTEXT('part definition',#2,'design');
#4586 = CONTEXT_DEPENDENT_SHAPE_REPRESENTATION(#4587,#4589);
#4587 = ( REPRESENTATION_RELATIONSHIP('','',#4561,#10) 
REPRESENTATION_RELATIONSHIP_WITH_TRANSFORMATION(#4588) 
SHAPE_REPRESENTATION_RELATIONSHIP() );
#4588 = ITEM_DEFINED_TRANSFORMATION('','',#11,#463);
#4589 = PRODUCT_DEFINITION_SHAPE('Placement','Placement of an item',
  #4590);
#4590 = NEXT_ASSEMBLY_USAGE_OCCURRENCE('113','=>[0:1:1:114]','',#5,#4581
  ,$);
#4591 = PRODUCT_RELATED_PRODUCT_CATEGORY('part',$,(#4583));
#4592 = ADVANCED_BREP_SHAPE_REPRESENTATION('',(#11,#4593),#4605);
#4593 = MANIFOLD_SOLID_BREP('',#4594);
#4594 = CLOSED_SHELL('',(#4595));
#4595 = ADVANCED_FACE('',(#4596),#4600,.T.);
#4596 = FACE_BOUND('',#4597,.T.);
#4597 = VERTEX_LOOP('',#4598);
#4598 = VERTEX_POINT('',#4599);
#4599 = CARTESIAN_POINT('',(1.255262969126E-17,-3.074507554457E-33,
    -0.205));
#4600 = SPHERICAL_SURFACE('',#4601,0.205);
#4601 = AXIS2_PLACEMENT_3D('',#4602,#4603,#4604);
#4602 = CARTESIAN_POINT('',(0.,0.,0.));
#4603 = DIRECTION('',(0.,0.,1.));
#4604 = DIRECTION('',(1.,0.,-0.));
#4605 = ( GEOMETRIC_REPRESENTATION_CONTEXT(3) 
GLOBAL_UNCERTAINTY_ASSIGNED_CONTEXT((#4609)) 
GLOBAL_UNIT_ASSIGNED_CONTEXT((#4606,#4607,#4608)) REPRESENTATION_CONTEXT
('Context #1','3D Context with UNIT and UNCERTAINTY') );
#4606 = ( LENGTH_UNIT() NAMED_UNIT(*) SI_UNIT(.MILLI.,.METRE.) );
#4607 = ( NAMED_UNIT(*) PLANE_ANGLE_UNIT() SI_UNIT($,.RADIAN.) );
#4608 = ( NAMED_UNIT(*) SI_UNIT($,.STERADIAN.) SOLID_ANGLE_UNIT() );
#4609 = UNCERTAINTY_MEASURE_WITH_UNIT(LENGTH_MEASURE(1.E-07),#4606,
  'distance_accuracy_value','confusion accuracy');
#4610 = SHAPE_DEFINITION_REPRESENTATION(#4611,#4592);
#4611 = PRODUCT_DEFINITION_SHAPE('','',#4612);
#4612 = PRODUCT_DEFINITION('design','',#4613,#4616);
#4613 = PRODUCT_DEFINITION_FORMATION('','',#4614);
#4614 = PRODUCT('H16','H16','',(#4615));
#4615 = PRODUCT_CONTEXT('',#2,'mechanical');
#4616 = PRODUCT_DEFINITION_CONTEXT('part definition',#2,'design');
#4617 = CONTEXT_DEPENDENT_SHAPE_REPRESENTATION(#4618,#4620);
#4618 = ( REPRESENTATION_RELATIONSHIP('','',#4592,#10) 
REPRESENTATION_RELATIONSHIP_WITH_TRANSFORMATION(#4619) 
SHAPE_REPRESENTATION_RELATIONSHIP() );
#4619 = ITEM_DEFINED_TRANSFORMATION('','',#11,#467);
#4620 = PRODUCT_DEFINITION_SHAPE('Placement','Placement of an item',
  #4621);
#4621 = NEXT_ASSEMBLY_USAGE_OCCURRENCE('114','=>[0:1:1:115]','',#5,#4612
  ,$);
#4622 = PRODUCT_RELATED_PRODUCT_CATEGORY('part',$,(#4614));
#4623 = ADVANCED_BREP_SHAPE_REPRESENTATION('',(#11,#4624),#4636);
#4624 = MANIFOLD_SOLID_BREP('',#4625);
#4625 = CLOSED_SHELL('',(#4626));
#4626 = ADVANCED_FACE('',(#4627),#4631,.T.);
#4627 = FACE_BOUND('',#4628,.T.);
#4628 = VERTEX_LOOP('',#4629);
#4629 = VERTEX_POINT('',#4630);
#4630 = CARTESIAN_POINT('',(1.255262969126E-17,-3.074507554457E-33,
    -0.205));
#4631 = SPHERICAL_SURFACE('',#4632,0.205);
#4632 = AXIS2_PLACEMENT_3D('',#4633,#4634,#4635);
#4633 = CARTESIAN_POINT('',(0.,0.,0.));
#4634 = DIRECTION('',(0.,0.,1.));
#4635 = DIRECTION('',(1.,0.,-0.));
#4636 = ( GEOMETRIC_REPRESENTATION_CONTEXT(3) 
GLOBAL_UNCERTAINTY_ASSIGNED_CONTEXT((#4640)) 
GLOBAL_UNIT_ASSIGNED_CONTEXT((#4637,#4638,#4639)) REPRESENTATION_CONTEXT
('Context #1','3D Context with UNIT and UNCERTAINTY') );
#4637 = ( LENGTH_UNIT() NAMED_UNIT(*) SI_UNIT(.MILLI.,.METRE.) );
#4638 = ( NAMED_UNIT(*) PLANE_ANGLE_UNIT() SI_UNIT($,.RADIAN.) );
#4639 = ( NAMED_UNIT(*) SI_UNIT($,.STERADIAN.) SOLID_ANGLE_UNIT() );
#4640 = UNCERTAINTY_MEASURE_WITH_UNIT(LENGTH_MEASURE(1.E-07),#4637,
  'distance_accuracy_value','confusion accuracy');
#4641 = SHAPE_DEFINITION_REPRESENTATION(#4642,#4623);
#4642 = PRODUCT_DEFINITION_SHAPE('','',#4643);
#4643 = PRODUCT_DEFINITION('design','',#4644,#4647);
#4644 = PRODUCT_DEFINITION_FORMATION('','',#4645);
#4645 = PRODUCT('H17','H17','',(#4646));
#4646 = PRODUCT_CONTEXT('',#2,'mechanical');
#4647 = PRODUCT_DEFINITION_CONTEXT('part definition',#2,'design');
#4648 = CONTEXT_DEPENDENT_SHAPE_REPRESENTATION(#4649,#4651);
#4649 = ( REPRESENTATION_RELATIONSHIP('','',#4623,#10) 
REPRESENTATION_RELATIONSHIP_WITH_TRANSFORMATION(#4650) 
SHAPE_REPRESENTATION_RELATIONSHIP() );
#4650 = ITEM_DEFINED_TRANSFORMATION('','',#11,#471);
#4651 = PRODUCT_DEFINITION_SHAPE('Placement','Placement of an item',
  #4652);
#4652 = NEXT_ASSEMBLY_USAGE_OCCURRENCE('115','=>[0:1:1:116]','',#5,#4643
  ,$);
#4653 = PRODUCT_RELATED_PRODUCT_CATEGORY('part',$,(#4645));
#4654 = ADVANCED_BREP_SHAPE_REPRESENTATION('',(#11,#4655),#4667);
#4655 = MANIFOLD_SOLID_BREP('',#4656);
#4656 = CLOSED_SHELL('',(#4657));
#4657 = ADVANCED_FACE('',(#4658),#4662,.T.);
#4658 = FACE_BOUND('',#4659,.T.);
#4659 = VERTEX_LOOP('',#4660);
#4660 = VERTEX_POINT('',#4661);
#4661 = CARTESIAN_POINT('',(1.255262969126E-17,-3.074507554457E-33,
    -0.205));
#4662 = SPHERICAL_SURFACE('',#4663,0.205);
#4663 = AXIS2_PLACEMENT_3D('',#4664,#4665,#4666);
#4664 = CARTESIAN_POINT('',(0.,0.,0.));
#4665 = DIRECTION('',(0.,0.,1.));
#4666 = DIRECTION('',(1.,0.,-0.));
#4667 = ( GEOMETRIC_REPRESENTATION_CONTEXT(3) 
GLOBAL_UNCERTAINTY_ASSIGNED_CONTEXT((#4671)) 
GLOBAL_UNIT_ASSIGNED_CONTEXT((#4668,#4669,#4670)) REPRESENTATION_CONTEXT
('Context #1','3D Context with UNIT and UNCERTAINTY') );
#4668 = ( LENGTH_UNIT() NAMED_UNIT(*) SI_UNIT(.MILLI.,.METRE.) );
#4669 = ( NAMED_UNIT(*) PLANE_ANGLE_UNIT() SI_UNIT($,.RADIAN.) );
#4670 = ( NAMED_UNIT(*) SI_UNIT($,.STERADIAN.) SOLID_ANGLE_UNIT() );
#4671 = UNCERTAINTY_MEASURE_WITH_UNIT(LENGTH_MEASURE(1.E-07),#4668,
  'distance_accuracy_value','confusion accuracy');
#4672 = SHAPE_DEFINITION_REPRESENTATION(#4673,#4654);
#4673 = PRODUCT_DEFINITION_SHAPE('','',#4674);
#4674 = PRODUCT_DEFINITION('design','',#4675,#4678);
#4675 = PRODUCT_DEFINITION_FORMATION('','',#4676);
#4676 = PRODUCT('H18','H18','',(#4677));
#4677 = PRODUCT_CONTEXT('',#2,'mechanical');
#4678 = PRODUCT_DEFINITION_CONTEXT('part definition',#2,'design');
#4679 = CONTEXT_DEPENDENT_SHAPE_REPRESENTATION(#4680,#4682);
#4680 = ( REPRESENTATION_RELATIONSHIP('','',#4654,#10) 
REPRESENTATION_RELATIONSHIP_WITH_TRANSFORMATION(#4681) 
SHAPE_REPRESENTATION_RELATIONSHIP() );
#4681 = ITEM_DEFINED_TRANSFORMATION('','',#11,#475);
#4682 = PRODUCT_DEFINITION_SHAPE('Placement','Placement of an item',
  #4683);
#4683 = NEXT_ASSEMBLY_USAGE_OCCURRENCE('116','=>[0:1:1:117]','',#5,#4674
  ,$);
#4684 = PRODUCT_RELATED_PRODUCT_CATEGORY('part',$,(#4676));
#4685 = ADVANCED_BREP_SHAPE_REPRESENTATION('',(#11,#4686),#4698);
#4686 = MANIFOLD_SOLID_BREP('',#4687);
#4687 = CLOSED_SHELL('',(#4688));
#4688 = ADVANCED_FACE('',(#4689),#4693,.T.);
#4689 = FACE_BOUND('',#4690,.T.);
#4690 = VERTEX_LOOP('',#4691);
#4691 = VERTEX_POINT('',#4692);
#4692 = CARTESIAN_POINT('',(1.255262969126E-17,-3.074507554457E-33,
    -0.205));
#4693 = SPHERICAL_SURFACE('',#4694,0.205);
#4694 = AXIS2_PLACEMENT_3D('',#4695,#4696,#4697);
#4695 = CARTESIAN_POINT('',(0.,0.,0.));
#4696 = DIRECTION('',(0.,0.,1.));
#4697 = DIRECTION('',(1.,0.,-0.));
#4698 = ( GEOMETRIC_REPRESENTATION_CONTEXT(3) 
GLOBAL_UNCERTAINTY_ASSIGNED_CONTEXT((#4702)) 
GLOBAL_UNIT_ASSIGNED_CONTEXT((#4699,#4700,#4701)) REPRESENTATION_CONTEXT
('Context #1','3D Context with UNIT and UNCERTAINTY') );
#4699 = ( LENGTH_UNIT() NAMED_UNIT(*) SI_UNIT(.MILLI.,.METRE.) );
#4700 = ( NAMED_UNIT(*) PLANE_ANGLE_UNIT() SI_UNIT($,.RADIAN.) );
#4701 = ( NAMED_UNIT(*) SI_UNIT($,.STERADIAN.) SOLID_ANGLE_UNIT() );
#4702 = UNCERTAINTY_MEASURE_WITH_UNIT(LENGTH_MEASURE(1.E-07),#4699,
  'distance_accuracy_value','confusion accuracy');
#4703 = SHAPE_DEFINITION_REPRESENTATION(#4704,#4685);
#4704 = PRODUCT_DEFINITION_SHAPE('','',#4705);
#4705 = PRODUCT_DEFINITION('design','',#4706,#4709);
#4706 = PRODUCT_DEFINITION_FORMATION('','',#4707);
#4707 = PRODUCT('J1','J1','',(#4708));
#4708 = PRODUCT_CONTEXT('',#2,'mechanical');
#4709 = PRODUCT_DEFINITION_CONTEXT('part definition',#2,'design');
#4710 = CONTEXT_DEPENDENT_SHAPE_REPRESENTATION(#4711,#4713);
#4711 = ( REPRESENTATION_RELATIONSHIP('','',#4685,#10) 
REPRESENTATION_RELATIONSHIP_WITH_TRANSFORMATION(#4712) 
SHAPE_REPRESENTATION_RELATIONSHIP() );
#4712 = ITEM_DEFINED_TRANSFORMATION('','',#11,#479);
#4713 = PRODUCT_DEFINITION_SHAPE('Placement','Placement of an item',
  #4714);
#4714 = NEXT_ASSEMBLY_USAGE_OCCURRENCE('117','=>[0:1:1:118]','',#5,#4705
  ,$);
#4715 = PRODUCT_RELATED_PRODUCT_CATEGORY('part',$,(#4707));
#4716 = ADVANCED_BREP_SHAPE_REPRESENTATION('',(#11,#4717),#4729);
#4717 = MANIFOLD_SOLID_BREP('',#4718);
#4718 = CLOSED_SHELL('',(#4719));
#4719 = ADVANCED_FACE('',(#4720),#4724,.T.);
#4720 = FACE_BOUND('',#4721,.T.);
#4721 = VERTEX_LOOP('',#4722);
#4722 = VERTEX_POINT('',#4723);
#4723 = CARTESIAN_POINT('',(1.255262969126E-17,-3.074507554457E-33,
    -0.205));
#4724 = SPHERICAL_SURFACE('',#4725,0.205);
#4725 = AXIS2_PLACEMENT_3D('',#4726,#4727,#4728);
#4726 = CARTESIAN_POINT('',(0.,0.,0.));
#4727 = DIRECTION('',(0.,0.,1.));
#4728 = DIRECTION('',(1.,0.,-0.));
#4729 = ( GEOMETRIC_REPRESENTATION_CONTEXT(3) 
GLOBAL_UNCERTAINTY_ASSIGNED_CONTEXT((#4733)) 
GLOBAL_UNIT_ASSIGNED_CONTEXT((#4730,#4731,#4732)) REPRESENTATION_CONTEXT
('Context #1','3D Context with UNIT and UNCERTAINTY') );
#4730 = ( LENGTH_UNIT() NAMED_UNIT(*) SI_UNIT(.MILLI.,.METRE.) );
#4731 = ( NAMED_UNIT(*) PLANE_ANGLE_UNIT() SI_UNIT($,.RADIAN.) );
#4732 = ( NAMED_UNIT(*) SI_UNIT($,.STERADIAN.) SOLID_ANGLE_UNIT() );
#4733 = UNCERTAINTY_MEASURE_WITH_UNIT(LENGTH_MEASURE(1.E-07),#4730,
  'distance_accuracy_value','confusion accuracy');
#4734 = SHAPE_DEFINITION_REPRESENTATION(#4735,#4716);
#4735 = PRODUCT_DEFINITION_SHAPE('','',#4736);
#4736 = PRODUCT_DEFINITION('design','',#4737,#4740);
#4737 = PRODUCT_DEFINITION_FORMATION('','',#4738);
#4738 = PRODUCT('J2','J2','',(#4739));
#4739 = PRODUCT_CONTEXT('',#2,'mechanical');
#4740 = PRODUCT_DEFINITION_CONTEXT('part definition',#2,'design');
#4741 = CONTEXT_DEPENDENT_SHAPE_REPRESENTATION(#4742,#4744);
#4742 = ( REPRESENTATION_RELATIONSHIP('','',#4716,#10) 
REPRESENTATION_RELATIONSHIP_WITH_TRANSFORMATION(#4743) 
SHAPE_REPRESENTATION_RELATIONSHIP() );
#4743 = ITEM_DEFINED_TRANSFORMATION('','',#11,#483);
#4744 = PRODUCT_DEFINITION_SHAPE('Placement','Placement of an item',
  #4745);
#4745 = NEXT_ASSEMBLY_USAGE_OCCURRENCE('118','=>[0:1:1:119]','',#5,#4736
  ,$);
#4746 = PRODUCT_RELATED_PRODUCT_CATEGORY('part',$,(#4738));
#4747 = ADVANCED_BREP_SHAPE_REPRESENTATION('',(#11,#4748),#4760);
#4748 = MANIFOLD_SOLID_BREP('',#4749);
#4749 = CLOSED_SHELL('',(#4750));
#4750 = ADVANCED_FACE('',(#4751),#4755,.T.);
#4751 = FACE_BOUND('',#4752,.T.);
#4752 = VERTEX_LOOP('',#4753);
#4753 = VERTEX_POINT('',#4754);
#4754 = CARTESIAN_POINT('',(1.255262969126E-17,-3.074507554457E-33,
    -0.205));
#4755 = SPHERICAL_SURFACE('',#4756,0.205);
#4756 = AXIS2_PLACEMENT_3D('',#4757,#4758,#4759);
#4757 = CARTESIAN_POINT('',(0.,0.,0.));
#4758 = DIRECTION('',(0.,0.,1.));
#4759 = DIRECTION('',(1.,0.,-0.));
#4760 = ( GEOMETRIC_REPRESENTATION_CONTEXT(3) 
GLOBAL_UNCERTAINTY_ASSIGNED_CONTEXT((#4764)) 
GLOBAL_UNIT_ASSIGNED_CONTEXT((#4761,#4762,#4763)) REPRESENTATION_CONTEXT
('Context #1','3D Context with UNIT and UNCERTAINTY') );
#4761 = ( LENGTH_UNIT() NAMED_UNIT(*) SI_UNIT(.MILLI.,.METRE.) );
#4762 = ( NAMED_UNIT(*) PLANE_ANGLE_UNIT() SI_UNIT($,.RADIAN.) );
#4763 = ( NAMED_UNIT(*) SI_UNIT($,.STERADIAN.) SOLID_ANGLE_UNIT() );
#4764 = UNCERTAINTY_MEASURE_WITH_UNIT(LENGTH_MEASURE(1.E-07),#4761,
  'distance_accuracy_value','confusion accuracy');
#4765 = SHAPE_DEFINITION_REPRESENTATION(#4766,#4747);
#4766 = PRODUCT_DEFINITION_SHAPE('','',#4767);
#4767 = PRODUCT_DEFINITION('design','',#4768,#4771);
#4768 = PRODUCT_DEFINITION_FORMATION('','',#4769);
#4769 = PRODUCT('J3','J3','',(#4770));
#4770 = PRODUCT_CONTEXT('',#2,'mechanical');
#4771 = PRODUCT_DEFINITION_CONTEXT('part definition',#2,'design');
#4772 = CONTEXT_DEPENDENT_SHAPE_REPRESENTATION(#4773,#4775);
#4773 = ( REPRESENTATION_RELATIONSHIP('','',#4747,#10) 
REPRESENTATION_RELATIONSHIP_WITH_TRANSFORMATION(#4774) 
SHAPE_REPRESENTATION_RELATIONSHIP() );
#4774 = ITEM_DEFINED_TRANSFORMATION('','',#11,#487);
#4775 = PRODUCT_DEFINITION_SHAPE('Placement','Placement of an item',
  #4776);
#4776 = NEXT_ASSEMBLY_USAGE_OCCURRENCE('119','=>[0:1:1:120]','',#5,#4767
  ,$);
#4777 = PRODUCT_RELATED_PRODUCT_CATEGORY('part',$,(#4769));
#4778 = ADVANCED_BREP_SHAPE_REPRESENTATION('',(#11,#4779),#4791);
#4779 = MANIFOLD_SOLID_BREP('',#4780);
#4780 = CLOSED_SHELL('',(#4781));
#4781 = ADVANCED_FACE('',(#4782),#4786,.T.);
#4782 = FACE_BOUND('',#4783,.T.);
#4783 = VERTEX_LOOP('',#4784);
#4784 = VERTEX_POINT('',#4785);
#4785 = CARTESIAN_POINT('',(1.255262969126E-17,-3.074507554457E-33,
    -0.205));
#4786 = SPHERICAL_SURFACE('',#4787,0.205);
#4787 = AXIS2_PLACEMENT_3D('',#4788,#4789,#4790);
#4788 = CARTESIAN_POINT('',(0.,0.,0.));
#4789 = DIRECTION('',(0.,0.,1.));
#4790 = DIRECTION('',(1.,0.,-0.));
#4791 = ( GEOMETRIC_REPRESENTATION_CONTEXT(3) 
GLOBAL_UNCERTAINTY_ASSIGNED_CONTEXT((#4795)) 
GLOBAL_UNIT_ASSIGNED_CONTEXT((#4792,#4793,#4794)) REPRESENTATION_CONTEXT
('Context #1','3D Context with UNIT and UNCERTAINTY') );
#4792 = ( LENGTH_UNIT() NAMED_UNIT(*) SI_UNIT(.MILLI.,.METRE.) );
#4793 = ( NAMED_UNIT(*) PLANE_ANGLE_UNIT() SI_UNIT($,.RADIAN.) );
#4794 = ( NAMED_UNIT(*) SI_UNIT($,.STERADIAN.) SOLID_ANGLE_UNIT() );
#4795 = UNCERTAINTY_MEASURE_WITH_UNIT(LENGTH_MEASURE(1.E-07),#4792,
  'distance_accuracy_value','confusion accuracy');
#4796 = SHAPE_DEFINITION_REPRESENTATION(#4797,#4778);
#4797 = PRODUCT_DEFINITION_SHAPE('','',#4798);
#4798 = PRODUCT_DEFINITION('design','',#4799,#4802);
#4799 = PRODUCT_DEFINITION_FORMATION('','',#4800);
#4800 = PRODUCT('J6','J6','',(#4801));
#4801 = PRODUCT_CONTEXT('',#2,'mechanical');
#4802 = PRODUCT_DEFINITION_CONTEXT('part definition',#2,'design');
#4803 = CONTEXT_DEPENDENT_SHAPE_REPRESENTATION(#4804,#4806);
#4804 = ( REPRESENTATION_RELATIONSHIP('','',#4778,#10) 
REPRESENTATION_RELATIONSHIP_WITH_TRANSFORMATION(#4805) 
SHAPE_REPRESENTATION_RELATIONSHIP() );
#4805 = ITEM_DEFINED_TRANSFORMATION('','',#11,#491);
#4806 = PRODUCT_DEFINITION_SHAPE('Placement','Placement of an item',
  #4807);
#4807 = NEXT_ASSEMBLY_USAGE_OCCURRENCE('120','=>[0:1:1:121]','',#5,#4798
  ,$);
#4808 = PRODUCT_RELATED_PRODUCT_CATEGORY('part',$,(#4800));
#4809 = ADVANCED_BREP_SHAPE_REPRESENTATION('',(#11,#4810),#4822);
#4810 = MANIFOLD_SOLID_BREP('',#4811);
#4811 = CLOSED_SHELL('',(#4812));
#4812 = ADVANCED_FACE('',(#4813),#4817,.T.);
#4813 = FACE_BOUND('',#4814,.T.);
#4814 = VERTEX_LOOP('',#4815);
#4815 = VERTEX_POINT('',#4816);
#4816 = CARTESIAN_POINT('',(1.255262969126E-17,-3.074507554457E-33,
    -0.205));
#4817 = SPHERICAL_SURFACE('',#4818,0.205);
#4818 = AXIS2_PLACEMENT_3D('',#4819,#4820,#4821);
#4819 = CARTESIAN_POINT('',(0.,0.,0.));
#4820 = DIRECTION('',(0.,0.,1.));
#4821 = DIRECTION('',(1.,0.,-0.));
#4822 = ( GEOMETRIC_REPRESENTATION_CONTEXT(3) 
GLOBAL_UNCERTAINTY_ASSIGNED_CONTEXT((#4826)) 
GLOBAL_UNIT_ASSIGNED_CONTEXT((#4823,#4824,#4825)) REPRESENTATION_CONTEXT
('Context #1','3D Context with UNIT and UNCERTAINTY') );
#4823 = ( LENGTH_UNIT() NAMED_UNIT(*) SI_UNIT(.MILLI.,.METRE.) );
#4824 = ( NAMED_UNIT(*) PLANE_ANGLE_UNIT() SI_UNIT($,.RADIAN.) );
#4825 = ( NAMED_UNIT(*) SI_UNIT($,.STERADIAN.) SOLID_ANGLE_UNIT() );
#4826 = UNCERTAINTY_MEASURE_WITH_UNIT(LENGTH_MEASURE(1.E-07),#4823,
  'distance_accuracy_value','confusion accuracy');
#4827 = SHAPE_DEFINITION_REPRESENTATION(#4828,#4809);
#4828 = PRODUCT_DEFINITION_SHAPE('','',#4829);
#4829 = PRODUCT_DEFINITION('design','',#4830,#4833);
#4830 = PRODUCT_DEFINITION_FORMATION('','',#4831);
#4831 = PRODUCT('J7','J7','',(#4832));
#4832 = PRODUCT_CONTEXT('',#2,'mechanical');
#4833 = PRODUCT_DEFINITION_CONTEXT('part definition',#2,'design');
#4834 = CONTEXT_DEPENDENT_SHAPE_REPRESENTATION(#4835,#4837);
#4835 = ( REPRESENTATION_RELATIONSHIP('','',#4809,#10) 
REPRESENTATION_RELATIONSHIP_WITH_TRANSFORMATION(#4836) 
SHAPE_REPRESENTATION_RELATIONSHIP() );
#4836 = ITEM_DEFINED_TRANSFORMATION('','',#11,#495);
#4837 = PRODUCT_DEFINITION_SHAPE('Placement','Placement of an item',
  #4838);
#4838 = NEXT_ASSEMBLY_USAGE_OCCURRENCE('121','=>[0:1:1:122]','',#5,#4829
  ,$);
#4839 = PRODUCT_RELATED_PRODUCT_CATEGORY('part',$,(#4831));
#4840 = ADVANCED_BREP_SHAPE_REPRESENTATION('',(#11,#4841),#4853);
#4841 = MANIFOLD_SOLID_BREP('',#4842);
#4842 = CLOSED_SHELL('',(#4843));
#4843 = ADVANCED_FACE('',(#4844),#4848,.T.);
#4844 = FACE_BOUND('',#4845,.T.);
#4845 = VERTEX_LOOP('',#4846);
#4846 = VERTEX_POINT('',#4847);
#4847 = CARTESIAN_POINT('',(1.255262969126E-17,-3.074507554457E-33,
    -0.205));
#4848 = SPHERICAL_SURFACE('',#4849,0.205);
#4849 = AXIS2_PLACEMENT_3D('',#4850,#4851,#4852);
#4850 = CARTESIAN_POINT('',(0.,0.,0.));
#4851 = DIRECTION('',(0.,0.,1.));
#4852 = DIRECTION('',(1.,0.,-0.));
#4853 = ( GEOMETRIC_REPRESENTATION_CONTEXT(3) 
GLOBAL_UNCERTAINTY_ASSIGNED_CONTEXT((#4857)) 
GLOBAL_UNIT_ASSIGNED_CONTEXT((#4854,#4855,#4856)) REPRESENTATION_CONTEXT
('Context #1','3D Context with UNIT and UNCERTAINTY') );
#4854 = ( LENGTH_UNIT() NAMED_UNIT(*) SI_UNIT(.MILLI.,.METRE.) );
#4855 = ( NAMED_UNIT(*) PLANE_ANGLE_UNIT() SI_UNIT($,.RADIAN.) );
#4856 = ( NAMED_UNIT(*) SI_UNIT($,.STERADIAN.) SOLID_ANGLE_UNIT() );
#4857 = UNCERTAINTY_MEASURE_WITH_UNIT(LENGTH_MEASURE(1.E-07),#4854,
  'distance_accuracy_value','confusion accuracy');
#4858 = SHAPE_DEFINITION_REPRESENTATION(#4859,#4840);
#4859 = PRODUCT_DEFINITION_SHAPE('','',#4860);
#4860 = PRODUCT_DEFINITION('design','',#4861,#4864);
#4861 = PRODUCT_DEFINITION_FORMATION('','',#4862);
#4862 = PRODUCT('J8','J8','',(#4863));
#4863 = PRODUCT_CONTEXT('',#2,'mechanical');
#4864 = PRODUCT_DEFINITION_CONTEXT('part definition',#2,'design');
#4865 = CONTEXT_DEPENDENT_SHAPE_REPRESENTATION(#4866,#4868);
#4866 = ( REPRESENTATION_RELATIONSHIP('','',#4840,#10) 
REPRESENTATION_RELATIONSHIP_WITH_TRANSFORMATION(#4867) 
SHAPE_REPRESENTATION_RELATIONSHIP() );
#4867 = ITEM_DEFINED_TRANSFORMATION('','',#11,#499);
#4868 = PRODUCT_DEFINITION_SHAPE('Placement','Placement of an item',
  #4869);
#4869 = NEXT_ASSEMBLY_USAGE_OCCURRENCE('122','=>[0:1:1:123]','',#5,#4860
  ,$);
#4870 = PRODUCT_RELATED_PRODUCT_CATEGORY('part',$,(#4862));
#4871 = ADVANCED_BREP_SHAPE_REPRESENTATION('',(#11,#4872),#4884);
#4872 = MANIFOLD_SOLID_BREP('',#4873);
#4873 = CLOSED_SHELL('',(#4874));
#4874 = ADVANCED_FACE('',(#4875),#4879,.T.);
#4875 = FACE_BOUND('',#4876,.T.);
#4876 = VERTEX_LOOP('',#4877);
#4877 = VERTEX_POINT('',#4878);
#4878 = CARTESIAN_POINT('',(1.255262969126E-17,-3.074507554457E-33,
    -0.205));
#4879 = SPHERICAL_SURFACE('',#4880,0.205);
#4880 = AXIS2_PLACEMENT_3D('',#4881,#4882,#4883);
#4881 = CARTESIAN_POINT('',(0.,0.,0.));
#4882 = DIRECTION('',(0.,0.,1.));
#4883 = DIRECTION('',(1.,0.,-0.));
#4884 = ( GEOMETRIC_REPRESENTATION_CONTEXT(3) 
GLOBAL_UNCERTAINTY_ASSIGNED_CONTEXT((#4888)) 
GLOBAL_UNIT_ASSIGNED_CONTEXT((#4885,#4886,#4887)) REPRESENTATION_CONTEXT
('Context #1','3D Context with UNIT and UNCERTAINTY') );
#4885 = ( LENGTH_UNIT() NAMED_UNIT(*) SI_UNIT(.MILLI.,.METRE.) );
#4886 = ( NAMED_UNIT(*) PLANE_ANGLE_UNIT() SI_UNIT($,.RADIAN.) );
#4887 = ( NAMED_UNIT(*) SI_UNIT($,.STERADIAN.) SOLID_ANGLE_UNIT() );
#4888 = UNCERTAINTY_MEASURE_WITH_UNIT(LENGTH_MEASURE(1.E-07),#4885,
  'distance_accuracy_value','confusion accuracy');
#4889 = SHAPE_DEFINITION_REPRESENTATION(#4890,#4871);
#4890 = PRODUCT_DEFINITION_SHAPE('','',#4891);
#4891 = PRODUCT_DEFINITION('design','',#4892,#4895);
#4892 = PRODUCT_DEFINITION_FORMATION('','',#4893);
#4893 = PRODUCT('J9','J9','',(#4894));
#4894 = PRODUCT_CONTEXT('',#2,'mechanical');
#4895 = PRODUCT_DEFINITION_CONTEXT('part definition',#2,'design');
#4896 = CONTEXT_DEPENDENT_SHAPE_REPRESENTATION(#4897,#4899);
#4897 = ( REPRESENTATION_RELATIONSHIP('','',#4871,#10) 
REPRESENTATION_RELATIONSHIP_WITH_TRANSFORMATION(#4898) 
SHAPE_REPRESENTATION_RELATIONSHIP() );
#4898 = ITEM_DEFINED_TRANSFORMATION('','',#11,#503);
#4899 = PRODUCT_DEFINITION_SHAPE('Placement','Placement of an item',
  #4900);
#4900 = NEXT_ASSEMBLY_USAGE_OCCURRENCE('123','=>[0:1:1:124]','',#5,#4891
  ,$);
#4901 = PRODUCT_RELATED_PRODUCT_CATEGORY('part',$,(#4893));
#4902 = ADVANCED_BREP_SHAPE_REPRESENTATION('',(#11,#4903),#4915);
#4903 = MANIFOLD_SOLID_BREP('',#4904);
#4904 = CLOSED_SHELL('',(#4905));
#4905 = ADVANCED_FACE('',(#4906),#4910,.T.);
#4906 = FACE_BOUND('',#4907,.T.);
#4907 = VERTEX_LOOP('',#4908);
#4908 = VERTEX_POINT('',#4909);
#4909 = CARTESIAN_POINT('',(1.255262969126E-17,-3.074507554457E-33,
    -0.205));
#4910 = SPHERICAL_SURFACE('',#4911,0.205);
#4911 = AXIS2_PLACEMENT_3D('',#4912,#4913,#4914);
#4912 = CARTESIAN_POINT('',(0.,0.,0.));
#4913 = DIRECTION('',(0.,0.,1.));
#4914 = DIRECTION('',(1.,0.,-0.));
#4915 = ( GEOMETRIC_REPRESENTATION_CONTEXT(3) 
GLOBAL_UNCERTAINTY_ASSIGNED_CONTEXT((#4919)) 
GLOBAL_UNIT_ASSIGNED_CONTEXT((#4916,#4917,#4918)) REPRESENTATION_CONTEXT
('Context #1','3D Context with UNIT and UNCERTAINTY') );
#4916 = ( LENGTH_UNIT() NAMED_UNIT(*) SI_UNIT(.MILLI.,.METRE.) );
#4917 = ( NAMED_UNIT(*) PLANE_ANGLE_UNIT() SI_UNIT($,.RADIAN.) );
#4918 = ( NAMED_UNIT(*) SI_UNIT($,.STERADIAN.) SOLID_ANGLE_UNIT() );
#4919 = UNCERTAINTY_MEASURE_WITH_UNIT(LENGTH_MEASURE(1.E-07),#4916,
  'distance_accuracy_value','confusion accuracy');
#4920 = SHAPE_DEFINITION_REPRESENTATION(#4921,#4902);
#4921 = PRODUCT_DEFINITION_SHAPE('','',#4922);
#4922 = PRODUCT_DEFINITION('design','',#4923,#4926);
#4923 = PRODUCT_DEFINITION_FORMATION('','',#4924);
#4924 = PRODUCT('J10','J10','',(#4925));
#4925 = PRODUCT_CONTEXT('',#2,'mechanical');
#4926 = PRODUCT_DEFINITION_CONTEXT('part definition',#2,'design');
#4927 = CONTEXT_DEPENDENT_SHAPE_REPRESENTATION(#4928,#4930);
#4928 = ( REPRESENTATION_RELATIONSHIP('','',#4902,#10) 
REPRESENTATION_RELATIONSHIP_WITH_TRANSFORMATION(#4929) 
SHAPE_REPRESENTATION_RELATIONSHIP() );
#4929 = ITEM_DEFINED_TRANSFORMATION('','',#11,#507);
#4930 = PRODUCT_DEFINITION_SHAPE('Placement','Placement of an item',
  #4931);
#4931 = NEXT_ASSEMBLY_USAGE_OCCURRENCE('124','=>[0:1:1:125]','',#5,#4922
  ,$);
#4932 = PRODUCT_RELATED_PRODUCT_CATEGORY('part',$,(#4924));
#4933 = ADVANCED_BREP_SHAPE_REPRESENTATION('',(#11,#4934),#4946);
#4934 = MANIFOLD_SOLID_BREP('',#4935);
#4935 = CLOSED_SHELL('',(#4936));
#4936 = ADVANCED_FACE('',(#4937),#4941,.T.);
#4937 = FACE_BOUND('',#4938,.T.);
#4938 = VERTEX_LOOP('',#4939);
#4939 = VERTEX_POINT('',#4940);
#4940 = CARTESIAN_POINT('',(1.255262969126E-17,-3.074507554457E-33,
    -0.205));
#4941 = SPHERICAL_SURFACE('',#4942,0.205);
#4942 = AXIS2_PLACEMENT_3D('',#4943,#4944,#4945);
#4943 = CARTESIAN_POINT('',(0.,0.,0.));
#4944 = DIRECTION('',(0.,0.,1.));
#4945 = DIRECTION('',(1.,0.,-0.));
#4946 = ( GEOMETRIC_REPRESENTATION_CONTEXT(3) 
GLOBAL_UNCERTAINTY_ASSIGNED_CONTEXT((#4950)) 
GLOBAL_UNIT_ASSIGNED_CONTEXT((#4947,#4948,#4949)) REPRESENTATION_CONTEXT
('Context #1','3D Context with UNIT and UNCERTAINTY') );
#4947 = ( LENGTH_UNIT() NAMED_UNIT(*) SI_UNIT(.MILLI.,.METRE.) );
#4948 = ( NAMED_UNIT(*) PLANE_ANGLE_UNIT() SI_UNIT($,.RADIAN.) );
#4949 = ( NAMED_UNIT(*) SI_UNIT($,.STERADIAN.) SOLID_ANGLE_UNIT() );
#4950 = UNCERTAINTY_MEASURE_WITH_UNIT(LENGTH_MEASURE(1.E-07),#4947,
  'distance_accuracy_value','confusion accuracy');
#4951 = SHAPE_DEFINITION_REPRESENTATION(#4952,#4933);
#4952 = PRODUCT_DEFINITION_SHAPE('','',#4953);
#4953 = PRODUCT_DEFINITION('design','',#4954,#4957);
#4954 = PRODUCT_DEFINITION_FORMATION('','',#4955);
#4955 = PRODUCT('J11','J11','',(#4956));
#4956 = PRODUCT_CONTEXT('',#2,'mechanical');
#4957 = PRODUCT_DEFINITION_CONTEXT('part definition',#2,'design');
#4958 = CONTEXT_DEPENDENT_SHAPE_REPRESENTATION(#4959,#4961);
#4959 = ( REPRESENTATION_RELATIONSHIP('','',#4933,#10) 
REPRESENTATION_RELATIONSHIP_WITH_TRANSFORMATION(#4960) 
SHAPE_REPRESENTATION_RELATIONSHIP() );
#4960 = ITEM_DEFINED_TRANSFORMATION('','',#11,#511);
#4961 = PRODUCT_DEFINITION_SHAPE('Placement','Placement of an item',
  #4962);
#4962 = NEXT_ASSEMBLY_USAGE_OCCURRENCE('125','=>[0:1:1:126]','',#5,#4953
  ,$);
#4963 = PRODUCT_RELATED_PRODUCT_CATEGORY('part',$,(#4955));
#4964 = ADVANCED_BREP_SHAPE_REPRESENTATION('',(#11,#4965),#4977);
#4965 = MANIFOLD_SOLID_BREP('',#4966);
#4966 = CLOSED_SHELL('',(#4967));
#4967 = ADVANCED_FACE('',(#4968),#4972,.T.);
#4968 = FACE_BOUND('',#4969,.T.);
#4969 = VERTEX_LOOP('',#4970);
#4970 = VERTEX_POINT('',#4971);
#4971 = CARTESIAN_POINT('',(1.255262969126E-17,-3.074507554457E-33,
    -0.205));
#4972 = SPHERICAL_SURFACE('',#4973,0.205);
#4973 = AXIS2_PLACEMENT_3D('',#4974,#4975,#4976);
#4974 = CARTESIAN_POINT('',(0.,0.,0.));
#4975 = DIRECTION('',(0.,0.,1.));
#4976 = DIRECTION('',(1.,0.,-0.));
#4977 = ( GEOMETRIC_REPRESENTATION_CONTEXT(3) 
GLOBAL_UNCERTAINTY_ASSIGNED_CONTEXT((#4981)) 
GLOBAL_UNIT_ASSIGNED_CONTEXT((#4978,#4979,#4980)) REPRESENTATION_CONTEXT
('Context #1','3D Context with UNIT and UNCERTAINTY') );
#4978 = ( LENGTH_UNIT() NAMED_UNIT(*) SI_UNIT(.MILLI.,.METRE.) );
#4979 = ( NAMED_UNIT(*) PLANE_ANGLE_UNIT() SI_UNIT($,.RADIAN.) );
#4980 = ( NAMED_UNIT(*) SI_UNIT($,.STERADIAN.) SOLID_ANGLE_UNIT() );
#4981 = UNCERTAINTY_MEASURE_WITH_UNIT(LENGTH_MEASURE(1.E-07),#4978,
  'distance_accuracy_value','confusion accuracy');
#4982 = SHAPE_DEFINITION_REPRESENTATION(#4983,#4964);
#4983 = PRODUCT_DEFINITION_SHAPE('','',#4984);
#4984 = PRODUCT_DEFINITION('design','',#4985,#4988);
#4985 = PRODUCT_DEFINITION_FORMATION('','',#4986);
#4986 = PRODUCT('J12','J12','',(#4987));
#4987 = PRODUCT_CONTEXT('',#2,'mechanical');
#4988 = PRODUCT_DEFINITION_CONTEXT('part definition',#2,'design');
#4989 = CONTEXT_DEPENDENT_SHAPE_REPRESENTATION(#4990,#4992);
#4990 = ( REPRESENTATION_RELATIONSHIP('','',#4964,#10) 
REPRESENTATION_RELATIONSHIP_WITH_TRANSFORMATION(#4991) 
SHAPE_REPRESENTATION_RELATIONSHIP() );
#4991 = ITEM_DEFINED_TRANSFORMATION('','',#11,#515);
#4992 = PRODUCT_DEFINITION_SHAPE('Placement','Placement of an item',
  #4993);
#4993 = NEXT_ASSEMBLY_USAGE_OCCURRENCE('126','=>[0:1:1:127]','',#5,#4984
  ,$);
#4994 = PRODUCT_RELATED_PRODUCT_CATEGORY('part',$,(#4986));
#4995 = ADVANCED_BREP_SHAPE_REPRESENTATION('',(#11,#4996),#5008);
#4996 = MANIFOLD_SOLID_BREP('',#4997);
#4997 = CLOSED_SHELL('',(#4998));
#4998 = ADVANCED_FACE('',(#4999),#5003,.T.);
#4999 = FACE_BOUND('',#5000,.T.);
#5000 = VERTEX_LOOP('',#5001);
#5001 = VERTEX_POINT('',#5002);
#5002 = CARTESIAN_POINT('',(1.255262969126E-17,-3.074507554457E-33,
    -0.205));
#5003 = SPHERICAL_SURFACE('',#5004,0.205);
#5004 = AXIS2_PLACEMENT_3D('',#5005,#5006,#5007);
#5005 = CARTESIAN_POINT('',(0.,0.,0.));
#5006 = DIRECTION('',(0.,0.,1.));
#5007 = DIRECTION('',(1.,0.,-0.));
#5008 = ( GEOMETRIC_REPRESENTATION_CONTEXT(3) 
GLOBAL_UNCERTAINTY_ASSIGNED_CONTEXT((#5012)) 
GLOBAL_UNIT_ASSIGNED_CONTEXT((#5009,#5010,#5011)) REPRESENTATION_CONTEXT
('Context #1','3D Context with UNIT and UNCERTAINTY') );
#5009 = ( LENGTH_UNIT() NAMED_UNIT(*) SI_UNIT(.MILLI.,.METRE.) );
#5010 = ( NAMED_UNIT(*) PLANE_ANGLE_UNIT() SI_UNIT($,.RADIAN.) );
#5011 = ( NAMED_UNIT(*) SI_UNIT($,.STERADIAN.) SOLID_ANGLE_UNIT() );
#5012 = UNCERTAINTY_MEASURE_WITH_UNIT(LENGTH_MEASURE(1.E-07),#5009,
  'distance_accuracy_value','confusion accuracy');
#5013 = SHAPE_DEFINITION_REPRESENTATION(#5014,#4995);
#5014 = PRODUCT_DEFINITION_SHAPE('','',#5015);
#5015 = PRODUCT_DEFINITION('design','',#5016,#5019);
#5016 = PRODUCT_DEFINITION_FORMATION('','',#5017);
#5017 = PRODUCT('J13','J13','',(#5018));
#5018 = PRODUCT_CONTEXT('',#2,'mechanical');
#5019 = PRODUCT_DEFINITION_CONTEXT('part definition',#2,'design');
#5020 = CONTEXT_DEPENDENT_SHAPE_REPRESENTATION(#5021,#5023);
#5021 = ( REPRESENTATION_RELATIONSHIP('','',#4995,#10) 
REPRESENTATION_RELATIONSHIP_WITH_TRANSFORMATION(#5022) 
SHAPE_REPRESENTATION_RELATIONSHIP() );
#5022 = ITEM_DEFINED_TRANSFORMATION('','',#11,#519);
#5023 = PRODUCT_DEFINITION_SHAPE('Placement','Placement of an item',
  #5024);
#5024 = NEXT_ASSEMBLY_USAGE_OCCURRENCE('127','=>[0:1:1:128]','',#5,#5015
  ,$);
#5025 = PRODUCT_RELATED_PRODUCT_CATEGORY('part',$,(#5017));
#5026 = ADVANCED_BREP_SHAPE_REPRESENTATION('',(#11,#5027),#5039);
#5027 = MANIFOLD_SOLID_BREP('',#5028);
#5028 = CLOSED_SHELL('',(#5029));
#5029 = ADVANCED_FACE('',(#5030),#5034,.T.);
#5030 = FACE_BOUND('',#5031,.T.);
#5031 = VERTEX_LOOP('',#5032);
#5032 = VERTEX_POINT('',#5033);
#5033 = CARTESIAN_POINT('',(1.255262969126E-17,-3.074507554457E-33,
    -0.205));
#5034 = SPHERICAL_SURFACE('',#5035,0.205);
#5035 = AXIS2_PLACEMENT_3D('',#5036,#5037,#5038);
#5036 = CARTESIAN_POINT('',(0.,0.,0.));
#5037 = DIRECTION('',(0.,0.,1.));
#5038 = DIRECTION('',(1.,0.,-0.));
#5039 = ( GEOMETRIC_REPRESENTATION_CONTEXT(3) 
GLOBAL_UNCERTAINTY_ASSIGNED_CONTEXT((#5043)) 
GLOBAL_UNIT_ASSIGNED_CONTEXT((#5040,#5041,#5042)) REPRESENTATION_CONTEXT
('Context #1','3D Context with UNIT and UNCERTAINTY') );
#5040 = ( LENGTH_UNIT() NAMED_UNIT(*) SI_UNIT(.MILLI.,.METRE.) );
#5041 = ( NAMED_UNIT(*) PLANE_ANGLE_UNIT() SI_UNIT($,.RADIAN.) );
#5042 = ( NAMED_UNIT(*) SI_UNIT($,.STERADIAN.) SOLID_ANGLE_UNIT() );
#5043 = UNCERTAINTY_MEASURE_WITH_UNIT(LENGTH_MEASURE(1.E-07),#5040,
  'distance_accuracy_value','confusion accuracy');
#5044 = SHAPE_DEFINITION_REPRESENTATION(#5045,#5026);
#5045 = PRODUCT_DEFINITION_SHAPE('','',#5046);
#5046 = PRODUCT_DEFINITION('design','',#5047,#5050);
#5047 = PRODUCT_DEFINITION_FORMATION('','',#5048);
#5048 = PRODUCT('J14','J14','',(#5049));
#5049 = PRODUCT_CONTEXT('',#2,'mechanical');
#5050 = PRODUCT_DEFINITION_CONTEXT('part definition',#2,'design');
#5051 = CONTEXT_DEPENDENT_SHAPE_REPRESENTATION(#5052,#5054);
#5052 = ( REPRESENTATION_RELATIONSHIP('','',#5026,#10) 
REPRESENTATION_RELATIONSHIP_WITH_TRANSFORMATION(#5053) 
SHAPE_REPRESENTATION_RELATIONSHIP() );
#5053 = ITEM_DEFINED_TRANSFORMATION('','',#11,#523);
#5054 = PRODUCT_DEFINITION_SHAPE('Placement','Placement of an item',
  #5055);
#5055 = NEXT_ASSEMBLY_USAGE_OCCURRENCE('128','=>[0:1:1:129]','',#5,#5046
  ,$);
#5056 = PRODUCT_RELATED_PRODUCT_CATEGORY('part',$,(#5048));
#5057 = ADVANCED_BREP_SHAPE_REPRESENTATION('',(#11,#5058),#5070);
#5058 = MANIFOLD_SOLID_BREP('',#5059);
#5059 = CLOSED_SHELL('',(#5060));
#5060 = ADVANCED_FACE('',(#5061),#5065,.T.);
#5061 = FACE_BOUND('',#5062,.T.);
#5062 = VERTEX_LOOP('',#5063);
#5063 = VERTEX_POINT('',#5064);
#5064 = CARTESIAN_POINT('',(1.255262969126E-17,-3.074507554457E-33,
    -0.205));
#5065 = SPHERICAL_SURFACE('',#5066,0.205);
#5066 = AXIS2_PLACEMENT_3D('',#5067,#5068,#5069);
#5067 = CARTESIAN_POINT('',(0.,0.,0.));
#5068 = DIRECTION('',(0.,0.,1.));
#5069 = DIRECTION('',(1.,0.,-0.));
#5070 = ( GEOMETRIC_REPRESENTATION_CONTEXT(3) 
GLOBAL_UNCERTAINTY_ASSIGNED_CONTEXT((#5074)) 
GLOBAL_UNIT_ASSIGNED_CONTEXT((#5071,#5072,#5073)) REPRESENTATION_CONTEXT
('Context #1','3D Context with UNIT and UNCERTAINTY') );
#5071 = ( LENGTH_UNIT() NAMED_UNIT(*) SI_UNIT(.MILLI.,.METRE.) );
#5072 = ( NAMED_UNIT(*) PLANE_ANGLE_UNIT() SI_UNIT($,.RADIAN.) );
#5073 = ( NAMED_UNIT(*) SI_UNIT($,.STERADIAN.) SOLID_ANGLE_UNIT() );
#5074 = UNCERTAINTY_MEASURE_WITH_UNIT(LENGTH_MEASURE(1.E-07),#5071,
  'distance_accuracy_value','confusion accuracy');
#5075 = SHAPE_DEFINITION_REPRESENTATION(#5076,#5057);
#5076 = PRODUCT_DEFINITION_SHAPE('','',#5077);
#5077 = PRODUCT_DEFINITION('design','',#5078,#5081);
#5078 = PRODUCT_DEFINITION_FORMATION('','',#5079);
#5079 = PRODUCT('J15','J15','',(#5080));
#5080 = PRODUCT_CONTEXT('',#2,'mechanical');
#5081 = PRODUCT_DEFINITION_CONTEXT('part definition',#2,'design');
#5082 = CONTEXT_DEPENDENT_SHAPE_REPRESENTATION(#5083,#5085);
#5083 = ( REPRESENTATION_RELATIONSHIP('','',#5057,#10) 
REPRESENTATION_RELATIONSHIP_WITH_TRANSFORMATION(#5084) 
SHAPE_REPRESENTATION_RELATIONSHIP() );
#5084 = ITEM_DEFINED_TRANSFORMATION('','',#11,#527);
#5085 = PRODUCT_DEFINITION_SHAPE('Placement','Placement of an item',
  #5086);
#5086 = NEXT_ASSEMBLY_USAGE_OCCURRENCE('129','=>[0:1:1:130]','',#5,#5077
  ,$);
#5087 = PRODUCT_RELATED_PRODUCT_CATEGORY('part',$,(#5079));
#5088 = ADVANCED_BREP_SHAPE_REPRESENTATION('',(#11,#5089),#5101);
#5089 = MANIFOLD_SOLID_BREP('',#5090);
#5090 = CLOSED_SHELL('',(#5091));
#5091 = ADVANCED_FACE('',(#5092),#5096,.T.);
#5092 = FACE_BOUND('',#5093,.T.);
#5093 = VERTEX_LOOP('',#5094);
#5094 = VERTEX_POINT('',#5095);
#5095 = CARTESIAN_POINT('',(1.255262969126E-17,-3.074507554457E-33,
    -0.205));
#5096 = SPHERICAL_SURFACE('',#5097,0.205);
#5097 = AXIS2_PLACEMENT_3D('',#5098,#5099,#5100);
#5098 = CARTESIAN_POINT('',(0.,0.,0.));
#5099 = DIRECTION('',(0.,0.,1.));
#5100 = DIRECTION('',(1.,0.,-0.));
#5101 = ( GEOMETRIC_REPRESENTATION_CONTEXT(3) 
GLOBAL_UNCERTAINTY_ASSIGNED_CONTEXT((#5105)) 
GLOBAL_UNIT_ASSIGNED_CONTEXT((#5102,#5103,#5104)) REPRESENTATION_CONTEXT
('Context #1','3D Context with UNIT and UNCERTAINTY') );
#5102 = ( LENGTH_UNIT() NAMED_UNIT(*) SI_UNIT(.MILLI.,.METRE.) );
#5103 = ( NAMED_UNIT(*) PLANE_ANGLE_UNIT() SI_UNIT($,.RADIAN.) );
#5104 = ( NAMED_UNIT(*) SI_UNIT($,.STERADIAN.) SOLID_ANGLE_UNIT() );
#5105 = UNCERTAINTY_MEASURE_WITH_UNIT(LENGTH_MEASURE(1.E-07),#5102,
  'distance_accuracy_value','confusion accuracy');
#5106 = SHAPE_DEFINITION_REPRESENTATION(#5107,#5088);
#5107 = PRODUCT_DEFINITION_SHAPE('','',#5108);
#5108 = PRODUCT_DEFINITION('design','',#5109,#5112);
#5109 = PRODUCT_DEFINITION_FORMATION('','',#5110);
#5110 = PRODUCT('J17','J17','',(#5111));
#5111 = PRODUCT_CONTEXT('',#2,'mechanical');
#5112 = PRODUCT_DEFINITION_CONTEXT('part definition',#2,'design');
#5113 = CONTEXT_DEPENDENT_SHAPE_REPRESENTATION(#5114,#5116);
#5114 = ( REPRESENTATION_RELATIONSHIP('','',#5088,#10) 
REPRESENTATION_RELATIONSHIP_WITH_TRANSFORMATION(#5115) 
SHAPE_REPRESENTATION_RELATIONSHIP() );
#5115 = ITEM_DEFINED_TRANSFORMATION('','',#11,#531);
#5116 = PRODUCT_DEFINITION_SHAPE('Placement','Placement of an item',
  #5117);
#5117 = NEXT_ASSEMBLY_USAGE_OCCURRENCE('130','=>[0:1:1:131]','',#5,#5108
  ,$);
#5118 = PRODUCT_RELATED_PRODUCT_CATEGORY('part',$,(#5110));
#5119 = ADVANCED_BREP_SHAPE_REPRESENTATION('',(#11,#5120),#5132);
#5120 = MANIFOLD_SOLID_BREP('',#5121);
#5121 = CLOSED_SHELL('',(#5122));
#5122 = ADVANCED_FACE('',(#5123),#5127,.T.);
#5123 = FACE_BOUND('',#5124,.T.);
#5124 = VERTEX_LOOP('',#5125);
#5125 = VERTEX_POINT('',#5126);
#5126 = CARTESIAN_POINT('',(1.255262969126E-17,-3.074507554457E-33,
    -0.205));
#5127 = SPHERICAL_SURFACE('',#5128,0.205);
#5128 = AXIS2_PLACEMENT_3D('',#5129,#5130,#5131);
#5129 = CARTESIAN_POINT('',(0.,0.,0.));
#5130 = DIRECTION('',(0.,0.,1.));
#5131 = DIRECTION('',(1.,0.,-0.));
#5132 = ( GEOMETRIC_REPRESENTATION_CONTEXT(3) 
GLOBAL_UNCERTAINTY_ASSIGNED_CONTEXT((#5136)) 
GLOBAL_UNIT_ASSIGNED_CONTEXT((#5133,#5134,#5135)) REPRESENTATION_CONTEXT
('Context #1','3D Context with UNIT and UNCERTAINTY') );
#5133 = ( LENGTH_UNIT() NAMED_UNIT(*) SI_UNIT(.MILLI.,.METRE.) );
#5134 = ( NAMED_UNIT(*) PLANE_ANGLE_UNIT() SI_UNIT($,.RADIAN.) );
#5135 = ( NAMED_UNIT(*) SI_UNIT($,.STERADIAN.) SOLID_ANGLE_UNIT() );
#5136 = UNCERTAINTY_MEASURE_WITH_UNIT(LENGTH_MEASURE(1.E-07),#5133,
  'distance_accuracy_value','confusion accuracy');
#5137 = SHAPE_DEFINITION_REPRESENTATION(#5138,#5119);
#5138 = PRODUCT_DEFINITION_SHAPE('','',#5139);
#5139 = PRODUCT_DEFINITION('design','',#5140,#5143);
#5140 = PRODUCT_DEFINITION_FORMATION('','',#5141);
#5141 = PRODUCT('J18','J18','',(#5142));
#5142 = PRODUCT_CONTEXT('',#2,'mechanical');
#5143 = PRODUCT_DEFINITION_CONTEXT('part definition',#2,'design');
#5144 = CONTEXT_DEPENDENT_SHAPE_REPRESENTATION(#5145,#5147);
#5145 = ( REPRESENTATION_RELATIONSHIP('','',#5119,#10) 
REPRESENTATION_RELATIONSHIP_WITH_TRANSFORMATION(#5146) 
SHAPE_REPRESENTATION_RELATIONSHIP() );
#5146 = ITEM_DEFINED_TRANSFORMATION('','',#11,#535);
#5147 = PRODUCT_DEFINITION_SHAPE('Placement','Placement of an item',
  #5148);
#5148 = NEXT_ASSEMBLY_USAGE_OCCURRENCE('131','=>[0:1:1:132]','',#5,#5139
  ,$);
#5149 = PRODUCT_RELATED_PRODUCT_CATEGORY('part',$,(#5141));
#5150 = ADVANCED_BREP_SHAPE_REPRESENTATION('',(#11,#5151),#5163);
#5151 = MANIFOLD_SOLID_BREP('',#5152);
#5152 = CLOSED_SHELL('',(#5153));
#5153 = ADVANCED_FACE('',(#5154),#5158,.T.);
#5154 = FACE_BOUND('',#5155,.T.);
#5155 = VERTEX_LOOP('',#5156);
#5156 = VERTEX_POINT('',#5157);
#5157 = CARTESIAN_POINT('',(1.255262969126E-17,-3.074507554457E-33,
    -0.205));
#5158 = SPHERICAL_SURFACE('',#5159,0.205);
#5159 = AXIS2_PLACEMENT_3D('',#5160,#5161,#5162);
#5160 = CARTESIAN_POINT('',(0.,0.,0.));
#5161 = DIRECTION('',(0.,0.,1.));
#5162 = DIRECTION('',(1.,0.,-0.));
#5163 = ( GEOMETRIC_REPRESENTATION_CONTEXT(3) 
GLOBAL_UNCERTAINTY_ASSIGNED_CONTEXT((#5167)) 
GLOBAL_UNIT_ASSIGNED_CONTEXT((#5164,#5165,#5166)) REPRESENTATION_CONTEXT
('Context #1','3D Context with UNIT and UNCERTAINTY') );
#5164 = ( LENGTH_UNIT() NAMED_UNIT(*) SI_UNIT(.MILLI.,.METRE.) );
#5165 = ( NAMED_UNIT(*) PLANE_ANGLE_UNIT() SI_UNIT($,.RADIAN.) );
#5166 = ( NAMED_UNIT(*) SI_UNIT($,.STERADIAN.) SOLID_ANGLE_UNIT() );
#5167 = UNCERTAINTY_MEASURE_WITH_UNIT(LENGTH_MEASURE(1.E-07),#5164,
  'distance_accuracy_value','confusion accuracy');
#5168 = SHAPE_DEFINITION_REPRESENTATION(#5169,#5150);
#5169 = PRODUCT_DEFINITION_SHAPE('','',#5170);
#5170 = PRODUCT_DEFINITION('design','',#5171,#5174);
#5171 = PRODUCT_DEFINITION_FORMATION('','',#5172);
#5172 = PRODUCT('K2','K2','',(#5173));
#5173 = PRODUCT_CONTEXT('',#2,'mechanical');
#5174 = PRODUCT_DEFINITION_CONTEXT('part definition',#2,'design');
#5175 = CONTEXT_DEPENDENT_SHAPE_REPRESENTATION(#5176,#5178);
#5176 = ( REPRESENTATION_RELATIONSHIP('','',#5150,#10) 
REPRESENTATION_RELATIONSHIP_WITH_TRANSFORMATION(#5177) 
SHAPE_REPRESENTATION_RELATIONSHIP() );
#5177 = ITEM_DEFINED_TRANSFORMATION('','',#11,#539);
#5178 = PRODUCT_DEFINITION_SHAPE('Placement','Placement of an item',
  #5179);
#5179 = NEXT_ASSEMBLY_USAGE_OCCURRENCE('132','=>[0:1:1:133]','',#5,#5170
  ,$);
#5180 = PRODUCT_RELATED_PRODUCT_CATEGORY('part',$,(#5172));
#5181 = ADVANCED_BREP_SHAPE_REPRESENTATION('',(#11,#5182),#5194);
#5182 = MANIFOLD_SOLID_BREP('',#5183);
#5183 = CLOSED_SHELL('',(#5184));
#5184 = ADVANCED_FACE('',(#5185),#5189,.T.);
#5185 = FACE_BOUND('',#5186,.T.);
#5186 = VERTEX_LOOP('',#5187);
#5187 = VERTEX_POINT('',#5188);
#5188 = CARTESIAN_POINT('',(1.255262969126E-17,-3.074507554457E-33,
    -0.205));
#5189 = SPHERICAL_SURFACE('',#5190,0.205);
#5190 = AXIS2_PLACEMENT_3D('',#5191,#5192,#5193);
#5191 = CARTESIAN_POINT('',(0.,0.,0.));
#5192 = DIRECTION('',(0.,0.,1.));
#5193 = DIRECTION('',(1.,0.,-0.));
#5194 = ( GEOMETRIC_REPRESENTATION_CONTEXT(3) 
GLOBAL_UNCERTAINTY_ASSIGNED_CONTEXT((#5198)) 
GLOBAL_UNIT_ASSIGNED_CONTEXT((#5195,#5196,#5197)) REPRESENTATION_CONTEXT
('Context #1','3D Context with UNIT and UNCERTAINTY') );
#5195 = ( LENGTH_UNIT() NAMED_UNIT(*) SI_UNIT(.MILLI.,.METRE.) );
#5196 = ( NAMED_UNIT(*) PLANE_ANGLE_UNIT() SI_UNIT($,.RADIAN.) );
#5197 = ( NAMED_UNIT(*) SI_UNIT($,.STERADIAN.) SOLID_ANGLE_UNIT() );
#5198 = UNCERTAINTY_MEASURE_WITH_UNIT(LENGTH_MEASURE(1.E-07),#5195,
  'distance_accuracy_value','confusion accuracy');
#5199 = SHAPE_DEFINITION_REPRESENTATION(#5200,#5181);
#5200 = PRODUCT_DEFINITION_SHAPE('','',#5201);
#5201 = PRODUCT_DEFINITION('design','',#5202,#5205);
#5202 = PRODUCT_DEFINITION_FORMATION('','',#5203);
#5203 = PRODUCT('K3','K3','',(#5204));
#5204 = PRODUCT_CONTEXT('',#2,'mechanical');
#5205 = PRODUCT_DEFINITION_CONTEXT('part definition',#2,'design');
#5206 = CONTEXT_DEPENDENT_SHAPE_REPRESENTATION(#5207,#5209);
#5207 = ( REPRESENTATION_RELATIONSHIP('','',#5181,#10) 
REPRESENTATION_RELATIONSHIP_WITH_TRANSFORMATION(#5208) 
SHAPE_REPRESENTATION_RELATIONSHIP() );
#5208 = ITEM_DEFINED_TRANSFORMATION('','',#11,#543);
#5209 = PRODUCT_DEFINITION_SHAPE('Placement','Placement of an item',
  #5210);
#5210 = NEXT_ASSEMBLY_USAGE_OCCURRENCE('133','=>[0:1:1:134]','',#5,#5201
  ,$);
#5211 = PRODUCT_RELATED_PRODUCT_CATEGORY('part',$,(#5203));
#5212 = ADVANCED_BREP_SHAPE_REPRESENTATION('',(#11,#5213),#5225);
#5213 = MANIFOLD_SOLID_BREP('',#5214);
#5214 = CLOSED_SHELL('',(#5215));
#5215 = ADVANCED_FACE('',(#5216),#5220,.T.);
#5216 = FACE_BOUND('',#5217,.T.);
#5217 = VERTEX_LOOP('',#5218);
#5218 = VERTEX_POINT('',#5219);
#5219 = CARTESIAN_POINT('',(1.255262969126E-17,-3.074507554457E-33,
    -0.205));
#5220 = SPHERICAL_SURFACE('',#5221,0.205);
#5221 = AXIS2_PLACEMENT_3D('',#5222,#5223,#5224);
#5222 = CARTESIAN_POINT('',(0.,0.,0.));
#5223 = DIRECTION('',(0.,0.,1.));
#5224 = DIRECTION('',(1.,0.,-0.));
#5225 = ( GEOMETRIC_REPRESENTATION_CONTEXT(3) 
GLOBAL_UNCERTAINTY_ASSIGNED_CONTEXT((#5229)) 
GLOBAL_UNIT_ASSIGNED_CONTEXT((#5226,#5227,#5228)) REPRESENTATION_CONTEXT
('Context #1','3D Context with UNIT and UNCERTAINTY') );
#5226 = ( LENGTH_UNIT() NAMED_UNIT(*) SI_UNIT(.MILLI.,.METRE.) );
#5227 = ( NAMED_UNIT(*) PLANE_ANGLE_UNIT() SI_UNIT($,.RADIAN.) );
#5228 = ( NAMED_UNIT(*) SI_UNIT($,.STERADIAN.) SOLID_ANGLE_UNIT() );
#5229 = UNCERTAINTY_MEASURE_WITH_UNIT(LENGTH_MEASURE(1.E-07),#5226,
  'distance_accuracy_value','confusion accuracy');
#5230 = SHAPE_DEFINITION_REPRESENTATION(#5231,#5212);
#5231 = PRODUCT_DEFINITION_SHAPE('','',#5232);
#5232 = PRODUCT_DEFINITION('design','',#5233,#5236);
#5233 = PRODUCT_DEFINITION_FORMATION('','',#5234);
#5234 = PRODUCT('K4','K4','',(#5235));
#5235 = PRODUCT_CONTEXT('',#2,'mechanical');
#5236 = PRODUCT_DEFINITION_CONTEXT('part definition',#2,'design');
#5237 = CONTEXT_DEPENDENT_SHAPE_REPRESENTATION(#5238,#5240);
#5238 = ( REPRESENTATION_RELATIONSHIP('','',#5212,#10) 
REPRESENTATION_RELATIONSHIP_WITH_TRANSFORMATION(#5239) 
SHAPE_REPRESENTATION_RELATIONSHIP() );
#5239 = ITEM_DEFINED_TRANSFORMATION('','',#11,#547);
#5240 = PRODUCT_DEFINITION_SHAPE('Placement','Placement of an item',
  #5241);
#5241 = NEXT_ASSEMBLY_USAGE_OCCURRENCE('134','=>[0:1:1:135]','',#5,#5232
  ,$);
#5242 = PRODUCT_RELATED_PRODUCT_CATEGORY('part',$,(#5234));
#5243 = ADVANCED_BREP_SHAPE_REPRESENTATION('',(#11,#5244),#5256);
#5244 = MANIFOLD_SOLID_BREP('',#5245);
#5245 = CLOSED_SHELL('',(#5246));
#5246 = ADVANCED_FACE('',(#5247),#5251,.T.);
#5247 = FACE_BOUND('',#5248,.T.);
#5248 = VERTEX_LOOP('',#5249);
#5249 = VERTEX_POINT('',#5250);
#5250 = CARTESIAN_POINT('',(1.255262969126E-17,-3.074507554457E-33,
    -0.205));
#5251 = SPHERICAL_SURFACE('',#5252,0.205);
#5252 = AXIS2_PLACEMENT_3D('',#5253,#5254,#5255);
#5253 = CARTESIAN_POINT('',(0.,0.,0.));
#5254 = DIRECTION('',(0.,0.,1.));
#5255 = DIRECTION('',(1.,0.,-0.));
#5256 = ( GEOMETRIC_REPRESENTATION_CONTEXT(3) 
GLOBAL_UNCERTAINTY_ASSIGNED_CONTEXT((#5260)) 
GLOBAL_UNIT_ASSIGNED_CONTEXT((#5257,#5258,#5259)) REPRESENTATION_CONTEXT
('Context #1','3D Context with UNIT and UNCERTAINTY') );
#5257 = ( LENGTH_UNIT() NAMED_UNIT(*) SI_UNIT(.MILLI.,.METRE.) );
#5258 = ( NAMED_UNIT(*) PLANE_ANGLE_UNIT() SI_UNIT($,.RADIAN.) );
#5259 = ( NAMED_UNIT(*) SI_UNIT($,.STERADIAN.) SOLID_ANGLE_UNIT() );
#5260 = UNCERTAINTY_MEASURE_WITH_UNIT(LENGTH_MEASURE(1.E-07),#5257,
  'distance_accuracy_value','confusion accuracy');
#5261 = SHAPE_DEFINITION_REPRESENTATION(#5262,#5243);
#5262 = PRODUCT_DEFINITION_SHAPE('','',#5263);
#5263 = PRODUCT_DEFINITION('design','',#5264,#5267);
#5264 = PRODUCT_DEFINITION_FORMATION('','',#5265);
#5265 = PRODUCT('K6','K6','',(#5266));
#5266 = PRODUCT_CONTEXT('',#2,'mechanical');
#5267 = PRODUCT_DEFINITION_CONTEXT('part definition',#2,'design');
#5268 = CONTEXT_DEPENDENT_SHAPE_REPRESENTATION(#5269,#5271);
#5269 = ( REPRESENTATION_RELATIONSHIP('','',#5243,#10) 
REPRESENTATION_RELATIONSHIP_WITH_TRANSFORMATION(#5270) 
SHAPE_REPRESENTATION_RELATIONSHIP() );
#5270 = ITEM_DEFINED_TRANSFORMATION('','',#11,#551);
#5271 = PRODUCT_DEFINITION_SHAPE('Placement','Placement of an item',
  #5272);
#5272 = NEXT_ASSEMBLY_USAGE_OCCURRENCE('135','=>[0:1:1:136]','',#5,#5263
  ,$);
#5273 = PRODUCT_RELATED_PRODUCT_CATEGORY('part',$,(#5265));
#5274 = ADVANCED_BREP_SHAPE_REPRESENTATION('',(#11,#5275),#5287);
#5275 = MANIFOLD_SOLID_BREP('',#5276);
#5276 = CLOSED_SHELL('',(#5277));
#5277 = ADVANCED_FACE('',(#5278),#5282,.T.);
#5278 = FACE_BOUND('',#5279,.T.);
#5279 = VERTEX_LOOP('',#5280);
#5280 = VERTEX_POINT('',#5281);
#5281 = CARTESIAN_POINT('',(1.255262969126E-17,-3.074507554457E-33,
    -0.205));
#5282 = SPHERICAL_SURFACE('',#5283,0.205);
#5283 = AXIS2_PLACEMENT_3D('',#5284,#5285,#5286);
#5284 = CARTESIAN_POINT('',(0.,0.,0.));
#5285 = DIRECTION('',(0.,0.,1.));
#5286 = DIRECTION('',(1.,0.,-0.));
#5287 = ( GEOMETRIC_REPRESENTATION_CONTEXT(3) 
GLOBAL_UNCERTAINTY_ASSIGNED_CONTEXT((#5291)) 
GLOBAL_UNIT_ASSIGNED_CONTEXT((#5288,#5289,#5290)) REPRESENTATION_CONTEXT
('Context #1','3D Context with UNIT and UNCERTAINTY') );
#5288 = ( LENGTH_UNIT() NAMED_UNIT(*) SI_UNIT(.MILLI.,.METRE.) );
#5289 = ( NAMED_UNIT(*) PLANE_ANGLE_UNIT() SI_UNIT($,.RADIAN.) );
#5290 = ( NAMED_UNIT(*) SI_UNIT($,.STERADIAN.) SOLID_ANGLE_UNIT() );
#5291 = UNCERTAINTY_MEASURE_WITH_UNIT(LENGTH_MEASURE(1.E-07),#5288,
  'distance_accuracy_value','confusion accuracy');
#5292 = SHAPE_DEFINITION_REPRESENTATION(#5293,#5274);
#5293 = PRODUCT_DEFINITION_SHAPE('','',#5294);
#5294 = PRODUCT_DEFINITION('design','',#5295,#5298);
#5295 = PRODUCT_DEFINITION_FORMATION('','',#5296);
#5296 = PRODUCT('K7','K7','',(#5297));
#5297 = PRODUCT_CONTEXT('',#2,'mechanical');
#5298 = PRODUCT_DEFINITION_CONTEXT('part definition',#2,'design');
#5299 = CONTEXT_DEPENDENT_SHAPE_REPRESENTATION(#5300,#5302);
#5300 = ( REPRESENTATION_RELATIONSHIP('','',#5274,#10) 
REPRESENTATION_RELATIONSHIP_WITH_TRANSFORMATION(#5301) 
SHAPE_REPRESENTATION_RELATIONSHIP() );
#5301 = ITEM_DEFINED_TRANSFORMATION('','',#11,#555);
#5302 = PRODUCT_DEFINITION_SHAPE('Placement','Placement of an item',
  #5303);
#5303 = NEXT_ASSEMBLY_USAGE_OCCURRENCE('136','=>[0:1:1:137]','',#5,#5294
  ,$);
#5304 = PRODUCT_RELATED_PRODUCT_CATEGORY('part',$,(#5296));
#5305 = ADVANCED_BREP_SHAPE_REPRESENTATION('',(#11,#5306),#5318);
#5306 = MANIFOLD_SOLID_BREP('',#5307);
#5307 = CLOSED_SHELL('',(#5308));
#5308 = ADVANCED_FACE('',(#5309),#5313,.T.);
#5309 = FACE_BOUND('',#5310,.T.);
#5310 = VERTEX_LOOP('',#5311);
#5311 = VERTEX_POINT('',#5312);
#5312 = CARTESIAN_POINT('',(1.255262969126E-17,-3.074507554457E-33,
    -0.205));
#5313 = SPHERICAL_SURFACE('',#5314,0.205);
#5314 = AXIS2_PLACEMENT_3D('',#5315,#5316,#5317);
#5315 = CARTESIAN_POINT('',(0.,0.,0.));
#5316 = DIRECTION('',(0.,0.,1.));
#5317 = DIRECTION('',(1.,0.,-0.));
#5318 = ( GEOMETRIC_REPRESENTATION_CONTEXT(3) 
GLOBAL_UNCERTAINTY_ASSIGNED_CONTEXT((#5322)) 
GLOBAL_UNIT_ASSIGNED_CONTEXT((#5319,#5320,#5321)) REPRESENTATION_CONTEXT
('Context #1','3D Context with UNIT and UNCERTAINTY') );
#5319 = ( LENGTH_UNIT() NAMED_UNIT(*) SI_UNIT(.MILLI.,.METRE.) );
#5320 = ( NAMED_UNIT(*) PLANE_ANGLE_UNIT() SI_UNIT($,.RADIAN.) );
#5321 = ( NAMED_UNIT(*) SI_UNIT($,.STERADIAN.) SOLID_ANGLE_UNIT() );
#5322 = UNCERTAINTY_MEASURE_WITH_UNIT(LENGTH_MEASURE(1.E-07),#5319,
  'distance_accuracy_value','confusion accuracy');
#5323 = SHAPE_DEFINITION_REPRESENTATION(#5324,#5305);
#5324 = PRODUCT_DEFINITION_SHAPE('','',#5325);
#5325 = PRODUCT_DEFINITION('design','',#5326,#5329);
#5326 = PRODUCT_DEFINITION_FORMATION('','',#5327);
#5327 = PRODUCT('K8','K8','',(#5328));
#5328 = PRODUCT_CONTEXT('',#2,'mechanical');
#5329 = PRODUCT_DEFINITION_CONTEXT('part definition',#2,'design');
#5330 = CONTEXT_DEPENDENT_SHAPE_REPRESENTATION(#5331,#5333);
#5331 = ( REPRESENTATION_RELATIONSHIP('','',#5305,#10) 
REPRESENTATION_RELATIONSHIP_WITH_TRANSFORMATION(#5332) 
SHAPE_REPRESENTATION_RELATIONSHIP() );
#5332 = ITEM_DEFINED_TRANSFORMATION('','',#11,#559);
#5333 = PRODUCT_DEFINITION_SHAPE('Placement','Placement of an item',
  #5334);
#5334 = NEXT_ASSEMBLY_USAGE_OCCURRENCE('137','=>[0:1:1:138]','',#5,#5325
  ,$);
#5335 = PRODUCT_RELATED_PRODUCT_CATEGORY('part',$,(#5327));
#5336 = ADVANCED_BREP_SHAPE_REPRESENTATION('',(#11,#5337),#5349);
#5337 = MANIFOLD_SOLID_BREP('',#5338);
#5338 = CLOSED_SHELL('',(#5339));
#5339 = ADVANCED_FACE('',(#5340),#5344,.T.);
#5340 = FACE_BOUND('',#5341,.T.);
#5341 = VERTEX_LOOP('',#5342);
#5342 = VERTEX_POINT('',#5343);
#5343 = CARTESIAN_POINT('',(1.255262969126E-17,-3.074507554457E-33,
    -0.205));
#5344 = SPHERICAL_SURFACE('',#5345,0.205);
#5345 = AXIS2_PLACEMENT_3D('',#5346,#5347,#5348);
#5346 = CARTESIAN_POINT('',(0.,0.,0.));
#5347 = DIRECTION('',(0.,0.,1.));
#5348 = DIRECTION('',(1.,0.,-0.));
#5349 = ( GEOMETRIC_REPRESENTATION_CONTEXT(3) 
GLOBAL_UNCERTAINTY_ASSIGNED_CONTEXT((#5353)) 
GLOBAL_UNIT_ASSIGNED_CONTEXT((#5350,#5351,#5352)) REPRESENTATION_CONTEXT
('Context #1','3D Context with UNIT and UNCERTAINTY') );
#5350 = ( LENGTH_UNIT() NAMED_UNIT(*) SI_UNIT(.MILLI.,.METRE.) );
#5351 = ( NAMED_UNIT(*) PLANE_ANGLE_UNIT() SI_UNIT($,.RADIAN.) );
#5352 = ( NAMED_UNIT(*) SI_UNIT($,.STERADIAN.) SOLID_ANGLE_UNIT() );
#5353 = UNCERTAINTY_MEASURE_WITH_UNIT(LENGTH_MEASURE(1.E-07),#5350,
  'distance_accuracy_value','confusion accuracy');
#5354 = SHAPE_DEFINITION_REPRESENTATION(#5355,#5336);
#5355 = PRODUCT_DEFINITION_SHAPE('','',#5356);
#5356 = PRODUCT_DEFINITION('design','',#5357,#5360);
#5357 = PRODUCT_DEFINITION_FORMATION('','',#5358);
#5358 = PRODUCT('K9','K9','',(#5359));
#5359 = PRODUCT_CONTEXT('',#2,'mechanical');
#5360 = PRODUCT_DEFINITION_CONTEXT('part definition',#2,'design');
#5361 = CONTEXT_DEPENDENT_SHAPE_REPRESENTATION(#5362,#5364);
#5362 = ( REPRESENTATION_RELATIONSHIP('','',#5336,#10) 
REPRESENTATION_RELATIONSHIP_WITH_TRANSFORMATION(#5363) 
SHAPE_REPRESENTATION_RELATIONSHIP() );
#5363 = ITEM_DEFINED_TRANSFORMATION('','',#11,#563);
#5364 = PRODUCT_DEFINITION_SHAPE('Placement','Placement of an item',
  #5365);
#5365 = NEXT_ASSEMBLY_USAGE_OCCURRENCE('138','=>[0:1:1:139]','',#5,#5356
  ,$);
#5366 = PRODUCT_RELATED_PRODUCT_CATEGORY('part',$,(#5358));
#5367 = ADVANCED_BREP_SHAPE_REPRESENTATION('',(#11,#5368),#5380);
#5368 = MANIFOLD_SOLID_BREP('',#5369);
#5369 = CLOSED_SHELL('',(#5370));
#5370 = ADVANCED_FACE('',(#5371),#5375,.T.);
#5371 = FACE_BOUND('',#5372,.T.);
#5372 = VERTEX_LOOP('',#5373);
#5373 = VERTEX_POINT('',#5374);
#5374 = CARTESIAN_POINT('',(1.255262969126E-17,-3.074507554457E-33,
    -0.205));
#5375 = SPHERICAL_SURFACE('',#5376,0.205);
#5376 = AXIS2_PLACEMENT_3D('',#5377,#5378,#5379);
#5377 = CARTESIAN_POINT('',(0.,0.,0.));
#5378 = DIRECTION('',(0.,0.,1.));
#5379 = DIRECTION('',(1.,0.,-0.));
#5380 = ( GEOMETRIC_REPRESENTATION_CONTEXT(3) 
GLOBAL_UNCERTAINTY_ASSIGNED_CONTEXT((#5384)) 
GLOBAL_UNIT_ASSIGNED_CONTEXT((#5381,#5382,#5383)) REPRESENTATION_CONTEXT
('Context #1','3D Context with UNIT and UNCERTAINTY') );
#5381 = ( LENGTH_UNIT() NAMED_UNIT(*) SI_UNIT(.MILLI.,.METRE.) );
#5382 = ( NAMED_UNIT(*) PLANE_ANGLE_UNIT() SI_UNIT($,.RADIAN.) );
#5383 = ( NAMED_UNIT(*) SI_UNIT($,.STERADIAN.) SOLID_ANGLE_UNIT() );
#5384 = UNCERTAINTY_MEASURE_WITH_UNIT(LENGTH_MEASURE(1.E-07),#5381,
  'distance_accuracy_value','confusion accuracy');
#5385 = SHAPE_DEFINITION_REPRESENTATION(#5386,#5367);
#5386 = PRODUCT_DEFINITION_SHAPE('','',#5387);
#5387 = PRODUCT_DEFINITION('design','',#5388,#5391);
#5388 = PRODUCT_DEFINITION_FORMATION('','',#5389);
#5389 = PRODUCT('K10','K10','',(#5390));
#5390 = PRODUCT_CONTEXT('',#2,'mechanical');
#5391 = PRODUCT_DEFINITION_CONTEXT('part definition',#2,'design');
#5392 = CONTEXT_DEPENDENT_SHAPE_REPRESENTATION(#5393,#5395);
#5393 = ( REPRESENTATION_RELATIONSHIP('','',#5367,#10) 
REPRESENTATION_RELATIONSHIP_WITH_TRANSFORMATION(#5394) 
SHAPE_REPRESENTATION_RELATIONSHIP() );
#5394 = ITEM_DEFINED_TRANSFORMATION('','',#11,#567);
#5395 = PRODUCT_DEFINITION_SHAPE('Placement','Placement of an item',
  #5396);
#5396 = NEXT_ASSEMBLY_USAGE_OCCURRENCE('139','=>[0:1:1:140]','',#5,#5387
  ,$);
#5397 = PRODUCT_RELATED_PRODUCT_CATEGORY('part',$,(#5389));
#5398 = ADVANCED_BREP_SHAPE_REPRESENTATION('',(#11,#5399),#5411);
#5399 = MANIFOLD_SOLID_BREP('',#5400);
#5400 = CLOSED_SHELL('',(#5401));
#5401 = ADVANCED_FACE('',(#5402),#5406,.T.);
#5402 = FACE_BOUND('',#5403,.T.);
#5403 = VERTEX_LOOP('',#5404);
#5404 = VERTEX_POINT('',#5405);
#5405 = CARTESIAN_POINT('',(1.255262969126E-17,-3.074507554457E-33,
    -0.205));
#5406 = SPHERICAL_SURFACE('',#5407,0.205);
#5407 = AXIS2_PLACEMENT_3D('',#5408,#5409,#5410);
#5408 = CARTESIAN_POINT('',(0.,0.,0.));
#5409 = DIRECTION('',(0.,0.,1.));
#5410 = DIRECTION('',(1.,0.,-0.));
#5411 = ( GEOMETRIC_REPRESENTATION_CONTEXT(3) 
GLOBAL_UNCERTAINTY_ASSIGNED_CONTEXT((#5415)) 
GLOBAL_UNIT_ASSIGNED_CONTEXT((#5412,#5413,#5414)) REPRESENTATION_CONTEXT
('Context #1','3D Context with UNIT and UNCERTAINTY') );
#5412 = ( LENGTH_UNIT() NAMED_UNIT(*) SI_UNIT(.MILLI.,.METRE.) );
#5413 = ( NAMED_UNIT(*) PLANE_ANGLE_UNIT() SI_UNIT($,.RADIAN.) );
#5414 = ( NAMED_UNIT(*) SI_UNIT($,.STERADIAN.) SOLID_ANGLE_UNIT() );
#5415 = UNCERTAINTY_MEASURE_WITH_UNIT(LENGTH_MEASURE(1.E-07),#5412,
  'distance_accuracy_value','confusion accuracy');
#5416 = SHAPE_DEFINITION_REPRESENTATION(#5417,#5398);
#5417 = PRODUCT_DEFINITION_SHAPE('','',#5418);
#5418 = PRODUCT_DEFINITION('design','',#5419,#5422);
#5419 = PRODUCT_DEFINITION_FORMATION('','',#5420);
#5420 = PRODUCT('K11','K11','',(#5421));
#5421 = PRODUCT_CONTEXT('',#2,'mechanical');
#5422 = PRODUCT_DEFINITION_CONTEXT('part definition',#2,'design');
#5423 = CONTEXT_DEPENDENT_SHAPE_REPRESENTATION(#5424,#5426);
#5424 = ( REPRESENTATION_RELATIONSHIP('','',#5398,#10) 
REPRESENTATION_RELATIONSHIP_WITH_TRANSFORMATION(#5425) 
SHAPE_REPRESENTATION_RELATIONSHIP() );
#5425 = ITEM_DEFINED_TRANSFORMATION('','',#11,#571);
#5426 = PRODUCT_DEFINITION_SHAPE('Placement','Placement of an item',
  #5427);
#5427 = NEXT_ASSEMBLY_USAGE_OCCURRENCE('140','=>[0:1:1:141]','',#5,#5418
  ,$);
#5428 = PRODUCT_RELATED_PRODUCT_CATEGORY('part',$,(#5420));
#5429 = ADVANCED_BREP_SHAPE_REPRESENTATION('',(#11,#5430),#5442);
#5430 = MANIFOLD_SOLID_BREP('',#5431);
#5431 = CLOSED_SHELL('',(#5432));
#5432 = ADVANCED_FACE('',(#5433),#5437,.T.);
#5433 = FACE_BOUND('',#5434,.T.);
#5434 = VERTEX_LOOP('',#5435);
#5435 = VERTEX_POINT('',#5436);
#5436 = CARTESIAN_POINT('',(1.255262969126E-17,-3.074507554457E-33,
    -0.205));
#5437 = SPHERICAL_SURFACE('',#5438,0.205);
#5438 = AXIS2_PLACEMENT_3D('',#5439,#5440,#5441);
#5439 = CARTESIAN_POINT('',(0.,0.,0.));
#5440 = DIRECTION('',(0.,0.,1.));
#5441 = DIRECTION('',(1.,0.,-0.));
#5442 = ( GEOMETRIC_REPRESENTATION_CONTEXT(3) 
GLOBAL_UNCERTAINTY_ASSIGNED_CONTEXT((#5446)) 
GLOBAL_UNIT_ASSIGNED_CONTEXT((#5443,#5444,#5445)) REPRESENTATION_CONTEXT
('Context #1','3D Context with UNIT and UNCERTAINTY') );
#5443 = ( LENGTH_UNIT() NAMED_UNIT(*) SI_UNIT(.MILLI.,.METRE.) );
#5444 = ( NAMED_UNIT(*) PLANE_ANGLE_UNIT() SI_UNIT($,.RADIAN.) );
#5445 = ( NAMED_UNIT(*) SI_UNIT($,.STERADIAN.) SOLID_ANGLE_UNIT() );
#5446 = UNCERTAINTY_MEASURE_WITH_UNIT(LENGTH_MEASURE(1.E-07),#5443,
  'distance_accuracy_value','confusion accuracy');
#5447 = SHAPE_DEFINITION_REPRESENTATION(#5448,#5429);
#5448 = PRODUCT_DEFINITION_SHAPE('','',#5449);
#5449 = PRODUCT_DEFINITION('design','',#5450,#5453);
#5450 = PRODUCT_DEFINITION_FORMATION('','',#5451);
#5451 = PRODUCT('K12','K12','',(#5452));
#5452 = PRODUCT_CONTEXT('',#2,'mechanical');
#5453 = PRODUCT_DEFINITION_CONTEXT('part definition',#2,'design');
#5454 = CONTEXT_DEPENDENT_SHAPE_REPRESENTATION(#5455,#5457);
#5455 = ( REPRESENTATION_RELATIONSHIP('','',#5429,#10) 
REPRESENTATION_RELATIONSHIP_WITH_TRANSFORMATION(#5456) 
SHAPE_REPRESENTATION_RELATIONSHIP() );
#5456 = ITEM_DEFINED_TRANSFORMATION('','',#11,#575);
#5457 = PRODUCT_DEFINITION_SHAPE('Placement','Placement of an item',
  #5458);
#5458 = NEXT_ASSEMBLY_USAGE_OCCURRENCE('141','=>[0:1:1:142]','',#5,#5449
  ,$);
#5459 = PRODUCT_RELATED_PRODUCT_CATEGORY('part',$,(#5451));
#5460 = ADVANCED_BREP_SHAPE_REPRESENTATION('',(#11,#5461),#5473);
#5461 = MANIFOLD_SOLID_BREP('',#5462);
#5462 = CLOSED_SHELL('',(#5463));
#5463 = ADVANCED_FACE('',(#5464),#5468,.T.);
#5464 = FACE_BOUND('',#5465,.T.);
#5465 = VERTEX_LOOP('',#5466);
#5466 = VERTEX_POINT('',#5467);
#5467 = CARTESIAN_POINT('',(1.255262969126E-17,-3.074507554457E-33,
    -0.205));
#5468 = SPHERICAL_SURFACE('',#5469,0.205);
#5469 = AXIS2_PLACEMENT_3D('',#5470,#5471,#5472);
#5470 = CARTESIAN_POINT('',(0.,0.,0.));
#5471 = DIRECTION('',(0.,0.,1.));
#5472 = DIRECTION('',(1.,0.,-0.));
#5473 = ( GEOMETRIC_REPRESENTATION_CONTEXT(3) 
GLOBAL_UNCERTAINTY_ASSIGNED_CONTEXT((#5477)) 
GLOBAL_UNIT_ASSIGNED_CONTEXT((#5474,#5475,#5476)) REPRESENTATION_CONTEXT
('Context #1','3D Context with UNIT and UNCERTAINTY') );
#5474 = ( LENGTH_UNIT() NAMED_UNIT(*) SI_UNIT(.MILLI.,.METRE.) );
#5475 = ( NAMED_UNIT(*) PLANE_ANGLE_UNIT() SI_UNIT($,.RADIAN.) );
#5476 = ( NAMED_UNIT(*) SI_UNIT($,.STERADIAN.) SOLID_ANGLE_UNIT() );
#5477 = UNCERTAINTY_MEASURE_WITH_UNIT(LENGTH_MEASURE(1.E-07),#5474,
  'distance_accuracy_value','confusion accuracy');
#5478 = SHAPE_DEFINITION_REPRESENTATION(#5479,#5460);
#5479 = PRODUCT_DEFINITION_SHAPE('','',#5480);
#5480 = PRODUCT_DEFINITION('design','',#5481,#5484);
#5481 = PRODUCT_DEFINITION_FORMATION('','',#5482);
#5482 = PRODUCT('K13','K13','',(#5483));
#5483 = PRODUCT_CONTEXT('',#2,'mechanical');
#5484 = PRODUCT_DEFINITION_CONTEXT('part definition',#2,'design');
#5485 = CONTEXT_DEPENDENT_SHAPE_REPRESENTATION(#5486,#5488);
#5486 = ( REPRESENTATION_RELATIONSHIP('','',#5460,#10) 
REPRESENTATION_RELATIONSHIP_WITH_TRANSFORMATION(#5487) 
SHAPE_REPRESENTATION_RELATIONSHIP() );
#5487 = ITEM_DEFINED_TRANSFORMATION('','',#11,#579);
#5488 = PRODUCT_DEFINITION_SHAPE('Placement','Placement of an item',
  #5489);
#5489 = NEXT_ASSEMBLY_USAGE_OCCURRENCE('142','=>[0:1:1:143]','',#5,#5480
  ,$);
#5490 = PRODUCT_RELATED_PRODUCT_CATEGORY('part',$,(#5482));
#5491 = ADVANCED_BREP_SHAPE_REPRESENTATION('',(#11,#5492),#5504);
#5492 = MANIFOLD_SOLID_BREP('',#5493);
#5493 = CLOSED_SHELL('',(#5494));
#5494 = ADVANCED_FACE('',(#5495),#5499,.T.);
#5495 = FACE_BOUND('',#5496,.T.);
#5496 = VERTEX_LOOP('',#5497);
#5497 = VERTEX_POINT('',#5498);
#5498 = CARTESIAN_POINT('',(1.255262969126E-17,-3.074507554457E-33,
    -0.205));
#5499 = SPHERICAL_SURFACE('',#5500,0.205);
#5500 = AXIS2_PLACEMENT_3D('',#5501,#5502,#5503);
#5501 = CARTESIAN_POINT('',(0.,0.,0.));
#5502 = DIRECTION('',(0.,0.,1.));
#5503 = DIRECTION('',(1.,0.,-0.));
#5504 = ( GEOMETRIC_REPRESENTATION_CONTEXT(3) 
GLOBAL_UNCERTAINTY_ASSIGNED_CONTEXT((#5508)) 
GLOBAL_UNIT_ASSIGNED_CONTEXT((#5505,#5506,#5507)) REPRESENTATION_CONTEXT
('Context #1','3D Context with UNIT and UNCERTAINTY') );
#5505 = ( LENGTH_UNIT() NAMED_UNIT(*) SI_UNIT(.MILLI.,.METRE.) );
#5506 = ( NAMED_UNIT(*) PLANE_ANGLE_UNIT() SI_UNIT($,.RADIAN.) );
#5507 = ( NAMED_UNIT(*) SI_UNIT($,.STERADIAN.) SOLID_ANGLE_UNIT() );
#5508 = UNCERTAINTY_MEASURE_WITH_UNIT(LENGTH_MEASURE(1.E-07),#5505,
  'distance_accuracy_value','confusion accuracy');
#5509 = SHAPE_DEFINITION_REPRESENTATION(#5510,#5491);
#5510 = PRODUCT_DEFINITION_SHAPE('','',#5511);
#5511 = PRODUCT_DEFINITION('design','',#5512,#5515);
#5512 = PRODUCT_DEFINITION_FORMATION('','',#5513);
#5513 = PRODUCT('K14','K14','',(#5514));
#5514 = PRODUCT_CONTEXT('',#2,'mechanical');
#5515 = PRODUCT_DEFINITION_CONTEXT('part definition',#2,'design');
#5516 = CONTEXT_DEPENDENT_SHAPE_REPRESENTATION(#5517,#5519);
#5517 = ( REPRESENTATION_RELATIONSHIP('','',#5491,#10) 
REPRESENTATION_RELATIONSHIP_WITH_TRANSFORMATION(#5518) 
SHAPE_REPRESENTATION_RELATIONSHIP() );
#5518 = ITEM_DEFINED_TRANSFORMATION('','',#11,#583);
#5519 = PRODUCT_DEFINITION_SHAPE('Placement','Placement of an item',
  #5520);
#5520 = NEXT_ASSEMBLY_USAGE_OCCURRENCE('143','=>[0:1:1:144]','',#5,#5511
  ,$);
#5521 = PRODUCT_RELATED_PRODUCT_CATEGORY('part',$,(#5513));
#5522 = ADVANCED_BREP_SHAPE_REPRESENTATION('',(#11,#5523),#5535);
#5523 = MANIFOLD_SOLID_BREP('',#5524);
#5524 = CLOSED_SHELL('',(#5525));
#5525 = ADVANCED_FACE('',(#5526),#5530,.T.);
#5526 = FACE_BOUND('',#5527,.T.);
#5527 = VERTEX_LOOP('',#5528);
#5528 = VERTEX_POINT('',#5529);
#5529 = CARTESIAN_POINT('',(1.255262969126E-17,-3.074507554457E-33,
    -0.205));
#5530 = SPHERICAL_SURFACE('',#5531,0.205);
#5531 = AXIS2_PLACEMENT_3D('',#5532,#5533,#5534);
#5532 = CARTESIAN_POINT('',(0.,0.,0.));
#5533 = DIRECTION('',(0.,0.,1.));
#5534 = DIRECTION('',(1.,0.,-0.));
#5535 = ( GEOMETRIC_REPRESENTATION_CONTEXT(3) 
GLOBAL_UNCERTAINTY_ASSIGNED_CONTEXT((#5539)) 
GLOBAL_UNIT_ASSIGNED_CONTEXT((#5536,#5537,#5538)) REPRESENTATION_CONTEXT
('Context #1','3D Context with UNIT and UNCERTAINTY') );
#5536 = ( LENGTH_UNIT() NAMED_UNIT(*) SI_UNIT(.MILLI.,.METRE.) );
#5537 = ( NAMED_UNIT(*) PLANE_ANGLE_UNIT() SI_UNIT($,.RADIAN.) );
#5538 = ( NAMED_UNIT(*) SI_UNIT($,.STERADIAN.) SOLID_ANGLE_UNIT() );
#5539 = UNCERTAINTY_MEASURE_WITH_UNIT(LENGTH_MEASURE(1.E-07),#5536,
  'distance_accuracy_value','confusion accuracy');
#5540 = SHAPE_DEFINITION_REPRESENTATION(#5541,#5522);
#5541 = PRODUCT_DEFINITION_SHAPE('','',#5542);
#5542 = PRODUCT_DEFINITION('design','',#5543,#5546);
#5543 = PRODUCT_DEFINITION_FORMATION('','',#5544);
#5544 = PRODUCT('K16','K16','',(#5545));
#5545 = PRODUCT_CONTEXT('',#2,'mechanical');
#5546 = PRODUCT_DEFINITION_CONTEXT('part definition',#2,'design');
#5547 = CONTEXT_DEPENDENT_SHAPE_REPRESENTATION(#5548,#5550);
#5548 = ( REPRESENTATION_RELATIONSHIP('','',#5522,#10) 
REPRESENTATION_RELATIONSHIP_WITH_TRANSFORMATION(#5549) 
SHAPE_REPRESENTATION_RELATIONSHIP() );
#5549 = ITEM_DEFINED_TRANSFORMATION('','',#11,#587);
#5550 = PRODUCT_DEFINITION_SHAPE('Placement','Placement of an item',
  #5551);
#5551 = NEXT_ASSEMBLY_USAGE_OCCURRENCE('144','=>[0:1:1:145]','',#5,#5542
  ,$);
#5552 = PRODUCT_RELATED_PRODUCT_CATEGORY('part',$,(#5544));
#5553 = ADVANCED_BREP_SHAPE_REPRESENTATION('',(#11,#5554),#5566);
#5554 = MANIFOLD_SOLID_BREP('',#5555);
#5555 = CLOSED_SHELL('',(#5556));
#5556 = ADVANCED_FACE('',(#5557),#5561,.T.);
#5557 = FACE_BOUND('',#5558,.T.);
#5558 = VERTEX_LOOP('',#5559);
#5559 = VERTEX_POINT('',#5560);
#5560 = CARTESIAN_POINT('',(1.255262969126E-17,-3.074507554457E-33,
    -0.205));
#5561 = SPHERICAL_SURFACE('',#5562,0.205);
#5562 = AXIS2_PLACEMENT_3D('',#5563,#5564,#5565);
#5563 = CARTESIAN_POINT('',(0.,0.,0.));
#5564 = DIRECTION('',(0.,0.,1.));
#5565 = DIRECTION('',(1.,0.,-0.));
#5566 = ( GEOMETRIC_REPRESENTATION_CONTEXT(3) 
GLOBAL_UNCERTAINTY_ASSIGNED_CONTEXT((#5570)) 
GLOBAL_UNIT_ASSIGNED_CONTEXT((#5567,#5568,#5569)) REPRESENTATION_CONTEXT
('Context #1','3D Context with UNIT and UNCERTAINTY') );
#5567 = ( LENGTH_UNIT() NAMED_UNIT(*) SI_UNIT(.MILLI.,.METRE.) );
#5568 = ( NAMED_UNIT(*) PLANE_ANGLE_UNIT() SI_UNIT($,.RADIAN.) );
#5569 = ( NAMED_UNIT(*) SI_UNIT($,.STERADIAN.) SOLID_ANGLE_UNIT() );
#5570 = UNCERTAINTY_MEASURE_WITH_UNIT(LENGTH_MEASURE(1.E-07),#5567,
  'distance_accuracy_value','confusion accuracy');
#5571 = SHAPE_DEFINITION_REPRESENTATION(#5572,#5553);
#5572 = PRODUCT_DEFINITION_SHAPE('','',#5573);
#5573 = PRODUCT_DEFINITION('design','',#5574,#5577);
#5574 = PRODUCT_DEFINITION_FORMATION('','',#5575);
#5575 = PRODUCT('K17','K17','',(#5576));
#5576 = PRODUCT_CONTEXT('',#2,'mechanical');
#5577 = PRODUCT_DEFINITION_CONTEXT('part definition',#2,'design');
#5578 = CONTEXT_DEPENDENT_SHAPE_REPRESENTATION(#5579,#5581);
#5579 = ( REPRESENTATION_RELATIONSHIP('','',#5553,#10) 
REPRESENTATION_RELATIONSHIP_WITH_TRANSFORMATION(#5580) 
SHAPE_REPRESENTATION_RELATIONSHIP() );
#5580 = ITEM_DEFINED_TRANSFORMATION('','',#11,#591);
#5581 = PRODUCT_DEFINITION_SHAPE('Placement','Placement of an item',
  #5582);
#5582 = NEXT_ASSEMBLY_USAGE_OCCURRENCE('145','=>[0:1:1:146]','',#5,#5573
  ,$);
#5583 = PRODUCT_RELATED_PRODUCT_CATEGORY('part',$,(#5575));
#5584 = ADVANCED_BREP_SHAPE_REPRESENTATION('',(#11,#5585),#5597);
#5585 = MANIFOLD_SOLID_BREP('',#5586);
#5586 = CLOSED_SHELL('',(#5587));
#5587 = ADVANCED_FACE('',(#5588),#5592,.T.);
#5588 = FACE_BOUND('',#5589,.T.);
#5589 = VERTEX_LOOP('',#5590);
#5590 = VERTEX_POINT('',#5591);
#5591 = CARTESIAN_POINT('',(1.255262969126E-17,-3.074507554457E-33,
    -0.205));
#5592 = SPHERICAL_SURFACE('',#5593,0.205);
#5593 = AXIS2_PLACEMENT_3D('',#5594,#5595,#5596);
#5594 = CARTESIAN_POINT('',(0.,0.,0.));
#5595 = DIRECTION('',(0.,0.,1.));
#5596 = DIRECTION('',(1.,0.,-0.));
#5597 = ( GEOMETRIC_REPRESENTATION_CONTEXT(3) 
GLOBAL_UNCERTAINTY_ASSIGNED_CONTEXT((#5601)) 
GLOBAL_UNIT_ASSIGNED_CONTEXT((#5598,#5599,#5600)) REPRESENTATION_CONTEXT
('Context #1','3D Context with UNIT and UNCERTAINTY') );
#5598 = ( LENGTH_UNIT() NAMED_UNIT(*) SI_UNIT(.MILLI.,.METRE.) );
#5599 = ( NAMED_UNIT(*) PLANE_ANGLE_UNIT() SI_UNIT($,.RADIAN.) );
#5600 = ( NAMED_UNIT(*) SI_UNIT($,.STERADIAN.) SOLID_ANGLE_UNIT() );
#5601 = UNCERTAINTY_MEASURE_WITH_UNIT(LENGTH_MEASURE(1.E-07),#5598,
  'distance_accuracy_value','confusion accuracy');
#5602 = SHAPE_DEFINITION_REPRESENTATION(#5603,#5584);
#5603 = PRODUCT_DEFINITION_SHAPE('','',#5604);
#5604 = PRODUCT_DEFINITION('design','',#5605,#5608);
#5605 = PRODUCT_DEFINITION_FORMATION('','',#5606);
#5606 = PRODUCT('K18','K18','',(#5607));
#5607 = PRODUCT_CONTEXT('',#2,'mechanical');
#5608 = PRODUCT_DEFINITION_CONTEXT('part definition',#2,'design');
#5609 = CONTEXT_DEPENDENT_SHAPE_REPRESENTATION(#5610,#5612);
#5610 = ( REPRESENTATION_RELATIONSHIP('','',#5584,#10) 
REPRESENTATION_RELATIONSHIP_WITH_TRANSFORMATION(#5611) 
SHAPE_REPRESENTATION_RELATIONSHIP() );
#5611 = ITEM_DEFINED_TRANSFORMATION('','',#11,#595);
#5612 = PRODUCT_DEFINITION_SHAPE('Placement','Placement of an item',
  #5613);
#5613 = NEXT_ASSEMBLY_USAGE_OCCURRENCE('146','=>[0:1:1:147]','',#5,#5604
  ,$);
#5614 = PRODUCT_RELATED_PRODUCT_CATEGORY('part',$,(#5606));
#5615 = ADVANCED_BREP_SHAPE_REPRESENTATION('',(#11,#5616),#5628);
#5616 = MANIFOLD_SOLID_BREP('',#5617);
#5617 = CLOSED_SHELL('',(#5618));
#5618 = ADVANCED_FACE('',(#5619),#5623,.T.);
#5619 = FACE_BOUND('',#5620,.T.);
#5620 = VERTEX_LOOP('',#5621);
#5621 = VERTEX_POINT('',#5622);
#5622 = CARTESIAN_POINT('',(1.255262969126E-17,-3.074507554457E-33,
    -0.205));
#5623 = SPHERICAL_SURFACE('',#5624,0.205);
#5624 = AXIS2_PLACEMENT_3D('',#5625,#5626,#5627);
#5625 = CARTESIAN_POINT('',(0.,0.,0.));
#5626 = DIRECTION('',(0.,0.,1.));
#5627 = DIRECTION('',(1.,0.,-0.));
#5628 = ( GEOMETRIC_REPRESENTATION_CONTEXT(3) 
GLOBAL_UNCERTAINTY_ASSIGNED_CONTEXT((#5632)) 
GLOBAL_UNIT_ASSIGNED_CONTEXT((#5629,#5630,#5631)) REPRESENTATION_CONTEXT
('Context #1','3D Context with UNIT and UNCERTAINTY') );
#5629 = ( LENGTH_UNIT() NAMED_UNIT(*) SI_UNIT(.MILLI.,.METRE.) );
#5630 = ( NAMED_UNIT(*) PLANE_ANGLE_UNIT() SI_UNIT($,.RADIAN.) );
#5631 = ( NAMED_UNIT(*) SI_UNIT($,.STERADIAN.) SOLID_ANGLE_UNIT() );
#5632 = UNCERTAINTY_MEASURE_WITH_UNIT(LENGTH_MEASURE(1.E-07),#5629,
  'distance_accuracy_value','confusion accuracy');
#5633 = SHAPE_DEFINITION_REPRESENTATION(#5634,#5615);
#5634 = PRODUCT_DEFINITION_SHAPE('','',#5635);
#5635 = PRODUCT_DEFINITION('design','',#5636,#5639);
#5636 = PRODUCT_DEFINITION_FORMATION('','',#5637);
#5637 = PRODUCT('L1','L1','',(#5638));
#5638 = PRODUCT_CONTEXT('',#2,'mechanical');
#5639 = PRODUCT_DEFINITION_CONTEXT('part definition',#2,'design');
#5640 = CONTEXT_DEPENDENT_SHAPE_REPRESENTATION(#5641,#5643);
#5641 = ( REPRESENTATION_RELATIONSHIP('','',#5615,#10) 
REPRESENTATION_RELATIONSHIP_WITH_TRANSFORMATION(#5642) 
SHAPE_REPRESENTATION_RELATIONSHIP() );
#5642 = ITEM_DEFINED_TRANSFORMATION('','',#11,#599);
#5643 = PRODUCT_DEFINITION_SHAPE('Placement','Placement of an item',
  #5644);
#5644 = NEXT_ASSEMBLY_USAGE_OCCURRENCE('147','=>[0:1:1:148]','',#5,#5635
  ,$);
#5645 = PRODUCT_RELATED_PRODUCT_CATEGORY('part',$,(#5637));
#5646 = ADVANCED_BREP_SHAPE_REPRESENTATION('',(#11,#5647),#5659);
#5647 = MANIFOLD_SOLID_BREP('',#5648);
#5648 = CLOSED_SHELL('',(#5649));
#5649 = ADVANCED_FACE('',(#5650),#5654,.T.);
#5650 = FACE_BOUND('',#5651,.T.);
#5651 = VERTEX_LOOP('',#5652);
#5652 = VERTEX_POINT('',#5653);
#5653 = CARTESIAN_POINT('',(1.255262969126E-17,-3.074507554457E-33,
    -0.205));
#5654 = SPHERICAL_SURFACE('',#5655,0.205);
#5655 = AXIS2_PLACEMENT_3D('',#5656,#5657,#5658);
#5656 = CARTESIAN_POINT('',(0.,0.,0.));
#5657 = DIRECTION('',(0.,0.,1.));
#5658 = DIRECTION('',(1.,0.,-0.));
#5659 = ( GEOMETRIC_REPRESENTATION_CONTEXT(3) 
GLOBAL_UNCERTAINTY_ASSIGNED_CONTEXT((#5663)) 
GLOBAL_UNIT_ASSIGNED_CONTEXT((#5660,#5661,#5662)) REPRESENTATION_CONTEXT
('Context #1','3D Context with UNIT and UNCERTAINTY') );
#5660 = ( LENGTH_UNIT() NAMED_UNIT(*) SI_UNIT(.MILLI.,.METRE.) );
#5661 = ( NAMED_UNIT(*) PLANE_ANGLE_UNIT() SI_UNIT($,.RADIAN.) );
#5662 = ( NAMED_UNIT(*) SI_UNIT($,.STERADIAN.) SOLID_ANGLE_UNIT() );
#5663 = UNCERTAINTY_MEASURE_WITH_UNIT(LENGTH_MEASURE(1.E-07),#5660,
  'distance_accuracy_value','confusion accuracy');
#5664 = SHAPE_DEFINITION_REPRESENTATION(#5665,#5646);
#5665 = PRODUCT_DEFINITION_SHAPE('','',#5666);
#5666 = PRODUCT_DEFINITION('design','',#5667,#5670);
#5667 = PRODUCT_DEFINITION_FORMATION('','',#5668);
#5668 = PRODUCT('L2','L2','',(#5669));
#5669 = PRODUCT_CONTEXT('',#2,'mechanical');
#5670 = PRODUCT_DEFINITION_CONTEXT('part definition',#2,'design');
#5671 = CONTEXT_DEPENDENT_SHAPE_REPRESENTATION(#5672,#5674);
#5672 = ( REPRESENTATION_RELATIONSHIP('','',#5646,#10) 
REPRESENTATION_RELATIONSHIP_WITH_TRANSFORMATION(#5673) 
SHAPE_REPRESENTATION_RELATIONSHIP() );
#5673 = ITEM_DEFINED_TRANSFORMATION('','',#11,#603);
#5674 = PRODUCT_DEFINITION_SHAPE('Placement','Placement of an item',
  #5675);
#5675 = NEXT_ASSEMBLY_USAGE_OCCURRENCE('148','=>[0:1:1:149]','',#5,#5666
  ,$);
#5676 = PRODUCT_RELATED_PRODUCT_CATEGORY('part',$,(#5668));
#5677 = ADVANCED_BREP_SHAPE_REPRESENTATION('',(#11,#5678),#5690);
#5678 = MANIFOLD_SOLID_BREP('',#5679);
#5679 = CLOSED_SHELL('',(#5680));
#5680 = ADVANCED_FACE('',(#5681),#5685,.T.);
#5681 = FACE_BOUND('',#5682,.T.);
#5682 = VERTEX_LOOP('',#5683);
#5683 = VERTEX_POINT('',#5684);
#5684 = CARTESIAN_POINT('',(1.255262969126E-17,-3.074507554457E-33,
    -0.205));
#5685 = SPHERICAL_SURFACE('',#5686,0.205);
#5686 = AXIS2_PLACEMENT_3D('',#5687,#5688,#5689);
#5687 = CARTESIAN_POINT('',(0.,0.,0.));
#5688 = DIRECTION('',(0.,0.,1.));
#5689 = DIRECTION('',(1.,0.,-0.));
#5690 = ( GEOMETRIC_REPRESENTATION_CONTEXT(3) 
GLOBAL_UNCERTAINTY_ASSIGNED_CONTEXT((#5694)) 
GLOBAL_UNIT_ASSIGNED_CONTEXT((#5691,#5692,#5693)) REPRESENTATION_CONTEXT
('Context #1','3D Context with UNIT and UNCERTAINTY') );
#5691 = ( LENGTH_UNIT() NAMED_UNIT(*) SI_UNIT(.MILLI.,.METRE.) );
#5692 = ( NAMED_UNIT(*) PLANE_ANGLE_UNIT() SI_UNIT($,.RADIAN.) );
#5693 = ( NAMED_UNIT(*) SI_UNIT($,.STERADIAN.) SOLID_ANGLE_UNIT() );
#5694 = UNCERTAINTY_MEASURE_WITH_UNIT(LENGTH_MEASURE(1.E-07),#5691,
  'distance_accuracy_value','confusion accuracy');
#5695 = SHAPE_DEFINITION_REPRESENTATION(#5696,#5677);
#5696 = PRODUCT_DEFINITION_SHAPE('','',#5697);
#5697 = PRODUCT_DEFINITION('design','',#5698,#5701);
#5698 = PRODUCT_DEFINITION_FORMATION('','',#5699);
#5699 = PRODUCT('L3','L3','',(#5700));
#5700 = PRODUCT_CONTEXT('',#2,'mechanical');
#5701 = PRODUCT_DEFINITION_CONTEXT('part definition',#2,'design');
#5702 = CONTEXT_DEPENDENT_SHAPE_REPRESENTATION(#5703,#5705);
#5703 = ( REPRESENTATION_RELATIONSHIP('','',#5677,#10) 
REPRESENTATION_RELATIONSHIP_WITH_TRANSFORMATION(#5704) 
SHAPE_REPRESENTATION_RELATIONSHIP() );
#5704 = ITEM_DEFINED_TRANSFORMATION('','',#11,#607);
#5705 = PRODUCT_DEFINITION_SHAPE('Placement','Placement of an item',
  #5706);
#5706 = NEXT_ASSEMBLY_USAGE_OCCURRENCE('149','=>[0:1:1:150]','',#5,#5697
  ,$);
#5707 = PRODUCT_RELATED_PRODUCT_CATEGORY('part',$,(#5699));
#5708 = ADVANCED_BREP_SHAPE_REPRESENTATION('',(#11,#5709),#5721);
#5709 = MANIFOLD_SOLID_BREP('',#5710);
#5710 = CLOSED_SHELL('',(#5711));
#5711 = ADVANCED_FACE('',(#5712),#5716,.T.);
#5712 = FACE_BOUND('',#5713,.T.);
#5713 = VERTEX_LOOP('',#5714);
#5714 = VERTEX_POINT('',#5715);
#5715 = CARTESIAN_POINT('',(1.255262969126E-17,-3.074507554457E-33,
    -0.205));
#5716 = SPHERICAL_SURFACE('',#5717,0.205);
#5717 = AXIS2_PLACEMENT_3D('',#5718,#5719,#5720);
#5718 = CARTESIAN_POINT('',(0.,0.,0.));
#5719 = DIRECTION('',(0.,0.,1.));
#5720 = DIRECTION('',(1.,0.,-0.));
#5721 = ( GEOMETRIC_REPRESENTATION_CONTEXT(3) 
GLOBAL_UNCERTAINTY_ASSIGNED_CONTEXT((#5725)) 
GLOBAL_UNIT_ASSIGNED_CONTEXT((#5722,#5723,#5724)) REPRESENTATION_CONTEXT
('Context #1','3D Context with UNIT and UNCERTAINTY') );
#5722 = ( LENGTH_UNIT() NAMED_UNIT(*) SI_UNIT(.MILLI.,.METRE.) );
#5723 = ( NAMED_UNIT(*) PLANE_ANGLE_UNIT() SI_UNIT($,.RADIAN.) );
#5724 = ( NAMED_UNIT(*) SI_UNIT($,.STERADIAN.) SOLID_ANGLE_UNIT() );
#5725 = UNCERTAINTY_MEASURE_WITH_UNIT(LENGTH_MEASURE(1.E-07),#5722,
  'distance_accuracy_value','confusion accuracy');
#5726 = SHAPE_DEFINITION_REPRESENTATION(#5727,#5708);
#5727 = PRODUCT_DEFINITION_SHAPE('','',#5728);
#5728 = PRODUCT_DEFINITION('design','',#5729,#5732);
#5729 = PRODUCT_DEFINITION_FORMATION('','',#5730);
#5730 = PRODUCT('L6','L6','',(#5731));
#5731 = PRODUCT_CONTEXT('',#2,'mechanical');
#5732 = PRODUCT_DEFINITION_CONTEXT('part definition',#2,'design');
#5733 = CONTEXT_DEPENDENT_SHAPE_REPRESENTATION(#5734,#5736);
#5734 = ( REPRESENTATION_RELATIONSHIP('','',#5708,#10) 
REPRESENTATION_RELATIONSHIP_WITH_TRANSFORMATION(#5735) 
SHAPE_REPRESENTATION_RELATIONSHIP() );
#5735 = ITEM_DEFINED_TRANSFORMATION('','',#11,#611);
#5736 = PRODUCT_DEFINITION_SHAPE('Placement','Placement of an item',
  #5737);
#5737 = NEXT_ASSEMBLY_USAGE_OCCURRENCE('150','=>[0:1:1:151]','',#5,#5728
  ,$);
#5738 = PRODUCT_RELATED_PRODUCT_CATEGORY('part',$,(#5730));
#5739 = ADVANCED_BREP_SHAPE_REPRESENTATION('',(#11,#5740),#5752);
#5740 = MANIFOLD_SOLID_BREP('',#5741);
#5741 = CLOSED_SHELL('',(#5742));
#5742 = ADVANCED_FACE('',(#5743),#5747,.T.);
#5743 = FACE_BOUND('',#5744,.T.);
#5744 = VERTEX_LOOP('',#5745);
#5745 = VERTEX_POINT('',#5746);
#5746 = CARTESIAN_POINT('',(1.255262969126E-17,-3.074507554457E-33,
    -0.205));
#5747 = SPHERICAL_SURFACE('',#5748,0.205);
#5748 = AXIS2_PLACEMENT_3D('',#5749,#5750,#5751);
#5749 = CARTESIAN_POINT('',(0.,0.,0.));
#5750 = DIRECTION('',(0.,0.,1.));
#5751 = DIRECTION('',(1.,0.,-0.));
#5752 = ( GEOMETRIC_REPRESENTATION_CONTEXT(3) 
GLOBAL_UNCERTAINTY_ASSIGNED_CONTEXT((#5756)) 
GLOBAL_UNIT_ASSIGNED_CONTEXT((#5753,#5754,#5755)) REPRESENTATION_CONTEXT
('Context #1','3D Context with UNIT and UNCERTAINTY') );
#5753 = ( LENGTH_UNIT() NAMED_UNIT(*) SI_UNIT(.MILLI.,.METRE.) );
#5754 = ( NAMED_UNIT(*) PLANE_ANGLE_UNIT() SI_UNIT($,.RADIAN.) );
#5755 = ( NAMED_UNIT(*) SI_UNIT($,.STERADIAN.) SOLID_ANGLE_UNIT() );
#5756 = UNCERTAINTY_MEASURE_WITH_UNIT(LENGTH_MEASURE(1.E-07),#5753,
  'distance_accuracy_value','confusion accuracy');
#5757 = SHAPE_DEFINITION_REPRESENTATION(#5758,#5739);
#5758 = PRODUCT_DEFINITION_SHAPE('','',#5759);
#5759 = PRODUCT_DEFINITION('design','',#5760,#5763);
#5760 = PRODUCT_DEFINITION_FORMATION('','',#5761);
#5761 = PRODUCT('L7','L7','',(#5762));
#5762 = PRODUCT_CONTEXT('',#2,'mechanical');
#5763 = PRODUCT_DEFINITION_CONTEXT('part definition',#2,'design');
#5764 = CONTEXT_DEPENDENT_SHAPE_REPRESENTATION(#5765,#5767);
#5765 = ( REPRESENTATION_RELATIONSHIP('','',#5739,#10) 
REPRESENTATION_RELATIONSHIP_WITH_TRANSFORMATION(#5766) 
SHAPE_REPRESENTATION_RELATIONSHIP() );
#5766 = ITEM_DEFINED_TRANSFORMATION('','',#11,#615);
#5767 = PRODUCT_DEFINITION_SHAPE('Placement','Placement of an item',
  #5768);
#5768 = NEXT_ASSEMBLY_USAGE_OCCURRENCE('151','=>[0:1:1:152]','',#5,#5759
  ,$);
#5769 = PRODUCT_RELATED_PRODUCT_CATEGORY('part',$,(#5761));
#5770 = ADVANCED_BREP_SHAPE_REPRESENTATION('',(#11,#5771),#5783);
#5771 = MANIFOLD_SOLID_BREP('',#5772);
#5772 = CLOSED_SHELL('',(#5773));
#5773 = ADVANCED_FACE('',(#5774),#5778,.T.);
#5774 = FACE_BOUND('',#5775,.T.);
#5775 = VERTEX_LOOP('',#5776);
#5776 = VERTEX_POINT('',#5777);
#5777 = CARTESIAN_POINT('',(1.255262969126E-17,-3.074507554457E-33,
    -0.205));
#5778 = SPHERICAL_SURFACE('',#5779,0.205);
#5779 = AXIS2_PLACEMENT_3D('',#5780,#5781,#5782);
#5780 = CARTESIAN_POINT('',(0.,0.,0.));
#5781 = DIRECTION('',(0.,0.,1.));
#5782 = DIRECTION('',(1.,0.,-0.));
#5783 = ( GEOMETRIC_REPRESENTATION_CONTEXT(3) 
GLOBAL_UNCERTAINTY_ASSIGNED_CONTEXT((#5787)) 
GLOBAL_UNIT_ASSIGNED_CONTEXT((#5784,#5785,#5786)) REPRESENTATION_CONTEXT
('Context #1','3D Context with UNIT and UNCERTAINTY') );
#5784 = ( LENGTH_UNIT() NAMED_UNIT(*) SI_UNIT(.MILLI.,.METRE.) );
#5785 = ( NAMED_UNIT(*) PLANE_ANGLE_UNIT() SI_UNIT($,.RADIAN.) );
#5786 = ( NAMED_UNIT(*) SI_UNIT($,.STERADIAN.) SOLID_ANGLE_UNIT() );
#5787 = UNCERTAINTY_MEASURE_WITH_UNIT(LENGTH_MEASURE(1.E-07),#5784,
  'distance_accuracy_value','confusion accuracy');
#5788 = SHAPE_DEFINITION_REPRESENTATION(#5789,#5770);
#5789 = PRODUCT_DEFINITION_SHAPE('','',#5790);
#5790 = PRODUCT_DEFINITION('design','',#5791,#5794);
#5791 = PRODUCT_DEFINITION_FORMATION('','',#5792);
#5792 = PRODUCT('L8','L8','',(#5793));
#5793 = PRODUCT_CONTEXT('',#2,'mechanical');
#5794 = PRODUCT_DEFINITION_CONTEXT('part definition',#2,'design');
#5795 = CONTEXT_DEPENDENT_SHAPE_REPRESENTATION(#5796,#5798);
#5796 = ( REPRESENTATION_RELATIONSHIP('','',#5770,#10) 
REPRESENTATION_RELATIONSHIP_WITH_TRANSFORMATION(#5797) 
SHAPE_REPRESENTATION_RELATIONSHIP() );
#5797 = ITEM_DEFINED_TRANSFORMATION('','',#11,#619);
#5798 = PRODUCT_DEFINITION_SHAPE('Placement','Placement of an item',
  #5799);
#5799 = NEXT_ASSEMBLY_USAGE_OCCURRENCE('152','=>[0:1:1:153]','',#5,#5790
  ,$);
#5800 = PRODUCT_RELATED_PRODUCT_CATEGORY('part',$,(#5792));
#5801 = ADVANCED_BREP_SHAPE_REPRESENTATION('',(#11,#5802),#5814);
#5802 = MANIFOLD_SOLID_BREP('',#5803);
#5803 = CLOSED_SHELL('',(#5804));
#5804 = ADVANCED_FACE('',(#5805),#5809,.T.);
#5805 = FACE_BOUND('',#5806,.T.);
#5806 = VERTEX_LOOP('',#5807);
#5807 = VERTEX_POINT('',#5808);
#5808 = CARTESIAN_POINT('',(1.255262969126E-17,-3.074507554457E-33,
    -0.205));
#5809 = SPHERICAL_SURFACE('',#5810,0.205);
#5810 = AXIS2_PLACEMENT_3D('',#5811,#5812,#5813);
#5811 = CARTESIAN_POINT('',(0.,0.,0.));
#5812 = DIRECTION('',(0.,0.,1.));
#5813 = DIRECTION('',(1.,0.,-0.));
#5814 = ( GEOMETRIC_REPRESENTATION_CONTEXT(3) 
GLOBAL_UNCERTAINTY_ASSIGNED_CONTEXT((#5818)) 
GLOBAL_UNIT_ASSIGNED_CONTEXT((#5815,#5816,#5817)) REPRESENTATION_CONTEXT
('Context #1','3D Context with UNIT and UNCERTAINTY') );
#5815 = ( LENGTH_UNIT() NAMED_UNIT(*) SI_UNIT(.MILLI.,.METRE.) );
#5816 = ( NAMED_UNIT(*) PLANE_ANGLE_UNIT() SI_UNIT($,.RADIAN.) );
#5817 = ( NAMED_UNIT(*) SI_UNIT($,.STERADIAN.) SOLID_ANGLE_UNIT() );
#5818 = UNCERTAINTY_MEASURE_WITH_UNIT(LENGTH_MEASURE(1.E-07),#5815,
  'distance_accuracy_value','confusion accuracy');
#5819 = SHAPE_DEFINITION_REPRESENTATION(#5820,#5801);
#5820 = PRODUCT_DEFINITION_SHAPE('','',#5821);
#5821 = PRODUCT_DEFINITION('design','',#5822,#5825);
#5822 = PRODUCT_DEFINITION_FORMATION('','',#5823);
#5823 = PRODUCT('L9','L9','',(#5824));
#5824 = PRODUCT_CONTEXT('',#2,'mechanical');
#5825 = PRODUCT_DEFINITION_CONTEXT('part definition',#2,'design');
#5826 = CONTEXT_DEPENDENT_SHAPE_REPRESENTATION(#5827,#5829);
#5827 = ( REPRESENTATION_RELATIONSHIP('','',#5801,#10) 
REPRESENTATION_RELATIONSHIP_WITH_TRANSFORMATION(#5828) 
SHAPE_REPRESENTATION_RELATIONSHIP() );
#5828 = ITEM_DEFINED_TRANSFORMATION('','',#11,#623);
#5829 = PRODUCT_DEFINITION_SHAPE('Placement','Placement of an item',
  #5830);
#5830 = NEXT_ASSEMBLY_USAGE_OCCURRENCE('153','=>[0:1:1:154]','',#5,#5821
  ,$);
#5831 = PRODUCT_RELATED_PRODUCT_CATEGORY('part',$,(#5823));
#5832 = ADVANCED_BREP_SHAPE_REPRESENTATION('',(#11,#5833),#5845);
#5833 = MANIFOLD_SOLID_BREP('',#5834);
#5834 = CLOSED_SHELL('',(#5835));
#5835 = ADVANCED_FACE('',(#5836),#5840,.T.);
#5836 = FACE_BOUND('',#5837,.T.);
#5837 = VERTEX_LOOP('',#5838);
#5838 = VERTEX_POINT('',#5839);
#5839 = CARTESIAN_POINT('',(1.255262969126E-17,-3.074507554457E-33,
    -0.205));
#5840 = SPHERICAL_SURFACE('',#5841,0.205);
#5841 = AXIS2_PLACEMENT_3D('',#5842,#5843,#5844);
#5842 = CARTESIAN_POINT('',(0.,0.,0.));
#5843 = DIRECTION('',(0.,0.,1.));
#5844 = DIRECTION('',(1.,0.,-0.));
#5845 = ( GEOMETRIC_REPRESENTATION_CONTEXT(3) 
GLOBAL_UNCERTAINTY_ASSIGNED_CONTEXT((#5849)) 
GLOBAL_UNIT_ASSIGNED_CONTEXT((#5846,#5847,#5848)) REPRESENTATION_CONTEXT
('Context #1','3D Context with UNIT and UNCERTAINTY') );
#5846 = ( LENGTH_UNIT() NAMED_UNIT(*) SI_UNIT(.MILLI.,.METRE.) );
#5847 = ( NAMED_UNIT(*) PLANE_ANGLE_UNIT() SI_UNIT($,.RADIAN.) );
#5848 = ( NAMED_UNIT(*) SI_UNIT($,.STERADIAN.) SOLID_ANGLE_UNIT() );
#5849 = UNCERTAINTY_MEASURE_WITH_UNIT(LENGTH_MEASURE(1.E-07),#5846,
  'distance_accuracy_value','confusion accuracy');
#5850 = SHAPE_DEFINITION_REPRESENTATION(#5851,#5832);
#5851 = PRODUCT_DEFINITION_SHAPE('','',#5852);
#5852 = PRODUCT_DEFINITION('design','',#5853,#5856);
#5853 = PRODUCT_DEFINITION_FORMATION('','',#5854);
#5854 = PRODUCT('L10','L10','',(#5855));
#5855 = PRODUCT_CONTEXT('',#2,'mechanical');
#5856 = PRODUCT_DEFINITION_CONTEXT('part definition',#2,'design');
#5857 = CONTEXT_DEPENDENT_SHAPE_REPRESENTATION(#5858,#5860);
#5858 = ( REPRESENTATION_RELATIONSHIP('','',#5832,#10) 
REPRESENTATION_RELATIONSHIP_WITH_TRANSFORMATION(#5859) 
SHAPE_REPRESENTATION_RELATIONSHIP() );
#5859 = ITEM_DEFINED_TRANSFORMATION('','',#11,#627);
#5860 = PRODUCT_DEFINITION_SHAPE('Placement','Placement of an item',
  #5861);
#5861 = NEXT_ASSEMBLY_USAGE_OCCURRENCE('154','=>[0:1:1:155]','',#5,#5852
  ,$);
#5862 = PRODUCT_RELATED_PRODUCT_CATEGORY('part',$,(#5854));
#5863 = ADVANCED_BREP_SHAPE_REPRESENTATION('',(#11,#5864),#5876);
#5864 = MANIFOLD_SOLID_BREP('',#5865);
#5865 = CLOSED_SHELL('',(#5866));
#5866 = ADVANCED_FACE('',(#5867),#5871,.T.);
#5867 = FACE_BOUND('',#5868,.T.);
#5868 = VERTEX_LOOP('',#5869);
#5869 = VERTEX_POINT('',#5870);
#5870 = CARTESIAN_POINT('',(1.255262969126E-17,-3.074507554457E-33,
    -0.205));
#5871 = SPHERICAL_SURFACE('',#5872,0.205);
#5872 = AXIS2_PLACEMENT_3D('',#5873,#5874,#5875);
#5873 = CARTESIAN_POINT('',(0.,0.,0.));
#5874 = DIRECTION('',(0.,0.,1.));
#5875 = DIRECTION('',(1.,0.,-0.));
#5876 = ( GEOMETRIC_REPRESENTATION_CONTEXT(3) 
GLOBAL_UNCERTAINTY_ASSIGNED_CONTEXT((#5880)) 
GLOBAL_UNIT_ASSIGNED_CONTEXT((#5877,#5878,#5879)) REPRESENTATION_CONTEXT
('Context #1','3D Context with UNIT and UNCERTAINTY') );
#5877 = ( LENGTH_UNIT() NAMED_UNIT(*) SI_UNIT(.MILLI.,.METRE.) );
#5878 = ( NAMED_UNIT(*) PLANE_ANGLE_UNIT() SI_UNIT($,.RADIAN.) );
#5879 = ( NAMED_UNIT(*) SI_UNIT($,.STERADIAN.) SOLID_ANGLE_UNIT() );
#5880 = UNCERTAINTY_MEASURE_WITH_UNIT(LENGTH_MEASURE(1.E-07),#5877,
  'distance_accuracy_value','confusion accuracy');
#5881 = SHAPE_DEFINITION_REPRESENTATION(#5882,#5863);
#5882 = PRODUCT_DEFINITION_SHAPE('','',#5883);
#5883 = PRODUCT_DEFINITION('design','',#5884,#5887);
#5884 = PRODUCT_DEFINITION_FORMATION('','',#5885);
#5885 = PRODUCT('L11','L11','',(#5886));
#5886 = PRODUCT_CONTEXT('',#2,'mechanical');
#5887 = PRODUCT_DEFINITION_CONTEXT('part definition',#2,'design');
#5888 = CONTEXT_DEPENDENT_SHAPE_REPRESENTATION(#5889,#5891);
#5889 = ( REPRESENTATION_RELATIONSHIP('','',#5863,#10) 
REPRESENTATION_RELATIONSHIP_WITH_TRANSFORMATION(#5890) 
SHAPE_REPRESENTATION_RELATIONSHIP() );
#5890 = ITEM_DEFINED_TRANSFORMATION('','',#11,#631);
#5891 = PRODUCT_DEFINITION_SHAPE('Placement','Placement of an item',
  #5892);
#5892 = NEXT_ASSEMBLY_USAGE_OCCURRENCE('155','=>[0:1:1:156]','',#5,#5883
  ,$);
#5893 = PRODUCT_RELATED_PRODUCT_CATEGORY('part',$,(#5885));
#5894 = ADVANCED_BREP_SHAPE_REPRESENTATION('',(#11,#5895),#5907);
#5895 = MANIFOLD_SOLID_BREP('',#5896);
#5896 = CLOSED_SHELL('',(#5897));
#5897 = ADVANCED_FACE('',(#5898),#5902,.T.);
#5898 = FACE_BOUND('',#5899,.T.);
#5899 = VERTEX_LOOP('',#5900);
#5900 = VERTEX_POINT('',#5901);
#5901 = CARTESIAN_POINT('',(1.255262969126E-17,-3.074507554457E-33,
    -0.205));
#5902 = SPHERICAL_SURFACE('',#5903,0.205);
#5903 = AXIS2_PLACEMENT_3D('',#5904,#5905,#5906);
#5904 = CARTESIAN_POINT('',(0.,0.,0.));
#5905 = DIRECTION('',(0.,0.,1.));
#5906 = DIRECTION('',(1.,0.,-0.));
#5907 = ( GEOMETRIC_REPRESENTATION_CONTEXT(3) 
GLOBAL_UNCERTAINTY_ASSIGNED_CONTEXT((#5911)) 
GLOBAL_UNIT_ASSIGNED_CONTEXT((#5908,#5909,#5910)) REPRESENTATION_CONTEXT
('Context #1','3D Context with UNIT and UNCERTAINTY') );
#5908 = ( LENGTH_UNIT() NAMED_UNIT(*) SI_UNIT(.MILLI.,.METRE.) );
#5909 = ( NAMED_UNIT(*) PLANE_ANGLE_UNIT() SI_UNIT($,.RADIAN.) );
#5910 = ( NAMED_UNIT(*) SI_UNIT($,.STERADIAN.) SOLID_ANGLE_UNIT() );
#5911 = UNCERTAINTY_MEASURE_WITH_UNIT(LENGTH_MEASURE(1.E-07),#5908,
  'distance_accuracy_value','confusion accuracy');
#5912 = SHAPE_DEFINITION_REPRESENTATION(#5913,#5894);
#5913 = PRODUCT_DEFINITION_SHAPE('','',#5914);
#5914 = PRODUCT_DEFINITION('design','',#5915,#5918);
#5915 = PRODUCT_DEFINITION_FORMATION('','',#5916);
#5916 = PRODUCT('L12','L12','',(#5917));
#5917 = PRODUCT_CONTEXT('',#2,'mechanical');
#5918 = PRODUCT_DEFINITION_CONTEXT('part definition',#2,'design');
#5919 = CONTEXT_DEPENDENT_SHAPE_REPRESENTATION(#5920,#5922);
#5920 = ( REPRESENTATION_RELATIONSHIP('','',#5894,#10) 
REPRESENTATION_RELATIONSHIP_WITH_TRANSFORMATION(#5921) 
SHAPE_REPRESENTATION_RELATIONSHIP() );
#5921 = ITEM_DEFINED_TRANSFORMATION('','',#11,#635);
#5922 = PRODUCT_DEFINITION_SHAPE('Placement','Placement of an item',
  #5923);
#5923 = NEXT_ASSEMBLY_USAGE_OCCURRENCE('156','=>[0:1:1:157]','',#5,#5914
  ,$);
#5924 = PRODUCT_RELATED_PRODUCT_CATEGORY('part',$,(#5916));
#5925 = ADVANCED_BREP_SHAPE_REPRESENTATION('',(#11,#5926),#5938);
#5926 = MANIFOLD_SOLID_BREP('',#5927);
#5927 = CLOSED_SHELL('',(#5928));
#5928 = ADVANCED_FACE('',(#5929),#5933,.T.);
#5929 = FACE_BOUND('',#5930,.T.);
#5930 = VERTEX_LOOP('',#5931);
#5931 = VERTEX_POINT('',#5932);
#5932 = CARTESIAN_POINT('',(1.255262969126E-17,-3.074507554457E-33,
    -0.205));
#5933 = SPHERICAL_SURFACE('',#5934,0.205);
#5934 = AXIS2_PLACEMENT_3D('',#5935,#5936,#5937);
#5935 = CARTESIAN_POINT('',(0.,0.,0.));
#5936 = DIRECTION('',(0.,0.,1.));
#5937 = DIRECTION('',(1.,0.,-0.));
#5938 = ( GEOMETRIC_REPRESENTATION_CONTEXT(3) 
GLOBAL_UNCERTAINTY_ASSIGNED_CONTEXT((#5942)) 
GLOBAL_UNIT_ASSIGNED_CONTEXT((#5939,#5940,#5941)) REPRESENTATION_CONTEXT
('Context #1','3D Context with UNIT and UNCERTAINTY') );
#5939 = ( LENGTH_UNIT() NAMED_UNIT(*) SI_UNIT(.MILLI.,.METRE.) );
#5940 = ( NAMED_UNIT(*) PLANE_ANGLE_UNIT() SI_UNIT($,.RADIAN.) );
#5941 = ( NAMED_UNIT(*) SI_UNIT($,.STERADIAN.) SOLID_ANGLE_UNIT() );
#5942 = UNCERTAINTY_MEASURE_WITH_UNIT(LENGTH_MEASURE(1.E-07),#5939,
  'distance_accuracy_value','confusion accuracy');
#5943 = SHAPE_DEFINITION_REPRESENTATION(#5944,#5925);
#5944 = PRODUCT_DEFINITION_SHAPE('','',#5945);
#5945 = PRODUCT_DEFINITION('design','',#5946,#5949);
#5946 = PRODUCT_DEFINITION_FORMATION('','',#5947);
#5947 = PRODUCT('L13','L13','',(#5948));
#5948 = PRODUCT_CONTEXT('',#2,'mechanical');
#5949 = PRODUCT_DEFINITION_CONTEXT('part definition',#2,'design');
#5950 = CONTEXT_DEPENDENT_SHAPE_REPRESENTATION(#5951,#5953);
#5951 = ( REPRESENTATION_RELATIONSHIP('','',#5925,#10) 
REPRESENTATION_RELATIONSHIP_WITH_TRANSFORMATION(#5952) 
SHAPE_REPRESENTATION_RELATIONSHIP() );
#5952 = ITEM_DEFINED_TRANSFORMATION('','',#11,#639);
#5953 = PRODUCT_DEFINITION_SHAPE('Placement','Placement of an item',
  #5954);
#5954 = NEXT_ASSEMBLY_USAGE_OCCURRENCE('157','=>[0:1:1:158]','',#5,#5945
  ,$);
#5955 = PRODUCT_RELATED_PRODUCT_CATEGORY('part',$,(#5947));
#5956 = ADVANCED_BREP_SHAPE_REPRESENTATION('',(#11,#5957),#5969);
#5957 = MANIFOLD_SOLID_BREP('',#5958);
#5958 = CLOSED_SHELL('',(#5959));
#5959 = ADVANCED_FACE('',(#5960),#5964,.T.);
#5960 = FACE_BOUND('',#5961,.T.);
#5961 = VERTEX_LOOP('',#5962);
#5962 = VERTEX_POINT('',#5963);
#5963 = CARTESIAN_POINT('',(1.255262969126E-17,-3.074507554457E-33,
    -0.205));
#5964 = SPHERICAL_SURFACE('',#5965,0.205);
#5965 = AXIS2_PLACEMENT_3D('',#5966,#5967,#5968);
#5966 = CARTESIAN_POINT('',(0.,0.,0.));
#5967 = DIRECTION('',(0.,0.,1.));
#5968 = DIRECTION('',(1.,0.,-0.));
#5969 = ( GEOMETRIC_REPRESENTATION_CONTEXT(3) 
GLOBAL_UNCERTAINTY_ASSIGNED_CONTEXT((#5973)) 
GLOBAL_UNIT_ASSIGNED_CONTEXT((#5970,#5971,#5972)) REPRESENTATION_CONTEXT
('Context #1','3D Context with UNIT and UNCERTAINTY') );
#5970 = ( LENGTH_UNIT() NAMED_UNIT(*) SI_UNIT(.MILLI.,.METRE.) );
#5971 = ( NAMED_UNIT(*) PLANE_ANGLE_UNIT() SI_UNIT($,.RADIAN.) );
#5972 = ( NAMED_UNIT(*) SI_UNIT($,.STERADIAN.) SOLID_ANGLE_UNIT() );
#5973 = UNCERTAINTY_MEASURE_WITH_UNIT(LENGTH_MEASURE(1.E-07),#5970,
  'distance_accuracy_value','confusion accuracy');
#5974 = SHAPE_DEFINITION_REPRESENTATION(#5975,#5956);
#5975 = PRODUCT_DEFINITION_SHAPE('','',#5976);
#5976 = PRODUCT_DEFINITION('design','',#5977,#5980);
#5977 = PRODUCT_DEFINITION_FORMATION('','',#5978);
#5978 = PRODUCT('L14','L14','',(#5979));
#5979 = PRODUCT_CONTEXT('',#2,'mechanical');
#5980 = PRODUCT_DEFINITION_CONTEXT('part definition',#2,'design');
#5981 = CONTEXT_DEPENDENT_SHAPE_REPRESENTATION(#5982,#5984);
#5982 = ( REPRESENTATION_RELATIONSHIP('','',#5956,#10) 
REPRESENTATION_RELATIONSHIP_WITH_TRANSFORMATION(#5983) 
SHAPE_REPRESENTATION_RELATIONSHIP() );
#5983 = ITEM_DEFINED_TRANSFORMATION('','',#11,#643);
#5984 = PRODUCT_DEFINITION_SHAPE('Placement','Placement of an item',
  #5985);
#5985 = NEXT_ASSEMBLY_USAGE_OCCURRENCE('158','=>[0:1:1:159]','',#5,#5976
  ,$);
#5986 = PRODUCT_RELATED_PRODUCT_CATEGORY('part',$,(#5978));
#5987 = ADVANCED_BREP_SHAPE_REPRESENTATION('',(#11,#5988),#6000);
#5988 = MANIFOLD_SOLID_BREP('',#5989);
#5989 = CLOSED_SHELL('',(#5990));
#5990 = ADVANCED_FACE('',(#5991),#5995,.T.);
#5991 = FACE_BOUND('',#5992,.T.);
#5992 = VERTEX_LOOP('',#5993);
#5993 = VERTEX_POINT('',#5994);
#5994 = CARTESIAN_POINT('',(1.255262969126E-17,-3.074507554457E-33,
    -0.205));
#5995 = SPHERICAL_SURFACE('',#5996,0.205);
#5996 = AXIS2_PLACEMENT_3D('',#5997,#5998,#5999);
#5997 = CARTESIAN_POINT('',(0.,0.,0.));
#5998 = DIRECTION('',(0.,0.,1.));
#5999 = DIRECTION('',(1.,0.,-0.));
#6000 = ( GEOMETRIC_REPRESENTATION_CONTEXT(3) 
GLOBAL_UNCERTAINTY_ASSIGNED_CONTEXT((#6004)) 
GLOBAL_UNIT_ASSIGNED_CONTEXT((#6001,#6002,#6003)) REPRESENTATION_CONTEXT
('Context #1','3D Context with UNIT and UNCERTAINTY') );
#6001 = ( LENGTH_UNIT() NAMED_UNIT(*) SI_UNIT(.MILLI.,.METRE.) );
#6002 = ( NAMED_UNIT(*) PLANE_ANGLE_UNIT() SI_UNIT($,.RADIAN.) );
#6003 = ( NAMED_UNIT(*) SI_UNIT($,.STERADIAN.) SOLID_ANGLE_UNIT() );
#6004 = UNCERTAINTY_MEASURE_WITH_UNIT(LENGTH_MEASURE(1.E-07),#6001,
  'distance_accuracy_value','confusion accuracy');
#6005 = SHAPE_DEFINITION_REPRESENTATION(#6006,#5987);
#6006 = PRODUCT_DEFINITION_SHAPE('','',#6007);
#6007 = PRODUCT_DEFINITION('design','',#6008,#6011);
#6008 = PRODUCT_DEFINITION_FORMATION('','',#6009);
#6009 = PRODUCT('L15','L15','',(#6010));
#6010 = PRODUCT_CONTEXT('',#2,'mechanical');
#6011 = PRODUCT_DEFINITION_CONTEXT('part definition',#2,'design');
#6012 = CONTEXT_DEPENDENT_SHAPE_REPRESENTATION(#6013,#6015);
#6013 = ( REPRESENTATION_RELATIONSHIP('','',#5987,#10) 
REPRESENTATION_RELATIONSHIP_WITH_TRANSFORMATION(#6014) 
SHAPE_REPRESENTATION_RELATIONSHIP() );
#6014 = ITEM_DEFINED_TRANSFORMATION('','',#11,#647);
#6015 = PRODUCT_DEFINITION_SHAPE('Placement','Placement of an item',
  #6016);
#6016 = NEXT_ASSEMBLY_USAGE_OCCURRENCE('159','=>[0:1:1:160]','',#5,#6007
  ,$);
#6017 = PRODUCT_RELATED_PRODUCT_CATEGORY('part',$,(#6009));
#6018 = ADVANCED_BREP_SHAPE_REPRESENTATION('',(#11,#6019),#6031);
#6019 = MANIFOLD_SOLID_BREP('',#6020);
#6020 = CLOSED_SHELL('',(#6021));
#6021 = ADVANCED_FACE('',(#6022),#6026,.T.);
#6022 = FACE_BOUND('',#6023,.T.);
#6023 = VERTEX_LOOP('',#6024);
#6024 = VERTEX_POINT('',#6025);
#6025 = CARTESIAN_POINT('',(1.255262969126E-17,-3.074507554457E-33,
    -0.205));
#6026 = SPHERICAL_SURFACE('',#6027,0.205);
#6027 = AXIS2_PLACEMENT_3D('',#6028,#6029,#6030);
#6028 = CARTESIAN_POINT('',(0.,0.,0.));
#6029 = DIRECTION('',(0.,0.,1.));
#6030 = DIRECTION('',(1.,0.,-0.));
#6031 = ( GEOMETRIC_REPRESENTATION_CONTEXT(3) 
GLOBAL_UNCERTAINTY_ASSIGNED_CONTEXT((#6035)) 
GLOBAL_UNIT_ASSIGNED_CONTEXT((#6032,#6033,#6034)) REPRESENTATION_CONTEXT
('Context #1','3D Context with UNIT and UNCERTAINTY') );
#6032 = ( LENGTH_UNIT() NAMED_UNIT(*) SI_UNIT(.MILLI.,.METRE.) );
#6033 = ( NAMED_UNIT(*) PLANE_ANGLE_UNIT() SI_UNIT($,.RADIAN.) );
#6034 = ( NAMED_UNIT(*) SI_UNIT($,.STERADIAN.) SOLID_ANGLE_UNIT() );
#6035 = UNCERTAINTY_MEASURE_WITH_UNIT(LENGTH_MEASURE(1.E-07),#6032,
  'distance_accuracy_value','confusion accuracy');
#6036 = SHAPE_DEFINITION_REPRESENTATION(#6037,#6018);
#6037 = PRODUCT_DEFINITION_SHAPE('','',#6038);
#6038 = PRODUCT_DEFINITION('design','',#6039,#6042);
#6039 = PRODUCT_DEFINITION_FORMATION('','',#6040);
#6040 = PRODUCT('L17','L17','',(#6041));
#6041 = PRODUCT_CONTEXT('',#2,'mechanical');
#6042 = PRODUCT_DEFINITION_CONTEXT('part definition',#2,'design');
#6043 = CONTEXT_DEPENDENT_SHAPE_REPRESENTATION(#6044,#6046);
#6044 = ( REPRESENTATION_RELATIONSHIP('','',#6018,#10) 
REPRESENTATION_RELATIONSHIP_WITH_TRANSFORMATION(#6045) 
SHAPE_REPRESENTATION_RELATIONSHIP() );
#6045 = ITEM_DEFINED_TRANSFORMATION('','',#11,#651);
#6046 = PRODUCT_DEFINITION_SHAPE('Placement','Placement of an item',
  #6047);
#6047 = NEXT_ASSEMBLY_USAGE_OCCURRENCE('160','=>[0:1:1:161]','',#5,#6038
  ,$);
#6048 = PRODUCT_RELATED_PRODUCT_CATEGORY('part',$,(#6040));
#6049 = ADVANCED_BREP_SHAPE_REPRESENTATION('',(#11,#6050),#6062);
#6050 = MANIFOLD_SOLID_BREP('',#6051);
#6051 = CLOSED_SHELL('',(#6052));
#6052 = ADVANCED_FACE('',(#6053),#6057,.T.);
#6053 = FACE_BOUND('',#6054,.T.);
#6054 = VERTEX_LOOP('',#6055);
#6055 = VERTEX_POINT('',#6056);
#6056 = CARTESIAN_POINT('',(1.255262969126E-17,-3.074507554457E-33,
    -0.205));
#6057 = SPHERICAL_SURFACE('',#6058,0.205);
#6058 = AXIS2_PLACEMENT_3D('',#6059,#6060,#6061);
#6059 = CARTESIAN_POINT('',(0.,0.,0.));
#6060 = DIRECTION('',(0.,0.,1.));
#6061 = DIRECTION('',(1.,0.,-0.));
#6062 = ( GEOMETRIC_REPRESENTATION_CONTEXT(3) 
GLOBAL_UNCERTAINTY_ASSIGNED_CONTEXT((#6066)) 
GLOBAL_UNIT_ASSIGNED_CONTEXT((#6063,#6064,#6065)) REPRESENTATION_CONTEXT
('Context #1','3D Context with UNIT and UNCERTAINTY') );
#6063 = ( LENGTH_UNIT() NAMED_UNIT(*) SI_UNIT(.MILLI.,.METRE.) );
#6064 = ( NAMED_UNIT(*) PLANE_ANGLE_UNIT() SI_UNIT($,.RADIAN.) );
#6065 = ( NAMED_UNIT(*) SI_UNIT($,.STERADIAN.) SOLID_ANGLE_UNIT() );
#6066 = UNCERTAINTY_MEASURE_WITH_UNIT(LENGTH_MEASURE(1.E-07),#6063,
  'distance_accuracy_value','confusion accuracy');
#6067 = SHAPE_DEFINITION_REPRESENTATION(#6068,#6049);
#6068 = PRODUCT_DEFINITION_SHAPE('','',#6069);
#6069 = PRODUCT_DEFINITION('design','',#6070,#6073);
#6070 = PRODUCT_DEFINITION_FORMATION('','',#6071);
#6071 = PRODUCT('L18','L18','',(#6072));
#6072 = PRODUCT_CONTEXT('',#2,'mechanical');
#6073 = PRODUCT_DEFINITION_CONTEXT('part definition',#2,'design');
#6074 = CONTEXT_DEPENDENT_SHAPE_REPRESENTATION(#6075,#6077);
#6075 = ( REPRESENTATION_RELATIONSHIP('','',#6049,#10) 
REPRESENTATION_RELATIONSHIP_WITH_TRANSFORMATION(#6076) 
SHAPE_REPRESENTATION_RELATIONSHIP() );
#6076 = ITEM_DEFINED_TRANSFORMATION('','',#11,#655);
#6077 = PRODUCT_DEFINITION_SHAPE('Placement','Placement of an item',
  #6078);
#6078 = NEXT_ASSEMBLY_USAGE_OCCURRENCE('161','=>[0:1:1:162]','',#5,#6069
  ,$);
#6079 = PRODUCT_RELATED_PRODUCT_CATEGORY('part',$,(#6071));
#6080 = ADVANCED_BREP_SHAPE_REPRESENTATION('',(#11,#6081),#6093);
#6081 = MANIFOLD_SOLID_BREP('',#6082);
#6082 = CLOSED_SHELL('',(#6083));
#6083 = ADVANCED_FACE('',(#6084),#6088,.T.);
#6084 = FACE_BOUND('',#6085,.T.);
#6085 = VERTEX_LOOP('',#6086);
#6086 = VERTEX_POINT('',#6087);
#6087 = CARTESIAN_POINT('',(1.255262969126E-17,-3.074507554457E-33,
    -0.205));
#6088 = SPHERICAL_SURFACE('',#6089,0.205);
#6089 = AXIS2_PLACEMENT_3D('',#6090,#6091,#6092);
#6090 = CARTESIAN_POINT('',(0.,0.,0.));
#6091 = DIRECTION('',(0.,0.,1.));
#6092 = DIRECTION('',(1.,0.,-0.));
#6093 = ( GEOMETRIC_REPRESENTATION_CONTEXT(3) 
GLOBAL_UNCERTAINTY_ASSIGNED_CONTEXT((#6097)) 
GLOBAL_UNIT_ASSIGNED_CONTEXT((#6094,#6095,#6096)) REPRESENTATION_CONTEXT
('Context #1','3D Context with UNIT and UNCERTAINTY') );
#6094 = ( LENGTH_UNIT() NAMED_UNIT(*) SI_UNIT(.MILLI.,.METRE.) );
#6095 = ( NAMED_UNIT(*) PLANE_ANGLE_UNIT() SI_UNIT($,.RADIAN.) );
#6096 = ( NAMED_UNIT(*) SI_UNIT($,.STERADIAN.) SOLID_ANGLE_UNIT() );
#6097 = UNCERTAINTY_MEASURE_WITH_UNIT(LENGTH_MEASURE(1.E-07),#6094,
  'distance_accuracy_value','confusion accuracy');
#6098 = SHAPE_DEFINITION_REPRESENTATION(#6099,#6080);
#6099 = PRODUCT_DEFINITION_SHAPE('','',#6100);
#6100 = PRODUCT_DEFINITION('design','',#6101,#6104);
#6101 = PRODUCT_DEFINITION_FORMATION('','',#6102);
#6102 = PRODUCT('M2','M2','',(#6103));
#6103 = PRODUCT_CONTEXT('',#2,'mechanical');
#6104 = PRODUCT_DEFINITION_CONTEXT('part definition',#2,'design');
#6105 = CONTEXT_DEPENDENT_SHAPE_REPRESENTATION(#6106,#6108);
#6106 = ( REPRESENTATION_RELATIONSHIP('','',#6080,#10) 
REPRESENTATION_RELATIONSHIP_WITH_TRANSFORMATION(#6107) 
SHAPE_REPRESENTATION_RELATIONSHIP() );
#6107 = ITEM_DEFINED_TRANSFORMATION('','',#11,#659);
#6108 = PRODUCT_DEFINITION_SHAPE('Placement','Placement of an item',
  #6109);
#6109 = NEXT_ASSEMBLY_USAGE_OCCURRENCE('162','=>[0:1:1:163]','',#5,#6100
  ,$);
#6110 = PRODUCT_RELATED_PRODUCT_CATEGORY('part',$,(#6102));
#6111 = ADVANCED_BREP_SHAPE_REPRESENTATION('',(#11,#6112),#6124);
#6112 = MANIFOLD_SOLID_BREP('',#6113);
#6113 = CLOSED_SHELL('',(#6114));
#6114 = ADVANCED_FACE('',(#6115),#6119,.T.);
#6115 = FACE_BOUND('',#6116,.T.);
#6116 = VERTEX_LOOP('',#6117);
#6117 = VERTEX_POINT('',#6118);
#6118 = CARTESIAN_POINT('',(1.255262969126E-17,-3.074507554457E-33,
    -0.205));
#6119 = SPHERICAL_SURFACE('',#6120,0.205);
#6120 = AXIS2_PLACEMENT_3D('',#6121,#6122,#6123);
#6121 = CARTESIAN_POINT('',(0.,0.,0.));
#6122 = DIRECTION('',(0.,0.,1.));
#6123 = DIRECTION('',(1.,0.,-0.));
#6124 = ( GEOMETRIC_REPRESENTATION_CONTEXT(3) 
GLOBAL_UNCERTAINTY_ASSIGNED_CONTEXT((#6128)) 
GLOBAL_UNIT_ASSIGNED_CONTEXT((#6125,#6126,#6127)) REPRESENTATION_CONTEXT
('Context #1','3D Context with UNIT and UNCERTAINTY') );
#6125 = ( LENGTH_UNIT() NAMED_UNIT(*) SI_UNIT(.MILLI.,.METRE.) );
#6126 = ( NAMED_UNIT(*) PLANE_ANGLE_UNIT() SI_UNIT($,.RADIAN.) );
#6127 = ( NAMED_UNIT(*) SI_UNIT($,.STERADIAN.) SOLID_ANGLE_UNIT() );
#6128 = UNCERTAINTY_MEASURE_WITH_UNIT(LENGTH_MEASURE(1.E-07),#6125,
  'distance_accuracy_value','confusion accuracy');
#6129 = SHAPE_DEFINITION_REPRESENTATION(#6130,#6111);
#6130 = PRODUCT_DEFINITION_SHAPE('','',#6131);
#6131 = PRODUCT_DEFINITION('design','',#6132,#6135);
#6132 = PRODUCT_DEFINITION_FORMATION('','',#6133);
#6133 = PRODUCT('M3','M3','',(#6134));
#6134 = PRODUCT_CONTEXT('',#2,'mechanical');
#6135 = PRODUCT_DEFINITION_CONTEXT('part definition',#2,'design');
#6136 = CONTEXT_DEPENDENT_SHAPE_REPRESENTATION(#6137,#6139);
#6137 = ( REPRESENTATION_RELATIONSHIP('','',#6111,#10) 
REPRESENTATION_RELATIONSHIP_WITH_TRANSFORMATION(#6138) 
SHAPE_REPRESENTATION_RELATIONSHIP() );
#6138 = ITEM_DEFINED_TRANSFORMATION('','',#11,#663);
#6139 = PRODUCT_DEFINITION_SHAPE('Placement','Placement of an item',
  #6140);
#6140 = NEXT_ASSEMBLY_USAGE_OCCURRENCE('163','=>[0:1:1:164]','',#5,#6131
  ,$);
#6141 = PRODUCT_RELATED_PRODUCT_CATEGORY('part',$,(#6133));
#6142 = ADVANCED_BREP_SHAPE_REPRESENTATION('',(#11,#6143),#6155);
#6143 = MANIFOLD_SOLID_BREP('',#6144);
#6144 = CLOSED_SHELL('',(#6145));
#6145 = ADVANCED_FACE('',(#6146),#6150,.T.);
#6146 = FACE_BOUND('',#6147,.T.);
#6147 = VERTEX_LOOP('',#6148);
#6148 = VERTEX_POINT('',#6149);
#6149 = CARTESIAN_POINT('',(1.255262969126E-17,-3.074507554457E-33,
    -0.205));
#6150 = SPHERICAL_SURFACE('',#6151,0.205);
#6151 = AXIS2_PLACEMENT_3D('',#6152,#6153,#6154);
#6152 = CARTESIAN_POINT('',(0.,0.,0.));
#6153 = DIRECTION('',(0.,0.,1.));
#6154 = DIRECTION('',(1.,0.,-0.));
#6155 = ( GEOMETRIC_REPRESENTATION_CONTEXT(3) 
GLOBAL_UNCERTAINTY_ASSIGNED_CONTEXT((#6159)) 
GLOBAL_UNIT_ASSIGNED_CONTEXT((#6156,#6157,#6158)) REPRESENTATION_CONTEXT
('Context #1','3D Context with UNIT and UNCERTAINTY') );
#6156 = ( LENGTH_UNIT() NAMED_UNIT(*) SI_UNIT(.MILLI.,.METRE.) );
#6157 = ( NAMED_UNIT(*) PLANE_ANGLE_UNIT() SI_UNIT($,.RADIAN.) );
#6158 = ( NAMED_UNIT(*) SI_UNIT($,.STERADIAN.) SOLID_ANGLE_UNIT() );
#6159 = UNCERTAINTY_MEASURE_WITH_UNIT(LENGTH_MEASURE(1.E-07),#6156,
  'distance_accuracy_value','confusion accuracy');
#6160 = SHAPE_DEFINITION_REPRESENTATION(#6161,#6142);
#6161 = PRODUCT_DEFINITION_SHAPE('','',#6162);
#6162 = PRODUCT_DEFINITION('design','',#6163,#6166);
#6163 = PRODUCT_DEFINITION_FORMATION('','',#6164);
#6164 = PRODUCT('M4','M4','',(#6165));
#6165 = PRODUCT_CONTEXT('',#2,'mechanical');
#6166 = PRODUCT_DEFINITION_CONTEXT('part definition',#2,'design');
#6167 = CONTEXT_DEPENDENT_SHAPE_REPRESENTATION(#6168,#6170);
#6168 = ( REPRESENTATION_RELATIONSHIP('','',#6142,#10) 
REPRESENTATION_RELATIONSHIP_WITH_TRANSFORMATION(#6169) 
SHAPE_REPRESENTATION_RELATIONSHIP() );
#6169 = ITEM_DEFINED_TRANSFORMATION('','',#11,#667);
#6170 = PRODUCT_DEFINITION_SHAPE('Placement','Placement of an item',
  #6171);
#6171 = NEXT_ASSEMBLY_USAGE_OCCURRENCE('164','=>[0:1:1:165]','',#5,#6162
  ,$);
#6172 = PRODUCT_RELATED_PRODUCT_CATEGORY('part',$,(#6164));
#6173 = ADVANCED_BREP_SHAPE_REPRESENTATION('',(#11,#6174),#6186);
#6174 = MANIFOLD_SOLID_BREP('',#6175);
#6175 = CLOSED_SHELL('',(#6176));
#6176 = ADVANCED_FACE('',(#6177),#6181,.T.);
#6177 = FACE_BOUND('',#6178,.T.);
#6178 = VERTEX_LOOP('',#6179);
#6179 = VERTEX_POINT('',#6180);
#6180 = CARTESIAN_POINT('',(1.255262969126E-17,-3.074507554457E-33,
    -0.205));
#6181 = SPHERICAL_SURFACE('',#6182,0.205);
#6182 = AXIS2_PLACEMENT_3D('',#6183,#6184,#6185);
#6183 = CARTESIAN_POINT('',(0.,0.,0.));
#6184 = DIRECTION('',(0.,0.,1.));
#6185 = DIRECTION('',(1.,0.,-0.));
#6186 = ( GEOMETRIC_REPRESENTATION_CONTEXT(3) 
GLOBAL_UNCERTAINTY_ASSIGNED_CONTEXT((#6190)) 
GLOBAL_UNIT_ASSIGNED_CONTEXT((#6187,#6188,#6189)) REPRESENTATION_CONTEXT
('Context #1','3D Context with UNIT and UNCERTAINTY') );
#6187 = ( LENGTH_UNIT() NAMED_UNIT(*) SI_UNIT(.MILLI.,.METRE.) );
#6188 = ( NAMED_UNIT(*) PLANE_ANGLE_UNIT() SI_UNIT($,.RADIAN.) );
#6189 = ( NAMED_UNIT(*) SI_UNIT($,.STERADIAN.) SOLID_ANGLE_UNIT() );
#6190 = UNCERTAINTY_MEASURE_WITH_UNIT(LENGTH_MEASURE(1.E-07),#6187,
  'distance_accuracy_value','confusion accuracy');
#6191 = SHAPE_DEFINITION_REPRESENTATION(#6192,#6173);
#6192 = PRODUCT_DEFINITION_SHAPE('','',#6193);
#6193 = PRODUCT_DEFINITION('design','',#6194,#6197);
#6194 = PRODUCT_DEFINITION_FORMATION('','',#6195);
#6195 = PRODUCT('M6','M6','',(#6196));
#6196 = PRODUCT_CONTEXT('',#2,'mechanical');
#6197 = PRODUCT_DEFINITION_CONTEXT('part definition',#2,'design');
#6198 = CONTEXT_DEPENDENT_SHAPE_REPRESENTATION(#6199,#6201);
#6199 = ( REPRESENTATION_RELATIONSHIP('','',#6173,#10) 
REPRESENTATION_RELATIONSHIP_WITH_TRANSFORMATION(#6200) 
SHAPE_REPRESENTATION_RELATIONSHIP() );
#6200 = ITEM_DEFINED_TRANSFORMATION('','',#11,#671);
#6201 = PRODUCT_DEFINITION_SHAPE('Placement','Placement of an item',
  #6202);
#6202 = NEXT_ASSEMBLY_USAGE_OCCURRENCE('165','=>[0:1:1:166]','',#5,#6193
  ,$);
#6203 = PRODUCT_RELATED_PRODUCT_CATEGORY('part',$,(#6195));
#6204 = ADVANCED_BREP_SHAPE_REPRESENTATION('',(#11,#6205),#6217);
#6205 = MANIFOLD_SOLID_BREP('',#6206);
#6206 = CLOSED_SHELL('',(#6207));
#6207 = ADVANCED_FACE('',(#6208),#6212,.T.);
#6208 = FACE_BOUND('',#6209,.T.);
#6209 = VERTEX_LOOP('',#6210);
#6210 = VERTEX_POINT('',#6211);
#6211 = CARTESIAN_POINT('',(1.255262969126E-17,-3.074507554457E-33,
    -0.205));
#6212 = SPHERICAL_SURFACE('',#6213,0.205);
#6213 = AXIS2_PLACEMENT_3D('',#6214,#6215,#6216);
#6214 = CARTESIAN_POINT('',(0.,0.,0.));
#6215 = DIRECTION('',(0.,0.,1.));
#6216 = DIRECTION('',(1.,0.,-0.));
#6217 = ( GEOMETRIC_REPRESENTATION_CONTEXT(3) 
GLOBAL_UNCERTAINTY_ASSIGNED_CONTEXT((#6221)) 
GLOBAL_UNIT_ASSIGNED_CONTEXT((#6218,#6219,#6220)) REPRESENTATION_CONTEXT
('Context #1','3D Context with UNIT and UNCERTAINTY') );
#6218 = ( LENGTH_UNIT() NAMED_UNIT(*) SI_UNIT(.MILLI.,.METRE.) );
#6219 = ( NAMED_UNIT(*) PLANE_ANGLE_UNIT() SI_UNIT($,.RADIAN.) );
#6220 = ( NAMED_UNIT(*) SI_UNIT($,.STERADIAN.) SOLID_ANGLE_UNIT() );
#6221 = UNCERTAINTY_MEASURE_WITH_UNIT(LENGTH_MEASURE(1.E-07),#6218,
  'distance_accuracy_value','confusion accuracy');
#6222 = SHAPE_DEFINITION_REPRESENTATION(#6223,#6204);
#6223 = PRODUCT_DEFINITION_SHAPE('','',#6224);
#6224 = PRODUCT_DEFINITION('design','',#6225,#6228);
#6225 = PRODUCT_DEFINITION_FORMATION('','',#6226);
#6226 = PRODUCT('M7','M7','',(#6227));
#6227 = PRODUCT_CONTEXT('',#2,'mechanical');
#6228 = PRODUCT_DEFINITION_CONTEXT('part definition',#2,'design');
#6229 = CONTEXT_DEPENDENT_SHAPE_REPRESENTATION(#6230,#6232);
#6230 = ( REPRESENTATION_RELATIONSHIP('','',#6204,#10) 
REPRESENTATION_RELATIONSHIP_WITH_TRANSFORMATION(#6231) 
SHAPE_REPRESENTATION_RELATIONSHIP() );
#6231 = ITEM_DEFINED_TRANSFORMATION('','',#11,#675);
#6232 = PRODUCT_DEFINITION_SHAPE('Placement','Placement of an item',
  #6233);
#6233 = NEXT_ASSEMBLY_USAGE_OCCURRENCE('166','=>[0:1:1:167]','',#5,#6224
  ,$);
#6234 = PRODUCT_RELATED_PRODUCT_CATEGORY('part',$,(#6226));
#6235 = ADVANCED_BREP_SHAPE_REPRESENTATION('',(#11,#6236),#6248);
#6236 = MANIFOLD_SOLID_BREP('',#6237);
#6237 = CLOSED_SHELL('',(#6238));
#6238 = ADVANCED_FACE('',(#6239),#6243,.T.);
#6239 = FACE_BOUND('',#6240,.T.);
#6240 = VERTEX_LOOP('',#6241);
#6241 = VERTEX_POINT('',#6242);
#6242 = CARTESIAN_POINT('',(1.255262969126E-17,-3.074507554457E-33,
    -0.205));
#6243 = SPHERICAL_SURFACE('',#6244,0.205);
#6244 = AXIS2_PLACEMENT_3D('',#6245,#6246,#6247);
#6245 = CARTESIAN_POINT('',(0.,0.,0.));
#6246 = DIRECTION('',(0.,0.,1.));
#6247 = DIRECTION('',(1.,0.,-0.));
#6248 = ( GEOMETRIC_REPRESENTATION_CONTEXT(3) 
GLOBAL_UNCERTAINTY_ASSIGNED_CONTEXT((#6252)) 
GLOBAL_UNIT_ASSIGNED_CONTEXT((#6249,#6250,#6251)) REPRESENTATION_CONTEXT
('Context #1','3D Context with UNIT and UNCERTAINTY') );
#6249 = ( LENGTH_UNIT() NAMED_UNIT(*) SI_UNIT(.MILLI.,.METRE.) );
#6250 = ( NAMED_UNIT(*) PLANE_ANGLE_UNIT() SI_UNIT($,.RADIAN.) );
#6251 = ( NAMED_UNIT(*) SI_UNIT($,.STERADIAN.) SOLID_ANGLE_UNIT() );
#6252 = UNCERTAINTY_MEASURE_WITH_UNIT(LENGTH_MEASURE(1.E-07),#6249,
  'distance_accuracy_value','confusion accuracy');
#6253 = SHAPE_DEFINITION_REPRESENTATION(#6254,#6235);
#6254 = PRODUCT_DEFINITION_SHAPE('','',#6255);
#6255 = PRODUCT_DEFINITION('design','',#6256,#6259);
#6256 = PRODUCT_DEFINITION_FORMATION('','',#6257);
#6257 = PRODUCT('M8','M8','',(#6258));
#6258 = PRODUCT_CONTEXT('',#2,'mechanical');
#6259 = PRODUCT_DEFINITION_CONTEXT('part definition',#2,'design');
#6260 = CONTEXT_DEPENDENT_SHAPE_REPRESENTATION(#6261,#6263);
#6261 = ( REPRESENTATION_RELATIONSHIP('','',#6235,#10) 
REPRESENTATION_RELATIONSHIP_WITH_TRANSFORMATION(#6262) 
SHAPE_REPRESENTATION_RELATIONSHIP() );
#6262 = ITEM_DEFINED_TRANSFORMATION('','',#11,#679);
#6263 = PRODUCT_DEFINITION_SHAPE('Placement','Placement of an item',
  #6264);
#6264 = NEXT_ASSEMBLY_USAGE_OCCURRENCE('167','=>[0:1:1:168]','',#5,#6255
  ,$);
#6265 = PRODUCT_RELATED_PRODUCT_CATEGORY('part',$,(#6257));
#6266 = ADVANCED_BREP_SHAPE_REPRESENTATION('',(#11,#6267),#6279);
#6267 = MANIFOLD_SOLID_BREP('',#6268);
#6268 = CLOSED_SHELL('',(#6269));
#6269 = ADVANCED_FACE('',(#6270),#6274,.T.);
#6270 = FACE_BOUND('',#6271,.T.);
#6271 = VERTEX_LOOP('',#6272);
#6272 = VERTEX_POINT('',#6273);
#6273 = CARTESIAN_POINT('',(1.255262969126E-17,-3.074507554457E-33,
    -0.205));
#6274 = SPHERICAL_SURFACE('',#6275,0.205);
#6275 = AXIS2_PLACEMENT_3D('',#6276,#6277,#6278);
#6276 = CARTESIAN_POINT('',(0.,0.,0.));
#6277 = DIRECTION('',(0.,0.,1.));
#6278 = DIRECTION('',(1.,0.,-0.));
#6279 = ( GEOMETRIC_REPRESENTATION_CONTEXT(3) 
GLOBAL_UNCERTAINTY_ASSIGNED_CONTEXT((#6283)) 
GLOBAL_UNIT_ASSIGNED_CONTEXT((#6280,#6281,#6282)) REPRESENTATION_CONTEXT
('Context #1','3D Context with UNIT and UNCERTAINTY') );
#6280 = ( LENGTH_UNIT() NAMED_UNIT(*) SI_UNIT(.MILLI.,.METRE.) );
#6281 = ( NAMED_UNIT(*) PLANE_ANGLE_UNIT() SI_UNIT($,.RADIAN.) );
#6282 = ( NAMED_UNIT(*) SI_UNIT($,.STERADIAN.) SOLID_ANGLE_UNIT() );
#6283 = UNCERTAINTY_MEASURE_WITH_UNIT(LENGTH_MEASURE(1.E-07),#6280,
  'distance_accuracy_value','confusion accuracy');
#6284 = SHAPE_DEFINITION_REPRESENTATION(#6285,#6266);
#6285 = PRODUCT_DEFINITION_SHAPE('','',#6286);
#6286 = PRODUCT_DEFINITION('design','',#6287,#6290);
#6287 = PRODUCT_DEFINITION_FORMATION('','',#6288);
#6288 = PRODUCT('M9','M9','',(#6289));
#6289 = PRODUCT_CONTEXT('',#2,'mechanical');
#6290 = PRODUCT_DEFINITION_CONTEXT('part definition',#2,'design');
#6291 = CONTEXT_DEPENDENT_SHAPE_REPRESENTATION(#6292,#6294);
#6292 = ( REPRESENTATION_RELATIONSHIP('','',#6266,#10) 
REPRESENTATION_RELATIONSHIP_WITH_TRANSFORMATION(#6293) 
SHAPE_REPRESENTATION_RELATIONSHIP() );
#6293 = ITEM_DEFINED_TRANSFORMATION('','',#11,#683);
#6294 = PRODUCT_DEFINITION_SHAPE('Placement','Placement of an item',
  #6295);
#6295 = NEXT_ASSEMBLY_USAGE_OCCURRENCE('168','=>[0:1:1:169]','',#5,#6286
  ,$);
#6296 = PRODUCT_RELATED_PRODUCT_CATEGORY('part',$,(#6288));
#6297 = ADVANCED_BREP_SHAPE_REPRESENTATION('',(#11,#6298),#6310);
#6298 = MANIFOLD_SOLID_BREP('',#6299);
#6299 = CLOSED_SHELL('',(#6300));
#6300 = ADVANCED_FACE('',(#6301),#6305,.T.);
#6301 = FACE_BOUND('',#6302,.T.);
#6302 = VERTEX_LOOP('',#6303);
#6303 = VERTEX_POINT('',#6304);
#6304 = CARTESIAN_POINT('',(1.255262969126E-17,-3.074507554457E-33,
    -0.205));
#6305 = SPHERICAL_SURFACE('',#6306,0.205);
#6306 = AXIS2_PLACEMENT_3D('',#6307,#6308,#6309);
#6307 = CARTESIAN_POINT('',(0.,0.,0.));
#6308 = DIRECTION('',(0.,0.,1.));
#6309 = DIRECTION('',(1.,0.,-0.));
#6310 = ( GEOMETRIC_REPRESENTATION_CONTEXT(3) 
GLOBAL_UNCERTAINTY_ASSIGNED_CONTEXT((#6314)) 
GLOBAL_UNIT_ASSIGNED_CONTEXT((#6311,#6312,#6313)) REPRESENTATION_CONTEXT
('Context #1','3D Context with UNIT and UNCERTAINTY') );
#6311 = ( LENGTH_UNIT() NAMED_UNIT(*) SI_UNIT(.MILLI.,.METRE.) );
#6312 = ( NAMED_UNIT(*) PLANE_ANGLE_UNIT() SI_UNIT($,.RADIAN.) );
#6313 = ( NAMED_UNIT(*) SI_UNIT($,.STERADIAN.) SOLID_ANGLE_UNIT() );
#6314 = UNCERTAINTY_MEASURE_WITH_UNIT(LENGTH_MEASURE(1.E-07),#6311,
  'distance_accuracy_value','confusion accuracy');
#6315 = SHAPE_DEFINITION_REPRESENTATION(#6316,#6297);
#6316 = PRODUCT_DEFINITION_SHAPE('','',#6317);
#6317 = PRODUCT_DEFINITION('design','',#6318,#6321);
#6318 = PRODUCT_DEFINITION_FORMATION('','',#6319);
#6319 = PRODUCT('M10','M10','',(#6320));
#6320 = PRODUCT_CONTEXT('',#2,'mechanical');
#6321 = PRODUCT_DEFINITION_CONTEXT('part definition',#2,'design');
#6322 = CONTEXT_DEPENDENT_SHAPE_REPRESENTATION(#6323,#6325);
#6323 = ( REPRESENTATION_RELATIONSHIP('','',#6297,#10) 
REPRESENTATION_RELATIONSHIP_WITH_TRANSFORMATION(#6324) 
SHAPE_REPRESENTATION_RELATIONSHIP() );
#6324 = ITEM_DEFINED_TRANSFORMATION('','',#11,#687);
#6325 = PRODUCT_DEFINITION_SHAPE('Placement','Placement of an item',
  #6326);
#6326 = NEXT_ASSEMBLY_USAGE_OCCURRENCE('169','=>[0:1:1:170]','',#5,#6317
  ,$);
#6327 = PRODUCT_RELATED_PRODUCT_CATEGORY('part',$,(#6319));
#6328 = ADVANCED_BREP_SHAPE_REPRESENTATION('',(#11,#6329),#6341);
#6329 = MANIFOLD_SOLID_BREP('',#6330);
#6330 = CLOSED_SHELL('',(#6331));
#6331 = ADVANCED_FACE('',(#6332),#6336,.T.);
#6332 = FACE_BOUND('',#6333,.T.);
#6333 = VERTEX_LOOP('',#6334);
#6334 = VERTEX_POINT('',#6335);
#6335 = CARTESIAN_POINT('',(1.255262969126E-17,-3.074507554457E-33,
    -0.205));
#6336 = SPHERICAL_SURFACE('',#6337,0.205);
#6337 = AXIS2_PLACEMENT_3D('',#6338,#6339,#6340);
#6338 = CARTESIAN_POINT('',(0.,0.,0.));
#6339 = DIRECTION('',(0.,0.,1.));
#6340 = DIRECTION('',(1.,0.,-0.));
#6341 = ( GEOMETRIC_REPRESENTATION_CONTEXT(3) 
GLOBAL_UNCERTAINTY_ASSIGNED_CONTEXT((#6345)) 
GLOBAL_UNIT_ASSIGNED_CONTEXT((#6342,#6343,#6344)) REPRESENTATION_CONTEXT
('Context #1','3D Context with UNIT and UNCERTAINTY') );
#6342 = ( LENGTH_UNIT() NAMED_UNIT(*) SI_UNIT(.MILLI.,.METRE.) );
#6343 = ( NAMED_UNIT(*) PLANE_ANGLE_UNIT() SI_UNIT($,.RADIAN.) );
#6344 = ( NAMED_UNIT(*) SI_UNIT($,.STERADIAN.) SOLID_ANGLE_UNIT() );
#6345 = UNCERTAINTY_MEASURE_WITH_UNIT(LENGTH_MEASURE(1.E-07),#6342,
  'distance_accuracy_value','confusion accuracy');
#6346 = SHAPE_DEFINITION_REPRESENTATION(#6347,#6328);
#6347 = PRODUCT_DEFINITION_SHAPE('','',#6348);
#6348 = PRODUCT_DEFINITION('design','',#6349,#6352);
#6349 = PRODUCT_DEFINITION_FORMATION('','',#6350);
#6350 = PRODUCT('M11','M11','',(#6351));
#6351 = PRODUCT_CONTEXT('',#2,'mechanical');
#6352 = PRODUCT_DEFINITION_CONTEXT('part definition',#2,'design');
#6353 = CONTEXT_DEPENDENT_SHAPE_REPRESENTATION(#6354,#6356);
#6354 = ( REPRESENTATION_RELATIONSHIP('','',#6328,#10) 
REPRESENTATION_RELATIONSHIP_WITH_TRANSFORMATION(#6355) 
SHAPE_REPRESENTATION_RELATIONSHIP() );
#6355 = ITEM_DEFINED_TRANSFORMATION('','',#11,#691);
#6356 = PRODUCT_DEFINITION_SHAPE('Placement','Placement of an item',
  #6357);
#6357 = NEXT_ASSEMBLY_USAGE_OCCURRENCE('170','=>[0:1:1:171]','',#5,#6348
  ,$);
#6358 = PRODUCT_RELATED_PRODUCT_CATEGORY('part',$,(#6350));
#6359 = ADVANCED_BREP_SHAPE_REPRESENTATION('',(#11,#6360),#6372);
#6360 = MANIFOLD_SOLID_BREP('',#6361);
#6361 = CLOSED_SHELL('',(#6362));
#6362 = ADVANCED_FACE('',(#6363),#6367,.T.);
#6363 = FACE_BOUND('',#6364,.T.);
#6364 = VERTEX_LOOP('',#6365);
#6365 = VERTEX_POINT('',#6366);
#6366 = CARTESIAN_POINT('',(1.255262969126E-17,-3.074507554457E-33,
    -0.205));
#6367 = SPHERICAL_SURFACE('',#6368,0.205);
#6368 = AXIS2_PLACEMENT_3D('',#6369,#6370,#6371);
#6369 = CARTESIAN_POINT('',(0.,0.,0.));
#6370 = DIRECTION('',(0.,0.,1.));
#6371 = DIRECTION('',(1.,0.,-0.));
#6372 = ( GEOMETRIC_REPRESENTATION_CONTEXT(3) 
GLOBAL_UNCERTAINTY_ASSIGNED_CONTEXT((#6376)) 
GLOBAL_UNIT_ASSIGNED_CONTEXT((#6373,#6374,#6375)) REPRESENTATION_CONTEXT
('Context #1','3D Context with UNIT and UNCERTAINTY') );
#6373 = ( LENGTH_UNIT() NAMED_UNIT(*) SI_UNIT(.MILLI.,.METRE.) );
#6374 = ( NAMED_UNIT(*) PLANE_ANGLE_UNIT() SI_UNIT($,.RADIAN.) );
#6375 = ( NAMED_UNIT(*) SI_UNIT($,.STERADIAN.) SOLID_ANGLE_UNIT() );
#6376 = UNCERTAINTY_MEASURE_WITH_UNIT(LENGTH_MEASURE(1.E-07),#6373,
  'distance_accuracy_value','confusion accuracy');
#6377 = SHAPE_DEFINITION_REPRESENTATION(#6378,#6359);
#6378 = PRODUCT_DEFINITION_SHAPE('','',#6379);
#6379 = PRODUCT_DEFINITION('design','',#6380,#6383);
#6380 = PRODUCT_DEFINITION_FORMATION('','',#6381);
#6381 = PRODUCT('M12','M12','',(#6382));
#6382 = PRODUCT_CONTEXT('',#2,'mechanical');
#6383 = PRODUCT_DEFINITION_CONTEXT('part definition',#2,'design');
#6384 = CONTEXT_DEPENDENT_SHAPE_REPRESENTATION(#6385,#6387);
#6385 = ( REPRESENTATION_RELATIONSHIP('','',#6359,#10) 
REPRESENTATION_RELATIONSHIP_WITH_TRANSFORMATION(#6386) 
SHAPE_REPRESENTATION_RELATIONSHIP() );
#6386 = ITEM_DEFINED_TRANSFORMATION('','',#11,#695);
#6387 = PRODUCT_DEFINITION_SHAPE('Placement','Placement of an item',
  #6388);
#6388 = NEXT_ASSEMBLY_USAGE_OCCURRENCE('171','=>[0:1:1:172]','',#5,#6379
  ,$);
#6389 = PRODUCT_RELATED_PRODUCT_CATEGORY('part',$,(#6381));
#6390 = ADVANCED_BREP_SHAPE_REPRESENTATION('',(#11,#6391),#6403);
#6391 = MANIFOLD_SOLID_BREP('',#6392);
#6392 = CLOSED_SHELL('',(#6393));
#6393 = ADVANCED_FACE('',(#6394),#6398,.T.);
#6394 = FACE_BOUND('',#6395,.T.);
#6395 = VERTEX_LOOP('',#6396);
#6396 = VERTEX_POINT('',#6397);
#6397 = CARTESIAN_POINT('',(1.255262969126E-17,-3.074507554457E-33,
    -0.205));
#6398 = SPHERICAL_SURFACE('',#6399,0.205);
#6399 = AXIS2_PLACEMENT_3D('',#6400,#6401,#6402);
#6400 = CARTESIAN_POINT('',(0.,0.,0.));
#6401 = DIRECTION('',(0.,0.,1.));
#6402 = DIRECTION('',(1.,0.,-0.));
#6403 = ( GEOMETRIC_REPRESENTATION_CONTEXT(3) 
GLOBAL_UNCERTAINTY_ASSIGNED_CONTEXT((#6407)) 
GLOBAL_UNIT_ASSIGNED_CONTEXT((#6404,#6405,#6406)) REPRESENTATION_CONTEXT
('Context #1','3D Context with UNIT and UNCERTAINTY') );
#6404 = ( LENGTH_UNIT() NAMED_UNIT(*) SI_UNIT(.MILLI.,.METRE.) );
#6405 = ( NAMED_UNIT(*) PLANE_ANGLE_UNIT() SI_UNIT($,.RADIAN.) );
#6406 = ( NAMED_UNIT(*) SI_UNIT($,.STERADIAN.) SOLID_ANGLE_UNIT() );
#6407 = UNCERTAINTY_MEASURE_WITH_UNIT(LENGTH_MEASURE(1.E-07),#6404,
  'distance_accuracy_value','confusion accuracy');
#6408 = SHAPE_DEFINITION_REPRESENTATION(#6409,#6390);
#6409 = PRODUCT_DEFINITION_SHAPE('','',#6410);
#6410 = PRODUCT_DEFINITION('design','',#6411,#6414);
#6411 = PRODUCT_DEFINITION_FORMATION('','',#6412);
#6412 = PRODUCT('M13','M13','',(#6413));
#6413 = PRODUCT_CONTEXT('',#2,'mechanical');
#6414 = PRODUCT_DEFINITION_CONTEXT('part definition',#2,'design');
#6415 = CONTEXT_DEPENDENT_SHAPE_REPRESENTATION(#6416,#6418);
#6416 = ( REPRESENTATION_RELATIONSHIP('','',#6390,#10) 
REPRESENTATION_RELATIONSHIP_WITH_TRANSFORMATION(#6417) 
SHAPE_REPRESENTATION_RELATIONSHIP() );
#6417 = ITEM_DEFINED_TRANSFORMATION('','',#11,#699);
#6418 = PRODUCT_DEFINITION_SHAPE('Placement','Placement of an item',
  #6419);
#6419 = NEXT_ASSEMBLY_USAGE_OCCURRENCE('172','=>[0:1:1:173]','',#5,#6410
  ,$);
#6420 = PRODUCT_RELATED_PRODUCT_CATEGORY('part',$,(#6412));
#6421 = ADVANCED_BREP_SHAPE_REPRESENTATION('',(#11,#6422),#6434);
#6422 = MANIFOLD_SOLID_BREP('',#6423);
#6423 = CLOSED_SHELL('',(#6424));
#6424 = ADVANCED_FACE('',(#6425),#6429,.T.);
#6425 = FACE_BOUND('',#6426,.T.);
#6426 = VERTEX_LOOP('',#6427);
#6427 = VERTEX_POINT('',#6428);
#6428 = CARTESIAN_POINT('',(1.255262969126E-17,-3.074507554457E-33,
    -0.205));
#6429 = SPHERICAL_SURFACE('',#6430,0.205);
#6430 = AXIS2_PLACEMENT_3D('',#6431,#6432,#6433);
#6431 = CARTESIAN_POINT('',(0.,0.,0.));
#6432 = DIRECTION('',(0.,0.,1.));
#6433 = DIRECTION('',(1.,0.,-0.));
#6434 = ( GEOMETRIC_REPRESENTATION_CONTEXT(3) 
GLOBAL_UNCERTAINTY_ASSIGNED_CONTEXT((#6438)) 
GLOBAL_UNIT_ASSIGNED_CONTEXT((#6435,#6436,#6437)) REPRESENTATION_CONTEXT
('Context #1','3D Context with UNIT and UNCERTAINTY') );
#6435 = ( LENGTH_UNIT() NAMED_UNIT(*) SI_UNIT(.MILLI.,.METRE.) );
#6436 = ( NAMED_UNIT(*) PLANE_ANGLE_UNIT() SI_UNIT($,.RADIAN.) );
#6437 = ( NAMED_UNIT(*) SI_UNIT($,.STERADIAN.) SOLID_ANGLE_UNIT() );
#6438 = UNCERTAINTY_MEASURE_WITH_UNIT(LENGTH_MEASURE(1.E-07),#6435,
  'distance_accuracy_value','confusion accuracy');
#6439 = SHAPE_DEFINITION_REPRESENTATION(#6440,#6421);
#6440 = PRODUCT_DEFINITION_SHAPE('','',#6441);
#6441 = PRODUCT_DEFINITION('design','',#6442,#6445);
#6442 = PRODUCT_DEFINITION_FORMATION('','',#6443);
#6443 = PRODUCT('M14','M14','',(#6444));
#6444 = PRODUCT_CONTEXT('',#2,'mechanical');
#6445 = PRODUCT_DEFINITION_CONTEXT('part definition',#2,'design');
#6446 = CONTEXT_DEPENDENT_SHAPE_REPRESENTATION(#6447,#6449);
#6447 = ( REPRESENTATION_RELATIONSHIP('','',#6421,#10) 
REPRESENTATION_RELATIONSHIP_WITH_TRANSFORMATION(#6448) 
SHAPE_REPRESENTATION_RELATIONSHIP() );
#6448 = ITEM_DEFINED_TRANSFORMATION('','',#11,#703);
#6449 = PRODUCT_DEFINITION_SHAPE('Placement','Placement of an item',
  #6450);
#6450 = NEXT_ASSEMBLY_USAGE_OCCURRENCE('173','=>[0:1:1:174]','',#5,#6441
  ,$);
#6451 = PRODUCT_RELATED_PRODUCT_CATEGORY('part',$,(#6443));
#6452 = ADVANCED_BREP_SHAPE_REPRESENTATION('',(#11,#6453),#6465);
#6453 = MANIFOLD_SOLID_BREP('',#6454);
#6454 = CLOSED_SHELL('',(#6455));
#6455 = ADVANCED_FACE('',(#6456),#6460,.T.);
#6456 = FACE_BOUND('',#6457,.T.);
#6457 = VERTEX_LOOP('',#6458);
#6458 = VERTEX_POINT('',#6459);
#6459 = CARTESIAN_POINT('',(1.255262969126E-17,-3.074507554457E-33,
    -0.205));
#6460 = SPHERICAL_SURFACE('',#6461,0.205);
#6461 = AXIS2_PLACEMENT_3D('',#6462,#6463,#6464);
#6462 = CARTESIAN_POINT('',(0.,0.,0.));
#6463 = DIRECTION('',(0.,0.,1.));
#6464 = DIRECTION('',(1.,0.,-0.));
#6465 = ( GEOMETRIC_REPRESENTATION_CONTEXT(3) 
GLOBAL_UNCERTAINTY_ASSIGNED_CONTEXT((#6469)) 
GLOBAL_UNIT_ASSIGNED_CONTEXT((#6466,#6467,#6468)) REPRESENTATION_CONTEXT
('Context #1','3D Context with UNIT and UNCERTAINTY') );
#6466 = ( LENGTH_UNIT() NAMED_UNIT(*) SI_UNIT(.MILLI.,.METRE.) );
#6467 = ( NAMED_UNIT(*) PLANE_ANGLE_UNIT() SI_UNIT($,.RADIAN.) );
#6468 = ( NAMED_UNIT(*) SI_UNIT($,.STERADIAN.) SOLID_ANGLE_UNIT() );
#6469 = UNCERTAINTY_MEASURE_WITH_UNIT(LENGTH_MEASURE(1.E-07),#6466,
  'distance_accuracy_value','confusion accuracy');
#6470 = SHAPE_DEFINITION_REPRESENTATION(#6471,#6452);
#6471 = PRODUCT_DEFINITION_SHAPE('','',#6472);
#6472 = PRODUCT_DEFINITION('design','',#6473,#6476);
#6473 = PRODUCT_DEFINITION_FORMATION('','',#6474);
#6474 = PRODUCT('M16','M16','',(#6475));
#6475 = PRODUCT_CONTEXT('',#2,'mechanical');
#6476 = PRODUCT_DEFINITION_CONTEXT('part definition',#2,'design');
#6477 = CONTEXT_DEPENDENT_SHAPE_REPRESENTATION(#6478,#6480);
#6478 = ( REPRESENTATION_RELATIONSHIP('','',#6452,#10) 
REPRESENTATION_RELATIONSHIP_WITH_TRANSFORMATION(#6479) 
SHAPE_REPRESENTATION_RELATIONSHIP() );
#6479 = ITEM_DEFINED_TRANSFORMATION('','',#11,#707);
#6480 = PRODUCT_DEFINITION_SHAPE('Placement','Placement of an item',
  #6481);
#6481 = NEXT_ASSEMBLY_USAGE_OCCURRENCE('174','=>[0:1:1:175]','',#5,#6472
  ,$);
#6482 = PRODUCT_RELATED_PRODUCT_CATEGORY('part',$,(#6474));
#6483 = ADVANCED_BREP_SHAPE_REPRESENTATION('',(#11,#6484),#6496);
#6484 = MANIFOLD_SOLID_BREP('',#6485);
#6485 = CLOSED_SHELL('',(#6486));
#6486 = ADVANCED_FACE('',(#6487),#6491,.T.);
#6487 = FACE_BOUND('',#6488,.T.);
#6488 = VERTEX_LOOP('',#6489);
#6489 = VERTEX_POINT('',#6490);
#6490 = CARTESIAN_POINT('',(1.255262969126E-17,-3.074507554457E-33,
    -0.205));
#6491 = SPHERICAL_SURFACE('',#6492,0.205);
#6492 = AXIS2_PLACEMENT_3D('',#6493,#6494,#6495);
#6493 = CARTESIAN_POINT('',(0.,0.,0.));
#6494 = DIRECTION('',(0.,0.,1.));
#6495 = DIRECTION('',(1.,0.,-0.));
#6496 = ( GEOMETRIC_REPRESENTATION_CONTEXT(3) 
GLOBAL_UNCERTAINTY_ASSIGNED_CONTEXT((#6500)) 
GLOBAL_UNIT_ASSIGNED_CONTEXT((#6497,#6498,#6499)) REPRESENTATION_CONTEXT
('Context #1','3D Context with UNIT and UNCERTAINTY') );
#6497 = ( LENGTH_UNIT() NAMED_UNIT(*) SI_UNIT(.MILLI.,.METRE.) );
#6498 = ( NAMED_UNIT(*) PLANE_ANGLE_UNIT() SI_UNIT($,.RADIAN.) );
#6499 = ( NAMED_UNIT(*) SI_UNIT($,.STERADIAN.) SOLID_ANGLE_UNIT() );
#6500 = UNCERTAINTY_MEASURE_WITH_UNIT(LENGTH_MEASURE(1.E-07),#6497,
  'distance_accuracy_value','confusion accuracy');
#6501 = SHAPE_DEFINITION_REPRESENTATION(#6502,#6483);
#6502 = PRODUCT_DEFINITION_SHAPE('','',#6503);
#6503 = PRODUCT_DEFINITION('design','',#6504,#6507);
#6504 = PRODUCT_DEFINITION_FORMATION('','',#6505);
#6505 = PRODUCT('M17','M17','',(#6506));
#6506 = PRODUCT_CONTEXT('',#2,'mechanical');
#6507 = PRODUCT_DEFINITION_CONTEXT('part definition',#2,'design');
#6508 = CONTEXT_DEPENDENT_SHAPE_REPRESENTATION(#6509,#6511);
#6509 = ( REPRESENTATION_RELATIONSHIP('','',#6483,#10) 
REPRESENTATION_RELATIONSHIP_WITH_TRANSFORMATION(#6510) 
SHAPE_REPRESENTATION_RELATIONSHIP() );
#6510 = ITEM_DEFINED_TRANSFORMATION('','',#11,#711);
#6511 = PRODUCT_DEFINITION_SHAPE('Placement','Placement of an item',
  #6512);
#6512 = NEXT_ASSEMBLY_USAGE_OCCURRENCE('175','=>[0:1:1:176]','',#5,#6503
  ,$);
#6513 = PRODUCT_RELATED_PRODUCT_CATEGORY('part',$,(#6505));
#6514 = ADVANCED_BREP_SHAPE_REPRESENTATION('',(#11,#6515),#6527);
#6515 = MANIFOLD_SOLID_BREP('',#6516);
#6516 = CLOSED_SHELL('',(#6517));
#6517 = ADVANCED_FACE('',(#6518),#6522,.T.);
#6518 = FACE_BOUND('',#6519,.T.);
#6519 = VERTEX_LOOP('',#6520);
#6520 = VERTEX_POINT('',#6521);
#6521 = CARTESIAN_POINT('',(1.255262969126E-17,-3.074507554457E-33,
    -0.205));
#6522 = SPHERICAL_SURFACE('',#6523,0.205);
#6523 = AXIS2_PLACEMENT_3D('',#6524,#6525,#6526);
#6524 = CARTESIAN_POINT('',(0.,0.,0.));
#6525 = DIRECTION('',(0.,0.,1.));
#6526 = DIRECTION('',(1.,0.,-0.));
#6527 = ( GEOMETRIC_REPRESENTATION_CONTEXT(3) 
GLOBAL_UNCERTAINTY_ASSIGNED_CONTEXT((#6531)) 
GLOBAL_UNIT_ASSIGNED_CONTEXT((#6528,#6529,#6530)) REPRESENTATION_CONTEXT
('Context #1','3D Context with UNIT and UNCERTAINTY') );
#6528 = ( LENGTH_UNIT() NAMED_UNIT(*) SI_UNIT(.MILLI.,.METRE.) );
#6529 = ( NAMED_UNIT(*) PLANE_ANGLE_UNIT() SI_UNIT($,.RADIAN.) );
#6530 = ( NAMED_UNIT(*) SI_UNIT($,.STERADIAN.) SOLID_ANGLE_UNIT() );
#6531 = UNCERTAINTY_MEASURE_WITH_UNIT(LENGTH_MEASURE(1.E-07),#6528,
  'distance_accuracy_value','confusion accuracy');
#6532 = SHAPE_DEFINITION_REPRESENTATION(#6533,#6514);
#6533 = PRODUCT_DEFINITION_SHAPE('','',#6534);
#6534 = PRODUCT_DEFINITION('design','',#6535,#6538);
#6535 = PRODUCT_DEFINITION_FORMATION('','',#6536);
#6536 = PRODUCT('M18','M18','',(#6537));
#6537 = PRODUCT_CONTEXT('',#2,'mechanical');
#6538 = PRODUCT_DEFINITION_CONTEXT('part definition',#2,'design');
#6539 = CONTEXT_DEPENDENT_SHAPE_REPRESENTATION(#6540,#6542);
#6540 = ( REPRESENTATION_RELATIONSHIP('','',#6514,#10) 
REPRESENTATION_RELATIONSHIP_WITH_TRANSFORMATION(#6541) 
SHAPE_REPRESENTATION_RELATIONSHIP() );
#6541 = ITEM_DEFINED_TRANSFORMATION('','',#11,#715);
#6542 = PRODUCT_DEFINITION_SHAPE('Placement','Placement of an item',
  #6543);
#6543 = NEXT_ASSEMBLY_USAGE_OCCURRENCE('176','=>[0:1:1:177]','',#5,#6534
  ,$);
#6544 = PRODUCT_RELATED_PRODUCT_CATEGORY('part',$,(#6536));
#6545 = ADVANCED_BREP_SHAPE_REPRESENTATION('',(#11,#6546),#6558);
#6546 = MANIFOLD_SOLID_BREP('',#6547);
#6547 = CLOSED_SHELL('',(#6548));
#6548 = ADVANCED_FACE('',(#6549),#6553,.T.);
#6549 = FACE_BOUND('',#6550,.T.);
#6550 = VERTEX_LOOP('',#6551);
#6551 = VERTEX_POINT('',#6552);
#6552 = CARTESIAN_POINT('',(1.255262969126E-17,-3.074507554457E-33,
    -0.205));
#6553 = SPHERICAL_SURFACE('',#6554,0.205);
#6554 = AXIS2_PLACEMENT_3D('',#6555,#6556,#6557);
#6555 = CARTESIAN_POINT('',(0.,0.,0.));
#6556 = DIRECTION('',(0.,0.,1.));
#6557 = DIRECTION('',(1.,0.,-0.));
#6558 = ( GEOMETRIC_REPRESENTATION_CONTEXT(3) 
GLOBAL_UNCERTAINTY_ASSIGNED_CONTEXT((#6562)) 
GLOBAL_UNIT_ASSIGNED_CONTEXT((#6559,#6560,#6561)) REPRESENTATION_CONTEXT
('Context #1','3D Context with UNIT and UNCERTAINTY') );
#6559 = ( LENGTH_UNIT() NAMED_UNIT(*) SI_UNIT(.MILLI.,.METRE.) );
#6560 = ( NAMED_UNIT(*) PLANE_ANGLE_UNIT() SI_UNIT($,.RADIAN.) );
#6561 = ( NAMED_UNIT(*) SI_UNIT($,.STERADIAN.) SOLID_ANGLE_UNIT() );
#6562 = UNCERTAINTY_MEASURE_WITH_UNIT(LENGTH_MEASURE(1.E-07),#6559,
  'distance_accuracy_value','confusion accuracy');
#6563 = SHAPE_DEFINITION_REPRESENTATION(#6564,#6545);
#6564 = PRODUCT_DEFINITION_SHAPE('','',#6565);
#6565 = PRODUCT_DEFINITION('design','',#6566,#6569);
#6566 = PRODUCT_DEFINITION_FORMATION('','',#6567);
#6567 = PRODUCT('N1','N1','',(#6568));
#6568 = PRODUCT_CONTEXT('',#2,'mechanical');
#6569 = PRODUCT_DEFINITION_CONTEXT('part definition',#2,'design');
#6570 = CONTEXT_DEPENDENT_SHAPE_REPRESENTATION(#6571,#6573);
#6571 = ( REPRESENTATION_RELATIONSHIP('','',#6545,#10) 
REPRESENTATION_RELATIONSHIP_WITH_TRANSFORMATION(#6572) 
SHAPE_REPRESENTATION_RELATIONSHIP() );
#6572 = ITEM_DEFINED_TRANSFORMATION('','',#11,#719);
#6573 = PRODUCT_DEFINITION_SHAPE('Placement','Placement of an item',
  #6574);
#6574 = NEXT_ASSEMBLY_USAGE_OCCURRENCE('177','=>[0:1:1:178]','',#5,#6565
  ,$);
#6575 = PRODUCT_RELATED_PRODUCT_CATEGORY('part',$,(#6567));
#6576 = ADVANCED_BREP_SHAPE_REPRESENTATION('',(#11,#6577),#6589);
#6577 = MANIFOLD_SOLID_BREP('',#6578);
#6578 = CLOSED_SHELL('',(#6579));
#6579 = ADVANCED_FACE('',(#6580),#6584,.T.);
#6580 = FACE_BOUND('',#6581,.T.);
#6581 = VERTEX_LOOP('',#6582);
#6582 = VERTEX_POINT('',#6583);
#6583 = CARTESIAN_POINT('',(1.255262969126E-17,-3.074507554457E-33,
    -0.205));
#6584 = SPHERICAL_SURFACE('',#6585,0.205);
#6585 = AXIS2_PLACEMENT_3D('',#6586,#6587,#6588);
#6586 = CARTESIAN_POINT('',(0.,0.,0.));
#6587 = DIRECTION('',(0.,0.,1.));
#6588 = DIRECTION('',(1.,0.,-0.));
#6589 = ( GEOMETRIC_REPRESENTATION_CONTEXT(3) 
GLOBAL_UNCERTAINTY_ASSIGNED_CONTEXT((#6593)) 
GLOBAL_UNIT_ASSIGNED_CONTEXT((#6590,#6591,#6592)) REPRESENTATION_CONTEXT
('Context #1','3D Context with UNIT and UNCERTAINTY') );
#6590 = ( LENGTH_UNIT() NAMED_UNIT(*) SI_UNIT(.MILLI.,.METRE.) );
#6591 = ( NAMED_UNIT(*) PLANE_ANGLE_UNIT() SI_UNIT($,.RADIAN.) );
#6592 = ( NAMED_UNIT(*) SI_UNIT($,.STERADIAN.) SOLID_ANGLE_UNIT() );
#6593 = UNCERTAINTY_MEASURE_WITH_UNIT(LENGTH_MEASURE(1.E-07),#6590,
  'distance_accuracy_value','confusion accuracy');
#6594 = SHAPE_DEFINITION_REPRESENTATION(#6595,#6576);
#6595 = PRODUCT_DEFINITION_SHAPE('','',#6596);
#6596 = PRODUCT_DEFINITION('design','',#6597,#6600);
#6597 = PRODUCT_DEFINITION_FORMATION('','',#6598);
#6598 = PRODUCT('N2','N2','',(#6599));
#6599 = PRODUCT_CONTEXT('',#2,'mechanical');
#6600 = PRODUCT_DEFINITION_CONTEXT('part definition',#2,'design');
#6601 = CONTEXT_DEPENDENT_SHAPE_REPRESENTATION(#6602,#6604);
#6602 = ( REPRESENTATION_RELATIONSHIP('','',#6576,#10) 
REPRESENTATION_RELATIONSHIP_WITH_TRANSFORMATION(#6603) 
SHAPE_REPRESENTATION_RELATIONSHIP() );
#6603 = ITEM_DEFINED_TRANSFORMATION('','',#11,#723);
#6604 = PRODUCT_DEFINITION_SHAPE('Placement','Placement of an item',
  #6605);
#6605 = NEXT_ASSEMBLY_USAGE_OCCURRENCE('178','=>[0:1:1:179]','',#5,#6596
  ,$);
#6606 = PRODUCT_RELATED_PRODUCT_CATEGORY('part',$,(#6598));
#6607 = ADVANCED_BREP_SHAPE_REPRESENTATION('',(#11,#6608),#6620);
#6608 = MANIFOLD_SOLID_BREP('',#6609);
#6609 = CLOSED_SHELL('',(#6610));
#6610 = ADVANCED_FACE('',(#6611),#6615,.T.);
#6611 = FACE_BOUND('',#6612,.T.);
#6612 = VERTEX_LOOP('',#6613);
#6613 = VERTEX_POINT('',#6614);
#6614 = CARTESIAN_POINT('',(1.255262969126E-17,-3.074507554457E-33,
    -0.205));
#6615 = SPHERICAL_SURFACE('',#6616,0.205);
#6616 = AXIS2_PLACEMENT_3D('',#6617,#6618,#6619);
#6617 = CARTESIAN_POINT('',(0.,0.,0.));
#6618 = DIRECTION('',(0.,0.,1.));
#6619 = DIRECTION('',(1.,0.,-0.));
#6620 = ( GEOMETRIC_REPRESENTATION_CONTEXT(3) 
GLOBAL_UNCERTAINTY_ASSIGNED_CONTEXT((#6624)) 
GLOBAL_UNIT_ASSIGNED_CONTEXT((#6621,#6622,#6623)) REPRESENTATION_CONTEXT
('Context #1','3D Context with UNIT and UNCERTAINTY') );
#6621 = ( LENGTH_UNIT() NAMED_UNIT(*) SI_UNIT(.MILLI.,.METRE.) );
#6622 = ( NAMED_UNIT(*) PLANE_ANGLE_UNIT() SI_UNIT($,.RADIAN.) );
#6623 = ( NAMED_UNIT(*) SI_UNIT($,.STERADIAN.) SOLID_ANGLE_UNIT() );
#6624 = UNCERTAINTY_MEASURE_WITH_UNIT(LENGTH_MEASURE(1.E-07),#6621,
  'distance_accuracy_value','confusion accuracy');
#6625 = SHAPE_DEFINITION_REPRESENTATION(#6626,#6607);
#6626 = PRODUCT_DEFINITION_SHAPE('','',#6627);
#6627 = PRODUCT_DEFINITION('design','',#6628,#6631);
#6628 = PRODUCT_DEFINITION_FORMATION('','',#6629);
#6629 = PRODUCT('N3','N3','',(#6630));
#6630 = PRODUCT_CONTEXT('',#2,'mechanical');
#6631 = PRODUCT_DEFINITION_CONTEXT('part definition',#2,'design');
#6632 = CONTEXT_DEPENDENT_SHAPE_REPRESENTATION(#6633,#6635);
#6633 = ( REPRESENTATION_RELATIONSHIP('','',#6607,#10) 
REPRESENTATION_RELATIONSHIP_WITH_TRANSFORMATION(#6634) 
SHAPE_REPRESENTATION_RELATIONSHIP() );
#6634 = ITEM_DEFINED_TRANSFORMATION('','',#11,#727);
#6635 = PRODUCT_DEFINITION_SHAPE('Placement','Placement of an item',
  #6636);
#6636 = NEXT_ASSEMBLY_USAGE_OCCURRENCE('179','=>[0:1:1:180]','',#5,#6627
  ,$);
#6637 = PRODUCT_RELATED_PRODUCT_CATEGORY('part',$,(#6629));
#6638 = ADVANCED_BREP_SHAPE_REPRESENTATION('',(#11,#6639),#6651);
#6639 = MANIFOLD_SOLID_BREP('',#6640);
#6640 = CLOSED_SHELL('',(#6641));
#6641 = ADVANCED_FACE('',(#6642),#6646,.T.);
#6642 = FACE_BOUND('',#6643,.T.);
#6643 = VERTEX_LOOP('',#6644);
#6644 = VERTEX_POINT('',#6645);
#6645 = CARTESIAN_POINT('',(1.255262969126E-17,-3.074507554457E-33,
    -0.205));
#6646 = SPHERICAL_SURFACE('',#6647,0.205);
#6647 = AXIS2_PLACEMENT_3D('',#6648,#6649,#6650);
#6648 = CARTESIAN_POINT('',(0.,0.,0.));
#6649 = DIRECTION('',(0.,0.,1.));
#6650 = DIRECTION('',(1.,0.,-0.));
#6651 = ( GEOMETRIC_REPRESENTATION_CONTEXT(3) 
GLOBAL_UNCERTAINTY_ASSIGNED_CONTEXT((#6655)) 
GLOBAL_UNIT_ASSIGNED_CONTEXT((#6652,#6653,#6654)) REPRESENTATION_CONTEXT
('Context #1','3D Context with UNIT and UNCERTAINTY') );
#6652 = ( LENGTH_UNIT() NAMED_UNIT(*) SI_UNIT(.MILLI.,.METRE.) );
#6653 = ( NAMED_UNIT(*) PLANE_ANGLE_UNIT() SI_UNIT($,.RADIAN.) );
#6654 = ( NAMED_UNIT(*) SI_UNIT($,.STERADIAN.) SOLID_ANGLE_UNIT() );
#6655 = UNCERTAINTY_MEASURE_WITH_UNIT(LENGTH_MEASURE(1.E-07),#6652,
  'distance_accuracy_value','confusion accuracy');
#6656 = SHAPE_DEFINITION_REPRESENTATION(#6657,#6638);
#6657 = PRODUCT_DEFINITION_SHAPE('','',#6658);
#6658 = PRODUCT_DEFINITION('design','',#6659,#6662);
#6659 = PRODUCT_DEFINITION_FORMATION('','',#6660);
#6660 = PRODUCT('N6','N6','',(#6661));
#6661 = PRODUCT_CONTEXT('',#2,'mechanical');
#6662 = PRODUCT_DEFINITION_CONTEXT('part definition',#2,'design');
#6663 = CONTEXT_DEPENDENT_SHAPE_REPRESENTATION(#6664,#6666);
#6664 = ( REPRESENTATION_RELATIONSHIP('','',#6638,#10) 
REPRESENTATION_RELATIONSHIP_WITH_TRANSFORMATION(#6665) 
SHAPE_REPRESENTATION_RELATIONSHIP() );
#6665 = ITEM_DEFINED_TRANSFORMATION('','',#11,#731);
#6666 = PRODUCT_DEFINITION_SHAPE('Placement','Placement of an item',
  #6667);
#6667 = NEXT_ASSEMBLY_USAGE_OCCURRENCE('180','=>[0:1:1:181]','',#5,#6658
  ,$);
#6668 = PRODUCT_RELATED_PRODUCT_CATEGORY('part',$,(#6660));
#6669 = ADVANCED_BREP_SHAPE_REPRESENTATION('',(#11,#6670),#6682);
#6670 = MANIFOLD_SOLID_BREP('',#6671);
#6671 = CLOSED_SHELL('',(#6672));
#6672 = ADVANCED_FACE('',(#6673),#6677,.T.);
#6673 = FACE_BOUND('',#6674,.T.);
#6674 = VERTEX_LOOP('',#6675);
#6675 = VERTEX_POINT('',#6676);
#6676 = CARTESIAN_POINT('',(1.255262969126E-17,-3.074507554457E-33,
    -0.205));
#6677 = SPHERICAL_SURFACE('',#6678,0.205);
#6678 = AXIS2_PLACEMENT_3D('',#6679,#6680,#6681);
#6679 = CARTESIAN_POINT('',(0.,0.,0.));
#6680 = DIRECTION('',(0.,0.,1.));
#6681 = DIRECTION('',(1.,0.,-0.));
#6682 = ( GEOMETRIC_REPRESENTATION_CONTEXT(3) 
GLOBAL_UNCERTAINTY_ASSIGNED_CONTEXT((#6686)) 
GLOBAL_UNIT_ASSIGNED_CONTEXT((#6683,#6684,#6685)) REPRESENTATION_CONTEXT
('Context #1','3D Context with UNIT and UNCERTAINTY') );
#6683 = ( LENGTH_UNIT() NAMED_UNIT(*) SI_UNIT(.MILLI.,.METRE.) );
#6684 = ( NAMED_UNIT(*) PLANE_ANGLE_UNIT() SI_UNIT($,.RADIAN.) );
#6685 = ( NAMED_UNIT(*) SI_UNIT($,.STERADIAN.) SOLID_ANGLE_UNIT() );
#6686 = UNCERTAINTY_MEASURE_WITH_UNIT(LENGTH_MEASURE(1.E-07),#6683,
  'distance_accuracy_value','confusion accuracy');
#6687 = SHAPE_DEFINITION_REPRESENTATION(#6688,#6669);
#6688 = PRODUCT_DEFINITION_SHAPE('','',#6689);
#6689 = PRODUCT_DEFINITION('design','',#6690,#6693);
#6690 = PRODUCT_DEFINITION_FORMATION('','',#6691);
#6691 = PRODUCT('N7','N7','',(#6692));
#6692 = PRODUCT_CONTEXT('',#2,'mechanical');
#6693 = PRODUCT_DEFINITION_CONTEXT('part definition',#2,'design');
#6694 = CONTEXT_DEPENDENT_SHAPE_REPRESENTATION(#6695,#6697);
#6695 = ( REPRESENTATION_RELATIONSHIP('','',#6669,#10) 
REPRESENTATION_RELATIONSHIP_WITH_TRANSFORMATION(#6696) 
SHAPE_REPRESENTATION_RELATIONSHIP() );
#6696 = ITEM_DEFINED_TRANSFORMATION('','',#11,#735);
#6697 = PRODUCT_DEFINITION_SHAPE('Placement','Placement of an item',
  #6698);
#6698 = NEXT_ASSEMBLY_USAGE_OCCURRENCE('181','=>[0:1:1:182]','',#5,#6689
  ,$);
#6699 = PRODUCT_RELATED_PRODUCT_CATEGORY('part',$,(#6691));
#6700 = ADVANCED_BREP_SHAPE_REPRESENTATION('',(#11,#6701),#6713);
#6701 = MANIFOLD_SOLID_BREP('',#6702);
#6702 = CLOSED_SHELL('',(#6703));
#6703 = ADVANCED_FACE('',(#6704),#6708,.T.);
#6704 = FACE_BOUND('',#6705,.T.);
#6705 = VERTEX_LOOP('',#6706);
#6706 = VERTEX_POINT('',#6707);
#6707 = CARTESIAN_POINT('',(1.255262969126E-17,-3.074507554457E-33,
    -0.205));
#6708 = SPHERICAL_SURFACE('',#6709,0.205);
#6709 = AXIS2_PLACEMENT_3D('',#6710,#6711,#6712);
#6710 = CARTESIAN_POINT('',(0.,0.,0.));
#6711 = DIRECTION('',(0.,0.,1.));
#6712 = DIRECTION('',(1.,0.,-0.));
#6713 = ( GEOMETRIC_REPRESENTATION_CONTEXT(3) 
GLOBAL_UNCERTAINTY_ASSIGNED_CONTEXT((#6717)) 
GLOBAL_UNIT_ASSIGNED_CONTEXT((#6714,#6715,#6716)) REPRESENTATION_CONTEXT
('Context #1','3D Context with UNIT and UNCERTAINTY') );
#6714 = ( LENGTH_UNIT() NAMED_UNIT(*) SI_UNIT(.MILLI.,.METRE.) );
#6715 = ( NAMED_UNIT(*) PLANE_ANGLE_UNIT() SI_UNIT($,.RADIAN.) );
#6716 = ( NAMED_UNIT(*) SI_UNIT($,.STERADIAN.) SOLID_ANGLE_UNIT() );
#6717 = UNCERTAINTY_MEASURE_WITH_UNIT(LENGTH_MEASURE(1.E-07),#6714,
  'distance_accuracy_value','confusion accuracy');
#6718 = SHAPE_DEFINITION_REPRESENTATION(#6719,#6700);
#6719 = PRODUCT_DEFINITION_SHAPE('','',#6720);
#6720 = PRODUCT_DEFINITION('design','',#6721,#6724);
#6721 = PRODUCT_DEFINITION_FORMATION('','',#6722);
#6722 = PRODUCT('N8','N8','',(#6723));
#6723 = PRODUCT_CONTEXT('',#2,'mechanical');
#6724 = PRODUCT_DEFINITION_CONTEXT('part definition',#2,'design');
#6725 = CONTEXT_DEPENDENT_SHAPE_REPRESENTATION(#6726,#6728);
#6726 = ( REPRESENTATION_RELATIONSHIP('','',#6700,#10) 
REPRESENTATION_RELATIONSHIP_WITH_TRANSFORMATION(#6727) 
SHAPE_REPRESENTATION_RELATIONSHIP() );
#6727 = ITEM_DEFINED_TRANSFORMATION('','',#11,#739);
#6728 = PRODUCT_DEFINITION_SHAPE('Placement','Placement of an item',
  #6729);
#6729 = NEXT_ASSEMBLY_USAGE_OCCURRENCE('182','=>[0:1:1:183]','',#5,#6720
  ,$);
#6730 = PRODUCT_RELATED_PRODUCT_CATEGORY('part',$,(#6722));
#6731 = ADVANCED_BREP_SHAPE_REPRESENTATION('',(#11,#6732),#6744);
#6732 = MANIFOLD_SOLID_BREP('',#6733);
#6733 = CLOSED_SHELL('',(#6734));
#6734 = ADVANCED_FACE('',(#6735),#6739,.T.);
#6735 = FACE_BOUND('',#6736,.T.);
#6736 = VERTEX_LOOP('',#6737);
#6737 = VERTEX_POINT('',#6738);
#6738 = CARTESIAN_POINT('',(1.255262969126E-17,-3.074507554457E-33,
    -0.205));
#6739 = SPHERICAL_SURFACE('',#6740,0.205);
#6740 = AXIS2_PLACEMENT_3D('',#6741,#6742,#6743);
#6741 = CARTESIAN_POINT('',(0.,0.,0.));
#6742 = DIRECTION('',(0.,0.,1.));
#6743 = DIRECTION('',(1.,0.,-0.));
#6744 = ( GEOMETRIC_REPRESENTATION_CONTEXT(3) 
GLOBAL_UNCERTAINTY_ASSIGNED_CONTEXT((#6748)) 
GLOBAL_UNIT_ASSIGNED_CONTEXT((#6745,#6746,#6747)) REPRESENTATION_CONTEXT
('Context #1','3D Context with UNIT and UNCERTAINTY') );
#6745 = ( LENGTH_UNIT() NAMED_UNIT(*) SI_UNIT(.MILLI.,.METRE.) );
#6746 = ( NAMED_UNIT(*) PLANE_ANGLE_UNIT() SI_UNIT($,.RADIAN.) );
#6747 = ( NAMED_UNIT(*) SI_UNIT($,.STERADIAN.) SOLID_ANGLE_UNIT() );
#6748 = UNCERTAINTY_MEASURE_WITH_UNIT(LENGTH_MEASURE(1.E-07),#6745,
  'distance_accuracy_value','confusion accuracy');
#6749 = SHAPE_DEFINITION_REPRESENTATION(#6750,#6731);
#6750 = PRODUCT_DEFINITION_SHAPE('','',#6751);
#6751 = PRODUCT_DEFINITION('design','',#6752,#6755);
#6752 = PRODUCT_DEFINITION_FORMATION('','',#6753);
#6753 = PRODUCT('N9','N9','',(#6754));
#6754 = PRODUCT_CONTEXT('',#2,'mechanical');
#6755 = PRODUCT_DEFINITION_CONTEXT('part definition',#2,'design');
#6756 = CONTEXT_DEPENDENT_SHAPE_REPRESENTATION(#6757,#6759);
#6757 = ( REPRESENTATION_RELATIONSHIP('','',#6731,#10) 
REPRESENTATION_RELATIONSHIP_WITH_TRANSFORMATION(#6758) 
SHAPE_REPRESENTATION_RELATIONSHIP() );
#6758 = ITEM_DEFINED_TRANSFORMATION('','',#11,#743);
#6759 = PRODUCT_DEFINITION_SHAPE('Placement','Placement of an item',
  #6760);
#6760 = NEXT_ASSEMBLY_USAGE_OCCURRENCE('183','=>[0:1:1:184]','',#5,#6751
  ,$);
#6761 = PRODUCT_RELATED_PRODUCT_CATEGORY('part',$,(#6753));
#6762 = ADVANCED_BREP_SHAPE_REPRESENTATION('',(#11,#6763),#6775);
#6763 = MANIFOLD_SOLID_BREP('',#6764);
#6764 = CLOSED_SHELL('',(#6765));
#6765 = ADVANCED_FACE('',(#6766),#6770,.T.);
#6766 = FACE_BOUND('',#6767,.T.);
#6767 = VERTEX_LOOP('',#6768);
#6768 = VERTEX_POINT('',#6769);
#6769 = CARTESIAN_POINT('',(1.255262969126E-17,-3.074507554457E-33,
    -0.205));
#6770 = SPHERICAL_SURFACE('',#6771,0.205);
#6771 = AXIS2_PLACEMENT_3D('',#6772,#6773,#6774);
#6772 = CARTESIAN_POINT('',(0.,0.,0.));
#6773 = DIRECTION('',(0.,0.,1.));
#6774 = DIRECTION('',(1.,0.,-0.));
#6775 = ( GEOMETRIC_REPRESENTATION_CONTEXT(3) 
GLOBAL_UNCERTAINTY_ASSIGNED_CONTEXT((#6779)) 
GLOBAL_UNIT_ASSIGNED_CONTEXT((#6776,#6777,#6778)) REPRESENTATION_CONTEXT
('Context #1','3D Context with UNIT and UNCERTAINTY') );
#6776 = ( LENGTH_UNIT() NAMED_UNIT(*) SI_UNIT(.MILLI.,.METRE.) );
#6777 = ( NAMED_UNIT(*) PLANE_ANGLE_UNIT() SI_UNIT($,.RADIAN.) );
#6778 = ( NAMED_UNIT(*) SI_UNIT($,.STERADIAN.) SOLID_ANGLE_UNIT() );
#6779 = UNCERTAINTY_MEASURE_WITH_UNIT(LENGTH_MEASURE(1.E-07),#6776,
  'distance_accuracy_value','confusion accuracy');
#6780 = SHAPE_DEFINITION_REPRESENTATION(#6781,#6762);
#6781 = PRODUCT_DEFINITION_SHAPE('','',#6782);
#6782 = PRODUCT_DEFINITION('design','',#6783,#6786);
#6783 = PRODUCT_DEFINITION_FORMATION('','',#6784);
#6784 = PRODUCT('N10','N10','',(#6785));
#6785 = PRODUCT_CONTEXT('',#2,'mechanical');
#6786 = PRODUCT_DEFINITION_CONTEXT('part definition',#2,'design');
#6787 = CONTEXT_DEPENDENT_SHAPE_REPRESENTATION(#6788,#6790);
#6788 = ( REPRESENTATION_RELATIONSHIP('','',#6762,#10) 
REPRESENTATION_RELATIONSHIP_WITH_TRANSFORMATION(#6789) 
SHAPE_REPRESENTATION_RELATIONSHIP() );
#6789 = ITEM_DEFINED_TRANSFORMATION('','',#11,#747);
#6790 = PRODUCT_DEFINITION_SHAPE('Placement','Placement of an item',
  #6791);
#6791 = NEXT_ASSEMBLY_USAGE_OCCURRENCE('184','=>[0:1:1:185]','',#5,#6782
  ,$);
#6792 = PRODUCT_RELATED_PRODUCT_CATEGORY('part',$,(#6784));
#6793 = ADVANCED_BREP_SHAPE_REPRESENTATION('',(#11,#6794),#6806);
#6794 = MANIFOLD_SOLID_BREP('',#6795);
#6795 = CLOSED_SHELL('',(#6796));
#6796 = ADVANCED_FACE('',(#6797),#6801,.T.);
#6797 = FACE_BOUND('',#6798,.T.);
#6798 = VERTEX_LOOP('',#6799);
#6799 = VERTEX_POINT('',#6800);
#6800 = CARTESIAN_POINT('',(1.255262969126E-17,-3.074507554457E-33,
    -0.205));
#6801 = SPHERICAL_SURFACE('',#6802,0.205);
#6802 = AXIS2_PLACEMENT_3D('',#6803,#6804,#6805);
#6803 = CARTESIAN_POINT('',(0.,0.,0.));
#6804 = DIRECTION('',(0.,0.,1.));
#6805 = DIRECTION('',(1.,0.,-0.));
#6806 = ( GEOMETRIC_REPRESENTATION_CONTEXT(3) 
GLOBAL_UNCERTAINTY_ASSIGNED_CONTEXT((#6810)) 
GLOBAL_UNIT_ASSIGNED_CONTEXT((#6807,#6808,#6809)) REPRESENTATION_CONTEXT
('Context #1','3D Context with UNIT and UNCERTAINTY') );
#6807 = ( LENGTH_UNIT() NAMED_UNIT(*) SI_UNIT(.MILLI.,.METRE.) );
#6808 = ( NAMED_UNIT(*) PLANE_ANGLE_UNIT() SI_UNIT($,.RADIAN.) );
#6809 = ( NAMED_UNIT(*) SI_UNIT($,.STERADIAN.) SOLID_ANGLE_UNIT() );
#6810 = UNCERTAINTY_MEASURE_WITH_UNIT(LENGTH_MEASURE(1.E-07),#6807,
  'distance_accuracy_value','confusion accuracy');
#6811 = SHAPE_DEFINITION_REPRESENTATION(#6812,#6793);
#6812 = PRODUCT_DEFINITION_SHAPE('','',#6813);
#6813 = PRODUCT_DEFINITION('design','',#6814,#6817);
#6814 = PRODUCT_DEFINITION_FORMATION('','',#6815);
#6815 = PRODUCT('N11','N11','',(#6816));
#6816 = PRODUCT_CONTEXT('',#2,'mechanical');
#6817 = PRODUCT_DEFINITION_CONTEXT('part definition',#2,'design');
#6818 = CONTEXT_DEPENDENT_SHAPE_REPRESENTATION(#6819,#6821);
#6819 = ( REPRESENTATION_RELATIONSHIP('','',#6793,#10) 
REPRESENTATION_RELATIONSHIP_WITH_TRANSFORMATION(#6820) 
SHAPE_REPRESENTATION_RELATIONSHIP() );
#6820 = ITEM_DEFINED_TRANSFORMATION('','',#11,#751);
#6821 = PRODUCT_DEFINITION_SHAPE('Placement','Placement of an item',
  #6822);
#6822 = NEXT_ASSEMBLY_USAGE_OCCURRENCE('185','=>[0:1:1:186]','',#5,#6813
  ,$);
#6823 = PRODUCT_RELATED_PRODUCT_CATEGORY('part',$,(#6815));
#6824 = ADVANCED_BREP_SHAPE_REPRESENTATION('',(#11,#6825),#6837);
#6825 = MANIFOLD_SOLID_BREP('',#6826);
#6826 = CLOSED_SHELL('',(#6827));
#6827 = ADVANCED_FACE('',(#6828),#6832,.T.);
#6828 = FACE_BOUND('',#6829,.T.);
#6829 = VERTEX_LOOP('',#6830);
#6830 = VERTEX_POINT('',#6831);
#6831 = CARTESIAN_POINT('',(1.255262969126E-17,-3.074507554457E-33,
    -0.205));
#6832 = SPHERICAL_SURFACE('',#6833,0.205);
#6833 = AXIS2_PLACEMENT_3D('',#6834,#6835,#6836);
#6834 = CARTESIAN_POINT('',(0.,0.,0.));
#6835 = DIRECTION('',(0.,0.,1.));
#6836 = DIRECTION('',(1.,0.,-0.));
#6837 = ( GEOMETRIC_REPRESENTATION_CONTEXT(3) 
GLOBAL_UNCERTAINTY_ASSIGNED_CONTEXT((#6841)) 
GLOBAL_UNIT_ASSIGNED_CONTEXT((#6838,#6839,#6840)) REPRESENTATION_CONTEXT
('Context #1','3D Context with UNIT and UNCERTAINTY') );
#6838 = ( LENGTH_UNIT() NAMED_UNIT(*) SI_UNIT(.MILLI.,.METRE.) );
#6839 = ( NAMED_UNIT(*) PLANE_ANGLE_UNIT() SI_UNIT($,.RADIAN.) );
#6840 = ( NAMED_UNIT(*) SI_UNIT($,.STERADIAN.) SOLID_ANGLE_UNIT() );
#6841 = UNCERTAINTY_MEASURE_WITH_UNIT(LENGTH_MEASURE(1.E-07),#6838,
  'distance_accuracy_value','confusion accuracy');
#6842 = SHAPE_DEFINITION_REPRESENTATION(#6843,#6824);
#6843 = PRODUCT_DEFINITION_SHAPE('','',#6844);
#6844 = PRODUCT_DEFINITION('design','',#6845,#6848);
#6845 = PRODUCT_DEFINITION_FORMATION('','',#6846);
#6846 = PRODUCT('N12','N12','',(#6847));
#6847 = PRODUCT_CONTEXT('',#2,'mechanical');
#6848 = PRODUCT_DEFINITION_CONTEXT('part definition',#2,'design');
#6849 = CONTEXT_DEPENDENT_SHAPE_REPRESENTATION(#6850,#6852);
#6850 = ( REPRESENTATION_RELATIONSHIP('','',#6824,#10) 
REPRESENTATION_RELATIONSHIP_WITH_TRANSFORMATION(#6851) 
SHAPE_REPRESENTATION_RELATIONSHIP() );
#6851 = ITEM_DEFINED_TRANSFORMATION('','',#11,#755);
#6852 = PRODUCT_DEFINITION_SHAPE('Placement','Placement of an item',
  #6853);
#6853 = NEXT_ASSEMBLY_USAGE_OCCURRENCE('186','=>[0:1:1:187]','',#5,#6844
  ,$);
#6854 = PRODUCT_RELATED_PRODUCT_CATEGORY('part',$,(#6846));
#6855 = ADVANCED_BREP_SHAPE_REPRESENTATION('',(#11,#6856),#6868);
#6856 = MANIFOLD_SOLID_BREP('',#6857);
#6857 = CLOSED_SHELL('',(#6858));
#6858 = ADVANCED_FACE('',(#6859),#6863,.T.);
#6859 = FACE_BOUND('',#6860,.T.);
#6860 = VERTEX_LOOP('',#6861);
#6861 = VERTEX_POINT('',#6862);
#6862 = CARTESIAN_POINT('',(1.255262969126E-17,-3.074507554457E-33,
    -0.205));
#6863 = SPHERICAL_SURFACE('',#6864,0.205);
#6864 = AXIS2_PLACEMENT_3D('',#6865,#6866,#6867);
#6865 = CARTESIAN_POINT('',(0.,0.,0.));
#6866 = DIRECTION('',(0.,0.,1.));
#6867 = DIRECTION('',(1.,0.,-0.));
#6868 = ( GEOMETRIC_REPRESENTATION_CONTEXT(3) 
GLOBAL_UNCERTAINTY_ASSIGNED_CONTEXT((#6872)) 
GLOBAL_UNIT_ASSIGNED_CONTEXT((#6869,#6870,#6871)) REPRESENTATION_CONTEXT
('Context #1','3D Context with UNIT and UNCERTAINTY') );
#6869 = ( LENGTH_UNIT() NAMED_UNIT(*) SI_UNIT(.MILLI.,.METRE.) );
#6870 = ( NAMED_UNIT(*) PLANE_ANGLE_UNIT() SI_UNIT($,.RADIAN.) );
#6871 = ( NAMED_UNIT(*) SI_UNIT($,.STERADIAN.) SOLID_ANGLE_UNIT() );
#6872 = UNCERTAINTY_MEASURE_WITH_UNIT(LENGTH_MEASURE(1.E-07),#6869,
  'distance_accuracy_value','confusion accuracy');
#6873 = SHAPE_DEFINITION_REPRESENTATION(#6874,#6855);
#6874 = PRODUCT_DEFINITION_SHAPE('','',#6875);
#6875 = PRODUCT_DEFINITION('design','',#6876,#6879);
#6876 = PRODUCT_DEFINITION_FORMATION('','',#6877);
#6877 = PRODUCT('N13','N13','',(#6878));
#6878 = PRODUCT_CONTEXT('',#2,'mechanical');
#6879 = PRODUCT_DEFINITION_CONTEXT('part definition',#2,'design');
#6880 = CONTEXT_DEPENDENT_SHAPE_REPRESENTATION(#6881,#6883);
#6881 = ( REPRESENTATION_RELATIONSHIP('','',#6855,#10) 
REPRESENTATION_RELATIONSHIP_WITH_TRANSFORMATION(#6882) 
SHAPE_REPRESENTATION_RELATIONSHIP() );
#6882 = ITEM_DEFINED_TRANSFORMATION('','',#11,#759);
#6883 = PRODUCT_DEFINITION_SHAPE('Placement','Placement of an item',
  #6884);
#6884 = NEXT_ASSEMBLY_USAGE_OCCURRENCE('187','=>[0:1:1:188]','',#5,#6875
  ,$);
#6885 = PRODUCT_RELATED_PRODUCT_CATEGORY('part',$,(#6877));
#6886 = ADVANCED_BREP_SHAPE_REPRESENTATION('',(#11,#6887),#6899);
#6887 = MANIFOLD_SOLID_BREP('',#6888);
#6888 = CLOSED_SHELL('',(#6889));
#6889 = ADVANCED_FACE('',(#6890),#6894,.T.);
#6890 = FACE_BOUND('',#6891,.T.);
#6891 = VERTEX_LOOP('',#6892);
#6892 = VERTEX_POINT('',#6893);
#6893 = CARTESIAN_POINT('',(1.255262969126E-17,-3.074507554457E-33,
    -0.205));
#6894 = SPHERICAL_SURFACE('',#6895,0.205);
#6895 = AXIS2_PLACEMENT_3D('',#6896,#6897,#6898);
#6896 = CARTESIAN_POINT('',(0.,0.,0.));
#6897 = DIRECTION('',(0.,0.,1.));
#6898 = DIRECTION('',(1.,0.,-0.));
#6899 = ( GEOMETRIC_REPRESENTATION_CONTEXT(3) 
GLOBAL_UNCERTAINTY_ASSIGNED_CONTEXT((#6903)) 
GLOBAL_UNIT_ASSIGNED_CONTEXT((#6900,#6901,#6902)) REPRESENTATION_CONTEXT
('Context #1','3D Context with UNIT and UNCERTAINTY') );
#6900 = ( LENGTH_UNIT() NAMED_UNIT(*) SI_UNIT(.MILLI.,.METRE.) );
#6901 = ( NAMED_UNIT(*) PLANE_ANGLE_UNIT() SI_UNIT($,.RADIAN.) );
#6902 = ( NAMED_UNIT(*) SI_UNIT($,.STERADIAN.) SOLID_ANGLE_UNIT() );
#6903 = UNCERTAINTY_MEASURE_WITH_UNIT(LENGTH_MEASURE(1.E-07),#6900,
  'distance_accuracy_value','confusion accuracy');
#6904 = SHAPE_DEFINITION_REPRESENTATION(#6905,#6886);
#6905 = PRODUCT_DEFINITION_SHAPE('','',#6906);
#6906 = PRODUCT_DEFINITION('design','',#6907,#6910);
#6907 = PRODUCT_DEFINITION_FORMATION('','',#6908);
#6908 = PRODUCT('N14','N14','',(#6909));
#6909 = PRODUCT_CONTEXT('',#2,'mechanical');
#6910 = PRODUCT_DEFINITION_CONTEXT('part definition',#2,'design');
#6911 = CONTEXT_DEPENDENT_SHAPE_REPRESENTATION(#6912,#6914);
#6912 = ( REPRESENTATION_RELATIONSHIP('','',#6886,#10) 
REPRESENTATION_RELATIONSHIP_WITH_TRANSFORMATION(#6913) 
SHAPE_REPRESENTATION_RELATIONSHIP() );
#6913 = ITEM_DEFINED_TRANSFORMATION('','',#11,#763);
#6914 = PRODUCT_DEFINITION_SHAPE('Placement','Placement of an item',
  #6915);
#6915 = NEXT_ASSEMBLY_USAGE_OCCURRENCE('188','=>[0:1:1:189]','',#5,#6906
  ,$);
#6916 = PRODUCT_RELATED_PRODUCT_CATEGORY('part',$,(#6908));
#6917 = ADVANCED_BREP_SHAPE_REPRESENTATION('',(#11,#6918),#6930);
#6918 = MANIFOLD_SOLID_BREP('',#6919);
#6919 = CLOSED_SHELL('',(#6920));
#6920 = ADVANCED_FACE('',(#6921),#6925,.T.);
#6921 = FACE_BOUND('',#6922,.T.);
#6922 = VERTEX_LOOP('',#6923);
#6923 = VERTEX_POINT('',#6924);
#6924 = CARTESIAN_POINT('',(1.255262969126E-17,-3.074507554457E-33,
    -0.205));
#6925 = SPHERICAL_SURFACE('',#6926,0.205);
#6926 = AXIS2_PLACEMENT_3D('',#6927,#6928,#6929);
#6927 = CARTESIAN_POINT('',(0.,0.,0.));
#6928 = DIRECTION('',(0.,0.,1.));
#6929 = DIRECTION('',(1.,0.,-0.));
#6930 = ( GEOMETRIC_REPRESENTATION_CONTEXT(3) 
GLOBAL_UNCERTAINTY_ASSIGNED_CONTEXT((#6934)) 
GLOBAL_UNIT_ASSIGNED_CONTEXT((#6931,#6932,#6933)) REPRESENTATION_CONTEXT
('Context #1','3D Context with UNIT and UNCERTAINTY') );
#6931 = ( LENGTH_UNIT() NAMED_UNIT(*) SI_UNIT(.MILLI.,.METRE.) );
#6932 = ( NAMED_UNIT(*) PLANE_ANGLE_UNIT() SI_UNIT($,.RADIAN.) );
#6933 = ( NAMED_UNIT(*) SI_UNIT($,.STERADIAN.) SOLID_ANGLE_UNIT() );
#6934 = UNCERTAINTY_MEASURE_WITH_UNIT(LENGTH_MEASURE(1.E-07),#6931,
  'distance_accuracy_value','confusion accuracy');
#6935 = SHAPE_DEFINITION_REPRESENTATION(#6936,#6917);
#6936 = PRODUCT_DEFINITION_SHAPE('','',#6937);
#6937 = PRODUCT_DEFINITION('design','',#6938,#6941);
#6938 = PRODUCT_DEFINITION_FORMATION('','',#6939);
#6939 = PRODUCT('N15','N15','',(#6940));
#6940 = PRODUCT_CONTEXT('',#2,'mechanical');
#6941 = PRODUCT_DEFINITION_CONTEXT('part definition',#2,'design');
#6942 = CONTEXT_DEPENDENT_SHAPE_REPRESENTATION(#6943,#6945);
#6943 = ( REPRESENTATION_RELATIONSHIP('','',#6917,#10) 
REPRESENTATION_RELATIONSHIP_WITH_TRANSFORMATION(#6944) 
SHAPE_REPRESENTATION_RELATIONSHIP() );
#6944 = ITEM_DEFINED_TRANSFORMATION('','',#11,#767);
#6945 = PRODUCT_DEFINITION_SHAPE('Placement','Placement of an item',
  #6946);
#6946 = NEXT_ASSEMBLY_USAGE_OCCURRENCE('189','=>[0:1:1:190]','',#5,#6937
  ,$);
#6947 = PRODUCT_RELATED_PRODUCT_CATEGORY('part',$,(#6939));
#6948 = ADVANCED_BREP_SHAPE_REPRESENTATION('',(#11,#6949),#6961);
#6949 = MANIFOLD_SOLID_BREP('',#6950);
#6950 = CLOSED_SHELL('',(#6951));
#6951 = ADVANCED_FACE('',(#6952),#6956,.T.);
#6952 = FACE_BOUND('',#6953,.T.);
#6953 = VERTEX_LOOP('',#6954);
#6954 = VERTEX_POINT('',#6955);
#6955 = CARTESIAN_POINT('',(1.255262969126E-17,-3.074507554457E-33,
    -0.205));
#6956 = SPHERICAL_SURFACE('',#6957,0.205);
#6957 = AXIS2_PLACEMENT_3D('',#6958,#6959,#6960);
#6958 = CARTESIAN_POINT('',(0.,0.,0.));
#6959 = DIRECTION('',(0.,0.,1.));
#6960 = DIRECTION('',(1.,0.,-0.));
#6961 = ( GEOMETRIC_REPRESENTATION_CONTEXT(3) 
GLOBAL_UNCERTAINTY_ASSIGNED_CONTEXT((#6965)) 
GLOBAL_UNIT_ASSIGNED_CONTEXT((#6962,#6963,#6964)) REPRESENTATION_CONTEXT
('Context #1','3D Context with UNIT and UNCERTAINTY') );
#6962 = ( LENGTH_UNIT() NAMED_UNIT(*) SI_UNIT(.MILLI.,.METRE.) );
#6963 = ( NAMED_UNIT(*) PLANE_ANGLE_UNIT() SI_UNIT($,.RADIAN.) );
#6964 = ( NAMED_UNIT(*) SI_UNIT($,.STERADIAN.) SOLID_ANGLE_UNIT() );
#6965 = UNCERTAINTY_MEASURE_WITH_UNIT(LENGTH_MEASURE(1.E-07),#6962,
  'distance_accuracy_value','confusion accuracy');
#6966 = SHAPE_DEFINITION_REPRESENTATION(#6967,#6948);
#6967 = PRODUCT_DEFINITION_SHAPE('','',#6968);
#6968 = PRODUCT_DEFINITION('design','',#6969,#6972);
#6969 = PRODUCT_DEFINITION_FORMATION('','',#6970);
#6970 = PRODUCT('N17','N17','',(#6971));
#6971 = PRODUCT_CONTEXT('',#2,'mechanical');
#6972 = PRODUCT_DEFINITION_CONTEXT('part definition',#2,'design');
#6973 = CONTEXT_DEPENDENT_SHAPE_REPRESENTATION(#6974,#6976);
#6974 = ( REPRESENTATION_RELATIONSHIP('','',#6948,#10) 
REPRESENTATION_RELATIONSHIP_WITH_TRANSFORMATION(#6975) 
SHAPE_REPRESENTATION_RELATIONSHIP() );
#6975 = ITEM_DEFINED_TRANSFORMATION('','',#11,#771);
#6976 = PRODUCT_DEFINITION_SHAPE('Placement','Placement of an item',
  #6977);
#6977 = NEXT_ASSEMBLY_USAGE_OCCURRENCE('190','=>[0:1:1:191]','',#5,#6968
  ,$);
#6978 = PRODUCT_RELATED_PRODUCT_CATEGORY('part',$,(#6970));
#6979 = ADVANCED_BREP_SHAPE_REPRESENTATION('',(#11,#6980),#6992);
#6980 = MANIFOLD_SOLID_BREP('',#6981);
#6981 = CLOSED_SHELL('',(#6982));
#6982 = ADVANCED_FACE('',(#6983),#6987,.T.);
#6983 = FACE_BOUND('',#6984,.T.);
#6984 = VERTEX_LOOP('',#6985);
#6985 = VERTEX_POINT('',#6986);
#6986 = CARTESIAN_POINT('',(1.255262969126E-17,-3.074507554457E-33,
    -0.205));
#6987 = SPHERICAL_SURFACE('',#6988,0.205);
#6988 = AXIS2_PLACEMENT_3D('',#6989,#6990,#6991);
#6989 = CARTESIAN_POINT('',(0.,0.,0.));
#6990 = DIRECTION('',(0.,0.,1.));
#6991 = DIRECTION('',(1.,0.,-0.));
#6992 = ( GEOMETRIC_REPRESENTATION_CONTEXT(3) 
GLOBAL_UNCERTAINTY_ASSIGNED_CONTEXT((#6996)) 
GLOBAL_UNIT_ASSIGNED_CONTEXT((#6993,#6994,#6995)) REPRESENTATION_CONTEXT
('Context #1','3D Context with UNIT and UNCERTAINTY') );
#6993 = ( LENGTH_UNIT() NAMED_UNIT(*) SI_UNIT(.MILLI.,.METRE.) );
#6994 = ( NAMED_UNIT(*) PLANE_ANGLE_UNIT() SI_UNIT($,.RADIAN.) );
#6995 = ( NAMED_UNIT(*) SI_UNIT($,.STERADIAN.) SOLID_ANGLE_UNIT() );
#6996 = UNCERTAINTY_MEASURE_WITH_UNIT(LENGTH_MEASURE(1.E-07),#6993,
  'distance_accuracy_value','confusion accuracy');
#6997 = SHAPE_DEFINITION_REPRESENTATION(#6998,#6979);
#6998 = PRODUCT_DEFINITION_SHAPE('','',#6999);
#6999 = PRODUCT_DEFINITION('design','',#7000,#7003);
#7000 = PRODUCT_DEFINITION_FORMATION('','',#7001);
#7001 = PRODUCT('N18','N18','',(#7002));
#7002 = PRODUCT_CONTEXT('',#2,'mechanical');
#7003 = PRODUCT_DEFINITION_CONTEXT('part definition',#2,'design');
#7004 = CONTEXT_DEPENDENT_SHAPE_REPRESENTATION(#7005,#7007);
#7005 = ( REPRESENTATION_RELATIONSHIP('','',#6979,#10) 
REPRESENTATION_RELATIONSHIP_WITH_TRANSFORMATION(#7006) 
SHAPE_REPRESENTATION_RELATIONSHIP() );
#7006 = ITEM_DEFINED_TRANSFORMATION('','',#11,#775);
#7007 = PRODUCT_DEFINITION_SHAPE('Placement','Placement of an item',
  #7008);
#7008 = NEXT_ASSEMBLY_USAGE_OCCURRENCE('191','=>[0:1:1:192]','',#5,#6999
  ,$);
#7009 = PRODUCT_RELATED_PRODUCT_CATEGORY('part',$,(#7001));
#7010 = ADVANCED_BREP_SHAPE_REPRESENTATION('',(#11,#7011),#7023);
#7011 = MANIFOLD_SOLID_BREP('',#7012);
#7012 = CLOSED_SHELL('',(#7013));
#7013 = ADVANCED_FACE('',(#7014),#7018,.T.);
#7014 = FACE_BOUND('',#7015,.T.);
#7015 = VERTEX_LOOP('',#7016);
#7016 = VERTEX_POINT('',#7017);
#7017 = CARTESIAN_POINT('',(1.255262969126E-17,-3.074507554457E-33,
    -0.205));
#7018 = SPHERICAL_SURFACE('',#7019,0.205);
#7019 = AXIS2_PLACEMENT_3D('',#7020,#7021,#7022);
#7020 = CARTESIAN_POINT('',(0.,0.,0.));
#7021 = DIRECTION('',(0.,0.,1.));
#7022 = DIRECTION('',(1.,0.,-0.));
#7023 = ( GEOMETRIC_REPRESENTATION_CONTEXT(3) 
GLOBAL_UNCERTAINTY_ASSIGNED_CONTEXT((#7027)) 
GLOBAL_UNIT_ASSIGNED_CONTEXT((#7024,#7025,#7026)) REPRESENTATION_CONTEXT
('Context #1','3D Context with UNIT and UNCERTAINTY') );
#7024 = ( LENGTH_UNIT() NAMED_UNIT(*) SI_UNIT(.MILLI.,.METRE.) );
#7025 = ( NAMED_UNIT(*) PLANE_ANGLE_UNIT() SI_UNIT($,.RADIAN.) );
#7026 = ( NAMED_UNIT(*) SI_UNIT($,.STERADIAN.) SOLID_ANGLE_UNIT() );
#7027 = UNCERTAINTY_MEASURE_WITH_UNIT(LENGTH_MEASURE(1.E-07),#7024,
  'distance_accuracy_value','confusion accuracy');
#7028 = SHAPE_DEFINITION_REPRESENTATION(#7029,#7010);
#7029 = PRODUCT_DEFINITION_SHAPE('','',#7030);
#7030 = PRODUCT_DEFINITION('design','',#7031,#7034);
#7031 = PRODUCT_DEFINITION_FORMATION('','',#7032);
#7032 = PRODUCT('P1','P1','',(#7033));
#7033 = PRODUCT_CONTEXT('',#2,'mechanical');
#7034 = PRODUCT_DEFINITION_CONTEXT('part definition',#2,'design');
#7035 = CONTEXT_DEPENDENT_SHAPE_REPRESENTATION(#7036,#7038);
#7036 = ( REPRESENTATION_RELATIONSHIP('','',#7010,#10) 
REPRESENTATION_RELATIONSHIP_WITH_TRANSFORMATION(#7037) 
SHAPE_REPRESENTATION_RELATIONSHIP() );
#7037 = ITEM_DEFINED_TRANSFORMATION('','',#11,#779);
#7038 = PRODUCT_DEFINITION_SHAPE('Placement','Placement of an item',
  #7039);
#7039 = NEXT_ASSEMBLY_USAGE_OCCURRENCE('192','=>[0:1:1:193]','',#5,#7030
  ,$);
#7040 = PRODUCT_RELATED_PRODUCT_CATEGORY('part',$,(#7032));
#7041 = ADVANCED_BREP_SHAPE_REPRESENTATION('',(#11,#7042),#7054);
#7042 = MANIFOLD_SOLID_BREP('',#7043);
#7043 = CLOSED_SHELL('',(#7044));
#7044 = ADVANCED_FACE('',(#7045),#7049,.T.);
#7045 = FACE_BOUND('',#7046,.T.);
#7046 = VERTEX_LOOP('',#7047);
#7047 = VERTEX_POINT('',#7048);
#7048 = CARTESIAN_POINT('',(1.255262969126E-17,-3.074507554457E-33,
    -0.205));
#7049 = SPHERICAL_SURFACE('',#7050,0.205);
#7050 = AXIS2_PLACEMENT_3D('',#7051,#7052,#7053);
#7051 = CARTESIAN_POINT('',(0.,0.,0.));
#7052 = DIRECTION('',(0.,0.,1.));
#7053 = DIRECTION('',(1.,0.,-0.));
#7054 = ( GEOMETRIC_REPRESENTATION_CONTEXT(3) 
GLOBAL_UNCERTAINTY_ASSIGNED_CONTEXT((#7058)) 
GLOBAL_UNIT_ASSIGNED_CONTEXT((#7055,#7056,#7057)) REPRESENTATION_CONTEXT
('Context #1','3D Context with UNIT and UNCERTAINTY') );
#7055 = ( LENGTH_UNIT() NAMED_UNIT(*) SI_UNIT(.MILLI.,.METRE.) );
#7056 = ( NAMED_UNIT(*) PLANE_ANGLE_UNIT() SI_UNIT($,.RADIAN.) );
#7057 = ( NAMED_UNIT(*) SI_UNIT($,.STERADIAN.) SOLID_ANGLE_UNIT() );
#7058 = UNCERTAINTY_MEASURE_WITH_UNIT(LENGTH_MEASURE(1.E-07),#7055,
  'distance_accuracy_value','confusion accuracy');
#7059 = SHAPE_DEFINITION_REPRESENTATION(#7060,#7041);
#7060 = PRODUCT_DEFINITION_SHAPE('','',#7061);
#7061 = PRODUCT_DEFINITION('design','',#7062,#7065);
#7062 = PRODUCT_DEFINITION_FORMATION('','',#7063);
#7063 = PRODUCT('P2','P2','',(#7064));
#7064 = PRODUCT_CONTEXT('',#2,'mechanical');
#7065 = PRODUCT_DEFINITION_CONTEXT('part definition',#2,'design');
#7066 = CONTEXT_DEPENDENT_SHAPE_REPRESENTATION(#7067,#7069);
#7067 = ( REPRESENTATION_RELATIONSHIP('','',#7041,#10) 
REPRESENTATION_RELATIONSHIP_WITH_TRANSFORMATION(#7068) 
SHAPE_REPRESENTATION_RELATIONSHIP() );
#7068 = ITEM_DEFINED_TRANSFORMATION('','',#11,#783);
#7069 = PRODUCT_DEFINITION_SHAPE('Placement','Placement of an item',
  #7070);
#7070 = NEXT_ASSEMBLY_USAGE_OCCURRENCE('193','=>[0:1:1:194]','',#5,#7061
  ,$);
#7071 = PRODUCT_RELATED_PRODUCT_CATEGORY('part',$,(#7063));
#7072 = ADVANCED_BREP_SHAPE_REPRESENTATION('',(#11,#7073),#7085);
#7073 = MANIFOLD_SOLID_BREP('',#7074);
#7074 = CLOSED_SHELL('',(#7075));
#7075 = ADVANCED_FACE('',(#7076),#7080,.T.);
#7076 = FACE_BOUND('',#7077,.T.);
#7077 = VERTEX_LOOP('',#7078);
#7078 = VERTEX_POINT('',#7079);
#7079 = CARTESIAN_POINT('',(1.255262969126E-17,-3.074507554457E-33,
    -0.205));
#7080 = SPHERICAL_SURFACE('',#7081,0.205);
#7081 = AXIS2_PLACEMENT_3D('',#7082,#7083,#7084);
#7082 = CARTESIAN_POINT('',(0.,0.,0.));
#7083 = DIRECTION('',(0.,0.,1.));
#7084 = DIRECTION('',(1.,0.,-0.));
#7085 = ( GEOMETRIC_REPRESENTATION_CONTEXT(3) 
GLOBAL_UNCERTAINTY_ASSIGNED_CONTEXT((#7089)) 
GLOBAL_UNIT_ASSIGNED_CONTEXT((#7086,#7087,#7088)) REPRESENTATION_CONTEXT
('Context #1','3D Context with UNIT and UNCERTAINTY') );
#7086 = ( LENGTH_UNIT() NAMED_UNIT(*) SI_UNIT(.MILLI.,.METRE.) );
#7087 = ( NAMED_UNIT(*) PLANE_ANGLE_UNIT() SI_UNIT($,.RADIAN.) );
#7088 = ( NAMED_UNIT(*) SI_UNIT($,.STERADIAN.) SOLID_ANGLE_UNIT() );
#7089 = UNCERTAINTY_MEASURE_WITH_UNIT(LENGTH_MEASURE(1.E-07),#7086,
  'distance_accuracy_value','confusion accuracy');
#7090 = SHAPE_DEFINITION_REPRESENTATION(#7091,#7072);
#7091 = PRODUCT_DEFINITION_SHAPE('','',#7092);
#7092 = PRODUCT_DEFINITION('design','',#7093,#7096);
#7093 = PRODUCT_DEFINITION_FORMATION('','',#7094);
#7094 = PRODUCT('P3','P3','',(#7095));
#7095 = PRODUCT_CONTEXT('',#2,'mechanical');
#7096 = PRODUCT_DEFINITION_CONTEXT('part definition',#2,'design');
#7097 = CONTEXT_DEPENDENT_SHAPE_REPRESENTATION(#7098,#7100);
#7098 = ( REPRESENTATION_RELATIONSHIP('','',#7072,#10) 
REPRESENTATION_RELATIONSHIP_WITH_TRANSFORMATION(#7099) 
SHAPE_REPRESENTATION_RELATIONSHIP() );
#7099 = ITEM_DEFINED_TRANSFORMATION('','',#11,#787);
#7100 = PRODUCT_DEFINITION_SHAPE('Placement','Placement of an item',
  #7101);
#7101 = NEXT_ASSEMBLY_USAGE_OCCURRENCE('194','=>[0:1:1:195]','',#5,#7092
  ,$);
#7102 = PRODUCT_RELATED_PRODUCT_CATEGORY('part',$,(#7094));
#7103 = ADVANCED_BREP_SHAPE_REPRESENTATION('',(#11,#7104),#7116);
#7104 = MANIFOLD_SOLID_BREP('',#7105);
#7105 = CLOSED_SHELL('',(#7106));
#7106 = ADVANCED_FACE('',(#7107),#7111,.T.);
#7107 = FACE_BOUND('',#7108,.T.);
#7108 = VERTEX_LOOP('',#7109);
#7109 = VERTEX_POINT('',#7110);
#7110 = CARTESIAN_POINT('',(1.255262969126E-17,-3.074507554457E-33,
    -0.205));
#7111 = SPHERICAL_SURFACE('',#7112,0.205);
#7112 = AXIS2_PLACEMENT_3D('',#7113,#7114,#7115);
#7113 = CARTESIAN_POINT('',(0.,0.,0.));
#7114 = DIRECTION('',(0.,0.,1.));
#7115 = DIRECTION('',(1.,0.,-0.));
#7116 = ( GEOMETRIC_REPRESENTATION_CONTEXT(3) 
GLOBAL_UNCERTAINTY_ASSIGNED_CONTEXT((#7120)) 
GLOBAL_UNIT_ASSIGNED_CONTEXT((#7117,#7118,#7119)) REPRESENTATION_CONTEXT
('Context #1','3D Context with UNIT and UNCERTAINTY') );
#7117 = ( LENGTH_UNIT() NAMED_UNIT(*) SI_UNIT(.MILLI.,.METRE.) );
#7118 = ( NAMED_UNIT(*) PLANE_ANGLE_UNIT() SI_UNIT($,.RADIAN.) );
#7119 = ( NAMED_UNIT(*) SI_UNIT($,.STERADIAN.) SOLID_ANGLE_UNIT() );
#7120 = UNCERTAINTY_MEASURE_WITH_UNIT(LENGTH_MEASURE(1.E-07),#7117,
  'distance_accuracy_value','confusion accuracy');
#7121 = SHAPE_DEFINITION_REPRESENTATION(#7122,#7103);
#7122 = PRODUCT_DEFINITION_SHAPE('','',#7123);
#7123 = PRODUCT_DEFINITION('design','',#7124,#7127);
#7124 = PRODUCT_DEFINITION_FORMATION('','',#7125);
#7125 = PRODUCT('P6','P6','',(#7126));
#7126 = PRODUCT_CONTEXT('',#2,'mechanical');
#7127 = PRODUCT_DEFINITION_CONTEXT('part definition',#2,'design');
#7128 = CONTEXT_DEPENDENT_SHAPE_REPRESENTATION(#7129,#7131);
#7129 = ( REPRESENTATION_RELATIONSHIP('','',#7103,#10) 
REPRESENTATION_RELATIONSHIP_WITH_TRANSFORMATION(#7130) 
SHAPE_REPRESENTATION_RELATIONSHIP() );
#7130 = ITEM_DEFINED_TRANSFORMATION('','',#11,#791);
#7131 = PRODUCT_DEFINITION_SHAPE('Placement','Placement of an item',
  #7132);
#7132 = NEXT_ASSEMBLY_USAGE_OCCURRENCE('195','=>[0:1:1:196]','',#5,#7123
  ,$);
#7133 = PRODUCT_RELATED_PRODUCT_CATEGORY('part',$,(#7125));
#7134 = ADVANCED_BREP_SHAPE_REPRESENTATION('',(#11,#7135),#7147);
#7135 = MANIFOLD_SOLID_BREP('',#7136);
#7136 = CLOSED_SHELL('',(#7137));
#7137 = ADVANCED_FACE('',(#7138),#7142,.T.);
#7138 = FACE_BOUND('',#7139,.T.);
#7139 = VERTEX_LOOP('',#7140);
#7140 = VERTEX_POINT('',#7141);
#7141 = CARTESIAN_POINT('',(1.255262969126E-17,-3.074507554457E-33,
    -0.205));
#7142 = SPHERICAL_SURFACE('',#7143,0.205);
#7143 = AXIS2_PLACEMENT_3D('',#7144,#7145,#7146);
#7144 = CARTESIAN_POINT('',(0.,0.,0.));
#7145 = DIRECTION('',(0.,0.,1.));
#7146 = DIRECTION('',(1.,0.,-0.));
#7147 = ( GEOMETRIC_REPRESENTATION_CONTEXT(3) 
GLOBAL_UNCERTAINTY_ASSIGNED_CONTEXT((#7151)) 
GLOBAL_UNIT_ASSIGNED_CONTEXT((#7148,#7149,#7150)) REPRESENTATION_CONTEXT
('Context #1','3D Context with UNIT and UNCERTAINTY') );
#7148 = ( LENGTH_UNIT() NAMED_UNIT(*) SI_UNIT(.MILLI.,.METRE.) );
#7149 = ( NAMED_UNIT(*) PLANE_ANGLE_UNIT() SI_UNIT($,.RADIAN.) );
#7150 = ( NAMED_UNIT(*) SI_UNIT($,.STERADIAN.) SOLID_ANGLE_UNIT() );
#7151 = UNCERTAINTY_MEASURE_WITH_UNIT(LENGTH_MEASURE(1.E-07),#7148,
  'distance_accuracy_value','confusion accuracy');
#7152 = SHAPE_DEFINITION_REPRESENTATION(#7153,#7134);
#7153 = PRODUCT_DEFINITION_SHAPE('','',#7154);
#7154 = PRODUCT_DEFINITION('design','',#7155,#7158);
#7155 = PRODUCT_DEFINITION_FORMATION('','',#7156);
#7156 = PRODUCT('P7','P7','',(#7157));
#7157 = PRODUCT_CONTEXT('',#2,'mechanical');
#7158 = PRODUCT_DEFINITION_CONTEXT('part definition',#2,'design');
#7159 = CONTEXT_DEPENDENT_SHAPE_REPRESENTATION(#7160,#7162);
#7160 = ( REPRESENTATION_RELATIONSHIP('','',#7134,#10) 
REPRESENTATION_RELATIONSHIP_WITH_TRANSFORMATION(#7161) 
SHAPE_REPRESENTATION_RELATIONSHIP() );
#7161 = ITEM_DEFINED_TRANSFORMATION('','',#11,#795);
#7162 = PRODUCT_DEFINITION_SHAPE('Placement','Placement of an item',
  #7163);
#7163 = NEXT_ASSEMBLY_USAGE_OCCURRENCE('196','=>[0:1:1:197]','',#5,#7154
  ,$);
#7164 = PRODUCT_RELATED_PRODUCT_CATEGORY('part',$,(#7156));
#7165 = ADVANCED_BREP_SHAPE_REPRESENTATION('',(#11,#7166),#7178);
#7166 = MANIFOLD_SOLID_BREP('',#7167);
#7167 = CLOSED_SHELL('',(#7168));
#7168 = ADVANCED_FACE('',(#7169),#7173,.T.);
#7169 = FACE_BOUND('',#7170,.T.);
#7170 = VERTEX_LOOP('',#7171);
#7171 = VERTEX_POINT('',#7172);
#7172 = CARTESIAN_POINT('',(1.255262969126E-17,-3.074507554457E-33,
    -0.205));
#7173 = SPHERICAL_SURFACE('',#7174,0.205);
#7174 = AXIS2_PLACEMENT_3D('',#7175,#7176,#7177);
#7175 = CARTESIAN_POINT('',(0.,0.,0.));
#7176 = DIRECTION('',(0.,0.,1.));
#7177 = DIRECTION('',(1.,0.,-0.));
#7178 = ( GEOMETRIC_REPRESENTATION_CONTEXT(3) 
GLOBAL_UNCERTAINTY_ASSIGNED_CONTEXT((#7182)) 
GLOBAL_UNIT_ASSIGNED_CONTEXT((#7179,#7180,#7181)) REPRESENTATION_CONTEXT
('Context #1','3D Context with UNIT and UNCERTAINTY') );
#7179 = ( LENGTH_UNIT() NAMED_UNIT(*) SI_UNIT(.MILLI.,.METRE.) );
#7180 = ( NAMED_UNIT(*) PLANE_ANGLE_UNIT() SI_UNIT($,.RADIAN.) );
#7181 = ( NAMED_UNIT(*) SI_UNIT($,.STERADIAN.) SOLID_ANGLE_UNIT() );
#7182 = UNCERTAINTY_MEASURE_WITH_UNIT(LENGTH_MEASURE(1.E-07),#7179,
  'distance_accuracy_value','confusion accuracy');
#7183 = SHAPE_DEFINITION_REPRESENTATION(#7184,#7165);
#7184 = PRODUCT_DEFINITION_SHAPE('','',#7185);
#7185 = PRODUCT_DEFINITION('design','',#7186,#7189);
#7186 = PRODUCT_DEFINITION_FORMATION('','',#7187);
#7187 = PRODUCT('P8','P8','',(#7188));
#7188 = PRODUCT_CONTEXT('',#2,'mechanical');
#7189 = PRODUCT_DEFINITION_CONTEXT('part definition',#2,'design');
#7190 = CONTEXT_DEPENDENT_SHAPE_REPRESENTATION(#7191,#7193);
#7191 = ( REPRESENTATION_RELATIONSHIP('','',#7165,#10) 
REPRESENTATION_RELATIONSHIP_WITH_TRANSFORMATION(#7192) 
SHAPE_REPRESENTATION_RELATIONSHIP() );
#7192 = ITEM_DEFINED_TRANSFORMATION('','',#11,#799);
#7193 = PRODUCT_DEFINITION_SHAPE('Placement','Placement of an item',
  #7194);
#7194 = NEXT_ASSEMBLY_USAGE_OCCURRENCE('197','=>[0:1:1:198]','',#5,#7185
  ,$);
#7195 = PRODUCT_RELATED_PRODUCT_CATEGORY('part',$,(#7187));
#7196 = ADVANCED_BREP_SHAPE_REPRESENTATION('',(#11,#7197),#7209);
#7197 = MANIFOLD_SOLID_BREP('',#7198);
#7198 = CLOSED_SHELL('',(#7199));
#7199 = ADVANCED_FACE('',(#7200),#7204,.T.);
#7200 = FACE_BOUND('',#7201,.T.);
#7201 = VERTEX_LOOP('',#7202);
#7202 = VERTEX_POINT('',#7203);
#7203 = CARTESIAN_POINT('',(1.255262969126E-17,-3.074507554457E-33,
    -0.205));
#7204 = SPHERICAL_SURFACE('',#7205,0.205);
#7205 = AXIS2_PLACEMENT_3D('',#7206,#7207,#7208);
#7206 = CARTESIAN_POINT('',(0.,0.,0.));
#7207 = DIRECTION('',(0.,0.,1.));
#7208 = DIRECTION('',(1.,0.,-0.));
#7209 = ( GEOMETRIC_REPRESENTATION_CONTEXT(3) 
GLOBAL_UNCERTAINTY_ASSIGNED_CONTEXT((#7213)) 
GLOBAL_UNIT_ASSIGNED_CONTEXT((#7210,#7211,#7212)) REPRESENTATION_CONTEXT
('Context #1','3D Context with UNIT and UNCERTAINTY') );
#7210 = ( LENGTH_UNIT() NAMED_UNIT(*) SI_UNIT(.MILLI.,.METRE.) );
#7211 = ( NAMED_UNIT(*) PLANE_ANGLE_UNIT() SI_UNIT($,.RADIAN.) );
#7212 = ( NAMED_UNIT(*) SI_UNIT($,.STERADIAN.) SOLID_ANGLE_UNIT() );
#7213 = UNCERTAINTY_MEASURE_WITH_UNIT(LENGTH_MEASURE(1.E-07),#7210,
  'distance_accuracy_value','confusion accuracy');
#7214 = SHAPE_DEFINITION_REPRESENTATION(#7215,#7196);
#7215 = PRODUCT_DEFINITION_SHAPE('','',#7216);
#7216 = PRODUCT_DEFINITION('design','',#7217,#7220);
#7217 = PRODUCT_DEFINITION_FORMATION('','',#7218);
#7218 = PRODUCT('P9','P9','',(#7219));
#7219 = PRODUCT_CONTEXT('',#2,'mechanical');
#7220 = PRODUCT_DEFINITION_CONTEXT('part definition',#2,'design');
#7221 = CONTEXT_DEPENDENT_SHAPE_REPRESENTATION(#7222,#7224);
#7222 = ( REPRESENTATION_RELATIONSHIP('','',#7196,#10) 
REPRESENTATION_RELATIONSHIP_WITH_TRANSFORMATION(#7223) 
SHAPE_REPRESENTATION_RELATIONSHIP() );
#7223 = ITEM_DEFINED_TRANSFORMATION('','',#11,#803);
#7224 = PRODUCT_DEFINITION_SHAPE('Placement','Placement of an item',
  #7225);
#7225 = NEXT_ASSEMBLY_USAGE_OCCURRENCE('198','=>[0:1:1:199]','',#5,#7216
  ,$);
#7226 = PRODUCT_RELATED_PRODUCT_CATEGORY('part',$,(#7218));
#7227 = ADVANCED_BREP_SHAPE_REPRESENTATION('',(#11,#7228),#7240);
#7228 = MANIFOLD_SOLID_BREP('',#7229);
#7229 = CLOSED_SHELL('',(#7230));
#7230 = ADVANCED_FACE('',(#7231),#7235,.T.);
#7231 = FACE_BOUND('',#7232,.T.);
#7232 = VERTEX_LOOP('',#7233);
#7233 = VERTEX_POINT('',#7234);
#7234 = CARTESIAN_POINT('',(1.255262969126E-17,-3.074507554457E-33,
    -0.205));
#7235 = SPHERICAL_SURFACE('',#7236,0.205);
#7236 = AXIS2_PLACEMENT_3D('',#7237,#7238,#7239);
#7237 = CARTESIAN_POINT('',(0.,0.,0.));
#7238 = DIRECTION('',(0.,0.,1.));
#7239 = DIRECTION('',(1.,0.,-0.));
#7240 = ( GEOMETRIC_REPRESENTATION_CONTEXT(3) 
GLOBAL_UNCERTAINTY_ASSIGNED_CONTEXT((#7244)) 
GLOBAL_UNIT_ASSIGNED_CONTEXT((#7241,#7242,#7243)) REPRESENTATION_CONTEXT
('Context #1','3D Context with UNIT and UNCERTAINTY') );
#7241 = ( LENGTH_UNIT() NAMED_UNIT(*) SI_UNIT(.MILLI.,.METRE.) );
#7242 = ( NAMED_UNIT(*) PLANE_ANGLE_UNIT() SI_UNIT($,.RADIAN.) );
#7243 = ( NAMED_UNIT(*) SI_UNIT($,.STERADIAN.) SOLID_ANGLE_UNIT() );
#7244 = UNCERTAINTY_MEASURE_WITH_UNIT(LENGTH_MEASURE(1.E-07),#7241,
  'distance_accuracy_value','confusion accuracy');
#7245 = SHAPE_DEFINITION_REPRESENTATION(#7246,#7227);
#7246 = PRODUCT_DEFINITION_SHAPE('','',#7247);
#7247 = PRODUCT_DEFINITION('design','',#7248,#7251);
#7248 = PRODUCT_DEFINITION_FORMATION('','',#7249);
#7249 = PRODUCT('P10','P10','',(#7250));
#7250 = PRODUCT_CONTEXT('',#2,'mechanical');
#7251 = PRODUCT_DEFINITION_CONTEXT('part definition',#2,'design');
#7252 = CONTEXT_DEPENDENT_SHAPE_REPRESENTATION(#7253,#7255);
#7253 = ( REPRESENTATION_RELATIONSHIP('','',#7227,#10) 
REPRESENTATION_RELATIONSHIP_WITH_TRANSFORMATION(#7254) 
SHAPE_REPRESENTATION_RELATIONSHIP() );
#7254 = ITEM_DEFINED_TRANSFORMATION('','',#11,#807);
#7255 = PRODUCT_DEFINITION_SHAPE('Placement','Placement of an item',
  #7256);
#7256 = NEXT_ASSEMBLY_USAGE_OCCURRENCE('199','=>[0:1:1:200]','',#5,#7247
  ,$);
#7257 = PRODUCT_RELATED_PRODUCT_CATEGORY('part',$,(#7249));
#7258 = ADVANCED_BREP_SHAPE_REPRESENTATION('',(#11,#7259),#7271);
#7259 = MANIFOLD_SOLID_BREP('',#7260);
#7260 = CLOSED_SHELL('',(#7261));
#7261 = ADVANCED_FACE('',(#7262),#7266,.T.);
#7262 = FACE_BOUND('',#7263,.T.);
#7263 = VERTEX_LOOP('',#7264);
#7264 = VERTEX_POINT('',#7265);
#7265 = CARTESIAN_POINT('',(1.255262969126E-17,-3.074507554457E-33,
    -0.205));
#7266 = SPHERICAL_SURFACE('',#7267,0.205);
#7267 = AXIS2_PLACEMENT_3D('',#7268,#7269,#7270);
#7268 = CARTESIAN_POINT('',(0.,0.,0.));
#7269 = DIRECTION('',(0.,0.,1.));
#7270 = DIRECTION('',(1.,0.,-0.));
#7271 = ( GEOMETRIC_REPRESENTATION_CONTEXT(3) 
GLOBAL_UNCERTAINTY_ASSIGNED_CONTEXT((#7275)) 
GLOBAL_UNIT_ASSIGNED_CONTEXT((#7272,#7273,#7274)) REPRESENTATION_CONTEXT
('Context #1','3D Context with UNIT and UNCERTAINTY') );
#7272 = ( LENGTH_UNIT() NAMED_UNIT(*) SI_UNIT(.MILLI.,.METRE.) );
#7273 = ( NAMED_UNIT(*) PLANE_ANGLE_UNIT() SI_UNIT($,.RADIAN.) );
#7274 = ( NAMED_UNIT(*) SI_UNIT($,.STERADIAN.) SOLID_ANGLE_UNIT() );
#7275 = UNCERTAINTY_MEASURE_WITH_UNIT(LENGTH_MEASURE(1.E-07),#7272,
  'distance_accuracy_value','confusion accuracy');
#7276 = SHAPE_DEFINITION_REPRESENTATION(#7277,#7258);
#7277 = PRODUCT_DEFINITION_SHAPE('','',#7278);
#7278 = PRODUCT_DEFINITION('design','',#7279,#7282);
#7279 = PRODUCT_DEFINITION_FORMATION('','',#7280);
#7280 = PRODUCT('P11','P11','',(#7281));
#7281 = PRODUCT_CONTEXT('',#2,'mechanical');
#7282 = PRODUCT_DEFINITION_CONTEXT('part definition',#2,'design');
#7283 = CONTEXT_DEPENDENT_SHAPE_REPRESENTATION(#7284,#7286);
#7284 = ( REPRESENTATION_RELATIONSHIP('','',#7258,#10) 
REPRESENTATION_RELATIONSHIP_WITH_TRANSFORMATION(#7285) 
SHAPE_REPRESENTATION_RELATIONSHIP() );
#7285 = ITEM_DEFINED_TRANSFORMATION('','',#11,#811);
#7286 = PRODUCT_DEFINITION_SHAPE('Placement','Placement of an item',
  #7287);
#7287 = NEXT_ASSEMBLY_USAGE_OCCURRENCE('200','=>[0:1:1:201]','',#5,#7278
  ,$);
#7288 = PRODUCT_RELATED_PRODUCT_CATEGORY('part',$,(#7280));
#7289 = ADVANCED_BREP_SHAPE_REPRESENTATION('',(#11,#7290),#7302);
#7290 = MANIFOLD_SOLID_BREP('',#7291);
#7291 = CLOSED_SHELL('',(#7292));
#7292 = ADVANCED_FACE('',(#7293),#7297,.T.);
#7293 = FACE_BOUND('',#7294,.T.);
#7294 = VERTEX_LOOP('',#7295);
#7295 = VERTEX_POINT('',#7296);
#7296 = CARTESIAN_POINT('',(1.255262969126E-17,-3.074507554457E-33,
    -0.205));
#7297 = SPHERICAL_SURFACE('',#7298,0.205);
#7298 = AXIS2_PLACEMENT_3D('',#7299,#7300,#7301);
#7299 = CARTESIAN_POINT('',(0.,0.,0.));
#7300 = DIRECTION('',(0.,0.,1.));
#7301 = DIRECTION('',(1.,0.,-0.));
#7302 = ( GEOMETRIC_REPRESENTATION_CONTEXT(3) 
GLOBAL_UNCERTAINTY_ASSIGNED_CONTEXT((#7306)) 
GLOBAL_UNIT_ASSIGNED_CONTEXT((#7303,#7304,#7305)) REPRESENTATION_CONTEXT
('Context #1','3D Context with UNIT and UNCERTAINTY') );
#7303 = ( LENGTH_UNIT() NAMED_UNIT(*) SI_UNIT(.MILLI.,.METRE.) );
#7304 = ( NAMED_UNIT(*) PLANE_ANGLE_UNIT() SI_UNIT($,.RADIAN.) );
#7305 = ( NAMED_UNIT(*) SI_UNIT($,.STERADIAN.) SOLID_ANGLE_UNIT() );
#7306 = UNCERTAINTY_MEASURE_WITH_UNIT(LENGTH_MEASURE(1.E-07),#7303,
  'distance_accuracy_value','confusion accuracy');
#7307 = SHAPE_DEFINITION_REPRESENTATION(#7308,#7289);
#7308 = PRODUCT_DEFINITION_SHAPE('','',#7309);
#7309 = PRODUCT_DEFINITION('design','',#7310,#7313);
#7310 = PRODUCT_DEFINITION_FORMATION('','',#7311);
#7311 = PRODUCT('P12','P12','',(#7312));
#7312 = PRODUCT_CONTEXT('',#2,'mechanical');
#7313 = PRODUCT_DEFINITION_CONTEXT('part definition',#2,'design');
#7314 = CONTEXT_DEPENDENT_SHAPE_REPRESENTATION(#7315,#7317);
#7315 = ( REPRESENTATION_RELATIONSHIP('','',#7289,#10) 
REPRESENTATION_RELATIONSHIP_WITH_TRANSFORMATION(#7316) 
SHAPE_REPRESENTATION_RELATIONSHIP() );
#7316 = ITEM_DEFINED_TRANSFORMATION('','',#11,#815);
#7317 = PRODUCT_DEFINITION_SHAPE('Placement','Placement of an item',
  #7318);
#7318 = NEXT_ASSEMBLY_USAGE_OCCURRENCE('201','=>[0:1:1:202]','',#5,#7309
  ,$);
#7319 = PRODUCT_RELATED_PRODUCT_CATEGORY('part',$,(#7311));
#7320 = ADVANCED_BREP_SHAPE_REPRESENTATION('',(#11,#7321),#7333);
#7321 = MANIFOLD_SOLID_BREP('',#7322);
#7322 = CLOSED_SHELL('',(#7323));
#7323 = ADVANCED_FACE('',(#7324),#7328,.T.);
#7324 = FACE_BOUND('',#7325,.T.);
#7325 = VERTEX_LOOP('',#7326);
#7326 = VERTEX_POINT('',#7327);
#7327 = CARTESIAN_POINT('',(1.255262969126E-17,-3.074507554457E-33,
    -0.205));
#7328 = SPHERICAL_SURFACE('',#7329,0.205);
#7329 = AXIS2_PLACEMENT_3D('',#7330,#7331,#7332);
#7330 = CARTESIAN_POINT('',(0.,0.,0.));
#7331 = DIRECTION('',(0.,0.,1.));
#7332 = DIRECTION('',(1.,0.,-0.));
#7333 = ( GEOMETRIC_REPRESENTATION_CONTEXT(3) 
GLOBAL_UNCERTAINTY_ASSIGNED_CONTEXT((#7337)) 
GLOBAL_UNIT_ASSIGNED_CONTEXT((#7334,#7335,#7336)) REPRESENTATION_CONTEXT
('Context #1','3D Context with UNIT and UNCERTAINTY') );
#7334 = ( LENGTH_UNIT() NAMED_UNIT(*) SI_UNIT(.MILLI.,.METRE.) );
#7335 = ( NAMED_UNIT(*) PLANE_ANGLE_UNIT() SI_UNIT($,.RADIAN.) );
#7336 = ( NAMED_UNIT(*) SI_UNIT($,.STERADIAN.) SOLID_ANGLE_UNIT() );
#7337 = UNCERTAINTY_MEASURE_WITH_UNIT(LENGTH_MEASURE(1.E-07),#7334,
  'distance_accuracy_value','confusion accuracy');
#7338 = SHAPE_DEFINITION_REPRESENTATION(#7339,#7320);
#7339 = PRODUCT_DEFINITION_SHAPE('','',#7340);
#7340 = PRODUCT_DEFINITION('design','',#7341,#7344);
#7341 = PRODUCT_DEFINITION_FORMATION('','',#7342);
#7342 = PRODUCT('P13','P13','',(#7343));
#7343 = PRODUCT_CONTEXT('',#2,'mechanical');
#7344 = PRODUCT_DEFINITION_CONTEXT('part definition',#2,'design');
#7345 = CONTEXT_DEPENDENT_SHAPE_REPRESENTATION(#7346,#7348);
#7346 = ( REPRESENTATION_RELATIONSHIP('','',#7320,#10) 
REPRESENTATION_RELATIONSHIP_WITH_TRANSFORMATION(#7347) 
SHAPE_REPRESENTATION_RELATIONSHIP() );
#7347 = ITEM_DEFINED_TRANSFORMATION('','',#11,#819);
#7348 = PRODUCT_DEFINITION_SHAPE('Placement','Placement of an item',
  #7349);
#7349 = NEXT_ASSEMBLY_USAGE_OCCURRENCE('202','=>[0:1:1:203]','',#5,#7340
  ,$);
#7350 = PRODUCT_RELATED_PRODUCT_CATEGORY('part',$,(#7342));
#7351 = ADVANCED_BREP_SHAPE_REPRESENTATION('',(#11,#7352),#7364);
#7352 = MANIFOLD_SOLID_BREP('',#7353);
#7353 = CLOSED_SHELL('',(#7354));
#7354 = ADVANCED_FACE('',(#7355),#7359,.T.);
#7355 = FACE_BOUND('',#7356,.T.);
#7356 = VERTEX_LOOP('',#7357);
#7357 = VERTEX_POINT('',#7358);
#7358 = CARTESIAN_POINT('',(1.255262969126E-17,-3.074507554457E-33,
    -0.205));
#7359 = SPHERICAL_SURFACE('',#7360,0.205);
#7360 = AXIS2_PLACEMENT_3D('',#7361,#7362,#7363);
#7361 = CARTESIAN_POINT('',(0.,0.,0.));
#7362 = DIRECTION('',(0.,0.,1.));
#7363 = DIRECTION('',(1.,0.,-0.));
#7364 = ( GEOMETRIC_REPRESENTATION_CONTEXT(3) 
GLOBAL_UNCERTAINTY_ASSIGNED_CONTEXT((#7368)) 
GLOBAL_UNIT_ASSIGNED_CONTEXT((#7365,#7366,#7367)) REPRESENTATION_CONTEXT
('Context #1','3D Context with UNIT and UNCERTAINTY') );
#7365 = ( LENGTH_UNIT() NAMED_UNIT(*) SI_UNIT(.MILLI.,.METRE.) );
#7366 = ( NAMED_UNIT(*) PLANE_ANGLE_UNIT() SI_UNIT($,.RADIAN.) );
#7367 = ( NAMED_UNIT(*) SI_UNIT($,.STERADIAN.) SOLID_ANGLE_UNIT() );
#7368 = UNCERTAINTY_MEASURE_WITH_UNIT(LENGTH_MEASURE(1.E-07),#7365,
  'distance_accuracy_value','confusion accuracy');
#7369 = SHAPE_DEFINITION_REPRESENTATION(#7370,#7351);
#7370 = PRODUCT_DEFINITION_SHAPE('','',#7371);
#7371 = PRODUCT_DEFINITION('design','',#7372,#7375);
#7372 = PRODUCT_DEFINITION_FORMATION('','',#7373);
#7373 = PRODUCT('P14','P14','',(#7374));
#7374 = PRODUCT_CONTEXT('',#2,'mechanical');
#7375 = PRODUCT_DEFINITION_CONTEXT('part definition',#2,'design');
#7376 = CONTEXT_DEPENDENT_SHAPE_REPRESENTATION(#7377,#7379);
#7377 = ( REPRESENTATION_RELATIONSHIP('','',#7351,#10) 
REPRESENTATION_RELATIONSHIP_WITH_TRANSFORMATION(#7378) 
SHAPE_REPRESENTATION_RELATIONSHIP() );
#7378 = ITEM_DEFINED_TRANSFORMATION('','',#11,#823);
#7379 = PRODUCT_DEFINITION_SHAPE('Placement','Placement of an item',
  #7380);
#7380 = NEXT_ASSEMBLY_USAGE_OCCURRENCE('203','=>[0:1:1:204]','',#5,#7371
  ,$);
#7381 = PRODUCT_RELATED_PRODUCT_CATEGORY('part',$,(#7373));
#7382 = ADVANCED_BREP_SHAPE_REPRESENTATION('',(#11,#7383),#7395);
#7383 = MANIFOLD_SOLID_BREP('',#7384);
#7384 = CLOSED_SHELL('',(#7385));
#7385 = ADVANCED_FACE('',(#7386),#7390,.T.);
#7386 = FACE_BOUND('',#7387,.T.);
#7387 = VERTEX_LOOP('',#7388);
#7388 = VERTEX_POINT('',#7389);
#7389 = CARTESIAN_POINT('',(1.255262969126E-17,-3.074507554457E-33,
    -0.205));
#7390 = SPHERICAL_SURFACE('',#7391,0.205);
#7391 = AXIS2_PLACEMENT_3D('',#7392,#7393,#7394);
#7392 = CARTESIAN_POINT('',(0.,0.,0.));
#7393 = DIRECTION('',(0.,0.,1.));
#7394 = DIRECTION('',(1.,0.,-0.));
#7395 = ( GEOMETRIC_REPRESENTATION_CONTEXT(3) 
GLOBAL_UNCERTAINTY_ASSIGNED_CONTEXT((#7399)) 
GLOBAL_UNIT_ASSIGNED_CONTEXT((#7396,#7397,#7398)) REPRESENTATION_CONTEXT
('Context #1','3D Context with UNIT and UNCERTAINTY') );
#7396 = ( LENGTH_UNIT() NAMED_UNIT(*) SI_UNIT(.MILLI.,.METRE.) );
#7397 = ( NAMED_UNIT(*) PLANE_ANGLE_UNIT() SI_UNIT($,.RADIAN.) );
#7398 = ( NAMED_UNIT(*) SI_UNIT($,.STERADIAN.) SOLID_ANGLE_UNIT() );
#7399 = UNCERTAINTY_MEASURE_WITH_UNIT(LENGTH_MEASURE(1.E-07),#7396,
  'distance_accuracy_value','confusion accuracy');
#7400 = SHAPE_DEFINITION_REPRESENTATION(#7401,#7382);
#7401 = PRODUCT_DEFINITION_SHAPE('','',#7402);
#7402 = PRODUCT_DEFINITION('design','',#7403,#7406);
#7403 = PRODUCT_DEFINITION_FORMATION('','',#7404);
#7404 = PRODUCT('P16','P16','',(#7405));
#7405 = PRODUCT_CONTEXT('',#2,'mechanical');
#7406 = PRODUCT_DEFINITION_CONTEXT('part definition',#2,'design');
#7407 = CONTEXT_DEPENDENT_SHAPE_REPRESENTATION(#7408,#7410);
#7408 = ( REPRESENTATION_RELATIONSHIP('','',#7382,#10) 
REPRESENTATION_RELATIONSHIP_WITH_TRANSFORMATION(#7409) 
SHAPE_REPRESENTATION_RELATIONSHIP() );
#7409 = ITEM_DEFINED_TRANSFORMATION('','',#11,#827);
#7410 = PRODUCT_DEFINITION_SHAPE('Placement','Placement of an item',
  #7411);
#7411 = NEXT_ASSEMBLY_USAGE_OCCURRENCE('204','=>[0:1:1:205]','',#5,#7402
  ,$);
#7412 = PRODUCT_RELATED_PRODUCT_CATEGORY('part',$,(#7404));
#7413 = ADVANCED_BREP_SHAPE_REPRESENTATION('',(#11,#7414),#7426);
#7414 = MANIFOLD_SOLID_BREP('',#7415);
#7415 = CLOSED_SHELL('',(#7416));
#7416 = ADVANCED_FACE('',(#7417),#7421,.T.);
#7417 = FACE_BOUND('',#7418,.T.);
#7418 = VERTEX_LOOP('',#7419);
#7419 = VERTEX_POINT('',#7420);
#7420 = CARTESIAN_POINT('',(1.255262969126E-17,-3.074507554457E-33,
    -0.205));
#7421 = SPHERICAL_SURFACE('',#7422,0.205);
#7422 = AXIS2_PLACEMENT_3D('',#7423,#7424,#7425);
#7423 = CARTESIAN_POINT('',(0.,0.,0.));
#7424 = DIRECTION('',(0.,0.,1.));
#7425 = DIRECTION('',(1.,0.,-0.));
#7426 = ( GEOMETRIC_REPRESENTATION_CONTEXT(3) 
GLOBAL_UNCERTAINTY_ASSIGNED_CONTEXT((#7430)) 
GLOBAL_UNIT_ASSIGNED_CONTEXT((#7427,#7428,#7429)) REPRESENTATION_CONTEXT
('Context #1','3D Context with UNIT and UNCERTAINTY') );
#7427 = ( LENGTH_UNIT() NAMED_UNIT(*) SI_UNIT(.MILLI.,.METRE.) );
#7428 = ( NAMED_UNIT(*) PLANE_ANGLE_UNIT() SI_UNIT($,.RADIAN.) );
#7429 = ( NAMED_UNIT(*) SI_UNIT($,.STERADIAN.) SOLID_ANGLE_UNIT() );
#7430 = UNCERTAINTY_MEASURE_WITH_UNIT(LENGTH_MEASURE(1.E-07),#7427,
  'distance_accuracy_value','confusion accuracy');
#7431 = SHAPE_DEFINITION_REPRESENTATION(#7432,#7413);
#7432 = PRODUCT_DEFINITION_SHAPE('','',#7433);
#7433 = PRODUCT_DEFINITION('design','',#7434,#7437);
#7434 = PRODUCT_DEFINITION_FORMATION('','',#7435);
#7435 = PRODUCT('P17','P17','',(#7436));
#7436 = PRODUCT_CONTEXT('',#2,'mechanical');
#7437 = PRODUCT_DEFINITION_CONTEXT('part definition',#2,'design');
#7438 = CONTEXT_DEPENDENT_SHAPE_REPRESENTATION(#7439,#7441);
#7439 = ( REPRESENTATION_RELATIONSHIP('','',#7413,#10) 
REPRESENTATION_RELATIONSHIP_WITH_TRANSFORMATION(#7440) 
SHAPE_REPRESENTATION_RELATIONSHIP() );
#7440 = ITEM_DEFINED_TRANSFORMATION('','',#11,#831);
#7441 = PRODUCT_DEFINITION_SHAPE('Placement','Placement of an item',
  #7442);
#7442 = NEXT_ASSEMBLY_USAGE_OCCURRENCE('205','=>[0:1:1:206]','',#5,#7433
  ,$);
#7443 = PRODUCT_RELATED_PRODUCT_CATEGORY('part',$,(#7435));
#7444 = ADVANCED_BREP_SHAPE_REPRESENTATION('',(#11,#7445),#7457);
#7445 = MANIFOLD_SOLID_BREP('',#7446);
#7446 = CLOSED_SHELL('',(#7447));
#7447 = ADVANCED_FACE('',(#7448),#7452,.T.);
#7448 = FACE_BOUND('',#7449,.T.);
#7449 = VERTEX_LOOP('',#7450);
#7450 = VERTEX_POINT('',#7451);
#7451 = CARTESIAN_POINT('',(1.255262969126E-17,-3.074507554457E-33,
    -0.205));
#7452 = SPHERICAL_SURFACE('',#7453,0.205);
#7453 = AXIS2_PLACEMENT_3D('',#7454,#7455,#7456);
#7454 = CARTESIAN_POINT('',(0.,0.,0.));
#7455 = DIRECTION('',(0.,0.,1.));
#7456 = DIRECTION('',(1.,0.,-0.));
#7457 = ( GEOMETRIC_REPRESENTATION_CONTEXT(3) 
GLOBAL_UNCERTAINTY_ASSIGNED_CONTEXT((#7461)) 
GLOBAL_UNIT_ASSIGNED_CONTEXT((#7458,#7459,#7460)) REPRESENTATION_CONTEXT
('Context #1','3D Context with UNIT and UNCERTAINTY') );
#7458 = ( LENGTH_UNIT() NAMED_UNIT(*) SI_UNIT(.MILLI.,.METRE.) );
#7459 = ( NAMED_UNIT(*) PLANE_ANGLE_UNIT() SI_UNIT($,.RADIAN.) );
#7460 = ( NAMED_UNIT(*) SI_UNIT($,.STERADIAN.) SOLID_ANGLE_UNIT() );
#7461 = UNCERTAINTY_MEASURE_WITH_UNIT(LENGTH_MEASURE(1.E-07),#7458,
  'distance_accuracy_value','confusion accuracy');
#7462 = SHAPE_DEFINITION_REPRESENTATION(#7463,#7444);
#7463 = PRODUCT_DEFINITION_SHAPE('','',#7464);
#7464 = PRODUCT_DEFINITION('design','',#7465,#7468);
#7465 = PRODUCT_DEFINITION_FORMATION('','',#7466);
#7466 = PRODUCT('P18','P18','',(#7467));
#7467 = PRODUCT_CONTEXT('',#2,'mechanical');
#7468 = PRODUCT_DEFINITION_CONTEXT('part definition',#2,'design');
#7469 = CONTEXT_DEPENDENT_SHAPE_REPRESENTATION(#7470,#7472);
#7470 = ( REPRESENTATION_RELATIONSHIP('','',#7444,#10) 
REPRESENTATION_RELATIONSHIP_WITH_TRANSFORMATION(#7471) 
SHAPE_REPRESENTATION_RELATIONSHIP() );
#7471 = ITEM_DEFINED_TRANSFORMATION('','',#11,#835);
#7472 = PRODUCT_DEFINITION_SHAPE('Placement','Placement of an item',
  #7473);
#7473 = NEXT_ASSEMBLY_USAGE_OCCURRENCE('206','=>[0:1:1:207]','',#5,#7464
  ,$);
#7474 = PRODUCT_RELATED_PRODUCT_CATEGORY('part',$,(#7466));
#7475 = ADVANCED_BREP_SHAPE_REPRESENTATION('',(#11,#7476),#7488);
#7476 = MANIFOLD_SOLID_BREP('',#7477);
#7477 = CLOSED_SHELL('',(#7478));
#7478 = ADVANCED_FACE('',(#7479),#7483,.T.);
#7479 = FACE_BOUND('',#7480,.T.);
#7480 = VERTEX_LOOP('',#7481);
#7481 = VERTEX_POINT('',#7482);
#7482 = CARTESIAN_POINT('',(1.255262969126E-17,-3.074507554457E-33,
    -0.205));
#7483 = SPHERICAL_SURFACE('',#7484,0.205);
#7484 = AXIS2_PLACEMENT_3D('',#7485,#7486,#7487);
#7485 = CARTESIAN_POINT('',(0.,0.,0.));
#7486 = DIRECTION('',(0.,0.,1.));
#7487 = DIRECTION('',(1.,0.,-0.));
#7488 = ( GEOMETRIC_REPRESENTATION_CONTEXT(3) 
GLOBAL_UNCERTAINTY_ASSIGNED_CONTEXT((#7492)) 
GLOBAL_UNIT_ASSIGNED_CONTEXT((#7489,#7490,#7491)) REPRESENTATION_CONTEXT
('Context #1','3D Context with UNIT and UNCERTAINTY') );
#7489 = ( LENGTH_UNIT() NAMED_UNIT(*) SI_UNIT(.MILLI.,.METRE.) );
#7490 = ( NAMED_UNIT(*) PLANE_ANGLE_UNIT() SI_UNIT($,.RADIAN.) );
#7491 = ( NAMED_UNIT(*) SI_UNIT($,.STERADIAN.) SOLID_ANGLE_UNIT() );
#7492 = UNCERTAINTY_MEASURE_WITH_UNIT(LENGTH_MEASURE(1.E-07),#7489,
  'distance_accuracy_value','confusion accuracy');
#7493 = SHAPE_DEFINITION_REPRESENTATION(#7494,#7475);
#7494 = PRODUCT_DEFINITION_SHAPE('','',#7495);
#7495 = PRODUCT_DEFINITION('design','',#7496,#7499);
#7496 = PRODUCT_DEFINITION_FORMATION('','',#7497);
#7497 = PRODUCT('R1','R1','',(#7498));
#7498 = PRODUCT_CONTEXT('',#2,'mechanical');
#7499 = PRODUCT_DEFINITION_CONTEXT('part definition',#2,'design');
#7500 = CONTEXT_DEPENDENT_SHAPE_REPRESENTATION(#7501,#7503);
#7501 = ( REPRESENTATION_RELATIONSHIP('','',#7475,#10) 
REPRESENTATION_RELATIONSHIP_WITH_TRANSFORMATION(#7502) 
SHAPE_REPRESENTATION_RELATIONSHIP() );
#7502 = ITEM_DEFINED_TRANSFORMATION('','',#11,#839);
#7503 = PRODUCT_DEFINITION_SHAPE('Placement','Placement of an item',
  #7504);
#7504 = NEXT_ASSEMBLY_USAGE_OCCURRENCE('207','=>[0:1:1:208]','',#5,#7495
  ,$);
#7505 = PRODUCT_RELATED_PRODUCT_CATEGORY('part',$,(#7497));
#7506 = ADVANCED_BREP_SHAPE_REPRESENTATION('',(#11,#7507),#7519);
#7507 = MANIFOLD_SOLID_BREP('',#7508);
#7508 = CLOSED_SHELL('',(#7509));
#7509 = ADVANCED_FACE('',(#7510),#7514,.T.);
#7510 = FACE_BOUND('',#7511,.T.);
#7511 = VERTEX_LOOP('',#7512);
#7512 = VERTEX_POINT('',#7513);
#7513 = CARTESIAN_POINT('',(1.255262969126E-17,-3.074507554457E-33,
    -0.205));
#7514 = SPHERICAL_SURFACE('',#7515,0.205);
#7515 = AXIS2_PLACEMENT_3D('',#7516,#7517,#7518);
#7516 = CARTESIAN_POINT('',(0.,0.,0.));
#7517 = DIRECTION('',(0.,0.,1.));
#7518 = DIRECTION('',(1.,0.,-0.));
#7519 = ( GEOMETRIC_REPRESENTATION_CONTEXT(3) 
GLOBAL_UNCERTAINTY_ASSIGNED_CONTEXT((#7523)) 
GLOBAL_UNIT_ASSIGNED_CONTEXT((#7520,#7521,#7522)) REPRESENTATION_CONTEXT
('Context #1','3D Context with UNIT and UNCERTAINTY') );
#7520 = ( LENGTH_UNIT() NAMED_UNIT(*) SI_UNIT(.MILLI.,.METRE.) );
#7521 = ( NAMED_UNIT(*) PLANE_ANGLE_UNIT() SI_UNIT($,.RADIAN.) );
#7522 = ( NAMED_UNIT(*) SI_UNIT($,.STERADIAN.) SOLID_ANGLE_UNIT() );
#7523 = UNCERTAINTY_MEASURE_WITH_UNIT(LENGTH_MEASURE(1.E-07),#7520,
  'distance_accuracy_value','confusion accuracy');
#7524 = SHAPE_DEFINITION_REPRESENTATION(#7525,#7506);
#7525 = PRODUCT_DEFINITION_SHAPE('','',#7526);
#7526 = PRODUCT_DEFINITION('design','',#7527,#7530);
#7527 = PRODUCT_DEFINITION_FORMATION('','',#7528);
#7528 = PRODUCT('R2','R2','',(#7529));
#7529 = PRODUCT_CONTEXT('',#2,'mechanical');
#7530 = PRODUCT_DEFINITION_CONTEXT('part definition',#2,'design');
#7531 = CONTEXT_DEPENDENT_SHAPE_REPRESENTATION(#7532,#7534);
#7532 = ( REPRESENTATION_RELATIONSHIP('','',#7506,#10) 
REPRESENTATION_RELATIONSHIP_WITH_TRANSFORMATION(#7533) 
SHAPE_REPRESENTATION_RELATIONSHIP() );
#7533 = ITEM_DEFINED_TRANSFORMATION('','',#11,#843);
#7534 = PRODUCT_DEFINITION_SHAPE('Placement','Placement of an item',
  #7535);
#7535 = NEXT_ASSEMBLY_USAGE_OCCURRENCE('208','=>[0:1:1:209]','',#5,#7526
  ,$);
#7536 = PRODUCT_RELATED_PRODUCT_CATEGORY('part',$,(#7528));
#7537 = ADVANCED_BREP_SHAPE_REPRESENTATION('',(#11,#7538),#7550);
#7538 = MANIFOLD_SOLID_BREP('',#7539);
#7539 = CLOSED_SHELL('',(#7540));
#7540 = ADVANCED_FACE('',(#7541),#7545,.T.);
#7541 = FACE_BOUND('',#7542,.T.);
#7542 = VERTEX_LOOP('',#7543);
#7543 = VERTEX_POINT('',#7544);
#7544 = CARTESIAN_POINT('',(1.255262969126E-17,-3.074507554457E-33,
    -0.205));
#7545 = SPHERICAL_SURFACE('',#7546,0.205);
#7546 = AXIS2_PLACEMENT_3D('',#7547,#7548,#7549);
#7547 = CARTESIAN_POINT('',(0.,0.,0.));
#7548 = DIRECTION('',(0.,0.,1.));
#7549 = DIRECTION('',(1.,0.,-0.));
#7550 = ( GEOMETRIC_REPRESENTATION_CONTEXT(3) 
GLOBAL_UNCERTAINTY_ASSIGNED_CONTEXT((#7554)) 
GLOBAL_UNIT_ASSIGNED_CONTEXT((#7551,#7552,#7553)) REPRESENTATION_CONTEXT
('Context #1','3D Context with UNIT and UNCERTAINTY') );
#7551 = ( LENGTH_UNIT() NAMED_UNIT(*) SI_UNIT(.MILLI.,.METRE.) );
#7552 = ( NAMED_UNIT(*) PLANE_ANGLE_UNIT() SI_UNIT($,.RADIAN.) );
#7553 = ( NAMED_UNIT(*) SI_UNIT($,.STERADIAN.) SOLID_ANGLE_UNIT() );
#7554 = UNCERTAINTY_MEASURE_WITH_UNIT(LENGTH_MEASURE(1.E-07),#7551,
  'distance_accuracy_value','confusion accuracy');
#7555 = SHAPE_DEFINITION_REPRESENTATION(#7556,#7537);
#7556 = PRODUCT_DEFINITION_SHAPE('','',#7557);
#7557 = PRODUCT_DEFINITION('design','',#7558,#7561);
#7558 = PRODUCT_DEFINITION_FORMATION('','',#7559);
#7559 = PRODUCT('R3','R3','',(#7560));
#7560 = PRODUCT_CONTEXT('',#2,'mechanical');
#7561 = PRODUCT_DEFINITION_CONTEXT('part definition',#2,'design');
#7562 = CONTEXT_DEPENDENT_SHAPE_REPRESENTATION(#7563,#7565);
#7563 = ( REPRESENTATION_RELATIONSHIP('','',#7537,#10) 
REPRESENTATION_RELATIONSHIP_WITH_TRANSFORMATION(#7564) 
SHAPE_REPRESENTATION_RELATIONSHIP() );
#7564 = ITEM_DEFINED_TRANSFORMATION('','',#11,#847);
#7565 = PRODUCT_DEFINITION_SHAPE('Placement','Placement of an item',
  #7566);
#7566 = NEXT_ASSEMBLY_USAGE_OCCURRENCE('209','=>[0:1:1:210]','',#5,#7557
  ,$);
#7567 = PRODUCT_RELATED_PRODUCT_CATEGORY('part',$,(#7559));
#7568 = ADVANCED_BREP_SHAPE_REPRESENTATION('',(#11,#7569),#7581);
#7569 = MANIFOLD_SOLID_BREP('',#7570);
#7570 = CLOSED_SHELL('',(#7571));
#7571 = ADVANCED_FACE('',(#7572),#7576,.T.);
#7572 = FACE_BOUND('',#7573,.T.);
#7573 = VERTEX_LOOP('',#7574);
#7574 = VERTEX_POINT('',#7575);
#7575 = CARTESIAN_POINT('',(1.255262969126E-17,-3.074507554457E-33,
    -0.205));
#7576 = SPHERICAL_SURFACE('',#7577,0.205);
#7577 = AXIS2_PLACEMENT_3D('',#7578,#7579,#7580);
#7578 = CARTESIAN_POINT('',(0.,0.,0.));
#7579 = DIRECTION('',(0.,0.,1.));
#7580 = DIRECTION('',(1.,0.,-0.));
#7581 = ( GEOMETRIC_REPRESENTATION_CONTEXT(3) 
GLOBAL_UNCERTAINTY_ASSIGNED_CONTEXT((#7585)) 
GLOBAL_UNIT_ASSIGNED_CONTEXT((#7582,#7583,#7584)) REPRESENTATION_CONTEXT
('Context #1','3D Context with UNIT and UNCERTAINTY') );
#7582 = ( LENGTH_UNIT() NAMED_UNIT(*) SI_UNIT(.MILLI.,.METRE.) );
#7583 = ( NAMED_UNIT(*) PLANE_ANGLE_UNIT() SI_UNIT($,.RADIAN.) );
#7584 = ( NAMED_UNIT(*) SI_UNIT($,.STERADIAN.) SOLID_ANGLE_UNIT() );
#7585 = UNCERTAINTY_MEASURE_WITH_UNIT(LENGTH_MEASURE(1.E-07),#7582,
  'distance_accuracy_value','confusion accuracy');
#7586 = SHAPE_DEFINITION_REPRESENTATION(#7587,#7568);
#7587 = PRODUCT_DEFINITION_SHAPE('','',#7588);
#7588 = PRODUCT_DEFINITION('design','',#7589,#7592);
#7589 = PRODUCT_DEFINITION_FORMATION('','',#7590);
#7590 = PRODUCT('R4','R4','',(#7591));
#7591 = PRODUCT_CONTEXT('',#2,'mechanical');
#7592 = PRODUCT_DEFINITION_CONTEXT('part definition',#2,'design');
#7593 = CONTEXT_DEPENDENT_SHAPE_REPRESENTATION(#7594,#7596);
#7594 = ( REPRESENTATION_RELATIONSHIP('','',#7568,#10) 
REPRESENTATION_RELATIONSHIP_WITH_TRANSFORMATION(#7595) 
SHAPE_REPRESENTATION_RELATIONSHIP() );
#7595 = ITEM_DEFINED_TRANSFORMATION('','',#11,#851);
#7596 = PRODUCT_DEFINITION_SHAPE('Placement','Placement of an item',
  #7597);
#7597 = NEXT_ASSEMBLY_USAGE_OCCURRENCE('210','=>[0:1:1:211]','',#5,#7588
  ,$);
#7598 = PRODUCT_RELATED_PRODUCT_CATEGORY('part',$,(#7590));
#7599 = ADVANCED_BREP_SHAPE_REPRESENTATION('',(#11,#7600),#7612);
#7600 = MANIFOLD_SOLID_BREP('',#7601);
#7601 = CLOSED_SHELL('',(#7602));
#7602 = ADVANCED_FACE('',(#7603),#7607,.T.);
#7603 = FACE_BOUND('',#7604,.T.);
#7604 = VERTEX_LOOP('',#7605);
#7605 = VERTEX_POINT('',#7606);
#7606 = CARTESIAN_POINT('',(1.255262969126E-17,-3.074507554457E-33,
    -0.205));
#7607 = SPHERICAL_SURFACE('',#7608,0.205);
#7608 = AXIS2_PLACEMENT_3D('',#7609,#7610,#7611);
#7609 = CARTESIAN_POINT('',(0.,0.,0.));
#7610 = DIRECTION('',(0.,0.,1.));
#7611 = DIRECTION('',(1.,0.,-0.));
#7612 = ( GEOMETRIC_REPRESENTATION_CONTEXT(3) 
GLOBAL_UNCERTAINTY_ASSIGNED_CONTEXT((#7616)) 
GLOBAL_UNIT_ASSIGNED_CONTEXT((#7613,#7614,#7615)) REPRESENTATION_CONTEXT
('Context #1','3D Context with UNIT and UNCERTAINTY') );
#7613 = ( LENGTH_UNIT() NAMED_UNIT(*) SI_UNIT(.MILLI.,.METRE.) );
#7614 = ( NAMED_UNIT(*) PLANE_ANGLE_UNIT() SI_UNIT($,.RADIAN.) );
#7615 = ( NAMED_UNIT(*) SI_UNIT($,.STERADIAN.) SOLID_ANGLE_UNIT() );
#7616 = UNCERTAINTY_MEASURE_WITH_UNIT(LENGTH_MEASURE(1.E-07),#7613,
  'distance_accuracy_value','confusion accuracy');
#7617 = SHAPE_DEFINITION_REPRESENTATION(#7618,#7599);
#7618 = PRODUCT_DEFINITION_SHAPE('','',#7619);
#7619 = PRODUCT_DEFINITION('design','',#7620,#7623);
#7620 = PRODUCT_DEFINITION_FORMATION('','',#7621);
#7621 = PRODUCT('R6','R6','',(#7622));
#7622 = PRODUCT_CONTEXT('',#2,'mechanical');
#7623 = PRODUCT_DEFINITION_CONTEXT('part definition',#2,'design');
#7624 = CONTEXT_DEPENDENT_SHAPE_REPRESENTATION(#7625,#7627);
#7625 = ( REPRESENTATION_RELATIONSHIP('','',#7599,#10) 
REPRESENTATION_RELATIONSHIP_WITH_TRANSFORMATION(#7626) 
SHAPE_REPRESENTATION_RELATIONSHIP() );
#7626 = ITEM_DEFINED_TRANSFORMATION('','',#11,#855);
#7627 = PRODUCT_DEFINITION_SHAPE('Placement','Placement of an item',
  #7628);
#7628 = NEXT_ASSEMBLY_USAGE_OCCURRENCE('211','=>[0:1:1:212]','',#5,#7619
  ,$);
#7629 = PRODUCT_RELATED_PRODUCT_CATEGORY('part',$,(#7621));
#7630 = ADVANCED_BREP_SHAPE_REPRESENTATION('',(#11,#7631),#7643);
#7631 = MANIFOLD_SOLID_BREP('',#7632);
#7632 = CLOSED_SHELL('',(#7633));
#7633 = ADVANCED_FACE('',(#7634),#7638,.T.);
#7634 = FACE_BOUND('',#7635,.T.);
#7635 = VERTEX_LOOP('',#7636);
#7636 = VERTEX_POINT('',#7637);
#7637 = CARTESIAN_POINT('',(1.255262969126E-17,-3.074507554457E-33,
    -0.205));
#7638 = SPHERICAL_SURFACE('',#7639,0.205);
#7639 = AXIS2_PLACEMENT_3D('',#7640,#7641,#7642);
#7640 = CARTESIAN_POINT('',(0.,0.,0.));
#7641 = DIRECTION('',(0.,0.,1.));
#7642 = DIRECTION('',(1.,0.,-0.));
#7643 = ( GEOMETRIC_REPRESENTATION_CONTEXT(3) 
GLOBAL_UNCERTAINTY_ASSIGNED_CONTEXT((#7647)) 
GLOBAL_UNIT_ASSIGNED_CONTEXT((#7644,#7645,#7646)) REPRESENTATION_CONTEXT
('Context #1','3D Context with UNIT and UNCERTAINTY') );
#7644 = ( LENGTH_UNIT() NAMED_UNIT(*) SI_UNIT(.MILLI.,.METRE.) );
#7645 = ( NAMED_UNIT(*) PLANE_ANGLE_UNIT() SI_UNIT($,.RADIAN.) );
#7646 = ( NAMED_UNIT(*) SI_UNIT($,.STERADIAN.) SOLID_ANGLE_UNIT() );
#7647 = UNCERTAINTY_MEASURE_WITH_UNIT(LENGTH_MEASURE(1.E-07),#7644,
  'distance_accuracy_value','confusion accuracy');
#7648 = SHAPE_DEFINITION_REPRESENTATION(#7649,#7630);
#7649 = PRODUCT_DEFINITION_SHAPE('','',#7650);
#7650 = PRODUCT_DEFINITION('design','',#7651,#7654);
#7651 = PRODUCT_DEFINITION_FORMATION('','',#7652);
#7652 = PRODUCT('R8','R8','',(#7653));
#7653 = PRODUCT_CONTEXT('',#2,'mechanical');
#7654 = PRODUCT_DEFINITION_CONTEXT('part definition',#2,'design');
#7655 = CONTEXT_DEPENDENT_SHAPE_REPRESENTATION(#7656,#7658);
#7656 = ( REPRESENTATION_RELATIONSHIP('','',#7630,#10) 
REPRESENTATION_RELATIONSHIP_WITH_TRANSFORMATION(#7657) 
SHAPE_REPRESENTATION_RELATIONSHIP() );
#7657 = ITEM_DEFINED_TRANSFORMATION('','',#11,#859);
#7658 = PRODUCT_DEFINITION_SHAPE('Placement','Placement of an item',
  #7659);
#7659 = NEXT_ASSEMBLY_USAGE_OCCURRENCE('212','=>[0:1:1:213]','',#5,#7650
  ,$);
#7660 = PRODUCT_RELATED_PRODUCT_CATEGORY('part',$,(#7652));
#7661 = ADVANCED_BREP_SHAPE_REPRESENTATION('',(#11,#7662),#7674);
#7662 = MANIFOLD_SOLID_BREP('',#7663);
#7663 = CLOSED_SHELL('',(#7664));
#7664 = ADVANCED_FACE('',(#7665),#7669,.T.);
#7665 = FACE_BOUND('',#7666,.T.);
#7666 = VERTEX_LOOP('',#7667);
#7667 = VERTEX_POINT('',#7668);
#7668 = CARTESIAN_POINT('',(1.255262969126E-17,-3.074507554457E-33,
    -0.205));
#7669 = SPHERICAL_SURFACE('',#7670,0.205);
#7670 = AXIS2_PLACEMENT_3D('',#7671,#7672,#7673);
#7671 = CARTESIAN_POINT('',(0.,0.,0.));
#7672 = DIRECTION('',(0.,0.,1.));
#7673 = DIRECTION('',(1.,0.,-0.));
#7674 = ( GEOMETRIC_REPRESENTATION_CONTEXT(3) 
GLOBAL_UNCERTAINTY_ASSIGNED_CONTEXT((#7678)) 
GLOBAL_UNIT_ASSIGNED_CONTEXT((#7675,#7676,#7677)) REPRESENTATION_CONTEXT
('Context #1','3D Context with UNIT and UNCERTAINTY') );
#7675 = ( LENGTH_UNIT() NAMED_UNIT(*) SI_UNIT(.MILLI.,.METRE.) );
#7676 = ( NAMED_UNIT(*) PLANE_ANGLE_UNIT() SI_UNIT($,.RADIAN.) );
#7677 = ( NAMED_UNIT(*) SI_UNIT($,.STERADIAN.) SOLID_ANGLE_UNIT() );
#7678 = UNCERTAINTY_MEASURE_WITH_UNIT(LENGTH_MEASURE(1.E-07),#7675,
  'distance_accuracy_value','confusion accuracy');
#7679 = SHAPE_DEFINITION_REPRESENTATION(#7680,#7661);
#7680 = PRODUCT_DEFINITION_SHAPE('','',#7681);
#7681 = PRODUCT_DEFINITION('design','',#7682,#7685);
#7682 = PRODUCT_DEFINITION_FORMATION('','',#7683);
#7683 = PRODUCT('R10','R10','',(#7684));
#7684 = PRODUCT_CONTEXT('',#2,'mechanical');
#7685 = PRODUCT_DEFINITION_CONTEXT('part definition',#2,'design');
#7686 = CONTEXT_DEPENDENT_SHAPE_REPRESENTATION(#7687,#7689);
#7687 = ( REPRESENTATION_RELATIONSHIP('','',#7661,#10) 
REPRESENTATION_RELATIONSHIP_WITH_TRANSFORMATION(#7688) 
SHAPE_REPRESENTATION_RELATIONSHIP() );
#7688 = ITEM_DEFINED_TRANSFORMATION('','',#11,#863);
#7689 = PRODUCT_DEFINITION_SHAPE('Placement','Placement of an item',
  #7690);
#7690 = NEXT_ASSEMBLY_USAGE_OCCURRENCE('213','=>[0:1:1:214]','',#5,#7681
  ,$);
#7691 = PRODUCT_RELATED_PRODUCT_CATEGORY('part',$,(#7683));
#7692 = ADVANCED_BREP_SHAPE_REPRESENTATION('',(#11,#7693),#7705);
#7693 = MANIFOLD_SOLID_BREP('',#7694);
#7694 = CLOSED_SHELL('',(#7695));
#7695 = ADVANCED_FACE('',(#7696),#7700,.T.);
#7696 = FACE_BOUND('',#7697,.T.);
#7697 = VERTEX_LOOP('',#7698);
#7698 = VERTEX_POINT('',#7699);
#7699 = CARTESIAN_POINT('',(1.255262969126E-17,-3.074507554457E-33,
    -0.205));
#7700 = SPHERICAL_SURFACE('',#7701,0.205);
#7701 = AXIS2_PLACEMENT_3D('',#7702,#7703,#7704);
#7702 = CARTESIAN_POINT('',(0.,0.,0.));
#7703 = DIRECTION('',(0.,0.,1.));
#7704 = DIRECTION('',(1.,0.,-0.));
#7705 = ( GEOMETRIC_REPRESENTATION_CONTEXT(3) 
GLOBAL_UNCERTAINTY_ASSIGNED_CONTEXT((#7709)) 
GLOBAL_UNIT_ASSIGNED_CONTEXT((#7706,#7707,#7708)) REPRESENTATION_CONTEXT
('Context #1','3D Context with UNIT and UNCERTAINTY') );
#7706 = ( LENGTH_UNIT() NAMED_UNIT(*) SI_UNIT(.MILLI.,.METRE.) );
#7707 = ( NAMED_UNIT(*) PLANE_ANGLE_UNIT() SI_UNIT($,.RADIAN.) );
#7708 = ( NAMED_UNIT(*) SI_UNIT($,.STERADIAN.) SOLID_ANGLE_UNIT() );
#7709 = UNCERTAINTY_MEASURE_WITH_UNIT(LENGTH_MEASURE(1.E-07),#7706,
  'distance_accuracy_value','confusion accuracy');
#7710 = SHAPE_DEFINITION_REPRESENTATION(#7711,#7692);
#7711 = PRODUCT_DEFINITION_SHAPE('','',#7712);
#7712 = PRODUCT_DEFINITION('design','',#7713,#7716);
#7713 = PRODUCT_DEFINITION_FORMATION('','',#7714);
#7714 = PRODUCT('R12','R12','',(#7715));
#7715 = PRODUCT_CONTEXT('',#2,'mechanical');
#7716 = PRODUCT_DEFINITION_CONTEXT('part definition',#2,'design');
#7717 = CONTEXT_DEPENDENT_SHAPE_REPRESENTATION(#7718,#7720);
#7718 = ( REPRESENTATION_RELATIONSHIP('','',#7692,#10) 
REPRESENTATION_RELATIONSHIP_WITH_TRANSFORMATION(#7719) 
SHAPE_REPRESENTATION_RELATIONSHIP() );
#7719 = ITEM_DEFINED_TRANSFORMATION('','',#11,#867);
#7720 = PRODUCT_DEFINITION_SHAPE('Placement','Placement of an item',
  #7721);
#7721 = NEXT_ASSEMBLY_USAGE_OCCURRENCE('214','=>[0:1:1:215]','',#5,#7712
  ,$);
#7722 = PRODUCT_RELATED_PRODUCT_CATEGORY('part',$,(#7714));
#7723 = ADVANCED_BREP_SHAPE_REPRESENTATION('',(#11,#7724),#7736);
#7724 = MANIFOLD_SOLID_BREP('',#7725);
#7725 = CLOSED_SHELL('',(#7726));
#7726 = ADVANCED_FACE('',(#7727),#7731,.T.);
#7727 = FACE_BOUND('',#7728,.T.);
#7728 = VERTEX_LOOP('',#7729);
#7729 = VERTEX_POINT('',#7730);
#7730 = CARTESIAN_POINT('',(1.255262969126E-17,-3.074507554457E-33,
    -0.205));
#7731 = SPHERICAL_SURFACE('',#7732,0.205);
#7732 = AXIS2_PLACEMENT_3D('',#7733,#7734,#7735);
#7733 = CARTESIAN_POINT('',(0.,0.,0.));
#7734 = DIRECTION('',(0.,0.,1.));
#7735 = DIRECTION('',(1.,0.,-0.));
#7736 = ( GEOMETRIC_REPRESENTATION_CONTEXT(3) 
GLOBAL_UNCERTAINTY_ASSIGNED_CONTEXT((#7740)) 
GLOBAL_UNIT_ASSIGNED_CONTEXT((#7737,#7738,#7739)) REPRESENTATION_CONTEXT
('Context #1','3D Context with UNIT and UNCERTAINTY') );
#7737 = ( LENGTH_UNIT() NAMED_UNIT(*) SI_UNIT(.MILLI.,.METRE.) );
#7738 = ( NAMED_UNIT(*) PLANE_ANGLE_UNIT() SI_UNIT($,.RADIAN.) );
#7739 = ( NAMED_UNIT(*) SI_UNIT($,.STERADIAN.) SOLID_ANGLE_UNIT() );
#7740 = UNCERTAINTY_MEASURE_WITH_UNIT(LENGTH_MEASURE(1.E-07),#7737,
  'distance_accuracy_value','confusion accuracy');
#7741 = SHAPE_DEFINITION_REPRESENTATION(#7742,#7723);
#7742 = PRODUCT_DEFINITION_SHAPE('','',#7743);
#7743 = PRODUCT_DEFINITION('design','',#7744,#7747);
#7744 = PRODUCT_DEFINITION_FORMATION('','',#7745);
#7745 = PRODUCT('R14','R14','',(#7746));
#7746 = PRODUCT_CONTEXT('',#2,'mechanical');
#7747 = PRODUCT_DEFINITION_CONTEXT('part definition',#2,'design');
#7748 = CONTEXT_DEPENDENT_SHAPE_REPRESENTATION(#7749,#7751);
#7749 = ( REPRESENTATION_RELATIONSHIP('','',#7723,#10) 
REPRESENTATION_RELATIONSHIP_WITH_TRANSFORMATION(#7750) 
SHAPE_REPRESENTATION_RELATIONSHIP() );
#7750 = ITEM_DEFINED_TRANSFORMATION('','',#11,#871);
#7751 = PRODUCT_DEFINITION_SHAPE('Placement','Placement of an item',
  #7752);
#7752 = NEXT_ASSEMBLY_USAGE_OCCURRENCE('215','=>[0:1:1:216]','',#5,#7743
  ,$);
#7753 = PRODUCT_RELATED_PRODUCT_CATEGORY('part',$,(#7745));
#7754 = ADVANCED_BREP_SHAPE_REPRESENTATION('',(#11,#7755),#7767);
#7755 = MANIFOLD_SOLID_BREP('',#7756);
#7756 = CLOSED_SHELL('',(#7757));
#7757 = ADVANCED_FACE('',(#7758),#7762,.T.);
#7758 = FACE_BOUND('',#7759,.T.);
#7759 = VERTEX_LOOP('',#7760);
#7760 = VERTEX_POINT('',#7761);
#7761 = CARTESIAN_POINT('',(1.255262969126E-17,-3.074507554457E-33,
    -0.205));
#7762 = SPHERICAL_SURFACE('',#7763,0.205);
#7763 = AXIS2_PLACEMENT_3D('',#7764,#7765,#7766);
#7764 = CARTESIAN_POINT('',(0.,0.,0.));
#7765 = DIRECTION('',(0.,0.,1.));
#7766 = DIRECTION('',(1.,0.,-0.));
#7767 = ( GEOMETRIC_REPRESENTATION_CONTEXT(3) 
GLOBAL_UNCERTAINTY_ASSIGNED_CONTEXT((#7771)) 
GLOBAL_UNIT_ASSIGNED_CONTEXT((#7768,#7769,#7770)) REPRESENTATION_CONTEXT
('Context #1','3D Context with UNIT and UNCERTAINTY') );
#7768 = ( LENGTH_UNIT() NAMED_UNIT(*) SI_UNIT(.MILLI.,.METRE.) );
#7769 = ( NAMED_UNIT(*) PLANE_ANGLE_UNIT() SI_UNIT($,.RADIAN.) );
#7770 = ( NAMED_UNIT(*) SI_UNIT($,.STERADIAN.) SOLID_ANGLE_UNIT() );
#7771 = UNCERTAINTY_MEASURE_WITH_UNIT(LENGTH_MEASURE(1.E-07),#7768,
  'distance_accuracy_value','confusion accuracy');
#7772 = SHAPE_DEFINITION_REPRESENTATION(#7773,#7754);
#7773 = PRODUCT_DEFINITION_SHAPE('','',#7774);
#7774 = PRODUCT_DEFINITION('design','',#7775,#7778);
#7775 = PRODUCT_DEFINITION_FORMATION('','',#7776);
#7776 = PRODUCT('R15','R15','',(#7777));
#7777 = PRODUCT_CONTEXT('',#2,'mechanical');
#7778 = PRODUCT_DEFINITION_CONTEXT('part definition',#2,'design');
#7779 = CONTEXT_DEPENDENT_SHAPE_REPRESENTATION(#7780,#7782);
#7780 = ( REPRESENTATION_RELATIONSHIP('','',#7754,#10) 
REPRESENTATION_RELATIONSHIP_WITH_TRANSFORMATION(#7781) 
SHAPE_REPRESENTATION_RELATIONSHIP() );
#7781 = ITEM_DEFINED_TRANSFORMATION('','',#11,#875);
#7782 = PRODUCT_DEFINITION_SHAPE('Placement','Placement of an item',
  #7783);
#7783 = NEXT_ASSEMBLY_USAGE_OCCURRENCE('216','=>[0:1:1:217]','',#5,#7774
  ,$);
#7784 = PRODUCT_RELATED_PRODUCT_CATEGORY('part',$,(#7776));
#7785 = ADVANCED_BREP_SHAPE_REPRESENTATION('',(#11,#7786),#7798);
#7786 = MANIFOLD_SOLID_BREP('',#7787);
#7787 = CLOSED_SHELL('',(#7788));
#7788 = ADVANCED_FACE('',(#7789),#7793,.T.);
#7789 = FACE_BOUND('',#7790,.T.);
#7790 = VERTEX_LOOP('',#7791);
#7791 = VERTEX_POINT('',#7792);
#7792 = CARTESIAN_POINT('',(1.255262969126E-17,-3.074507554457E-33,
    -0.205));
#7793 = SPHERICAL_SURFACE('',#7794,0.205);
#7794 = AXIS2_PLACEMENT_3D('',#7795,#7796,#7797);
#7795 = CARTESIAN_POINT('',(0.,0.,0.));
#7796 = DIRECTION('',(0.,0.,1.));
#7797 = DIRECTION('',(1.,0.,-0.));
#7798 = ( GEOMETRIC_REPRESENTATION_CONTEXT(3) 
GLOBAL_UNCERTAINTY_ASSIGNED_CONTEXT((#7802)) 
GLOBAL_UNIT_ASSIGNED_CONTEXT((#7799,#7800,#7801)) REPRESENTATION_CONTEXT
('Context #1','3D Context with UNIT and UNCERTAINTY') );
#7799 = ( LENGTH_UNIT() NAMED_UNIT(*) SI_UNIT(.MILLI.,.METRE.) );
#7800 = ( NAMED_UNIT(*) PLANE_ANGLE_UNIT() SI_UNIT($,.RADIAN.) );
#7801 = ( NAMED_UNIT(*) SI_UNIT($,.STERADIAN.) SOLID_ANGLE_UNIT() );
#7802 = UNCERTAINTY_MEASURE_WITH_UNIT(LENGTH_MEASURE(1.E-07),#7799,
  'distance_accuracy_value','confusion accuracy');
#7803 = SHAPE_DEFINITION_REPRESENTATION(#7804,#7785);
#7804 = PRODUCT_DEFINITION_SHAPE('','',#7805);
#7805 = PRODUCT_DEFINITION('design','',#7806,#7809);
#7806 = PRODUCT_DEFINITION_FORMATION('','',#7807);
#7807 = PRODUCT('R17','R17','',(#7808));
#7808 = PRODUCT_CONTEXT('',#2,'mechanical');
#7809 = PRODUCT_DEFINITION_CONTEXT('part definition',#2,'design');
#7810 = CONTEXT_DEPENDENT_SHAPE_REPRESENTATION(#7811,#7813);
#7811 = ( REPRESENTATION_RELATIONSHIP('','',#7785,#10) 
REPRESENTATION_RELATIONSHIP_WITH_TRANSFORMATION(#7812) 
SHAPE_REPRESENTATION_RELATIONSHIP() );
#7812 = ITEM_DEFINED_TRANSFORMATION('','',#11,#879);
#7813 = PRODUCT_DEFINITION_SHAPE('Placement','Placement of an item',
  #7814);
#7814 = NEXT_ASSEMBLY_USAGE_OCCURRENCE('217','=>[0:1:1:218]','',#5,#7805
  ,$);
#7815 = PRODUCT_RELATED_PRODUCT_CATEGORY('part',$,(#7807));
#7816 = ADVANCED_BREP_SHAPE_REPRESENTATION('',(#11,#7817),#7829);
#7817 = MANIFOLD_SOLID_BREP('',#7818);
#7818 = CLOSED_SHELL('',(#7819));
#7819 = ADVANCED_FACE('',(#7820),#7824,.T.);
#7820 = FACE_BOUND('',#7821,.T.);
#7821 = VERTEX_LOOP('',#7822);
#7822 = VERTEX_POINT('',#7823);
#7823 = CARTESIAN_POINT('',(1.255262969126E-17,-3.074507554457E-33,
    -0.205));
#7824 = SPHERICAL_SURFACE('',#7825,0.205);
#7825 = AXIS2_PLACEMENT_3D('',#7826,#7827,#7828);
#7826 = CARTESIAN_POINT('',(0.,0.,0.));
#7827 = DIRECTION('',(0.,0.,1.));
#7828 = DIRECTION('',(1.,0.,-0.));
#7829 = ( GEOMETRIC_REPRESENTATION_CONTEXT(3) 
GLOBAL_UNCERTAINTY_ASSIGNED_CONTEXT((#7833)) 
GLOBAL_UNIT_ASSIGNED_CONTEXT((#7830,#7831,#7832)) REPRESENTATION_CONTEXT
('Context #1','3D Context with UNIT and UNCERTAINTY') );
#7830 = ( LENGTH_UNIT() NAMED_UNIT(*) SI_UNIT(.MILLI.,.METRE.) );
#7831 = ( NAMED_UNIT(*) PLANE_ANGLE_UNIT() SI_UNIT($,.RADIAN.) );
#7832 = ( NAMED_UNIT(*) SI_UNIT($,.STERADIAN.) SOLID_ANGLE_UNIT() );
#7833 = UNCERTAINTY_MEASURE_WITH_UNIT(LENGTH_MEASURE(1.E-07),#7830,
  'distance_accuracy_value','confusion accuracy');
#7834 = SHAPE_DEFINITION_REPRESENTATION(#7835,#7816);
#7835 = PRODUCT_DEFINITION_SHAPE('','',#7836);
#7836 = PRODUCT_DEFINITION('design','',#7837,#7840);
#7837 = PRODUCT_DEFINITION_FORMATION('','',#7838);
#7838 = PRODUCT('R18','R18','',(#7839));
#7839 = PRODUCT_CONTEXT('',#2,'mechanical');
#7840 = PRODUCT_DEFINITION_CONTEXT('part definition',#2,'design');
#7841 = CONTEXT_DEPENDENT_SHAPE_REPRESENTATION(#7842,#7844);
#7842 = ( REPRESENTATION_RELATIONSHIP('','',#7816,#10) 
REPRESENTATION_RELATIONSHIP_WITH_TRANSFORMATION(#7843) 
SHAPE_REPRESENTATION_RELATIONSHIP() );
#7843 = ITEM_DEFINED_TRANSFORMATION('','',#11,#883);
#7844 = PRODUCT_DEFINITION_SHAPE('Placement','Placement of an item',
  #7845);
#7845 = NEXT_ASSEMBLY_USAGE_OCCURRENCE('218','=>[0:1:1:219]','',#5,#7836
  ,$);
#7846 = PRODUCT_RELATED_PRODUCT_CATEGORY('part',$,(#7838));
#7847 = ADVANCED_BREP_SHAPE_REPRESENTATION('',(#11,#7848),#7860);
#7848 = MANIFOLD_SOLID_BREP('',#7849);
#7849 = CLOSED_SHELL('',(#7850));
#7850 = ADVANCED_FACE('',(#7851),#7855,.T.);
#7851 = FACE_BOUND('',#7852,.T.);
#7852 = VERTEX_LOOP('',#7853);
#7853 = VERTEX_POINT('',#7854);
#7854 = CARTESIAN_POINT('',(1.255262969126E-17,-3.074507554457E-33,
    -0.205));
#7855 = SPHERICAL_SURFACE('',#7856,0.205);
#7856 = AXIS2_PLACEMENT_3D('',#7857,#7858,#7859);
#7857 = CARTESIAN_POINT('',(0.,0.,0.));
#7858 = DIRECTION('',(0.,0.,1.));
#7859 = DIRECTION('',(1.,0.,-0.));
#7860 = ( GEOMETRIC_REPRESENTATION_CONTEXT(3) 
GLOBAL_UNCERTAINTY_ASSIGNED_CONTEXT((#7864)) 
GLOBAL_UNIT_ASSIGNED_CONTEXT((#7861,#7862,#7863)) REPRESENTATION_CONTEXT
('Context #1','3D Context with UNIT and UNCERTAINTY') );
#7861 = ( LENGTH_UNIT() NAMED_UNIT(*) SI_UNIT(.MILLI.,.METRE.) );
#7862 = ( NAMED_UNIT(*) PLANE_ANGLE_UNIT() SI_UNIT($,.RADIAN.) );
#7863 = ( NAMED_UNIT(*) SI_UNIT($,.STERADIAN.) SOLID_ANGLE_UNIT() );
#7864 = UNCERTAINTY_MEASURE_WITH_UNIT(LENGTH_MEASURE(1.E-07),#7861,
  'distance_accuracy_value','confusion accuracy');
#7865 = SHAPE_DEFINITION_REPRESENTATION(#7866,#7847);
#7866 = PRODUCT_DEFINITION_SHAPE('','',#7867);
#7867 = PRODUCT_DEFINITION('design','',#7868,#7871);
#7868 = PRODUCT_DEFINITION_FORMATION('','',#7869);
#7869 = PRODUCT('T1','T1','',(#7870));
#7870 = PRODUCT_CONTEXT('',#2,'mechanical');
#7871 = PRODUCT_DEFINITION_CONTEXT('part definition',#2,'design');
#7872 = CONTEXT_DEPENDENT_SHAPE_REPRESENTATION(#7873,#7875);
#7873 = ( REPRESENTATION_RELATIONSHIP('','',#7847,#10) 
REPRESENTATION_RELATIONSHIP_WITH_TRANSFORMATION(#7874) 
SHAPE_REPRESENTATION_RELATIONSHIP() );
#7874 = ITEM_DEFINED_TRANSFORMATION('','',#11,#887);
#7875 = PRODUCT_DEFINITION_SHAPE('Placement','Placement of an item',
  #7876);
#7876 = NEXT_ASSEMBLY_USAGE_OCCURRENCE('219','=>[0:1:1:220]','',#5,#7867
  ,$);
#7877 = PRODUCT_RELATED_PRODUCT_CATEGORY('part',$,(#7869));
#7878 = ADVANCED_BREP_SHAPE_REPRESENTATION('',(#11,#7879),#7891);
#7879 = MANIFOLD_SOLID_BREP('',#7880);
#7880 = CLOSED_SHELL('',(#7881));
#7881 = ADVANCED_FACE('',(#7882),#7886,.T.);
#7882 = FACE_BOUND('',#7883,.T.);
#7883 = VERTEX_LOOP('',#7884);
#7884 = VERTEX_POINT('',#7885);
#7885 = CARTESIAN_POINT('',(1.255262969126E-17,-3.074507554457E-33,
    -0.205));
#7886 = SPHERICAL_SURFACE('',#7887,0.205);
#7887 = AXIS2_PLACEMENT_3D('',#7888,#7889,#7890);
#7888 = CARTESIAN_POINT('',(0.,0.,0.));
#7889 = DIRECTION('',(0.,0.,1.));
#7890 = DIRECTION('',(1.,0.,-0.));
#7891 = ( GEOMETRIC_REPRESENTATION_CONTEXT(3) 
GLOBAL_UNCERTAINTY_ASSIGNED_CONTEXT((#7895)) 
GLOBAL_UNIT_ASSIGNED_CONTEXT((#7892,#7893,#7894)) REPRESENTATION_CONTEXT
('Context #1','3D Context with UNIT and UNCERTAINTY') );
#7892 = ( LENGTH_UNIT() NAMED_UNIT(*) SI_UNIT(.MILLI.,.METRE.) );
#7893 = ( NAMED_UNIT(*) PLANE_ANGLE_UNIT() SI_UNIT($,.RADIAN.) );
#7894 = ( NAMED_UNIT(*) SI_UNIT($,.STERADIAN.) SOLID_ANGLE_UNIT() );
#7895 = UNCERTAINTY_MEASURE_WITH_UNIT(LENGTH_MEASURE(1.E-07),#7892,
  'distance_accuracy_value','confusion accuracy');
#7896 = SHAPE_DEFINITION_REPRESENTATION(#7897,#7878);
#7897 = PRODUCT_DEFINITION_SHAPE('','',#7898);
#7898 = PRODUCT_DEFINITION('design','',#7899,#7902);
#7899 = PRODUCT_DEFINITION_FORMATION('','',#7900);
#7900 = PRODUCT('T2','T2','',(#7901));
#7901 = PRODUCT_CONTEXT('',#2,'mechanical');
#7902 = PRODUCT_DEFINITION_CONTEXT('part definition',#2,'design');
#7903 = CONTEXT_DEPENDENT_SHAPE_REPRESENTATION(#7904,#7906);
#7904 = ( REPRESENTATION_RELATIONSHIP('','',#7878,#10) 
REPRESENTATION_RELATIONSHIP_WITH_TRANSFORMATION(#7905) 
SHAPE_REPRESENTATION_RELATIONSHIP() );
#7905 = ITEM_DEFINED_TRANSFORMATION('','',#11,#891);
#7906 = PRODUCT_DEFINITION_SHAPE('Placement','Placement of an item',
  #7907);
#7907 = NEXT_ASSEMBLY_USAGE_OCCURRENCE('220','=>[0:1:1:221]','',#5,#7898
  ,$);
#7908 = PRODUCT_RELATED_PRODUCT_CATEGORY('part',$,(#7900));
#7909 = ADVANCED_BREP_SHAPE_REPRESENTATION('',(#11,#7910),#7922);
#7910 = MANIFOLD_SOLID_BREP('',#7911);
#7911 = CLOSED_SHELL('',(#7912));
#7912 = ADVANCED_FACE('',(#7913),#7917,.T.);
#7913 = FACE_BOUND('',#7914,.T.);
#7914 = VERTEX_LOOP('',#7915);
#7915 = VERTEX_POINT('',#7916);
#7916 = CARTESIAN_POINT('',(1.255262969126E-17,-3.074507554457E-33,
    -0.205));
#7917 = SPHERICAL_SURFACE('',#7918,0.205);
#7918 = AXIS2_PLACEMENT_3D('',#7919,#7920,#7921);
#7919 = CARTESIAN_POINT('',(0.,0.,0.));
#7920 = DIRECTION('',(0.,0.,1.));
#7921 = DIRECTION('',(1.,0.,-0.));
#7922 = ( GEOMETRIC_REPRESENTATION_CONTEXT(3) 
GLOBAL_UNCERTAINTY_ASSIGNED_CONTEXT((#7926)) 
GLOBAL_UNIT_ASSIGNED_CONTEXT((#7923,#7924,#7925)) REPRESENTATION_CONTEXT
('Context #1','3D Context with UNIT and UNCERTAINTY') );
#7923 = ( LENGTH_UNIT() NAMED_UNIT(*) SI_UNIT(.MILLI.,.METRE.) );
#7924 = ( NAMED_UNIT(*) PLANE_ANGLE_UNIT() SI_UNIT($,.RADIAN.) );
#7925 = ( NAMED_UNIT(*) SI_UNIT($,.STERADIAN.) SOLID_ANGLE_UNIT() );
#7926 = UNCERTAINTY_MEASURE_WITH_UNIT(LENGTH_MEASURE(1.E-07),#7923,
  'distance_accuracy_value','confusion accuracy');
#7927 = SHAPE_DEFINITION_REPRESENTATION(#7928,#7909);
#7928 = PRODUCT_DEFINITION_SHAPE('','',#7929);
#7929 = PRODUCT_DEFINITION('design','',#7930,#7933);
#7930 = PRODUCT_DEFINITION_FORMATION('','',#7931);
#7931 = PRODUCT('T3','T3','',(#7932));
#7932 = PRODUCT_CONTEXT('',#2,'mechanical');
#7933 = PRODUCT_DEFINITION_CONTEXT('part definition',#2,'design');
#7934 = CONTEXT_DEPENDENT_SHAPE_REPRESENTATION(#7935,#7937);
#7935 = ( REPRESENTATION_RELATIONSHIP('','',#7909,#10) 
REPRESENTATION_RELATIONSHIP_WITH_TRANSFORMATION(#7936) 
SHAPE_REPRESENTATION_RELATIONSHIP() );
#7936 = ITEM_DEFINED_TRANSFORMATION('','',#11,#895);
#7937 = PRODUCT_DEFINITION_SHAPE('Placement','Placement of an item',
  #7938);
#7938 = NEXT_ASSEMBLY_USAGE_OCCURRENCE('221','=>[0:1:1:222]','',#5,#7929
  ,$);
#7939 = PRODUCT_RELATED_PRODUCT_CATEGORY('part',$,(#7931));
#7940 = ADVANCED_BREP_SHAPE_REPRESENTATION('',(#11,#7941),#7953);
#7941 = MANIFOLD_SOLID_BREP('',#7942);
#7942 = CLOSED_SHELL('',(#7943));
#7943 = ADVANCED_FACE('',(#7944),#7948,.T.);
#7944 = FACE_BOUND('',#7945,.T.);
#7945 = VERTEX_LOOP('',#7946);
#7946 = VERTEX_POINT('',#7947);
#7947 = CARTESIAN_POINT('',(1.255262969126E-17,-3.074507554457E-33,
    -0.205));
#7948 = SPHERICAL_SURFACE('',#7949,0.205);
#7949 = AXIS2_PLACEMENT_3D('',#7950,#7951,#7952);
#7950 = CARTESIAN_POINT('',(0.,0.,0.));
#7951 = DIRECTION('',(0.,0.,1.));
#7952 = DIRECTION('',(1.,0.,-0.));
#7953 = ( GEOMETRIC_REPRESENTATION_CONTEXT(3) 
GLOBAL_UNCERTAINTY_ASSIGNED_CONTEXT((#7957)) 
GLOBAL_UNIT_ASSIGNED_CONTEXT((#7954,#7955,#7956)) REPRESENTATION_CONTEXT
('Context #1','3D Context with UNIT and UNCERTAINTY') );
#7954 = ( LENGTH_UNIT() NAMED_UNIT(*) SI_UNIT(.MILLI.,.METRE.) );
#7955 = ( NAMED_UNIT(*) PLANE_ANGLE_UNIT() SI_UNIT($,.RADIAN.) );
#7956 = ( NAMED_UNIT(*) SI_UNIT($,.STERADIAN.) SOLID_ANGLE_UNIT() );
#7957 = UNCERTAINTY_MEASURE_WITH_UNIT(LENGTH_MEASURE(1.E-07),#7954,
  'distance_accuracy_value','confusion accuracy');
#7958 = SHAPE_DEFINITION_REPRESENTATION(#7959,#7940);
#7959 = PRODUCT_DEFINITION_SHAPE('','',#7960);
#7960 = PRODUCT_DEFINITION('design','',#7961,#7964);
#7961 = PRODUCT_DEFINITION_FORMATION('','',#7962);
#7962 = PRODUCT('T5','T5','',(#7963));
#7963 = PRODUCT_CONTEXT('',#2,'mechanical');
#7964 = PRODUCT_DEFINITION_CONTEXT('part definition',#2,'design');
#7965 = CONTEXT_DEPENDENT_SHAPE_REPRESENTATION(#7966,#7968);
#7966 = ( REPRESENTATION_RELATIONSHIP('','',#7940,#10) 
REPRESENTATION_RELATIONSHIP_WITH_TRANSFORMATION(#7967) 
SHAPE_REPRESENTATION_RELATIONSHIP() );
#7967 = ITEM_DEFINED_TRANSFORMATION('','',#11,#899);
#7968 = PRODUCT_DEFINITION_SHAPE('Placement','Placement of an item',
  #7969);
#7969 = NEXT_ASSEMBLY_USAGE_OCCURRENCE('222','=>[0:1:1:223]','',#5,#7960
  ,$);
#7970 = PRODUCT_RELATED_PRODUCT_CATEGORY('part',$,(#7962));
#7971 = ADVANCED_BREP_SHAPE_REPRESENTATION('',(#11,#7972),#7984);
#7972 = MANIFOLD_SOLID_BREP('',#7973);
#7973 = CLOSED_SHELL('',(#7974));
#7974 = ADVANCED_FACE('',(#7975),#7979,.T.);
#7975 = FACE_BOUND('',#7976,.T.);
#7976 = VERTEX_LOOP('',#7977);
#7977 = VERTEX_POINT('',#7978);
#7978 = CARTESIAN_POINT('',(1.255262969126E-17,-3.074507554457E-33,
    -0.205));
#7979 = SPHERICAL_SURFACE('',#7980,0.205);
#7980 = AXIS2_PLACEMENT_3D('',#7981,#7982,#7983);
#7981 = CARTESIAN_POINT('',(0.,0.,0.));
#7982 = DIRECTION('',(0.,0.,1.));
#7983 = DIRECTION('',(1.,0.,-0.));
#7984 = ( GEOMETRIC_REPRESENTATION_CONTEXT(3) 
GLOBAL_UNCERTAINTY_ASSIGNED_CONTEXT((#7988)) 
GLOBAL_UNIT_ASSIGNED_CONTEXT((#7985,#7986,#7987)) REPRESENTATION_CONTEXT
('Context #1','3D Context with UNIT and UNCERTAINTY') );
#7985 = ( LENGTH_UNIT() NAMED_UNIT(*) SI_UNIT(.MILLI.,.METRE.) );
#7986 = ( NAMED_UNIT(*) PLANE_ANGLE_UNIT() SI_UNIT($,.RADIAN.) );
#7987 = ( NAMED_UNIT(*) SI_UNIT($,.STERADIAN.) SOLID_ANGLE_UNIT() );
#7988 = UNCERTAINTY_MEASURE_WITH_UNIT(LENGTH_MEASURE(1.E-07),#7985,
  'distance_accuracy_value','confusion accuracy');
#7989 = SHAPE_DEFINITION_REPRESENTATION(#7990,#7971);
#7990 = PRODUCT_DEFINITION_SHAPE('','',#7991);
#7991 = PRODUCT_DEFINITION('design','',#7992,#7995);
#7992 = PRODUCT_DEFINITION_FORMATION('','',#7993);
#7993 = PRODUCT('T7','T7','',(#7994));
#7994 = PRODUCT_CONTEXT('',#2,'mechanical');
#7995 = PRODUCT_DEFINITION_CONTEXT('part definition',#2,'design');
#7996 = CONTEXT_DEPENDENT_SHAPE_REPRESENTATION(#7997,#7999);
#7997 = ( REPRESENTATION_RELATIONSHIP('','',#7971,#10) 
REPRESENTATION_RELATIONSHIP_WITH_TRANSFORMATION(#7998) 
SHAPE_REPRESENTATION_RELATIONSHIP() );
#7998 = ITEM_DEFINED_TRANSFORMATION('','',#11,#903);
#7999 = PRODUCT_DEFINITION_SHAPE('Placement','Placement of an item',
  #8000);
#8000 = NEXT_ASSEMBLY_USAGE_OCCURRENCE('223','=>[0:1:1:224]','',#5,#7991
  ,$);
#8001 = PRODUCT_RELATED_PRODUCT_CATEGORY('part',$,(#7993));
#8002 = ADVANCED_BREP_SHAPE_REPRESENTATION('',(#11,#8003),#8015);
#8003 = MANIFOLD_SOLID_BREP('',#8004);
#8004 = CLOSED_SHELL('',(#8005));
#8005 = ADVANCED_FACE('',(#8006),#8010,.T.);
#8006 = FACE_BOUND('',#8007,.T.);
#8007 = VERTEX_LOOP('',#8008);
#8008 = VERTEX_POINT('',#8009);
#8009 = CARTESIAN_POINT('',(1.255262969126E-17,-3.074507554457E-33,
    -0.205));
#8010 = SPHERICAL_SURFACE('',#8011,0.205);
#8011 = AXIS2_PLACEMENT_3D('',#8012,#8013,#8014);
#8012 = CARTESIAN_POINT('',(0.,0.,0.));
#8013 = DIRECTION('',(0.,0.,1.));
#8014 = DIRECTION('',(1.,0.,-0.));
#8015 = ( GEOMETRIC_REPRESENTATION_CONTEXT(3) 
GLOBAL_UNCERTAINTY_ASSIGNED_CONTEXT((#8019)) 
GLOBAL_UNIT_ASSIGNED_CONTEXT((#8016,#8017,#8018)) REPRESENTATION_CONTEXT
('Context #1','3D Context with UNIT and UNCERTAINTY') );
#8016 = ( LENGTH_UNIT() NAMED_UNIT(*) SI_UNIT(.MILLI.,.METRE.) );
#8017 = ( NAMED_UNIT(*) PLANE_ANGLE_UNIT() SI_UNIT($,.RADIAN.) );
#8018 = ( NAMED_UNIT(*) SI_UNIT($,.STERADIAN.) SOLID_ANGLE_UNIT() );
#8019 = UNCERTAINTY_MEASURE_WITH_UNIT(LENGTH_MEASURE(1.E-07),#8016,
  'distance_accuracy_value','confusion accuracy');
#8020 = SHAPE_DEFINITION_REPRESENTATION(#8021,#8002);
#8021 = PRODUCT_DEFINITION_SHAPE('','',#8022);
#8022 = PRODUCT_DEFINITION('design','',#8023,#8026);
#8023 = PRODUCT_DEFINITION_FORMATION('','',#8024);
#8024 = PRODUCT('T9','T9','',(#8025));
#8025 = PRODUCT_CONTEXT('',#2,'mechanical');
#8026 = PRODUCT_DEFINITION_CONTEXT('part definition',#2,'design');
#8027 = CONTEXT_DEPENDENT_SHAPE_REPRESENTATION(#8028,#8030);
#8028 = ( REPRESENTATION_RELATIONSHIP('','',#8002,#10) 
REPRESENTATION_RELATIONSHIP_WITH_TRANSFORMATION(#8029) 
SHAPE_REPRESENTATION_RELATIONSHIP() );
#8029 = ITEM_DEFINED_TRANSFORMATION('','',#11,#907);
#8030 = PRODUCT_DEFINITION_SHAPE('Placement','Placement of an item',
  #8031);
#8031 = NEXT_ASSEMBLY_USAGE_OCCURRENCE('224','=>[0:1:1:225]','',#5,#8022
  ,$);
#8032 = PRODUCT_RELATED_PRODUCT_CATEGORY('part',$,(#8024));
#8033 = ADVANCED_BREP_SHAPE_REPRESENTATION('',(#11,#8034),#8046);
#8034 = MANIFOLD_SOLID_BREP('',#8035);
#8035 = CLOSED_SHELL('',(#8036));
#8036 = ADVANCED_FACE('',(#8037),#8041,.T.);
#8037 = FACE_BOUND('',#8038,.T.);
#8038 = VERTEX_LOOP('',#8039);
#8039 = VERTEX_POINT('',#8040);
#8040 = CARTESIAN_POINT('',(1.255262969126E-17,-3.074507554457E-33,
    -0.205));
#8041 = SPHERICAL_SURFACE('',#8042,0.205);
#8042 = AXIS2_PLACEMENT_3D('',#8043,#8044,#8045);
#8043 = CARTESIAN_POINT('',(0.,0.,0.));
#8044 = DIRECTION('',(0.,0.,1.));
#8045 = DIRECTION('',(1.,0.,-0.));
#8046 = ( GEOMETRIC_REPRESENTATION_CONTEXT(3) 
GLOBAL_UNCERTAINTY_ASSIGNED_CONTEXT((#8050)) 
GLOBAL_UNIT_ASSIGNED_CONTEXT((#8047,#8048,#8049)) REPRESENTATION_CONTEXT
('Context #1','3D Context with UNIT and UNCERTAINTY') );
#8047 = ( LENGTH_UNIT() NAMED_UNIT(*) SI_UNIT(.MILLI.,.METRE.) );
#8048 = ( NAMED_UNIT(*) PLANE_ANGLE_UNIT() SI_UNIT($,.RADIAN.) );
#8049 = ( NAMED_UNIT(*) SI_UNIT($,.STERADIAN.) SOLID_ANGLE_UNIT() );
#8050 = UNCERTAINTY_MEASURE_WITH_UNIT(LENGTH_MEASURE(1.E-07),#8047,
  'distance_accuracy_value','confusion accuracy');
#8051 = SHAPE_DEFINITION_REPRESENTATION(#8052,#8033);
#8052 = PRODUCT_DEFINITION_SHAPE('','',#8053);
#8053 = PRODUCT_DEFINITION('design','',#8054,#8057);
#8054 = PRODUCT_DEFINITION_FORMATION('','',#8055);
#8055 = PRODUCT('T11','T11','',(#8056));
#8056 = PRODUCT_CONTEXT('',#2,'mechanical');
#8057 = PRODUCT_DEFINITION_CONTEXT('part definition',#2,'design');
#8058 = CONTEXT_DEPENDENT_SHAPE_REPRESENTATION(#8059,#8061);
#8059 = ( REPRESENTATION_RELATIONSHIP('','',#8033,#10) 
REPRESENTATION_RELATIONSHIP_WITH_TRANSFORMATION(#8060) 
SHAPE_REPRESENTATION_RELATIONSHIP() );
#8060 = ITEM_DEFINED_TRANSFORMATION('','',#11,#911);
#8061 = PRODUCT_DEFINITION_SHAPE('Placement','Placement of an item',
  #8062);
#8062 = NEXT_ASSEMBLY_USAGE_OCCURRENCE('225','=>[0:1:1:226]','',#5,#8053
  ,$);
#8063 = PRODUCT_RELATED_PRODUCT_CATEGORY('part',$,(#8055));
#8064 = ADVANCED_BREP_SHAPE_REPRESENTATION('',(#11,#8065),#8077);
#8065 = MANIFOLD_SOLID_BREP('',#8066);
#8066 = CLOSED_SHELL('',(#8067));
#8067 = ADVANCED_FACE('',(#8068),#8072,.T.);
#8068 = FACE_BOUND('',#8069,.T.);
#8069 = VERTEX_LOOP('',#8070);
#8070 = VERTEX_POINT('',#8071);
#8071 = CARTESIAN_POINT('',(1.255262969126E-17,-3.074507554457E-33,
    -0.205));
#8072 = SPHERICAL_SURFACE('',#8073,0.205);
#8073 = AXIS2_PLACEMENT_3D('',#8074,#8075,#8076);
#8074 = CARTESIAN_POINT('',(0.,0.,0.));
#8075 = DIRECTION('',(0.,0.,1.));
#8076 = DIRECTION('',(1.,0.,-0.));
#8077 = ( GEOMETRIC_REPRESENTATION_CONTEXT(3) 
GLOBAL_UNCERTAINTY_ASSIGNED_CONTEXT((#8081)) 
GLOBAL_UNIT_ASSIGNED_CONTEXT((#8078,#8079,#8080)) REPRESENTATION_CONTEXT
('Context #1','3D Context with UNIT and UNCERTAINTY') );
#8078 = ( LENGTH_UNIT() NAMED_UNIT(*) SI_UNIT(.MILLI.,.METRE.) );
#8079 = ( NAMED_UNIT(*) PLANE_ANGLE_UNIT() SI_UNIT($,.RADIAN.) );
#8080 = ( NAMED_UNIT(*) SI_UNIT($,.STERADIAN.) SOLID_ANGLE_UNIT() );
#8081 = UNCERTAINTY_MEASURE_WITH_UNIT(LENGTH_MEASURE(1.E-07),#8078,
  'distance_accuracy_value','confusion accuracy');
#8082 = SHAPE_DEFINITION_REPRESENTATION(#8083,#8064);
#8083 = PRODUCT_DEFINITION_SHAPE('','',#8084);
#8084 = PRODUCT_DEFINITION('design','',#8085,#8088);
#8085 = PRODUCT_DEFINITION_FORMATION('','',#8086);
#8086 = PRODUCT('T13','T13','',(#8087));
#8087 = PRODUCT_CONTEXT('',#2,'mechanical');
#8088 = PRODUCT_DEFINITION_CONTEXT('part definition',#2,'design');
#8089 = CONTEXT_DEPENDENT_SHAPE_REPRESENTATION(#8090,#8092);
#8090 = ( REPRESENTATION_RELATIONSHIP('','',#8064,#10) 
REPRESENTATION_RELATIONSHIP_WITH_TRANSFORMATION(#8091) 
SHAPE_REPRESENTATION_RELATIONSHIP() );
#8091 = ITEM_DEFINED_TRANSFORMATION('','',#11,#915);
#8092 = PRODUCT_DEFINITION_SHAPE('Placement','Placement of an item',
  #8093);
#8093 = NEXT_ASSEMBLY_USAGE_OCCURRENCE('226','=>[0:1:1:227]','',#5,#8084
  ,$);
#8094 = PRODUCT_RELATED_PRODUCT_CATEGORY('part',$,(#8086));
#8095 = ADVANCED_BREP_SHAPE_REPRESENTATION('',(#11,#8096),#8108);
#8096 = MANIFOLD_SOLID_BREP('',#8097);
#8097 = CLOSED_SHELL('',(#8098));
#8098 = ADVANCED_FACE('',(#8099),#8103,.T.);
#8099 = FACE_BOUND('',#8100,.T.);
#8100 = VERTEX_LOOP('',#8101);
#8101 = VERTEX_POINT('',#8102);
#8102 = CARTESIAN_POINT('',(1.255262969126E-17,-3.074507554457E-33,
    -0.205));
#8103 = SPHERICAL_SURFACE('',#8104,0.205);
#8104 = AXIS2_PLACEMENT_3D('',#8105,#8106,#8107);
#8105 = CARTESIAN_POINT('',(0.,0.,0.));
#8106 = DIRECTION('',(0.,0.,1.));
#8107 = DIRECTION('',(1.,0.,-0.));
#8108 = ( GEOMETRIC_REPRESENTATION_CONTEXT(3) 
GLOBAL_UNCERTAINTY_ASSIGNED_CONTEXT((#8112)) 
GLOBAL_UNIT_ASSIGNED_CONTEXT((#8109,#8110,#8111)) REPRESENTATION_CONTEXT
('Context #1','3D Context with UNIT and UNCERTAINTY') );
#8109 = ( LENGTH_UNIT() NAMED_UNIT(*) SI_UNIT(.MILLI.,.METRE.) );
#8110 = ( NAMED_UNIT(*) PLANE_ANGLE_UNIT() SI_UNIT($,.RADIAN.) );
#8111 = ( NAMED_UNIT(*) SI_UNIT($,.STERADIAN.) SOLID_ANGLE_UNIT() );
#8112 = UNCERTAINTY_MEASURE_WITH_UNIT(LENGTH_MEASURE(1.E-07),#8109,
  'distance_accuracy_value','confusion accuracy');
#8113 = SHAPE_DEFINITION_REPRESENTATION(#8114,#8095);
#8114 = PRODUCT_DEFINITION_SHAPE('','',#8115);
#8115 = PRODUCT_DEFINITION('design','',#8116,#8119);
#8116 = PRODUCT_DEFINITION_FORMATION('','',#8117);
#8117 = PRODUCT('T15','T15','',(#8118));
#8118 = PRODUCT_CONTEXT('',#2,'mechanical');
#8119 = PRODUCT_DEFINITION_CONTEXT('part definition',#2,'design');
#8120 = CONTEXT_DEPENDENT_SHAPE_REPRESENTATION(#8121,#8123);
#8121 = ( REPRESENTATION_RELATIONSHIP('','',#8095,#10) 
REPRESENTATION_RELATIONSHIP_WITH_TRANSFORMATION(#8122) 
SHAPE_REPRESENTATION_RELATIONSHIP() );
#8122 = ITEM_DEFINED_TRANSFORMATION('','',#11,#919);
#8123 = PRODUCT_DEFINITION_SHAPE('Placement','Placement of an item',
  #8124);
#8124 = NEXT_ASSEMBLY_USAGE_OCCURRENCE('227','=>[0:1:1:228]','',#5,#8115
  ,$);
#8125 = PRODUCT_RELATED_PRODUCT_CATEGORY('part',$,(#8117));
#8126 = ADVANCED_BREP_SHAPE_REPRESENTATION('',(#11,#8127),#8139);
#8127 = MANIFOLD_SOLID_BREP('',#8128);
#8128 = CLOSED_SHELL('',(#8129));
#8129 = ADVANCED_FACE('',(#8130),#8134,.T.);
#8130 = FACE_BOUND('',#8131,.T.);
#8131 = VERTEX_LOOP('',#8132);
#8132 = VERTEX_POINT('',#8133);
#8133 = CARTESIAN_POINT('',(1.255262969126E-17,-3.074507554457E-33,
    -0.205));
#8134 = SPHERICAL_SURFACE('',#8135,0.205);
#8135 = AXIS2_PLACEMENT_3D('',#8136,#8137,#8138);
#8136 = CARTESIAN_POINT('',(0.,0.,0.));
#8137 = DIRECTION('',(0.,0.,1.));
#8138 = DIRECTION('',(1.,0.,-0.));
#8139 = ( GEOMETRIC_REPRESENTATION_CONTEXT(3) 
GLOBAL_UNCERTAINTY_ASSIGNED_CONTEXT((#8143)) 
GLOBAL_UNIT_ASSIGNED_CONTEXT((#8140,#8141,#8142)) REPRESENTATION_CONTEXT
('Context #1','3D Context with UNIT and UNCERTAINTY') );
#8140 = ( LENGTH_UNIT() NAMED_UNIT(*) SI_UNIT(.MILLI.,.METRE.) );
#8141 = ( NAMED_UNIT(*) PLANE_ANGLE_UNIT() SI_UNIT($,.RADIAN.) );
#8142 = ( NAMED_UNIT(*) SI_UNIT($,.STERADIAN.) SOLID_ANGLE_UNIT() );
#8143 = UNCERTAINTY_MEASURE_WITH_UNIT(LENGTH_MEASURE(1.E-07),#8140,
  'distance_accuracy_value','confusion accuracy');
#8144 = SHAPE_DEFINITION_REPRESENTATION(#8145,#8126);
#8145 = PRODUCT_DEFINITION_SHAPE('','',#8146);
#8146 = PRODUCT_DEFINITION('design','',#8147,#8150);
#8147 = PRODUCT_DEFINITION_FORMATION('','',#8148);
#8148 = PRODUCT('T16','T16','',(#8149));
#8149 = PRODUCT_CONTEXT('',#2,'mechanical');
#8150 = PRODUCT_DEFINITION_CONTEXT('part definition',#2,'design');
#8151 = CONTEXT_DEPENDENT_SHAPE_REPRESENTATION(#8152,#8154);
#8152 = ( REPRESENTATION_RELATIONSHIP('','',#8126,#10) 
REPRESENTATION_RELATIONSHIP_WITH_TRANSFORMATION(#8153) 
SHAPE_REPRESENTATION_RELATIONSHIP() );
#8153 = ITEM_DEFINED_TRANSFORMATION('','',#11,#923);
#8154 = PRODUCT_DEFINITION_SHAPE('Placement','Placement of an item',
  #8155);
#8155 = NEXT_ASSEMBLY_USAGE_OCCURRENCE('228','=>[0:1:1:229]','',#5,#8146
  ,$);
#8156 = PRODUCT_RELATED_PRODUCT_CATEGORY('part',$,(#8148));
#8157 = ADVANCED_BREP_SHAPE_REPRESENTATION('',(#11,#8158),#8170);
#8158 = MANIFOLD_SOLID_BREP('',#8159);
#8159 = CLOSED_SHELL('',(#8160));
#8160 = ADVANCED_FACE('',(#8161),#8165,.T.);
#8161 = FACE_BOUND('',#8162,.T.);
#8162 = VERTEX_LOOP('',#8163);
#8163 = VERTEX_POINT('',#8164);
#8164 = CARTESIAN_POINT('',(1.255262969126E-17,-3.074507554457E-33,
    -0.205));
#8165 = SPHERICAL_SURFACE('',#8166,0.205);
#8166 = AXIS2_PLACEMENT_3D('',#8167,#8168,#8169);
#8167 = CARTESIAN_POINT('',(0.,0.,0.));
#8168 = DIRECTION('',(0.,0.,1.));
#8169 = DIRECTION('',(1.,0.,-0.));
#8170 = ( GEOMETRIC_REPRESENTATION_CONTEXT(3) 
GLOBAL_UNCERTAINTY_ASSIGNED_CONTEXT((#8174)) 
GLOBAL_UNIT_ASSIGNED_CONTEXT((#8171,#8172,#8173)) REPRESENTATION_CONTEXT
('Context #1','3D Context with UNIT and UNCERTAINTY') );
#8171 = ( LENGTH_UNIT() NAMED_UNIT(*) SI_UNIT(.MILLI.,.METRE.) );
#8172 = ( NAMED_UNIT(*) PLANE_ANGLE_UNIT() SI_UNIT($,.RADIAN.) );
#8173 = ( NAMED_UNIT(*) SI_UNIT($,.STERADIAN.) SOLID_ANGLE_UNIT() );
#8174 = UNCERTAINTY_MEASURE_WITH_UNIT(LENGTH_MEASURE(1.E-07),#8171,
  'distance_accuracy_value','confusion accuracy');
#8175 = SHAPE_DEFINITION_REPRESENTATION(#8176,#8157);
#8176 = PRODUCT_DEFINITION_SHAPE('','',#8177);
#8177 = PRODUCT_DEFINITION('design','',#8178,#8181);
#8178 = PRODUCT_DEFINITION_FORMATION('','',#8179);
#8179 = PRODUCT('T17','T17','',(#8180));
#8180 = PRODUCT_CONTEXT('',#2,'mechanical');
#8181 = PRODUCT_DEFINITION_CONTEXT('part definition',#2,'design');
#8182 = CONTEXT_DEPENDENT_SHAPE_REPRESENTATION(#8183,#8185);
#8183 = ( REPRESENTATION_RELATIONSHIP('','',#8157,#10) 
REPRESENTATION_RELATIONSHIP_WITH_TRANSFORMATION(#8184) 
SHAPE_REPRESENTATION_RELATIONSHIP() );
#8184 = ITEM_DEFINED_TRANSFORMATION('','',#11,#927);
#8185 = PRODUCT_DEFINITION_SHAPE('Placement','Placement of an item',
  #8186);
#8186 = NEXT_ASSEMBLY_USAGE_OCCURRENCE('229','=>[0:1:1:230]','',#5,#8177
  ,$);
#8187 = PRODUCT_RELATED_PRODUCT_CATEGORY('part',$,(#8179));
#8188 = ADVANCED_BREP_SHAPE_REPRESENTATION('',(#11,#8189),#8201);
#8189 = MANIFOLD_SOLID_BREP('',#8190);
#8190 = CLOSED_SHELL('',(#8191));
#8191 = ADVANCED_FACE('',(#8192),#8196,.T.);
#8192 = FACE_BOUND('',#8193,.T.);
#8193 = VERTEX_LOOP('',#8194);
#8194 = VERTEX_POINT('',#8195);
#8195 = CARTESIAN_POINT('',(1.255262969126E-17,-3.074507554457E-33,
    -0.205));
#8196 = SPHERICAL_SURFACE('',#8197,0.205);
#8197 = AXIS2_PLACEMENT_3D('',#8198,#8199,#8200);
#8198 = CARTESIAN_POINT('',(0.,0.,0.));
#8199 = DIRECTION('',(0.,0.,1.));
#8200 = DIRECTION('',(1.,0.,-0.));
#8201 = ( GEOMETRIC_REPRESENTATION_CONTEXT(3) 
GLOBAL_UNCERTAINTY_ASSIGNED_CONTEXT((#8205)) 
GLOBAL_UNIT_ASSIGNED_CONTEXT((#8202,#8203,#8204)) REPRESENTATION_CONTEXT
('Context #1','3D Context with UNIT and UNCERTAINTY') );
#8202 = ( LENGTH_UNIT() NAMED_UNIT(*) SI_UNIT(.MILLI.,.METRE.) );
#8203 = ( NAMED_UNIT(*) PLANE_ANGLE_UNIT() SI_UNIT($,.RADIAN.) );
#8204 = ( NAMED_UNIT(*) SI_UNIT($,.STERADIAN.) SOLID_ANGLE_UNIT() );
#8205 = UNCERTAINTY_MEASURE_WITH_UNIT(LENGTH_MEASURE(1.E-07),#8202,
  'distance_accuracy_value','confusion accuracy');
#8206 = SHAPE_DEFINITION_REPRESENTATION(#8207,#8188);
#8207 = PRODUCT_DEFINITION_SHAPE('','',#8208);
#8208 = PRODUCT_DEFINITION('design','',#8209,#8212);
#8209 = PRODUCT_DEFINITION_FORMATION('','',#8210);
#8210 = PRODUCT('T18','T18','',(#8211));
#8211 = PRODUCT_CONTEXT('',#2,'mechanical');
#8212 = PRODUCT_DEFINITION_CONTEXT('part definition',#2,'design');
#8213 = CONTEXT_DEPENDENT_SHAPE_REPRESENTATION(#8214,#8216);
#8214 = ( REPRESENTATION_RELATIONSHIP('','',#8188,#10) 
REPRESENTATION_RELATIONSHIP_WITH_TRANSFORMATION(#8215) 
SHAPE_REPRESENTATION_RELATIONSHIP() );
#8215 = ITEM_DEFINED_TRANSFORMATION('','',#11,#931);
#8216 = PRODUCT_DEFINITION_SHAPE('Placement','Placement of an item',
  #8217);
#8217 = NEXT_ASSEMBLY_USAGE_OCCURRENCE('230','=>[0:1:1:231]','',#5,#8208
  ,$);
#8218 = PRODUCT_RELATED_PRODUCT_CATEGORY('part',$,(#8210));
#8219 = ADVANCED_BREP_SHAPE_REPRESENTATION('',(#11,#8220),#8232);
#8220 = MANIFOLD_SOLID_BREP('',#8221);
#8221 = CLOSED_SHELL('',(#8222));
#8222 = ADVANCED_FACE('',(#8223),#8227,.T.);
#8223 = FACE_BOUND('',#8224,.T.);
#8224 = VERTEX_LOOP('',#8225);
#8225 = VERTEX_POINT('',#8226);
#8226 = CARTESIAN_POINT('',(1.255262969126E-17,-3.074507554457E-33,
    -0.205));
#8227 = SPHERICAL_SURFACE('',#8228,0.205);
#8228 = AXIS2_PLACEMENT_3D('',#8229,#8230,#8231);
#8229 = CARTESIAN_POINT('',(0.,0.,0.));
#8230 = DIRECTION('',(0.,0.,1.));
#8231 = DIRECTION('',(1.,0.,-0.));
#8232 = ( GEOMETRIC_REPRESENTATION_CONTEXT(3) 
GLOBAL_UNCERTAINTY_ASSIGNED_CONTEXT((#8236)) 
GLOBAL_UNIT_ASSIGNED_CONTEXT((#8233,#8234,#8235)) REPRESENTATION_CONTEXT
('Context #1','3D Context with UNIT and UNCERTAINTY') );
#8233 = ( LENGTH_UNIT() NAMED_UNIT(*) SI_UNIT(.MILLI.,.METRE.) );
#8234 = ( NAMED_UNIT(*) PLANE_ANGLE_UNIT() SI_UNIT($,.RADIAN.) );
#8235 = ( NAMED_UNIT(*) SI_UNIT($,.STERADIAN.) SOLID_ANGLE_UNIT() );
#8236 = UNCERTAINTY_MEASURE_WITH_UNIT(LENGTH_MEASURE(1.E-07),#8233,
  'distance_accuracy_value','confusion accuracy');
#8237 = SHAPE_DEFINITION_REPRESENTATION(#8238,#8219);
#8238 = PRODUCT_DEFINITION_SHAPE('','',#8239);
#8239 = PRODUCT_DEFINITION('design','',#8240,#8243);
#8240 = PRODUCT_DEFINITION_FORMATION('','',#8241);
#8241 = PRODUCT('U1','U1','',(#8242));
#8242 = PRODUCT_CONTEXT('',#2,'mechanical');
#8243 = PRODUCT_DEFINITION_CONTEXT('part definition',#2,'design');
#8244 = CONTEXT_DEPENDENT_SHAPE_REPRESENTATION(#8245,#8247);
#8245 = ( REPRESENTATION_RELATIONSHIP('','',#8219,#10) 
REPRESENTATION_RELATIONSHIP_WITH_TRANSFORMATION(#8246) 
SHAPE_REPRESENTATION_RELATIONSHIP() );
#8246 = ITEM_DEFINED_TRANSFORMATION('','',#11,#935);
#8247 = PRODUCT_DEFINITION_SHAPE('Placement','Placement of an item',
  #8248);
#8248 = NEXT_ASSEMBLY_USAGE_OCCURRENCE('231','=>[0:1:1:232]','',#5,#8239
  ,$);
#8249 = PRODUCT_RELATED_PRODUCT_CATEGORY('part',$,(#8241));
#8250 = ADVANCED_BREP_SHAPE_REPRESENTATION('',(#11,#8251),#8263);
#8251 = MANIFOLD_SOLID_BREP('',#8252);
#8252 = CLOSED_SHELL('',(#8253));
#8253 = ADVANCED_FACE('',(#8254),#8258,.T.);
#8254 = FACE_BOUND('',#8255,.T.);
#8255 = VERTEX_LOOP('',#8256);
#8256 = VERTEX_POINT('',#8257);
#8257 = CARTESIAN_POINT('',(1.255262969126E-17,-3.074507554457E-33,
    -0.205));
#8258 = SPHERICAL_SURFACE('',#8259,0.205);
#8259 = AXIS2_PLACEMENT_3D('',#8260,#8261,#8262);
#8260 = CARTESIAN_POINT('',(0.,0.,0.));
#8261 = DIRECTION('',(0.,0.,1.));
#8262 = DIRECTION('',(1.,0.,-0.));
#8263 = ( GEOMETRIC_REPRESENTATION_CONTEXT(3) 
GLOBAL_UNCERTAINTY_ASSIGNED_CONTEXT((#8267)) 
GLOBAL_UNIT_ASSIGNED_CONTEXT((#8264,#8265,#8266)) REPRESENTATION_CONTEXT
('Context #1','3D Context with UNIT and UNCERTAINTY') );
#8264 = ( LENGTH_UNIT() NAMED_UNIT(*) SI_UNIT(.MILLI.,.METRE.) );
#8265 = ( NAMED_UNIT(*) PLANE_ANGLE_UNIT() SI_UNIT($,.RADIAN.) );
#8266 = ( NAMED_UNIT(*) SI_UNIT($,.STERADIAN.) SOLID_ANGLE_UNIT() );
#8267 = UNCERTAINTY_MEASURE_WITH_UNIT(LENGTH_MEASURE(1.E-07),#8264,
  'distance_accuracy_value','confusion accuracy');
#8268 = SHAPE_DEFINITION_REPRESENTATION(#8269,#8250);
#8269 = PRODUCT_DEFINITION_SHAPE('','',#8270);
#8270 = PRODUCT_DEFINITION('design','',#8271,#8274);
#8271 = PRODUCT_DEFINITION_FORMATION('','',#8272);
#8272 = PRODUCT('U2','U2','',(#8273));
#8273 = PRODUCT_CONTEXT('',#2,'mechanical');
#8274 = PRODUCT_DEFINITION_CONTEXT('part definition',#2,'design');
#8275 = CONTEXT_DEPENDENT_SHAPE_REPRESENTATION(#8276,#8278);
#8276 = ( REPRESENTATION_RELATIONSHIP('','',#8250,#10) 
REPRESENTATION_RELATIONSHIP_WITH_TRANSFORMATION(#8277) 
SHAPE_REPRESENTATION_RELATIONSHIP() );
#8277 = ITEM_DEFINED_TRANSFORMATION('','',#11,#939);
#8278 = PRODUCT_DEFINITION_SHAPE('Placement','Placement of an item',
  #8279);
#8279 = NEXT_ASSEMBLY_USAGE_OCCURRENCE('232','=>[0:1:1:233]','',#5,#8270
  ,$);
#8280 = PRODUCT_RELATED_PRODUCT_CATEGORY('part',$,(#8272));
#8281 = ADVANCED_BREP_SHAPE_REPRESENTATION('',(#11,#8282),#8294);
#8282 = MANIFOLD_SOLID_BREP('',#8283);
#8283 = CLOSED_SHELL('',(#8284));
#8284 = ADVANCED_FACE('',(#8285),#8289,.T.);
#8285 = FACE_BOUND('',#8286,.T.);
#8286 = VERTEX_LOOP('',#8287);
#8287 = VERTEX_POINT('',#8288);
#8288 = CARTESIAN_POINT('',(1.255262969126E-17,-3.074507554457E-33,
    -0.205));
#8289 = SPHERICAL_SURFACE('',#8290,0.205);
#8290 = AXIS2_PLACEMENT_3D('',#8291,#8292,#8293);
#8291 = CARTESIAN_POINT('',(0.,0.,0.));
#8292 = DIRECTION('',(0.,0.,1.));
#8293 = DIRECTION('',(1.,0.,-0.));
#8294 = ( GEOMETRIC_REPRESENTATION_CONTEXT(3) 
GLOBAL_UNCERTAINTY_ASSIGNED_CONTEXT((#8298)) 
GLOBAL_UNIT_ASSIGNED_CONTEXT((#8295,#8296,#8297)) REPRESENTATION_CONTEXT
('Context #1','3D Context with UNIT and UNCERTAINTY') );
#8295 = ( LENGTH_UNIT() NAMED_UNIT(*) SI_UNIT(.MILLI.,.METRE.) );
#8296 = ( NAMED_UNIT(*) PLANE_ANGLE_UNIT() SI_UNIT($,.RADIAN.) );
#8297 = ( NAMED_UNIT(*) SI_UNIT($,.STERADIAN.) SOLID_ANGLE_UNIT() );
#8298 = UNCERTAINTY_MEASURE_WITH_UNIT(LENGTH_MEASURE(1.E-07),#8295,
  'distance_accuracy_value','confusion accuracy');
#8299 = SHAPE_DEFINITION_REPRESENTATION(#8300,#8281);
#8300 = PRODUCT_DEFINITION_SHAPE('','',#8301);
#8301 = PRODUCT_DEFINITION('design','',#8302,#8305);
#8302 = PRODUCT_DEFINITION_FORMATION('','',#8303);
#8303 = PRODUCT('U3','U3','',(#8304));
#8304 = PRODUCT_CONTEXT('',#2,'mechanical');
#8305 = PRODUCT_DEFINITION_CONTEXT('part definition',#2,'design');
#8306 = CONTEXT_DEPENDENT_SHAPE_REPRESENTATION(#8307,#8309);
#8307 = ( REPRESENTATION_RELATIONSHIP('','',#8281,#10) 
REPRESENTATION_RELATIONSHIP_WITH_TRANSFORMATION(#8308) 
SHAPE_REPRESENTATION_RELATIONSHIP() );
#8308 = ITEM_DEFINED_TRANSFORMATION('','',#11,#943);
#8309 = PRODUCT_DEFINITION_SHAPE('Placement','Placement of an item',
  #8310);
#8310 = NEXT_ASSEMBLY_USAGE_OCCURRENCE('233','=>[0:1:1:234]','',#5,#8301
  ,$);
#8311 = PRODUCT_RELATED_PRODUCT_CATEGORY('part',$,(#8303));
#8312 = ADVANCED_BREP_SHAPE_REPRESENTATION('',(#11,#8313),#8325);
#8313 = MANIFOLD_SOLID_BREP('',#8314);
#8314 = CLOSED_SHELL('',(#8315));
#8315 = ADVANCED_FACE('',(#8316),#8320,.T.);
#8316 = FACE_BOUND('',#8317,.T.);
#8317 = VERTEX_LOOP('',#8318);
#8318 = VERTEX_POINT('',#8319);
#8319 = CARTESIAN_POINT('',(1.255262969126E-17,-3.074507554457E-33,
    -0.205));
#8320 = SPHERICAL_SURFACE('',#8321,0.205);
#8321 = AXIS2_PLACEMENT_3D('',#8322,#8323,#8324);
#8322 = CARTESIAN_POINT('',(0.,0.,0.));
#8323 = DIRECTION('',(0.,0.,1.));
#8324 = DIRECTION('',(1.,0.,-0.));
#8325 = ( GEOMETRIC_REPRESENTATION_CONTEXT(3) 
GLOBAL_UNCERTAINTY_ASSIGNED_CONTEXT((#8329)) 
GLOBAL_UNIT_ASSIGNED_CONTEXT((#8326,#8327,#8328)) REPRESENTATION_CONTEXT
('Context #1','3D Context with UNIT and UNCERTAINTY') );
#8326 = ( LENGTH_UNIT() NAMED_UNIT(*) SI_UNIT(.MILLI.,.METRE.) );
#8327 = ( NAMED_UNIT(*) PLANE_ANGLE_UNIT() SI_UNIT($,.RADIAN.) );
#8328 = ( NAMED_UNIT(*) SI_UNIT($,.STERADIAN.) SOLID_ANGLE_UNIT() );
#8329 = UNCERTAINTY_MEASURE_WITH_UNIT(LENGTH_MEASURE(1.E-07),#8326,
  'distance_accuracy_value','confusion accuracy');
#8330 = SHAPE_DEFINITION_REPRESENTATION(#8331,#8312);
#8331 = PRODUCT_DEFINITION_SHAPE('','',#8332);
#8332 = PRODUCT_DEFINITION('design','',#8333,#8336);
#8333 = PRODUCT_DEFINITION_FORMATION('','',#8334);
#8334 = PRODUCT('U4','U4','',(#8335));
#8335 = PRODUCT_CONTEXT('',#2,'mechanical');
#8336 = PRODUCT_DEFINITION_CONTEXT('part definition',#2,'design');
#8337 = CONTEXT_DEPENDENT_SHAPE_REPRESENTATION(#8338,#8340);
#8338 = ( REPRESENTATION_RELATIONSHIP('','',#8312,#10) 
REPRESENTATION_RELATIONSHIP_WITH_TRANSFORMATION(#8339) 
SHAPE_REPRESENTATION_RELATIONSHIP() );
#8339 = ITEM_DEFINED_TRANSFORMATION('','',#11,#947);
#8340 = PRODUCT_DEFINITION_SHAPE('Placement','Placement of an item',
  #8341);
#8341 = NEXT_ASSEMBLY_USAGE_OCCURRENCE('234','=>[0:1:1:235]','',#5,#8332
  ,$);
#8342 = PRODUCT_RELATED_PRODUCT_CATEGORY('part',$,(#8334));
#8343 = ADVANCED_BREP_SHAPE_REPRESENTATION('',(#11,#8344),#8356);
#8344 = MANIFOLD_SOLID_BREP('',#8345);
#8345 = CLOSED_SHELL('',(#8346));
#8346 = ADVANCED_FACE('',(#8347),#8351,.T.);
#8347 = FACE_BOUND('',#8348,.T.);
#8348 = VERTEX_LOOP('',#8349);
#8349 = VERTEX_POINT('',#8350);
#8350 = CARTESIAN_POINT('',(1.255262969126E-17,-3.074507554457E-33,
    -0.205));
#8351 = SPHERICAL_SURFACE('',#8352,0.205);
#8352 = AXIS2_PLACEMENT_3D('',#8353,#8354,#8355);
#8353 = CARTESIAN_POINT('',(0.,0.,0.));
#8354 = DIRECTION('',(0.,0.,1.));
#8355 = DIRECTION('',(1.,0.,-0.));
#8356 = ( GEOMETRIC_REPRESENTATION_CONTEXT(3) 
GLOBAL_UNCERTAINTY_ASSIGNED_CONTEXT((#8360)) 
GLOBAL_UNIT_ASSIGNED_CONTEXT((#8357,#8358,#8359)) REPRESENTATION_CONTEXT
('Context #1','3D Context with UNIT and UNCERTAINTY') );
#8357 = ( LENGTH_UNIT() NAMED_UNIT(*) SI_UNIT(.MILLI.,.METRE.) );
#8358 = ( NAMED_UNIT(*) PLANE_ANGLE_UNIT() SI_UNIT($,.RADIAN.) );
#8359 = ( NAMED_UNIT(*) SI_UNIT($,.STERADIAN.) SOLID_ANGLE_UNIT() );
#8360 = UNCERTAINTY_MEASURE_WITH_UNIT(LENGTH_MEASURE(1.E-07),#8357,
  'distance_accuracy_value','confusion accuracy');
#8361 = SHAPE_DEFINITION_REPRESENTATION(#8362,#8343);
#8362 = PRODUCT_DEFINITION_SHAPE('','',#8363);
#8363 = PRODUCT_DEFINITION('design','',#8364,#8367);
#8364 = PRODUCT_DEFINITION_FORMATION('','',#8365);
#8365 = PRODUCT('U5','U5','',(#8366));
#8366 = PRODUCT_CONTEXT('',#2,'mechanical');
#8367 = PRODUCT_DEFINITION_CONTEXT('part definition',#2,'design');
#8368 = CONTEXT_DEPENDENT_SHAPE_REPRESENTATION(#8369,#8371);
#8369 = ( REPRESENTATION_RELATIONSHIP('','',#8343,#10) 
REPRESENTATION_RELATIONSHIP_WITH_TRANSFORMATION(#8370) 
SHAPE_REPRESENTATION_RELATIONSHIP() );
#8370 = ITEM_DEFINED_TRANSFORMATION('','',#11,#951);
#8371 = PRODUCT_DEFINITION_SHAPE('Placement','Placement of an item',
  #8372);
#8372 = NEXT_ASSEMBLY_USAGE_OCCURRENCE('235','=>[0:1:1:236]','',#5,#8363
  ,$);
#8373 = PRODUCT_RELATED_PRODUCT_CATEGORY('part',$,(#8365));
#8374 = ADVANCED_BREP_SHAPE_REPRESENTATION('',(#11,#8375),#8387);
#8375 = MANIFOLD_SOLID_BREP('',#8376);
#8376 = CLOSED_SHELL('',(#8377));
#8377 = ADVANCED_FACE('',(#8378),#8382,.T.);
#8378 = FACE_BOUND('',#8379,.T.);
#8379 = VERTEX_LOOP('',#8380);
#8380 = VERTEX_POINT('',#8381);
#8381 = CARTESIAN_POINT('',(1.255262969126E-17,-3.074507554457E-33,
    -0.205));
#8382 = SPHERICAL_SURFACE('',#8383,0.205);
#8383 = AXIS2_PLACEMENT_3D('',#8384,#8385,#8386);
#8384 = CARTESIAN_POINT('',(0.,0.,0.));
#8385 = DIRECTION('',(0.,0.,1.));
#8386 = DIRECTION('',(1.,0.,-0.));
#8387 = ( GEOMETRIC_REPRESENTATION_CONTEXT(3) 
GLOBAL_UNCERTAINTY_ASSIGNED_CONTEXT((#8391)) 
GLOBAL_UNIT_ASSIGNED_CONTEXT((#8388,#8389,#8390)) REPRESENTATION_CONTEXT
('Context #1','3D Context with UNIT and UNCERTAINTY') );
#8388 = ( LENGTH_UNIT() NAMED_UNIT(*) SI_UNIT(.MILLI.,.METRE.) );
#8389 = ( NAMED_UNIT(*) PLANE_ANGLE_UNIT() SI_UNIT($,.RADIAN.) );
#8390 = ( NAMED_UNIT(*) SI_UNIT($,.STERADIAN.) SOLID_ANGLE_UNIT() );
#8391 = UNCERTAINTY_MEASURE_WITH_UNIT(LENGTH_MEASURE(1.E-07),#8388,
  'distance_accuracy_value','confusion accuracy');
#8392 = SHAPE_DEFINITION_REPRESENTATION(#8393,#8374);
#8393 = PRODUCT_DEFINITION_SHAPE('','',#8394);
#8394 = PRODUCT_DEFINITION('design','',#8395,#8398);
#8395 = PRODUCT_DEFINITION_FORMATION('','',#8396);
#8396 = PRODUCT('U6','U6','',(#8397));
#8397 = PRODUCT_CONTEXT('',#2,'mechanical');
#8398 = PRODUCT_DEFINITION_CONTEXT('part definition',#2,'design');
#8399 = CONTEXT_DEPENDENT_SHAPE_REPRESENTATION(#8400,#8402);
#8400 = ( REPRESENTATION_RELATIONSHIP('','',#8374,#10) 
REPRESENTATION_RELATIONSHIP_WITH_TRANSFORMATION(#8401) 
SHAPE_REPRESENTATION_RELATIONSHIP() );
#8401 = ITEM_DEFINED_TRANSFORMATION('','',#11,#955);
#8402 = PRODUCT_DEFINITION_SHAPE('Placement','Placement of an item',
  #8403);
#8403 = NEXT_ASSEMBLY_USAGE_OCCURRENCE('236','=>[0:1:1:237]','',#5,#8394
  ,$);
#8404 = PRODUCT_RELATED_PRODUCT_CATEGORY('part',$,(#8396));
#8405 = ADVANCED_BREP_SHAPE_REPRESENTATION('',(#11,#8406),#8418);
#8406 = MANIFOLD_SOLID_BREP('',#8407);
#8407 = CLOSED_SHELL('',(#8408));
#8408 = ADVANCED_FACE('',(#8409),#8413,.T.);
#8409 = FACE_BOUND('',#8410,.T.);
#8410 = VERTEX_LOOP('',#8411);
#8411 = VERTEX_POINT('',#8412);
#8412 = CARTESIAN_POINT('',(1.255262969126E-17,-3.074507554457E-33,
    -0.205));
#8413 = SPHERICAL_SURFACE('',#8414,0.205);
#8414 = AXIS2_PLACEMENT_3D('',#8415,#8416,#8417);
#8415 = CARTESIAN_POINT('',(0.,0.,0.));
#8416 = DIRECTION('',(0.,0.,1.));
#8417 = DIRECTION('',(1.,0.,-0.));
#8418 = ( GEOMETRIC_REPRESENTATION_CONTEXT(3) 
GLOBAL_UNCERTAINTY_ASSIGNED_CONTEXT((#8422)) 
GLOBAL_UNIT_ASSIGNED_CONTEXT((#8419,#8420,#8421)) REPRESENTATION_CONTEXT
('Context #1','3D Context with UNIT and UNCERTAINTY') );
#8419 = ( LENGTH_UNIT() NAMED_UNIT(*) SI_UNIT(.MILLI.,.METRE.) );
#8420 = ( NAMED_UNIT(*) PLANE_ANGLE_UNIT() SI_UNIT($,.RADIAN.) );
#8421 = ( NAMED_UNIT(*) SI_UNIT($,.STERADIAN.) SOLID_ANGLE_UNIT() );
#8422 = UNCERTAINTY_MEASURE_WITH_UNIT(LENGTH_MEASURE(1.E-07),#8419,
  'distance_accuracy_value','confusion accuracy');
#8423 = SHAPE_DEFINITION_REPRESENTATION(#8424,#8405);
#8424 = PRODUCT_DEFINITION_SHAPE('','',#8425);
#8425 = PRODUCT_DEFINITION('design','',#8426,#8429);
#8426 = PRODUCT_DEFINITION_FORMATION('','',#8427);
#8427 = PRODUCT('U7','U7','',(#8428));
#8428 = PRODUCT_CONTEXT('',#2,'mechanical');
#8429 = PRODUCT_DEFINITION_CONTEXT('part definition',#2,'design');
#8430 = CONTEXT_DEPENDENT_SHAPE_REPRESENTATION(#8431,#8433);
#8431 = ( REPRESENTATION_RELATIONSHIP('','',#8405,#10) 
REPRESENTATION_RELATIONSHIP_WITH_TRANSFORMATION(#8432) 
SHAPE_REPRESENTATION_RELATIONSHIP() );
#8432 = ITEM_DEFINED_TRANSFORMATION('','',#11,#959);
#8433 = PRODUCT_DEFINITION_SHAPE('Placement','Placement of an item',
  #8434);
#8434 = NEXT_ASSEMBLY_USAGE_OCCURRENCE('237','=>[0:1:1:238]','',#5,#8425
  ,$);
#8435 = PRODUCT_RELATED_PRODUCT_CATEGORY('part',$,(#8427));
#8436 = ADVANCED_BREP_SHAPE_REPRESENTATION('',(#11,#8437),#8449);
#8437 = MANIFOLD_SOLID_BREP('',#8438);
#8438 = CLOSED_SHELL('',(#8439));
#8439 = ADVANCED_FACE('',(#8440),#8444,.T.);
#8440 = FACE_BOUND('',#8441,.T.);
#8441 = VERTEX_LOOP('',#8442);
#8442 = VERTEX_POINT('',#8443);
#8443 = CARTESIAN_POINT('',(1.255262969126E-17,-3.074507554457E-33,
    -0.205));
#8444 = SPHERICAL_SURFACE('',#8445,0.205);
#8445 = AXIS2_PLACEMENT_3D('',#8446,#8447,#8448);
#8446 = CARTESIAN_POINT('',(0.,0.,0.));
#8447 = DIRECTION('',(0.,0.,1.));
#8448 = DIRECTION('',(1.,0.,-0.));
#8449 = ( GEOMETRIC_REPRESENTATION_CONTEXT(3) 
GLOBAL_UNCERTAINTY_ASSIGNED_CONTEXT((#8453)) 
GLOBAL_UNIT_ASSIGNED_CONTEXT((#8450,#8451,#8452)) REPRESENTATION_CONTEXT
('Context #1','3D Context with UNIT and UNCERTAINTY') );
#8450 = ( LENGTH_UNIT() NAMED_UNIT(*) SI_UNIT(.MILLI.,.METRE.) );
#8451 = ( NAMED_UNIT(*) PLANE_ANGLE_UNIT() SI_UNIT($,.RADIAN.) );
#8452 = ( NAMED_UNIT(*) SI_UNIT($,.STERADIAN.) SOLID_ANGLE_UNIT() );
#8453 = UNCERTAINTY_MEASURE_WITH_UNIT(LENGTH_MEASURE(1.E-07),#8450,
  'distance_accuracy_value','confusion accuracy');
#8454 = SHAPE_DEFINITION_REPRESENTATION(#8455,#8436);
#8455 = PRODUCT_DEFINITION_SHAPE('','',#8456);
#8456 = PRODUCT_DEFINITION('design','',#8457,#8460);
#8457 = PRODUCT_DEFINITION_FORMATION('','',#8458);
#8458 = PRODUCT('U8','U8','',(#8459));
#8459 = PRODUCT_CONTEXT('',#2,'mechanical');
#8460 = PRODUCT_DEFINITION_CONTEXT('part definition',#2,'design');
#8461 = CONTEXT_DEPENDENT_SHAPE_REPRESENTATION(#8462,#8464);
#8462 = ( REPRESENTATION_RELATIONSHIP('','',#8436,#10) 
REPRESENTATION_RELATIONSHIP_WITH_TRANSFORMATION(#8463) 
SHAPE_REPRESENTATION_RELATIONSHIP() );
#8463 = ITEM_DEFINED_TRANSFORMATION('','',#11,#963);
#8464 = PRODUCT_DEFINITION_SHAPE('Placement','Placement of an item',
  #8465);
#8465 = NEXT_ASSEMBLY_USAGE_OCCURRENCE('238','=>[0:1:1:239]','',#5,#8456
  ,$);
#8466 = PRODUCT_RELATED_PRODUCT_CATEGORY('part',$,(#8458));
#8467 = ADVANCED_BREP_SHAPE_REPRESENTATION('',(#11,#8468),#8480);
#8468 = MANIFOLD_SOLID_BREP('',#8469);
#8469 = CLOSED_SHELL('',(#8470));
#8470 = ADVANCED_FACE('',(#8471),#8475,.T.);
#8471 = FACE_BOUND('',#8472,.T.);
#8472 = VERTEX_LOOP('',#8473);
#8473 = VERTEX_POINT('',#8474);
#8474 = CARTESIAN_POINT('',(1.255262969126E-17,-3.074507554457E-33,
    -0.205));
#8475 = SPHERICAL_SURFACE('',#8476,0.205);
#8476 = AXIS2_PLACEMENT_3D('',#8477,#8478,#8479);
#8477 = CARTESIAN_POINT('',(0.,0.,0.));
#8478 = DIRECTION('',(0.,0.,1.));
#8479 = DIRECTION('',(1.,0.,-0.));
#8480 = ( GEOMETRIC_REPRESENTATION_CONTEXT(3) 
GLOBAL_UNCERTAINTY_ASSIGNED_CONTEXT((#8484)) 
GLOBAL_UNIT_ASSIGNED_CONTEXT((#8481,#8482,#8483)) REPRESENTATION_CONTEXT
('Context #1','3D Context with UNIT and UNCERTAINTY') );
#8481 = ( LENGTH_UNIT() NAMED_UNIT(*) SI_UNIT(.MILLI.,.METRE.) );
#8482 = ( NAMED_UNIT(*) PLANE_ANGLE_UNIT() SI_UNIT($,.RADIAN.) );
#8483 = ( NAMED_UNIT(*) SI_UNIT($,.STERADIAN.) SOLID_ANGLE_UNIT() );
#8484 = UNCERTAINTY_MEASURE_WITH_UNIT(LENGTH_MEASURE(1.E-07),#8481,
  'distance_accuracy_value','confusion accuracy');
#8485 = SHAPE_DEFINITION_REPRESENTATION(#8486,#8467);
#8486 = PRODUCT_DEFINITION_SHAPE('','',#8487);
#8487 = PRODUCT_DEFINITION('design','',#8488,#8491);
#8488 = PRODUCT_DEFINITION_FORMATION('','',#8489);
#8489 = PRODUCT('U9','U9','',(#8490));
#8490 = PRODUCT_CONTEXT('',#2,'mechanical');
#8491 = PRODUCT_DEFINITION_CONTEXT('part definition',#2,'design');
#8492 = CONTEXT_DEPENDENT_SHAPE_REPRESENTATION(#8493,#8495);
#8493 = ( REPRESENTATION_RELATIONSHIP('','',#8467,#10) 
REPRESENTATION_RELATIONSHIP_WITH_TRANSFORMATION(#8494) 
SHAPE_REPRESENTATION_RELATIONSHIP() );
#8494 = ITEM_DEFINED_TRANSFORMATION('','',#11,#967);
#8495 = PRODUCT_DEFINITION_SHAPE('Placement','Placement of an item',
  #8496);
#8496 = NEXT_ASSEMBLY_USAGE_OCCURRENCE('239','=>[0:1:1:240]','',#5,#8487
  ,$);
#8497 = PRODUCT_RELATED_PRODUCT_CATEGORY('part',$,(#8489));
#8498 = ADVANCED_BREP_SHAPE_REPRESENTATION('',(#11,#8499),#8511);
#8499 = MANIFOLD_SOLID_BREP('',#8500);
#8500 = CLOSED_SHELL('',(#8501));
#8501 = ADVANCED_FACE('',(#8502),#8506,.T.);
#8502 = FACE_BOUND('',#8503,.T.);
#8503 = VERTEX_LOOP('',#8504);
#8504 = VERTEX_POINT('',#8505);
#8505 = CARTESIAN_POINT('',(1.255262969126E-17,-3.074507554457E-33,
    -0.205));
#8506 = SPHERICAL_SURFACE('',#8507,0.205);
#8507 = AXIS2_PLACEMENT_3D('',#8508,#8509,#8510);
#8508 = CARTESIAN_POINT('',(0.,0.,0.));
#8509 = DIRECTION('',(0.,0.,1.));
#8510 = DIRECTION('',(1.,0.,-0.));
#8511 = ( GEOMETRIC_REPRESENTATION_CONTEXT(3) 
GLOBAL_UNCERTAINTY_ASSIGNED_CONTEXT((#8515)) 
GLOBAL_UNIT_ASSIGNED_CONTEXT((#8512,#8513,#8514)) REPRESENTATION_CONTEXT
('Context #1','3D Context with UNIT and UNCERTAINTY') );
#8512 = ( LENGTH_UNIT() NAMED_UNIT(*) SI_UNIT(.MILLI.,.METRE.) );
#8513 = ( NAMED_UNIT(*) PLANE_ANGLE_UNIT() SI_UNIT($,.RADIAN.) );
#8514 = ( NAMED_UNIT(*) SI_UNIT($,.STERADIAN.) SOLID_ANGLE_UNIT() );
#8515 = UNCERTAINTY_MEASURE_WITH_UNIT(LENGTH_MEASURE(1.E-07),#8512,
  'distance_accuracy_value','confusion accuracy');
#8516 = SHAPE_DEFINITION_REPRESENTATION(#8517,#8498);
#8517 = PRODUCT_DEFINITION_SHAPE('','',#8518);
#8518 = PRODUCT_DEFINITION('design','',#8519,#8522);
#8519 = PRODUCT_DEFINITION_FORMATION('','',#8520);
#8520 = PRODUCT('U10','U10','',(#8521));
#8521 = PRODUCT_CONTEXT('',#2,'mechanical');
#8522 = PRODUCT_DEFINITION_CONTEXT('part definition',#2,'design');
#8523 = CONTEXT_DEPENDENT_SHAPE_REPRESENTATION(#8524,#8526);
#8524 = ( REPRESENTATION_RELATIONSHIP('','',#8498,#10) 
REPRESENTATION_RELATIONSHIP_WITH_TRANSFORMATION(#8525) 
SHAPE_REPRESENTATION_RELATIONSHIP() );
#8525 = ITEM_DEFINED_TRANSFORMATION('','',#11,#971);
#8526 = PRODUCT_DEFINITION_SHAPE('Placement','Placement of an item',
  #8527);
#8527 = NEXT_ASSEMBLY_USAGE_OCCURRENCE('240','=>[0:1:1:241]','',#5,#8518
  ,$);
#8528 = PRODUCT_RELATED_PRODUCT_CATEGORY('part',$,(#8520));
#8529 = ADVANCED_BREP_SHAPE_REPRESENTATION('',(#11,#8530),#8542);
#8530 = MANIFOLD_SOLID_BREP('',#8531);
#8531 = CLOSED_SHELL('',(#8532));
#8532 = ADVANCED_FACE('',(#8533),#8537,.T.);
#8533 = FACE_BOUND('',#8534,.T.);
#8534 = VERTEX_LOOP('',#8535);
#8535 = VERTEX_POINT('',#8536);
#8536 = CARTESIAN_POINT('',(1.255262969126E-17,-3.074507554457E-33,
    -0.205));
#8537 = SPHERICAL_SURFACE('',#8538,0.205);
#8538 = AXIS2_PLACEMENT_3D('',#8539,#8540,#8541);
#8539 = CARTESIAN_POINT('',(0.,0.,0.));
#8540 = DIRECTION('',(0.,0.,1.));
#8541 = DIRECTION('',(1.,0.,-0.));
#8542 = ( GEOMETRIC_REPRESENTATION_CONTEXT(3) 
GLOBAL_UNCERTAINTY_ASSIGNED_CONTEXT((#8546)) 
GLOBAL_UNIT_ASSIGNED_CONTEXT((#8543,#8544,#8545)) REPRESENTATION_CONTEXT
('Context #1','3D Context with UNIT and UNCERTAINTY') );
#8543 = ( LENGTH_UNIT() NAMED_UNIT(*) SI_UNIT(.MILLI.,.METRE.) );
#8544 = ( NAMED_UNIT(*) PLANE_ANGLE_UNIT() SI_UNIT($,.RADIAN.) );
#8545 = ( NAMED_UNIT(*) SI_UNIT($,.STERADIAN.) SOLID_ANGLE_UNIT() );
#8546 = UNCERTAINTY_MEASURE_WITH_UNIT(LENGTH_MEASURE(1.E-07),#8543,
  'distance_accuracy_value','confusion accuracy');
#8547 = SHAPE_DEFINITION_REPRESENTATION(#8548,#8529);
#8548 = PRODUCT_DEFINITION_SHAPE('','',#8549);
#8549 = PRODUCT_DEFINITION('design','',#8550,#8553);
#8550 = PRODUCT_DEFINITION_FORMATION('','',#8551);
#8551 = PRODUCT('U11','U11','',(#8552));
#8552 = PRODUCT_CONTEXT('',#2,'mechanical');
#8553 = PRODUCT_DEFINITION_CONTEXT('part definition',#2,'design');
#8554 = CONTEXT_DEPENDENT_SHAPE_REPRESENTATION(#8555,#8557);
#8555 = ( REPRESENTATION_RELATIONSHIP('','',#8529,#10) 
REPRESENTATION_RELATIONSHIP_WITH_TRANSFORMATION(#8556) 
SHAPE_REPRESENTATION_RELATIONSHIP() );
#8556 = ITEM_DEFINED_TRANSFORMATION('','',#11,#975);
#8557 = PRODUCT_DEFINITION_SHAPE('Placement','Placement of an item',
  #8558);
#8558 = NEXT_ASSEMBLY_USAGE_OCCURRENCE('241','=>[0:1:1:242]','',#5,#8549
  ,$);
#8559 = PRODUCT_RELATED_PRODUCT_CATEGORY('part',$,(#8551));
#8560 = ADVANCED_BREP_SHAPE_REPRESENTATION('',(#11,#8561),#8573);
#8561 = MANIFOLD_SOLID_BREP('',#8562);
#8562 = CLOSED_SHELL('',(#8563));
#8563 = ADVANCED_FACE('',(#8564),#8568,.T.);
#8564 = FACE_BOUND('',#8565,.T.);
#8565 = VERTEX_LOOP('',#8566);
#8566 = VERTEX_POINT('',#8567);
#8567 = CARTESIAN_POINT('',(1.255262969126E-17,-3.074507554457E-33,
    -0.205));
#8568 = SPHERICAL_SURFACE('',#8569,0.205);
#8569 = AXIS2_PLACEMENT_3D('',#8570,#8571,#8572);
#8570 = CARTESIAN_POINT('',(0.,0.,0.));
#8571 = DIRECTION('',(0.,0.,1.));
#8572 = DIRECTION('',(1.,0.,-0.));
#8573 = ( GEOMETRIC_REPRESENTATION_CONTEXT(3) 
GLOBAL_UNCERTAINTY_ASSIGNED_CONTEXT((#8577)) 
GLOBAL_UNIT_ASSIGNED_CONTEXT((#8574,#8575,#8576)) REPRESENTATION_CONTEXT
('Context #1','3D Context with UNIT and UNCERTAINTY') );
#8574 = ( LENGTH_UNIT() NAMED_UNIT(*) SI_UNIT(.MILLI.,.METRE.) );
#8575 = ( NAMED_UNIT(*) PLANE_ANGLE_UNIT() SI_UNIT($,.RADIAN.) );
#8576 = ( NAMED_UNIT(*) SI_UNIT($,.STERADIAN.) SOLID_ANGLE_UNIT() );
#8577 = UNCERTAINTY_MEASURE_WITH_UNIT(LENGTH_MEASURE(1.E-07),#8574,
  'distance_accuracy_value','confusion accuracy');
#8578 = SHAPE_DEFINITION_REPRESENTATION(#8579,#8560);
#8579 = PRODUCT_DEFINITION_SHAPE('','',#8580);
#8580 = PRODUCT_DEFINITION('design','',#8581,#8584);
#8581 = PRODUCT_DEFINITION_FORMATION('','',#8582);
#8582 = PRODUCT('U12','U12','',(#8583));
#8583 = PRODUCT_CONTEXT('',#2,'mechanical');
#8584 = PRODUCT_DEFINITION_CONTEXT('part definition',#2,'design');
#8585 = CONTEXT_DEPENDENT_SHAPE_REPRESENTATION(#8586,#8588);
#8586 = ( REPRESENTATION_RELATIONSHIP('','',#8560,#10) 
REPRESENTATION_RELATIONSHIP_WITH_TRANSFORMATION(#8587) 
SHAPE_REPRESENTATION_RELATIONSHIP() );
#8587 = ITEM_DEFINED_TRANSFORMATION('','',#11,#979);
#8588 = PRODUCT_DEFINITION_SHAPE('Placement','Placement of an item',
  #8589);
#8589 = NEXT_ASSEMBLY_USAGE_OCCURRENCE('242','=>[0:1:1:243]','',#5,#8580
  ,$);
#8590 = PRODUCT_RELATED_PRODUCT_CATEGORY('part',$,(#8582));
#8591 = ADVANCED_BREP_SHAPE_REPRESENTATION('',(#11,#8592),#8604);
#8592 = MANIFOLD_SOLID_BREP('',#8593);
#8593 = CLOSED_SHELL('',(#8594));
#8594 = ADVANCED_FACE('',(#8595),#8599,.T.);
#8595 = FACE_BOUND('',#8596,.T.);
#8596 = VERTEX_LOOP('',#8597);
#8597 = VERTEX_POINT('',#8598);
#8598 = CARTESIAN_POINT('',(1.255262969126E-17,-3.074507554457E-33,
    -0.205));
#8599 = SPHERICAL_SURFACE('',#8600,0.205);
#8600 = AXIS2_PLACEMENT_3D('',#8601,#8602,#8603);
#8601 = CARTESIAN_POINT('',(0.,0.,0.));
#8602 = DIRECTION('',(0.,0.,1.));
#8603 = DIRECTION('',(1.,0.,-0.));
#8604 = ( GEOMETRIC_REPRESENTATION_CONTEXT(3) 
GLOBAL_UNCERTAINTY_ASSIGNED_CONTEXT((#8608)) 
GLOBAL_UNIT_ASSIGNED_CONTEXT((#8605,#8606,#8607)) REPRESENTATION_CONTEXT
('Context #1','3D Context with UNIT and UNCERTAINTY') );
#8605 = ( LENGTH_UNIT() NAMED_UNIT(*) SI_UNIT(.MILLI.,.METRE.) );
#8606 = ( NAMED_UNIT(*) PLANE_ANGLE_UNIT() SI_UNIT($,.RADIAN.) );
#8607 = ( NAMED_UNIT(*) SI_UNIT($,.STERADIAN.) SOLID_ANGLE_UNIT() );
#8608 = UNCERTAINTY_MEASURE_WITH_UNIT(LENGTH_MEASURE(1.E-07),#8605,
  'distance_accuracy_value','confusion accuracy');
#8609 = SHAPE_DEFINITION_REPRESENTATION(#8610,#8591);
#8610 = PRODUCT_DEFINITION_SHAPE('','',#8611);
#8611 = PRODUCT_DEFINITION('design','',#8612,#8615);
#8612 = PRODUCT_DEFINITION_FORMATION('','',#8613);
#8613 = PRODUCT('U13','U13','',(#8614));
#8614 = PRODUCT_CONTEXT('',#2,'mechanical');
#8615 = PRODUCT_DEFINITION_CONTEXT('part definition',#2,'design');
#8616 = CONTEXT_DEPENDENT_SHAPE_REPRESENTATION(#8617,#8619);
#8617 = ( REPRESENTATION_RELATIONSHIP('','',#8591,#10) 
REPRESENTATION_RELATIONSHIP_WITH_TRANSFORMATION(#8618) 
SHAPE_REPRESENTATION_RELATIONSHIP() );
#8618 = ITEM_DEFINED_TRANSFORMATION('','',#11,#983);
#8619 = PRODUCT_DEFINITION_SHAPE('Placement','Placement of an item',
  #8620);
#8620 = NEXT_ASSEMBLY_USAGE_OCCURRENCE('243','=>[0:1:1:244]','',#5,#8611
  ,$);
#8621 = PRODUCT_RELATED_PRODUCT_CATEGORY('part',$,(#8613));
#8622 = ADVANCED_BREP_SHAPE_REPRESENTATION('',(#11,#8623),#8635);
#8623 = MANIFOLD_SOLID_BREP('',#8624);
#8624 = CLOSED_SHELL('',(#8625));
#8625 = ADVANCED_FACE('',(#8626),#8630,.T.);
#8626 = FACE_BOUND('',#8627,.T.);
#8627 = VERTEX_LOOP('',#8628);
#8628 = VERTEX_POINT('',#8629);
#8629 = CARTESIAN_POINT('',(1.255262969126E-17,-3.074507554457E-33,
    -0.205));
#8630 = SPHERICAL_SURFACE('',#8631,0.205);
#8631 = AXIS2_PLACEMENT_3D('',#8632,#8633,#8634);
#8632 = CARTESIAN_POINT('',(0.,0.,0.));
#8633 = DIRECTION('',(0.,0.,1.));
#8634 = DIRECTION('',(1.,0.,-0.));
#8635 = ( GEOMETRIC_REPRESENTATION_CONTEXT(3) 
GLOBAL_UNCERTAINTY_ASSIGNED_CONTEXT((#8639)) 
GLOBAL_UNIT_ASSIGNED_CONTEXT((#8636,#8637,#8638)) REPRESENTATION_CONTEXT
('Context #1','3D Context with UNIT and UNCERTAINTY') );
#8636 = ( LENGTH_UNIT() NAMED_UNIT(*) SI_UNIT(.MILLI.,.METRE.) );
#8637 = ( NAMED_UNIT(*) PLANE_ANGLE_UNIT() SI_UNIT($,.RADIAN.) );
#8638 = ( NAMED_UNIT(*) SI_UNIT($,.STERADIAN.) SOLID_ANGLE_UNIT() );
#8639 = UNCERTAINTY_MEASURE_WITH_UNIT(LENGTH_MEASURE(1.E-07),#8636,
  'distance_accuracy_value','confusion accuracy');
#8640 = SHAPE_DEFINITION_REPRESENTATION(#8641,#8622);
#8641 = PRODUCT_DEFINITION_SHAPE('','',#8642);
#8642 = PRODUCT_DEFINITION('design','',#8643,#8646);
#8643 = PRODUCT_DEFINITION_FORMATION('','',#8644);
#8644 = PRODUCT('U14','U14','',(#8645));
#8645 = PRODUCT_CONTEXT('',#2,'mechanical');
#8646 = PRODUCT_DEFINITION_CONTEXT('part definition',#2,'design');
#8647 = CONTEXT_DEPENDENT_SHAPE_REPRESENTATION(#8648,#8650);
#8648 = ( REPRESENTATION_RELATIONSHIP('','',#8622,#10) 
REPRESENTATION_RELATIONSHIP_WITH_TRANSFORMATION(#8649) 
SHAPE_REPRESENTATION_RELATIONSHIP() );
#8649 = ITEM_DEFINED_TRANSFORMATION('','',#11,#987);
#8650 = PRODUCT_DEFINITION_SHAPE('Placement','Placement of an item',
  #8651);
#8651 = NEXT_ASSEMBLY_USAGE_OCCURRENCE('244','=>[0:1:1:245]','',#5,#8642
  ,$);
#8652 = PRODUCT_RELATED_PRODUCT_CATEGORY('part',$,(#8644));
#8653 = ADVANCED_BREP_SHAPE_REPRESENTATION('',(#11,#8654),#8666);
#8654 = MANIFOLD_SOLID_BREP('',#8655);
#8655 = CLOSED_SHELL('',(#8656));
#8656 = ADVANCED_FACE('',(#8657),#8661,.T.);
#8657 = FACE_BOUND('',#8658,.T.);
#8658 = VERTEX_LOOP('',#8659);
#8659 = VERTEX_POINT('',#8660);
#8660 = CARTESIAN_POINT('',(1.255262969126E-17,-3.074507554457E-33,
    -0.205));
#8661 = SPHERICAL_SURFACE('',#8662,0.205);
#8662 = AXIS2_PLACEMENT_3D('',#8663,#8664,#8665);
#8663 = CARTESIAN_POINT('',(0.,0.,0.));
#8664 = DIRECTION('',(0.,0.,1.));
#8665 = DIRECTION('',(1.,0.,-0.));
#8666 = ( GEOMETRIC_REPRESENTATION_CONTEXT(3) 
GLOBAL_UNCERTAINTY_ASSIGNED_CONTEXT((#8670)) 
GLOBAL_UNIT_ASSIGNED_CONTEXT((#8667,#8668,#8669)) REPRESENTATION_CONTEXT
('Context #1','3D Context with UNIT and UNCERTAINTY') );
#8667 = ( LENGTH_UNIT() NAMED_UNIT(*) SI_UNIT(.MILLI.,.METRE.) );
#8668 = ( NAMED_UNIT(*) PLANE_ANGLE_UNIT() SI_UNIT($,.RADIAN.) );
#8669 = ( NAMED_UNIT(*) SI_UNIT($,.STERADIAN.) SOLID_ANGLE_UNIT() );
#8670 = UNCERTAINTY_MEASURE_WITH_UNIT(LENGTH_MEASURE(1.E-07),#8667,
  'distance_accuracy_value','confusion accuracy');
#8671 = SHAPE_DEFINITION_REPRESENTATION(#8672,#8653);
#8672 = PRODUCT_DEFINITION_SHAPE('','',#8673);
#8673 = PRODUCT_DEFINITION('design','',#8674,#8677);
#8674 = PRODUCT_DEFINITION_FORMATION('','',#8675);
#8675 = PRODUCT('U15','U15','',(#8676));
#8676 = PRODUCT_CONTEXT('',#2,'mechanical');
#8677 = PRODUCT_DEFINITION_CONTEXT('part definition',#2,'design');
#8678 = CONTEXT_DEPENDENT_SHAPE_REPRESENTATION(#8679,#8681);
#8679 = ( REPRESENTATION_RELATIONSHIP('','',#8653,#10) 
REPRESENTATION_RELATIONSHIP_WITH_TRANSFORMATION(#8680) 
SHAPE_REPRESENTATION_RELATIONSHIP() );
#8680 = ITEM_DEFINED_TRANSFORMATION('','',#11,#991);
#8681 = PRODUCT_DEFINITION_SHAPE('Placement','Placement of an item',
  #8682);
#8682 = NEXT_ASSEMBLY_USAGE_OCCURRENCE('245','=>[0:1:1:246]','',#5,#8673
  ,$);
#8683 = PRODUCT_RELATED_PRODUCT_CATEGORY('part',$,(#8675));
#8684 = ADVANCED_BREP_SHAPE_REPRESENTATION('',(#11,#8685),#8697);
#8685 = MANIFOLD_SOLID_BREP('',#8686);
#8686 = CLOSED_SHELL('',(#8687));
#8687 = ADVANCED_FACE('',(#8688),#8692,.T.);
#8688 = FACE_BOUND('',#8689,.T.);
#8689 = VERTEX_LOOP('',#8690);
#8690 = VERTEX_POINT('',#8691);
#8691 = CARTESIAN_POINT('',(1.255262969126E-17,-3.074507554457E-33,
    -0.205));
#8692 = SPHERICAL_SURFACE('',#8693,0.205);
#8693 = AXIS2_PLACEMENT_3D('',#8694,#8695,#8696);
#8694 = CARTESIAN_POINT('',(0.,0.,0.));
#8695 = DIRECTION('',(0.,0.,1.));
#8696 = DIRECTION('',(1.,0.,-0.));
#8697 = ( GEOMETRIC_REPRESENTATION_CONTEXT(3) 
GLOBAL_UNCERTAINTY_ASSIGNED_CONTEXT((#8701)) 
GLOBAL_UNIT_ASSIGNED_CONTEXT((#8698,#8699,#8700)) REPRESENTATION_CONTEXT
('Context #1','3D Context with UNIT and UNCERTAINTY') );
#8698 = ( LENGTH_UNIT() NAMED_UNIT(*) SI_UNIT(.MILLI.,.METRE.) );
#8699 = ( NAMED_UNIT(*) PLANE_ANGLE_UNIT() SI_UNIT($,.RADIAN.) );
#8700 = ( NAMED_UNIT(*) SI_UNIT($,.STERADIAN.) SOLID_ANGLE_UNIT() );
#8701 = UNCERTAINTY_MEASURE_WITH_UNIT(LENGTH_MEASURE(1.E-07),#8698,
  'distance_accuracy_value','confusion accuracy');
#8702 = SHAPE_DEFINITION_REPRESENTATION(#8703,#8684);
#8703 = PRODUCT_DEFINITION_SHAPE('','',#8704);
#8704 = PRODUCT_DEFINITION('design','',#8705,#8708);
#8705 = PRODUCT_DEFINITION_FORMATION('','',#8706);
#8706 = PRODUCT('U16','U16','',(#8707));
#8707 = PRODUCT_CONTEXT('',#2,'mechanical');
#8708 = PRODUCT_DEFINITION_CONTEXT('part definition',#2,'design');
#8709 = CONTEXT_DEPENDENT_SHAPE_REPRESENTATION(#8710,#8712);
#8710 = ( REPRESENTATION_RELATIONSHIP('','',#8684,#10) 
REPRESENTATION_RELATIONSHIP_WITH_TRANSFORMATION(#8711) 
SHAPE_REPRESENTATION_RELATIONSHIP() );
#8711 = ITEM_DEFINED_TRANSFORMATION('','',#11,#995);
#8712 = PRODUCT_DEFINITION_SHAPE('Placement','Placement of an item',
  #8713);
#8713 = NEXT_ASSEMBLY_USAGE_OCCURRENCE('246','=>[0:1:1:247]','',#5,#8704
  ,$);
#8714 = PRODUCT_RELATED_PRODUCT_CATEGORY('part',$,(#8706));
#8715 = ADVANCED_BREP_SHAPE_REPRESENTATION('',(#11,#8716),#8728);
#8716 = MANIFOLD_SOLID_BREP('',#8717);
#8717 = CLOSED_SHELL('',(#8718));
#8718 = ADVANCED_FACE('',(#8719),#8723,.T.);
#8719 = FACE_BOUND('',#8720,.T.);
#8720 = VERTEX_LOOP('',#8721);
#8721 = VERTEX_POINT('',#8722);
#8722 = CARTESIAN_POINT('',(1.255262969126E-17,-3.074507554457E-33,
    -0.205));
#8723 = SPHERICAL_SURFACE('',#8724,0.205);
#8724 = AXIS2_PLACEMENT_3D('',#8725,#8726,#8727);
#8725 = CARTESIAN_POINT('',(0.,0.,0.));
#8726 = DIRECTION('',(0.,0.,1.));
#8727 = DIRECTION('',(1.,0.,-0.));
#8728 = ( GEOMETRIC_REPRESENTATION_CONTEXT(3) 
GLOBAL_UNCERTAINTY_ASSIGNED_CONTEXT((#8732)) 
GLOBAL_UNIT_ASSIGNED_CONTEXT((#8729,#8730,#8731)) REPRESENTATION_CONTEXT
('Context #1','3D Context with UNIT and UNCERTAINTY') );
#8729 = ( LENGTH_UNIT() NAMED_UNIT(*) SI_UNIT(.MILLI.,.METRE.) );
#8730 = ( NAMED_UNIT(*) PLANE_ANGLE_UNIT() SI_UNIT($,.RADIAN.) );
#8731 = ( NAMED_UNIT(*) SI_UNIT($,.STERADIAN.) SOLID_ANGLE_UNIT() );
#8732 = UNCERTAINTY_MEASURE_WITH_UNIT(LENGTH_MEASURE(1.E-07),#8729,
  'distance_accuracy_value','confusion accuracy');
#8733 = SHAPE_DEFINITION_REPRESENTATION(#8734,#8715);
#8734 = PRODUCT_DEFINITION_SHAPE('','',#8735);
#8735 = PRODUCT_DEFINITION('design','',#8736,#8739);
#8736 = PRODUCT_DEFINITION_FORMATION('','',#8737);
#8737 = PRODUCT('U17','U17','',(#8738));
#8738 = PRODUCT_CONTEXT('',#2,'mechanical');
#8739 = PRODUCT_DEFINITION_CONTEXT('part definition',#2,'design');
#8740 = CONTEXT_DEPENDENT_SHAPE_REPRESENTATION(#8741,#8743);
#8741 = ( REPRESENTATION_RELATIONSHIP('','',#8715,#10) 
REPRESENTATION_RELATIONSHIP_WITH_TRANSFORMATION(#8742) 
SHAPE_REPRESENTATION_RELATIONSHIP() );
#8742 = ITEM_DEFINED_TRANSFORMATION('','',#11,#999);
#8743 = PRODUCT_DEFINITION_SHAPE('Placement','Placement of an item',
  #8744);
#8744 = NEXT_ASSEMBLY_USAGE_OCCURRENCE('247','=>[0:1:1:248]','',#5,#8735
  ,$);
#8745 = PRODUCT_RELATED_PRODUCT_CATEGORY('part',$,(#8737));
#8746 = ADVANCED_BREP_SHAPE_REPRESENTATION('',(#11,#8747),#8759);
#8747 = MANIFOLD_SOLID_BREP('',#8748);
#8748 = CLOSED_SHELL('',(#8749));
#8749 = ADVANCED_FACE('',(#8750),#8754,.T.);
#8750 = FACE_BOUND('',#8751,.T.);
#8751 = VERTEX_LOOP('',#8752);
#8752 = VERTEX_POINT('',#8753);
#8753 = CARTESIAN_POINT('',(1.255262969126E-17,-3.074507554457E-33,
    -0.205));
#8754 = SPHERICAL_SURFACE('',#8755,0.205);
#8755 = AXIS2_PLACEMENT_3D('',#8756,#8757,#8758);
#8756 = CARTESIAN_POINT('',(0.,0.,0.));
#8757 = DIRECTION('',(0.,0.,1.));
#8758 = DIRECTION('',(1.,0.,-0.));
#8759 = ( GEOMETRIC_REPRESENTATION_CONTEXT(3) 
GLOBAL_UNCERTAINTY_ASSIGNED_CONTEXT((#8763)) 
GLOBAL_UNIT_ASSIGNED_CONTEXT((#8760,#8761,#8762)) REPRESENTATION_CONTEXT
('Context #1','3D Context with UNIT and UNCERTAINTY') );
#8760 = ( LENGTH_UNIT() NAMED_UNIT(*) SI_UNIT(.MILLI.,.METRE.) );
#8761 = ( NAMED_UNIT(*) PLANE_ANGLE_UNIT() SI_UNIT($,.RADIAN.) );
#8762 = ( NAMED_UNIT(*) SI_UNIT($,.STERADIAN.) SOLID_ANGLE_UNIT() );
#8763 = UNCERTAINTY_MEASURE_WITH_UNIT(LENGTH_MEASURE(1.E-07),#8760,
  'distance_accuracy_value','confusion accuracy');
#8764 = SHAPE_DEFINITION_REPRESENTATION(#8765,#8746);
#8765 = PRODUCT_DEFINITION_SHAPE('','',#8766);
#8766 = PRODUCT_DEFINITION('design','',#8767,#8770);
#8767 = PRODUCT_DEFINITION_FORMATION('','',#8768);
#8768 = PRODUCT('U18','U18','',(#8769));
#8769 = PRODUCT_CONTEXT('',#2,'mechanical');
#8770 = PRODUCT_DEFINITION_CONTEXT('part definition',#2,'design');
#8771 = CONTEXT_DEPENDENT_SHAPE_REPRESENTATION(#8772,#8774);
#8772 = ( REPRESENTATION_RELATIONSHIP('','',#8746,#10) 
REPRESENTATION_RELATIONSHIP_WITH_TRANSFORMATION(#8773) 
SHAPE_REPRESENTATION_RELATIONSHIP() );
#8773 = ITEM_DEFINED_TRANSFORMATION('','',#11,#1003);
#8774 = PRODUCT_DEFINITION_SHAPE('Placement','Placement of an item',
  #8775);
#8775 = NEXT_ASSEMBLY_USAGE_OCCURRENCE('248','=>[0:1:1:249]','',#5,#8766
  ,$);
#8776 = PRODUCT_RELATED_PRODUCT_CATEGORY('part',$,(#8768));
#8777 = ADVANCED_BREP_SHAPE_REPRESENTATION('',(#11,#8778),#8790);
#8778 = MANIFOLD_SOLID_BREP('',#8779);
#8779 = CLOSED_SHELL('',(#8780));
#8780 = ADVANCED_FACE('',(#8781),#8785,.T.);
#8781 = FACE_BOUND('',#8782,.T.);
#8782 = VERTEX_LOOP('',#8783);
#8783 = VERTEX_POINT('',#8784);
#8784 = CARTESIAN_POINT('',(1.255262969126E-17,-3.074507554457E-33,
    -0.205));
#8785 = SPHERICAL_SURFACE('',#8786,0.205);
#8786 = AXIS2_PLACEMENT_3D('',#8787,#8788,#8789);
#8787 = CARTESIAN_POINT('',(0.,0.,0.));
#8788 = DIRECTION('',(0.,0.,1.));
#8789 = DIRECTION('',(1.,0.,-0.));
#8790 = ( GEOMETRIC_REPRESENTATION_CONTEXT(3) 
GLOBAL_UNCERTAINTY_ASSIGNED_CONTEXT((#8794)) 
GLOBAL_UNIT_ASSIGNED_CONTEXT((#8791,#8792,#8793)) REPRESENTATION_CONTEXT
('Context #1','3D Context with UNIT and UNCERTAINTY') );
#8791 = ( LENGTH_UNIT() NAMED_UNIT(*) SI_UNIT(.MILLI.,.METRE.) );
#8792 = ( NAMED_UNIT(*) PLANE_ANGLE_UNIT() SI_UNIT($,.RADIAN.) );
#8793 = ( NAMED_UNIT(*) SI_UNIT($,.STERADIAN.) SOLID_ANGLE_UNIT() );
#8794 = UNCERTAINTY_MEASURE_WITH_UNIT(LENGTH_MEASURE(1.E-07),#8791,
  'distance_accuracy_value','confusion accuracy');
#8795 = SHAPE_DEFINITION_REPRESENTATION(#8796,#8777);
#8796 = PRODUCT_DEFINITION_SHAPE('','',#8797);
#8797 = PRODUCT_DEFINITION('design','',#8798,#8801);
#8798 = PRODUCT_DEFINITION_FORMATION('','',#8799);
#8799 = PRODUCT('V1','V1','',(#8800));
#8800 = PRODUCT_CONTEXT('',#2,'mechanical');
#8801 = PRODUCT_DEFINITION_CONTEXT('part definition',#2,'design');
#8802 = CONTEXT_DEPENDENT_SHAPE_REPRESENTATION(#8803,#8805);
#8803 = ( REPRESENTATION_RELATIONSHIP('','',#8777,#10) 
REPRESENTATION_RELATIONSHIP_WITH_TRANSFORMATION(#8804) 
SHAPE_REPRESENTATION_RELATIONSHIP() );
#8804 = ITEM_DEFINED_TRANSFORMATION('','',#11,#1007);
#8805 = PRODUCT_DEFINITION_SHAPE('Placement','Placement of an item',
  #8806);
#8806 = NEXT_ASSEMBLY_USAGE_OCCURRENCE('249','=>[0:1:1:250]','',#5,#8797
  ,$);
#8807 = PRODUCT_RELATED_PRODUCT_CATEGORY('part',$,(#8799));
#8808 = ADVANCED_BREP_SHAPE_REPRESENTATION('',(#11,#8809),#8821);
#8809 = MANIFOLD_SOLID_BREP('',#8810);
#8810 = CLOSED_SHELL('',(#8811));
#8811 = ADVANCED_FACE('',(#8812),#8816,.T.);
#8812 = FACE_BOUND('',#8813,.T.);
#8813 = VERTEX_LOOP('',#8814);
#8814 = VERTEX_POINT('',#8815);
#8815 = CARTESIAN_POINT('',(1.255262969126E-17,-3.074507554457E-33,
    -0.205));
#8816 = SPHERICAL_SURFACE('',#8817,0.205);
#8817 = AXIS2_PLACEMENT_3D('',#8818,#8819,#8820);
#8818 = CARTESIAN_POINT('',(0.,0.,0.));
#8819 = DIRECTION('',(0.,0.,1.));
#8820 = DIRECTION('',(1.,0.,-0.));
#8821 = ( GEOMETRIC_REPRESENTATION_CONTEXT(3) 
GLOBAL_UNCERTAINTY_ASSIGNED_CONTEXT((#8825)) 
GLOBAL_UNIT_ASSIGNED_CONTEXT((#8822,#8823,#8824)) REPRESENTATION_CONTEXT
('Context #1','3D Context with UNIT and UNCERTAINTY') );
#8822 = ( LENGTH_UNIT() NAMED_UNIT(*) SI_UNIT(.MILLI.,.METRE.) );
#8823 = ( NAMED_UNIT(*) PLANE_ANGLE_UNIT() SI_UNIT($,.RADIAN.) );
#8824 = ( NAMED_UNIT(*) SI_UNIT($,.STERADIAN.) SOLID_ANGLE_UNIT() );
#8825 = UNCERTAINTY_MEASURE_WITH_UNIT(LENGTH_MEASURE(1.E-07),#8822,
  'distance_accuracy_value','confusion accuracy');
#8826 = SHAPE_DEFINITION_REPRESENTATION(#8827,#8808);
#8827 = PRODUCT_DEFINITION_SHAPE('','',#8828);
#8828 = PRODUCT_DEFINITION('design','',#8829,#8832);
#8829 = PRODUCT_DEFINITION_FORMATION('','',#8830);
#8830 = PRODUCT('V2','V2','',(#8831));
#8831 = PRODUCT_CONTEXT('',#2,'mechanical');
#8832 = PRODUCT_DEFINITION_CONTEXT('part definition',#2,'design');
#8833 = CONTEXT_DEPENDENT_SHAPE_REPRESENTATION(#8834,#8836);
#8834 = ( REPRESENTATION_RELATIONSHIP('','',#8808,#10) 
REPRESENTATION_RELATIONSHIP_WITH_TRANSFORMATION(#8835) 
SHAPE_REPRESENTATION_RELATIONSHIP() );
#8835 = ITEM_DEFINED_TRANSFORMATION('','',#11,#1011);
#8836 = PRODUCT_DEFINITION_SHAPE('Placement','Placement of an item',
  #8837);
#8837 = NEXT_ASSEMBLY_USAGE_OCCURRENCE('250','=>[0:1:1:251]','',#5,#8828
  ,$);
#8838 = PRODUCT_RELATED_PRODUCT_CATEGORY('part',$,(#8830));
#8839 = ADVANCED_BREP_SHAPE_REPRESENTATION('',(#11,#8840),#8852);
#8840 = MANIFOLD_SOLID_BREP('',#8841);
#8841 = CLOSED_SHELL('',(#8842));
#8842 = ADVANCED_FACE('',(#8843),#8847,.T.);
#8843 = FACE_BOUND('',#8844,.T.);
#8844 = VERTEX_LOOP('',#8845);
#8845 = VERTEX_POINT('',#8846);
#8846 = CARTESIAN_POINT('',(1.255262969126E-17,-3.074507554457E-33,
    -0.205));
#8847 = SPHERICAL_SURFACE('',#8848,0.205);
#8848 = AXIS2_PLACEMENT_3D('',#8849,#8850,#8851);
#8849 = CARTESIAN_POINT('',(0.,0.,0.));
#8850 = DIRECTION('',(0.,0.,1.));
#8851 = DIRECTION('',(1.,0.,-0.));
#8852 = ( GEOMETRIC_REPRESENTATION_CONTEXT(3) 
GLOBAL_UNCERTAINTY_ASSIGNED_CONTEXT((#8856)) 
GLOBAL_UNIT_ASSIGNED_CONTEXT((#8853,#8854,#8855)) REPRESENTATION_CONTEXT
('Context #1','3D Context with UNIT and UNCERTAINTY') );
#8853 = ( LENGTH_UNIT() NAMED_UNIT(*) SI_UNIT(.MILLI.,.METRE.) );
#8854 = ( NAMED_UNIT(*) PLANE_ANGLE_UNIT() SI_UNIT($,.RADIAN.) );
#8855 = ( NAMED_UNIT(*) SI_UNIT($,.STERADIAN.) SOLID_ANGLE_UNIT() );
#8856 = UNCERTAINTY_MEASURE_WITH_UNIT(LENGTH_MEASURE(1.E-07),#8853,
  'distance_accuracy_value','confusion accuracy');
#8857 = SHAPE_DEFINITION_REPRESENTATION(#8858,#8839);
#8858 = PRODUCT_DEFINITION_SHAPE('','',#8859);
#8859 = PRODUCT_DEFINITION('design','',#8860,#8863);
#8860 = PRODUCT_DEFINITION_FORMATION('','',#8861);
#8861 = PRODUCT('V3','V3','',(#8862));
#8862 = PRODUCT_CONTEXT('',#2,'mechanical');
#8863 = PRODUCT_DEFINITION_CONTEXT('part definition',#2,'design');
#8864 = CONTEXT_DEPENDENT_SHAPE_REPRESENTATION(#8865,#8867);
#8865 = ( REPRESENTATION_RELATIONSHIP('','',#8839,#10) 
REPRESENTATION_RELATIONSHIP_WITH_TRANSFORMATION(#8866) 
SHAPE_REPRESENTATION_RELATIONSHIP() );
#8866 = ITEM_DEFINED_TRANSFORMATION('','',#11,#1015);
#8867 = PRODUCT_DEFINITION_SHAPE('Placement','Placement of an item',
  #8868);
#8868 = NEXT_ASSEMBLY_USAGE_OCCURRENCE('251','=>[0:1:1:252]','',#5,#8859
  ,$);
#8869 = PRODUCT_RELATED_PRODUCT_CATEGORY('part',$,(#8861));
#8870 = ADVANCED_BREP_SHAPE_REPRESENTATION('',(#11,#8871),#8883);
#8871 = MANIFOLD_SOLID_BREP('',#8872);
#8872 = CLOSED_SHELL('',(#8873));
#8873 = ADVANCED_FACE('',(#8874),#8878,.T.);
#8874 = FACE_BOUND('',#8875,.T.);
#8875 = VERTEX_LOOP('',#8876);
#8876 = VERTEX_POINT('',#8877);
#8877 = CARTESIAN_POINT('',(1.255262969126E-17,-3.074507554457E-33,
    -0.205));
#8878 = SPHERICAL_SURFACE('',#8879,0.205);
#8879 = AXIS2_PLACEMENT_3D('',#8880,#8881,#8882);
#8880 = CARTESIAN_POINT('',(0.,0.,0.));
#8881 = DIRECTION('',(0.,0.,1.));
#8882 = DIRECTION('',(1.,0.,-0.));
#8883 = ( GEOMETRIC_REPRESENTATION_CONTEXT(3) 
GLOBAL_UNCERTAINTY_ASSIGNED_CONTEXT((#8887)) 
GLOBAL_UNIT_ASSIGNED_CONTEXT((#8884,#8885,#8886)) REPRESENTATION_CONTEXT
('Context #1','3D Context with UNIT and UNCERTAINTY') );
#8884 = ( LENGTH_UNIT() NAMED_UNIT(*) SI_UNIT(.MILLI.,.METRE.) );
#8885 = ( NAMED_UNIT(*) PLANE_ANGLE_UNIT() SI_UNIT($,.RADIAN.) );
#8886 = ( NAMED_UNIT(*) SI_UNIT($,.STERADIAN.) SOLID_ANGLE_UNIT() );
#8887 = UNCERTAINTY_MEASURE_WITH_UNIT(LENGTH_MEASURE(1.E-07),#8884,
  'distance_accuracy_value','confusion accuracy');
#8888 = SHAPE_DEFINITION_REPRESENTATION(#8889,#8870);
#8889 = PRODUCT_DEFINITION_SHAPE('','',#8890);
#8890 = PRODUCT_DEFINITION('design','',#8891,#8894);
#8891 = PRODUCT_DEFINITION_FORMATION('','',#8892);
#8892 = PRODUCT('V4','V4','',(#8893));
#8893 = PRODUCT_CONTEXT('',#2,'mechanical');
#8894 = PRODUCT_DEFINITION_CONTEXT('part definition',#2,'design');
#8895 = CONTEXT_DEPENDENT_SHAPE_REPRESENTATION(#8896,#8898);
#8896 = ( REPRESENTATION_RELATIONSHIP('','',#8870,#10) 
REPRESENTATION_RELATIONSHIP_WITH_TRANSFORMATION(#8897) 
SHAPE_REPRESENTATION_RELATIONSHIP() );
#8897 = ITEM_DEFINED_TRANSFORMATION('','',#11,#1019);
#8898 = PRODUCT_DEFINITION_SHAPE('Placement','Placement of an item',
  #8899);
#8899 = NEXT_ASSEMBLY_USAGE_OCCURRENCE('252','=>[0:1:1:253]','',#5,#8890
  ,$);
#8900 = PRODUCT_RELATED_PRODUCT_CATEGORY('part',$,(#8892));
#8901 = ADVANCED_BREP_SHAPE_REPRESENTATION('',(#11,#8902),#8914);
#8902 = MANIFOLD_SOLID_BREP('',#8903);
#8903 = CLOSED_SHELL('',(#8904));
#8904 = ADVANCED_FACE('',(#8905),#8909,.T.);
#8905 = FACE_BOUND('',#8906,.T.);
#8906 = VERTEX_LOOP('',#8907);
#8907 = VERTEX_POINT('',#8908);
#8908 = CARTESIAN_POINT('',(1.255262969126E-17,-3.074507554457E-33,
    -0.205));
#8909 = SPHERICAL_SURFACE('',#8910,0.205);
#8910 = AXIS2_PLACEMENT_3D('',#8911,#8912,#8913);
#8911 = CARTESIAN_POINT('',(0.,0.,0.));
#8912 = DIRECTION('',(0.,0.,1.));
#8913 = DIRECTION('',(1.,0.,-0.));
#8914 = ( GEOMETRIC_REPRESENTATION_CONTEXT(3) 
GLOBAL_UNCERTAINTY_ASSIGNED_CONTEXT((#8918)) 
GLOBAL_UNIT_ASSIGNED_CONTEXT((#8915,#8916,#8917)) REPRESENTATION_CONTEXT
('Context #1','3D Context with UNIT and UNCERTAINTY') );
#8915 = ( LENGTH_UNIT() NAMED_UNIT(*) SI_UNIT(.MILLI.,.METRE.) );
#8916 = ( NAMED_UNIT(*) PLANE_ANGLE_UNIT() SI_UNIT($,.RADIAN.) );
#8917 = ( NAMED_UNIT(*) SI_UNIT($,.STERADIAN.) SOLID_ANGLE_UNIT() );
#8918 = UNCERTAINTY_MEASURE_WITH_UNIT(LENGTH_MEASURE(1.E-07),#8915,
  'distance_accuracy_value','confusion accuracy');
#8919 = SHAPE_DEFINITION_REPRESENTATION(#8920,#8901);
#8920 = PRODUCT_DEFINITION_SHAPE('','',#8921);
#8921 = PRODUCT_DEFINITION('design','',#8922,#8925);
#8922 = PRODUCT_DEFINITION_FORMATION('','',#8923);
#8923 = PRODUCT('V5','V5','',(#8924));
#8924 = PRODUCT_CONTEXT('',#2,'mechanical');
#8925 = PRODUCT_DEFINITION_CONTEXT('part definition',#2,'design');
#8926 = CONTEXT_DEPENDENT_SHAPE_REPRESENTATION(#8927,#8929);
#8927 = ( REPRESENTATION_RELATIONSHIP('','',#8901,#10) 
REPRESENTATION_RELATIONSHIP_WITH_TRANSFORMATION(#8928) 
SHAPE_REPRESENTATION_RELATIONSHIP() );
#8928 = ITEM_DEFINED_TRANSFORMATION('','',#11,#1023);
#8929 = PRODUCT_DEFINITION_SHAPE('Placement','Placement of an item',
  #8930);
#8930 = NEXT_ASSEMBLY_USAGE_OCCURRENCE('253','=>[0:1:1:254]','',#5,#8921
  ,$);
#8931 = PRODUCT_RELATED_PRODUCT_CATEGORY('part',$,(#8923));
#8932 = ADVANCED_BREP_SHAPE_REPRESENTATION('',(#11,#8933),#8945);
#8933 = MANIFOLD_SOLID_BREP('',#8934);
#8934 = CLOSED_SHELL('',(#8935));
#8935 = ADVANCED_FACE('',(#8936),#8940,.T.);
#8936 = FACE_BOUND('',#8937,.T.);
#8937 = VERTEX_LOOP('',#8938);
#8938 = VERTEX_POINT('',#8939);
#8939 = CARTESIAN_POINT('',(1.255262969126E-17,-3.074507554457E-33,
    -0.205));
#8940 = SPHERICAL_SURFACE('',#8941,0.205);
#8941 = AXIS2_PLACEMENT_3D('',#8942,#8943,#8944);
#8942 = CARTESIAN_POINT('',(0.,0.,0.));
#8943 = DIRECTION('',(0.,0.,1.));
#8944 = DIRECTION('',(1.,0.,-0.));
#8945 = ( GEOMETRIC_REPRESENTATION_CONTEXT(3) 
GLOBAL_UNCERTAINTY_ASSIGNED_CONTEXT((#8949)) 
GLOBAL_UNIT_ASSIGNED_CONTEXT((#8946,#8947,#8948)) REPRESENTATION_CONTEXT
('Context #1','3D Context with UNIT and UNCERTAINTY') );
#8946 = ( LENGTH_UNIT() NAMED_UNIT(*) SI_UNIT(.MILLI.,.METRE.) );
#8947 = ( NAMED_UNIT(*) PLANE_ANGLE_UNIT() SI_UNIT($,.RADIAN.) );
#8948 = ( NAMED_UNIT(*) SI_UNIT($,.STERADIAN.) SOLID_ANGLE_UNIT() );
#8949 = UNCERTAINTY_MEASURE_WITH_UNIT(LENGTH_MEASURE(1.E-07),#8946,
  'distance_accuracy_value','confusion accuracy');
#8950 = SHAPE_DEFINITION_REPRESENTATION(#8951,#8932);
#8951 = PRODUCT_DEFINITION_SHAPE('','',#8952);
#8952 = PRODUCT_DEFINITION('design','',#8953,#8956);
#8953 = PRODUCT_DEFINITION_FORMATION('','',#8954);
#8954 = PRODUCT('V6','V6','',(#8955));
#8955 = PRODUCT_CONTEXT('',#2,'mechanical');
#8956 = PRODUCT_DEFINITION_CONTEXT('part definition',#2,'design');
#8957 = CONTEXT_DEPENDENT_SHAPE_REPRESENTATION(#8958,#8960);
#8958 = ( REPRESENTATION_RELATIONSHIP('','',#8932,#10) 
REPRESENTATION_RELATIONSHIP_WITH_TRANSFORMATION(#8959) 
SHAPE_REPRESENTATION_RELATIONSHIP() );
#8959 = ITEM_DEFINED_TRANSFORMATION('','',#11,#1027);
#8960 = PRODUCT_DEFINITION_SHAPE('Placement','Placement of an item',
  #8961);
#8961 = NEXT_ASSEMBLY_USAGE_OCCURRENCE('254','=>[0:1:1:255]','',#5,#8952
  ,$);
#8962 = PRODUCT_RELATED_PRODUCT_CATEGORY('part',$,(#8954));
#8963 = ADVANCED_BREP_SHAPE_REPRESENTATION('',(#11,#8964),#8976);
#8964 = MANIFOLD_SOLID_BREP('',#8965);
#8965 = CLOSED_SHELL('',(#8966));
#8966 = ADVANCED_FACE('',(#8967),#8971,.T.);
#8967 = FACE_BOUND('',#8968,.T.);
#8968 = VERTEX_LOOP('',#8969);
#8969 = VERTEX_POINT('',#8970);
#8970 = CARTESIAN_POINT('',(1.255262969126E-17,-3.074507554457E-33,
    -0.205));
#8971 = SPHERICAL_SURFACE('',#8972,0.205);
#8972 = AXIS2_PLACEMENT_3D('',#8973,#8974,#8975);
#8973 = CARTESIAN_POINT('',(0.,0.,0.));
#8974 = DIRECTION('',(0.,0.,1.));
#8975 = DIRECTION('',(1.,0.,-0.));
#8976 = ( GEOMETRIC_REPRESENTATION_CONTEXT(3) 
GLOBAL_UNCERTAINTY_ASSIGNED_CONTEXT((#8980)) 
GLOBAL_UNIT_ASSIGNED_CONTEXT((#8977,#8978,#8979)) REPRESENTATION_CONTEXT
('Context #1','3D Context with UNIT and UNCERTAINTY') );
#8977 = ( LENGTH_UNIT() NAMED_UNIT(*) SI_UNIT(.MILLI.,.METRE.) );
#8978 = ( NAMED_UNIT(*) PLANE_ANGLE_UNIT() SI_UNIT($,.RADIAN.) );
#8979 = ( NAMED_UNIT(*) SI_UNIT($,.STERADIAN.) SOLID_ANGLE_UNIT() );
#8980 = UNCERTAINTY_MEASURE_WITH_UNIT(LENGTH_MEASURE(1.E-07),#8977,
  'distance_accuracy_value','confusion accuracy');
#8981 = SHAPE_DEFINITION_REPRESENTATION(#8982,#8963);
#8982 = PRODUCT_DEFINITION_SHAPE('','',#8983);
#8983 = PRODUCT_DEFINITION('design','',#8984,#8987);
#8984 = PRODUCT_DEFINITION_FORMATION('','',#8985);
#8985 = PRODUCT('V7','V7','',(#8986));
#8986 = PRODUCT_CONTEXT('',#2,'mechanical');
#8987 = PRODUCT_DEFINITION_CONTEXT('part definition',#2,'design');
#8988 = CONTEXT_DEPENDENT_SHAPE_REPRESENTATION(#8989,#8991);
#8989 = ( REPRESENTATION_RELATIONSHIP('','',#8963,#10) 
REPRESENTATION_RELATIONSHIP_WITH_TRANSFORMATION(#8990) 
SHAPE_REPRESENTATION_RELATIONSHIP() );
#8990 = ITEM_DEFINED_TRANSFORMATION('','',#11,#1031);
#8991 = PRODUCT_DEFINITION_SHAPE('Placement','Placement of an item',
  #8992);
#8992 = NEXT_ASSEMBLY_USAGE_OCCURRENCE('255','=>[0:1:1:256]','',#5,#8983
  ,$);
#8993 = PRODUCT_RELATED_PRODUCT_CATEGORY('part',$,(#8985));
#8994 = ADVANCED_BREP_SHAPE_REPRESENTATION('',(#11,#8995),#9007);
#8995 = MANIFOLD_SOLID_BREP('',#8996);
#8996 = CLOSED_SHELL('',(#8997));
#8997 = ADVANCED_FACE('',(#8998),#9002,.T.);
#8998 = FACE_BOUND('',#8999,.T.);
#8999 = VERTEX_LOOP('',#9000);
#9000 = VERTEX_POINT('',#9001);
#9001 = CARTESIAN_POINT('',(1.255262969126E-17,-3.074507554457E-33,
    -0.205));
#9002 = SPHERICAL_SURFACE('',#9003,0.205);
#9003 = AXIS2_PLACEMENT_3D('',#9004,#9005,#9006);
#9004 = CARTESIAN_POINT('',(0.,0.,0.));
#9005 = DIRECTION('',(0.,0.,1.));
#9006 = DIRECTION('',(1.,0.,-0.));
#9007 = ( GEOMETRIC_REPRESENTATION_CONTEXT(3) 
GLOBAL_UNCERTAINTY_ASSIGNED_CONTEXT((#9011)) 
GLOBAL_UNIT_ASSIGNED_CONTEXT((#9008,#9009,#9010)) REPRESENTATION_CONTEXT
('Context #1','3D Context with UNIT and UNCERTAINTY') );
#9008 = ( LENGTH_UNIT() NAMED_UNIT(*) SI_UNIT(.MILLI.,.METRE.) );
#9009 = ( NAMED_UNIT(*) PLANE_ANGLE_UNIT() SI_UNIT($,.RADIAN.) );
#9010 = ( NAMED_UNIT(*) SI_UNIT($,.STERADIAN.) SOLID_ANGLE_UNIT() );
#9011 = UNCERTAINTY_MEASURE_WITH_UNIT(LENGTH_MEASURE(1.E-07),#9008,
  'distance_accuracy_value','confusion accuracy');
#9012 = SHAPE_DEFINITION_REPRESENTATION(#9013,#8994);
#9013 = PRODUCT_DEFINITION_SHAPE('','',#9014);
#9014 = PRODUCT_DEFINITION('design','',#9015,#9018);
#9015 = PRODUCT_DEFINITION_FORMATION('','',#9016);
#9016 = PRODUCT('V8','V8','',(#9017));
#9017 = PRODUCT_CONTEXT('',#2,'mechanical');
#9018 = PRODUCT_DEFINITION_CONTEXT('part definition',#2,'design');
#9019 = CONTEXT_DEPENDENT_SHAPE_REPRESENTATION(#9020,#9022);
#9020 = ( REPRESENTATION_RELATIONSHIP('','',#8994,#10) 
REPRESENTATION_RELATIONSHIP_WITH_TRANSFORMATION(#9021) 
SHAPE_REPRESENTATION_RELATIONSHIP() );
#9021 = ITEM_DEFINED_TRANSFORMATION('','',#11,#1035);
#9022 = PRODUCT_DEFINITION_SHAPE('Placement','Placement of an item',
  #9023);
#9023 = NEXT_ASSEMBLY_USAGE_OCCURRENCE('256','=>[0:1:1:257]','',#5,#9014
  ,$);
#9024 = PRODUCT_RELATED_PRODUCT_CATEGORY('part',$,(#9016));
#9025 = ADVANCED_BREP_SHAPE_REPRESENTATION('',(#11,#9026),#9038);
#9026 = MANIFOLD_SOLID_BREP('',#9027);
#9027 = CLOSED_SHELL('',(#9028));
#9028 = ADVANCED_FACE('',(#9029),#9033,.T.);
#9029 = FACE_BOUND('',#9030,.T.);
#9030 = VERTEX_LOOP('',#9031);
#9031 = VERTEX_POINT('',#9032);
#9032 = CARTESIAN_POINT('',(1.255262969126E-17,-3.074507554457E-33,
    -0.205));
#9033 = SPHERICAL_SURFACE('',#9034,0.205);
#9034 = AXIS2_PLACEMENT_3D('',#9035,#9036,#9037);
#9035 = CARTESIAN_POINT('',(0.,0.,0.));
#9036 = DIRECTION('',(0.,0.,1.));
#9037 = DIRECTION('',(1.,0.,-0.));
#9038 = ( GEOMETRIC_REPRESENTATION_CONTEXT(3) 
GLOBAL_UNCERTAINTY_ASSIGNED_CONTEXT((#9042)) 
GLOBAL_UNIT_ASSIGNED_CONTEXT((#9039,#9040,#9041)) REPRESENTATION_CONTEXT
('Context #1','3D Context with UNIT and UNCERTAINTY') );
#9039 = ( LENGTH_UNIT() NAMED_UNIT(*) SI_UNIT(.MILLI.,.METRE.) );
#9040 = ( NAMED_UNIT(*) PLANE_ANGLE_UNIT() SI_UNIT($,.RADIAN.) );
#9041 = ( NAMED_UNIT(*) SI_UNIT($,.STERADIAN.) SOLID_ANGLE_UNIT() );
#9042 = UNCERTAINTY_MEASURE_WITH_UNIT(LENGTH_MEASURE(1.E-07),#9039,
  'distance_accuracy_value','confusion accuracy');
#9043 = SHAPE_DEFINITION_REPRESENTATION(#9044,#9025);
#9044 = PRODUCT_DEFINITION_SHAPE('','',#9045);
#9045 = PRODUCT_DEFINITION('design','',#9046,#9049);
#9046 = PRODUCT_DEFINITION_FORMATION('','',#9047);
#9047 = PRODUCT('V9','V9','',(#9048));
#9048 = PRODUCT_CONTEXT('',#2,'mechanical');
#9049 = PRODUCT_DEFINITION_CONTEXT('part definition',#2,'design');
#9050 = CONTEXT_DEPENDENT_SHAPE_REPRESENTATION(#9051,#9053);
#9051 = ( REPRESENTATION_RELATIONSHIP('','',#9025,#10) 
REPRESENTATION_RELATIONSHIP_WITH_TRANSFORMATION(#9052) 
SHAPE_REPRESENTATION_RELATIONSHIP() );
#9052 = ITEM_DEFINED_TRANSFORMATION('','',#11,#1039);
#9053 = PRODUCT_DEFINITION_SHAPE('Placement','Placement of an item',
  #9054);
#9054 = NEXT_ASSEMBLY_USAGE_OCCURRENCE('257','=>[0:1:1:258]','',#5,#9045
  ,$);
#9055 = PRODUCT_RELATED_PRODUCT_CATEGORY('part',$,(#9047));
#9056 = ADVANCED_BREP_SHAPE_REPRESENTATION('',(#11,#9057),#9069);
#9057 = MANIFOLD_SOLID_BREP('',#9058);
#9058 = CLOSED_SHELL('',(#9059));
#9059 = ADVANCED_FACE('',(#9060),#9064,.T.);
#9060 = FACE_BOUND('',#9061,.T.);
#9061 = VERTEX_LOOP('',#9062);
#9062 = VERTEX_POINT('',#9063);
#9063 = CARTESIAN_POINT('',(1.255262969126E-17,-3.074507554457E-33,
    -0.205));
#9064 = SPHERICAL_SURFACE('',#9065,0.205);
#9065 = AXIS2_PLACEMENT_3D('',#9066,#9067,#9068);
#9066 = CARTESIAN_POINT('',(0.,0.,0.));
#9067 = DIRECTION('',(0.,0.,1.));
#9068 = DIRECTION('',(1.,0.,-0.));
#9069 = ( GEOMETRIC_REPRESENTATION_CONTEXT(3) 
GLOBAL_UNCERTAINTY_ASSIGNED_CONTEXT((#9073)) 
GLOBAL_UNIT_ASSIGNED_CONTEXT((#9070,#9071,#9072)) REPRESENTATION_CONTEXT
('Context #1','3D Context with UNIT and UNCERTAINTY') );
#9070 = ( LENGTH_UNIT() NAMED_UNIT(*) SI_UNIT(.MILLI.,.METRE.) );
#9071 = ( NAMED_UNIT(*) PLANE_ANGLE_UNIT() SI_UNIT($,.RADIAN.) );
#9072 = ( NAMED_UNIT(*) SI_UNIT($,.STERADIAN.) SOLID_ANGLE_UNIT() );
#9073 = UNCERTAINTY_MEASURE_WITH_UNIT(LENGTH_MEASURE(1.E-07),#9070,
  'distance_accuracy_value','confusion accuracy');
#9074 = SHAPE_DEFINITION_REPRESENTATION(#9075,#9056);
#9075 = PRODUCT_DEFINITION_SHAPE('','',#9076);
#9076 = PRODUCT_DEFINITION('design','',#9077,#9080);
#9077 = PRODUCT_DEFINITION_FORMATION('','',#9078);
#9078 = PRODUCT('V10','V10','',(#9079));
#9079 = PRODUCT_CONTEXT('',#2,'mechanical');
#9080 = PRODUCT_DEFINITION_CONTEXT('part definition',#2,'design');
#9081 = CONTEXT_DEPENDENT_SHAPE_REPRESENTATION(#9082,#9084);
#9082 = ( REPRESENTATION_RELATIONSHIP('','',#9056,#10) 
REPRESENTATION_RELATIONSHIP_WITH_TRANSFORMATION(#9083) 
SHAPE_REPRESENTATION_RELATIONSHIP() );
#9083 = ITEM_DEFINED_TRANSFORMATION('','',#11,#1043);
#9084 = PRODUCT_DEFINITION_SHAPE('Placement','Placement of an item',
  #9085);
#9085 = NEXT_ASSEMBLY_USAGE_OCCURRENCE('258','=>[0:1:1:259]','',#5,#9076
  ,$);
#9086 = PRODUCT_RELATED_PRODUCT_CATEGORY('part',$,(#9078));
#9087 = ADVANCED_BREP_SHAPE_REPRESENTATION('',(#11,#9088),#9100);
#9088 = MANIFOLD_SOLID_BREP('',#9089);
#9089 = CLOSED_SHELL('',(#9090));
#9090 = ADVANCED_FACE('',(#9091),#9095,.T.);
#9091 = FACE_BOUND('',#9092,.T.);
#9092 = VERTEX_LOOP('',#9093);
#9093 = VERTEX_POINT('',#9094);
#9094 = CARTESIAN_POINT('',(1.255262969126E-17,-3.074507554457E-33,
    -0.205));
#9095 = SPHERICAL_SURFACE('',#9096,0.205);
#9096 = AXIS2_PLACEMENT_3D('',#9097,#9098,#9099);
#9097 = CARTESIAN_POINT('',(0.,0.,0.));
#9098 = DIRECTION('',(0.,0.,1.));
#9099 = DIRECTION('',(1.,0.,-0.));
#9100 = ( GEOMETRIC_REPRESENTATION_CONTEXT(3) 
GLOBAL_UNCERTAINTY_ASSIGNED_CONTEXT((#9104)) 
GLOBAL_UNIT_ASSIGNED_CONTEXT((#9101,#9102,#9103)) REPRESENTATION_CONTEXT
('Context #1','3D Context with UNIT and UNCERTAINTY') );
#9101 = ( LENGTH_UNIT() NAMED_UNIT(*) SI_UNIT(.MILLI.,.METRE.) );
#9102 = ( NAMED_UNIT(*) PLANE_ANGLE_UNIT() SI_UNIT($,.RADIAN.) );
#9103 = ( NAMED_UNIT(*) SI_UNIT($,.STERADIAN.) SOLID_ANGLE_UNIT() );
#9104 = UNCERTAINTY_MEASURE_WITH_UNIT(LENGTH_MEASURE(1.E-07),#9101,
  'distance_accuracy_value','confusion accuracy');
#9105 = SHAPE_DEFINITION_REPRESENTATION(#9106,#9087);
#9106 = PRODUCT_DEFINITION_SHAPE('','',#9107);
#9107 = PRODUCT_DEFINITION('design','',#9108,#9111);
#9108 = PRODUCT_DEFINITION_FORMATION('','',#9109);
#9109 = PRODUCT('V11','V11','',(#9110));
#9110 = PRODUCT_CONTEXT('',#2,'mechanical');
#9111 = PRODUCT_DEFINITION_CONTEXT('part definition',#2,'design');
#9112 = CONTEXT_DEPENDENT_SHAPE_REPRESENTATION(#9113,#9115);
#9113 = ( REPRESENTATION_RELATIONSHIP('','',#9087,#10) 
REPRESENTATION_RELATIONSHIP_WITH_TRANSFORMATION(#9114) 
SHAPE_REPRESENTATION_RELATIONSHIP() );
#9114 = ITEM_DEFINED_TRANSFORMATION('','',#11,#1047);
#9115 = PRODUCT_DEFINITION_SHAPE('Placement','Placement of an item',
  #9116);
#9116 = NEXT_ASSEMBLY_USAGE_OCCURRENCE('259','=>[0:1:1:260]','',#5,#9107
  ,$);
#9117 = PRODUCT_RELATED_PRODUCT_CATEGORY('part',$,(#9109));
#9118 = ADVANCED_BREP_SHAPE_REPRESENTATION('',(#11,#9119),#9131);
#9119 = MANIFOLD_SOLID_BREP('',#9120);
#9120 = CLOSED_SHELL('',(#9121));
#9121 = ADVANCED_FACE('',(#9122),#9126,.T.);
#9122 = FACE_BOUND('',#9123,.T.);
#9123 = VERTEX_LOOP('',#9124);
#9124 = VERTEX_POINT('',#9125);
#9125 = CARTESIAN_POINT('',(1.255262969126E-17,-3.074507554457E-33,
    -0.205));
#9126 = SPHERICAL_SURFACE('',#9127,0.205);
#9127 = AXIS2_PLACEMENT_3D('',#9128,#9129,#9130);
#9128 = CARTESIAN_POINT('',(0.,0.,0.));
#9129 = DIRECTION('',(0.,0.,1.));
#9130 = DIRECTION('',(1.,0.,-0.));
#9131 = ( GEOMETRIC_REPRESENTATION_CONTEXT(3) 
GLOBAL_UNCERTAINTY_ASSIGNED_CONTEXT((#9135)) 
GLOBAL_UNIT_ASSIGNED_CONTEXT((#9132,#9133,#9134)) REPRESENTATION_CONTEXT
('Context #1','3D Context with UNIT and UNCERTAINTY') );
#9132 = ( LENGTH_UNIT() NAMED_UNIT(*) SI_UNIT(.MILLI.,.METRE.) );
#9133 = ( NAMED_UNIT(*) PLANE_ANGLE_UNIT() SI_UNIT($,.RADIAN.) );
#9134 = ( NAMED_UNIT(*) SI_UNIT($,.STERADIAN.) SOLID_ANGLE_UNIT() );
#9135 = UNCERTAINTY_MEASURE_WITH_UNIT(LENGTH_MEASURE(1.E-07),#9132,
  'distance_accuracy_value','confusion accuracy');
#9136 = SHAPE_DEFINITION_REPRESENTATION(#9137,#9118);
#9137 = PRODUCT_DEFINITION_SHAPE('','',#9138);
#9138 = PRODUCT_DEFINITION('design','',#9139,#9142);
#9139 = PRODUCT_DEFINITION_FORMATION('','',#9140);
#9140 = PRODUCT('V12','V12','',(#9141));
#9141 = PRODUCT_CONTEXT('',#2,'mechanical');
#9142 = PRODUCT_DEFINITION_CONTEXT('part definition',#2,'design');
#9143 = CONTEXT_DEPENDENT_SHAPE_REPRESENTATION(#9144,#9146);
#9144 = ( REPRESENTATION_RELATIONSHIP('','',#9118,#10) 
REPRESENTATION_RELATIONSHIP_WITH_TRANSFORMATION(#9145) 
SHAPE_REPRESENTATION_RELATIONSHIP() );
#9145 = ITEM_DEFINED_TRANSFORMATION('','',#11,#1051);
#9146 = PRODUCT_DEFINITION_SHAPE('Placement','Placement of an item',
  #9147);
#9147 = NEXT_ASSEMBLY_USAGE_OCCURRENCE('260','=>[0:1:1:261]','',#5,#9138
  ,$);
#9148 = PRODUCT_RELATED_PRODUCT_CATEGORY('part',$,(#9140));
#9149 = ADVANCED_BREP_SHAPE_REPRESENTATION('',(#11,#9150),#9162);
#9150 = MANIFOLD_SOLID_BREP('',#9151);
#9151 = CLOSED_SHELL('',(#9152));
#9152 = ADVANCED_FACE('',(#9153),#9157,.T.);
#9153 = FACE_BOUND('',#9154,.T.);
#9154 = VERTEX_LOOP('',#9155);
#9155 = VERTEX_POINT('',#9156);
#9156 = CARTESIAN_POINT('',(1.255262969126E-17,-3.074507554457E-33,
    -0.205));
#9157 = SPHERICAL_SURFACE('',#9158,0.205);
#9158 = AXIS2_PLACEMENT_3D('',#9159,#9160,#9161);
#9159 = CARTESIAN_POINT('',(0.,0.,0.));
#9160 = DIRECTION('',(0.,0.,1.));
#9161 = DIRECTION('',(1.,0.,-0.));
#9162 = ( GEOMETRIC_REPRESENTATION_CONTEXT(3) 
GLOBAL_UNCERTAINTY_ASSIGNED_CONTEXT((#9166)) 
GLOBAL_UNIT_ASSIGNED_CONTEXT((#9163,#9164,#9165)) REPRESENTATION_CONTEXT
('Context #1','3D Context with UNIT and UNCERTAINTY') );
#9163 = ( LENGTH_UNIT() NAMED_UNIT(*) SI_UNIT(.MILLI.,.METRE.) );
#9164 = ( NAMED_UNIT(*) PLANE_ANGLE_UNIT() SI_UNIT($,.RADIAN.) );
#9165 = ( NAMED_UNIT(*) SI_UNIT($,.STERADIAN.) SOLID_ANGLE_UNIT() );
#9166 = UNCERTAINTY_MEASURE_WITH_UNIT(LENGTH_MEASURE(1.E-07),#9163,
  'distance_accuracy_value','confusion accuracy');
#9167 = SHAPE_DEFINITION_REPRESENTATION(#9168,#9149);
#9168 = PRODUCT_DEFINITION_SHAPE('','',#9169);
#9169 = PRODUCT_DEFINITION('design','',#9170,#9173);
#9170 = PRODUCT_DEFINITION_FORMATION('','',#9171);
#9171 = PRODUCT('V13','V13','',(#9172));
#9172 = PRODUCT_CONTEXT('',#2,'mechanical');
#9173 = PRODUCT_DEFINITION_CONTEXT('part definition',#2,'design');
#9174 = CONTEXT_DEPENDENT_SHAPE_REPRESENTATION(#9175,#9177);
#9175 = ( REPRESENTATION_RELATIONSHIP('','',#9149,#10) 
REPRESENTATION_RELATIONSHIP_WITH_TRANSFORMATION(#9176) 
SHAPE_REPRESENTATION_RELATIONSHIP() );
#9176 = ITEM_DEFINED_TRANSFORMATION('','',#11,#1055);
#9177 = PRODUCT_DEFINITION_SHAPE('Placement','Placement of an item',
  #9178);
#9178 = NEXT_ASSEMBLY_USAGE_OCCURRENCE('261','=>[0:1:1:262]','',#5,#9169
  ,$);
#9179 = PRODUCT_RELATED_PRODUCT_CATEGORY('part',$,(#9171));
#9180 = ADVANCED_BREP_SHAPE_REPRESENTATION('',(#11,#9181),#9193);
#9181 = MANIFOLD_SOLID_BREP('',#9182);
#9182 = CLOSED_SHELL('',(#9183));
#9183 = ADVANCED_FACE('',(#9184),#9188,.T.);
#9184 = FACE_BOUND('',#9185,.T.);
#9185 = VERTEX_LOOP('',#9186);
#9186 = VERTEX_POINT('',#9187);
#9187 = CARTESIAN_POINT('',(1.255262969126E-17,-3.074507554457E-33,
    -0.205));
#9188 = SPHERICAL_SURFACE('',#9189,0.205);
#9189 = AXIS2_PLACEMENT_3D('',#9190,#9191,#9192);
#9190 = CARTESIAN_POINT('',(0.,0.,0.));
#9191 = DIRECTION('',(0.,0.,1.));
#9192 = DIRECTION('',(1.,0.,-0.));
#9193 = ( GEOMETRIC_REPRESENTATION_CONTEXT(3) 
GLOBAL_UNCERTAINTY_ASSIGNED_CONTEXT((#9197)) 
GLOBAL_UNIT_ASSIGNED_CONTEXT((#9194,#9195,#9196)) REPRESENTATION_CONTEXT
('Context #1','3D Context with UNIT and UNCERTAINTY') );
#9194 = ( LENGTH_UNIT() NAMED_UNIT(*) SI_UNIT(.MILLI.,.METRE.) );
#9195 = ( NAMED_UNIT(*) PLANE_ANGLE_UNIT() SI_UNIT($,.RADIAN.) );
#9196 = ( NAMED_UNIT(*) SI_UNIT($,.STERADIAN.) SOLID_ANGLE_UNIT() );
#9197 = UNCERTAINTY_MEASURE_WITH_UNIT(LENGTH_MEASURE(1.E-07),#9194,
  'distance_accuracy_value','confusion accuracy');
#9198 = SHAPE_DEFINITION_REPRESENTATION(#9199,#9180);
#9199 = PRODUCT_DEFINITION_SHAPE('','',#9200);
#9200 = PRODUCT_DEFINITION('design','',#9201,#9204);
#9201 = PRODUCT_DEFINITION_FORMATION('','',#9202);
#9202 = PRODUCT('V14','V14','',(#9203));
#9203 = PRODUCT_CONTEXT('',#2,'mechanical');
#9204 = PRODUCT_DEFINITION_CONTEXT('part definition',#2,'design');
#9205 = CONTEXT_DEPENDENT_SHAPE_REPRESENTATION(#9206,#9208);
#9206 = ( REPRESENTATION_RELATIONSHIP('','',#9180,#10) 
REPRESENTATION_RELATIONSHIP_WITH_TRANSFORMATION(#9207) 
SHAPE_REPRESENTATION_RELATIONSHIP() );
#9207 = ITEM_DEFINED_TRANSFORMATION('','',#11,#1059);
#9208 = PRODUCT_DEFINITION_SHAPE('Placement','Placement of an item',
  #9209);
#9209 = NEXT_ASSEMBLY_USAGE_OCCURRENCE('262','=>[0:1:1:263]','',#5,#9200
  ,$);
#9210 = PRODUCT_RELATED_PRODUCT_CATEGORY('part',$,(#9202));
#9211 = ADVANCED_BREP_SHAPE_REPRESENTATION('',(#11,#9212),#9224);
#9212 = MANIFOLD_SOLID_BREP('',#9213);
#9213 = CLOSED_SHELL('',(#9214));
#9214 = ADVANCED_FACE('',(#9215),#9219,.T.);
#9215 = FACE_BOUND('',#9216,.T.);
#9216 = VERTEX_LOOP('',#9217);
#9217 = VERTEX_POINT('',#9218);
#9218 = CARTESIAN_POINT('',(1.255262969126E-17,-3.074507554457E-33,
    -0.205));
#9219 = SPHERICAL_SURFACE('',#9220,0.205);
#9220 = AXIS2_PLACEMENT_3D('',#9221,#9222,#9223);
#9221 = CARTESIAN_POINT('',(0.,0.,0.));
#9222 = DIRECTION('',(0.,0.,1.));
#9223 = DIRECTION('',(1.,0.,-0.));
#9224 = ( GEOMETRIC_REPRESENTATION_CONTEXT(3) 
GLOBAL_UNCERTAINTY_ASSIGNED_CONTEXT((#9228)) 
GLOBAL_UNIT_ASSIGNED_CONTEXT((#9225,#9226,#9227)) REPRESENTATION_CONTEXT
('Context #1','3D Context with UNIT and UNCERTAINTY') );
#9225 = ( LENGTH_UNIT() NAMED_UNIT(*) SI_UNIT(.MILLI.,.METRE.) );
#9226 = ( NAMED_UNIT(*) PLANE_ANGLE_UNIT() SI_UNIT($,.RADIAN.) );
#9227 = ( NAMED_UNIT(*) SI_UNIT($,.STERADIAN.) SOLID_ANGLE_UNIT() );
#9228 = UNCERTAINTY_MEASURE_WITH_UNIT(LENGTH_MEASURE(1.E-07),#9225,
  'distance_accuracy_value','confusion accuracy');
#9229 = SHAPE_DEFINITION_REPRESENTATION(#9230,#9211);
#9230 = PRODUCT_DEFINITION_SHAPE('','',#9231);
#9231 = PRODUCT_DEFINITION('design','',#9232,#9235);
#9232 = PRODUCT_DEFINITION_FORMATION('','',#9233);
#9233 = PRODUCT('V15','V15','',(#9234));
#9234 = PRODUCT_CONTEXT('',#2,'mechanical');
#9235 = PRODUCT_DEFINITION_CONTEXT('part definition',#2,'design');
#9236 = CONTEXT_DEPENDENT_SHAPE_REPRESENTATION(#9237,#9239);
#9237 = ( REPRESENTATION_RELATIONSHIP('','',#9211,#10) 
REPRESENTATION_RELATIONSHIP_WITH_TRANSFORMATION(#9238) 
SHAPE_REPRESENTATION_RELATIONSHIP() );
#9238 = ITEM_DEFINED_TRANSFORMATION('','',#11,#1063);
#9239 = PRODUCT_DEFINITION_SHAPE('Placement','Placement of an item',
  #9240);
#9240 = NEXT_ASSEMBLY_USAGE_OCCURRENCE('263','=>[0:1:1:264]','',#5,#9231
  ,$);
#9241 = PRODUCT_RELATED_PRODUCT_CATEGORY('part',$,(#9233));
#9242 = ADVANCED_BREP_SHAPE_REPRESENTATION('',(#11,#9243),#9255);
#9243 = MANIFOLD_SOLID_BREP('',#9244);
#9244 = CLOSED_SHELL('',(#9245));
#9245 = ADVANCED_FACE('',(#9246),#9250,.T.);
#9246 = FACE_BOUND('',#9247,.T.);
#9247 = VERTEX_LOOP('',#9248);
#9248 = VERTEX_POINT('',#9249);
#9249 = CARTESIAN_POINT('',(1.255262969126E-17,-3.074507554457E-33,
    -0.205));
#9250 = SPHERICAL_SURFACE('',#9251,0.205);
#9251 = AXIS2_PLACEMENT_3D('',#9252,#9253,#9254);
#9252 = CARTESIAN_POINT('',(0.,0.,0.));
#9253 = DIRECTION('',(0.,0.,1.));
#9254 = DIRECTION('',(1.,0.,-0.));
#9255 = ( GEOMETRIC_REPRESENTATION_CONTEXT(3) 
GLOBAL_UNCERTAINTY_ASSIGNED_CONTEXT((#9259)) 
GLOBAL_UNIT_ASSIGNED_CONTEXT((#9256,#9257,#9258)) REPRESENTATION_CONTEXT
('Context #1','3D Context with UNIT and UNCERTAINTY') );
#9256 = ( LENGTH_UNIT() NAMED_UNIT(*) SI_UNIT(.MILLI.,.METRE.) );
#9257 = ( NAMED_UNIT(*) PLANE_ANGLE_UNIT() SI_UNIT($,.RADIAN.) );
#9258 = ( NAMED_UNIT(*) SI_UNIT($,.STERADIAN.) SOLID_ANGLE_UNIT() );
#9259 = UNCERTAINTY_MEASURE_WITH_UNIT(LENGTH_MEASURE(1.E-07),#9256,
  'distance_accuracy_value','confusion accuracy');
#9260 = SHAPE_DEFINITION_REPRESENTATION(#9261,#9242);
#9261 = PRODUCT_DEFINITION_SHAPE('','',#9262);
#9262 = PRODUCT_DEFINITION('design','',#9263,#9266);
#9263 = PRODUCT_DEFINITION_FORMATION('','',#9264);
#9264 = PRODUCT('V16','V16','',(#9265));
#9265 = PRODUCT_CONTEXT('',#2,'mechanical');
#9266 = PRODUCT_DEFINITION_CONTEXT('part definition',#2,'design');
#9267 = CONTEXT_DEPENDENT_SHAPE_REPRESENTATION(#9268,#9270);
#9268 = ( REPRESENTATION_RELATIONSHIP('','',#9242,#10) 
REPRESENTATION_RELATIONSHIP_WITH_TRANSFORMATION(#9269) 
SHAPE_REPRESENTATION_RELATIONSHIP() );
#9269 = ITEM_DEFINED_TRANSFORMATION('','',#11,#1067);
#9270 = PRODUCT_DEFINITION_SHAPE('Placement','Placement of an item',
  #9271);
#9271 = NEXT_ASSEMBLY_USAGE_OCCURRENCE('264','=>[0:1:1:265]','',#5,#9262
  ,$);
#9272 = PRODUCT_RELATED_PRODUCT_CATEGORY('part',$,(#9264));
#9273 = ADVANCED_BREP_SHAPE_REPRESENTATION('',(#11,#9274),#9286);
#9274 = MANIFOLD_SOLID_BREP('',#9275);
#9275 = CLOSED_SHELL('',(#9276));
#9276 = ADVANCED_FACE('',(#9277),#9281,.T.);
#9277 = FACE_BOUND('',#9278,.T.);
#9278 = VERTEX_LOOP('',#9279);
#9279 = VERTEX_POINT('',#9280);
#9280 = CARTESIAN_POINT('',(1.255262969126E-17,-3.074507554457E-33,
    -0.205));
#9281 = SPHERICAL_SURFACE('',#9282,0.205);
#9282 = AXIS2_PLACEMENT_3D('',#9283,#9284,#9285);
#9283 = CARTESIAN_POINT('',(0.,0.,0.));
#9284 = DIRECTION('',(0.,0.,1.));
#9285 = DIRECTION('',(1.,0.,-0.));
#9286 = ( GEOMETRIC_REPRESENTATION_CONTEXT(3) 
GLOBAL_UNCERTAINTY_ASSIGNED_CONTEXT((#9290)) 
GLOBAL_UNIT_ASSIGNED_CONTEXT((#9287,#9288,#9289)) REPRESENTATION_CONTEXT
('Context #1','3D Context with UNIT and UNCERTAINTY') );
#9287 = ( LENGTH_UNIT() NAMED_UNIT(*) SI_UNIT(.MILLI.,.METRE.) );
#9288 = ( NAMED_UNIT(*) PLANE_ANGLE_UNIT() SI_UNIT($,.RADIAN.) );
#9289 = ( NAMED_UNIT(*) SI_UNIT($,.STERADIAN.) SOLID_ANGLE_UNIT() );
#9290 = UNCERTAINTY_MEASURE_WITH_UNIT(LENGTH_MEASURE(1.E-07),#9287,
  'distance_accuracy_value','confusion accuracy');
#9291 = SHAPE_DEFINITION_REPRESENTATION(#9292,#9273);
#9292 = PRODUCT_DEFINITION_SHAPE('','',#9293);
#9293 = PRODUCT_DEFINITION('design','',#9294,#9297);
#9294 = PRODUCT_DEFINITION_FORMATION('','',#9295);
#9295 = PRODUCT('V17','V17','',(#9296));
#9296 = PRODUCT_CONTEXT('',#2,'mechanical');
#9297 = PRODUCT_DEFINITION_CONTEXT('part definition',#2,'design');
#9298 = CONTEXT_DEPENDENT_SHAPE_REPRESENTATION(#9299,#9301);
#9299 = ( REPRESENTATION_RELATIONSHIP('','',#9273,#10) 
REPRESENTATION_RELATIONSHIP_WITH_TRANSFORMATION(#9300) 
SHAPE_REPRESENTATION_RELATIONSHIP() );
#9300 = ITEM_DEFINED_TRANSFORMATION('','',#11,#1071);
#9301 = PRODUCT_DEFINITION_SHAPE('Placement','Placement of an item',
  #9302);
#9302 = NEXT_ASSEMBLY_USAGE_OCCURRENCE('265','=>[0:1:1:266]','',#5,#9293
  ,$);
#9303 = PRODUCT_RELATED_PRODUCT_CATEGORY('part',$,(#9295));
#9304 = ADVANCED_BREP_SHAPE_REPRESENTATION('',(#11,#9305),#9317);
#9305 = MANIFOLD_SOLID_BREP('',#9306);
#9306 = CLOSED_SHELL('',(#9307));
#9307 = ADVANCED_FACE('',(#9308),#9312,.T.);
#9308 = FACE_BOUND('',#9309,.T.);
#9309 = VERTEX_LOOP('',#9310);
#9310 = VERTEX_POINT('',#9311);
#9311 = CARTESIAN_POINT('',(1.255262969126E-17,-3.074507554457E-33,
    -0.205));
#9312 = SPHERICAL_SURFACE('',#9313,0.205);
#9313 = AXIS2_PLACEMENT_3D('',#9314,#9315,#9316);
#9314 = CARTESIAN_POINT('',(0.,0.,0.));
#9315 = DIRECTION('',(0.,0.,1.));
#9316 = DIRECTION('',(1.,0.,-0.));
#9317 = ( GEOMETRIC_REPRESENTATION_CONTEXT(3) 
GLOBAL_UNCERTAINTY_ASSIGNED_CONTEXT((#9321)) 
GLOBAL_UNIT_ASSIGNED_CONTEXT((#9318,#9319,#9320)) REPRESENTATION_CONTEXT
('Context #1','3D Context with UNIT and UNCERTAINTY') );
#9318 = ( LENGTH_UNIT() NAMED_UNIT(*) SI_UNIT(.MILLI.,.METRE.) );
#9319 = ( NAMED_UNIT(*) PLANE_ANGLE_UNIT() SI_UNIT($,.RADIAN.) );
#9320 = ( NAMED_UNIT(*) SI_UNIT($,.STERADIAN.) SOLID_ANGLE_UNIT() );
#9321 = UNCERTAINTY_MEASURE_WITH_UNIT(LENGTH_MEASURE(1.E-07),#9318,
  'distance_accuracy_value','confusion accuracy');
#9322 = SHAPE_DEFINITION_REPRESENTATION(#9323,#9304);
#9323 = PRODUCT_DEFINITION_SHAPE('','',#9324);
#9324 = PRODUCT_DEFINITION('design','',#9325,#9328);
#9325 = PRODUCT_DEFINITION_FORMATION('','',#9326);
#9326 = PRODUCT('V18','V18','',(#9327));
#9327 = PRODUCT_CONTEXT('',#2,'mechanical');
#9328 = PRODUCT_DEFINITION_CONTEXT('part definition',#2,'design');
#9329 = CONTEXT_DEPENDENT_SHAPE_REPRESENTATION(#9330,#9332);
#9330 = ( REPRESENTATION_RELATIONSHIP('','',#9304,#10) 
REPRESENTATION_RELATIONSHIP_WITH_TRANSFORMATION(#9331) 
SHAPE_REPRESENTATION_RELATIONSHIP() );
#9331 = ITEM_DEFINED_TRANSFORMATION('','',#11,#1075);
#9332 = PRODUCT_DEFINITION_SHAPE('Placement','Placement of an item',
  #9333);
#9333 = NEXT_ASSEMBLY_USAGE_OCCURRENCE('266','=>[0:1:1:267]','',#5,#9324
  ,$);
#9334 = PRODUCT_RELATED_PRODUCT_CATEGORY('part',$,(#9326));
#9335 = ADVANCED_BREP_SHAPE_REPRESENTATION('',(#11,#9336),#9756);
#9336 = MANIFOLD_SOLID_BREP('',#9337);
#9337 = CLOSED_SHELL('',(#9338,#9458,#9534,#9614,#9663,#9690,#9697,#9752
    ));
#9338 = ADVANCED_FACE('',(#9339),#9353,.F.);
#9339 = FACE_BOUND('',#9340,.F.);
#9340 = EDGE_LOOP('',(#9341,#9376,#9404,#9432));
#9341 = ORIENTED_EDGE('',*,*,#9342,.F.);
#9342 = EDGE_CURVE('',#9343,#9345,#9347,.T.);
#9343 = VERTEX_POINT('',#9344);
#9344 = CARTESIAN_POINT('',(-6.,-6.,0.41));
#9345 = VERTEX_POINT('',#9346);
#9346 = CARTESIAN_POINT('',(-6.,-6.,1.2));
#9347 = SURFACE_CURVE('',#9348,(#9352,#9364),.PCURVE_S1.);
#9348 = LINE('',#9349,#9350);
#9349 = CARTESIAN_POINT('',(-6.,-6.,0.41));
#9350 = VECTOR('',#9351,1.);
#9351 = DIRECTION('',(0.,0.,1.));
#9352 = PCURVE('',#9353,#9358);
#9353 = PLANE('',#9354);
#9354 = AXIS2_PLACEMENT_3D('',#9355,#9356,#9357);
#9355 = CARTESIAN_POINT('',(-6.,-6.,0.41));
#9356 = DIRECTION('',(1.,0.,0.));
#9357 = DIRECTION('',(0.,0.,1.));
#9358 = DEFINITIONAL_REPRESENTATION('',(#9359),#9363);
#9359 = LINE('',#9360,#9361);
#9360 = CARTESIAN_POINT('',(0.,0.));
#9361 = VECTOR('',#9362,1.);
#9362 = DIRECTION('',(1.,0.));
#9363 = ( GEOMETRIC_REPRESENTATION_CONTEXT(2) 
PARAMETRIC_REPRESENTATION_CONTEXT() REPRESENTATION_CONTEXT('2D SPACE',''
  ) );
#9364 = PCURVE('',#9365,#9370);
#9365 = PLANE('',#9366);
#9366 = AXIS2_PLACEMENT_3D('',#9367,#9368,#9369);
#9367 = CARTESIAN_POINT('',(-6.,-6.,0.41));
#9368 = DIRECTION('',(0.,1.,0.));
#9369 = DIRECTION('',(0.,0.,1.));
#9370 = DEFINITIONAL_REPRESENTATION('',(#9371),#9375);
#9371 = LINE('',#9372,#9373);
#9372 = CARTESIAN_POINT('',(0.,0.));
#9373 = VECTOR('',#9374,1.);
#9374 = DIRECTION('',(1.,0.));
#9375 = ( GEOMETRIC_REPRESENTATION_CONTEXT(2) 
PARAMETRIC_REPRESENTATION_CONTEXT() REPRESENTATION_CONTEXT('2D SPACE',''
  ) );
#9376 = ORIENTED_EDGE('',*,*,#9377,.T.);
#9377 = EDGE_CURVE('',#9343,#9378,#9380,.T.);
#9378 = VERTEX_POINT('',#9379);
#9379 = CARTESIAN_POINT('',(-6.,6.,0.41));
#9380 = SURFACE_CURVE('',#9381,(#9385,#9392),.PCURVE_S1.);
#9381 = LINE('',#9382,#9383);
#9382 = CARTESIAN_POINT('',(-6.,-6.,0.41));
#9383 = VECTOR('',#9384,1.);
#9384 = DIRECTION('',(0.,1.,0.));
#9385 = PCURVE('',#9353,#9386);
#9386 = DEFINITIONAL_REPRESENTATION('',(#9387),#9391);
#9387 = LINE('',#9388,#9389);
#9388 = CARTESIAN_POINT('',(0.,0.));
#9389 = VECTOR('',#9390,1.);
#9390 = DIRECTION('',(0.,-1.));
#9391 = ( GEOMETRIC_REPRESENTATION_CONTEXT(2) 
PARAMETRIC_REPRESENTATION_CONTEXT() REPRESENTATION_CONTEXT('2D SPACE',''
  ) );
#9392 = PCURVE('',#9393,#9398);
#9393 = PLANE('',#9394);
#9394 = AXIS2_PLACEMENT_3D('',#9395,#9396,#9397);
#9395 = CARTESIAN_POINT('',(-6.,-6.,0.41));
#9396 = DIRECTION('',(0.,0.,1.));
#9397 = DIRECTION('',(1.,0.,0.));
#9398 = DEFINITIONAL_REPRESENTATION('',(#9399),#9403);
#9399 = LINE('',#9400,#9401);
#9400 = CARTESIAN_POINT('',(0.,0.));
#9401 = VECTOR('',#9402,1.);
#9402 = DIRECTION('',(0.,1.));
#9403 = ( GEOMETRIC_REPRESENTATION_CONTEXT(2) 
PARAMETRIC_REPRESENTATION_CONTEXT() REPRESENTATION_CONTEXT('2D SPACE',''
  ) );
#9404 = ORIENTED_EDGE('',*,*,#9405,.T.);
#9405 = EDGE_CURVE('',#9378,#9406,#9408,.T.);
#9406 = VERTEX_POINT('',#9407);
#9407 = CARTESIAN_POINT('',(-6.,6.,1.2));
#9408 = SURFACE_CURVE('',#9409,(#9413,#9420),.PCURVE_S1.);
#9409 = LINE('',#9410,#9411);
#9410 = CARTESIAN_POINT('',(-6.,6.,0.41));
#9411 = VECTOR('',#9412,1.);
#9412 = DIRECTION('',(0.,0.,1.));
#9413 = PCURVE('',#9353,#9414);
#9414 = DEFINITIONAL_REPRESENTATION('',(#9415),#9419);
#9415 = LINE('',#9416,#9417);
#9416 = CARTESIAN_POINT('',(0.,-12.));
#9417 = VECTOR('',#9418,1.);
#9418 = DIRECTION('',(1.,0.));
#9419 = ( GEOMETRIC_REPRESENTATION_CONTEXT(2) 
PARAMETRIC_REPRESENTATION_CONTEXT() REPRESENTATION_CONTEXT('2D SPACE',''
  ) );
#9420 = PCURVE('',#9421,#9426);
#9421 = PLANE('',#9422);
#9422 = AXIS2_PLACEMENT_3D('',#9423,#9424,#9425);
#9423 = CARTESIAN_POINT('',(-6.,6.,0.41));
#9424 = DIRECTION('',(0.,1.,0.));
#9425 = DIRECTION('',(0.,0.,1.));
#9426 = DEFINITIONAL_REPRESENTATION('',(#9427),#9431);
#9427 = LINE('',#9428,#9429);
#9428 = CARTESIAN_POINT('',(0.,0.));
#9429 = VECTOR('',#9430,1.);
#9430 = DIRECTION('',(1.,0.));
#9431 = ( GEOMETRIC_REPRESENTATION_CONTEXT(2) 
PARAMETRIC_REPRESENTATION_CONTEXT() REPRESENTATION_CONTEXT('2D SPACE',''
  ) );
#9432 = ORIENTED_EDGE('',*,*,#9433,.F.);
#9433 = EDGE_CURVE('',#9345,#9406,#9434,.T.);
#9434 = SURFACE_CURVE('',#9435,(#9439,#9446),.PCURVE_S1.);
#9435 = LINE('',#9436,#9437);
#9436 = CARTESIAN_POINT('',(-6.,-6.,1.2));
#9437 = VECTOR('',#9438,1.);
#9438 = DIRECTION('',(0.,1.,0.));
#9439 = PCURVE('',#9353,#9440);
#9440 = DEFINITIONAL_REPRESENTATION('',(#9441),#9445);
#9441 = LINE('',#9442,#9443);
#9442 = CARTESIAN_POINT('',(0.79,0.));
#9443 = VECTOR('',#9444,1.);
#9444 = DIRECTION('',(0.,-1.));
#9445 = ( GEOMETRIC_REPRESENTATION_CONTEXT(2) 
PARAMETRIC_REPRESENTATION_CONTEXT() REPRESENTATION_CONTEXT('2D SPACE',''
  ) );
#9446 = PCURVE('',#9447,#9452);
#9447 = PLANE('',#9448);
#9448 = AXIS2_PLACEMENT_3D('',#9449,#9450,#9451);
#9449 = CARTESIAN_POINT('',(-6.,-6.,1.2));
#9450 = DIRECTION('',(0.,0.,1.));
#9451 = DIRECTION('',(1.,0.,0.));
#9452 = DEFINITIONAL_REPRESENTATION('',(#9453),#9457);
#9453 = LINE('',#9454,#9455);
#9454 = CARTESIAN_POINT('',(0.,0.));
#9455 = VECTOR('',#9456,1.);
#9456 = DIRECTION('',(0.,1.));
#9457 = ( GEOMETRIC_REPRESENTATION_CONTEXT(2) 
PARAMETRIC_REPRESENTATION_CONTEXT() REPRESENTATION_CONTEXT('2D SPACE',''
  ) );
#9458 = ADVANCED_FACE('',(#9459),#9365,.F.);
#9459 = FACE_BOUND('',#9460,.F.);
#9460 = EDGE_LOOP('',(#9461,#9484,#9485,#9508));
#9461 = ORIENTED_EDGE('',*,*,#9462,.F.);
#9462 = EDGE_CURVE('',#9343,#9463,#9465,.T.);
#9463 = VERTEX_POINT('',#9464);
#9464 = CARTESIAN_POINT('',(6.,-6.,0.41));
#9465 = SURFACE_CURVE('',#9466,(#9470,#9477),.PCURVE_S1.);
#9466 = LINE('',#9467,#9468);
#9467 = CARTESIAN_POINT('',(-6.,-6.,0.41));
#9468 = VECTOR('',#9469,1.);
#9469 = DIRECTION('',(1.,0.,0.));
#9470 = PCURVE('',#9365,#9471);
#9471 = DEFINITIONAL_REPRESENTATION('',(#9472),#9476);
#9472 = LINE('',#9473,#9474);
#9473 = CARTESIAN_POINT('',(0.,0.));
#9474 = VECTOR('',#9475,1.);
#9475 = DIRECTION('',(0.,1.));
#9476 = ( GEOMETRIC_REPRESENTATION_CONTEXT(2) 
PARAMETRIC_REPRESENTATION_CONTEXT() REPRESENTATION_CONTEXT('2D SPACE',''
  ) );
#9477 = PCURVE('',#9393,#9478);
#9478 = DEFINITIONAL_REPRESENTATION('',(#9479),#9483);
#9479 = LINE('',#9480,#9481);
#9480 = CARTESIAN_POINT('',(0.,0.));
#9481 = VECTOR('',#9482,1.);
#9482 = DIRECTION('',(1.,0.));
#9483 = ( GEOMETRIC_REPRESENTATION_CONTEXT(2) 
PARAMETRIC_REPRESENTATION_CONTEXT() REPRESENTATION_CONTEXT('2D SPACE',''
  ) );
#9484 = ORIENTED_EDGE('',*,*,#9342,.T.);
#9485 = ORIENTED_EDGE('',*,*,#9486,.T.);
#9486 = EDGE_CURVE('',#9345,#9487,#9489,.T.);
#9487 = VERTEX_POINT('',#9488);
#9488 = CARTESIAN_POINT('',(6.,-6.,1.2));
#9489 = SURFACE_CURVE('',#9490,(#9494,#9501),.PCURVE_S1.);
#9490 = LINE('',#9491,#9492);
#9491 = CARTESIAN_POINT('',(-6.,-6.,1.2));
#9492 = VECTOR('',#9493,1.);
#9493 = DIRECTION('',(1.,0.,0.));
#9494 = PCURVE('',#9365,#9495);
#9495 = DEFINITIONAL_REPRESENTATION('',(#9496),#9500);
#9496 = LINE('',#9497,#9498);
#9497 = CARTESIAN_POINT('',(0.79,0.));
#9498 = VECTOR('',#9499,1.);
#9499 = DIRECTION('',(0.,1.));
#9500 = ( GEOMETRIC_REPRESENTATION_CONTEXT(2) 
PARAMETRIC_REPRESENTATION_CONTEXT() REPRESENTATION_CONTEXT('2D SPACE',''
  ) );
#9501 = PCURVE('',#9447,#9502);
#9502 = DEFINITIONAL_REPRESENTATION('',(#9503),#9507);
#9503 = LINE('',#9504,#9505);
#9504 = CARTESIAN_POINT('',(0.,0.));
#9505 = VECTOR('',#9506,1.);
#9506 = DIRECTION('',(1.,0.));
#9507 = ( GEOMETRIC_REPRESENTATION_CONTEXT(2) 
PARAMETRIC_REPRESENTATION_CONTEXT() REPRESENTATION_CONTEXT('2D SPACE',''
  ) );
#9508 = ORIENTED_EDGE('',*,*,#9509,.F.);
#9509 = EDGE_CURVE('',#9463,#9487,#9510,.T.);
#9510 = SURFACE_CURVE('',#9511,(#9515,#9522),.PCURVE_S1.);
#9511 = LINE('',#9512,#9513);
#9512 = CARTESIAN_POINT('',(6.,-6.,0.41));
#9513 = VECTOR('',#9514,1.);
#9514 = DIRECTION('',(0.,0.,1.));
#9515 = PCURVE('',#9365,#9516);
#9516 = DEFINITIONAL_REPRESENTATION('',(#9517),#9521);
#9517 = LINE('',#9518,#9519);
#9518 = CARTESIAN_POINT('',(0.,12.));
#9519 = VECTOR('',#9520,1.);
#9520 = DIRECTION('',(1.,0.));
#9521 = ( GEOMETRIC_REPRESENTATION_CONTEXT(2) 
PARAMETRIC_REPRESENTATION_CONTEXT() REPRESENTATION_CONTEXT('2D SPACE',''
  ) );
#9522 = PCURVE('',#9523,#9528);
#9523 = PLANE('',#9524);
#9524 = AXIS2_PLACEMENT_3D('',#9525,#9526,#9527);
#9525 = CARTESIAN_POINT('',(6.,-6.,0.41));
#9526 = DIRECTION('',(1.,0.,0.));
#9527 = DIRECTION('',(0.,0.,1.));
#9528 = DEFINITIONAL_REPRESENTATION('',(#9529),#9533);
#9529 = LINE('',#9530,#9531);
#9530 = CARTESIAN_POINT('',(0.,0.));
#9531 = VECTOR('',#9532,1.);
#9532 = DIRECTION('',(1.,0.));
#9533 = ( GEOMETRIC_REPRESENTATION_CONTEXT(2) 
PARAMETRIC_REPRESENTATION_CONTEXT() REPRESENTATION_CONTEXT('2D SPACE',''
  ) );
#9534 = ADVANCED_FACE('',(#9535,#9583),#9447,.T.);
#9535 = FACE_BOUND('',#9536,.T.);
#9536 = EDGE_LOOP('',(#9537,#9538,#9539,#9562));
#9537 = ORIENTED_EDGE('',*,*,#9433,.F.);
#9538 = ORIENTED_EDGE('',*,*,#9486,.T.);
#9539 = ORIENTED_EDGE('',*,*,#9540,.T.);
#9540 = EDGE_CURVE('',#9487,#9541,#9543,.T.);
#9541 = VERTEX_POINT('',#9542);
#9542 = CARTESIAN_POINT('',(6.,6.,1.2));
#9543 = SURFACE_CURVE('',#9544,(#9548,#9555),.PCURVE_S1.);
#9544 = LINE('',#9545,#9546);
#9545 = CARTESIAN_POINT('',(6.,-6.,1.2));
#9546 = VECTOR('',#9547,1.);
#9547 = DIRECTION('',(0.,1.,0.));
#9548 = PCURVE('',#9447,#9549);
#9549 = DEFINITIONAL_REPRESENTATION('',(#9550),#9554);
#9550 = LINE('',#9551,#9552);
#9551 = CARTESIAN_POINT('',(12.,0.));
#9552 = VECTOR('',#9553,1.);
#9553 = DIRECTION('',(0.,1.));
#9554 = ( GEOMETRIC_REPRESENTATION_CONTEXT(2) 
PARAMETRIC_REPRESENTATION_CONTEXT() REPRESENTATION_CONTEXT('2D SPACE',''
  ) );
#9555 = PCURVE('',#9523,#9556);
#9556 = DEFINITIONAL_REPRESENTATION('',(#9557),#9561);
#9557 = LINE('',#9558,#9559);
#9558 = CARTESIAN_POINT('',(0.79,0.));
#9559 = VECTOR('',#9560,1.);
#9560 = DIRECTION('',(0.,-1.));
#9561 = ( GEOMETRIC_REPRESENTATION_CONTEXT(2) 
PARAMETRIC_REPRESENTATION_CONTEXT() REPRESENTATION_CONTEXT('2D SPACE',''
  ) );
#9562 = ORIENTED_EDGE('',*,*,#9563,.F.);
#9563 = EDGE_CURVE('',#9406,#9541,#9564,.T.);
#9564 = SURFACE_CURVE('',#9565,(#9569,#9576),.PCURVE_S1.);
#9565 = LINE('',#9566,#9567);
#9566 = CARTESIAN_POINT('',(-6.,6.,1.2));
#9567 = VECTOR('',#9568,1.);
#9568 = DIRECTION('',(1.,0.,0.));
#9569 = PCURVE('',#9447,#9570);
#9570 = DEFINITIONAL_REPRESENTATION('',(#9571),#9575);
#9571 = LINE('',#9572,#9573);
#9572 = CARTESIAN_POINT('',(0.,12.));
#9573 = VECTOR('',#9574,1.);
#9574 = DIRECTION('',(1.,0.));
#9575 = ( GEOMETRIC_REPRESENTATION_CONTEXT(2) 
PARAMETRIC_REPRESENTATION_CONTEXT() REPRESENTATION_CONTEXT('2D SPACE',''
  ) );
#9576 = PCURVE('',#9421,#9577);
#9577 = DEFINITIONAL_REPRESENTATION('',(#9578),#9582);
#9578 = LINE('',#9579,#9580);
#9579 = CARTESIAN_POINT('',(0.79,0.));
#9580 = VECTOR('',#9581,1.);
#9581 = DIRECTION('',(0.,1.));
#9582 = ( GEOMETRIC_REPRESENTATION_CONTEXT(2) 
PARAMETRIC_REPRESENTATION_CONTEXT() REPRESENTATION_CONTEXT('2D SPACE',''
  ) );
#9583 = FACE_BOUND('',#9584,.T.);
#9584 = EDGE_LOOP('',(#9585));
#9585 = ORIENTED_EDGE('',*,*,#9586,.F.);
#9586 = EDGE_CURVE('',#9587,#9587,#9589,.T.);
#9587 = VERTEX_POINT('',#9588);
#9588 = CARTESIAN_POINT('',(-3.75,4.5,1.2));
#9589 = SURFACE_CURVE('',#9590,(#9595,#9602),.PCURVE_S1.);
#9590 = CIRCLE('',#9591,0.75);
#9591 = AXIS2_PLACEMENT_3D('',#9592,#9593,#9594);
#9592 = CARTESIAN_POINT('',(-4.5,4.5,1.2));
#9593 = DIRECTION('',(0.,0.,1.));
#9594 = DIRECTION('',(1.,0.,0.));
#9595 = PCURVE('',#9447,#9596);
#9596 = DEFINITIONAL_REPRESENTATION('',(#9597),#9601);
#9597 = CIRCLE('',#9598,0.75);
#9598 = AXIS2_PLACEMENT_2D('',#9599,#9600);
#9599 = CARTESIAN_POINT('',(1.5,10.5));
#9600 = DIRECTION('',(1.,0.));
#9601 = ( GEOMETRIC_REPRESENTATION_CONTEXT(2) 
PARAMETRIC_REPRESENTATION_CONTEXT() REPRESENTATION_CONTEXT('2D SPACE',''
  ) );
#9602 = PCURVE('',#9603,#9608);
#9603 = CYLINDRICAL_SURFACE('',#9604,0.75);
#9604 = AXIS2_PLACEMENT_3D('',#9605,#9606,#9607);
#9605 = CARTESIAN_POINT('',(-4.5,4.5,1.08));
#9606 = DIRECTION('',(0.,0.,1.));
#9607 = DIRECTION('',(1.,0.,0.));
#9608 = DEFINITIONAL_REPRESENTATION('',(#9609),#9613);
#9609 = LINE('',#9610,#9611);
#9610 = CARTESIAN_POINT('',(0.,0.12));
#9611 = VECTOR('',#9612,1.);
#9612 = DIRECTION('',(1.,0.));
#9613 = ( GEOMETRIC_REPRESENTATION_CONTEXT(2) 
PARAMETRIC_REPRESENTATION_CONTEXT() REPRESENTATION_CONTEXT('2D SPACE',''
  ) );
#9614 = ADVANCED_FACE('',(#9615),#9421,.T.);
#9615 = FACE_BOUND('',#9616,.T.);
#9616 = EDGE_LOOP('',(#9617,#9640,#9641,#9642));
#9617 = ORIENTED_EDGE('',*,*,#9618,.F.);
#9618 = EDGE_CURVE('',#9378,#9619,#9621,.T.);
#9619 = VERTEX_POINT('',#9620);
#9620 = CARTESIAN_POINT('',(6.,6.,0.41));
#9621 = SURFACE_CURVE('',#9622,(#9626,#9633),.PCURVE_S1.);
#9622 = LINE('',#9623,#9624);
#9623 = CARTESIAN_POINT('',(-6.,6.,0.41));
#9624 = VECTOR('',#9625,1.);
#9625 = DIRECTION('',(1.,0.,0.));
#9626 = PCURVE('',#9421,#9627);
#9627 = DEFINITIONAL_REPRESENTATION('',(#9628),#9632);
#9628 = LINE('',#9629,#9630);
#9629 = CARTESIAN_POINT('',(0.,0.));
#9630 = VECTOR('',#9631,1.);
#9631 = DIRECTION('',(0.,1.));
#9632 = ( GEOMETRIC_REPRESENTATION_CONTEXT(2) 
PARAMETRIC_REPRESENTATION_CONTEXT() REPRESENTATION_CONTEXT('2D SPACE',''
  ) );
#9633 = PCURVE('',#9393,#9634);
#9634 = DEFINITIONAL_REPRESENTATION('',(#9635),#9639);
#9635 = LINE('',#9636,#9637);
#9636 = CARTESIAN_POINT('',(0.,12.));
#9637 = VECTOR('',#9638,1.);
#9638 = DIRECTION('',(1.,0.));
#9639 = ( GEOMETRIC_REPRESENTATION_CONTEXT(2) 
PARAMETRIC_REPRESENTATION_CONTEXT() REPRESENTATION_CONTEXT('2D SPACE',''
  ) );
#9640 = ORIENTED_EDGE('',*,*,#9405,.T.);
#9641 = ORIENTED_EDGE('',*,*,#9563,.T.);
#9642 = ORIENTED_EDGE('',*,*,#9643,.F.);
#9643 = EDGE_CURVE('',#9619,#9541,#9644,.T.);
#9644 = SURFACE_CURVE('',#9645,(#9649,#9656),.PCURVE_S1.);
#9645 = LINE('',#9646,#9647);
#9646 = CARTESIAN_POINT('',(6.,6.,0.41));
#9647 = VECTOR('',#9648,1.);
#9648 = DIRECTION('',(0.,0.,1.));
#9649 = PCURVE('',#9421,#9650);
#9650 = DEFINITIONAL_REPRESENTATION('',(#9651),#9655);
#9651 = LINE('',#9652,#9653);
#9652 = CARTESIAN_POINT('',(0.,12.));
#9653 = VECTOR('',#9654,1.);
#9654 = DIRECTION('',(1.,0.));
#9655 = ( GEOMETRIC_REPRESENTATION_CONTEXT(2) 
PARAMETRIC_REPRESENTATION_CONTEXT() REPRESENTATION_CONTEXT('2D SPACE',''
  ) );
#9656 = PCURVE('',#9523,#9657);
#9657 = DEFINITIONAL_REPRESENTATION('',(#9658),#9662);
#9658 = LINE('',#9659,#9660);
#9659 = CARTESIAN_POINT('',(0.,-12.));
#9660 = VECTOR('',#9661,1.);
#9661 = DIRECTION('',(1.,0.));
#9662 = ( GEOMETRIC_REPRESENTATION_CONTEXT(2) 
PARAMETRIC_REPRESENTATION_CONTEXT() REPRESENTATION_CONTEXT('2D SPACE',''
  ) );
#9663 = ADVANCED_FACE('',(#9664),#9393,.F.);
#9664 = FACE_BOUND('',#9665,.F.);
#9665 = EDGE_LOOP('',(#9666,#9667,#9668,#9689));
#9666 = ORIENTED_EDGE('',*,*,#9377,.F.);
#9667 = ORIENTED_EDGE('',*,*,#9462,.T.);
#9668 = ORIENTED_EDGE('',*,*,#9669,.T.);
#9669 = EDGE_CURVE('',#9463,#9619,#9670,.T.);
#9670 = SURFACE_CURVE('',#9671,(#9675,#9682),.PCURVE_S1.);
#9671 = LINE('',#9672,#9673);
#9672 = CARTESIAN_POINT('',(6.,-6.,0.41));
#9673 = VECTOR('',#9674,1.);
#9674 = DIRECTION('',(0.,1.,0.));
#9675 = PCURVE('',#9393,#9676);
#9676 = DEFINITIONAL_REPRESENTATION('',(#9677),#9681);
#9677 = LINE('',#9678,#9679);
#9678 = CARTESIAN_POINT('',(12.,0.));
#9679 = VECTOR('',#9680,1.);
#9680 = DIRECTION('',(0.,1.));
#9681 = ( GEOMETRIC_REPRESENTATION_CONTEXT(2) 
PARAMETRIC_REPRESENTATION_CONTEXT() REPRESENTATION_CONTEXT('2D SPACE',''
  ) );
#9682 = PCURVE('',#9523,#9683);
#9683 = DEFINITIONAL_REPRESENTATION('',(#9684),#9688);
#9684 = LINE('',#9685,#9686);
#9685 = CARTESIAN_POINT('',(0.,0.));
#9686 = VECTOR('',#9687,1.);
#9687 = DIRECTION('',(0.,-1.));
#9688 = ( GEOMETRIC_REPRESENTATION_CONTEXT(2) 
PARAMETRIC_REPRESENTATION_CONTEXT() REPRESENTATION_CONTEXT('2D SPACE',''
  ) );
#9689 = ORIENTED_EDGE('',*,*,#9618,.F.);
#9690 = ADVANCED_FACE('',(#9691),#9523,.T.);
#9691 = FACE_BOUND('',#9692,.T.);
#9692 = EDGE_LOOP('',(#9693,#9694,#9695,#9696));
#9693 = ORIENTED_EDGE('',*,*,#9509,.F.);
#9694 = ORIENTED_EDGE('',*,*,#9669,.T.);
#9695 = ORIENTED_EDGE('',*,*,#9643,.T.);
#9696 = ORIENTED_EDGE('',*,*,#9540,.F.);
#9697 = ADVANCED_FACE('',(#9698),#9603,.F.);
#9698 = FACE_BOUND('',#9699,.F.);
#9699 = EDGE_LOOP('',(#9700,#9723,#9724,#9725));
#9700 = ORIENTED_EDGE('',*,*,#9701,.T.);
#9701 = EDGE_CURVE('',#9702,#9587,#9704,.T.);
#9702 = VERTEX_POINT('',#9703);
#9703 = CARTESIAN_POINT('',(-3.75,4.5,1.08));
#9704 = SEAM_CURVE('',#9705,(#9709,#9716),.PCURVE_S1.);
#9705 = LINE('',#9706,#9707);
#9706 = CARTESIAN_POINT('',(-3.75,4.5,1.08));
#9707 = VECTOR('',#9708,1.);
#9708 = DIRECTION('',(0.,0.,1.));
#9709 = PCURVE('',#9603,#9710);
#9710 = DEFINITIONAL_REPRESENTATION('',(#9711),#9715);
#9711 = LINE('',#9712,#9713);
#9712 = CARTESIAN_POINT('',(6.28318530718,-0.));
#9713 = VECTOR('',#9714,1.);
#9714 = DIRECTION('',(0.,1.));
#9715 = ( GEOMETRIC_REPRESENTATION_CONTEXT(2) 
PARAMETRIC_REPRESENTATION_CONTEXT() REPRESENTATION_CONTEXT('2D SPACE',''
  ) );
#9716 = PCURVE('',#9603,#9717);
#9717 = DEFINITIONAL_REPRESENTATION('',(#9718),#9722);
#9718 = LINE('',#9719,#9720);
#9719 = CARTESIAN_POINT('',(0.,-0.));
#9720 = VECTOR('',#9721,1.);
#9721 = DIRECTION('',(0.,1.));
#9722 = ( GEOMETRIC_REPRESENTATION_CONTEXT(2) 
PARAMETRIC_REPRESENTATION_CONTEXT() REPRESENTATION_CONTEXT('2D SPACE',''
  ) );
#9723 = ORIENTED_EDGE('',*,*,#9586,.F.);
#9724 = ORIENTED_EDGE('',*,*,#9701,.F.);
#9725 = ORIENTED_EDGE('',*,*,#9726,.T.);
#9726 = EDGE_CURVE('',#9702,#9702,#9727,.T.);
#9727 = SURFACE_CURVE('',#9728,(#9733,#9740),.PCURVE_S1.);
#9728 = CIRCLE('',#9729,0.75);
#9729 = AXIS2_PLACEMENT_3D('',#9730,#9731,#9732);
#9730 = CARTESIAN_POINT('',(-4.5,4.5,1.08));
#9731 = DIRECTION('',(0.,0.,1.));
#9732 = DIRECTION('',(1.,0.,0.));
#9733 = PCURVE('',#9603,#9734);
#9734 = DEFINITIONAL_REPRESENTATION('',(#9735),#9739);
#9735 = LINE('',#9736,#9737);
#9736 = CARTESIAN_POINT('',(0.,0.));
#9737 = VECTOR('',#9738,1.);
#9738 = DIRECTION('',(1.,0.));
#9739 = ( GEOMETRIC_REPRESENTATION_CONTEXT(2) 
PARAMETRIC_REPRESENTATION_CONTEXT() REPRESENTATION_CONTEXT('2D SPACE',''
  ) );
#9740 = PCURVE('',#9741,#9746);
#9741 = PLANE('',#9742);
#9742 = AXIS2_PLACEMENT_3D('',#9743,#9744,#9745);
#9743 = CARTESIAN_POINT('',(-4.5,4.5,1.08));
#9744 = DIRECTION('',(0.,0.,1.));
#9745 = DIRECTION('',(1.,0.,0.));
#9746 = DEFINITIONAL_REPRESENTATION('',(#9747),#9751);
#9747 = CIRCLE('',#9748,0.75);
#9748 = AXIS2_PLACEMENT_2D('',#9749,#9750);
#9749 = CARTESIAN_POINT('',(0.,0.));
#9750 = DIRECTION('',(1.,0.));
#9751 = ( GEOMETRIC_REPRESENTATION_CONTEXT(2) 
PARAMETRIC_REPRESENTATION_CONTEXT() REPRESENTATION_CONTEXT('2D SPACE',''
  ) );
#9752 = ADVANCED_FACE('',(#9753),#9741,.T.);
#9753 = FACE_BOUND('',#9754,.F.);
#9754 = EDGE_LOOP('',(#9755));
#9755 = ORIENTED_EDGE('',*,*,#9726,.F.);
#9756 = ( GEOMETRIC_REPRESENTATION_CONTEXT(3) 
GLOBAL_UNCERTAINTY_ASSIGNED_CONTEXT((#9760)) 
GLOBAL_UNIT_ASSIGNED_CONTEXT((#9757,#9758,#9759)) REPRESENTATION_CONTEXT
('Context #1','3D Context with UNIT and UNCERTAINTY') );
#9757 = ( LENGTH_UNIT() NAMED_UNIT(*) SI_UNIT(.MILLI.,.METRE.) );
#9758 = ( NAMED_UNIT(*) PLANE_ANGLE_UNIT() SI_UNIT($,.RADIAN.) );
#9759 = ( NAMED_UNIT(*) SI_UNIT($,.STERADIAN.) SOLID_ANGLE_UNIT() );
#9760 = UNCERTAINTY_MEASURE_WITH_UNIT(LENGTH_MEASURE(1.E-07),#9757,
  'distance_accuracy_value','confusion accuracy');
#9761 = SHAPE_DEFINITION_REPRESENTATION(#9762,#9335);
#9762 = PRODUCT_DEFINITION_SHAPE('','',#9763);
#9763 = PRODUCT_DEFINITION('design','',#9764,#9767);
#9764 = PRODUCT_DEFINITION_FORMATION('','',#9765);
#9765 = PRODUCT('Body','Body','',(#9766));
#9766 = PRODUCT_CONTEXT('',#2,'mechanical');
#9767 = PRODUCT_DEFINITION_CONTEXT('part definition',#2,'design');
#9768 = CONTEXT_DEPENDENT_SHAPE_REPRESENTATION(#9769,#9771);
#9769 = ( REPRESENTATION_RELATIONSHIP('','',#9335,#10) 
REPRESENTATION_RELATIONSHIP_WITH_TRANSFORMATION(#9770) 
SHAPE_REPRESENTATION_RELATIONSHIP() );
#9770 = ITEM_DEFINED_TRANSFORMATION('','',#11,#1079);
#9771 = PRODUCT_DEFINITION_SHAPE('Placement','Placement of an item',
  #9772);
#9772 = NEXT_ASSEMBLY_USAGE_OCCURRENCE('267','=>[0:1:1:268]','',#5,#9763
  ,$);
#9773 = PRODUCT_RELATED_PRODUCT_CATEGORY('part',$,(#9765));
#9774 = MECHANICAL_DESIGN_GEOMETRIC_PRESENTATION_REPRESENTATION('',(
    #9775),#4946);
#9775 = STYLED_ITEM('color',(#9776),#4934);
#9776 = PRESENTATION_STYLE_ASSIGNMENT((#9777,#9783));
#9777 = SURFACE_STYLE_USAGE(.BOTH.,#9778);
#9778 = SURFACE_SIDE_STYLE('',(#9779));
#9779 = SURFACE_STYLE_FILL_AREA(#9780);
#9780 = FILL_AREA_STYLE('',(#9781));
#9781 = FILL_AREA_STYLE_COLOUR('',#9782);
#9782 = COLOUR_RGB('',0.73400002718,0.773000001907,0.79699999094);
#9783 = CURVE_STYLE('',#9784,POSITIVE_LENGTH_MEASURE(0.1),#9782);
#9784 = DRAUGHTING_PRE_DEFINED_CURVE_FONT('continuous');
#9785 = MECHANICAL_DESIGN_GEOMETRIC_PRESENTATION_REPRESENTATION('',(
    #9786),#6062);
#9786 = STYLED_ITEM('color',(#9787),#6050);
#9787 = PRESENTATION_STYLE_ASSIGNMENT((#9788,#9793));
#9788 = SURFACE_STYLE_USAGE(.BOTH.,#9789);
#9789 = SURFACE_SIDE_STYLE('',(#9790));
#9790 = SURFACE_STYLE_FILL_AREA(#9791);
#9791 = FILL_AREA_STYLE('',(#9792));
#9792 = FILL_AREA_STYLE_COLOUR('',#9782);
#9793 = CURVE_STYLE('',#9794,POSITIVE_LENGTH_MEASURE(0.1),#9782);
#9794 = DRAUGHTING_PRE_DEFINED_CURVE_FONT('continuous');
#9795 = MECHANICAL_DESIGN_GEOMETRIC_PRESENTATION_REPRESENTATION('',(
    #9796),#2218);
#9796 = STYLED_ITEM('color',(#9797),#2206);
#9797 = PRESENTATION_STYLE_ASSIGNMENT((#9798,#9803));
#9798 = SURFACE_STYLE_USAGE(.BOTH.,#9799);
#9799 = SURFACE_SIDE_STYLE('',(#9800));
#9800 = SURFACE_STYLE_FILL_AREA(#9801);
#9801 = FILL_AREA_STYLE('',(#9802));
#9802 = FILL_AREA_STYLE_COLOUR('',#9782);
#9803 = CURVE_STYLE('',#9804,POSITIVE_LENGTH_MEASURE(0.1),#9782);
#9804 = DRAUGHTING_PRE_DEFINED_CURVE_FONT('continuous');
#9805 = MECHANICAL_DESIGN_GEOMETRIC_PRESENTATION_REPRESENTATION('',(
    #9806),#3830);
#9806 = STYLED_ITEM('color',(#9807),#3818);
#9807 = PRESENTATION_STYLE_ASSIGNMENT((#9808,#9813));
#9808 = SURFACE_STYLE_USAGE(.BOTH.,#9809);
#9809 = SURFACE_SIDE_STYLE('',(#9810));
#9810 = SURFACE_STYLE_FILL_AREA(#9811);
#9811 = FILL_AREA_STYLE('',(#9812));
#9812 = FILL_AREA_STYLE_COLOUR('',#9782);
#9813 = CURVE_STYLE('',#9814,POSITIVE_LENGTH_MEASURE(0.1),#9782);
#9814 = DRAUGHTING_PRE_DEFINED_CURVE_FONT('continuous');
#9815 = MECHANICAL_DESIGN_GEOMETRIC_PRESENTATION_REPRESENTATION('',(
    #9816),#6589);
#9816 = STYLED_ITEM('color',(#9817),#6577);
#9817 = PRESENTATION_STYLE_ASSIGNMENT((#9818,#9823));
#9818 = SURFACE_STYLE_USAGE(.BOTH.,#9819);
#9819 = SURFACE_SIDE_STYLE('',(#9820));
#9820 = SURFACE_STYLE_FILL_AREA(#9821);
#9821 = FILL_AREA_STYLE('',(#9822));
#9822 = FILL_AREA_STYLE_COLOUR('',#9782);
#9823 = CURVE_STYLE('',#9824,POSITIVE_LENGTH_MEASURE(0.1),#9782);
#9824 = DRAUGHTING_PRE_DEFINED_CURVE_FONT('continuous');
#9825 = MECHANICAL_DESIGN_GEOMETRIC_PRESENTATION_REPRESENTATION('',(
    #9826),#3954);
#9826 = STYLED_ITEM('color',(#9827),#3942);
#9827 = PRESENTATION_STYLE_ASSIGNMENT((#9828,#9833));
#9828 = SURFACE_STYLE_USAGE(.BOTH.,#9829);
#9829 = SURFACE_SIDE_STYLE('',(#9830));
#9830 = SURFACE_STYLE_FILL_AREA(#9831);
#9831 = FILL_AREA_STYLE('',(#9832));
#9832 = FILL_AREA_STYLE_COLOUR('',#9782);
#9833 = CURVE_STYLE('',#9834,POSITIVE_LENGTH_MEASURE(0.1),#9782);
#9834 = DRAUGHTING_PRE_DEFINED_CURVE_FONT('continuous');
#9835 = MECHANICAL_DESIGN_GEOMETRIC_PRESENTATION_REPRESENTATION('',(
    #9836),#6186);
#9836 = STYLED_ITEM('color',(#9837),#6174);
#9837 = PRESENTATION_STYLE_ASSIGNMENT((#9838,#9843));
#9838 = SURFACE_STYLE_USAGE(.BOTH.,#9839);
#9839 = SURFACE_SIDE_STYLE('',(#9840));
#9840 = SURFACE_STYLE_FILL_AREA(#9841);
#9841 = FILL_AREA_STYLE('',(#9842));
#9842 = FILL_AREA_STYLE_COLOUR('',#9782);
#9843 = CURVE_STYLE('',#9844,POSITIVE_LENGTH_MEASURE(0.1),#9782);
#9844 = DRAUGHTING_PRE_DEFINED_CURVE_FONT('continuous');
#9845 = MECHANICAL_DESIGN_GEOMETRIC_PRESENTATION_REPRESENTATION('',(
    #9846),#3024);
#9846 = STYLED_ITEM('color',(#9847),#3012);
#9847 = PRESENTATION_STYLE_ASSIGNMENT((#9848,#9853));
#9848 = SURFACE_STYLE_USAGE(.BOTH.,#9849);
#9849 = SURFACE_SIDE_STYLE('',(#9850));
#9850 = SURFACE_STYLE_FILL_AREA(#9851);
#9851 = FILL_AREA_STYLE('',(#9852));
#9852 = FILL_AREA_STYLE_COLOUR('',#9782);
#9853 = CURVE_STYLE('',#9854,POSITIVE_LENGTH_MEASURE(0.1),#9782);
#9854 = DRAUGHTING_PRE_DEFINED_CURVE_FONT('continuous');
#9855 = MECHANICAL_DESIGN_GEOMETRIC_PRESENTATION_REPRESENTATION('',(
    #9856),#4760);
#9856 = STYLED_ITEM('color',(#9857),#4748);
#9857 = PRESENTATION_STYLE_ASSIGNMENT((#9858,#9863));
#9858 = SURFACE_STYLE_USAGE(.BOTH.,#9859);
#9859 = SURFACE_SIDE_STYLE('',(#9860));
#9860 = SURFACE_STYLE_FILL_AREA(#9861);
#9861 = FILL_AREA_STYLE('',(#9862));
#9862 = FILL_AREA_STYLE_COLOUR('',#9782);
#9863 = CURVE_STYLE('',#9864,POSITIVE_LENGTH_MEASURE(0.1),#9782);
#9864 = DRAUGHTING_PRE_DEFINED_CURVE_FONT('continuous');
#9865 = MECHANICAL_DESIGN_GEOMETRIC_PRESENTATION_REPRESENTATION('',(
    #9866),#2714);
#9866 = STYLED_ITEM('color',(#9867),#2702);
#9867 = PRESENTATION_STYLE_ASSIGNMENT((#9868,#9873));
#9868 = SURFACE_STYLE_USAGE(.BOTH.,#9869);
#9869 = SURFACE_SIDE_STYLE('',(#9870));
#9870 = SURFACE_STYLE_FILL_AREA(#9871);
#9871 = FILL_AREA_STYLE('',(#9872));
#9872 = FILL_AREA_STYLE_COLOUR('',#9782);
#9873 = CURVE_STYLE('',#9874,POSITIVE_LENGTH_MEASURE(0.1),#9782);
#9874 = DRAUGHTING_PRE_DEFINED_CURVE_FONT('continuous');
#9875 = MECHANICAL_DESIGN_GEOMETRIC_PRESENTATION_REPRESENTATION('',(
    #9876),#1195);
#9876 = STYLED_ITEM('color',(#9877),#1183);
#9877 = PRESENTATION_STYLE_ASSIGNMENT((#9878,#9883));
#9878 = SURFACE_STYLE_USAGE(.BOTH.,#9879);
#9879 = SURFACE_SIDE_STYLE('',(#9880));
#9880 = SURFACE_STYLE_FILL_AREA(#9881);
#9881 = FILL_AREA_STYLE('',(#9882));
#9882 = FILL_AREA_STYLE_COLOUR('',#9782);
#9883 = CURVE_STYLE('',#9884,POSITIVE_LENGTH_MEASURE(0.1),#9782);
#9884 = DRAUGHTING_PRE_DEFINED_CURVE_FONT('continuous');
#9885 = MECHANICAL_DESIGN_GEOMETRIC_PRESENTATION_REPRESENTATION('',(
    #9886),#1877);
#9886 = STYLED_ITEM('color',(#9887),#1865);
#9887 = PRESENTATION_STYLE_ASSIGNMENT((#9888,#9893));
#9888 = SURFACE_STYLE_USAGE(.BOTH.,#9889);
#9889 = SURFACE_SIDE_STYLE('',(#9890));
#9890 = SURFACE_STYLE_FILL_AREA(#9891);
#9891 = FILL_AREA_STYLE('',(#9892));
#9892 = FILL_AREA_STYLE_COLOUR('',#9782);
#9893 = CURVE_STYLE('',#9894,POSITIVE_LENGTH_MEASURE(0.1),#9782);
#9894 = DRAUGHTING_PRE_DEFINED_CURVE_FONT('continuous');
#9895 = MECHANICAL_DESIGN_GEOMETRIC_PRESENTATION_REPRESENTATION('',(
    #9896),#3520);
#9896 = STYLED_ITEM('color',(#9897),#3508);
#9897 = PRESENTATION_STYLE_ASSIGNMENT((#9898,#9903));
#9898 = SURFACE_STYLE_USAGE(.BOTH.,#9899);
#9899 = SURFACE_SIDE_STYLE('',(#9900));
#9900 = SURFACE_STYLE_FILL_AREA(#9901);
#9901 = FILL_AREA_STYLE('',(#9902));
#9902 = FILL_AREA_STYLE_COLOUR('',#9782);
#9903 = CURVE_STYLE('',#9904,POSITIVE_LENGTH_MEASURE(0.1),#9782);
#9904 = DRAUGHTING_PRE_DEFINED_CURVE_FONT('continuous');
#9905 = MECHANICAL_DESIGN_GEOMETRIC_PRESENTATION_REPRESENTATION('',(
    #9906),#6775);
#9906 = STYLED_ITEM('color',(#9907),#6763);
#9907 = PRESENTATION_STYLE_ASSIGNMENT((#9908,#9913));
#9908 = SURFACE_STYLE_USAGE(.BOTH.,#9909);
#9909 = SURFACE_SIDE_STYLE('',(#9910));
#9910 = SURFACE_STYLE_FILL_AREA(#9911);
#9911 = FILL_AREA_STYLE('',(#9912));
#9912 = FILL_AREA_STYLE_COLOUR('',#9782);
#9913 = CURVE_STYLE('',#9914,POSITIVE_LENGTH_MEASURE(0.1),#9782);
#9914 = DRAUGHTING_PRE_DEFINED_CURVE_FONT('continuous');
#9915 = MECHANICAL_DESIGN_GEOMETRIC_PRESENTATION_REPRESENTATION('',(
    #9916),#9756);
#9916 = STYLED_ITEM('color',(#9917),#9336);
#9917 = PRESENTATION_STYLE_ASSIGNMENT((#9918,#9924));
#9918 = SURFACE_STYLE_USAGE(.BOTH.,#9919);
#9919 = SURFACE_SIDE_STYLE('',(#9920));
#9920 = SURFACE_STYLE_FILL_AREA(#9921);
#9921 = FILL_AREA_STYLE('',(#9922));
#9922 = FILL_AREA_STYLE_COLOUR('',#9923);
#9923 = COLOUR_RGB('',0.300000011921,0.300000011921,0.300000011921);
#9924 = CURVE_STYLE('',#9925,POSITIVE_LENGTH_MEASURE(0.1),#9923);
#9925 = DRAUGHTING_PRE_DEFINED_CURVE_FONT('continuous');
#9926 = MECHANICAL_DESIGN_GEOMETRIC_PRESENTATION_REPRESENTATION('',(
    #9927),#9007);
#9927 = STYLED_ITEM('color',(#9928),#8995);
#9928 = PRESENTATION_STYLE_ASSIGNMENT((#9929,#9934));
#9929 = SURFACE_STYLE_USAGE(.BOTH.,#9930);
#9930 = SURFACE_SIDE_STYLE('',(#9931));
#9931 = SURFACE_STYLE_FILL_AREA(#9932);
#9932 = FILL_AREA_STYLE('',(#9933));
#9933 = FILL_AREA_STYLE_COLOUR('',#9782);
#9934 = CURVE_STYLE('',#9935,POSITIVE_LENGTH_MEASURE(0.1),#9782);
#9935 = DRAUGHTING_PRE_DEFINED_CURVE_FONT('continuous');
#9936 = MECHANICAL_DESIGN_GEOMETRIC_PRESENTATION_REPRESENTATION('',(
    #9937),#3706);
#9937 = STYLED_ITEM('color',(#9938),#3694);
#9938 = PRESENTATION_STYLE_ASSIGNMENT((#9939,#9944));
#9939 = SURFACE_STYLE_USAGE(.BOTH.,#9940);
#9940 = SURFACE_SIDE_STYLE('',(#9941));
#9941 = SURFACE_STYLE_FILL_AREA(#9942);
#9942 = FILL_AREA_STYLE('',(#9943));
#9943 = FILL_AREA_STYLE_COLOUR('',#9782);
#9944 = CURVE_STYLE('',#9945,POSITIVE_LENGTH_MEASURE(0.1),#9782);
#9945 = DRAUGHTING_PRE_DEFINED_CURVE_FONT('continuous');
#9946 = MECHANICAL_DESIGN_GEOMETRIC_PRESENTATION_REPRESENTATION('',(
    #9947),#8852);
#9947 = STYLED_ITEM('color',(#9948),#8840);
#9948 = PRESENTATION_STYLE_ASSIGNMENT((#9949,#9954));
#9949 = SURFACE_STYLE_USAGE(.BOTH.,#9950);
#9950 = SURFACE_SIDE_STYLE('',(#9951));
#9951 = SURFACE_STYLE_FILL_AREA(#9952);
#9952 = FILL_AREA_STYLE('',(#9953));
#9953 = FILL_AREA_STYLE_COLOUR('',#9782);
#9954 = CURVE_STYLE('',#9955,POSITIVE_LENGTH_MEASURE(0.1),#9782);
#9955 = DRAUGHTING_PRE_DEFINED_CURVE_FONT('continuous');
#9956 = MECHANICAL_DESIGN_GEOMETRIC_PRESENTATION_REPRESENTATION('',(
    #9957),#6930);
#9957 = STYLED_ITEM('color',(#9958),#6918);
#9958 = PRESENTATION_STYLE_ASSIGNMENT((#9959,#9964));
#9959 = SURFACE_STYLE_USAGE(.BOTH.,#9960);
#9960 = SURFACE_SIDE_STYLE('',(#9961));
#9961 = SURFACE_STYLE_FILL_AREA(#9962);
#9962 = FILL_AREA_STYLE('',(#9963));
#9963 = FILL_AREA_STYLE_COLOUR('',#9782);
#9964 = CURVE_STYLE('',#9965,POSITIVE_LENGTH_MEASURE(0.1),#9782);
#9965 = DRAUGHTING_PRE_DEFINED_CURVE_FONT('continuous');
#9966 = MECHANICAL_DESIGN_GEOMETRIC_PRESENTATION_REPRESENTATION('',(
    #9967),#2776);
#9967 = STYLED_ITEM('color',(#9968),#2764);
#9968 = PRESENTATION_STYLE_ASSIGNMENT((#9969,#9974));
#9969 = SURFACE_STYLE_USAGE(.BOTH.,#9970);
#9970 = SURFACE_SIDE_STYLE('',(#9971));
#9971 = SURFACE_STYLE_FILL_AREA(#9972);
#9972 = FILL_AREA_STYLE('',(#9973));
#9973 = FILL_AREA_STYLE_COLOUR('',#9782);
#9974 = CURVE_STYLE('',#9975,POSITIVE_LENGTH_MEASURE(0.1),#9782);
#9975 = DRAUGHTING_PRE_DEFINED_CURVE_FONT('continuous');
#9976 = MECHANICAL_DESIGN_GEOMETRIC_PRESENTATION_REPRESENTATION('',(
    #9977),#1536);
#9977 = STYLED_ITEM('color',(#9978),#1524);
#9978 = PRESENTATION_STYLE_ASSIGNMENT((#9979,#9984));
#9979 = SURFACE_STYLE_USAGE(.BOTH.,#9980);
#9980 = SURFACE_SIDE_STYLE('',(#9981));
#9981 = SURFACE_STYLE_FILL_AREA(#9982);
#9982 = FILL_AREA_STYLE('',(#9983));
#9983 = FILL_AREA_STYLE_COLOUR('',#9782);
#9984 = CURVE_STYLE('',#9985,POSITIVE_LENGTH_MEASURE(0.1),#9782);
#9985 = DRAUGHTING_PRE_DEFINED_CURVE_FONT('continuous');
#9986 = MECHANICAL_DESIGN_GEOMETRIC_PRESENTATION_REPRESENTATION('',(
    #9987),#2404);
#9987 = STYLED_ITEM('color',(#9988),#2392);
#9988 = PRESENTATION_STYLE_ASSIGNMENT((#9989,#9994));
#9989 = SURFACE_STYLE_USAGE(.BOTH.,#9990);
#9990 = SURFACE_SIDE_STYLE('',(#9991));
#9991 = SURFACE_STYLE_FILL_AREA(#9992);
#9992 = FILL_AREA_STYLE('',(#9993));
#9993 = FILL_AREA_STYLE_COLOUR('',#9782);
#9994 = CURVE_STYLE('',#9995,POSITIVE_LENGTH_MEASURE(0.1),#9782);
#9995 = DRAUGHTING_PRE_DEFINED_CURVE_FONT('continuous');
#9996 = MECHANICAL_DESIGN_GEOMETRIC_PRESENTATION_REPRESENTATION('',(
    #9997),#5411);
#9997 = STYLED_ITEM('color',(#9998),#5399);
#9998 = PRESENTATION_STYLE_ASSIGNMENT((#9999,#10004));
#9999 = SURFACE_STYLE_USAGE(.BOTH.,#10000);
#10000 = SURFACE_SIDE_STYLE('',(#10001));
#10001 = SURFACE_STYLE_FILL_AREA(#10002);
#10002 = FILL_AREA_STYLE('',(#10003));
#10003 = FILL_AREA_STYLE_COLOUR('',#9782);
#10004 = CURVE_STYLE('',#10005,POSITIVE_LENGTH_MEASURE(0.1),#9782);
#10005 = DRAUGHTING_PRE_DEFINED_CURVE_FONT('continuous');
#10006 = MECHANICAL_DESIGN_GEOMETRIC_PRESENTATION_REPRESENTATION('',(
    #10007),#4481);
#10007 = STYLED_ITEM('color',(#10008),#4469);
#10008 = PRESENTATION_STYLE_ASSIGNMENT((#10009,#10014));
#10009 = SURFACE_STYLE_USAGE(.BOTH.,#10010);
#10010 = SURFACE_SIDE_STYLE('',(#10011));
#10011 = SURFACE_STYLE_FILL_AREA(#10012);
#10012 = FILL_AREA_STYLE('',(#10013));
#10013 = FILL_AREA_STYLE_COLOUR('',#9782);
#10014 = CURVE_STYLE('',#10015,POSITIVE_LENGTH_MEASURE(0.1),#9782);
#10015 = DRAUGHTING_PRE_DEFINED_CURVE_FONT('continuous');
#10016 = MECHANICAL_DESIGN_GEOMETRIC_PRESENTATION_REPRESENTATION('',(
    #10017),#9193);
#10017 = STYLED_ITEM('color',(#10018),#9181);
#10018 = PRESENTATION_STYLE_ASSIGNMENT((#10019,#10024));
#10019 = SURFACE_STYLE_USAGE(.BOTH.,#10020);
#10020 = SURFACE_SIDE_STYLE('',(#10021));
#10021 = SURFACE_STYLE_FILL_AREA(#10022);
#10022 = FILL_AREA_STYLE('',(#10023));
#10023 = FILL_AREA_STYLE_COLOUR('',#9782);
#10024 = CURVE_STYLE('',#10025,POSITIVE_LENGTH_MEASURE(0.1),#9782);
#10025 = DRAUGHTING_PRE_DEFINED_CURVE_FONT('continuous');
#10026 = MECHANICAL_DESIGN_GEOMETRIC_PRESENTATION_REPRESENTATION('',(
    #10027),#4853);
#10027 = STYLED_ITEM('color',(#10028),#4841);
#10028 = PRESENTATION_STYLE_ASSIGNMENT((#10029,#10034));
#10029 = SURFACE_STYLE_USAGE(.BOTH.,#10030);
#10030 = SURFACE_SIDE_STYLE('',(#10031));
#10031 = SURFACE_STYLE_FILL_AREA(#10032);
#10032 = FILL_AREA_STYLE('',(#10033));
#10033 = FILL_AREA_STYLE_COLOUR('',#9782);
#10034 = CURVE_STYLE('',#10035,POSITIVE_LENGTH_MEASURE(0.1),#9782);
#10035 = DRAUGHTING_PRE_DEFINED_CURVE_FONT('continuous');
#10036 = MECHANICAL_DESIGN_GEOMETRIC_PRESENTATION_REPRESENTATION('',(
    #10037),#4512);
#10037 = STYLED_ITEM('color',(#10038),#4500);
#10038 = PRESENTATION_STYLE_ASSIGNMENT((#10039,#10044));
#10039 = SURFACE_STYLE_USAGE(.BOTH.,#10040);
#10040 = SURFACE_SIDE_STYLE('',(#10041));
#10041 = SURFACE_STYLE_FILL_AREA(#10042);
#10042 = FILL_AREA_STYLE('',(#10043));
#10043 = FILL_AREA_STYLE_COLOUR('',#9782);
#10044 = CURVE_STYLE('',#10045,POSITIVE_LENGTH_MEASURE(0.1),#9782);
#10045 = DRAUGHTING_PRE_DEFINED_CURVE_FONT('continuous');
#10046 = MECHANICAL_DESIGN_GEOMETRIC_PRESENTATION_REPRESENTATION('',(
    #10047),#3551);
#10047 = STYLED_ITEM('color',(#10048),#3539);
#10048 = PRESENTATION_STYLE_ASSIGNMENT((#10049,#10054));
#10049 = SURFACE_STYLE_USAGE(.BOTH.,#10050);
#10050 = SURFACE_SIDE_STYLE('',(#10051));
#10051 = SURFACE_STYLE_FILL_AREA(#10052);
#10052 = FILL_AREA_STYLE('',(#10053));
#10053 = FILL_AREA_STYLE_COLOUR('',#9782);
#10054 = CURVE_STYLE('',#10055,POSITIVE_LENGTH_MEASURE(0.1),#9782);
#10055 = DRAUGHTING_PRE_DEFINED_CURVE_FONT('continuous');
#10056 = MECHANICAL_DESIGN_GEOMETRIC_PRESENTATION_REPRESENTATION('',(
    #10057),#7860);
#10057 = STYLED_ITEM('color',(#10058),#7848);
#10058 = PRESENTATION_STYLE_ASSIGNMENT((#10059,#10064));
#10059 = SURFACE_STYLE_USAGE(.BOTH.,#10060);
#10060 = SURFACE_SIDE_STYLE('',(#10061));
#10061 = SURFACE_STYLE_FILL_AREA(#10062);
#10062 = FILL_AREA_STYLE('',(#10063));
#10063 = FILL_AREA_STYLE_COLOUR('',#9782);
#10064 = CURVE_STYLE('',#10065,POSITIVE_LENGTH_MEASURE(0.1),#9782);
#10065 = DRAUGHTING_PRE_DEFINED_CURVE_FONT('continuous');
#10066 = MECHANICAL_DESIGN_GEOMETRIC_PRESENTATION_REPRESENTATION('',(
    #10067),#2125);
#10067 = STYLED_ITEM('color',(#10068),#2113);
#10068 = PRESENTATION_STYLE_ASSIGNMENT((#10069,#10074));
#10069 = SURFACE_STYLE_USAGE(.BOTH.,#10070);
#10070 = SURFACE_SIDE_STYLE('',(#10071));
#10071 = SURFACE_STYLE_FILL_AREA(#10072);
#10072 = FILL_AREA_STYLE('',(#10073));
#10073 = FILL_AREA_STYLE_COLOUR('',#9782);
#10074 = CURVE_STYLE('',#10075,POSITIVE_LENGTH_MEASURE(0.1),#9782);
#10075 = DRAUGHTING_PRE_DEFINED_CURVE_FONT('continuous');
#10076 = MECHANICAL_DESIGN_GEOMETRIC_PRESENTATION_REPRESENTATION('',(
    #10077),#6310);
#10077 = STYLED_ITEM('color',(#10078),#6298);
#10078 = PRESENTATION_STYLE_ASSIGNMENT((#10079,#10084));
#10079 = SURFACE_STYLE_USAGE(.BOTH.,#10080);
#10080 = SURFACE_SIDE_STYLE('',(#10081));
#10081 = SURFACE_STYLE_FILL_AREA(#10082);
#10082 = FILL_AREA_STYLE('',(#10083));
#10083 = FILL_AREA_STYLE_COLOUR('',#9782);
#10084 = CURVE_STYLE('',#10085,POSITIVE_LENGTH_MEASURE(0.1),#9782);
#10085 = DRAUGHTING_PRE_DEFINED_CURVE_FONT('continuous');
#10086 = MECHANICAL_DESIGN_GEOMETRIC_PRESENTATION_REPRESENTATION('',(
    #10087),#1412);
#10087 = STYLED_ITEM('color',(#10088),#1400);
#10088 = PRESENTATION_STYLE_ASSIGNMENT((#10089,#10094));
#10089 = SURFACE_STYLE_USAGE(.BOTH.,#10090);
#10090 = SURFACE_SIDE_STYLE('',(#10091));
#10091 = SURFACE_STYLE_FILL_AREA(#10092);
#10092 = FILL_AREA_STYLE('',(#10093));
#10093 = FILL_AREA_STYLE_COLOUR('',#9782);
#10094 = CURVE_STYLE('',#10095,POSITIVE_LENGTH_MEASURE(0.1),#9782);
#10095 = DRAUGHTING_PRE_DEFINED_CURVE_FONT('continuous');
#10096 = MECHANICAL_DESIGN_GEOMETRIC_PRESENTATION_REPRESENTATION('',(
    #10097),#9069);
#10097 = STYLED_ITEM('color',(#10098),#9057);
#10098 = PRESENTATION_STYLE_ASSIGNMENT((#10099,#10104));
#10099 = SURFACE_STYLE_USAGE(.BOTH.,#10100);
#10100 = SURFACE_SIDE_STYLE('',(#10101));
#10101 = SURFACE_STYLE_FILL_AREA(#10102);
#10102 = FILL_AREA_STYLE('',(#10103));
#10103 = FILL_AREA_STYLE_COLOUR('',#9782);
#10104 = CURVE_STYLE('',#10105,POSITIVE_LENGTH_MEASURE(0.1),#9782);
#10105 = DRAUGHTING_PRE_DEFINED_CURVE_FONT('continuous');
#10106 = MECHANICAL_DESIGN_GEOMETRIC_PRESENTATION_REPRESENTATION('',(
    #10107),#4667);
#10107 = STYLED_ITEM('color',(#10108),#4655);
#10108 = PRESENTATION_STYLE_ASSIGNMENT((#10109,#10114));
#10109 = SURFACE_STYLE_USAGE(.BOTH.,#10110);
#10110 = SURFACE_SIDE_STYLE('',(#10111));
#10111 = SURFACE_STYLE_FILL_AREA(#10112);
#10112 = FILL_AREA_STYLE('',(#10113));
#10113 = FILL_AREA_STYLE_COLOUR('',#9782);
#10114 = CURVE_STYLE('',#10115,POSITIVE_LENGTH_MEASURE(0.1),#9782);
#10115 = DRAUGHTING_PRE_DEFINED_CURVE_FONT('continuous');
#10116 = MECHANICAL_DESIGN_GEOMETRIC_PRESENTATION_REPRESENTATION('',(
    #10117),#2869);
#10117 = STYLED_ITEM('color',(#10118),#2857);
#10118 = PRESENTATION_STYLE_ASSIGNMENT((#10119,#10124));
#10119 = SURFACE_STYLE_USAGE(.BOTH.,#10120);
#10120 = SURFACE_SIDE_STYLE('',(#10121));
#10121 = SURFACE_STYLE_FILL_AREA(#10122);
#10122 = FILL_AREA_STYLE('',(#10123));
#10123 = FILL_AREA_STYLE_COLOUR('',#9782);
#10124 = CURVE_STYLE('',#10125,POSITIVE_LENGTH_MEASURE(0.1),#9782);
#10125 = DRAUGHTING_PRE_DEFINED_CURVE_FONT('continuous');
#10126 = MECHANICAL_DESIGN_GEOMETRIC_PRESENTATION_REPRESENTATION('',(
    #10127),#2559);
#10127 = STYLED_ITEM('color',(#10128),#2547);
#10128 = PRESENTATION_STYLE_ASSIGNMENT((#10129,#10134));
#10129 = SURFACE_STYLE_USAGE(.BOTH.,#10130);
#10130 = SURFACE_SIDE_STYLE('',(#10131));
#10131 = SURFACE_STYLE_FILL_AREA(#10132);
#10132 = FILL_AREA_STYLE('',(#10133));
#10133 = FILL_AREA_STYLE_COLOUR('',#9782);
#10134 = CURVE_STYLE('',#10135,POSITIVE_LENGTH_MEASURE(0.1),#9782);
#10135 = DRAUGHTING_PRE_DEFINED_CURVE_FONT('continuous');
#10136 = MECHANICAL_DESIGN_GEOMETRIC_PRESENTATION_REPRESENTATION('',(
    #10137),#1753);
#10137 = STYLED_ITEM('color',(#10138),#1741);
#10138 = PRESENTATION_STYLE_ASSIGNMENT((#10139,#10144));
#10139 = SURFACE_STYLE_USAGE(.BOTH.,#10140);
#10140 = SURFACE_SIDE_STYLE('',(#10141));
#10141 = SURFACE_STYLE_FILL_AREA(#10142);
#10142 = FILL_AREA_STYLE('',(#10143));
#10143 = FILL_AREA_STYLE_COLOUR('',#9782);
#10144 = CURVE_STYLE('',#10145,POSITIVE_LENGTH_MEASURE(0.1),#9782);
#10145 = DRAUGHTING_PRE_DEFINED_CURVE_FONT('continuous');
#10146 = MECHANICAL_DESIGN_GEOMETRIC_PRESENTATION_REPRESENTATION('',(
    #10147),#2280);
#10147 = STYLED_ITEM('color',(#10148),#2268);
#10148 = PRESENTATION_STYLE_ASSIGNMENT((#10149,#10154));
#10149 = SURFACE_STYLE_USAGE(.BOTH.,#10150);
#10150 = SURFACE_SIDE_STYLE('',(#10151));
#10151 = SURFACE_STYLE_FILL_AREA(#10152);
#10152 = FILL_AREA_STYLE('',(#10153));
#10153 = FILL_AREA_STYLE_COLOUR('',#9782);
#10154 = CURVE_STYLE('',#10155,POSITIVE_LENGTH_MEASURE(0.1),#9782);
#10155 = DRAUGHTING_PRE_DEFINED_CURVE_FONT('continuous');
#10156 = MECHANICAL_DESIGN_GEOMETRIC_PRESENTATION_REPRESENTATION('',(
    #10157),#7581);
#10157 = STYLED_ITEM('color',(#10158),#7569);
#10158 = PRESENTATION_STYLE_ASSIGNMENT((#10159,#10164));
#10159 = SURFACE_STYLE_USAGE(.BOTH.,#10160);
#10160 = SURFACE_SIDE_STYLE('',(#10161));
#10161 = SURFACE_STYLE_FILL_AREA(#10162);
#10162 = FILL_AREA_STYLE('',(#10163));
#10163 = FILL_AREA_STYLE_COLOUR('',#9782);
#10164 = CURVE_STYLE('',#10165,POSITIVE_LENGTH_MEASURE(0.1),#9782);
#10165 = DRAUGHTING_PRE_DEFINED_CURVE_FONT('continuous');
#10166 = MECHANICAL_DESIGN_GEOMETRIC_PRESENTATION_REPRESENTATION('',(
    #10167),#4977);
#10167 = STYLED_ITEM('color',(#10168),#4965);
#10168 = PRESENTATION_STYLE_ASSIGNMENT((#10169,#10174));
#10169 = SURFACE_STYLE_USAGE(.BOTH.,#10170);
#10170 = SURFACE_SIDE_STYLE('',(#10171));
#10171 = SURFACE_STYLE_FILL_AREA(#10172);
#10172 = FILL_AREA_STYLE('',(#10173));
#10173 = FILL_AREA_STYLE_COLOUR('',#9782);
#10174 = CURVE_STYLE('',#10175,POSITIVE_LENGTH_MEASURE(0.1),#9782);
#10175 = DRAUGHTING_PRE_DEFINED_CURVE_FONT('continuous');
#10176 = MECHANICAL_DESIGN_GEOMETRIC_PRESENTATION_REPRESENTATION('',(
    #10177),#5783);
#10177 = STYLED_ITEM('color',(#10178),#5771);
#10178 = PRESENTATION_STYLE_ASSIGNMENT((#10179,#10184));
#10179 = SURFACE_STYLE_USAGE(.BOTH.,#10180);
#10180 = SURFACE_SIDE_STYLE('',(#10181));
#10181 = SURFACE_STYLE_FILL_AREA(#10182);
#10182 = FILL_AREA_STYLE('',(#10183));
#10183 = FILL_AREA_STYLE_COLOUR('',#9782);
#10184 = CURVE_STYLE('',#10185,POSITIVE_LENGTH_MEASURE(0.1),#9782);
#10185 = DRAUGHTING_PRE_DEFINED_CURVE_FONT('continuous');
#10186 = MECHANICAL_DESIGN_GEOMETRIC_PRESENTATION_REPRESENTATION('',(
    #10187),#4698);
#10187 = STYLED_ITEM('color',(#10188),#4686);
#10188 = PRESENTATION_STYLE_ASSIGNMENT((#10189,#10194));
#10189 = SURFACE_STYLE_USAGE(.BOTH.,#10190);
#10190 = SURFACE_SIDE_STYLE('',(#10191));
#10191 = SURFACE_STYLE_FILL_AREA(#10192);
#10192 = FILL_AREA_STYLE('',(#10193));
#10193 = FILL_AREA_STYLE_COLOUR('',#9782);
#10194 = CURVE_STYLE('',#10195,POSITIVE_LENGTH_MEASURE(0.1),#9782);
#10195 = DRAUGHTING_PRE_DEFINED_CURVE_FONT('continuous');
#10196 = MECHANICAL_DESIGN_GEOMETRIC_PRESENTATION_REPRESENTATION('',(
    #10197),#3799);
#10197 = STYLED_ITEM('color',(#10198),#3787);
#10198 = PRESENTATION_STYLE_ASSIGNMENT((#10199,#10204));
#10199 = SURFACE_STYLE_USAGE(.BOTH.,#10200);
#10200 = SURFACE_SIDE_STYLE('',(#10201));
#10201 = SURFACE_STYLE_FILL_AREA(#10202);
#10202 = FILL_AREA_STYLE('',(#10203));
#10203 = FILL_AREA_STYLE_COLOUR('',#9782);
#10204 = CURVE_STYLE('',#10205,POSITIVE_LENGTH_MEASURE(0.1),#9782);
#10205 = DRAUGHTING_PRE_DEFINED_CURVE_FONT('continuous');
#10206 = MECHANICAL_DESIGN_GEOMETRIC_PRESENTATION_REPRESENTATION('',(
    #10207),#6713);
#10207 = STYLED_ITEM('color',(#10208),#6701);
#10208 = PRESENTATION_STYLE_ASSIGNMENT((#10209,#10214));
#10209 = SURFACE_STYLE_USAGE(.BOTH.,#10210);
#10210 = SURFACE_SIDE_STYLE('',(#10211));
#10211 = SURFACE_STYLE_FILL_AREA(#10212);
#10212 = FILL_AREA_STYLE('',(#10213));
#10213 = FILL_AREA_STYLE_COLOUR('',#9782);
#10214 = CURVE_STYLE('',#10215,POSITIVE_LENGTH_MEASURE(0.1),#9782);
#10215 = DRAUGHTING_PRE_DEFINED_CURVE_FONT('continuous');
#10216 = MECHANICAL_DESIGN_GEOMETRIC_PRESENTATION_REPRESENTATION('',(
    #10217),#7953);
#10217 = STYLED_ITEM('color',(#10218),#7941);
#10218 = PRESENTATION_STYLE_ASSIGNMENT((#10219,#10224));
#10219 = SURFACE_STYLE_USAGE(.BOTH.,#10220);
#10220 = SURFACE_SIDE_STYLE('',(#10221));
#10221 = SURFACE_STYLE_FILL_AREA(#10222);
#10222 = FILL_AREA_STYLE('',(#10223));
#10223 = FILL_AREA_STYLE_COLOUR('',#9782);
#10224 = CURVE_STYLE('',#10225,POSITIVE_LENGTH_MEASURE(0.1),#9782);
#10225 = DRAUGHTING_PRE_DEFINED_CURVE_FONT('continuous');
#10226 = MECHANICAL_DESIGN_GEOMETRIC_PRESENTATION_REPRESENTATION('',(
    #10227),#8759);
#10227 = STYLED_ITEM('color',(#10228),#8747);
#10228 = PRESENTATION_STYLE_ASSIGNMENT((#10229,#10234));
#10229 = SURFACE_STYLE_USAGE(.BOTH.,#10230);
#10230 = SURFACE_SIDE_STYLE('',(#10231));
#10231 = SURFACE_STYLE_FILL_AREA(#10232);
#10232 = FILL_AREA_STYLE('',(#10233));
#10233 = FILL_AREA_STYLE_COLOUR('',#9782);
#10234 = CURVE_STYLE('',#10235,POSITIVE_LENGTH_MEASURE(0.1),#9782);
#10235 = DRAUGHTING_PRE_DEFINED_CURVE_FONT('continuous');
#10236 = MECHANICAL_DESIGN_GEOMETRIC_PRESENTATION_REPRESENTATION('',(
    #10237),#8232);
#10237 = STYLED_ITEM('color',(#10238),#8220);
#10238 = PRESENTATION_STYLE_ASSIGNMENT((#10239,#10244));
#10239 = SURFACE_STYLE_USAGE(.BOTH.,#10240);
#10240 = SURFACE_SIDE_STYLE('',(#10241));
#10241 = SURFACE_STYLE_FILL_AREA(#10242);
#10242 = FILL_AREA_STYLE('',(#10243));
#10243 = FILL_AREA_STYLE_COLOUR('',#9782);
#10244 = CURVE_STYLE('',#10245,POSITIVE_LENGTH_MEASURE(0.1),#9782);
#10245 = DRAUGHTING_PRE_DEFINED_CURVE_FONT('continuous');
#10246 = MECHANICAL_DESIGN_GEOMETRIC_PRESENTATION_REPRESENTATION('',(
    #10247),#6031);
#10247 = STYLED_ITEM('color',(#10248),#6019);
#10248 = PRESENTATION_STYLE_ASSIGNMENT((#10249,#10254));
#10249 = SURFACE_STYLE_USAGE(.BOTH.,#10250);
#10250 = SURFACE_SIDE_STYLE('',(#10251));
#10251 = SURFACE_STYLE_FILL_AREA(#10252);
#10252 = FILL_AREA_STYLE('',(#10253));
#10253 = FILL_AREA_STYLE_COLOUR('',#9782);
#10254 = CURVE_STYLE('',#10255,POSITIVE_LENGTH_MEASURE(0.1),#9782);
#10255 = DRAUGHTING_PRE_DEFINED_CURVE_FONT('continuous');
#10256 = MECHANICAL_DESIGN_GEOMETRIC_PRESENTATION_REPRESENTATION('',(
    #10257),#8976);
#10257 = STYLED_ITEM('color',(#10258),#8964);
#10258 = PRESENTATION_STYLE_ASSIGNMENT((#10259,#10264));
#10259 = SURFACE_STYLE_USAGE(.BOTH.,#10260);
#10260 = SURFACE_SIDE_STYLE('',(#10261));
#10261 = SURFACE_STYLE_FILL_AREA(#10262);
#10262 = FILL_AREA_STYLE('',(#10263));
#10263 = FILL_AREA_STYLE_COLOUR('',#9782);
#10264 = CURVE_STYLE('',#10265,POSITIVE_LENGTH_MEASURE(0.1),#9782);
#10265 = DRAUGHTING_PRE_DEFINED_CURVE_FONT('continuous');
#10266 = MECHANICAL_DESIGN_GEOMETRIC_PRESENTATION_REPRESENTATION('',(
    #10267),#5628);
#10267 = STYLED_ITEM('color',(#10268),#5616);
#10268 = PRESENTATION_STYLE_ASSIGNMENT((#10269,#10274));
#10269 = SURFACE_STYLE_USAGE(.BOTH.,#10270);
#10270 = SURFACE_SIDE_STYLE('',(#10271));
#10271 = SURFACE_STYLE_FILL_AREA(#10272);
#10272 = FILL_AREA_STYLE('',(#10273));
#10273 = FILL_AREA_STYLE_COLOUR('',#9782);
#10274 = CURVE_STYLE('',#10275,POSITIVE_LENGTH_MEASURE(0.1),#9782);
#10275 = DRAUGHTING_PRE_DEFINED_CURVE_FONT('continuous');
#10276 = MECHANICAL_DESIGN_GEOMETRIC_PRESENTATION_REPRESENTATION('',(
    #10277),#3644);
#10277 = STYLED_ITEM('color',(#10278),#3632);
#10278 = PRESENTATION_STYLE_ASSIGNMENT((#10279,#10284));
#10279 = SURFACE_STYLE_USAGE(.BOTH.,#10280);
#10280 = SURFACE_SIDE_STYLE('',(#10281));
#10281 = SURFACE_STYLE_FILL_AREA(#10282);
#10282 = FILL_AREA_STYLE('',(#10283));
#10283 = FILL_AREA_STYLE_COLOUR('',#9782);
#10284 = CURVE_STYLE('',#10285,POSITIVE_LENGTH_MEASURE(0.1),#9782);
#10285 = DRAUGHTING_PRE_DEFINED_CURVE_FONT('continuous');
#10286 = MECHANICAL_DESIGN_GEOMETRIC_PRESENTATION_REPRESENTATION('',(
    #10287),#6465);
#10287 = STYLED_ITEM('color',(#10288),#6453);
#10288 = PRESENTATION_STYLE_ASSIGNMENT((#10289,#10294));
#10289 = SURFACE_STYLE_USAGE(.BOTH.,#10290);
#10290 = SURFACE_SIDE_STYLE('',(#10291));
#10291 = SURFACE_STYLE_FILL_AREA(#10292);
#10292 = FILL_AREA_STYLE('',(#10293));
#10293 = FILL_AREA_STYLE_COLOUR('',#9782);
#10294 = CURVE_STYLE('',#10295,POSITIVE_LENGTH_MEASURE(0.1),#9782);
#10295 = DRAUGHTING_PRE_DEFINED_CURVE_FONT('continuous');
#10296 = MECHANICAL_DESIGN_GEOMETRIC_PRESENTATION_REPRESENTATION('',(
    #10297),#7085);
#10297 = STYLED_ITEM('color',(#10298),#7073);
#10298 = PRESENTATION_STYLE_ASSIGNMENT((#10299,#10304));
#10299 = SURFACE_STYLE_USAGE(.BOTH.,#10300);
#10300 = SURFACE_SIDE_STYLE('',(#10301));
#10301 = SURFACE_STYLE_FILL_AREA(#10302);
#10302 = FILL_AREA_STYLE('',(#10303));
#10303 = FILL_AREA_STYLE_COLOUR('',#9782);
#10304 = CURVE_STYLE('',#10305,POSITIVE_LENGTH_MEASURE(0.1),#9782);
#10305 = DRAUGHTING_PRE_DEFINED_CURVE_FONT('continuous');
#10306 = MECHANICAL_DESIGN_GEOMETRIC_PRESENTATION_REPRESENTATION('',(
    #10307),#3210);
#10307 = STYLED_ITEM('color',(#10308),#3198);
#10308 = PRESENTATION_STYLE_ASSIGNMENT((#10309,#10314));
#10309 = SURFACE_STYLE_USAGE(.BOTH.,#10310);
#10310 = SURFACE_SIDE_STYLE('',(#10311));
#10311 = SURFACE_STYLE_FILL_AREA(#10312);
#10312 = FILL_AREA_STYLE('',(#10313));
#10313 = FILL_AREA_STYLE_COLOUR('',#9782);
#10314 = CURVE_STYLE('',#10315,POSITIVE_LENGTH_MEASURE(0.1),#9782);
#10315 = DRAUGHTING_PRE_DEFINED_CURVE_FONT('continuous');
#10316 = MECHANICAL_DESIGN_GEOMETRIC_PRESENTATION_REPRESENTATION('',(
    #10317),#3582);
#10317 = STYLED_ITEM('color',(#10318),#3570);
#10318 = PRESENTATION_STYLE_ASSIGNMENT((#10319,#10324));
#10319 = SURFACE_STYLE_USAGE(.BOTH.,#10320);
#10320 = SURFACE_SIDE_STYLE('',(#10321));
#10321 = SURFACE_STYLE_FILL_AREA(#10322);
#10322 = FILL_AREA_STYLE('',(#10323));
#10323 = FILL_AREA_STYLE_COLOUR('',#9782);
#10324 = CURVE_STYLE('',#10325,POSITIVE_LENGTH_MEASURE(0.1),#9782);
#10325 = DRAUGHTING_PRE_DEFINED_CURVE_FONT('continuous');
#10326 = MECHANICAL_DESIGN_GEOMETRIC_PRESENTATION_REPRESENTATION('',(
    #10327),#3985);
#10327 = STYLED_ITEM('color',(#10328),#3973);
#10328 = PRESENTATION_STYLE_ASSIGNMENT((#10329,#10334));
#10329 = SURFACE_STYLE_USAGE(.BOTH.,#10330);
#10330 = SURFACE_SIDE_STYLE('',(#10331));
#10331 = SURFACE_STYLE_FILL_AREA(#10332);
#10332 = FILL_AREA_STYLE('',(#10333));
#10333 = FILL_AREA_STYLE_COLOUR('',#9782);
#10334 = CURVE_STYLE('',#10335,POSITIVE_LENGTH_MEASURE(0.1),#9782);
#10335 = DRAUGHTING_PRE_DEFINED_CURVE_FONT('continuous');
#10336 = MECHANICAL_DESIGN_GEOMETRIC_PRESENTATION_REPRESENTATION('',(
    #10337),#7767);
#10337 = STYLED_ITEM('color',(#10338),#7755);
#10338 = PRESENTATION_STYLE_ASSIGNMENT((#10339,#10344));
#10339 = SURFACE_STYLE_USAGE(.BOTH.,#10340);
#10340 = SURFACE_SIDE_STYLE('',(#10341));
#10341 = SURFACE_STYLE_FILL_AREA(#10342);
#10342 = FILL_AREA_STYLE('',(#10343));
#10343 = FILL_AREA_STYLE_COLOUR('',#9782);
#10344 = CURVE_STYLE('',#10345,POSITIVE_LENGTH_MEASURE(0.1),#9782);
#10345 = DRAUGHTING_PRE_DEFINED_CURVE_FONT('continuous');
#10346 = MECHANICAL_DESIGN_GEOMETRIC_PRESENTATION_REPRESENTATION('',(
    #10347),#7519);
#10347 = STYLED_ITEM('color',(#10348),#7507);
#10348 = PRESENTATION_STYLE_ASSIGNMENT((#10349,#10354));
#10349 = SURFACE_STYLE_USAGE(.BOTH.,#10350);
#10350 = SURFACE_SIDE_STYLE('',(#10351));
#10351 = SURFACE_STYLE_FILL_AREA(#10352);
#10352 = FILL_AREA_STYLE('',(#10353));
#10353 = FILL_AREA_STYLE_COLOUR('',#9782);
#10354 = CURVE_STYLE('',#10355,POSITIVE_LENGTH_MEASURE(0.1),#9782);
#10355 = DRAUGHTING_PRE_DEFINED_CURVE_FONT('continuous');
#10356 = MECHANICAL_DESIGN_GEOMETRIC_PRESENTATION_REPRESENTATION('',(
    #10357),#9131);
#10357 = STYLED_ITEM('color',(#10358),#9119);
#10358 = PRESENTATION_STYLE_ASSIGNMENT((#10359,#10364));
#10359 = SURFACE_STYLE_USAGE(.BOTH.,#10360);
#10360 = SURFACE_SIDE_STYLE('',(#10361));
#10361 = SURFACE_STYLE_FILL_AREA(#10362);
#10362 = FILL_AREA_STYLE('',(#10363));
#10363 = FILL_AREA_STYLE_COLOUR('',#9782);
#10364 = CURVE_STYLE('',#10365,POSITIVE_LENGTH_MEASURE(0.1),#9782);
#10365 = DRAUGHTING_PRE_DEFINED_CURVE_FONT('continuous');
#10366 = MECHANICAL_DESIGN_GEOMETRIC_PRESENTATION_REPRESENTATION('',(
    #10367),#8387);
#10367 = STYLED_ITEM('color',(#10368),#8375);
#10368 = PRESENTATION_STYLE_ASSIGNMENT((#10369,#10374));
#10369 = SURFACE_STYLE_USAGE(.BOTH.,#10370);
#10370 = SURFACE_SIDE_STYLE('',(#10371));
#10371 = SURFACE_STYLE_FILL_AREA(#10372);
#10372 = FILL_AREA_STYLE('',(#10373));
#10373 = FILL_AREA_STYLE_COLOUR('',#9782);
#10374 = CURVE_STYLE('',#10375,POSITIVE_LENGTH_MEASURE(0.1),#9782);
#10375 = DRAUGHTING_PRE_DEFINED_CURVE_FONT('continuous');
#10376 = MECHANICAL_DESIGN_GEOMETRIC_PRESENTATION_REPRESENTATION('',(
    #10377),#4605);
#10377 = STYLED_ITEM('color',(#10378),#4593);
#10378 = PRESENTATION_STYLE_ASSIGNMENT((#10379,#10384));
#10379 = SURFACE_STYLE_USAGE(.BOTH.,#10380);
#10380 = SURFACE_SIDE_STYLE('',(#10381));
#10381 = SURFACE_STYLE_FILL_AREA(#10382);
#10382 = FILL_AREA_STYLE('',(#10383));
#10383 = FILL_AREA_STYLE_COLOUR('',#9782);
#10384 = CURVE_STYLE('',#10385,POSITIVE_LENGTH_MEASURE(0.1),#9782);
#10385 = DRAUGHTING_PRE_DEFINED_CURVE_FONT('continuous');
#10386 = MECHANICAL_DESIGN_GEOMETRIC_PRESENTATION_REPRESENTATION('',(
    #10387),#4388);
#10387 = STYLED_ITEM('color',(#10388),#4376);
#10388 = PRESENTATION_STYLE_ASSIGNMENT((#10389,#10394));
#10389 = SURFACE_STYLE_USAGE(.BOTH.,#10390);
#10390 = SURFACE_SIDE_STYLE('',(#10391));
#10391 = SURFACE_STYLE_FILL_AREA(#10392);
#10392 = FILL_AREA_STYLE('',(#10393));
#10393 = FILL_AREA_STYLE_COLOUR('',#9782);
#10394 = CURVE_STYLE('',#10395,POSITIVE_LENGTH_MEASURE(0.1),#9782);
#10395 = DRAUGHTING_PRE_DEFINED_CURVE_FONT('continuous');
#10396 = MECHANICAL_DESIGN_GEOMETRIC_PRESENTATION_REPRESENTATION('',(
    #10397),#3489);
#10397 = STYLED_ITEM('color',(#10398),#3477);
#10398 = PRESENTATION_STYLE_ASSIGNMENT((#10399,#10404));
#10399 = SURFACE_STYLE_USAGE(.BOTH.,#10400);
#10400 = SURFACE_SIDE_STYLE('',(#10401));
#10401 = SURFACE_STYLE_FILL_AREA(#10402);
#10402 = FILL_AREA_STYLE('',(#10403));
#10403 = FILL_AREA_STYLE_COLOUR('',#9782);
#10404 = CURVE_STYLE('',#10405,POSITIVE_LENGTH_MEASURE(0.1),#9782);
#10405 = DRAUGHTING_PRE_DEFINED_CURVE_FONT('continuous');
#10406 = MECHANICAL_DESIGN_GEOMETRIC_PRESENTATION_REPRESENTATION('',(
    #10407),#2993);
#10407 = STYLED_ITEM('color',(#10408),#2981);
#10408 = PRESENTATION_STYLE_ASSIGNMENT((#10409,#10414));
#10409 = SURFACE_STYLE_USAGE(.BOTH.,#10410);
#10410 = SURFACE_SIDE_STYLE('',(#10411));
#10411 = SURFACE_STYLE_FILL_AREA(#10412);
#10412 = FILL_AREA_STYLE('',(#10413));
#10413 = FILL_AREA_STYLE_COLOUR('',#9782);
#10414 = CURVE_STYLE('',#10415,POSITIVE_LENGTH_MEASURE(0.1),#9782);
#10415 = DRAUGHTING_PRE_DEFINED_CURVE_FONT('continuous');
#10416 = MECHANICAL_DESIGN_GEOMETRIC_PRESENTATION_REPRESENTATION('',(
    #10417),#6248);
#10417 = STYLED_ITEM('color',(#10418),#6236);
#10418 = PRESENTATION_STYLE_ASSIGNMENT((#10419,#10424));
#10419 = SURFACE_STYLE_USAGE(.BOTH.,#10420);
#10420 = SURFACE_SIDE_STYLE('',(#10421));
#10421 = SURFACE_STYLE_FILL_AREA(#10422);
#10422 = FILL_AREA_STYLE('',(#10423));
#10423 = FILL_AREA_STYLE_COLOUR('',#9782);
#10424 = CURVE_STYLE('',#10425,POSITIVE_LENGTH_MEASURE(0.1),#9782);
#10425 = DRAUGHTING_PRE_DEFINED_CURVE_FONT('continuous');
#10426 = MECHANICAL_DESIGN_GEOMETRIC_PRESENTATION_REPRESENTATION('',(
    #10427),#9317);
#10427 = STYLED_ITEM('color',(#10428),#9305);
#10428 = PRESENTATION_STYLE_ASSIGNMENT((#10429,#10434));
#10429 = SURFACE_STYLE_USAGE(.BOTH.,#10430);
#10430 = SURFACE_SIDE_STYLE('',(#10431));
#10431 = SURFACE_STYLE_FILL_AREA(#10432);
#10432 = FILL_AREA_STYLE('',(#10433));
#10433 = FILL_AREA_STYLE_COLOUR('',#9782);
#10434 = CURVE_STYLE('',#10435,POSITIVE_LENGTH_MEASURE(0.1),#9782);
#10435 = DRAUGHTING_PRE_DEFINED_CURVE_FONT('continuous');
#10436 = MECHANICAL_DESIGN_GEOMETRIC_PRESENTATION_REPRESENTATION('',(
    #10437),#2032);
#10437 = STYLED_ITEM('color',(#10438),#2020);
#10438 = PRESENTATION_STYLE_ASSIGNMENT((#10439,#10444));
#10439 = SURFACE_STYLE_USAGE(.BOTH.,#10440);
#10440 = SURFACE_SIDE_STYLE('',(#10441));
#10441 = SURFACE_STYLE_FILL_AREA(#10442);
#10442 = FILL_AREA_STYLE('',(#10443));
#10443 = FILL_AREA_STYLE_COLOUR('',#9782);
#10444 = CURVE_STYLE('',#10445,POSITIVE_LENGTH_MEASURE(0.1),#9782);
#10445 = DRAUGHTING_PRE_DEFINED_CURVE_FONT('continuous');
#10446 = MECHANICAL_DESIGN_GEOMETRIC_PRESENTATION_REPRESENTATION('',(
    #10447),#3334);
#10447 = STYLED_ITEM('color',(#10448),#3322);
#10448 = PRESENTATION_STYLE_ASSIGNMENT((#10449,#10454));
#10449 = SURFACE_STYLE_USAGE(.BOTH.,#10450);
#10450 = SURFACE_SIDE_STYLE('',(#10451));
#10451 = SURFACE_STYLE_FILL_AREA(#10452);
#10452 = FILL_AREA_STYLE('',(#10453));
#10453 = FILL_AREA_STYLE_COLOUR('',#9782);
#10454 = CURVE_STYLE('',#10455,POSITIVE_LENGTH_MEASURE(0.1),#9782);
#10455 = DRAUGHTING_PRE_DEFINED_CURVE_FONT('continuous');
#10456 = MECHANICAL_DESIGN_GEOMETRIC_PRESENTATION_REPRESENTATION('',(
    #10457),#6372);
#10457 = STYLED_ITEM('color',(#10458),#6360);
#10458 = PRESENTATION_STYLE_ASSIGNMENT((#10459,#10464));
#10459 = SURFACE_STYLE_USAGE(.BOTH.,#10460);
#10460 = SURFACE_SIDE_STYLE('',(#10461));
#10461 = SURFACE_STYLE_FILL_AREA(#10462);
#10462 = FILL_AREA_STYLE('',(#10463));
#10463 = FILL_AREA_STYLE_COLOUR('',#9782);
#10464 = CURVE_STYLE('',#10465,POSITIVE_LENGTH_MEASURE(0.1),#9782);
#10465 = DRAUGHTING_PRE_DEFINED_CURVE_FONT('continuous');
#10466 = MECHANICAL_DESIGN_GEOMETRIC_PRESENTATION_REPRESENTATION('',(
    #10467),#3861);
#10467 = STYLED_ITEM('color',(#10468),#3849);
#10468 = PRESENTATION_STYLE_ASSIGNMENT((#10469,#10474));
#10469 = SURFACE_STYLE_USAGE(.BOTH.,#10470);
#10470 = SURFACE_SIDE_STYLE('',(#10471));
#10471 = SURFACE_STYLE_FILL_AREA(#10472);
#10472 = FILL_AREA_STYLE('',(#10473));
#10473 = FILL_AREA_STYLE_COLOUR('',#9782);
#10474 = CURVE_STYLE('',#10475,POSITIVE_LENGTH_MEASURE(0.1),#9782);
#10475 = DRAUGHTING_PRE_DEFINED_CURVE_FONT('continuous');
#10476 = MECHANICAL_DESIGN_GEOMETRIC_PRESENTATION_REPRESENTATION('',(
    #10477),#3768);
#10477 = STYLED_ITEM('color',(#10478),#3756);
#10478 = PRESENTATION_STYLE_ASSIGNMENT((#10479,#10484));
#10479 = SURFACE_STYLE_USAGE(.BOTH.,#10480);
#10480 = SURFACE_SIDE_STYLE('',(#10481));
#10481 = SURFACE_STYLE_FILL_AREA(#10482);
#10482 = FILL_AREA_STYLE('',(#10483));
#10483 = FILL_AREA_STYLE_COLOUR('',#9782);
#10484 = CURVE_STYLE('',#10485,POSITIVE_LENGTH_MEASURE(0.1),#9782);
#10485 = DRAUGHTING_PRE_DEFINED_CURVE_FONT('continuous');
#10486 = MECHANICAL_DESIGN_GEOMETRIC_PRESENTATION_REPRESENTATION('',(
    #10487),#2373);
#10487 = STYLED_ITEM('color',(#10488),#2361);
#10488 = PRESENTATION_STYLE_ASSIGNMENT((#10489,#10494));
#10489 = SURFACE_STYLE_USAGE(.BOTH.,#10490);
#10490 = SURFACE_SIDE_STYLE('',(#10491));
#10491 = SURFACE_STYLE_FILL_AREA(#10492);
#10492 = FILL_AREA_STYLE('',(#10493));
#10493 = FILL_AREA_STYLE_COLOUR('',#9782);
#10494 = CURVE_STYLE('',#10495,POSITIVE_LENGTH_MEASURE(0.1),#9782);
#10495 = DRAUGHTING_PRE_DEFINED_CURVE_FONT('continuous');
#10496 = MECHANICAL_DESIGN_GEOMETRIC_PRESENTATION_REPRESENTATION('',(
    #10497),#6155);
#10497 = STYLED_ITEM('color',(#10498),#6143);
#10498 = PRESENTATION_STYLE_ASSIGNMENT((#10499,#10504));
#10499 = SURFACE_STYLE_USAGE(.BOTH.,#10500);
#10500 = SURFACE_SIDE_STYLE('',(#10501));
#10501 = SURFACE_STYLE_FILL_AREA(#10502);
#10502 = FILL_AREA_STYLE('',(#10503));
#10503 = FILL_AREA_STYLE_COLOUR('',#9782);
#10504 = CURVE_STYLE('',#10505,POSITIVE_LENGTH_MEASURE(0.1),#9782);
#10505 = DRAUGHTING_PRE_DEFINED_CURVE_FONT('continuous');
#10506 = MECHANICAL_DESIGN_GEOMETRIC_PRESENTATION_REPRESENTATION('',(
    #10507),#3427);
#10507 = STYLED_ITEM('color',(#10508),#3415);
#10508 = PRESENTATION_STYLE_ASSIGNMENT((#10509,#10514));
#10509 = SURFACE_STYLE_USAGE(.BOTH.,#10510);
#10510 = SURFACE_SIDE_STYLE('',(#10511));
#10511 = SURFACE_STYLE_FILL_AREA(#10512);
#10512 = FILL_AREA_STYLE('',(#10513));
#10513 = FILL_AREA_STYLE_COLOUR('',#9782);
#10514 = CURVE_STYLE('',#10515,POSITIVE_LENGTH_MEASURE(0.1),#9782);
#10515 = DRAUGHTING_PRE_DEFINED_CURVE_FONT('continuous');
#10516 = MECHANICAL_DESIGN_GEOMETRIC_PRESENTATION_REPRESENTATION('',(
    #10517),#2931);
#10517 = STYLED_ITEM('color',(#10518),#2919);
#10518 = PRESENTATION_STYLE_ASSIGNMENT((#10519,#10524));
#10519 = SURFACE_STYLE_USAGE(.BOTH.,#10520);
#10520 = SURFACE_SIDE_STYLE('',(#10521));
#10521 = SURFACE_STYLE_FILL_AREA(#10522);
#10522 = FILL_AREA_STYLE('',(#10523));
#10523 = FILL_AREA_STYLE_COLOUR('',#9782);
#10524 = CURVE_STYLE('',#10525,POSITIVE_LENGTH_MEASURE(0.1),#9782);
#10525 = DRAUGHTING_PRE_DEFINED_CURVE_FONT('continuous');
#10526 = MECHANICAL_DESIGN_GEOMETRIC_PRESENTATION_REPRESENTATION('',(
    #10527),#8790);
#10527 = STYLED_ITEM('color',(#10528),#8778);
#10528 = PRESENTATION_STYLE_ASSIGNMENT((#10529,#10534));
#10529 = SURFACE_STYLE_USAGE(.BOTH.,#10530);
#10530 = SURFACE_SIDE_STYLE('',(#10531));
#10531 = SURFACE_STYLE_FILL_AREA(#10532);
#10532 = FILL_AREA_STYLE('',(#10533));
#10533 = FILL_AREA_STYLE_COLOUR('',#9782);
#10534 = CURVE_STYLE('',#10535,POSITIVE_LENGTH_MEASURE(0.1),#9782);
#10535 = DRAUGHTING_PRE_DEFINED_CURVE_FONT('continuous');
#10536 = MECHANICAL_DESIGN_GEOMETRIC_PRESENTATION_REPRESENTATION('',(
    #10537),#6651);
#10537 = STYLED_ITEM('color',(#10538),#6639);
#10538 = PRESENTATION_STYLE_ASSIGNMENT((#10539,#10544));
#10539 = SURFACE_STYLE_USAGE(.BOTH.,#10540);
#10540 = SURFACE_SIDE_STYLE('',(#10541));
#10541 = SURFACE_STYLE_FILL_AREA(#10542);
#10542 = FILL_AREA_STYLE('',(#10543));
#10543 = FILL_AREA_STYLE_COLOUR('',#9782);
#10544 = CURVE_STYLE('',#10545,POSITIVE_LENGTH_MEASURE(0.1),#9782);
#10545 = DRAUGHTING_PRE_DEFINED_CURVE_FONT('continuous');
#10546 = MECHANICAL_DESIGN_GEOMETRIC_PRESENTATION_REPRESENTATION('',(
    #10547),#1319);
#10547 = STYLED_ITEM('color',(#10548),#1307);
#10548 = PRESENTATION_STYLE_ASSIGNMENT((#10549,#10554));
#10549 = SURFACE_STYLE_USAGE(.BOTH.,#10550);
#10550 = SURFACE_SIDE_STYLE('',(#10551));
#10551 = SURFACE_STYLE_FILL_AREA(#10552);
#10552 = FILL_AREA_STYLE('',(#10553));
#10553 = FILL_AREA_STYLE_COLOUR('',#9782);
#10554 = CURVE_STYLE('',#10555,POSITIVE_LENGTH_MEASURE(0.1),#9782);
#10555 = DRAUGHTING_PRE_DEFINED_CURVE_FONT('continuous');
#10556 = MECHANICAL_DESIGN_GEOMETRIC_PRESENTATION_REPRESENTATION('',(
    #10557),#8139);
#10557 = STYLED_ITEM('color',(#10558),#8127);
#10558 = PRESENTATION_STYLE_ASSIGNMENT((#10559,#10564));
#10559 = SURFACE_STYLE_USAGE(.BOTH.,#10560);
#10560 = SURFACE_SIDE_STYLE('',(#10561));
#10561 = SURFACE_STYLE_FILL_AREA(#10562);
#10562 = FILL_AREA_STYLE('',(#10563));
#10563 = FILL_AREA_STYLE_COLOUR('',#9782);
#10564 = CURVE_STYLE('',#10565,POSITIVE_LENGTH_MEASURE(0.1),#9782);
#10565 = DRAUGHTING_PRE_DEFINED_CURVE_FONT('continuous');
#10566 = MECHANICAL_DESIGN_GEOMETRIC_PRESENTATION_REPRESENTATION('',(
    #10567),#8511);
#10567 = STYLED_ITEM('color',(#10568),#8499);
#10568 = PRESENTATION_STYLE_ASSIGNMENT((#10569,#10574));
#10569 = SURFACE_STYLE_USAGE(.BOTH.,#10570);
#10570 = SURFACE_SIDE_STYLE('',(#10571));
#10571 = SURFACE_STYLE_FILL_AREA(#10572);
#10572 = FILL_AREA_STYLE('',(#10573));
#10573 = FILL_AREA_STYLE_COLOUR('',#9782);
#10574 = CURVE_STYLE('',#10575,POSITIVE_LENGTH_MEASURE(0.1),#9782);
#10575 = DRAUGHTING_PRE_DEFINED_CURVE_FONT('continuous');
#10576 = MECHANICAL_DESIGN_GEOMETRIC_PRESENTATION_REPRESENTATION('',(
    #10577),#6558);
#10577 = STYLED_ITEM('color',(#10578),#6546);
#10578 = PRESENTATION_STYLE_ASSIGNMENT((#10579,#10584));
#10579 = SURFACE_STYLE_USAGE(.BOTH.,#10580);
#10580 = SURFACE_SIDE_STYLE('',(#10581));
#10581 = SURFACE_STYLE_FILL_AREA(#10582);
#10582 = FILL_AREA_STYLE('',(#10583));
#10583 = FILL_AREA_STYLE_COLOUR('',#9782);
#10584 = CURVE_STYLE('',#10585,POSITIVE_LENGTH_MEASURE(0.1),#9782);
#10585 = DRAUGHTING_PRE_DEFINED_CURVE_FONT('continuous');
#10586 = MECHANICAL_DESIGN_GEOMETRIC_PRESENTATION_REPRESENTATION('',(
    #10587),#5535);
#10587 = STYLED_ITEM('color',(#10588),#5523);
#10588 = PRESENTATION_STYLE_ASSIGNMENT((#10589,#10594));
#10589 = SURFACE_STYLE_USAGE(.BOTH.,#10590);
#10590 = SURFACE_SIDE_STYLE('',(#10591));
#10591 = SURFACE_STYLE_FILL_AREA(#10592);
#10592 = FILL_AREA_STYLE('',(#10593));
#10593 = FILL_AREA_STYLE_COLOUR('',#9782);
#10594 = CURVE_STYLE('',#10595,POSITIVE_LENGTH_MEASURE(0.1),#9782);
#10595 = DRAUGHTING_PRE_DEFINED_CURVE_FONT('continuous');
#10596 = MECHANICAL_DESIGN_GEOMETRIC_PRESENTATION_REPRESENTATION('',(
    #10597),#4822);
#10597 = STYLED_ITEM('color',(#10598),#4810);
#10598 = PRESENTATION_STYLE_ASSIGNMENT((#10599,#10604));
#10599 = SURFACE_STYLE_USAGE(.BOTH.,#10600);
#10600 = SURFACE_SIDE_STYLE('',(#10601));
#10601 = SURFACE_STYLE_FILL_AREA(#10602);
#10602 = FILL_AREA_STYLE('',(#10603));
#10603 = FILL_AREA_STYLE_COLOUR('',#9782);
#10604 = CURVE_STYLE('',#10605,POSITIVE_LENGTH_MEASURE(0.1),#9782);
#10605 = DRAUGHTING_PRE_DEFINED_CURVE_FONT('continuous');
#10606 = MECHANICAL_DESIGN_GEOMETRIC_PRESENTATION_REPRESENTATION('',(
    #10607),#4016);
#10607 = STYLED_ITEM('color',(#10608),#4004);
#10608 = PRESENTATION_STYLE_ASSIGNMENT((#10609,#10614));
#10609 = SURFACE_STYLE_USAGE(.BOTH.,#10610);
#10610 = SURFACE_SIDE_STYLE('',(#10611));
#10611 = SURFACE_STYLE_FILL_AREA(#10612);
#10612 = FILL_AREA_STYLE('',(#10613));
#10613 = FILL_AREA_STYLE_COLOUR('',#9782);
#10614 = CURVE_STYLE('',#10615,POSITIVE_LENGTH_MEASURE(0.1),#9782);
#10615 = DRAUGHTING_PRE_DEFINED_CURVE_FONT('continuous');
#10616 = MECHANICAL_DESIGN_GEOMETRIC_PRESENTATION_REPRESENTATION('',(
    #10617),#7612);
#10617 = STYLED_ITEM('color',(#10618),#7600);
#10618 = PRESENTATION_STYLE_ASSIGNMENT((#10619,#10624));
#10619 = SURFACE_STYLE_USAGE(.BOTH.,#10620);
#10620 = SURFACE_SIDE_STYLE('',(#10621));
#10621 = SURFACE_STYLE_FILL_AREA(#10622);
#10622 = FILL_AREA_STYLE('',(#10623));
#10623 = FILL_AREA_STYLE_COLOUR('',#9782);
#10624 = CURVE_STYLE('',#10625,POSITIVE_LENGTH_MEASURE(0.1),#9782);
#10625 = DRAUGHTING_PRE_DEFINED_CURVE_FONT('continuous');
#10626 = MECHANICAL_DESIGN_GEOMETRIC_PRESENTATION_REPRESENTATION('',(
    #10627),#5225);
#10627 = STYLED_ITEM('color',(#10628),#5213);
#10628 = PRESENTATION_STYLE_ASSIGNMENT((#10629,#10634));
#10629 = SURFACE_STYLE_USAGE(.BOTH.,#10630);
#10630 = SURFACE_SIDE_STYLE('',(#10631));
#10631 = SURFACE_STYLE_FILL_AREA(#10632);
#10632 = FILL_AREA_STYLE('',(#10633));
#10633 = FILL_AREA_STYLE_COLOUR('',#9782);
#10634 = CURVE_STYLE('',#10635,POSITIVE_LENGTH_MEASURE(0.1),#9782);
#10635 = DRAUGHTING_PRE_DEFINED_CURVE_FONT('continuous');
#10636 = MECHANICAL_DESIGN_GEOMETRIC_PRESENTATION_REPRESENTATION('',(
    #10637),#6527);
#10637 = STYLED_ITEM('color',(#10638),#6515);
#10638 = PRESENTATION_STYLE_ASSIGNMENT((#10639,#10644));
#10639 = SURFACE_STYLE_USAGE(.BOTH.,#10640);
#10640 = SURFACE_SIDE_STYLE('',(#10641));
#10641 = SURFACE_STYLE_FILL_AREA(#10642);
#10642 = FILL_AREA_STYLE('',(#10643));
#10643 = FILL_AREA_STYLE_COLOUR('',#9782);
#10644 = CURVE_STYLE('',#10645,POSITIVE_LENGTH_MEASURE(0.1),#9782);
#10645 = DRAUGHTING_PRE_DEFINED_CURVE_FONT('continuous');
#10646 = MECHANICAL_DESIGN_GEOMETRIC_PRESENTATION_REPRESENTATION('',(
    #10647),#1939);
#10647 = STYLED_ITEM('color',(#10648),#1927);
#10648 = PRESENTATION_STYLE_ASSIGNMENT((#10649,#10654));
#10649 = SURFACE_STYLE_USAGE(.BOTH.,#10650);
#10650 = SURFACE_SIDE_STYLE('',(#10651));
#10651 = SURFACE_STYLE_FILL_AREA(#10652);
#10652 = FILL_AREA_STYLE('',(#10653));
#10653 = FILL_AREA_STYLE_COLOUR('',#9782);
#10654 = CURVE_STYLE('',#10655,POSITIVE_LENGTH_MEASURE(0.1),#9782);
#10655 = DRAUGHTING_PRE_DEFINED_CURVE_FONT('continuous');
#10656 = MECHANICAL_DESIGN_GEOMETRIC_PRESENTATION_REPRESENTATION('',(
    #10657),#6992);
#10657 = STYLED_ITEM('color',(#10658),#6980);
#10658 = PRESENTATION_STYLE_ASSIGNMENT((#10659,#10664));
#10659 = SURFACE_STYLE_USAGE(.BOTH.,#10660);
#10660 = SURFACE_SIDE_STYLE('',(#10661));
#10661 = SURFACE_STYLE_FILL_AREA(#10662);
#10662 = FILL_AREA_STYLE('',(#10663));
#10663 = FILL_AREA_STYLE_COLOUR('',#9782);
#10664 = CURVE_STYLE('',#10665,POSITIVE_LENGTH_MEASURE(0.1),#9782);
#10665 = DRAUGHTING_PRE_DEFINED_CURVE_FONT('continuous');
#10666 = MECHANICAL_DESIGN_GEOMETRIC_PRESENTATION_REPRESENTATION('',(
    #10667),#2466);
#10667 = STYLED_ITEM('color',(#10668),#2454);
#10668 = PRESENTATION_STYLE_ASSIGNMENT((#10669,#10674));
#10669 = SURFACE_STYLE_USAGE(.BOTH.,#10670);
#10670 = SURFACE_SIDE_STYLE('',(#10671));
#10671 = SURFACE_STYLE_FILL_AREA(#10672);
#10672 = FILL_AREA_STYLE('',(#10673));
#10673 = FILL_AREA_STYLE_COLOUR('',#9782);
#10674 = CURVE_STYLE('',#10675,POSITIVE_LENGTH_MEASURE(0.1),#9782);
#10675 = DRAUGHTING_PRE_DEFINED_CURVE_FONT('continuous');
#10676 = MECHANICAL_DESIGN_GEOMETRIC_PRESENTATION_REPRESENTATION('',(
    #10677),#7333);
#10677 = STYLED_ITEM('color',(#10678),#7321);
#10678 = PRESENTATION_STYLE_ASSIGNMENT((#10679,#10684));
#10679 = SURFACE_STYLE_USAGE(.BOTH.,#10680);
#10680 = SURFACE_SIDE_STYLE('',(#10681));
#10681 = SURFACE_STYLE_FILL_AREA(#10682);
#10682 = FILL_AREA_STYLE('',(#10683));
#10683 = FILL_AREA_STYLE_COLOUR('',#9782);
#10684 = CURVE_STYLE('',#10685,POSITIVE_LENGTH_MEASURE(0.1),#9782);
#10685 = DRAUGHTING_PRE_DEFINED_CURVE_FONT('continuous');
#10686 = MECHANICAL_DESIGN_GEOMETRIC_PRESENTATION_REPRESENTATION('',(
    #10687),#3923);
#10687 = STYLED_ITEM('color',(#10688),#3911);
#10688 = PRESENTATION_STYLE_ASSIGNMENT((#10689,#10694));
#10689 = SURFACE_STYLE_USAGE(.BOTH.,#10690);
#10690 = SURFACE_SIDE_STYLE('',(#10691));
#10691 = SURFACE_STYLE_FILL_AREA(#10692);
#10692 = FILL_AREA_STYLE('',(#10693));
#10693 = FILL_AREA_STYLE_COLOUR('',#9782);
#10694 = CURVE_STYLE('',#10695,POSITIVE_LENGTH_MEASURE(0.1),#9782);
#10695 = DRAUGHTING_PRE_DEFINED_CURVE_FONT('continuous');
#10696 = MECHANICAL_DESIGN_GEOMETRIC_PRESENTATION_REPRESENTATION('',(
    #10697),#7705);
#10697 = STYLED_ITEM('color',(#10698),#7693);
#10698 = PRESENTATION_STYLE_ASSIGNMENT((#10699,#10704));
#10699 = SURFACE_STYLE_USAGE(.BOTH.,#10700);
#10700 = SURFACE_SIDE_STYLE('',(#10701));
#10701 = SURFACE_STYLE_FILL_AREA(#10702);
#10702 = FILL_AREA_STYLE('',(#10703));
#10703 = FILL_AREA_STYLE_COLOUR('',#9782);
#10704 = CURVE_STYLE('',#10705,POSITIVE_LENGTH_MEASURE(0.1),#9782);
#10705 = DRAUGHTING_PRE_DEFINED_CURVE_FONT('continuous');
#10706 = MECHANICAL_DESIGN_GEOMETRIC_PRESENTATION_REPRESENTATION('',(
    #10707),#7426);
#10707 = STYLED_ITEM('color',(#10708),#7414);
#10708 = PRESENTATION_STYLE_ASSIGNMENT((#10709,#10714));
#10709 = SURFACE_STYLE_USAGE(.BOTH.,#10710);
#10710 = SURFACE_SIDE_STYLE('',(#10711));
#10711 = SURFACE_STYLE_FILL_AREA(#10712);
#10712 = FILL_AREA_STYLE('',(#10713));
#10713 = FILL_AREA_STYLE_COLOUR('',#9782);
#10714 = CURVE_STYLE('',#10715,POSITIVE_LENGTH_MEASURE(0.1),#9782);
#10715 = DRAUGHTING_PRE_DEFINED_CURVE_FONT('continuous');
#10716 = MECHANICAL_DESIGN_GEOMETRIC_PRESENTATION_REPRESENTATION('',(
    #10717),#8325);
#10717 = STYLED_ITEM('color',(#10718),#8313);
#10718 = PRESENTATION_STYLE_ASSIGNMENT((#10719,#10724));
#10719 = SURFACE_STYLE_USAGE(.BOTH.,#10720);
#10720 = SURFACE_SIDE_STYLE('',(#10721));
#10721 = SURFACE_STYLE_FILL_AREA(#10722);
#10722 = FILL_AREA_STYLE('',(#10723));
#10723 = FILL_AREA_STYLE_COLOUR('',#9782);
#10724 = CURVE_STYLE('',#10725,POSITIVE_LENGTH_MEASURE(0.1),#9782);
#10725 = DRAUGHTING_PRE_DEFINED_CURVE_FONT('continuous');
#10726 = MECHANICAL_DESIGN_GEOMETRIC_PRESENTATION_REPRESENTATION('',(
    #10727),#3272);
#10727 = STYLED_ITEM('color',(#10728),#3260);
#10728 = PRESENTATION_STYLE_ASSIGNMENT((#10729,#10734));
#10729 = SURFACE_STYLE_USAGE(.BOTH.,#10730);
#10730 = SURFACE_SIDE_STYLE('',(#10731));
#10731 = SURFACE_STYLE_FILL_AREA(#10732);
#10732 = FILL_AREA_STYLE('',(#10733));
#10733 = FILL_AREA_STYLE_COLOUR('',#9782);
#10734 = CURVE_STYLE('',#10735,POSITIVE_LENGTH_MEASURE(0.1),#9782);
#10735 = DRAUGHTING_PRE_DEFINED_CURVE_FONT('continuous');
#10736 = MECHANICAL_DESIGN_GEOMETRIC_PRESENTATION_REPRESENTATION('',(
    #10737),#5907);
#10737 = STYLED_ITEM('color',(#10738),#5895);
#10738 = PRESENTATION_STYLE_ASSIGNMENT((#10739,#10744));
#10739 = SURFACE_STYLE_USAGE(.BOTH.,#10740);
#10740 = SURFACE_SIDE_STYLE('',(#10741));
#10741 = SURFACE_STYLE_FILL_AREA(#10742);
#10742 = FILL_AREA_STYLE('',(#10743));
#10743 = FILL_AREA_STYLE_COLOUR('',#9782);
#10744 = CURVE_STYLE('',#10745,POSITIVE_LENGTH_MEASURE(0.1),#9782);
#10745 = DRAUGHTING_PRE_DEFINED_CURVE_FONT('continuous');
#10746 = MECHANICAL_DESIGN_GEOMETRIC_PRESENTATION_REPRESENTATION('',(
    #10747),#4140);
#10747 = STYLED_ITEM('color',(#10748),#4128);
#10748 = PRESENTATION_STYLE_ASSIGNMENT((#10749,#10754));
#10749 = SURFACE_STYLE_USAGE(.BOTH.,#10750);
#10750 = SURFACE_SIDE_STYLE('',(#10751));
#10751 = SURFACE_STYLE_FILL_AREA(#10752);
#10752 = FILL_AREA_STYLE('',(#10753));
#10753 = FILL_AREA_STYLE_COLOUR('',#9782);
#10754 = CURVE_STYLE('',#10755,POSITIVE_LENGTH_MEASURE(0.1),#9782);
#10755 = DRAUGHTING_PRE_DEFINED_CURVE_FONT('continuous');
#10756 = MECHANICAL_DESIGN_GEOMETRIC_PRESENTATION_REPRESENTATION('',(
    #10757),#1474);
#10757 = STYLED_ITEM('color',(#10758),#1462);
#10758 = PRESENTATION_STYLE_ASSIGNMENT((#10759,#10764));
#10759 = SURFACE_STYLE_USAGE(.BOTH.,#10760);
#10760 = SURFACE_SIDE_STYLE('',(#10761));
#10761 = SURFACE_STYLE_FILL_AREA(#10762);
#10762 = FILL_AREA_STYLE('',(#10763));
#10763 = FILL_AREA_STYLE_COLOUR('',#9782);
#10764 = CURVE_STYLE('',#10765,POSITIVE_LENGTH_MEASURE(0.1),#9782);
#10765 = DRAUGHTING_PRE_DEFINED_CURVE_FONT('continuous');
#10766 = MECHANICAL_DESIGN_GEOMETRIC_PRESENTATION_REPRESENTATION('',(
    #10767),#5721);
#10767 = STYLED_ITEM('color',(#10768),#5709);
#10768 = PRESENTATION_STYLE_ASSIGNMENT((#10769,#10774));
#10769 = SURFACE_STYLE_USAGE(.BOTH.,#10770);
#10770 = SURFACE_SIDE_STYLE('',(#10771));
#10771 = SURFACE_STYLE_FILL_AREA(#10772);
#10772 = FILL_AREA_STYLE('',(#10773));
#10773 = FILL_AREA_STYLE_COLOUR('',#9782);
#10774 = CURVE_STYLE('',#10775,POSITIVE_LENGTH_MEASURE(0.1),#9782);
#10775 = DRAUGHTING_PRE_DEFINED_CURVE_FONT('continuous');
#10776 = MECHANICAL_DESIGN_GEOMETRIC_PRESENTATION_REPRESENTATION('',(
    #10777),#2187);
#10777 = STYLED_ITEM('color',(#10778),#2175);
#10778 = PRESENTATION_STYLE_ASSIGNMENT((#10779,#10784));
#10779 = SURFACE_STYLE_USAGE(.BOTH.,#10780);
#10780 = SURFACE_SIDE_STYLE('',(#10781));
#10781 = SURFACE_STYLE_FILL_AREA(#10782);
#10782 = FILL_AREA_STYLE('',(#10783));
#10783 = FILL_AREA_STYLE_COLOUR('',#9782);
#10784 = CURVE_STYLE('',#10785,POSITIVE_LENGTH_MEASURE(0.1),#9782);
#10785 = DRAUGHTING_PRE_DEFINED_CURVE_FONT('continuous');
#10786 = MECHANICAL_DESIGN_GEOMETRIC_PRESENTATION_REPRESENTATION('',(
    #10787),#4047);
#10787 = STYLED_ITEM('color',(#10788),#4035);
#10788 = PRESENTATION_STYLE_ASSIGNMENT((#10789,#10794));
#10789 = SURFACE_STYLE_USAGE(.BOTH.,#10790);
#10790 = SURFACE_SIDE_STYLE('',(#10791));
#10791 = SURFACE_STYLE_FILL_AREA(#10792);
#10792 = FILL_AREA_STYLE('',(#10793));
#10793 = FILL_AREA_STYLE_COLOUR('',#9782);
#10794 = CURVE_STYLE('',#10795,POSITIVE_LENGTH_MEASURE(0.1),#9782);
#10795 = DRAUGHTING_PRE_DEFINED_CURVE_FONT('continuous');
#10796 = MECHANICAL_DESIGN_GEOMETRIC_PRESENTATION_REPRESENTATION('',(
    #10797),#6279);
#10797 = STYLED_ITEM('color',(#10798),#6267);
#10798 = PRESENTATION_STYLE_ASSIGNMENT((#10799,#10804));
#10799 = SURFACE_STYLE_USAGE(.BOTH.,#10800);
#10800 = SURFACE_SIDE_STYLE('',(#10801));
#10801 = SURFACE_STYLE_FILL_AREA(#10802);
#10802 = FILL_AREA_STYLE('',(#10803));
#10803 = FILL_AREA_STYLE_COLOUR('',#9782);
#10804 = CURVE_STYLE('',#10805,POSITIVE_LENGTH_MEASURE(0.1),#9782);
#10805 = DRAUGHTING_PRE_DEFINED_CURVE_FONT('continuous');
#10806 = MECHANICAL_DESIGN_GEOMETRIC_PRESENTATION_REPRESENTATION('',(
    #10807),#4574);
#10807 = STYLED_ITEM('color',(#10808),#4562);
#10808 = PRESENTATION_STYLE_ASSIGNMENT((#10809,#10814));
#10809 = SURFACE_STYLE_USAGE(.BOTH.,#10810);
#10810 = SURFACE_SIDE_STYLE('',(#10811));
#10811 = SURFACE_STYLE_FILL_AREA(#10812);
#10812 = FILL_AREA_STYLE('',(#10813));
#10813 = FILL_AREA_STYLE_COLOUR('',#9782);
#10814 = CURVE_STYLE('',#10815,POSITIVE_LENGTH_MEASURE(0.1),#9782);
#10815 = DRAUGHTING_PRE_DEFINED_CURVE_FONT('continuous');
#10816 = MECHANICAL_DESIGN_GEOMETRIC_PRESENTATION_REPRESENTATION('',(
    #10817),#4915);
#10817 = STYLED_ITEM('color',(#10818),#4903);
#10818 = PRESENTATION_STYLE_ASSIGNMENT((#10819,#10824));
#10819 = SURFACE_STYLE_USAGE(.BOTH.,#10820);
#10820 = SURFACE_SIDE_STYLE('',(#10821));
#10821 = SURFACE_STYLE_FILL_AREA(#10822);
#10822 = FILL_AREA_STYLE('',(#10823));
#10823 = FILL_AREA_STYLE_COLOUR('',#9782);
#10824 = CURVE_STYLE('',#10825,POSITIVE_LENGTH_MEASURE(0.1),#9782);
#10825 = DRAUGHTING_PRE_DEFINED_CURVE_FONT('continuous');
#10826 = MECHANICAL_DESIGN_GEOMETRIC_PRESENTATION_REPRESENTATION('',(
    #10827),#5845);
#10827 = STYLED_ITEM('color',(#10828),#5833);
#10828 = PRESENTATION_STYLE_ASSIGNMENT((#10829,#10834));
#10829 = SURFACE_STYLE_USAGE(.BOTH.,#10830);
#10830 = SURFACE_SIDE_STYLE('',(#10831));
#10831 = SURFACE_STYLE_FILL_AREA(#10832);
#10832 = FILL_AREA_STYLE('',(#10833));
#10833 = FILL_AREA_STYLE_COLOUR('',#9782);
#10834 = CURVE_STYLE('',#10835,POSITIVE_LENGTH_MEASURE(0.1),#9782);
#10835 = DRAUGHTING_PRE_DEFINED_CURVE_FONT('continuous');
#10836 = MECHANICAL_DESIGN_GEOMETRIC_PRESENTATION_REPRESENTATION('',(
    #10837),#6899);
#10837 = STYLED_ITEM('color',(#10838),#6887);
#10838 = PRESENTATION_STYLE_ASSIGNMENT((#10839,#10844));
#10839 = SURFACE_STYLE_USAGE(.BOTH.,#10840);
#10840 = SURFACE_SIDE_STYLE('',(#10841));
#10841 = SURFACE_STYLE_FILL_AREA(#10842);
#10842 = FILL_AREA_STYLE('',(#10843));
#10843 = FILL_AREA_STYLE_COLOUR('',#9782);
#10844 = CURVE_STYLE('',#10845,POSITIVE_LENGTH_MEASURE(0.1),#9782);
#10845 = DRAUGHTING_PRE_DEFINED_CURVE_FONT('continuous');
#10846 = MECHANICAL_DESIGN_GEOMETRIC_PRESENTATION_REPRESENTATION('',(
    #10847),#8170);
#10847 = STYLED_ITEM('color',(#10848),#8158);
#10848 = PRESENTATION_STYLE_ASSIGNMENT((#10849,#10854));
#10849 = SURFACE_STYLE_USAGE(.BOTH.,#10850);
#10850 = SURFACE_SIDE_STYLE('',(#10851));
#10851 = SURFACE_STYLE_FILL_AREA(#10852);
#10852 = FILL_AREA_STYLE('',(#10853));
#10853 = FILL_AREA_STYLE_COLOUR('',#9782);
#10854 = CURVE_STYLE('',#10855,POSITIVE_LENGTH_MEASURE(0.1),#9782);
#10855 = DRAUGHTING_PRE_DEFINED_CURVE_FONT('continuous');
#10856 = MECHANICAL_DESIGN_GEOMETRIC_PRESENTATION_REPRESENTATION('',(
    #10857),#4543);
#10857 = STYLED_ITEM('color',(#10858),#4531);
#10858 = PRESENTATION_STYLE_ASSIGNMENT((#10859,#10864));
#10859 = SURFACE_STYLE_USAGE(.BOTH.,#10860);
#10860 = SURFACE_SIDE_STYLE('',(#10861));
#10861 = SURFACE_STYLE_FILL_AREA(#10862);
#10862 = FILL_AREA_STYLE('',(#10863));
#10863 = FILL_AREA_STYLE_COLOUR('',#9782);
#10864 = CURVE_STYLE('',#10865,POSITIVE_LENGTH_MEASURE(0.1),#9782);
#10865 = DRAUGHTING_PRE_DEFINED_CURVE_FONT('continuous');
#10866 = MECHANICAL_DESIGN_GEOMETRIC_PRESENTATION_REPRESENTATION('',(
    #10867),#9038);
#10867 = STYLED_ITEM('color',(#10868),#9026);
#10868 = PRESENTATION_STYLE_ASSIGNMENT((#10869,#10874));
#10869 = SURFACE_STYLE_USAGE(.BOTH.,#10870);
#10870 = SURFACE_SIDE_STYLE('',(#10871));
#10871 = SURFACE_STYLE_FILL_AREA(#10872);
#10872 = FILL_AREA_STYLE('',(#10873));
#10873 = FILL_AREA_STYLE_COLOUR('',#9782);
#10874 = CURVE_STYLE('',#10875,POSITIVE_LENGTH_MEASURE(0.1),#9782);
#10875 = DRAUGHTING_PRE_DEFINED_CURVE_FONT('continuous');
#10876 = MECHANICAL_DESIGN_GEOMETRIC_PRESENTATION_REPRESENTATION('',(
    #10877),#6217);
#10877 = STYLED_ITEM('color',(#10878),#6205);
#10878 = PRESENTATION_STYLE_ASSIGNMENT((#10879,#10884));
#10879 = SURFACE_STYLE_USAGE(.BOTH.,#10880);
#10880 = SURFACE_SIDE_STYLE('',(#10881));
#10881 = SURFACE_STYLE_FILL_AREA(#10882);
#10882 = FILL_AREA_STYLE('',(#10883));
#10883 = FILL_AREA_STYLE_COLOUR('',#9782);
#10884 = CURVE_STYLE('',#10885,POSITIVE_LENGTH_MEASURE(0.1),#9782);
#10885 = DRAUGHTING_PRE_DEFINED_CURVE_FONT('continuous');
#10886 = MECHANICAL_DESIGN_GEOMETRIC_PRESENTATION_REPRESENTATION('',(
    #10887),#5566);
#10887 = STYLED_ITEM('color',(#10888),#5554);
#10888 = PRESENTATION_STYLE_ASSIGNMENT((#10889,#10894));
#10889 = SURFACE_STYLE_USAGE(.BOTH.,#10890);
#10890 = SURFACE_SIDE_STYLE('',(#10891));
#10891 = SURFACE_STYLE_FILL_AREA(#10892);
#10892 = FILL_AREA_STYLE('',(#10893));
#10893 = FILL_AREA_STYLE_COLOUR('',#9782);
#10894 = CURVE_STYLE('',#10895,POSITIVE_LENGTH_MEASURE(0.1),#9782);
#10895 = DRAUGHTING_PRE_DEFINED_CURVE_FONT('continuous');
#10896 = MECHANICAL_DESIGN_GEOMETRIC_PRESENTATION_REPRESENTATION('',(
    #10897),#2342);
#10897 = STYLED_ITEM('color',(#10898),#2330);
#10898 = PRESENTATION_STYLE_ASSIGNMENT((#10899,#10904));
#10899 = SURFACE_STYLE_USAGE(.BOTH.,#10900);
#10900 = SURFACE_SIDE_STYLE('',(#10901));
#10901 = SURFACE_STYLE_FILL_AREA(#10902);
#10902 = FILL_AREA_STYLE('',(#10903));
#10903 = FILL_AREA_STYLE_COLOUR('',#9782);
#10904 = CURVE_STYLE('',#10905,POSITIVE_LENGTH_MEASURE(0.1),#9782);
#10905 = DRAUGHTING_PRE_DEFINED_CURVE_FONT('continuous');
#10906 = MECHANICAL_DESIGN_GEOMETRIC_PRESENTATION_REPRESENTATION('',(
    #10907),#8697);
#10907 = STYLED_ITEM('color',(#10908),#8685);
#10908 = PRESENTATION_STYLE_ASSIGNMENT((#10909,#10914));
#10909 = SURFACE_STYLE_USAGE(.BOTH.,#10910);
#10910 = SURFACE_SIDE_STYLE('',(#10911));
#10911 = SURFACE_STYLE_FILL_AREA(#10912);
#10912 = FILL_AREA_STYLE('',(#10913));
#10913 = FILL_AREA_STYLE_COLOUR('',#9782);
#10914 = CURVE_STYLE('',#10915,POSITIVE_LENGTH_MEASURE(0.1),#9782);
#10915 = DRAUGHTING_PRE_DEFINED_CURVE_FONT('continuous');
#10916 = MECHANICAL_DESIGN_GEOMETRIC_PRESENTATION_REPRESENTATION('',(
    #10917),#2621);
#10917 = STYLED_ITEM('color',(#10918),#2609);
#10918 = PRESENTATION_STYLE_ASSIGNMENT((#10919,#10924));
#10919 = SURFACE_STYLE_USAGE(.BOTH.,#10920);
#10920 = SURFACE_SIDE_STYLE('',(#10921));
#10921 = SURFACE_STYLE_FILL_AREA(#10922);
#10922 = FILL_AREA_STYLE('',(#10923));
#10923 = FILL_AREA_STYLE_COLOUR('',#9782);
#10924 = CURVE_STYLE('',#10925,POSITIVE_LENGTH_MEASURE(0.1),#9782);
#10925 = DRAUGHTING_PRE_DEFINED_CURVE_FONT('continuous');
#10926 = MECHANICAL_DESIGN_GEOMETRIC_PRESENTATION_REPRESENTATION('',(
    #10927),#8604);
#10927 = STYLED_ITEM('color',(#10928),#8592);
#10928 = PRESENTATION_STYLE_ASSIGNMENT((#10929,#10934));
#10929 = SURFACE_STYLE_USAGE(.BOTH.,#10930);
#10930 = SURFACE_SIDE_STYLE('',(#10931));
#10931 = SURFACE_STYLE_FILL_AREA(#10932);
#10932 = FILL_AREA_STYLE('',(#10933));
#10933 = FILL_AREA_STYLE_COLOUR('',#9782);
#10934 = CURVE_STYLE('',#10935,POSITIVE_LENGTH_MEASURE(0.1),#9782);
#10935 = DRAUGHTING_PRE_DEFINED_CURVE_FONT('continuous');
#10936 = MECHANICAL_DESIGN_GEOMETRIC_PRESENTATION_REPRESENTATION('',(
    #10937),#7240);
#10937 = STYLED_ITEM('color',(#10938),#7228);
#10938 = PRESENTATION_STYLE_ASSIGNMENT((#10939,#10944));
#10939 = SURFACE_STYLE_USAGE(.BOTH.,#10940);
#10940 = SURFACE_SIDE_STYLE('',(#10941));
#10941 = SURFACE_STYLE_FILL_AREA(#10942);
#10942 = FILL_AREA_STYLE('',(#10943));
#10943 = FILL_AREA_STYLE_COLOUR('',#9782);
#10944 = CURVE_STYLE('',#10945,POSITIVE_LENGTH_MEASURE(0.1),#9782);
#10945 = DRAUGHTING_PRE_DEFINED_CURVE_FONT('continuous');
#10946 = MECHANICAL_DESIGN_GEOMETRIC_PRESENTATION_REPRESENTATION('',(
    #10947),#9286);
#10947 = STYLED_ITEM('color',(#10948),#9274);
#10948 = PRESENTATION_STYLE_ASSIGNMENT((#10949,#10954));
#10949 = SURFACE_STYLE_USAGE(.BOTH.,#10950);
#10950 = SURFACE_SIDE_STYLE('',(#10951));
#10951 = SURFACE_STYLE_FILL_AREA(#10952);
#10952 = FILL_AREA_STYLE('',(#10953));
#10953 = FILL_AREA_STYLE_COLOUR('',#9782);
#10954 = CURVE_STYLE('',#10955,POSITIVE_LENGTH_MEASURE(0.1),#9782);
#10955 = DRAUGHTING_PRE_DEFINED_CURVE_FONT('continuous');
#10956 = MECHANICAL_DESIGN_GEOMETRIC_PRESENTATION_REPRESENTATION('',(
    #10957),#8945);
#10957 = STYLED_ITEM('color',(#10958),#8933);
#10958 = PRESENTATION_STYLE_ASSIGNMENT((#10959,#10964));
#10959 = SURFACE_STYLE_USAGE(.BOTH.,#10960);
#10960 = SURFACE_SIDE_STYLE('',(#10961));
#10961 = SURFACE_STYLE_FILL_AREA(#10962);
#10962 = FILL_AREA_STYLE('',(#10963));
#10963 = FILL_AREA_STYLE_COLOUR('',#9782);
#10964 = CURVE_STYLE('',#10965,POSITIVE_LENGTH_MEASURE(0.1),#9782);
#10965 = DRAUGHTING_PRE_DEFINED_CURVE_FONT('continuous');
#10966 = MECHANICAL_DESIGN_GEOMETRIC_PRESENTATION_REPRESENTATION('',(
    #10967),#8077);
#10967 = STYLED_ITEM('color',(#10968),#8065);
#10968 = PRESENTATION_STYLE_ASSIGNMENT((#10969,#10974));
#10969 = SURFACE_STYLE_USAGE(.BOTH.,#10970);
#10970 = SURFACE_SIDE_STYLE('',(#10971));
#10971 = SURFACE_STYLE_FILL_AREA(#10972);
#10972 = FILL_AREA_STYLE('',(#10973));
#10973 = FILL_AREA_STYLE_COLOUR('',#9782);
#10974 = CURVE_STYLE('',#10975,POSITIVE_LENGTH_MEASURE(0.1),#9782);
#10975 = DRAUGHTING_PRE_DEFINED_CURVE_FONT('continuous');
#10976 = MECHANICAL_DESIGN_GEOMETRIC_PRESENTATION_REPRESENTATION('',(
    #10977),#1164);
#10977 = STYLED_ITEM('color',(#10978),#1152);
#10978 = PRESENTATION_STYLE_ASSIGNMENT((#10979,#10984));
#10979 = SURFACE_STYLE_USAGE(.BOTH.,#10980);
#10980 = SURFACE_SIDE_STYLE('',(#10981));
#10981 = SURFACE_STYLE_FILL_AREA(#10982);
#10982 = FILL_AREA_STYLE('',(#10983));
#10983 = FILL_AREA_STYLE_COLOUR('',#9782);
#10984 = CURVE_STYLE('',#10985,POSITIVE_LENGTH_MEASURE(0.1),#9782);
#10985 = DRAUGHTING_PRE_DEFINED_CURVE_FONT('continuous');
#10986 = MECHANICAL_DESIGN_GEOMETRIC_PRESENTATION_REPRESENTATION('',(
    #10987),#4233);
#10987 = STYLED_ITEM('color',(#10988),#4221);
#10988 = PRESENTATION_STYLE_ASSIGNMENT((#10989,#10994));
#10989 = SURFACE_STYLE_USAGE(.BOTH.,#10990);
#10990 = SURFACE_SIDE_STYLE('',(#10991));
#10991 = SURFACE_STYLE_FILL_AREA(#10992);
#10992 = FILL_AREA_STYLE('',(#10993));
#10993 = FILL_AREA_STYLE_COLOUR('',#9782);
#10994 = CURVE_STYLE('',#10995,POSITIVE_LENGTH_MEASURE(0.1),#9782);
#10995 = DRAUGHTING_PRE_DEFINED_CURVE_FONT('continuous');
#10996 = MECHANICAL_DESIGN_GEOMETRIC_PRESENTATION_REPRESENTATION('',(
    #10997),#7984);
#10997 = STYLED_ITEM('color',(#10998),#7972);
#10998 = PRESENTATION_STYLE_ASSIGNMENT((#10999,#11004));
#10999 = SURFACE_STYLE_USAGE(.BOTH.,#11000);
#11000 = SURFACE_SIDE_STYLE('',(#11001));
#11001 = SURFACE_STYLE_FILL_AREA(#11002);
#11002 = FILL_AREA_STYLE('',(#11003));
#11003 = FILL_AREA_STYLE_COLOUR('',#9782);
#11004 = CURVE_STYLE('',#11005,POSITIVE_LENGTH_MEASURE(0.1),#9782);
#11005 = DRAUGHTING_PRE_DEFINED_CURVE_FONT('continuous');
#11006 = MECHANICAL_DESIGN_GEOMETRIC_PRESENTATION_REPRESENTATION('',(
    #11007),#8914);
#11007 = STYLED_ITEM('color',(#11008),#8902);
#11008 = PRESENTATION_STYLE_ASSIGNMENT((#11009,#11014));
#11009 = SURFACE_STYLE_USAGE(.BOTH.,#11010);
#11010 = SURFACE_SIDE_STYLE('',(#11011));
#11011 = SURFACE_STYLE_FILL_AREA(#11012);
#11012 = FILL_AREA_STYLE('',(#11013));
#11013 = FILL_AREA_STYLE_COLOUR('',#9782);
#11014 = CURVE_STYLE('',#11015,POSITIVE_LENGTH_MEASURE(0.1),#9782);
#11015 = DRAUGHTING_PRE_DEFINED_CURVE_FONT('continuous');
#11016 = MECHANICAL_DESIGN_GEOMETRIC_PRESENTATION_REPRESENTATION('',(
    #11017),#5938);
#11017 = STYLED_ITEM('color',(#11018),#5926);
#11018 = PRESENTATION_STYLE_ASSIGNMENT((#11019,#11024));
#11019 = SURFACE_STYLE_USAGE(.BOTH.,#11020);
#11020 = SURFACE_SIDE_STYLE('',(#11021));
#11021 = SURFACE_STYLE_FILL_AREA(#11022);
#11022 = FILL_AREA_STYLE('',(#11023));
#11023 = FILL_AREA_STYLE_COLOUR('',#9782);
#11024 = CURVE_STYLE('',#11025,POSITIVE_LENGTH_MEASURE(0.1),#9782);
#11025 = DRAUGHTING_PRE_DEFINED_CURVE_FONT('continuous');
#11026 = MECHANICAL_DESIGN_GEOMETRIC_PRESENTATION_REPRESENTATION('',(
    #11027),#1598);
#11027 = STYLED_ITEM('color',(#11028),#1586);
#11028 = PRESENTATION_STYLE_ASSIGNMENT((#11029,#11034));
#11029 = SURFACE_STYLE_USAGE(.BOTH.,#11030);
#11030 = SURFACE_SIDE_STYLE('',(#11031));
#11031 = SURFACE_STYLE_FILL_AREA(#11032);
#11032 = FILL_AREA_STYLE('',(#11033));
#11033 = FILL_AREA_STYLE_COLOUR('',#9782);
#11034 = CURVE_STYLE('',#11035,POSITIVE_LENGTH_MEASURE(0.1),#9782);
#11035 = DRAUGHTING_PRE_DEFINED_CURVE_FONT('continuous');
#11036 = MECHANICAL_DESIGN_GEOMETRIC_PRESENTATION_REPRESENTATION('',(
    #11037),#8666);
#11037 = STYLED_ITEM('color',(#11038),#8654);
#11038 = PRESENTATION_STYLE_ASSIGNMENT((#11039,#11044));
#11039 = SURFACE_STYLE_USAGE(.BOTH.,#11040);
#11040 = SURFACE_SIDE_STYLE('',(#11041));
#11041 = SURFACE_STYLE_FILL_AREA(#11042);
#11042 = FILL_AREA_STYLE('',(#11043));
#11043 = FILL_AREA_STYLE_COLOUR('',#9782);
#11044 = CURVE_STYLE('',#11045,POSITIVE_LENGTH_MEASURE(0.1),#9782);
#11045 = DRAUGHTING_PRE_DEFINED_CURVE_FONT('continuous');
#11046 = MECHANICAL_DESIGN_GEOMETRIC_PRESENTATION_REPRESENTATION('',(
    #11047),#5473);
#11047 = STYLED_ITEM('color',(#11048),#5461);
#11048 = PRESENTATION_STYLE_ASSIGNMENT((#11049,#11054));
#11049 = SURFACE_STYLE_USAGE(.BOTH.,#11050);
#11050 = SURFACE_SIDE_STYLE('',(#11051));
#11051 = SURFACE_STYLE_FILL_AREA(#11052);
#11052 = FILL_AREA_STYLE('',(#11053));
#11053 = FILL_AREA_STYLE_COLOUR('',#9782);
#11054 = CURVE_STYLE('',#11055,POSITIVE_LENGTH_MEASURE(0.1),#9782);
#11055 = DRAUGHTING_PRE_DEFINED_CURVE_FONT('continuous');
#11056 = MECHANICAL_DESIGN_GEOMETRIC_PRESENTATION_REPRESENTATION('',(
    #11057),#7147);
#11057 = STYLED_ITEM('color',(#11058),#7135);
#11058 = PRESENTATION_STYLE_ASSIGNMENT((#11059,#11064));
#11059 = SURFACE_STYLE_USAGE(.BOTH.,#11060);
#11060 = SURFACE_SIDE_STYLE('',(#11061));
#11061 = SURFACE_STYLE_FILL_AREA(#11062);
#11062 = FILL_AREA_STYLE('',(#11063));
#11063 = FILL_AREA_STYLE_COLOUR('',#9782);
#11064 = CURVE_STYLE('',#11065,POSITIVE_LENGTH_MEASURE(0.1),#9782);
#11065 = DRAUGHTING_PRE_DEFINED_CURVE_FONT('continuous');
#11066 = MECHANICAL_DESIGN_GEOMETRIC_PRESENTATION_REPRESENTATION('',(
    #11067),#3179);
#11067 = STYLED_ITEM('color',(#11068),#3167);
#11068 = PRESENTATION_STYLE_ASSIGNMENT((#11069,#11074));
#11069 = SURFACE_STYLE_USAGE(.BOTH.,#11070);
#11070 = SURFACE_SIDE_STYLE('',(#11071));
#11071 = SURFACE_STYLE_FILL_AREA(#11072);
#11072 = FILL_AREA_STYLE('',(#11073));
#11073 = FILL_AREA_STYLE_COLOUR('',#9782);
#11074 = CURVE_STYLE('',#11075,POSITIVE_LENGTH_MEASURE(0.1),#9782);
#11075 = DRAUGHTING_PRE_DEFINED_CURVE_FONT('continuous');
#11076 = MECHANICAL_DESIGN_GEOMETRIC_PRESENTATION_REPRESENTATION('',(
    #11077),#7674);
#11077 = STYLED_ITEM('color',(#11078),#7662);
#11078 = PRESENTATION_STYLE_ASSIGNMENT((#11079,#11084));
#11079 = SURFACE_STYLE_USAGE(.BOTH.,#11080);
#11080 = SURFACE_SIDE_STYLE('',(#11081));
#11081 = SURFACE_STYLE_FILL_AREA(#11082);
#11082 = FILL_AREA_STYLE('',(#11083));
#11083 = FILL_AREA_STYLE_COLOUR('',#9782);
#11084 = CURVE_STYLE('',#11085,POSITIVE_LENGTH_MEASURE(0.1),#9782);
#11085 = DRAUGHTING_PRE_DEFINED_CURVE_FONT('continuous');
#11086 = MECHANICAL_DESIGN_GEOMETRIC_PRESENTATION_REPRESENTATION('',(
    #11087),#2807);
#11087 = STYLED_ITEM('color',(#11088),#2795);
#11088 = PRESENTATION_STYLE_ASSIGNMENT((#11089,#11094));
#11089 = SURFACE_STYLE_USAGE(.BOTH.,#11090);
#11090 = SURFACE_SIDE_STYLE('',(#11091));
#11091 = SURFACE_STYLE_FILL_AREA(#11092);
#11092 = FILL_AREA_STYLE('',(#11093));
#11093 = FILL_AREA_STYLE_COLOUR('',#9782);
#11094 = CURVE_STYLE('',#11095,POSITIVE_LENGTH_MEASURE(0.1),#9782);
#11095 = DRAUGHTING_PRE_DEFINED_CURVE_FONT('continuous');
#11096 = MECHANICAL_DESIGN_GEOMETRIC_PRESENTATION_REPRESENTATION('',(
    #11097),#8294);
#11097 = STYLED_ITEM('color',(#11098),#8282);
#11098 = PRESENTATION_STYLE_ASSIGNMENT((#11099,#11104));
#11099 = SURFACE_STYLE_USAGE(.BOTH.,#11100);
#11100 = SURFACE_SIDE_STYLE('',(#11101));
#11101 = SURFACE_STYLE_FILL_AREA(#11102);
#11102 = FILL_AREA_STYLE('',(#11103));
#11103 = FILL_AREA_STYLE_COLOUR('',#9782);
#11104 = CURVE_STYLE('',#11105,POSITIVE_LENGTH_MEASURE(0.1),#9782);
#11105 = DRAUGHTING_PRE_DEFINED_CURVE_FONT('continuous');
#11106 = MECHANICAL_DESIGN_GEOMETRIC_PRESENTATION_REPRESENTATION('',(
    #11107),#4078);
#11107 = STYLED_ITEM('color',(#11108),#4066);
#11108 = PRESENTATION_STYLE_ASSIGNMENT((#11109,#11114));
#11109 = SURFACE_STYLE_USAGE(.BOTH.,#11110);
#11110 = SURFACE_SIDE_STYLE('',(#11111));
#11111 = SURFACE_STYLE_FILL_AREA(#11112);
#11112 = FILL_AREA_STYLE('',(#11113));
#11113 = FILL_AREA_STYLE_COLOUR('',#9782);
#11114 = CURVE_STYLE('',#11115,POSITIVE_LENGTH_MEASURE(0.1),#9782);
#11115 = DRAUGHTING_PRE_DEFINED_CURVE_FONT('continuous');
#11116 = MECHANICAL_DESIGN_GEOMETRIC_PRESENTATION_REPRESENTATION('',(
    #11117),#5690);
#11117 = STYLED_ITEM('color',(#11118),#5678);
#11118 = PRESENTATION_STYLE_ASSIGNMENT((#11119,#11124));
#11119 = SURFACE_STYLE_USAGE(.BOTH.,#11120);
#11120 = SURFACE_SIDE_STYLE('',(#11121));
#11121 = SURFACE_STYLE_FILL_AREA(#11122);
#11122 = FILL_AREA_STYLE('',(#11123));
#11123 = FILL_AREA_STYLE_COLOUR('',#9782);
#11124 = CURVE_STYLE('',#11125,POSITIVE_LENGTH_MEASURE(0.1),#9782);
#11125 = DRAUGHTING_PRE_DEFINED_CURVE_FONT('continuous');
#11126 = MECHANICAL_DESIGN_GEOMETRIC_PRESENTATION_REPRESENTATION('',(
    #11127),#5814);
#11127 = STYLED_ITEM('color',(#11128),#5802);
#11128 = PRESENTATION_STYLE_ASSIGNMENT((#11129,#11134));
#11129 = SURFACE_STYLE_USAGE(.BOTH.,#11130);
#11130 = SURFACE_SIDE_STYLE('',(#11131));
#11131 = SURFACE_STYLE_FILL_AREA(#11132);
#11132 = FILL_AREA_STYLE('',(#11133));
#11133 = FILL_AREA_STYLE_COLOUR('',#9782);
#11134 = CURVE_STYLE('',#11135,POSITIVE_LENGTH_MEASURE(0.1),#9782);
#11135 = DRAUGHTING_PRE_DEFINED_CURVE_FONT('continuous');
#11136 = MECHANICAL_DESIGN_GEOMETRIC_PRESENTATION_REPRESENTATION('',(
    #11137),#4450);
#11137 = STYLED_ITEM('color',(#11138),#4438);
#11138 = PRESENTATION_STYLE_ASSIGNMENT((#11139,#11144));
#11139 = SURFACE_STYLE_USAGE(.BOTH.,#11140);
#11140 = SURFACE_SIDE_STYLE('',(#11141));
#11141 = SURFACE_STYLE_FILL_AREA(#11142);
#11142 = FILL_AREA_STYLE('',(#11143));
#11143 = FILL_AREA_STYLE_COLOUR('',#9782);
#11144 = CURVE_STYLE('',#11145,POSITIVE_LENGTH_MEASURE(0.1),#9782);
#11145 = DRAUGHTING_PRE_DEFINED_CURVE_FONT('continuous');
#11146 = MECHANICAL_DESIGN_GEOMETRIC_PRESENTATION_REPRESENTATION('',(
    #11147),#9224);
#11147 = STYLED_ITEM('color',(#11148),#9212);
#11148 = PRESENTATION_STYLE_ASSIGNMENT((#11149,#11154));
#11149 = SURFACE_STYLE_USAGE(.BOTH.,#11150);
#11150 = SURFACE_SIDE_STYLE('',(#11151));
#11151 = SURFACE_STYLE_FILL_AREA(#11152);
#11152 = FILL_AREA_STYLE('',(#11153));
#11153 = FILL_AREA_STYLE_COLOUR('',#9782);
#11154 = CURVE_STYLE('',#11155,POSITIVE_LENGTH_MEASURE(0.1),#9782);
#11155 = DRAUGHTING_PRE_DEFINED_CURVE_FONT('continuous');
#11156 = MECHANICAL_DESIGN_GEOMETRIC_PRESENTATION_REPRESENTATION('',(
    #11157),#2528);
#11157 = STYLED_ITEM('color',(#11158),#2516);
#11158 = PRESENTATION_STYLE_ASSIGNMENT((#11159,#11164));
#11159 = SURFACE_STYLE_USAGE(.BOTH.,#11160);
#11160 = SURFACE_SIDE_STYLE('',(#11161));
#11161 = SURFACE_STYLE_FILL_AREA(#11162);
#11162 = FILL_AREA_STYLE('',(#11163));
#11163 = FILL_AREA_STYLE_COLOUR('',#9782);
#11164 = CURVE_STYLE('',#11165,POSITIVE_LENGTH_MEASURE(0.1),#9782);
#11165 = DRAUGHTING_PRE_DEFINED_CURVE_FONT('continuous');
#11166 = MECHANICAL_DESIGN_GEOMETRIC_PRESENTATION_REPRESENTATION('',(
    #11167),#1381);
#11167 = STYLED_ITEM('color',(#11168),#1369);
#11168 = PRESENTATION_STYLE_ASSIGNMENT((#11169,#11174));
#11169 = SURFACE_STYLE_USAGE(.BOTH.,#11170);
#11170 = SURFACE_SIDE_STYLE('',(#11171));
#11171 = SURFACE_STYLE_FILL_AREA(#11172);
#11172 = FILL_AREA_STYLE('',(#11173));
#11173 = FILL_AREA_STYLE_COLOUR('',#9782);
#11174 = CURVE_STYLE('',#11175,POSITIVE_LENGTH_MEASURE(0.1),#9782);
#11175 = DRAUGHTING_PRE_DEFINED_CURVE_FONT('continuous');
#11176 = MECHANICAL_DESIGN_GEOMETRIC_PRESENTATION_REPRESENTATION('',(
    #11177),#5194);
#11177 = STYLED_ITEM('color',(#11178),#5182);
#11178 = PRESENTATION_STYLE_ASSIGNMENT((#11179,#11184));
#11179 = SURFACE_STYLE_USAGE(.BOTH.,#11180);
#11180 = SURFACE_SIDE_STYLE('',(#11181));
#11181 = SURFACE_STYLE_FILL_AREA(#11182);
#11182 = FILL_AREA_STYLE('',(#11183));
#11183 = FILL_AREA_STYLE_COLOUR('',#9782);
#11184 = CURVE_STYLE('',#11185,POSITIVE_LENGTH_MEASURE(0.1),#9782);
#11185 = DRAUGHTING_PRE_DEFINED_CURVE_FONT('continuous');
#11186 = MECHANICAL_DESIGN_GEOMETRIC_PRESENTATION_REPRESENTATION('',(
    #11187),#4326);
#11187 = STYLED_ITEM('color',(#11188),#4314);
#11188 = PRESENTATION_STYLE_ASSIGNMENT((#11189,#11194));
#11189 = SURFACE_STYLE_USAGE(.BOTH.,#11190);
#11190 = SURFACE_SIDE_STYLE('',(#11191));
#11191 = SURFACE_STYLE_FILL_AREA(#11192);
#11192 = FILL_AREA_STYLE('',(#11193));
#11193 = FILL_AREA_STYLE_COLOUR('',#9782);
#11194 = CURVE_STYLE('',#11195,POSITIVE_LENGTH_MEASURE(0.1),#9782);
#11195 = DRAUGHTING_PRE_DEFINED_CURVE_FONT('continuous');
#11196 = MECHANICAL_DESIGN_GEOMETRIC_PRESENTATION_REPRESENTATION('',(
    #11197),#1629);
#11197 = STYLED_ITEM('color',(#11198),#1617);
#11198 = PRESENTATION_STYLE_ASSIGNMENT((#11199,#11204));
#11199 = SURFACE_STYLE_USAGE(.BOTH.,#11200);
#11200 = SURFACE_SIDE_STYLE('',(#11201));
#11201 = SURFACE_STYLE_FILL_AREA(#11202);
#11202 = FILL_AREA_STYLE('',(#11203));
#11203 = FILL_AREA_STYLE_COLOUR('',#9782);
#11204 = CURVE_STYLE('',#11205,POSITIVE_LENGTH_MEASURE(0.1),#9782);
#11205 = DRAUGHTING_PRE_DEFINED_CURVE_FONT('continuous');
#11206 = MECHANICAL_DESIGN_GEOMETRIC_PRESENTATION_REPRESENTATION('',(
    #11207),#1784);
#11207 = STYLED_ITEM('color',(#11208),#1772);
#11208 = PRESENTATION_STYLE_ASSIGNMENT((#11209,#11214));
#11209 = SURFACE_STYLE_USAGE(.BOTH.,#11210);
#11210 = SURFACE_SIDE_STYLE('',(#11211));
#11211 = SURFACE_STYLE_FILL_AREA(#11212);
#11212 = FILL_AREA_STYLE('',(#11213));
#11213 = FILL_AREA_STYLE_COLOUR('',#9782);
#11214 = CURVE_STYLE('',#11215,POSITIVE_LENGTH_MEASURE(0.1),#9782);
#11215 = DRAUGHTING_PRE_DEFINED_CURVE_FONT('continuous');
#11216 = MECHANICAL_DESIGN_GEOMETRIC_PRESENTATION_REPRESENTATION('',(
    #11217),#8821);
#11217 = STYLED_ITEM('color',(#11218),#8809);
#11218 = PRESENTATION_STYLE_ASSIGNMENT((#11219,#11224));
#11219 = SURFACE_STYLE_USAGE(.BOTH.,#11220);
#11220 = SURFACE_SIDE_STYLE('',(#11221));
#11221 = SURFACE_STYLE_FILL_AREA(#11222);
#11222 = FILL_AREA_STYLE('',(#11223));
#11223 = FILL_AREA_STYLE_COLOUR('',#9782);
#11224 = CURVE_STYLE('',#11225,POSITIVE_LENGTH_MEASURE(0.1),#9782);
#11225 = DRAUGHTING_PRE_DEFINED_CURVE_FONT('continuous');
#11226 = MECHANICAL_DESIGN_GEOMETRIC_PRESENTATION_REPRESENTATION('',(
    #11227),#2838);
#11227 = STYLED_ITEM('color',(#11228),#2826);
#11228 = PRESENTATION_STYLE_ASSIGNMENT((#11229,#11234));
#11229 = SURFACE_STYLE_USAGE(.BOTH.,#11230);
#11230 = SURFACE_SIDE_STYLE('',(#11231));
#11231 = SURFACE_STYLE_FILL_AREA(#11232);
#11232 = FILL_AREA_STYLE('',(#11233));
#11233 = FILL_AREA_STYLE_COLOUR('',#9782);
#11234 = CURVE_STYLE('',#11235,POSITIVE_LENGTH_MEASURE(0.1),#9782);
#11235 = DRAUGHTING_PRE_DEFINED_CURVE_FONT('continuous');
#11236 = MECHANICAL_DESIGN_GEOMETRIC_PRESENTATION_REPRESENTATION('',(
    #11237),#7829);
#11237 = STYLED_ITEM('color',(#11238),#7817);
#11238 = PRESENTATION_STYLE_ASSIGNMENT((#11239,#11244));
#11239 = SURFACE_STYLE_USAGE(.BOTH.,#11240);
#11240 = SURFACE_SIDE_STYLE('',(#11241));
#11241 = SURFACE_STYLE_FILL_AREA(#11242);
#11242 = FILL_AREA_STYLE('',(#11243));
#11243 = FILL_AREA_STYLE_COLOUR('',#9782);
#11244 = CURVE_STYLE('',#11245,POSITIVE_LENGTH_MEASURE(0.1),#9782);
#11245 = DRAUGHTING_PRE_DEFINED_CURVE_FONT('continuous');
#11246 = MECHANICAL_DESIGN_GEOMETRIC_PRESENTATION_REPRESENTATION('',(
    #11247),#2063);
#11247 = STYLED_ITEM('color',(#11248),#2051);
#11248 = PRESENTATION_STYLE_ASSIGNMENT((#11249,#11254));
#11249 = SURFACE_STYLE_USAGE(.BOTH.,#11250);
#11250 = SURFACE_SIDE_STYLE('',(#11251));
#11251 = SURFACE_STYLE_FILL_AREA(#11252);
#11252 = FILL_AREA_STYLE('',(#11253));
#11253 = FILL_AREA_STYLE_COLOUR('',#9782);
#11254 = CURVE_STYLE('',#11255,POSITIVE_LENGTH_MEASURE(0.1),#9782);
#11255 = DRAUGHTING_PRE_DEFINED_CURVE_FONT('continuous');
#11256 = MECHANICAL_DESIGN_GEOMETRIC_PRESENTATION_REPRESENTATION('',(
    #11257),#5380);
#11257 = STYLED_ITEM('color',(#11258),#5368);
#11258 = PRESENTATION_STYLE_ASSIGNMENT((#11259,#11264));
#11259 = SURFACE_STYLE_USAGE(.BOTH.,#11260);
#11260 = SURFACE_SIDE_STYLE('',(#11261));
#11261 = SURFACE_STYLE_FILL_AREA(#11262);
#11262 = FILL_AREA_STYLE('',(#11263));
#11263 = FILL_AREA_STYLE_COLOUR('',#9782);
#11264 = CURVE_STYLE('',#11265,POSITIVE_LENGTH_MEASURE(0.1),#9782);
#11265 = DRAUGHTING_PRE_DEFINED_CURVE_FONT('continuous');
#11266 = MECHANICAL_DESIGN_GEOMETRIC_PRESENTATION_REPRESENTATION('',(
    #11267),#2094);
#11267 = STYLED_ITEM('color',(#11268),#2082);
#11268 = PRESENTATION_STYLE_ASSIGNMENT((#11269,#11274));
#11269 = SURFACE_STYLE_USAGE(.BOTH.,#11270);
#11270 = SURFACE_SIDE_STYLE('',(#11271));
#11271 = SURFACE_STYLE_FILL_AREA(#11272);
#11272 = FILL_AREA_STYLE('',(#11273));
#11273 = FILL_AREA_STYLE_COLOUR('',#9782);
#11274 = CURVE_STYLE('',#11275,POSITIVE_LENGTH_MEASURE(0.1),#9782);
#11275 = DRAUGHTING_PRE_DEFINED_CURVE_FONT('continuous');
#11276 = MECHANICAL_DESIGN_GEOMETRIC_PRESENTATION_REPRESENTATION('',(
    #11277),#4791);
#11277 = STYLED_ITEM('color',(#11278),#4779);
#11278 = PRESENTATION_STYLE_ASSIGNMENT((#11279,#11284));
#11279 = SURFACE_STYLE_USAGE(.BOTH.,#11280);
#11280 = SURFACE_SIDE_STYLE('',(#11281));
#11281 = SURFACE_STYLE_FILL_AREA(#11282);
#11282 = FILL_AREA_STYLE('',(#11283));
#11283 = FILL_AREA_STYLE_COLOUR('',#9782);
#11284 = CURVE_STYLE('',#11285,POSITIVE_LENGTH_MEASURE(0.1),#9782);
#11285 = DRAUGHTING_PRE_DEFINED_CURVE_FONT('continuous');
#11286 = MECHANICAL_DESIGN_GEOMETRIC_PRESENTATION_REPRESENTATION('',(
    #11287),#3396);
#11287 = STYLED_ITEM('color',(#11288),#3384);
#11288 = PRESENTATION_STYLE_ASSIGNMENT((#11289,#11294));
#11289 = SURFACE_STYLE_USAGE(.BOTH.,#11290);
#11290 = SURFACE_SIDE_STYLE('',(#11291));
#11291 = SURFACE_STYLE_FILL_AREA(#11292);
#11292 = FILL_AREA_STYLE('',(#11293));
#11293 = FILL_AREA_STYLE_COLOUR('',#9782);
#11294 = CURVE_STYLE('',#11295,POSITIVE_LENGTH_MEASURE(0.1),#9782);
#11295 = DRAUGHTING_PRE_DEFINED_CURVE_FONT('continuous');
#11296 = MECHANICAL_DESIGN_GEOMETRIC_PRESENTATION_REPRESENTATION('',(
    #11297),#3458);
#11297 = STYLED_ITEM('color',(#11298),#3446);
#11298 = PRESENTATION_STYLE_ASSIGNMENT((#11299,#11304));
#11299 = SURFACE_STYLE_USAGE(.BOTH.,#11300);
#11300 = SURFACE_SIDE_STYLE('',(#11301));
#11301 = SURFACE_STYLE_FILL_AREA(#11302);
#11302 = FILL_AREA_STYLE('',(#11303));
#11303 = FILL_AREA_STYLE_COLOUR('',#9782);
#11304 = CURVE_STYLE('',#11305,POSITIVE_LENGTH_MEASURE(0.1),#9782);
#11305 = DRAUGHTING_PRE_DEFINED_CURVE_FONT('continuous');
#11306 = MECHANICAL_DESIGN_GEOMETRIC_PRESENTATION_REPRESENTATION('',(
    #11307),#8046);
#11307 = STYLED_ITEM('color',(#11308),#8034);
#11308 = PRESENTATION_STYLE_ASSIGNMENT((#11309,#11314));
#11309 = SURFACE_STYLE_USAGE(.BOTH.,#11310);
#11310 = SURFACE_SIDE_STYLE('',(#11311));
#11311 = SURFACE_STYLE_FILL_AREA(#11312);
#11312 = FILL_AREA_STYLE('',(#11313));
#11313 = FILL_AREA_STYLE_COLOUR('',#9782);
#11314 = CURVE_STYLE('',#11315,POSITIVE_LENGTH_MEASURE(0.1),#9782);
#11315 = DRAUGHTING_PRE_DEFINED_CURVE_FONT('continuous');
#11316 = MECHANICAL_DESIGN_GEOMETRIC_PRESENTATION_REPRESENTATION('',(
    #11317),#1102);
#11317 = STYLED_ITEM('color',(#11318),#1090);
#11318 = PRESENTATION_STYLE_ASSIGNMENT((#11319,#11324));
#11319 = SURFACE_STYLE_USAGE(.BOTH.,#11320);
#11320 = SURFACE_SIDE_STYLE('',(#11321));
#11321 = SURFACE_STYLE_FILL_AREA(#11322);
#11322 = FILL_AREA_STYLE('',(#11323));
#11323 = FILL_AREA_STYLE_COLOUR('',#9782);
#11324 = CURVE_STYLE('',#11325,POSITIVE_LENGTH_MEASURE(0.1),#9782);
#11325 = DRAUGHTING_PRE_DEFINED_CURVE_FONT('continuous');
#11326 = MECHANICAL_DESIGN_GEOMETRIC_PRESENTATION_REPRESENTATION('',(
    #11327),#1660);
#11327 = STYLED_ITEM('color',(#11328),#1648);
#11328 = PRESENTATION_STYLE_ASSIGNMENT((#11329,#11334));
#11329 = SURFACE_STYLE_USAGE(.BOTH.,#11330);
#11330 = SURFACE_SIDE_STYLE('',(#11331));
#11331 = SURFACE_STYLE_FILL_AREA(#11332);
#11332 = FILL_AREA_STYLE('',(#11333));
#11333 = FILL_AREA_STYLE_COLOUR('',#9782);
#11334 = CURVE_STYLE('',#11335,POSITIVE_LENGTH_MEASURE(0.1),#9782);
#11335 = DRAUGHTING_PRE_DEFINED_CURVE_FONT('continuous');
#11336 = MECHANICAL_DESIGN_GEOMETRIC_PRESENTATION_REPRESENTATION('',(
    #11337),#4202);
#11337 = STYLED_ITEM('color',(#11338),#4190);
#11338 = PRESENTATION_STYLE_ASSIGNMENT((#11339,#11344));
#11339 = SURFACE_STYLE_USAGE(.BOTH.,#11340);
#11340 = SURFACE_SIDE_STYLE('',(#11341));
#11341 = SURFACE_STYLE_FILL_AREA(#11342);
#11342 = FILL_AREA_STYLE('',(#11343));
#11343 = FILL_AREA_STYLE_COLOUR('',#9782);
#11344 = CURVE_STYLE('',#11345,POSITIVE_LENGTH_MEASURE(0.1),#9782);
#11345 = DRAUGHTING_PRE_DEFINED_CURVE_FONT('continuous');
#11346 = MECHANICAL_DESIGN_GEOMETRIC_PRESENTATION_REPRESENTATION('',(
    #11347),#4295);
#11347 = STYLED_ITEM('color',(#11348),#4283);
#11348 = PRESENTATION_STYLE_ASSIGNMENT((#11349,#11354));
#11349 = SURFACE_STYLE_USAGE(.BOTH.,#11350);
#11350 = SURFACE_SIDE_STYLE('',(#11351));
#11351 = SURFACE_STYLE_FILL_AREA(#11352);
#11352 = FILL_AREA_STYLE('',(#11353));
#11353 = FILL_AREA_STYLE_COLOUR('',#9782);
#11354 = CURVE_STYLE('',#11355,POSITIVE_LENGTH_MEASURE(0.1),#9782);
#11355 = DRAUGHTING_PRE_DEFINED_CURVE_FONT('continuous');
#11356 = MECHANICAL_DESIGN_GEOMETRIC_PRESENTATION_REPRESENTATION('',(
    #11357),#5318);
#11357 = STYLED_ITEM('color',(#11358),#5306);
#11358 = PRESENTATION_STYLE_ASSIGNMENT((#11359,#11364));
#11359 = SURFACE_STYLE_USAGE(.BOTH.,#11360);
#11360 = SURFACE_SIDE_STYLE('',(#11361));
#11361 = SURFACE_STYLE_FILL_AREA(#11362);
#11362 = FILL_AREA_STYLE('',(#11363));
#11363 = FILL_AREA_STYLE_COLOUR('',#9782);
#11364 = CURVE_STYLE('',#11365,POSITIVE_LENGTH_MEASURE(0.1),#9782);
#11365 = DRAUGHTING_PRE_DEFINED_CURVE_FONT('continuous');
#11366 = MECHANICAL_DESIGN_GEOMETRIC_PRESENTATION_REPRESENTATION('',(
    #11367),#7054);
#11367 = STYLED_ITEM('color',(#11368),#7042);
#11368 = PRESENTATION_STYLE_ASSIGNMENT((#11369,#11374));
#11369 = SURFACE_STYLE_USAGE(.BOTH.,#11370);
#11370 = SURFACE_SIDE_STYLE('',(#11371));
#11371 = SURFACE_STYLE_FILL_AREA(#11372);
#11372 = FILL_AREA_STYLE('',(#11373));
#11373 = FILL_AREA_STYLE_COLOUR('',#9782);
#11374 = CURVE_STYLE('',#11375,POSITIVE_LENGTH_MEASURE(0.1),#9782);
#11375 = DRAUGHTING_PRE_DEFINED_CURVE_FONT('continuous');
#11376 = MECHANICAL_DESIGN_GEOMETRIC_PRESENTATION_REPRESENTATION('',(
    #11377),#1257);
#11377 = STYLED_ITEM('color',(#11378),#1245);
#11378 = PRESENTATION_STYLE_ASSIGNMENT((#11379,#11384));
#11379 = SURFACE_STYLE_USAGE(.BOTH.,#11380);
#11380 = SURFACE_SIDE_STYLE('',(#11381));
#11381 = SURFACE_STYLE_FILL_AREA(#11382);
#11382 = FILL_AREA_STYLE('',(#11383));
#11383 = FILL_AREA_STYLE_COLOUR('',#9782);
#11384 = CURVE_STYLE('',#11385,POSITIVE_LENGTH_MEASURE(0.1),#9782);
#11385 = DRAUGHTING_PRE_DEFINED_CURVE_FONT('continuous');
#11386 = MECHANICAL_DESIGN_GEOMETRIC_PRESENTATION_REPRESENTATION('',(
    #11387),#1505);
#11387 = STYLED_ITEM('color',(#11388),#1493);
#11388 = PRESENTATION_STYLE_ASSIGNMENT((#11389,#11394));
#11389 = SURFACE_STYLE_USAGE(.BOTH.,#11390);
#11390 = SURFACE_SIDE_STYLE('',(#11391));
#11391 = SURFACE_STYLE_FILL_AREA(#11392);
#11392 = FILL_AREA_STYLE('',(#11393));
#11393 = FILL_AREA_STYLE_COLOUR('',#9782);
#11394 = CURVE_STYLE('',#11395,POSITIVE_LENGTH_MEASURE(0.1),#9782);
#11395 = DRAUGHTING_PRE_DEFINED_CURVE_FONT('continuous');
#11396 = MECHANICAL_DESIGN_GEOMETRIC_PRESENTATION_REPRESENTATION('',(
    #11397),#8635);
#11397 = STYLED_ITEM('color',(#11398),#8623);
#11398 = PRESENTATION_STYLE_ASSIGNMENT((#11399,#11404));
#11399 = SURFACE_STYLE_USAGE(.BOTH.,#11400);
#11400 = SURFACE_SIDE_STYLE('',(#11401));
#11401 = SURFACE_STYLE_FILL_AREA(#11402);
#11402 = FILL_AREA_STYLE('',(#11403));
#11403 = FILL_AREA_STYLE_COLOUR('',#9782);
#11404 = CURVE_STYLE('',#11405,POSITIVE_LENGTH_MEASURE(0.1),#9782);
#11405 = DRAUGHTING_PRE_DEFINED_CURVE_FONT('continuous');
#11406 = MECHANICAL_DESIGN_GEOMETRIC_PRESENTATION_REPRESENTATION('',(
    #11407),#9100);
#11407 = STYLED_ITEM('color',(#11408),#9088);
#11408 = PRESENTATION_STYLE_ASSIGNMENT((#11409,#11414));
#11409 = SURFACE_STYLE_USAGE(.BOTH.,#11410);
#11410 = SURFACE_SIDE_STYLE('',(#11411));
#11411 = SURFACE_STYLE_FILL_AREA(#11412);
#11412 = FILL_AREA_STYLE('',(#11413));
#11413 = FILL_AREA_STYLE_COLOUR('',#9782);
#11414 = CURVE_STYLE('',#11415,POSITIVE_LENGTH_MEASURE(0.1),#9782);
#11415 = DRAUGHTING_PRE_DEFINED_CURVE_FONT('continuous');
#11416 = MECHANICAL_DESIGN_GEOMETRIC_PRESENTATION_REPRESENTATION('',(
    #11417),#7891);
#11417 = STYLED_ITEM('color',(#11418),#7879);
#11418 = PRESENTATION_STYLE_ASSIGNMENT((#11419,#11424));
#11419 = SURFACE_STYLE_USAGE(.BOTH.,#11420);
#11420 = SURFACE_SIDE_STYLE('',(#11421));
#11421 = SURFACE_STYLE_FILL_AREA(#11422);
#11422 = FILL_AREA_STYLE('',(#11423));
#11423 = FILL_AREA_STYLE_COLOUR('',#9782);
#11424 = CURVE_STYLE('',#11425,POSITIVE_LENGTH_MEASURE(0.1),#9782);
#11425 = DRAUGHTING_PRE_DEFINED_CURVE_FONT('continuous');
#11426 = MECHANICAL_DESIGN_GEOMETRIC_PRESENTATION_REPRESENTATION('',(
    #11427),#3148);
#11427 = STYLED_ITEM('color',(#11428),#3136);
#11428 = PRESENTATION_STYLE_ASSIGNMENT((#11429,#11434));
#11429 = SURFACE_STYLE_USAGE(.BOTH.,#11430);
#11430 = SURFACE_SIDE_STYLE('',(#11431));
#11431 = SURFACE_STYLE_FILL_AREA(#11432);
#11432 = FILL_AREA_STYLE('',(#11433));
#11433 = FILL_AREA_STYLE_COLOUR('',#9782);
#11434 = CURVE_STYLE('',#11435,POSITIVE_LENGTH_MEASURE(0.1),#9782);
#11435 = DRAUGHTING_PRE_DEFINED_CURVE_FONT('continuous');
#11436 = MECHANICAL_DESIGN_GEOMETRIC_PRESENTATION_REPRESENTATION('',(
    #11437),#1288);
#11437 = STYLED_ITEM('color',(#11438),#1276);
#11438 = PRESENTATION_STYLE_ASSIGNMENT((#11439,#11444));
#11439 = SURFACE_STYLE_USAGE(.BOTH.,#11440);
#11440 = SURFACE_SIDE_STYLE('',(#11441));
#11441 = SURFACE_STYLE_FILL_AREA(#11442);
#11442 = FILL_AREA_STYLE('',(#11443));
#11443 = FILL_AREA_STYLE_COLOUR('',#9782);
#11444 = CURVE_STYLE('',#11445,POSITIVE_LENGTH_MEASURE(0.1),#9782);
#11445 = DRAUGHTING_PRE_DEFINED_CURVE_FONT('continuous');
#11446 = MECHANICAL_DESIGN_GEOMETRIC_PRESENTATION_REPRESENTATION('',(
    #11447),#7209);
#11447 = STYLED_ITEM('color',(#11448),#7197);
#11448 = PRESENTATION_STYLE_ASSIGNMENT((#11449,#11454));
#11449 = SURFACE_STYLE_USAGE(.BOTH.,#11450);
#11450 = SURFACE_SIDE_STYLE('',(#11451));
#11451 = SURFACE_STYLE_FILL_AREA(#11452);
#11452 = FILL_AREA_STYLE('',(#11453));
#11453 = FILL_AREA_STYLE_COLOUR('',#9782);
#11454 = CURVE_STYLE('',#11455,POSITIVE_LENGTH_MEASURE(0.1),#9782);
#11455 = DRAUGHTING_PRE_DEFINED_CURVE_FONT('continuous');
#11456 = MECHANICAL_DESIGN_GEOMETRIC_PRESENTATION_REPRESENTATION('',(
    #11457),#6620);
#11457 = STYLED_ITEM('color',(#11458),#6608);
#11458 = PRESENTATION_STYLE_ASSIGNMENT((#11459,#11464));
#11459 = SURFACE_STYLE_USAGE(.BOTH.,#11460);
#11460 = SURFACE_SIDE_STYLE('',(#11461));
#11461 = SURFACE_STYLE_FILL_AREA(#11462);
#11462 = FILL_AREA_STYLE('',(#11463));
#11463 = FILL_AREA_STYLE_COLOUR('',#9782);
#11464 = CURVE_STYLE('',#11465,POSITIVE_LENGTH_MEASURE(0.1),#9782);
#11465 = DRAUGHTING_PRE_DEFINED_CURVE_FONT('continuous');
#11466 = MECHANICAL_DESIGN_GEOMETRIC_PRESENTATION_REPRESENTATION('',(
    #11467),#5287);
#11467 = STYLED_ITEM('color',(#11468),#5275);
#11468 = PRESENTATION_STYLE_ASSIGNMENT((#11469,#11474));
#11469 = SURFACE_STYLE_USAGE(.BOTH.,#11470);
#11470 = SURFACE_SIDE_STYLE('',(#11471));
#11471 = SURFACE_STYLE_FILL_AREA(#11472);
#11472 = FILL_AREA_STYLE('',(#11473));
#11473 = FILL_AREA_STYLE_COLOUR('',#9782);
#11474 = CURVE_STYLE('',#11475,POSITIVE_LENGTH_MEASURE(0.1),#9782);
#11475 = DRAUGHTING_PRE_DEFINED_CURVE_FONT('continuous');
#11476 = MECHANICAL_DESIGN_GEOMETRIC_PRESENTATION_REPRESENTATION('',(
    #11477),#1691);
#11477 = STYLED_ITEM('color',(#11478),#1679);
#11478 = PRESENTATION_STYLE_ASSIGNMENT((#11479,#11484));
#11479 = SURFACE_STYLE_USAGE(.BOTH.,#11480);
#11480 = SURFACE_SIDE_STYLE('',(#11481));
#11481 = SURFACE_STYLE_FILL_AREA(#11482);
#11482 = FILL_AREA_STYLE('',(#11483));
#11483 = FILL_AREA_STYLE_COLOUR('',#9782);
#11484 = CURVE_STYLE('',#11485,POSITIVE_LENGTH_MEASURE(0.1),#9782);
#11485 = DRAUGHTING_PRE_DEFINED_CURVE_FONT('continuous');
#11486 = MECHANICAL_DESIGN_GEOMETRIC_PRESENTATION_REPRESENTATION('',(
    #11487),#7395);
#11487 = STYLED_ITEM('color',(#11488),#7383);
#11488 = PRESENTATION_STYLE_ASSIGNMENT((#11489,#11494));
#11489 = SURFACE_STYLE_USAGE(.BOTH.,#11490);
#11490 = SURFACE_SIDE_STYLE('',(#11491));
#11491 = SURFACE_STYLE_FILL_AREA(#11492);
#11492 = FILL_AREA_STYLE('',(#11493));
#11493 = FILL_AREA_STYLE_COLOUR('',#9782);
#11494 = CURVE_STYLE('',#11495,POSITIVE_LENGTH_MEASURE(0.1),#9782);
#11495 = DRAUGHTING_PRE_DEFINED_CURVE_FONT('continuous');
#11496 = MECHANICAL_DESIGN_GEOMETRIC_PRESENTATION_REPRESENTATION('',(
    #11497),#1350);
#11497 = STYLED_ITEM('color',(#11498),#1338);
#11498 = PRESENTATION_STYLE_ASSIGNMENT((#11499,#11504));
#11499 = SURFACE_STYLE_USAGE(.BOTH.,#11500);
#11500 = SURFACE_SIDE_STYLE('',(#11501));
#11501 = SURFACE_STYLE_FILL_AREA(#11502);
#11502 = FILL_AREA_STYLE('',(#11503));
#11503 = FILL_AREA_STYLE_COLOUR('',#9782);
#11504 = CURVE_STYLE('',#11505,POSITIVE_LENGTH_MEASURE(0.1),#9782);
#11505 = DRAUGHTING_PRE_DEFINED_CURVE_FONT('continuous');
#11506 = MECHANICAL_DESIGN_GEOMETRIC_PRESENTATION_REPRESENTATION('',(
    #11507),#5876);
#11507 = STYLED_ITEM('color',(#11508),#5864);
#11508 = PRESENTATION_STYLE_ASSIGNMENT((#11509,#11514));
#11509 = SURFACE_STYLE_USAGE(.BOTH.,#11510);
#11510 = SURFACE_SIDE_STYLE('',(#11511));
#11511 = SURFACE_STYLE_FILL_AREA(#11512);
#11512 = FILL_AREA_STYLE('',(#11513));
#11513 = FILL_AREA_STYLE_COLOUR('',#9782);
#11514 = CURVE_STYLE('',#11515,POSITIVE_LENGTH_MEASURE(0.1),#9782);
#11515 = DRAUGHTING_PRE_DEFINED_CURVE_FONT('continuous');
#11516 = MECHANICAL_DESIGN_GEOMETRIC_PRESENTATION_REPRESENTATION('',(
    #11517),#6000);
#11517 = STYLED_ITEM('color',(#11518),#5988);
#11518 = PRESENTATION_STYLE_ASSIGNMENT((#11519,#11524));
#11519 = SURFACE_STYLE_USAGE(.BOTH.,#11520);
#11520 = SURFACE_SIDE_STYLE('',(#11521));
#11521 = SURFACE_STYLE_FILL_AREA(#11522);
#11522 = FILL_AREA_STYLE('',(#11523));
#11523 = FILL_AREA_STYLE_COLOUR('',#9782);
#11524 = CURVE_STYLE('',#11525,POSITIVE_LENGTH_MEASURE(0.1),#9782);
#11525 = DRAUGHTING_PRE_DEFINED_CURVE_FONT('continuous');
#11526 = MECHANICAL_DESIGN_GEOMETRIC_PRESENTATION_REPRESENTATION('',(
    #11527),#5039);
#11527 = STYLED_ITEM('color',(#11528),#5027);
#11528 = PRESENTATION_STYLE_ASSIGNMENT((#11529,#11534));
#11529 = SURFACE_STYLE_USAGE(.BOTH.,#11530);
#11530 = SURFACE_SIDE_STYLE('',(#11531));
#11531 = SURFACE_STYLE_FILL_AREA(#11532);
#11532 = FILL_AREA_STYLE('',(#11533));
#11533 = FILL_AREA_STYLE_COLOUR('',#9782);
#11534 = CURVE_STYLE('',#11535,POSITIVE_LENGTH_MEASURE(0.1),#9782);
#11535 = DRAUGHTING_PRE_DEFINED_CURVE_FONT('continuous');
#11536 = MECHANICAL_DESIGN_GEOMETRIC_PRESENTATION_REPRESENTATION('',(
    #11537),#2249);
#11537 = STYLED_ITEM('color',(#11538),#2237);
#11538 = PRESENTATION_STYLE_ASSIGNMENT((#11539,#11544));
#11539 = SURFACE_STYLE_USAGE(.BOTH.,#11540);
#11540 = SURFACE_SIDE_STYLE('',(#11541));
#11541 = SURFACE_STYLE_FILL_AREA(#11542);
#11542 = FILL_AREA_STYLE('',(#11543));
#11543 = FILL_AREA_STYLE_COLOUR('',#9782);
#11544 = CURVE_STYLE('',#11545,POSITIVE_LENGTH_MEASURE(0.1),#9782);
#11545 = DRAUGHTING_PRE_DEFINED_CURVE_FONT('continuous');
#11546 = MECHANICAL_DESIGN_GEOMETRIC_PRESENTATION_REPRESENTATION('',(
    #11547),#8201);
#11547 = STYLED_ITEM('color',(#11548),#8189);
#11548 = PRESENTATION_STYLE_ASSIGNMENT((#11549,#11554));
#11549 = SURFACE_STYLE_USAGE(.BOTH.,#11550);
#11550 = SURFACE_SIDE_STYLE('',(#11551));
#11551 = SURFACE_STYLE_FILL_AREA(#11552);
#11552 = FILL_AREA_STYLE('',(#11553));
#11553 = FILL_AREA_STYLE_COLOUR('',#9782);
#11554 = CURVE_STYLE('',#11555,POSITIVE_LENGTH_MEASURE(0.1),#9782);
#11555 = DRAUGHTING_PRE_DEFINED_CURVE_FONT('continuous');
#11556 = MECHANICAL_DESIGN_GEOMETRIC_PRESENTATION_REPRESENTATION('',(
    #11557),#6806);
#11557 = STYLED_ITEM('color',(#11558),#6794);
#11558 = PRESENTATION_STYLE_ASSIGNMENT((#11559,#11564));
#11559 = SURFACE_STYLE_USAGE(.BOTH.,#11560);
#11560 = SURFACE_SIDE_STYLE('',(#11561));
#11561 = SURFACE_STYLE_FILL_AREA(#11562);
#11562 = FILL_AREA_STYLE('',(#11563));
#11563 = FILL_AREA_STYLE_COLOUR('',#9782);
#11564 = CURVE_STYLE('',#11565,POSITIVE_LENGTH_MEASURE(0.1),#9782);
#11565 = DRAUGHTING_PRE_DEFINED_CURVE_FONT('continuous');
#11566 = MECHANICAL_DESIGN_GEOMETRIC_PRESENTATION_REPRESENTATION('',(
    #11567),#7488);
#11567 = STYLED_ITEM('color',(#11568),#7476);
#11568 = PRESENTATION_STYLE_ASSIGNMENT((#11569,#11574));
#11569 = SURFACE_STYLE_USAGE(.BOTH.,#11570);
#11570 = SURFACE_SIDE_STYLE('',(#11571));
#11571 = SURFACE_STYLE_FILL_AREA(#11572);
#11572 = FILL_AREA_STYLE('',(#11573));
#11573 = FILL_AREA_STYLE_COLOUR('',#9782);
#11574 = CURVE_STYLE('',#11575,POSITIVE_LENGTH_MEASURE(0.1),#9782);
#11575 = DRAUGHTING_PRE_DEFINED_CURVE_FONT('continuous');
#11576 = MECHANICAL_DESIGN_GEOMETRIC_PRESENTATION_REPRESENTATION('',(
    #11577),#5597);
#11577 = STYLED_ITEM('color',(#11578),#5585);
#11578 = PRESENTATION_STYLE_ASSIGNMENT((#11579,#11584));
#11579 = SURFACE_STYLE_USAGE(.BOTH.,#11580);
#11580 = SURFACE_SIDE_STYLE('',(#11581));
#11581 = SURFACE_STYLE_FILL_AREA(#11582);
#11582 = FILL_AREA_STYLE('',(#11583));
#11583 = FILL_AREA_STYLE_COLOUR('',#9782);
#11584 = CURVE_STYLE('',#11585,POSITIVE_LENGTH_MEASURE(0.1),#9782);
#11585 = DRAUGHTING_PRE_DEFINED_CURVE_FONT('continuous');
#11586 = MECHANICAL_DESIGN_GEOMETRIC_PRESENTATION_REPRESENTATION('',(
    #11587),#4884);
#11587 = STYLED_ITEM('color',(#11588),#4872);
#11588 = PRESENTATION_STYLE_ASSIGNMENT((#11589,#11594));
#11589 = SURFACE_STYLE_USAGE(.BOTH.,#11590);
#11590 = SURFACE_SIDE_STYLE('',(#11591));
#11591 = SURFACE_STYLE_FILL_AREA(#11592);
#11592 = FILL_AREA_STYLE('',(#11593));
#11593 = FILL_AREA_STYLE_COLOUR('',#9782);
#11594 = CURVE_STYLE('',#11595,POSITIVE_LENGTH_MEASURE(0.1),#9782);
#11595 = DRAUGHTING_PRE_DEFINED_CURVE_FONT('continuous');
#11596 = MECHANICAL_DESIGN_GEOMETRIC_PRESENTATION_REPRESENTATION('',(
    #11597),#7922);
#11597 = STYLED_ITEM('color',(#11598),#7910);
#11598 = PRESENTATION_STYLE_ASSIGNMENT((#11599,#11604));
#11599 = SURFACE_STYLE_USAGE(.BOTH.,#11600);
#11600 = SURFACE_SIDE_STYLE('',(#11601));
#11601 = SURFACE_STYLE_FILL_AREA(#11602);
#11602 = FILL_AREA_STYLE('',(#11603));
#11603 = FILL_AREA_STYLE_COLOUR('',#9782);
#11604 = CURVE_STYLE('',#11605,POSITIVE_LENGTH_MEASURE(0.1),#9782);
#11605 = DRAUGHTING_PRE_DEFINED_CURVE_FONT('continuous');
#11606 = MECHANICAL_DESIGN_GEOMETRIC_PRESENTATION_REPRESENTATION('',(
    #11607),#1133);
#11607 = STYLED_ITEM('color',(#11608),#1121);
#11608 = PRESENTATION_STYLE_ASSIGNMENT((#11609,#11614));
#11609 = SURFACE_STYLE_USAGE(.BOTH.,#11610);
#11610 = SURFACE_SIDE_STYLE('',(#11611));
#11611 = SURFACE_STYLE_FILL_AREA(#11612);
#11612 = FILL_AREA_STYLE('',(#11613));
#11613 = FILL_AREA_STYLE_COLOUR('',#9782);
#11614 = CURVE_STYLE('',#11615,POSITIVE_LENGTH_MEASURE(0.1),#9782);
#11615 = DRAUGHTING_PRE_DEFINED_CURVE_FONT('continuous');
#11616 = MECHANICAL_DESIGN_GEOMETRIC_PRESENTATION_REPRESENTATION('',(
    #11617),#5070);
#11617 = STYLED_ITEM('color',(#11618),#5058);
#11618 = PRESENTATION_STYLE_ASSIGNMENT((#11619,#11624));
#11619 = SURFACE_STYLE_USAGE(.BOTH.,#11620);
#11620 = SURFACE_SIDE_STYLE('',(#11621));
#11621 = SURFACE_STYLE_FILL_AREA(#11622);
#11622 = FILL_AREA_STYLE('',(#11623));
#11623 = FILL_AREA_STYLE_COLOUR('',#9782);
#11624 = CURVE_STYLE('',#11625,POSITIVE_LENGTH_MEASURE(0.1),#9782);
#11625 = DRAUGHTING_PRE_DEFINED_CURVE_FONT('continuous');
#11626 = MECHANICAL_DESIGN_GEOMETRIC_PRESENTATION_REPRESENTATION('',(
    #11627),#2900);
#11627 = STYLED_ITEM('color',(#11628),#2888);
#11628 = PRESENTATION_STYLE_ASSIGNMENT((#11629,#11634));
#11629 = SURFACE_STYLE_USAGE(.BOTH.,#11630);
#11630 = SURFACE_SIDE_STYLE('',(#11631));
#11631 = SURFACE_STYLE_FILL_AREA(#11632);
#11632 = FILL_AREA_STYLE('',(#11633));
#11633 = FILL_AREA_STYLE_COLOUR('',#9782);
#11634 = CURVE_STYLE('',#11635,POSITIVE_LENGTH_MEASURE(0.1),#9782);
#11635 = DRAUGHTING_PRE_DEFINED_CURVE_FONT('continuous');
#11636 = MECHANICAL_DESIGN_GEOMETRIC_PRESENTATION_REPRESENTATION('',(
    #11637),#6744);
#11637 = STYLED_ITEM('color',(#11638),#6732);
#11638 = PRESENTATION_STYLE_ASSIGNMENT((#11639,#11644));
#11639 = SURFACE_STYLE_USAGE(.BOTH.,#11640);
#11640 = SURFACE_SIDE_STYLE('',(#11641));
#11641 = SURFACE_STYLE_FILL_AREA(#11642);
#11642 = FILL_AREA_STYLE('',(#11643));
#11643 = FILL_AREA_STYLE_COLOUR('',#9782);
#11644 = CURVE_STYLE('',#11645,POSITIVE_LENGTH_MEASURE(0.1),#9782);
#11645 = DRAUGHTING_PRE_DEFINED_CURVE_FONT('continuous');
#11646 = MECHANICAL_DESIGN_GEOMETRIC_PRESENTATION_REPRESENTATION('',(
    #11647),#6093);
#11647 = STYLED_ITEM('color',(#11648),#6081);
#11648 = PRESENTATION_STYLE_ASSIGNMENT((#11649,#11654));
#11649 = SURFACE_STYLE_USAGE(.BOTH.,#11650);
#11650 = SURFACE_SIDE_STYLE('',(#11651));
#11651 = SURFACE_STYLE_FILL_AREA(#11652);
#11652 = FILL_AREA_STYLE('',(#11653));
#11653 = FILL_AREA_STYLE_COLOUR('',#9782);
#11654 = CURVE_STYLE('',#11655,POSITIVE_LENGTH_MEASURE(0.1),#9782);
#11655 = DRAUGHTING_PRE_DEFINED_CURVE_FONT('continuous');
#11656 = MECHANICAL_DESIGN_GEOMETRIC_PRESENTATION_REPRESENTATION('',(
    #11657),#2683);
#11657 = STYLED_ITEM('color',(#11658),#2671);
#11658 = PRESENTATION_STYLE_ASSIGNMENT((#11659,#11664));
#11659 = SURFACE_STYLE_USAGE(.BOTH.,#11660);
#11660 = SURFACE_SIDE_STYLE('',(#11661));
#11661 = SURFACE_STYLE_FILL_AREA(#11662);
#11662 = FILL_AREA_STYLE('',(#11663));
#11663 = FILL_AREA_STYLE_COLOUR('',#9782);
#11664 = CURVE_STYLE('',#11665,POSITIVE_LENGTH_MEASURE(0.1),#9782);
#11665 = DRAUGHTING_PRE_DEFINED_CURVE_FONT('continuous');
#11666 = MECHANICAL_DESIGN_GEOMETRIC_PRESENTATION_REPRESENTATION('',(
    #11667),#6837);
#11667 = STYLED_ITEM('color',(#11668),#6825);
#11668 = PRESENTATION_STYLE_ASSIGNMENT((#11669,#11674));
#11669 = SURFACE_STYLE_USAGE(.BOTH.,#11670);
#11670 = SURFACE_SIDE_STYLE('',(#11671));
#11671 = SURFACE_STYLE_FILL_AREA(#11672);
#11672 = FILL_AREA_STYLE('',(#11673));
#11673 = FILL_AREA_STYLE_COLOUR('',#9782);
#11674 = CURVE_STYLE('',#11675,POSITIVE_LENGTH_MEASURE(0.1),#9782);
#11675 = DRAUGHTING_PRE_DEFINED_CURVE_FONT('continuous');
#11676 = MECHANICAL_DESIGN_GEOMETRIC_PRESENTATION_REPRESENTATION('',(
    #11677),#2435);
#11677 = STYLED_ITEM('color',(#11678),#2423);
#11678 = PRESENTATION_STYLE_ASSIGNMENT((#11679,#11684));
#11679 = SURFACE_STYLE_USAGE(.BOTH.,#11680);
#11680 = SURFACE_SIDE_STYLE('',(#11681));
#11681 = SURFACE_STYLE_FILL_AREA(#11682);
#11682 = FILL_AREA_STYLE('',(#11683));
#11683 = FILL_AREA_STYLE_COLOUR('',#9782);
#11684 = CURVE_STYLE('',#11685,POSITIVE_LENGTH_MEASURE(0.1),#9782);
#11685 = DRAUGHTING_PRE_DEFINED_CURVE_FONT('continuous');
#11686 = MECHANICAL_DESIGN_GEOMETRIC_PRESENTATION_REPRESENTATION('',(
    #11687),#3055);
#11687 = STYLED_ITEM('color',(#11688),#3043);
#11688 = PRESENTATION_STYLE_ASSIGNMENT((#11689,#11694));
#11689 = SURFACE_STYLE_USAGE(.BOTH.,#11690);
#11690 = SURFACE_SIDE_STYLE('',(#11691));
#11691 = SURFACE_STYLE_FILL_AREA(#11692);
#11692 = FILL_AREA_STYLE('',(#11693));
#11693 = FILL_AREA_STYLE_COLOUR('',#9782);
#11694 = CURVE_STYLE('',#11695,POSITIVE_LENGTH_MEASURE(0.1),#9782);
#11695 = DRAUGHTING_PRE_DEFINED_CURVE_FONT('continuous');
#11696 = MECHANICAL_DESIGN_GEOMETRIC_PRESENTATION_REPRESENTATION('',(
    #11697),#5132);
#11697 = STYLED_ITEM('color',(#11698),#5120);
#11698 = PRESENTATION_STYLE_ASSIGNMENT((#11699,#11704));
#11699 = SURFACE_STYLE_USAGE(.BOTH.,#11700);
#11700 = SURFACE_SIDE_STYLE('',(#11701));
#11701 = SURFACE_STYLE_FILL_AREA(#11702);
#11702 = FILL_AREA_STYLE('',(#11703));
#11703 = FILL_AREA_STYLE_COLOUR('',#9782);
#11704 = CURVE_STYLE('',#11705,POSITIVE_LENGTH_MEASURE(0.1),#9782);
#11705 = DRAUGHTING_PRE_DEFINED_CURVE_FONT('continuous');
#11706 = MECHANICAL_DESIGN_GEOMETRIC_PRESENTATION_REPRESENTATION('',(
    #11707),#6341);
#11707 = STYLED_ITEM('color',(#11708),#6329);
#11708 = PRESENTATION_STYLE_ASSIGNMENT((#11709,#11714));
#11709 = SURFACE_STYLE_USAGE(.BOTH.,#11710);
#11710 = SURFACE_SIDE_STYLE('',(#11711));
#11711 = SURFACE_STYLE_FILL_AREA(#11712);
#11712 = FILL_AREA_STYLE('',(#11713));
#11713 = FILL_AREA_STYLE_COLOUR('',#9782);
#11714 = CURVE_STYLE('',#11715,POSITIVE_LENGTH_MEASURE(0.1),#9782);
#11715 = DRAUGHTING_PRE_DEFINED_CURVE_FONT('continuous');
#11716 = MECHANICAL_DESIGN_GEOMETRIC_PRESENTATION_REPRESENTATION('',(
    #11717),#3675);
#11717 = STYLED_ITEM('color',(#11718),#3663);
#11718 = PRESENTATION_STYLE_ASSIGNMENT((#11719,#11724));
#11719 = SURFACE_STYLE_USAGE(.BOTH.,#11720);
#11720 = SURFACE_SIDE_STYLE('',(#11721));
#11721 = SURFACE_STYLE_FILL_AREA(#11722);
#11722 = FILL_AREA_STYLE('',(#11723));
#11723 = FILL_AREA_STYLE_COLOUR('',#9782);
#11724 = CURVE_STYLE('',#11725,POSITIVE_LENGTH_MEASURE(0.1),#9782);
#11725 = DRAUGHTING_PRE_DEFINED_CURVE_FONT('continuous');
#11726 = MECHANICAL_DESIGN_GEOMETRIC_PRESENTATION_REPRESENTATION('',(
    #11727),#4357);
#11727 = STYLED_ITEM('color',(#11728),#4345);
#11728 = PRESENTATION_STYLE_ASSIGNMENT((#11729,#11734));
#11729 = SURFACE_STYLE_USAGE(.BOTH.,#11730);
#11730 = SURFACE_SIDE_STYLE('',(#11731));
#11731 = SURFACE_STYLE_FILL_AREA(#11732);
#11732 = FILL_AREA_STYLE('',(#11733));
#11733 = FILL_AREA_STYLE_COLOUR('',#9782);
#11734 = CURVE_STYLE('',#11735,POSITIVE_LENGTH_MEASURE(0.1),#9782);
#11735 = DRAUGHTING_PRE_DEFINED_CURVE_FONT('continuous');
#11736 = MECHANICAL_DESIGN_GEOMETRIC_PRESENTATION_REPRESENTATION('',(
    #11737),#3117);
#11737 = STYLED_ITEM('color',(#11738),#3105);
#11738 = PRESENTATION_STYLE_ASSIGNMENT((#11739,#11744));
#11739 = SURFACE_STYLE_USAGE(.BOTH.,#11740);
#11740 = SURFACE_SIDE_STYLE('',(#11741));
#11741 = SURFACE_STYLE_FILL_AREA(#11742);
#11742 = FILL_AREA_STYLE('',(#11743));
#11743 = FILL_AREA_STYLE_COLOUR('',#9782);
#11744 = CURVE_STYLE('',#11745,POSITIVE_LENGTH_MEASURE(0.1),#9782);
#11745 = DRAUGHTING_PRE_DEFINED_CURVE_FONT('continuous');
#11746 = MECHANICAL_DESIGN_GEOMETRIC_PRESENTATION_REPRESENTATION('',(
    #11747),#6496);
#11747 = STYLED_ITEM('color',(#11748),#6484);
#11748 = PRESENTATION_STYLE_ASSIGNMENT((#11749,#11754));
#11749 = SURFACE_STYLE_USAGE(.BOTH.,#11750);
#11750 = SURFACE_SIDE_STYLE('',(#11751));
#11751 = SURFACE_STYLE_FILL_AREA(#11752);
#11752 = FILL_AREA_STYLE('',(#11753));
#11753 = FILL_AREA_STYLE_COLOUR('',#9782);
#11754 = CURVE_STYLE('',#11755,POSITIVE_LENGTH_MEASURE(0.1),#9782);
#11755 = DRAUGHTING_PRE_DEFINED_CURVE_FONT('continuous');
#11756 = MECHANICAL_DESIGN_GEOMETRIC_PRESENTATION_REPRESENTATION('',(
    #11757),#4729);
#11757 = STYLED_ITEM('color',(#11758),#4717);
#11758 = PRESENTATION_STYLE_ASSIGNMENT((#11759,#11764));
#11759 = SURFACE_STYLE_USAGE(.BOTH.,#11760);
#11760 = SURFACE_SIDE_STYLE('',(#11761));
#11761 = SURFACE_STYLE_FILL_AREA(#11762);
#11762 = FILL_AREA_STYLE('',(#11763));
#11763 = FILL_AREA_STYLE_COLOUR('',#9782);
#11764 = CURVE_STYLE('',#11765,POSITIVE_LENGTH_MEASURE(0.1),#9782);
#11765 = DRAUGHTING_PRE_DEFINED_CURVE_FONT('continuous');
#11766 = MECHANICAL_DESIGN_GEOMETRIC_PRESENTATION_REPRESENTATION('',(
    #11767),#2745);
#11767 = STYLED_ITEM('color',(#11768),#2733);
#11768 = PRESENTATION_STYLE_ASSIGNMENT((#11769,#11774));
#11769 = SURFACE_STYLE_USAGE(.BOTH.,#11770);
#11770 = SURFACE_SIDE_STYLE('',(#11771));
#11771 = SURFACE_STYLE_FILL_AREA(#11772);
#11772 = FILL_AREA_STYLE('',(#11773));
#11773 = FILL_AREA_STYLE_COLOUR('',#9782);
#11774 = CURVE_STYLE('',#11775,POSITIVE_LENGTH_MEASURE(0.1),#9782);
#11775 = DRAUGHTING_PRE_DEFINED_CURVE_FONT('continuous');
#11776 = MECHANICAL_DESIGN_GEOMETRIC_PRESENTATION_REPRESENTATION('',(
    #11777),#3737);
#11777 = STYLED_ITEM('color',(#11778),#3725);
#11778 = PRESENTATION_STYLE_ASSIGNMENT((#11779,#11784));
#11779 = SURFACE_STYLE_USAGE(.BOTH.,#11780);
#11780 = SURFACE_SIDE_STYLE('',(#11781));
#11781 = SURFACE_STYLE_FILL_AREA(#11782);
#11782 = FILL_AREA_STYLE('',(#11783));
#11783 = FILL_AREA_STYLE_COLOUR('',#9782);
#11784 = CURVE_STYLE('',#11785,POSITIVE_LENGTH_MEASURE(0.1),#9782);
#11785 = DRAUGHTING_PRE_DEFINED_CURVE_FONT('continuous');
#11786 = MECHANICAL_DESIGN_GEOMETRIC_PRESENTATION_REPRESENTATION('',(
    #11787),#3365);
#11787 = STYLED_ITEM('color',(#11788),#3353);
#11788 = PRESENTATION_STYLE_ASSIGNMENT((#11789,#11794));
#11789 = SURFACE_STYLE_USAGE(.BOTH.,#11790);
#11790 = SURFACE_SIDE_STYLE('',(#11791));
#11791 = SURFACE_STYLE_FILL_AREA(#11792);
#11792 = FILL_AREA_STYLE('',(#11793));
#11793 = FILL_AREA_STYLE_COLOUR('',#9782);
#11794 = CURVE_STYLE('',#11795,POSITIVE_LENGTH_MEASURE(0.1),#9782);
#11795 = DRAUGHTING_PRE_DEFINED_CURVE_FONT('continuous');
#11796 = MECHANICAL_DESIGN_GEOMETRIC_PRESENTATION_REPRESENTATION('',(
    #11797),#8356);
#11797 = STYLED_ITEM('color',(#11798),#8344);
#11798 = PRESENTATION_STYLE_ASSIGNMENT((#11799,#11804));
#11799 = SURFACE_STYLE_USAGE(.BOTH.,#11800);
#11800 = SURFACE_SIDE_STYLE('',(#11801));
#11801 = SURFACE_STYLE_FILL_AREA(#11802);
#11802 = FILL_AREA_STYLE('',(#11803));
#11803 = FILL_AREA_STYLE_COLOUR('',#9782);
#11804 = CURVE_STYLE('',#11805,POSITIVE_LENGTH_MEASURE(0.1),#9782);
#11805 = DRAUGHTING_PRE_DEFINED_CURVE_FONT('continuous');
#11806 = MECHANICAL_DESIGN_GEOMETRIC_PRESENTATION_REPRESENTATION('',(
    #11807),#8728);
#11807 = STYLED_ITEM('color',(#11808),#8716);
#11808 = PRESENTATION_STYLE_ASSIGNMENT((#11809,#11814));
#11809 = SURFACE_STYLE_USAGE(.BOTH.,#11810);
#11810 = SURFACE_SIDE_STYLE('',(#11811));
#11811 = SURFACE_STYLE_FILL_AREA(#11812);
#11812 = FILL_AREA_STYLE('',(#11813));
#11813 = FILL_AREA_STYLE_COLOUR('',#9782);
#11814 = CURVE_STYLE('',#11815,POSITIVE_LENGTH_MEASURE(0.1),#9782);
#11815 = DRAUGHTING_PRE_DEFINED_CURVE_FONT('continuous');
#11816 = MECHANICAL_DESIGN_GEOMETRIC_PRESENTATION_REPRESENTATION('',(
    #11817),#3892);
#11817 = STYLED_ITEM('color',(#11818),#3880);
#11818 = PRESENTATION_STYLE_ASSIGNMENT((#11819,#11824));
#11819 = SURFACE_STYLE_USAGE(.BOTH.,#11820);
#11820 = SURFACE_SIDE_STYLE('',(#11821));
#11821 = SURFACE_STYLE_FILL_AREA(#11822);
#11822 = FILL_AREA_STYLE('',(#11823));
#11823 = FILL_AREA_STYLE_COLOUR('',#9782);
#11824 = CURVE_STYLE('',#11825,POSITIVE_LENGTH_MEASURE(0.1),#9782);
#11825 = DRAUGHTING_PRE_DEFINED_CURVE_FONT('continuous');
#11826 = MECHANICAL_DESIGN_GEOMETRIC_PRESENTATION_REPRESENTATION('',(
    #11827),#7736);
#11827 = STYLED_ITEM('color',(#11828),#7724);
#11828 = PRESENTATION_STYLE_ASSIGNMENT((#11829,#11834));
#11829 = SURFACE_STYLE_USAGE(.BOTH.,#11830);
#11830 = SURFACE_SIDE_STYLE('',(#11831));
#11831 = SURFACE_STYLE_FILL_AREA(#11832);
#11832 = FILL_AREA_STYLE('',(#11833));
#11833 = FILL_AREA_STYLE_COLOUR('',#9782);
#11834 = CURVE_STYLE('',#11835,POSITIVE_LENGTH_MEASURE(0.1),#9782);
#11835 = DRAUGHTING_PRE_DEFINED_CURVE_FONT('continuous');
#11836 = MECHANICAL_DESIGN_GEOMETRIC_PRESENTATION_REPRESENTATION('',(
    #11837),#2156);
#11837 = STYLED_ITEM('color',(#11838),#2144);
#11838 = PRESENTATION_STYLE_ASSIGNMENT((#11839,#11844));
#11839 = SURFACE_STYLE_USAGE(.BOTH.,#11840);
#11840 = SURFACE_SIDE_STYLE('',(#11841));
#11841 = SURFACE_STYLE_FILL_AREA(#11842);
#11842 = FILL_AREA_STYLE('',(#11843));
#11843 = FILL_AREA_STYLE_COLOUR('',#9782);
#11844 = CURVE_STYLE('',#11845,POSITIVE_LENGTH_MEASURE(0.1),#9782);
#11845 = DRAUGHTING_PRE_DEFINED_CURVE_FONT('continuous');
#11846 = MECHANICAL_DESIGN_GEOMETRIC_PRESENTATION_REPRESENTATION('',(
    #11847),#5752);
#11847 = STYLED_ITEM('color',(#11848),#5740);
#11848 = PRESENTATION_STYLE_ASSIGNMENT((#11849,#11854));
#11849 = SURFACE_STYLE_USAGE(.BOTH.,#11850);
#11850 = SURFACE_SIDE_STYLE('',(#11851));
#11851 = SURFACE_STYLE_FILL_AREA(#11852);
#11852 = FILL_AREA_STYLE('',(#11853));
#11853 = FILL_AREA_STYLE_COLOUR('',#9782);
#11854 = CURVE_STYLE('',#11855,POSITIVE_LENGTH_MEASURE(0.1),#9782);
#11855 = DRAUGHTING_PRE_DEFINED_CURVE_FONT('continuous');
#11856 = MECHANICAL_DESIGN_GEOMETRIC_PRESENTATION_REPRESENTATION('',(
    #11857),#4636);
#11857 = STYLED_ITEM('color',(#11858),#4624);
#11858 = PRESENTATION_STYLE_ASSIGNMENT((#11859,#11864));
#11859 = SURFACE_STYLE_USAGE(.BOTH.,#11860);
#11860 = SURFACE_SIDE_STYLE('',(#11861));
#11861 = SURFACE_STYLE_FILL_AREA(#11862);
#11862 = FILL_AREA_STYLE('',(#11863));
#11863 = FILL_AREA_STYLE_COLOUR('',#9782);
#11864 = CURVE_STYLE('',#11865,POSITIVE_LENGTH_MEASURE(0.1),#9782);
#11865 = DRAUGHTING_PRE_DEFINED_CURVE_FONT('continuous');
#11866 = MECHANICAL_DESIGN_GEOMETRIC_PRESENTATION_REPRESENTATION('',(
    #11867),#1722);
#11867 = STYLED_ITEM('color',(#11868),#1710);
#11868 = PRESENTATION_STYLE_ASSIGNMENT((#11869,#11874));
#11869 = SURFACE_STYLE_USAGE(.BOTH.,#11870);
#11870 = SURFACE_SIDE_STYLE('',(#11871));
#11871 = SURFACE_STYLE_FILL_AREA(#11872);
#11872 = FILL_AREA_STYLE('',(#11873));
#11873 = FILL_AREA_STYLE_COLOUR('',#9782);
#11874 = CURVE_STYLE('',#11875,POSITIVE_LENGTH_MEASURE(0.1),#9782);
#11875 = DRAUGHTING_PRE_DEFINED_CURVE_FONT('continuous');
#11876 = MECHANICAL_DESIGN_GEOMETRIC_PRESENTATION_REPRESENTATION('',(
    #11877),#6124);
#11877 = STYLED_ITEM('color',(#11878),#6112);
#11878 = PRESENTATION_STYLE_ASSIGNMENT((#11879,#11884));
#11879 = SURFACE_STYLE_USAGE(.BOTH.,#11880);
#11880 = SURFACE_SIDE_STYLE('',(#11881));
#11881 = SURFACE_STYLE_FILL_AREA(#11882);
#11882 = FILL_AREA_STYLE('',(#11883));
#11883 = FILL_AREA_STYLE_COLOUR('',#9782);
#11884 = CURVE_STYLE('',#11885,POSITIVE_LENGTH_MEASURE(0.1),#9782);
#11885 = DRAUGHTING_PRE_DEFINED_CURVE_FONT('continuous');
#11886 = MECHANICAL_DESIGN_GEOMETRIC_PRESENTATION_REPRESENTATION('',(
    #11887),#1443);
#11887 = STYLED_ITEM('color',(#11888),#1431);
#11888 = PRESENTATION_STYLE_ASSIGNMENT((#11889,#11894));
#11889 = SURFACE_STYLE_USAGE(.BOTH.,#11890);
#11890 = SURFACE_SIDE_STYLE('',(#11891));
#11891 = SURFACE_STYLE_FILL_AREA(#11892);
#11892 = FILL_AREA_STYLE('',(#11893));
#11893 = FILL_AREA_STYLE_COLOUR('',#9782);
#11894 = CURVE_STYLE('',#11895,POSITIVE_LENGTH_MEASURE(0.1),#9782);
#11895 = DRAUGHTING_PRE_DEFINED_CURVE_FONT('continuous');
#11896 = MECHANICAL_DESIGN_GEOMETRIC_PRESENTATION_REPRESENTATION('',(
    #11897),#7302);
#11897 = STYLED_ITEM('color',(#11898),#7290);
#11898 = PRESENTATION_STYLE_ASSIGNMENT((#11899,#11904));
#11899 = SURFACE_STYLE_USAGE(.BOTH.,#11900);
#11900 = SURFACE_SIDE_STYLE('',(#11901));
#11901 = SURFACE_STYLE_FILL_AREA(#11902);
#11902 = FILL_AREA_STYLE('',(#11903));
#11903 = FILL_AREA_STYLE_COLOUR('',#9782);
#11904 = CURVE_STYLE('',#11905,POSITIVE_LENGTH_MEASURE(0.1),#9782);
#11905 = DRAUGHTING_PRE_DEFINED_CURVE_FONT('continuous');
#11906 = MECHANICAL_DESIGN_GEOMETRIC_PRESENTATION_REPRESENTATION('',(
    #11907),#5504);
#11907 = STYLED_ITEM('color',(#11908),#5492);
#11908 = PRESENTATION_STYLE_ASSIGNMENT((#11909,#11914));
#11909 = SURFACE_STYLE_USAGE(.BOTH.,#11910);
#11910 = SURFACE_SIDE_STYLE('',(#11911));
#11911 = SURFACE_STYLE_FILL_AREA(#11912);
#11912 = FILL_AREA_STYLE('',(#11913));
#11913 = FILL_AREA_STYLE_COLOUR('',#9782);
#11914 = CURVE_STYLE('',#11915,POSITIVE_LENGTH_MEASURE(0.1),#9782);
#11915 = DRAUGHTING_PRE_DEFINED_CURVE_FONT('continuous');
#11916 = MECHANICAL_DESIGN_GEOMETRIC_PRESENTATION_REPRESENTATION('',(
    #11917),#8263);
#11917 = STYLED_ITEM('color',(#11918),#8251);
#11918 = PRESENTATION_STYLE_ASSIGNMENT((#11919,#11924));
#11919 = SURFACE_STYLE_USAGE(.BOTH.,#11920);
#11920 = SURFACE_SIDE_STYLE('',(#11921));
#11921 = SURFACE_STYLE_FILL_AREA(#11922);
#11922 = FILL_AREA_STYLE('',(#11923));
#11923 = FILL_AREA_STYLE_COLOUR('',#9782);
#11924 = CURVE_STYLE('',#11925,POSITIVE_LENGTH_MEASURE(0.1),#9782);
#11925 = DRAUGHTING_PRE_DEFINED_CURVE_FONT('continuous');
#11926 = MECHANICAL_DESIGN_GEOMETRIC_PRESENTATION_REPRESENTATION('',(
    #11927),#5659);
#11927 = STYLED_ITEM('color',(#11928),#5647);
#11928 = PRESENTATION_STYLE_ASSIGNMENT((#11929,#11934));
#11929 = SURFACE_STYLE_USAGE(.BOTH.,#11930);
#11930 = SURFACE_SIDE_STYLE('',(#11931));
#11931 = SURFACE_STYLE_FILL_AREA(#11932);
#11932 = FILL_AREA_STYLE('',(#11933));
#11933 = FILL_AREA_STYLE_COLOUR('',#9782);
#11934 = CURVE_STYLE('',#11935,POSITIVE_LENGTH_MEASURE(0.1),#9782);
#11935 = DRAUGHTING_PRE_DEFINED_CURVE_FONT('continuous');
#11936 = MECHANICAL_DESIGN_GEOMETRIC_PRESENTATION_REPRESENTATION('',(
    #11937),#1846);
#11937 = STYLED_ITEM('color',(#11938),#1834);
#11938 = PRESENTATION_STYLE_ASSIGNMENT((#11939,#11944));
#11939 = SURFACE_STYLE_USAGE(.BOTH.,#11940);
#11940 = SURFACE_SIDE_STYLE('',(#11941));
#11941 = SURFACE_STYLE_FILL_AREA(#11942);
#11942 = FILL_AREA_STYLE('',(#11943));
#11943 = FILL_AREA_STYLE_COLOUR('',#9782);
#11944 = CURVE_STYLE('',#11945,POSITIVE_LENGTH_MEASURE(0.1),#9782);
#11945 = DRAUGHTING_PRE_DEFINED_CURVE_FONT('continuous');
#11946 = MECHANICAL_DESIGN_GEOMETRIC_PRESENTATION_REPRESENTATION('',(
    #11947),#2590);
#11947 = STYLED_ITEM('color',(#11948),#2578);
#11948 = PRESENTATION_STYLE_ASSIGNMENT((#11949,#11954));
#11949 = SURFACE_STYLE_USAGE(.BOTH.,#11950);
#11950 = SURFACE_SIDE_STYLE('',(#11951));
#11951 = SURFACE_STYLE_FILL_AREA(#11952);
#11952 = FILL_AREA_STYLE('',(#11953));
#11953 = FILL_AREA_STYLE_COLOUR('',#9782);
#11954 = CURVE_STYLE('',#11955,POSITIVE_LENGTH_MEASURE(0.1),#9782);
#11955 = DRAUGHTING_PRE_DEFINED_CURVE_FONT('continuous');
#11956 = MECHANICAL_DESIGN_GEOMETRIC_PRESENTATION_REPRESENTATION('',(
    #11957),#2652);
#11957 = STYLED_ITEM('color',(#11958),#2640);
#11958 = PRESENTATION_STYLE_ASSIGNMENT((#11959,#11964));
#11959 = SURFACE_STYLE_USAGE(.BOTH.,#11960);
#11960 = SURFACE_SIDE_STYLE('',(#11961));
#11961 = SURFACE_STYLE_FILL_AREA(#11962);
#11962 = FILL_AREA_STYLE('',(#11963));
#11963 = FILL_AREA_STYLE_COLOUR('',#9782);
#11964 = CURVE_STYLE('',#11965,POSITIVE_LENGTH_MEASURE(0.1),#9782);
#11965 = DRAUGHTING_PRE_DEFINED_CURVE_FONT('continuous');
#11966 = MECHANICAL_DESIGN_GEOMETRIC_PRESENTATION_REPRESENTATION('',(
    #11967),#8883);
#11967 = STYLED_ITEM('color',(#11968),#8871);
#11968 = PRESENTATION_STYLE_ASSIGNMENT((#11969,#11974));
#11969 = SURFACE_STYLE_USAGE(.BOTH.,#11970);
#11970 = SURFACE_SIDE_STYLE('',(#11971));
#11971 = SURFACE_STYLE_FILL_AREA(#11972);
#11972 = FILL_AREA_STYLE('',(#11973));
#11973 = FILL_AREA_STYLE_COLOUR('',#9782);
#11974 = CURVE_STYLE('',#11975,POSITIVE_LENGTH_MEASURE(0.1),#9782);
#11975 = DRAUGHTING_PRE_DEFINED_CURVE_FONT('continuous');
#11976 = MECHANICAL_DESIGN_GEOMETRIC_PRESENTATION_REPRESENTATION('',(
    #11977),#8573);
#11977 = STYLED_ITEM('color',(#11978),#8561);
#11978 = PRESENTATION_STYLE_ASSIGNMENT((#11979,#11984));
#11979 = SURFACE_STYLE_USAGE(.BOTH.,#11980);
#11980 = SURFACE_SIDE_STYLE('',(#11981));
#11981 = SURFACE_STYLE_FILL_AREA(#11982);
#11982 = FILL_AREA_STYLE('',(#11983));
#11983 = FILL_AREA_STYLE_COLOUR('',#9782);
#11984 = CURVE_STYLE('',#11985,POSITIVE_LENGTH_MEASURE(0.1),#9782);
#11985 = DRAUGHTING_PRE_DEFINED_CURVE_FONT('continuous');
#11986 = MECHANICAL_DESIGN_GEOMETRIC_PRESENTATION_REPRESENTATION('',(
    #11987),#3241);
#11987 = STYLED_ITEM('color',(#11988),#3229);
#11988 = PRESENTATION_STYLE_ASSIGNMENT((#11989,#11994));
#11989 = SURFACE_STYLE_USAGE(.BOTH.,#11990);
#11990 = SURFACE_SIDE_STYLE('',(#11991));
#11991 = SURFACE_STYLE_FILL_AREA(#11992);
#11992 = FILL_AREA_STYLE('',(#11993));
#11993 = FILL_AREA_STYLE_COLOUR('',#9782);
#11994 = CURVE_STYLE('',#11995,POSITIVE_LENGTH_MEASURE(0.1),#9782);
#11995 = DRAUGHTING_PRE_DEFINED_CURVE_FONT('continuous');
#11996 = MECHANICAL_DESIGN_GEOMETRIC_PRESENTATION_REPRESENTATION('',(
    #11997),#9162);
#11997 = STYLED_ITEM('color',(#11998),#9150);
#11998 = PRESENTATION_STYLE_ASSIGNMENT((#11999,#12004));
#11999 = SURFACE_STYLE_USAGE(.BOTH.,#12000);
#12000 = SURFACE_SIDE_STYLE('',(#12001));
#12001 = SURFACE_STYLE_FILL_AREA(#12002);
#12002 = FILL_AREA_STYLE('',(#12003));
#12003 = FILL_AREA_STYLE_COLOUR('',#9782);
#12004 = CURVE_STYLE('',#12005,POSITIVE_LENGTH_MEASURE(0.1),#9782);
#12005 = DRAUGHTING_PRE_DEFINED_CURVE_FONT('continuous');
#12006 = MECHANICAL_DESIGN_GEOMETRIC_PRESENTATION_REPRESENTATION('',(
    #12007),#5349);
#12007 = STYLED_ITEM('color',(#12008),#5337);
#12008 = PRESENTATION_STYLE_ASSIGNMENT((#12009,#12014));
#12009 = SURFACE_STYLE_USAGE(.BOTH.,#12010);
#12010 = SURFACE_SIDE_STYLE('',(#12011));
#12011 = SURFACE_STYLE_FILL_AREA(#12012);
#12012 = FILL_AREA_STYLE('',(#12013));
#12013 = FILL_AREA_STYLE_COLOUR('',#9782);
#12014 = CURVE_STYLE('',#12015,POSITIVE_LENGTH_MEASURE(0.1),#9782);
#12015 = DRAUGHTING_PRE_DEFINED_CURVE_FONT('continuous');
#12016 = MECHANICAL_DESIGN_GEOMETRIC_PRESENTATION_REPRESENTATION('',(
    #12017),#4419);
#12017 = STYLED_ITEM('color',(#12018),#4407);
#12018 = PRESENTATION_STYLE_ASSIGNMENT((#12019,#12024));
#12019 = SURFACE_STYLE_USAGE(.BOTH.,#12020);
#12020 = SURFACE_SIDE_STYLE('',(#12021));
#12021 = SURFACE_STYLE_FILL_AREA(#12022);
#12022 = FILL_AREA_STYLE('',(#12023));
#12023 = FILL_AREA_STYLE_COLOUR('',#9782);
#12024 = CURVE_STYLE('',#12025,POSITIVE_LENGTH_MEASURE(0.1),#9782);
#12025 = DRAUGHTING_PRE_DEFINED_CURVE_FONT('continuous');
#12026 = MECHANICAL_DESIGN_GEOMETRIC_PRESENTATION_REPRESENTATION('',(
    #12027),#8108);
#12027 = STYLED_ITEM('color',(#12028),#8096);
#12028 = PRESENTATION_STYLE_ASSIGNMENT((#12029,#12034));
#12029 = SURFACE_STYLE_USAGE(.BOTH.,#12030);
#12030 = SURFACE_SIDE_STYLE('',(#12031));
#12031 = SURFACE_STYLE_FILL_AREA(#12032);
#12032 = FILL_AREA_STYLE('',(#12033));
#12033 = FILL_AREA_STYLE_COLOUR('',#9782);
#12034 = CURVE_STYLE('',#12035,POSITIVE_LENGTH_MEASURE(0.1),#9782);
#12035 = DRAUGHTING_PRE_DEFINED_CURVE_FONT('continuous');
#12036 = MECHANICAL_DESIGN_GEOMETRIC_PRESENTATION_REPRESENTATION('',(
    #12037),#3613);
#12037 = STYLED_ITEM('color',(#12038),#3601);
#12038 = PRESENTATION_STYLE_ASSIGNMENT((#12039,#12044));
#12039 = SURFACE_STYLE_USAGE(.BOTH.,#12040);
#12040 = SURFACE_SIDE_STYLE('',(#12041));
#12041 = SURFACE_STYLE_FILL_AREA(#12042);
#12042 = FILL_AREA_STYLE('',(#12043));
#12043 = FILL_AREA_STYLE_COLOUR('',#9782);
#12044 = CURVE_STYLE('',#12045,POSITIVE_LENGTH_MEASURE(0.1),#9782);
#12045 = DRAUGHTING_PRE_DEFINED_CURVE_FONT('continuous');
#12046 = MECHANICAL_DESIGN_GEOMETRIC_PRESENTATION_REPRESENTATION('',(
    #12047),#4264);
#12047 = STYLED_ITEM('color',(#12048),#4252);
#12048 = PRESENTATION_STYLE_ASSIGNMENT((#12049,#12054));
#12049 = SURFACE_STYLE_USAGE(.BOTH.,#12050);
#12050 = SURFACE_SIDE_STYLE('',(#12051));
#12051 = SURFACE_STYLE_FILL_AREA(#12052);
#12052 = FILL_AREA_STYLE('',(#12053));
#12053 = FILL_AREA_STYLE_COLOUR('',#9782);
#12054 = CURVE_STYLE('',#12055,POSITIVE_LENGTH_MEASURE(0.1),#9782);
#12055 = DRAUGHTING_PRE_DEFINED_CURVE_FONT('continuous');
#12056 = MECHANICAL_DESIGN_GEOMETRIC_PRESENTATION_REPRESENTATION('',(
    #12057),#4171);
#12057 = STYLED_ITEM('color',(#12058),#4159);
#12058 = PRESENTATION_STYLE_ASSIGNMENT((#12059,#12064));
#12059 = SURFACE_STYLE_USAGE(.BOTH.,#12060);
#12060 = SURFACE_SIDE_STYLE('',(#12061));
#12061 = SURFACE_STYLE_FILL_AREA(#12062);
#12062 = FILL_AREA_STYLE('',(#12063));
#12063 = FILL_AREA_STYLE_COLOUR('',#9782);
#12064 = CURVE_STYLE('',#12065,POSITIVE_LENGTH_MEASURE(0.1),#9782);
#12065 = DRAUGHTING_PRE_DEFINED_CURVE_FONT('continuous');
#12066 = MECHANICAL_DESIGN_GEOMETRIC_PRESENTATION_REPRESENTATION('',(
    #12067),#6682);
#12067 = STYLED_ITEM('color',(#12068),#6670);
#12068 = PRESENTATION_STYLE_ASSIGNMENT((#12069,#12074));
#12069 = SURFACE_STYLE_USAGE(.BOTH.,#12070);
#12070 = SURFACE_SIDE_STYLE('',(#12071));
#12071 = SURFACE_STYLE_FILL_AREA(#12072);
#12072 = FILL_AREA_STYLE('',(#12073));
#12073 = FILL_AREA_STYLE_COLOUR('',#9782);
#12074 = CURVE_STYLE('',#12075,POSITIVE_LENGTH_MEASURE(0.1),#9782);
#12075 = DRAUGHTING_PRE_DEFINED_CURVE_FONT('continuous');
#12076 = MECHANICAL_DESIGN_GEOMETRIC_PRESENTATION_REPRESENTATION('',(
    #12077),#7023);
#12077 = STYLED_ITEM('color',(#12078),#7011);
#12078 = PRESENTATION_STYLE_ASSIGNMENT((#12079,#12084));
#12079 = SURFACE_STYLE_USAGE(.BOTH.,#12080);
#12080 = SURFACE_SIDE_STYLE('',(#12081));
#12081 = SURFACE_STYLE_FILL_AREA(#12082);
#12082 = FILL_AREA_STYLE('',(#12083));
#12083 = FILL_AREA_STYLE_COLOUR('',#9782);
#12084 = CURVE_STYLE('',#12085,POSITIVE_LENGTH_MEASURE(0.1),#9782);
#12085 = DRAUGHTING_PRE_DEFINED_CURVE_FONT('continuous');
#12086 = MECHANICAL_DESIGN_GEOMETRIC_PRESENTATION_REPRESENTATION('',(
    #12087),#7643);
#12087 = STYLED_ITEM('color',(#12088),#7631);
#12088 = PRESENTATION_STYLE_ASSIGNMENT((#12089,#12094));
#12089 = SURFACE_STYLE_USAGE(.BOTH.,#12090);
#12090 = SURFACE_SIDE_STYLE('',(#12091));
#12091 = SURFACE_STYLE_FILL_AREA(#12092);
#12092 = FILL_AREA_STYLE('',(#12093));
#12093 = FILL_AREA_STYLE_COLOUR('',#9782);
#12094 = CURVE_STYLE('',#12095,POSITIVE_LENGTH_MEASURE(0.1),#9782);
#12095 = DRAUGHTING_PRE_DEFINED_CURVE_FONT('continuous');
#12096 = MECHANICAL_DESIGN_GEOMETRIC_PRESENTATION_REPRESENTATION('',(
    #12097),#7116);
#12097 = STYLED_ITEM('color',(#12098),#7104);
#12098 = PRESENTATION_STYLE_ASSIGNMENT((#12099,#12104));
#12099 = SURFACE_STYLE_USAGE(.BOTH.,#12100);
#12100 = SURFACE_SIDE_STYLE('',(#12101));
#12101 = SURFACE_STYLE_FILL_AREA(#12102);
#12102 = FILL_AREA_STYLE('',(#12103));
#12103 = FILL_AREA_STYLE_COLOUR('',#9782);
#12104 = CURVE_STYLE('',#12105,POSITIVE_LENGTH_MEASURE(0.1),#9782);
#12105 = DRAUGHTING_PRE_DEFINED_CURVE_FONT('continuous');
#12106 = MECHANICAL_DESIGN_GEOMETRIC_PRESENTATION_REPRESENTATION('',(
    #12107),#8015);
#12107 = STYLED_ITEM('color',(#12108),#8003);
#12108 = PRESENTATION_STYLE_ASSIGNMENT((#12109,#12114));
#12109 = SURFACE_STYLE_USAGE(.BOTH.,#12110);
#12110 = SURFACE_SIDE_STYLE('',(#12111));
#12111 = SURFACE_STYLE_FILL_AREA(#12112);
#12112 = FILL_AREA_STYLE('',(#12113));
#12113 = FILL_AREA_STYLE_COLOUR('',#9782);
#12114 = CURVE_STYLE('',#12115,POSITIVE_LENGTH_MEASURE(0.1),#9782);
#12115 = DRAUGHTING_PRE_DEFINED_CURVE_FONT('continuous');
#12116 = MECHANICAL_DESIGN_GEOMETRIC_PRESENTATION_REPRESENTATION('',(
    #12117),#1567);
#12117 = STYLED_ITEM('color',(#12118),#1555);
#12118 = PRESENTATION_STYLE_ASSIGNMENT((#12119,#12124));
#12119 = SURFACE_STYLE_USAGE(.BOTH.,#12120);
#12120 = SURFACE_SIDE_STYLE('',(#12121));
#12121 = SURFACE_STYLE_FILL_AREA(#12122);
#12122 = FILL_AREA_STYLE('',(#12123));
#12123 = FILL_AREA_STYLE_COLOUR('',#9782);
#12124 = CURVE_STYLE('',#12125,POSITIVE_LENGTH_MEASURE(0.1),#9782);
#12125 = DRAUGHTING_PRE_DEFINED_CURVE_FONT('continuous');
#12126 = MECHANICAL_DESIGN_GEOMETRIC_PRESENTATION_REPRESENTATION('',(
    #12127),#2001);
#12127 = STYLED_ITEM('color',(#12128),#1989);
#12128 = PRESENTATION_STYLE_ASSIGNMENT((#12129,#12134));
#12129 = SURFACE_STYLE_USAGE(.BOTH.,#12130);
#12130 = SURFACE_SIDE_STYLE('',(#12131));
#12131 = SURFACE_STYLE_FILL_AREA(#12132);
#12132 = FILL_AREA_STYLE('',(#12133));
#12133 = FILL_AREA_STYLE_COLOUR('',#9782);
#12134 = CURVE_STYLE('',#12135,POSITIVE_LENGTH_MEASURE(0.1),#9782);
#12135 = DRAUGHTING_PRE_DEFINED_CURVE_FONT('continuous');
#12136 = MECHANICAL_DESIGN_GEOMETRIC_PRESENTATION_REPRESENTATION('',(
    #12137),#3086);
#12137 = STYLED_ITEM('color',(#12138),#3074);
#12138 = PRESENTATION_STYLE_ASSIGNMENT((#12139,#12144));
#12139 = SURFACE_STYLE_USAGE(.BOTH.,#12140);
#12140 = SURFACE_SIDE_STYLE('',(#12141));
#12141 = SURFACE_STYLE_FILL_AREA(#12142);
#12142 = FILL_AREA_STYLE('',(#12143));
#12143 = FILL_AREA_STYLE_COLOUR('',#9782);
#12144 = CURVE_STYLE('',#12145,POSITIVE_LENGTH_MEASURE(0.1),#9782);
#12145 = DRAUGHTING_PRE_DEFINED_CURVE_FONT('continuous');
#12146 = MECHANICAL_DESIGN_GEOMETRIC_PRESENTATION_REPRESENTATION('',(
    #12147),#1908);
#12147 = STYLED_ITEM('color',(#12148),#1896);
#12148 = PRESENTATION_STYLE_ASSIGNMENT((#12149,#12154));
#12149 = SURFACE_STYLE_USAGE(.BOTH.,#12150);
#12150 = SURFACE_SIDE_STYLE('',(#12151));
#12151 = SURFACE_STYLE_FILL_AREA(#12152);
#12152 = FILL_AREA_STYLE('',(#12153));
#12153 = FILL_AREA_STYLE_COLOUR('',#9782);
#12154 = CURVE_STYLE('',#12155,POSITIVE_LENGTH_MEASURE(0.1),#9782);
#12155 = DRAUGHTING_PRE_DEFINED_CURVE_FONT('continuous');
#12156 = MECHANICAL_DESIGN_GEOMETRIC_PRESENTATION_REPRESENTATION('',(
    #12157),#2311);
#12157 = STYLED_ITEM('color',(#12158),#2299);
#12158 = PRESENTATION_STYLE_ASSIGNMENT((#12159,#12164));
#12159 = SURFACE_STYLE_USAGE(.BOTH.,#12160);
#12160 = SURFACE_SIDE_STYLE('',(#12161));
#12161 = SURFACE_STYLE_FILL_AREA(#12162);
#12162 = FILL_AREA_STYLE('',(#12163));
#12163 = FILL_AREA_STYLE_COLOUR('',#9782);
#12164 = CURVE_STYLE('',#12165,POSITIVE_LENGTH_MEASURE(0.1),#9782);
#12165 = DRAUGHTING_PRE_DEFINED_CURVE_FONT('continuous');
#12166 = MECHANICAL_DESIGN_GEOMETRIC_PRESENTATION_REPRESENTATION('',(
    #12167),#7457);
#12167 = STYLED_ITEM('color',(#12168),#7445);
#12168 = PRESENTATION_STYLE_ASSIGNMENT((#12169,#12174));
#12169 = SURFACE_STYLE_USAGE(.BOTH.,#12170);
#12170 = SURFACE_SIDE_STYLE('',(#12171));
#12171 = SURFACE_STYLE_FILL_AREA(#12172);
#12172 = FILL_AREA_STYLE('',(#12173));
#12173 = FILL_AREA_STYLE_COLOUR('',#9782);
#12174 = CURVE_STYLE('',#12175,POSITIVE_LENGTH_MEASURE(0.1),#9782);
#12175 = DRAUGHTING_PRE_DEFINED_CURVE_FONT('continuous');
#12176 = MECHANICAL_DESIGN_GEOMETRIC_PRESENTATION_REPRESENTATION('',(
    #12177),#7271);
#12177 = STYLED_ITEM('color',(#12178),#7259);
#12178 = PRESENTATION_STYLE_ASSIGNMENT((#12179,#12184));
#12179 = SURFACE_STYLE_USAGE(.BOTH.,#12180);
#12180 = SURFACE_SIDE_STYLE('',(#12181));
#12181 = SURFACE_STYLE_FILL_AREA(#12182);
#12182 = FILL_AREA_STYLE('',(#12183));
#12183 = FILL_AREA_STYLE_COLOUR('',#9782);
#12184 = CURVE_STYLE('',#12185,POSITIVE_LENGTH_MEASURE(0.1),#9782);
#12185 = DRAUGHTING_PRE_DEFINED_CURVE_FONT('continuous');
#12186 = MECHANICAL_DESIGN_GEOMETRIC_PRESENTATION_REPRESENTATION('',(
    #12187),#6868);
#12187 = STYLED_ITEM('color',(#12188),#6856);
#12188 = PRESENTATION_STYLE_ASSIGNMENT((#12189,#12194));
#12189 = SURFACE_STYLE_USAGE(.BOTH.,#12190);
#12190 = SURFACE_SIDE_STYLE('',(#12191));
#12191 = SURFACE_STYLE_FILL_AREA(#12192);
#12192 = FILL_AREA_STYLE('',(#12193));
#12193 = FILL_AREA_STYLE_COLOUR('',#9782);
#12194 = CURVE_STYLE('',#12195,POSITIVE_LENGTH_MEASURE(0.1),#9782);
#12195 = DRAUGHTING_PRE_DEFINED_CURVE_FONT('continuous');
#12196 = MECHANICAL_DESIGN_GEOMETRIC_PRESENTATION_REPRESENTATION('',(
    #12197),#8418);
#12197 = STYLED_ITEM('color',(#12198),#8406);
#12198 = PRESENTATION_STYLE_ASSIGNMENT((#12199,#12204));
#12199 = SURFACE_STYLE_USAGE(.BOTH.,#12200);
#12200 = SURFACE_SIDE_STYLE('',(#12201));
#12201 = SURFACE_STYLE_FILL_AREA(#12202);
#12202 = FILL_AREA_STYLE('',(#12203));
#12203 = FILL_AREA_STYLE_COLOUR('',#9782);
#12204 = CURVE_STYLE('',#12205,POSITIVE_LENGTH_MEASURE(0.1),#9782);
#12205 = DRAUGHTING_PRE_DEFINED_CURVE_FONT('continuous');
#12206 = MECHANICAL_DESIGN_GEOMETRIC_PRESENTATION_REPRESENTATION('',(
    #12207),#6403);
#12207 = STYLED_ITEM('color',(#12208),#6391);
#12208 = PRESENTATION_STYLE_ASSIGNMENT((#12209,#12214));
#12209 = SURFACE_STYLE_USAGE(.BOTH.,#12210);
#12210 = SURFACE_SIDE_STYLE('',(#12211));
#12211 = SURFACE_STYLE_FILL_AREA(#12212);
#12212 = FILL_AREA_STYLE('',(#12213));
#12213 = FILL_AREA_STYLE_COLOUR('',#9782);
#12214 = CURVE_STYLE('',#12215,POSITIVE_LENGTH_MEASURE(0.1),#9782);
#12215 = DRAUGHTING_PRE_DEFINED_CURVE_FONT('continuous');
#12216 = MECHANICAL_DESIGN_GEOMETRIC_PRESENTATION_REPRESENTATION('',(
    #12217),#5008);
#12217 = STYLED_ITEM('color',(#12218),#4996);
#12218 = PRESENTATION_STYLE_ASSIGNMENT((#12219,#12224));
#12219 = SURFACE_STYLE_USAGE(.BOTH.,#12220);
#12220 = SURFACE_SIDE_STYLE('',(#12221));
#12221 = SURFACE_STYLE_FILL_AREA(#12222);
#12222 = FILL_AREA_STYLE('',(#12223));
#12223 = FILL_AREA_STYLE_COLOUR('',#9782);
#12224 = CURVE_STYLE('',#12225,POSITIVE_LENGTH_MEASURE(0.1),#9782);
#12225 = DRAUGHTING_PRE_DEFINED_CURVE_FONT('continuous');
#12226 = MECHANICAL_DESIGN_GEOMETRIC_PRESENTATION_REPRESENTATION('',(
    #12227),#5101);
#12227 = STYLED_ITEM('color',(#12228),#5089);
#12228 = PRESENTATION_STYLE_ASSIGNMENT((#12229,#12234));
#12229 = SURFACE_STYLE_USAGE(.BOTH.,#12230);
#12230 = SURFACE_SIDE_STYLE('',(#12231));
#12231 = SURFACE_STYLE_FILL_AREA(#12232);
#12232 = FILL_AREA_STYLE('',(#12233));
#12233 = FILL_AREA_STYLE_COLOUR('',#9782);
#12234 = CURVE_STYLE('',#12235,POSITIVE_LENGTH_MEASURE(0.1),#9782);
#12235 = DRAUGHTING_PRE_DEFINED_CURVE_FONT('continuous');
#12236 = MECHANICAL_DESIGN_GEOMETRIC_PRESENTATION_REPRESENTATION('',(
    #12237),#7364);
#12237 = STYLED_ITEM('color',(#12238),#7352);
#12238 = PRESENTATION_STYLE_ASSIGNMENT((#12239,#12244));
#12239 = SURFACE_STYLE_USAGE(.BOTH.,#12240);
#12240 = SURFACE_SIDE_STYLE('',(#12241));
#12241 = SURFACE_STYLE_FILL_AREA(#12242);
#12242 = FILL_AREA_STYLE('',(#12243));
#12243 = FILL_AREA_STYLE_COLOUR('',#9782);
#12244 = CURVE_STYLE('',#12245,POSITIVE_LENGTH_MEASURE(0.1),#9782);
#12245 = DRAUGHTING_PRE_DEFINED_CURVE_FONT('continuous');
#12246 = MECHANICAL_DESIGN_GEOMETRIC_PRESENTATION_REPRESENTATION('',(
    #12247),#5442);
#12247 = STYLED_ITEM('color',(#12248),#5430);
#12248 = PRESENTATION_STYLE_ASSIGNMENT((#12249,#12254));
#12249 = SURFACE_STYLE_USAGE(.BOTH.,#12250);
#12250 = SURFACE_SIDE_STYLE('',(#12251));
#12251 = SURFACE_STYLE_FILL_AREA(#12252);
#12252 = FILL_AREA_STYLE('',(#12253));
#12253 = FILL_AREA_STYLE_COLOUR('',#9782);
#12254 = CURVE_STYLE('',#12255,POSITIVE_LENGTH_MEASURE(0.1),#9782);
#12255 = DRAUGHTING_PRE_DEFINED_CURVE_FONT('continuous');
#12256 = MECHANICAL_DESIGN_GEOMETRIC_PRESENTATION_REPRESENTATION('',(
    #12257),#5969);
#12257 = STYLED_ITEM('color',(#12258),#5957);
#12258 = PRESENTATION_STYLE_ASSIGNMENT((#12259,#12264));
#12259 = SURFACE_STYLE_USAGE(.BOTH.,#12260);
#12260 = SURFACE_SIDE_STYLE('',(#12261));
#12261 = SURFACE_STYLE_FILL_AREA(#12262);
#12262 = FILL_AREA_STYLE('',(#12263));
#12263 = FILL_AREA_STYLE_COLOUR('',#9782);
#12264 = CURVE_STYLE('',#12265,POSITIVE_LENGTH_MEASURE(0.1),#9782);
#12265 = DRAUGHTING_PRE_DEFINED_CURVE_FONT('continuous');
#12266 = MECHANICAL_DESIGN_GEOMETRIC_PRESENTATION_REPRESENTATION('',(
    #12267),#7798);
#12267 = STYLED_ITEM('color',(#12268),#7786);
#12268 = PRESENTATION_STYLE_ASSIGNMENT((#12269,#12274));
#12269 = SURFACE_STYLE_USAGE(.BOTH.,#12270);
#12270 = SURFACE_SIDE_STYLE('',(#12271));
#12271 = SURFACE_STYLE_FILL_AREA(#12272);
#12272 = FILL_AREA_STYLE('',(#12273));
#12273 = FILL_AREA_STYLE_COLOUR('',#9782);
#12274 = CURVE_STYLE('',#12275,POSITIVE_LENGTH_MEASURE(0.1),#9782);
#12275 = DRAUGHTING_PRE_DEFINED_CURVE_FONT('continuous');
#12276 = MECHANICAL_DESIGN_GEOMETRIC_PRESENTATION_REPRESENTATION('',(
    #12277),#8449);
#12277 = STYLED_ITEM('color',(#12278),#8437);
#12278 = PRESENTATION_STYLE_ASSIGNMENT((#12279,#12284));
#12279 = SURFACE_STYLE_USAGE(.BOTH.,#12280);
#12280 = SURFACE_SIDE_STYLE('',(#12281));
#12281 = SURFACE_STYLE_FILL_AREA(#12282);
#12282 = FILL_AREA_STYLE('',(#12283));
#12283 = FILL_AREA_STYLE_COLOUR('',#9782);
#12284 = CURVE_STYLE('',#12285,POSITIVE_LENGTH_MEASURE(0.1),#9782);
#12285 = DRAUGHTING_PRE_DEFINED_CURVE_FONT('continuous');
#12286 = MECHANICAL_DESIGN_GEOMETRIC_PRESENTATION_REPRESENTATION('',(
    #12287),#8480);
#12287 = STYLED_ITEM('color',(#12288),#8468);
#12288 = PRESENTATION_STYLE_ASSIGNMENT((#12289,#12294));
#12289 = SURFACE_STYLE_USAGE(.BOTH.,#12290);
#12290 = SURFACE_SIDE_STYLE('',(#12291));
#12291 = SURFACE_STYLE_FILL_AREA(#12292);
#12292 = FILL_AREA_STYLE('',(#12293));
#12293 = FILL_AREA_STYLE_COLOUR('',#9782);
#12294 = CURVE_STYLE('',#12295,POSITIVE_LENGTH_MEASURE(0.1),#9782);
#12295 = DRAUGHTING_PRE_DEFINED_CURVE_FONT('continuous');
#12296 = MECHANICAL_DESIGN_GEOMETRIC_PRESENTATION_REPRESENTATION('',(
    #12297),#6434);
#12297 = STYLED_ITEM('color',(#12298),#6422);
#12298 = PRESENTATION_STYLE_ASSIGNMENT((#12299,#12304));
#12299 = SURFACE_STYLE_USAGE(.BOTH.,#12300);
#12300 = SURFACE_SIDE_STYLE('',(#12301));
#12301 = SURFACE_STYLE_FILL_AREA(#12302);
#12302 = FILL_AREA_STYLE('',(#12303));
#12303 = FILL_AREA_STYLE_COLOUR('',#9782);
#12304 = CURVE_STYLE('',#12305,POSITIVE_LENGTH_MEASURE(0.1),#9782);
#12305 = DRAUGHTING_PRE_DEFINED_CURVE_FONT('continuous');
#12306 = MECHANICAL_DESIGN_GEOMETRIC_PRESENTATION_REPRESENTATION('',(
    #12307),#8542);
#12307 = STYLED_ITEM('color',(#12308),#8530);
#12308 = PRESENTATION_STYLE_ASSIGNMENT((#12309,#12314));
#12309 = SURFACE_STYLE_USAGE(.BOTH.,#12310);
#12310 = SURFACE_SIDE_STYLE('',(#12311));
#12311 = SURFACE_STYLE_FILL_AREA(#12312);
#12312 = FILL_AREA_STYLE('',(#12313));
#12313 = FILL_AREA_STYLE_COLOUR('',#9782);
#12314 = CURVE_STYLE('',#12315,POSITIVE_LENGTH_MEASURE(0.1),#9782);
#12315 = DRAUGHTING_PRE_DEFINED_CURVE_FONT('continuous');
#12316 = MECHANICAL_DESIGN_GEOMETRIC_PRESENTATION_REPRESENTATION('',(
    #12317),#6961);
#12317 = STYLED_ITEM('color',(#12318),#6949);
#12318 = PRESENTATION_STYLE_ASSIGNMENT((#12319,#12324));
#12319 = SURFACE_STYLE_USAGE(.BOTH.,#12320);
#12320 = SURFACE_SIDE_STYLE('',(#12321));
#12321 = SURFACE_STYLE_FILL_AREA(#12322);
#12322 = FILL_AREA_STYLE('',(#12323));
#12323 = FILL_AREA_STYLE_COLOUR('',#9782);
#12324 = CURVE_STYLE('',#12325,POSITIVE_LENGTH_MEASURE(0.1),#9782);
#12325 = DRAUGHTING_PRE_DEFINED_CURVE_FONT('continuous');
#12326 = MECHANICAL_DESIGN_GEOMETRIC_PRESENTATION_REPRESENTATION('',(
    #12327),#5163);
#12327 = STYLED_ITEM('color',(#12328),#5151);
#12328 = PRESENTATION_STYLE_ASSIGNMENT((#12329,#12334));
#12329 = SURFACE_STYLE_USAGE(.BOTH.,#12330);
#12330 = SURFACE_SIDE_STYLE('',(#12331));
#12331 = SURFACE_STYLE_FILL_AREA(#12332);
#12332 = FILL_AREA_STYLE('',(#12333));
#12333 = FILL_AREA_STYLE_COLOUR('',#9782);
#12334 = CURVE_STYLE('',#12335,POSITIVE_LENGTH_MEASURE(0.1),#9782);
#12335 = DRAUGHTING_PRE_DEFINED_CURVE_FONT('continuous');
#12336 = MECHANICAL_DESIGN_GEOMETRIC_PRESENTATION_REPRESENTATION('',(
    #12337),#1815);
#12337 = STYLED_ITEM('color',(#12338),#1803);
#12338 = PRESENTATION_STYLE_ASSIGNMENT((#12339,#12344));
#12339 = SURFACE_STYLE_USAGE(.BOTH.,#12340);
#12340 = SURFACE_SIDE_STYLE('',(#12341));
#12341 = SURFACE_STYLE_FILL_AREA(#12342);
#12342 = FILL_AREA_STYLE('',(#12343));
#12343 = FILL_AREA_STYLE_COLOUR('',#9782);
#12344 = CURVE_STYLE('',#12345,POSITIVE_LENGTH_MEASURE(0.1),#9782);
#12345 = DRAUGHTING_PRE_DEFINED_CURVE_FONT('continuous');
#12346 = MECHANICAL_DESIGN_GEOMETRIC_PRESENTATION_REPRESENTATION('',(
    #12347),#2497);
#12347 = STYLED_ITEM('color',(#12348),#2485);
#12348 = PRESENTATION_STYLE_ASSIGNMENT((#12349,#12354));
#12349 = SURFACE_STYLE_USAGE(.BOTH.,#12350);
#12350 = SURFACE_SIDE_STYLE('',(#12351));
#12351 = SURFACE_STYLE_FILL_AREA(#12352);
#12352 = FILL_AREA_STYLE('',(#12353));
#12353 = FILL_AREA_STYLE_COLOUR('',#9782);
#12354 = CURVE_STYLE('',#12355,POSITIVE_LENGTH_MEASURE(0.1),#9782);
#12355 = DRAUGHTING_PRE_DEFINED_CURVE_FONT('continuous');
#12356 = MECHANICAL_DESIGN_GEOMETRIC_PRESENTATION_REPRESENTATION('',(
    #12357),#2962);
#12357 = STYLED_ITEM('color',(#12358),#2950);
#12358 = PRESENTATION_STYLE_ASSIGNMENT((#12359,#12364));
#12359 = SURFACE_STYLE_USAGE(.BOTH.,#12360);
#12360 = SURFACE_SIDE_STYLE('',(#12361));
#12361 = SURFACE_STYLE_FILL_AREA(#12362);
#12362 = FILL_AREA_STYLE('',(#12363));
#12363 = FILL_AREA_STYLE_COLOUR('',#9782);
#12364 = CURVE_STYLE('',#12365,POSITIVE_LENGTH_MEASURE(0.1),#9782);
#12365 = DRAUGHTING_PRE_DEFINED_CURVE_FONT('continuous');
#12366 = MECHANICAL_DESIGN_GEOMETRIC_PRESENTATION_REPRESENTATION('',(
    #12367),#1226);
#12367 = STYLED_ITEM('color',(#12368),#1214);
#12368 = PRESENTATION_STYLE_ASSIGNMENT((#12369,#12374));
#12369 = SURFACE_STYLE_USAGE(.BOTH.,#12370);
#12370 = SURFACE_SIDE_STYLE('',(#12371));
#12371 = SURFACE_STYLE_FILL_AREA(#12372);
#12372 = FILL_AREA_STYLE('',(#12373));
#12373 = FILL_AREA_STYLE_COLOUR('',#9782);
#12374 = CURVE_STYLE('',#12375,POSITIVE_LENGTH_MEASURE(0.1),#9782);
#12375 = DRAUGHTING_PRE_DEFINED_CURVE_FONT('continuous');
#12376 = MECHANICAL_DESIGN_GEOMETRIC_PRESENTATION_REPRESENTATION('',(
    #12377),#9255);
#12377 = STYLED_ITEM('color',(#12378),#9243);
#12378 = PRESENTATION_STYLE_ASSIGNMENT((#12379,#12384));
#12379 = SURFACE_STYLE_USAGE(.BOTH.,#12380);
#12380 = SURFACE_SIDE_STYLE('',(#12381));
#12381 = SURFACE_STYLE_FILL_AREA(#12382);
#12382 = FILL_AREA_STYLE('',(#12383));
#12383 = FILL_AREA_STYLE_COLOUR('',#9782);
#12384 = CURVE_STYLE('',#12385,POSITIVE_LENGTH_MEASURE(0.1),#9782);
#12385 = DRAUGHTING_PRE_DEFINED_CURVE_FONT('continuous');
#12386 = MECHANICAL_DESIGN_GEOMETRIC_PRESENTATION_REPRESENTATION('',(
    #12387),#1970);
#12387 = STYLED_ITEM('color',(#12388),#1958);
#12388 = PRESENTATION_STYLE_ASSIGNMENT((#12389,#12394));
#12389 = SURFACE_STYLE_USAGE(.BOTH.,#12390);
#12390 = SURFACE_SIDE_STYLE('',(#12391));
#12391 = SURFACE_STYLE_FILL_AREA(#12392);
#12392 = FILL_AREA_STYLE('',(#12393));
#12393 = FILL_AREA_STYLE_COLOUR('',#9782);
#12394 = CURVE_STYLE('',#12395,POSITIVE_LENGTH_MEASURE(0.1),#9782);
#12395 = DRAUGHTING_PRE_DEFINED_CURVE_FONT('continuous');
#12396 = MECHANICAL_DESIGN_GEOMETRIC_PRESENTATION_REPRESENTATION('',(
    #12397),#3303);
#12397 = STYLED_ITEM('color',(#12398),#3291);
#12398 = PRESENTATION_STYLE_ASSIGNMENT((#12399,#12404));
#12399 = SURFACE_STYLE_USAGE(.BOTH.,#12400);
#12400 = SURFACE_SIDE_STYLE('',(#12401));
#12401 = SURFACE_STYLE_FILL_AREA(#12402);
#12402 = FILL_AREA_STYLE('',(#12403));
#12403 = FILL_AREA_STYLE_COLOUR('',#9782);
#12404 = CURVE_STYLE('',#12405,POSITIVE_LENGTH_MEASURE(0.1),#9782);
#12405 = DRAUGHTING_PRE_DEFINED_CURVE_FONT('continuous');
#12406 = MECHANICAL_DESIGN_GEOMETRIC_PRESENTATION_REPRESENTATION('',(
    #12407),#7550);
#12407 = STYLED_ITEM('color',(#12408),#7538);
#12408 = PRESENTATION_STYLE_ASSIGNMENT((#12409,#12414));
#12409 = SURFACE_STYLE_USAGE(.BOTH.,#12410);
#12410 = SURFACE_SIDE_STYLE('',(#12411));
#12411 = SURFACE_STYLE_FILL_AREA(#12412);
#12412 = FILL_AREA_STYLE('',(#12413));
#12413 = FILL_AREA_STYLE_COLOUR('',#9782);
#12414 = CURVE_STYLE('',#12415,POSITIVE_LENGTH_MEASURE(0.1),#9782);
#12415 = DRAUGHTING_PRE_DEFINED_CURVE_FONT('continuous');
#12416 = MECHANICAL_DESIGN_GEOMETRIC_PRESENTATION_REPRESENTATION('',(
    #12417),#5256);
#12417 = STYLED_ITEM('color',(#12418),#5244);
#12418 = PRESENTATION_STYLE_ASSIGNMENT((#12419,#12424));
#12419 = SURFACE_STYLE_USAGE(.BOTH.,#12420);
#12420 = SURFACE_SIDE_STYLE('',(#12421));
#12421 = SURFACE_STYLE_FILL_AREA(#12422);
#12422 = FILL_AREA_STYLE('',(#12423));
#12423 = FILL_AREA_STYLE_COLOUR('',#9782);
#12424 = CURVE_STYLE('',#12425,POSITIVE_LENGTH_MEASURE(0.1),#9782);
#12425 = DRAUGHTING_PRE_DEFINED_CURVE_FONT('continuous');
#12426 = MECHANICAL_DESIGN_GEOMETRIC_PRESENTATION_REPRESENTATION('',(
    #12427),#7178);
#12427 = STYLED_ITEM('color',(#12428),#7166);
#12428 = PRESENTATION_STYLE_ASSIGNMENT((#12429,#12434));
#12429 = SURFACE_STYLE_USAGE(.BOTH.,#12430);
#12430 = SURFACE_SIDE_STYLE('',(#12431));
#12431 = SURFACE_STYLE_FILL_AREA(#12432);
#12432 = FILL_AREA_STYLE('',(#12433));
#12433 = FILL_AREA_STYLE_COLOUR('',#9782);
#12434 = CURVE_STYLE('',#12435,POSITIVE_LENGTH_MEASURE(0.1),#9782);
#12435 = DRAUGHTING_PRE_DEFINED_CURVE_FONT('continuous');
#12436 = MECHANICAL_DESIGN_GEOMETRIC_PRESENTATION_REPRESENTATION('',(
    #12437),#4109);
#12437 = STYLED_ITEM('color',(#12438),#4097);
#12438 = PRESENTATION_STYLE_ASSIGNMENT((#12439,#12444));
#12439 = SURFACE_STYLE_USAGE(.BOTH.,#12440);
#12440 = SURFACE_SIDE_STYLE('',(#12441));
#12441 = SURFACE_STYLE_FILL_AREA(#12442);
#12442 = FILL_AREA_STYLE('',(#12443));
#12443 = FILL_AREA_STYLE_COLOUR('',#9782);
#12444 = CURVE_STYLE('',#12445,POSITIVE_LENGTH_MEASURE(0.1),#9782);
#12445 = DRAUGHTING_PRE_DEFINED_CURVE_FONT('continuous');
ENDSEC;
END-ISO-10303-21;
