ISO-10303-21;
HEADER;
FILE_DESCRIPTION (( 'STEP AP214' ),
    '1' );
FILE_NAME ('MT29F4G08ABBDAH4_D.STEP',
    '2023-12-13T21:20:22',
    ( '' ),
    ( '' ),
    'SwSTEP 2.0',
    'SolidWorks 2021',
    '' );
FILE_SCHEMA (( 'AUTOMOTIVE_DESIGN' ));
ENDSEC;

DATA;
#1 = DIRECTION ( 'NONE',  ( -0.000000000000000000, -0.000000000000000000, -1.000000000000000000 ) ) ;
#2 = STYLED_ITEM ( 'NONE', ( #2522 ), #1467 ) ;
#3 = CARTESIAN_POINT ( 'NONE',  ( -1.199999999999999956, 0.2250000000000000056, -2.799999999999999822 ) ) ;
#4 = ORIENTED_EDGE ( 'NONE', *, *, #1986, .F. ) ;
#5 = ORIENTED_EDGE ( 'NONE', *, *, #4075, .T. ) ;
#6 = ORIENTED_EDGE ( 'NONE', *, *, #1997, .F. ) ;
#7 = DIRECTION ( 'NONE',  ( 1.000000000000000000, 0.000000000000000000, 0.000000000000000000 ) ) ;
#8 = FACE_BOUND ( 'NONE', #2081, .T. ) ;
#9 = DIRECTION ( 'NONE',  ( 0.000000000000000000, 0.000000000000000000, 1.000000000000000000 ) ) ;
#10 = VERTEX_POINT ( 'NONE', #8377 ) ;
#11 = ORIENTED_EDGE ( 'NONE', *, *, #4593, .T. ) ;
#12 = CARTESIAN_POINT ( 'NONE',  ( 2.399999999999999911, 0.3499999999999999778, 2.399999999999999911 ) ) ;
#13 = CARTESIAN_POINT ( 'NONE',  ( 0.2129171306613010239, 0.3499999999999998668, 1.199999999999999956 ) ) ;
#14 = EDGE_CURVE ( 'NONE', #8203, #2718, #1859, .T. ) ;
#15 = STYLED_ITEM ( 'NONE', ( #1253 ), #5470 ) ;
#16 = CARTESIAN_POINT ( 'NONE',  ( -2.000000000000000000, 0.2250000000000000056, -0.4000000000000000222 ) ) ;
#17 =( LENGTH_UNIT ( ) NAMED_UNIT ( * ) SI_UNIT ( .MILLI., .METRE. ) );
#18 = DIRECTION ( 'NONE',  ( -1.000000000000000000, 0.000000000000000000, 0.000000000000000000 ) ) ;
#19 = CARTESIAN_POINT ( 'NONE',  ( 1.199999999999999956, 0.2250000000000035028, 2.000000000000000000 ) ) ;
#20 = ORIENTED_EDGE ( 'NONE', *, *, #3130, .F. ) ;
#21 = CIRCLE ( 'NONE', #7675, 0.1870828693386989983 ) ;
#22 = COLOUR_RGB ( '',0.7921568627450980005, 0.8196078431372548767, 0.9333333333333333481 ) ;
#23 = CARTESIAN_POINT ( 'NONE',  ( 0.4000000000000000222, 0.2250000000000030032, 2.799999999999999822 ) ) ;
#24 = FACE_OUTER_BOUND ( 'NONE', #2168, .T. ) ;
#25 = ADVANCED_FACE ( 'NONE', ( #2390 ), #1747, .T. ) ;
#26 = SPHERICAL_SURFACE ( 'NONE', #5659, 0.2250000000000000056 ) ;
#27 = ADVANCED_FACE ( 'NONE', ( #2481 ), #3791, .T. ) ;
#28 = EDGE_CURVE ( 'NONE', #5752, #4041, #7427, .T. ) ;
#29 = SURFACE_STYLE_USAGE ( .BOTH. , #6553 ) ;
#30 = AXIS2_PLACEMENT_3D ( 'NONE', #5748, #7743, #4343 ) ;
#31 = EDGE_CURVE ( 'NONE', #7715, #1716, #4214, .T. ) ;
#32 = COLOUR_RGB ( '',0.7921568627450980005, 0.8196078431372548767, 0.9333333333333333481 ) ;
#33 = EDGE_CURVE ( 'NONE', #2226, #5245, #6164, .T. ) ;
#34 = DIRECTION ( 'NONE',  ( 5.795304382052420359E-16, -1.000000000000000000, 0.000000000000000000 ) ) ;
#35 = ORIENTED_EDGE ( 'NONE', *, *, #7426, .T. ) ;
#36 = AXIS2_PLACEMENT_3D ( 'NONE', #7074, #4453, #8439 ) ;
#37 = DIRECTION ( 'NONE',  ( -1.000000000000000000, 0.000000000000000000, 0.000000000000000000 ) ) ;
#38 = ORIENTED_EDGE ( 'NONE', *, *, #4227, .F. ) ;
#39 =( NAMED_UNIT ( * ) SI_UNIT ( $, .STERADIAN. ) SOLID_ANGLE_UNIT ( ) );
#40 = EDGE_CURVE ( 'NONE', #6805, #48, #8417, .T. ) ;
#41 = CARTESIAN_POINT ( 'NONE',  ( 4.500000000000000888, 1.000000000000003109, 5.500000000000000000 ) ) ;
#42 = DIRECTION ( 'NONE',  ( -1.000000000000000000, -6.195440985631453345E-16, 0.000000000000000000 ) ) ;
#43 = UNCERTAINTY_MEASURE_WITH_UNIT (LENGTH_MEASURE( 1.000000000000000082E-05 ), #7960, 'distance_accuracy_value', 'NONE');
#44 = DIRECTION ( 'NONE',  ( -0.000000000000000000, -0.000000000000000000, -1.000000000000000000 ) ) ;
#45 = CARTESIAN_POINT ( 'NONE',  ( 0.4000000000000000222, 3.008661028647274804E-15, 2.799999999999999822 ) ) ;
#46 = FACE_OUTER_BOUND ( 'NONE', #7992, .T. ) ;
#47 = ORIENTED_EDGE ( 'NONE', *, *, #2212, .F. ) ;
#48 = VERTEX_POINT ( 'NONE', #395 ) ;
#49 = ORIENTED_EDGE ( 'NONE', *, *, #6882, .T. ) ;
#50 = CLOSED_SHELL ( 'NONE', ( #4922, #6103, #4589, #4078, #7219 ) ) ;
#51 = DIRECTION ( 'NONE',  ( -6.938893903907231336E-16, 1.000000000000000000, -0.000000000000000000 ) ) ;
#52 = SPHERICAL_SURFACE ( 'NONE', #3291, 0.2250000000000000056 ) ;
#53 = FILL_AREA_STYLE ('',( #6014 ) ) ;
#54 = DIRECTION ( 'NONE',  ( -1.000000000000000000, -6.918242433955120338E-16, 0.000000000000000000 ) ) ;
#55 = CIRCLE ( 'NONE', #6584, 0.1870828693386994146 ) ;
#56 = CARTESIAN_POINT ( 'NONE',  ( 4.000000000000000000, 0.3499999999999999778, 6.400000000000000355 ) ) ;
#57 = VERTEX_POINT ( 'NONE', #5127 ) ;
#58 = EDGE_LOOP ( 'NONE', ( #7353, #6757, #5537, #2960 ) ) ;
#59 = ORIENTED_EDGE ( 'NONE', *, *, #5567, .T. ) ;
#60 = CARTESIAN_POINT ( 'NONE',  ( 2.225000000000000089, 0.2250000000000040024, -2.000000000000000000 ) ) ;
#61 = CARTESIAN_POINT ( 'NONE',  ( 1.199999999999999956, 0.2250000000000035028, 2.000000000000000000 ) ) ;
#62 = DIRECTION ( 'NONE',  ( -1.000000000000000000, 0.000000000000000000, 0.000000000000000000 ) ) ;
#63 = AXIS2_PLACEMENT_3D ( 'NONE', #3725, #3246, #1973 ) ;
#64 = DIRECTION ( 'NONE',  ( 0.000000000000000000, 0.000000000000000000, 1.000000000000000000 ) ) ;
#65 = DIRECTION ( 'NONE',  ( -1.000000000000000000, -6.195440985631453345E-16, 0.000000000000000000 ) ) ;
#66 = DIRECTION ( 'NONE',  ( -0.000000000000000000, -0.000000000000000000, -1.000000000000000000 ) ) ;
#67 = DIRECTION ( 'NONE',  ( 1.000000000000000000, 0.000000000000000000, 0.000000000000000000 ) ) ;
#68 = EDGE_LOOP ( 'NONE', ( #3913, #1756, #6883 ) ) ;
#69 = CARTESIAN_POINT ( 'NONE',  ( 0.4000000000000000222, 3.008661028647274804E-15, -2.000000000000000000 ) ) ;
#70 = DIRECTION ( 'NONE',  ( -1.000000000000000000, 0.000000000000000000, 0.000000000000000000 ) ) ;
#71 = CARTESIAN_POINT ( 'NONE',  ( -3.600000000000000089, 0.2250000000000000056, 4.400000000000000355 ) ) ;
#72 = AXIS2_PLACEMENT_3D ( 'NONE', #947, #8310, #4986 ) ;
#73 = ADVANCED_FACE ( 'NONE', ( #5042 ), #4387, .F. ) ;
#74 = EDGE_CURVE ( 'NONE', #6041, #8239, #1296, .T. ) ;
#75 = DIRECTION ( 'NONE',  ( 1.000000000000000000, 0.000000000000000000, 0.000000000000000000 ) ) ;
#76 = ORIENTED_EDGE ( 'NONE', *, *, #82, .F. ) ;
#77 = CIRCLE ( 'NONE', #7726, 0.1870828693386994979 ) ;
#78 = AXIS2_PLACEMENT_3D ( 'NONE', #6455, #5858, #7939 ) ;
#79 = SPHERICAL_SURFACE ( 'NONE', #4633, 0.2250000000000000056 ) ;
#80 = EDGE_LOOP ( 'NONE', ( #4314, #6975, #5204 ) ) ;
#81 = CARTESIAN_POINT ( 'NONE',  ( 0.6250000000000000000, 0.2250000000000030032, -2.799999999999999822 ) ) ;
#82 = EDGE_CURVE ( 'NONE', #4945, #2236, #606, .T. ) ;
#83 = CARTESIAN_POINT ( 'NONE',  ( -3.600000000000000089, 0.2250000000000000056, 3.600000000000000089 ) ) ;
#84 = DIRECTION ( 'NONE',  ( -0.000000000000000000, -0.000000000000000000, -1.000000000000000000 ) ) ;
#85 = EDGE_CURVE ( 'NONE', #2596, #7016, #5759, .T. ) ;
#86 = CARTESIAN_POINT ( 'NONE',  ( 2.000000000000000000, 0.2250000000000040024, -2.000000000000000000 ) ) ;
#87 = FACE_OUTER_BOUND ( 'NONE', #3922, .T. ) ;
#88 = CIRCLE ( 'NONE', #918, 0.2249999999999999500 ) ;
#89 = AXIS2_PLACEMENT_3D ( 'NONE', #6324, #2319, #2282 ) ;
#90 = CARTESIAN_POINT ( 'NONE',  ( 2.000000000000000000, 0.2250000000000040024, -2.799999999999999822 ) ) ;
#91 = EDGE_CURVE ( 'NONE', #1016, #57, #474, .T. ) ;
#92 = CARTESIAN_POINT ( 'NONE',  ( -1.387082869338698954, 0.3499999999999998668, -1.199999999999999956 ) ) ;
#93 = ORIENTED_EDGE ( 'NONE', *, *, #2873, .T. ) ;
#94 = ADVANCED_FACE ( 'NONE', ( #641 ), #601, .F. ) ;
#95 = ORIENTED_EDGE ( 'NONE', *, *, #4016, .T. ) ;
#96 = ORIENTED_EDGE ( 'NONE', *, *, #8462, .T. ) ;
#97 = AXIS2_PLACEMENT_3D ( 'NONE', #1881, #8601, #7931 ) ;
#98 = PLANE ( 'NONE',  #4392 ) ;
#99 = EDGE_CURVE ( 'NONE', #243, #7808, #7847, .T. ) ;
#100 = EDGE_CURVE ( 'NONE', #3824, #1820, #3676, .T. ) ;
#101 = AXIS2_PLACEMENT_3D ( 'NONE', #4767, #1508, #7987 ) ;
#102 = CARTESIAN_POINT ( 'NONE',  ( 0.4000000000000000222, 0.2250000000000030032, 0.4000000000000000222 ) ) ;
#103 = STYLED_ITEM ( 'NONE', ( #218 ), #2493 ) ;
#104 = DIRECTION ( 'NONE',  ( -1.224646799147353207E-16, -0.000000000000000000, -1.000000000000000000 ) ) ;
#105 = ORIENTED_EDGE ( 'NONE', *, *, #1475, .T. ) ;
#106 = ORIENTED_EDGE ( 'NONE', *, *, #942, .T. ) ;
#107 = ORIENTED_EDGE ( 'NONE', *, *, #2881, .F. ) ;
#108 = DIRECTION ( 'NONE',  ( 0.000000000000000000, 0.000000000000000000, 1.000000000000000000 ) ) ;
#109 = AXIS2_PLACEMENT_3D ( 'NONE', #2140, #2820, #5452 ) ;
#110 = CIRCLE ( 'NONE', #2624, 0.2250000000000000056 ) ;
#111 = DIRECTION ( 'NONE',  ( -1.224646799147353207E-16, -0.000000000000000000, -1.000000000000000000 ) ) ;
#112 = CARTESIAN_POINT ( 'NONE',  ( 1.424999999999999822, 0.2250000000000035028, 2.000000000000000000 ) ) ;
#113 = CARTESIAN_POINT ( 'NONE',  ( 1.199999999999999956, 0.2250000000000035028, 2.799999999999999822 ) ) ;
#114 = CARTESIAN_POINT ( 'NONE',  ( 3.600000000000000089, 0.2250000000000049738, 3.600000000000000089 ) ) ;
#115 = SURFACE_STYLE_USAGE ( .BOTH. , #6119 ) ;
#116 = AXIS2_PLACEMENT_3D ( 'NONE', #4756, #2146, #6066 ) ;
#117 = SPHERICAL_SURFACE ( 'NONE', #4611, 0.2250000000000000056 ) ;
#118 = AXIS2_PLACEMENT_3D ( 'NONE', #1037, #7694, #1738 ) ;
#119 = EDGE_LOOP ( 'NONE', ( #567, #3626, #6843, #8555 ) ) ;
#120 = DIRECTION ( 'NONE',  ( -0.000000000000000000, -0.000000000000000000, -1.000000000000000000 ) ) ;
#121 = SPHERICAL_SURFACE ( 'NONE', #5370, 0.2250000000000000056 ) ;
#122 = AXIS2_PLACEMENT_3D ( 'NONE', #580, #4404, #3238 ) ;
#123 = CARTESIAN_POINT ( 'NONE',  ( -0.4000000000000000222, 0.2250000000000024758, -1.199999999999999956 ) ) ;
#124 = CIRCLE ( 'NONE', #6371, 0.2249999999999999500 ) ;
#125 = DIRECTION ( 'NONE',  ( 1.000000000000000000, 0.000000000000000000, 0.000000000000000000 ) ) ;
#126 = SURFACE_STYLE_USAGE ( .BOTH. , #4809 ) ;
#127 = AXIS2_PLACEMENT_3D ( 'NONE', #3265, #5333, #4688 ) ;
#128 = CIRCLE ( 'NONE', #8497, 0.2249999999999999500 ) ;
#129 = VERTEX_POINT ( 'NONE', #4040 ) ;
#130 = SPHERICAL_SURFACE ( 'NONE', #7009, 0.2250000000000000056 ) ;
#131 = VERTEX_POINT ( 'NONE', #6040 ) ;
#132 = DIRECTION ( 'NONE',  ( 0.000000000000000000, 0.000000000000000000, -1.000000000000000000 ) ) ;
#133 = DIRECTION ( 'NONE',  ( -1.000000000000000000, 0.000000000000000000, 0.000000000000000000 ) ) ;
#134 = ADVANCED_FACE ( 'NONE', ( #6645 ), #79, .T. ) ;
#135 = UNCERTAINTY_MEASURE_WITH_UNIT (LENGTH_MEASURE( 1.000000000000000082E-05 ), #1371, 'distance_accuracy_value', 'NONE');
#136 = SURFACE_SIDE_STYLE ('',( #8001 ) ) ;
#137 = AXIS2_PLACEMENT_3D ( 'NONE', #8630, #5909, #6596 ) ;
#138 = DIRECTION ( 'NONE',  ( -1.000000000000000000, 0.000000000000000000, 0.000000000000000000 ) ) ;
#139 = ORIENTED_EDGE ( 'NONE', *, *, #1888, .F. ) ;
#140 = DIRECTION ( 'NONE',  ( 0.000000000000000000, 1.000000000000000000, 0.000000000000000000 ) ) ;
#141 = EDGE_LOOP ( 'NONE', ( #4980, #4993, #6276 ) ) ;
#142 = ADVANCED_FACE ( 'NONE', ( #2665 ), #5379, .T. ) ;
#143 = ORIENTED_EDGE ( 'NONE', *, *, #3858, .F. ) ;
#144 = ORIENTED_EDGE ( 'NONE', *, *, #3237, .F. ) ;
#145 = PRESENTATION_LAYER_ASSIGNMENT (  '', '', ( #824 ) ) ;
#146 = AXIS2_PLACEMENT_3D ( 'NONE', #6419, #5230, #3158 ) ;
#147 = DIRECTION ( 'NONE',  ( -1.000000000000000000, 0.000000000000000000, 0.000000000000000000 ) ) ;
#148 = EDGE_CURVE ( 'NONE', #555, #954, #5765, .T. ) ;
#149 = CARTESIAN_POINT ( 'NONE',  ( -4.375000000000000000, 1.000000000000000000, -5.625000000000000000 ) ) ;
#150 = EDGE_CURVE ( 'NONE', #8070, #5546, #207, .T. ) ;
#151 = MECHANICAL_DESIGN_GEOMETRIC_PRESENTATION_REPRESENTATION (  '', ( #6247 ), #6121 ) ;
#152 = COLOUR_RGB ( '',0.7921568627450980005, 0.8196078431372548767, 0.9333333333333333481 ) ;
#153 = CARTESIAN_POINT ( 'NONE',  ( 1.199999999999999956, 0.2250000000000035028, 0.4000000000000000222 ) ) ;
#154 = CARTESIAN_POINT ( 'NONE',  ( 2.799999999999999822, 4.499439015814843401E-15, -4.400000000000000355 ) ) ;
#155 = ORIENTED_EDGE ( 'NONE', *, *, #3696, .T. ) ;
#156 = EDGE_CURVE ( 'NONE', #1691, #6547, #1032, .T. ) ;
#157 = ORIENTED_EDGE ( 'NONE', *, *, #946, .T. ) ;
#158 = VERTEX_POINT ( 'NONE', #4728 ) ;
#159 = CARTESIAN_POINT ( 'NONE',  ( -2.000000000000000000, 0.3499999999999999778, -1.199999999999999956 ) ) ;
#160 = DIRECTION ( 'NONE',  ( 1.000000000000000000, 0.000000000000000000, 0.000000000000000000 ) ) ;
#161 = DIRECTION ( 'NONE',  ( -1.000000000000000000, -6.195440985631453345E-16, 0.000000000000000000 ) ) ;
#162 = DIRECTION ( 'NONE',  ( 5.795304382052420359E-16, -1.000000000000000000, 0.000000000000000000 ) ) ;
#163 = CARTESIAN_POINT ( 'NONE',  ( -1.199999999999999956, 0.2250000000000000056, 2.000000000000000000 ) ) ;
#164 =( NAMED_UNIT ( * ) SI_UNIT ( $, .STERADIAN. ) SOLID_ANGLE_UNIT ( ) );
#165 = CARTESIAN_POINT ( 'NONE',  ( -3.699999999999998845, 0.9500000000000003997, -4.699999999999999289 ) ) ;
#166 = ORIENTED_EDGE ( 'NONE', *, *, #6190, .F. ) ;
#167 = SPHERICAL_SURFACE ( 'NONE', #344, 0.2250000000000000056 ) ;
#168 = CARTESIAN_POINT ( 'NONE',  ( 1.199999999999999956, 0.2250000000000035028, -0.4000000000000000222 ) ) ;
#169 = DIRECTION ( 'NONE',  ( -1.000000000000000000, 0.000000000000000000, 0.000000000000000000 ) ) ;
#170 = FILL_AREA_STYLE_COLOUR ( '', #8237 ) ;
#171 = CIRCLE ( 'NONE', #6132, 0.2249999999999999500 ) ;
#172 = ORIENTED_EDGE ( 'NONE', *, *, #3807, .F. ) ;
#173 = DIRECTION ( 'NONE',  ( -0.000000000000000000, -0.000000000000000000, -1.000000000000000000 ) ) ;
#174 = EDGE_LOOP ( 'NONE', ( #5921, #5837 ) ) ;
#175 = ADVANCED_FACE ( 'NONE', ( #7305 ), #4081, .T. ) ;
#176 = CIRCLE ( 'NONE', #3510, 0.2249999999999999500 ) ;
#177 = STYLED_ITEM ( 'NONE', ( #1938 ), #5588 ) ;
#178 = DIRECTION ( 'NONE',  ( -6.938893903907231336E-16, 1.000000000000000000, 0.000000000000000000 ) ) ;
#179 = DIRECTION ( 'NONE',  ( -1.000000000000000000, 0.000000000000000000, 0.000000000000000000 ) ) ;
#180 = APPLICATION_CONTEXT ( 'automotive_design' ) ;
#181 = CARTESIAN_POINT ( 'NONE',  ( 2.799999999999999822, 4.499439015814843401E-15, -3.600000000000000089 ) ) ;
#182 = AXIS2_PLACEMENT_3D ( 'NONE', #5688, #6284, #1723 ) ;
#183 = CIRCLE ( 'NONE', #7551, 0.1870828693386989983 ) ;
#184 = FACE_OUTER_BOUND ( 'NONE', #4272, .T. ) ;
#185 = VERTEX_POINT ( 'NONE', #5873 ) ;
#186 = ORIENTED_EDGE ( 'NONE', *, *, #1357, .T. ) ;
#187 = ORIENTED_EDGE ( 'NONE', *, *, #6786, .F. ) ;
#188 =( NAMED_UNIT ( * ) SI_UNIT ( $, .STERADIAN. ) SOLID_ANGLE_UNIT ( ) );
#189 = CARTESIAN_POINT ( 'NONE',  ( -0.4000000000000000222, 0.2250000000000024758, 1.199999999999999956 ) ) ;
#190 = CARTESIAN_POINT ( 'NONE',  ( 2.000000000000000000, 0.2250000000000040024, 1.199999999999999956 ) ) ;
#191 = DIRECTION ( 'NONE',  ( -0.000000000000000000, -0.000000000000000000, -1.000000000000000000 ) ) ;
#192 = DIRECTION ( 'NONE',  ( -1.000000000000000000, 0.000000000000000000, 0.000000000000000000 ) ) ;
#193 = ADVANCED_FACE ( 'NONE', ( #8548 ), #1908, .T. ) ;
#194 = ORIENTED_EDGE ( 'NONE', *, *, #5778, .T. ) ;
#195 = ADVANCED_FACE ( 'NONE', ( #8588 ), #1333, .T. ) ;
#196 = ORIENTED_EDGE ( 'NONE', *, *, #2930, .F. ) ;
#197 = VERTEX_POINT ( 'NONE', #7954 ) ;
#198 = FACE_OUTER_BOUND ( 'NONE', #8053, .T. ) ;
#199 = DIRECTION ( 'NONE',  ( 5.795304382052420359E-16, -1.000000000000000000, 0.000000000000000000 ) ) ;
#200 = DIRECTION ( 'NONE',  ( 1.000000000000000000, 0.000000000000000000, 0.000000000000000000 ) ) ;
#201 = DIRECTION ( 'NONE',  ( -1.224646799147353207E-16, -0.000000000000000000, -1.000000000000000000 ) ) ;
#202 = CLOSED_SHELL ( 'NONE', ( #1201, #3951, #564, #1899, #1031 ) ) ;
#203 = EDGE_CURVE ( 'NONE', #2863, #2226, #1304, .T. ) ;
#204 = CARTESIAN_POINT ( 'NONE',  ( -0.5870828693386994646, 0.3499999999999998668, -0.4000000000000000222 ) ) ;
#205 = ORIENTED_EDGE ( 'NONE', *, *, #74, .T. ) ;
#206 = EDGE_CURVE ( 'NONE', #6742, #5396, #7432, .T. ) ;
#207 = CIRCLE ( 'NONE', #5896, 0.1870828693386989983 ) ;
#208 = CARTESIAN_POINT ( 'NONE',  ( -2.421384851884295372E-16, 0.3499999999999999778, -5.500000000000000000 ) ) ;
#209 = FACE_OUTER_BOUND ( 'NONE', #3338, .T. ) ;
#210 = FACE_OUTER_BOUND ( 'NONE', #8108, .T. ) ;
#211 = SURFACE_SIDE_STYLE ('',( #5475 ) ) ;
#212 = AXIS2_PLACEMENT_3D ( 'NONE', #7288, #2014, #1317 ) ;
#213 = ORIENTED_EDGE ( 'NONE', *, *, #8012, .F. ) ;
#214 = DIRECTION ( 'NONE',  ( 1.000000000000000000, 0.000000000000000000, 0.000000000000000000 ) ) ;
#215 = ORIENTED_EDGE ( 'NONE', *, *, #6844, .T. ) ;
#216 = AXIS2_PLACEMENT_3D ( 'NONE', #3749, #3699, #1830 ) ;
#217 = DIRECTION ( 'NONE',  ( 6.918242433955120338E-16, -1.000000000000000000, 0.000000000000000000 ) ) ;
#218 = PRESENTATION_STYLE_ASSIGNMENT (( #2416 ) ) ;
#219 = DIRECTION ( 'NONE',  ( 5.795304382052420359E-16, -1.000000000000000000, 0.000000000000000000 ) ) ;
#220 = DIRECTION ( 'NONE',  ( -1.224646799147353207E-16, -0.000000000000000000, -1.000000000000000000 ) ) ;
#221 = AXIS2_PLACEMENT_3D ( 'NONE', #4898, #7560, #6683 ) ;
#222 = DIRECTION ( 'NONE',  ( 6.918242433955120338E-16, -1.000000000000000000, 0.000000000000000000 ) ) ;
#223 = ORIENTED_EDGE ( 'NONE', *, *, #8354, .F. ) ;
#224 = EDGE_LOOP ( 'NONE', ( #6362, #6702, #4094, #7930 ) ) ;
#225 = VERTEX_POINT ( 'NONE', #953 ) ;
#226 = COLOUR_RGB ( '',0.7921568627450980005, 0.8196078431372548767, 0.9333333333333333481 ) ;
#227 = CARTESIAN_POINT ( 'NONE',  ( -0.4000000000000000222, 2.493664996716660198E-15, 0.4000000000000000222 ) ) ;
#228 = AXIS2_PLACEMENT_3D ( 'NONE', #5598, #1762, #8255 ) ;
#229 = CARTESIAN_POINT ( 'NONE',  ( 1.812917130661300558, 0.3499999999999998668, 0.4000000000000000222 ) ) ;
#230 = FACE_OUTER_BOUND ( 'NONE', #4443, .T. ) ;
#231 = DIRECTION ( 'NONE',  ( -1.000000000000000000, 0.000000000000000000, 2.409338161078898687E-16 ) ) ;
#232 =( GEOMETRIC_REPRESENTATION_CONTEXT ( 3 ) GLOBAL_UNCERTAINTY_ASSIGNED_CONTEXT ( ( #5960 ) ) GLOBAL_UNIT_ASSIGNED_CONTEXT ( ( #3179, #3350, #39 ) ) REPRESENTATION_CONTEXT ( 'NONE', 'WORKASPACE' ) );
#233 = ORIENTED_EDGE ( 'NONE', *, *, #7044, .T. ) ;
#234 = CIRCLE ( 'NONE', #3016, 0.2249999999999999500 ) ;
#235 = ORIENTED_EDGE ( 'NONE', *, *, #2760, .F. ) ;
#236 = ORIENTED_EDGE ( 'NONE', *, *, #6240, .T. ) ;
#237 = CARTESIAN_POINT ( 'NONE',  ( -3.600000000000000089, 0.000000000000000000, -3.600000000000000089 ) ) ;
#238 = FACE_OUTER_BOUND ( 'NONE', #5850, .T. ) ;
#239 = CARTESIAN_POINT ( 'NONE',  ( 2.225000000000000089, 0.2250000000000040024, 2.000000000000000000 ) ) ;
#240 = PRESENTATION_LAYER_ASSIGNMENT (  '', '', ( #3295 ) ) ;
#241 = EDGE_CURVE ( 'NONE', #3095, #5477, #4918, .T. ) ;
#242 = CARTESIAN_POINT ( 'NONE',  ( 0.1750000000000000167, 0.2250000000000030032, 0.4000000000000000222 ) ) ;
#243 = VERTEX_POINT ( 'NONE', #4774 ) ;
#244 = ADVANCED_FACE ( 'NONE', ( #4861 ), #2167, .T. ) ;
#245 = CIRCLE ( 'NONE', #1210, 0.2249999999999999500 ) ;
#246 = DIRECTION ( 'NONE',  ( -1.000000000000000000, 0.000000000000000000, 0.000000000000000000 ) ) ;
#247 = ADVANCED_FACE ( 'NONE', ( #4948 ), #8269, .T. ) ;
#248 = DIRECTION ( 'NONE',  ( -1.000000000000000000, 0.000000000000000000, 0.000000000000000000 ) ) ;
#249 = DIRECTION ( 'NONE',  ( -1.000000000000000000, -6.938893903907230350E-16, 0.000000000000000000 ) ) ;
#250 = FILL_AREA_STYLE_COLOUR ( '', #7359 ) ;
#251 = EDGE_CURVE ( 'NONE', #1757, #3151, #2139, .T. ) ;
#252 = CIRCLE ( 'NONE', #2468, 0.2249999999999999500 ) ;
#253 = AXIS2_PLACEMENT_3D ( 'NONE', #6454, #7823, #8494 ) ;
#254 = CARTESIAN_POINT ( 'NONE',  ( -1.199999999999999956, 0.2250000000000000056, 0.4000000000000000222 ) ) ;
#255 = EDGE_CURVE ( 'NONE', #1627, #4696, #3541, .T. ) ;
#256 = EDGE_LOOP ( 'NONE', ( #2216, #1136, #196, #4695 ) ) ;
#257 = CARTESIAN_POINT ( 'NONE',  ( -2.421384851884295372E-16, 0.3499999999999999778, 0.000000000000000000 ) ) ;
#258 = VERTEX_POINT ( 'NONE', #8091 ) ;
#259 = CIRCLE ( 'NONE', #7344, 0.1870828693386994146 ) ;
#260 = AXIS2_PLACEMENT_3D ( 'NONE', #738, #6602, #4487 ) ;
#261 = CARTESIAN_POINT ( 'NONE',  ( -1.199999999999999956, 0.2250000000000000056, -0.4000000000000000222 ) ) ;
#262 = FILL_AREA_STYLE_COLOUR ( '', #7348 ) ;
#263 = CARTESIAN_POINT ( 'NONE',  ( -2.000000000000000000, 0.2250000000000000056, 2.799999999999999822 ) ) ;
#264 = AXIS2_PLACEMENT_3D ( 'NONE', #2394, #1792, #6394 ) ;
#265 = AXIS2_PLACEMENT_3D ( 'NONE', #7916, #6511, #7261 ) ;
#266 = DIRECTION ( 'NONE',  ( 0.000000000000000000, 0.000000000000000000, -1.000000000000000000 ) ) ;
#267 = ORIENTED_EDGE ( 'NONE', *, *, #3918, .T. ) ;
#268 = VERTEX_POINT ( 'NONE', #862 ) ;
#269 = ORIENTED_EDGE ( 'NONE', *, *, #4908, .T. ) ;
#270 = AXIS2_PLACEMENT_3D ( 'NONE', #5773, #3774, #8445 ) ;
#271 = AXIS2_PLACEMENT_3D ( 'NONE', #7963, #4648, #4783 ) ;
#272 = DIRECTION ( 'NONE',  ( 5.795304382052420359E-16, -1.000000000000000000, 0.000000000000000000 ) ) ;
#273 = CARTESIAN_POINT ( 'NONE',  ( 0.4000000000000000222, 0.2250000000000030032, 0.4000000000000000222 ) ) ;
#274 = CARTESIAN_POINT ( 'NONE',  ( 2.000000000000000000, 0.3499999999999999778, 1.199999999999999956 ) ) ;
#275 = AXIS2_PLACEMENT_3D ( 'NONE', #163, #5008, #1710 ) ;
#276 = DIRECTION ( 'NONE',  ( 0.000000000000000000, 0.000000000000000000, 1.000000000000000000 ) ) ;
#277 = AXIS2_PLACEMENT_3D ( 'NONE', #5326, #7991, #2704 ) ;
#278 = ORIENTED_EDGE ( 'NONE', *, *, #5733, .F. ) ;
#279 = ORIENTED_EDGE ( 'NONE', *, *, #1625, .T. ) ;
#280 = ORIENTED_EDGE ( 'NONE', *, *, #2100, .F. ) ;
#281 = DIRECTION ( 'NONE',  ( 5.795304382052420359E-16, -1.000000000000000000, 0.000000000000000000 ) ) ;
#282 = DIRECTION ( 'NONE',  ( -1.000000000000000000, 0.000000000000000000, 0.000000000000000000 ) ) ;
#283 = DIRECTION ( 'NONE',  ( -1.000000000000000000, 0.000000000000000000, 0.000000000000000000 ) ) ;
#284 = CIRCLE ( 'NONE', #6536, 0.2249999999999999500 ) ;
#285 = DIRECTION ( 'NONE',  ( -1.224646799147353207E-16, -0.000000000000000000, -1.000000000000000000 ) ) ;
#286 = AXIS2_PLACEMENT_3D ( 'NONE', #2872, #1682, #4319 ) ;
#287 = DIRECTION ( 'NONE',  ( -1.000000000000000000, 0.000000000000000000, 0.000000000000000000 ) ) ;
#288 = VERTEX_POINT ( 'NONE', #7441 ) ;
#289 = DIRECTION ( 'NONE',  ( 6.918242433955120338E-16, -1.000000000000000000, 0.000000000000000000 ) ) ;
#290 = CARTESIAN_POINT ( 'NONE',  ( 1.199999999999999956, 0.2250000000000035028, -2.799999999999999822 ) ) ;
#291 = DIRECTION ( 'NONE',  ( -1.000000000000000000, 0.000000000000000000, 0.000000000000000000 ) ) ;
#292 = ORIENTED_EDGE ( 'NONE', *, *, #85, .F. ) ;
#293 = ORIENTED_EDGE ( 'NONE', *, *, #2710, .F. ) ;
#294 = EDGE_CURVE ( 'NONE', #5409, #1332, #8556, .T. ) ;
#295 = ADVANCED_FACE ( 'NONE', ( #6208 ), #1472, .T. ) ;
#296 = ADVANCED_FACE ( 'NONE', ( #3431 ), #6166, .F. ) ;
#297 = DIRECTION ( 'NONE',  ( -1.000000000000000000, 0.000000000000000000, 2.409338161078899180E-16 ) ) ;
#298 = EDGE_LOOP ( 'NONE', ( #1733, #7256, #5655, #754 ) ) ;
#299 = PRESENTATION_STYLE_ASSIGNMENT (( #8458 ) ) ;
#300 = PLANE ( 'NONE',  #8484 ) ;
#301 = CIRCLE ( 'NONE', #4069, 0.2249999999999999500 ) ;
#302 = CARTESIAN_POINT ( 'NONE',  ( 2.000000000000000000, 0.2250000000000040024, -0.4000000000000000222 ) ) ;
#303 = SURFACE_SIDE_STYLE ('',( #2431 ) ) ;
#304 = ADVANCED_FACE ( 'NONE', ( #6778 ), #5611, .T. ) ;
#305 = FACE_OUTER_BOUND ( 'NONE', #353, .T. ) ;
#306 = CARTESIAN_POINT ( 'NONE',  ( 4.000000000000000000, 0.3499999999999999778, 2.399999999999999911 ) ) ;
#307 = VERTEX_POINT ( 'NONE', #6080 ) ;
#308 = ADVANCED_FACE ( 'NONE', ( #8131 ), #130, .T. ) ;
#309 = CIRCLE ( 'NONE', #8391, 0.2249999999999999500 ) ;
#310 = AXIS2_PLACEMENT_3D ( 'NONE', #2208, #8217, #5900 ) ;
#311 = ORIENTED_EDGE ( 'NONE', *, *, #6897, .T. ) ;
#312 = VERTEX_POINT ( 'NONE', #8222 ) ;
#313 = DIRECTION ( 'NONE',  ( -1.000000000000000000, 0.000000000000000000, 0.000000000000000000 ) ) ;
#314 = DIRECTION ( 'NONE',  ( -1.224646799147353207E-16, -0.000000000000000000, -1.000000000000000000 ) ) ;
#315 = UNCERTAINTY_MEASURE_WITH_UNIT (LENGTH_MEASURE( 1.000000000000000082E-05 ), #7568, 'distance_accuracy_value', 'NONE');
#316 = AXIS2_PLACEMENT_3D ( 'NONE', #7003, #7700, #6342 ) ;
#317 = STYLED_ITEM ( 'NONE', ( #5775 ), #5602 ) ;
#318 = DIRECTION ( 'NONE',  ( -1.224646799147353207E-16, -0.000000000000000000, -1.000000000000000000 ) ) ;
#319 = CARTESIAN_POINT ( 'NONE',  ( 2.187082869338699442, 0.3500000000000000888, 1.199999999999999956 ) ) ;
#320 = VERTEX_POINT ( 'NONE', #4249 ) ;
#321 = ORIENTED_EDGE ( 'NONE', *, *, #8462, .F. ) ;
#322 = ORIENTED_EDGE ( 'NONE', *, *, #3760, .T. ) ;
#323 = AXIS2_PLACEMENT_3D ( 'NONE', #4311, #318, #6969 ) ;
#324 = CARTESIAN_POINT ( 'NONE',  ( -3.412917130661300646, 0.3500000000000000888, 3.600000000000000089 ) ) ;
#325 = DIRECTION ( 'NONE',  ( -1.224646799147353207E-16, -0.000000000000000000, -1.000000000000000000 ) ) ;
#326 = SPHERICAL_SURFACE ( 'NONE', #4662, 0.2250000000000000056 ) ;
#327 = DIRECTION ( 'NONE',  ( 0.000000000000000000, 1.000000000000000000, 0.000000000000000000 ) ) ;
#328 = CLOSED_SHELL ( 'NONE', ( #6947, #8407, #5455, #7644, #3555 ) ) ;
#329 = CARTESIAN_POINT ( 'NONE',  ( 6.400000000000000355, 0.3500000000000044742, 0.8000000000000000444 ) ) ;
#330 = ORIENTED_EDGE ( 'NONE', *, *, #85, .T. ) ;
#331 = SPHERICAL_SURFACE ( 'NONE', #4785, 0.2250000000000000056 ) ;
#332 = DIRECTION ( 'NONE',  ( 0.000000000000000000, 0.000000000000000000, 1.000000000000000000 ) ) ;
#333 = CLOSED_SHELL ( 'NONE', ( #511, #175, #8114, #8002, #807 ) ) ;
#334 = CARTESIAN_POINT ( 'NONE',  ( -1.199999999999999956, 0.2250000000000000056, 2.799999999999999822 ) ) ;
#335 = PRESENTATION_STYLE_ASSIGNMENT (( #3817 ) ) ;
#336 = EDGE_LOOP ( 'NONE', ( #1674, #7516, #6777 ) ) ;
#337 = AXIS2_PLACEMENT_3D ( 'NONE', #3481, #7521, #6954 ) ;
#338 = ORIENTED_EDGE ( 'NONE', *, *, #1735, .T. ) ;
#339 = DIRECTION ( 'NONE',  ( -1.000000000000000000, 0.000000000000000000, 0.000000000000000000 ) ) ;
#340 = ORIENTED_EDGE ( 'NONE', *, *, #3170, .T. ) ;
#341 = CARTESIAN_POINT ( 'NONE',  ( -1.199999999999999956, 0.000000000000000000, 0.4000000000000000222 ) ) ;
#342 = DIRECTION ( 'NONE',  ( -1.000000000000000000, 0.000000000000000000, 0.000000000000000000 ) ) ;
#343 = DIRECTION ( 'NONE',  ( 0.000000000000000000, 0.000000000000000000, -1.000000000000000000 ) ) ;
#344 = AXIS2_PLACEMENT_3D ( 'NONE', #4852, #120, #899 ) ;
#345 = PLANE ( 'NONE',  #5978 ) ;
#346 = ADVANCED_FACE ( 'NONE', ( #6906 ), #5033, .F. ) ;
#347 = DIRECTION ( 'NONE',  ( 1.000000000000000000, 0.000000000000000000, 0.000000000000000000 ) ) ;
#348 = FACE_OUTER_BOUND ( 'NONE', #3349, .T. ) ;
#349 = EDGE_LOOP ( 'NONE', ( #8102, #7794, #352, #3553 ) ) ;
#350 = EDGE_CURVE ( 'NONE', #2402, #2506, #8425, .T. ) ;
#351 = AXIS2_PLACEMENT_3D ( 'NONE', #3838, #4390, #7054 ) ;
#352 = ORIENTED_EDGE ( 'NONE', *, *, #3392, .T. ) ;
#353 = EDGE_LOOP ( 'NONE', ( #2897, #7714 ) ) ;
#354 = ADVANCED_FACE ( 'NONE', ( #5159 ), #1166, .T. ) ;
#355 = DIRECTION ( 'NONE',  ( -1.000000000000000000, 0.000000000000000000, 0.000000000000000000 ) ) ;
#356 =( LENGTH_UNIT ( ) NAMED_UNIT ( * ) SI_UNIT ( .MILLI., .METRE. ) );
#357 = AXIS2_PLACEMENT_3D ( 'NONE', #4242, #7779, #3639 ) ;
#358 = ADVANCED_FACE ( 'NONE', ( #3734 ), #515, .T. ) ;
#359 = DIRECTION ( 'NONE',  ( -0.000000000000000000, -0.000000000000000000, -1.000000000000000000 ) ) ;
#360 = ADVANCED_FACE ( 'NONE', ( #5700 ), #6384, .T. ) ;
#361 = DIRECTION ( 'NONE',  ( -1.000000000000000000, 0.000000000000000000, 0.000000000000000000 ) ) ;
#362 = ORIENTED_EDGE ( 'NONE', *, *, #3328, .F. ) ;
#363 = ORIENTED_EDGE ( 'NONE', *, *, #2365, .F. ) ;
#364 = ORIENTED_EDGE ( 'NONE', *, *, #6250, .F. ) ;
#365 = COLOUR_RGB ( '',0.7921568627450980005, 0.8196078431372548767, 0.9333333333333333481 ) ;
#366 = CIRCLE ( 'NONE', #1759, 0.2249999999999999500 ) ;
#367 = CARTESIAN_POINT ( 'NONE',  ( 3.824999999999999734, 0.2250000000000049738, -4.400000000000000355 ) ) ;
#368 = CARTESIAN_POINT ( 'NONE',  ( 2.000000000000000000, 0.2250000000000040024, -1.199999999999999956 ) ) ;
#369 = DIRECTION ( 'NONE',  ( 5.795304382052420359E-16, -1.000000000000000000, 0.000000000000000000 ) ) ;
#370 = AXIS2_PLACEMENT_3D ( 'NONE', #2771, #6056, #8148 ) ;
#371 = CARTESIAN_POINT ( 'NONE',  ( 4.500000000000007105, -8.999999999999998224, 5.500000000000000000 ) ) ;
#372 = DIRECTION ( 'NONE',  ( 1.000000000000000000, 0.000000000000000000, 0.000000000000000000 ) ) ;
#373 = FACE_OUTER_BOUND ( 'NONE', #4020, .T. ) ;
#374 = STYLED_ITEM ( 'NONE', ( #6395 ), #2410 ) ;
#375 = DIRECTION ( 'NONE',  ( 1.000000000000000000, 0.000000000000000000, 0.000000000000000000 ) ) ;
#376 = SURFACE_STYLE_USAGE ( .BOTH. , #8311 ) ;
#377 = SURFACE_SIDE_STYLE ('',( #8135 ) ) ;
#378 = CIRCLE ( 'NONE', #1490, 0.1870828693386994979 ) ;
#379 = AXIS2_PLACEMENT_3D ( 'NONE', #7173, #3215, #1207 ) ;
#380 = ORIENTED_EDGE ( 'NONE', *, *, #8559, .T. ) ;
#381 = ORIENTED_EDGE ( 'NONE', *, *, #2697, .F. ) ;
#382 = FACE_OUTER_BOUND ( 'NONE', #708, .T. ) ;
#383 = ORIENTED_EDGE ( 'NONE', *, *, #3807, .T. ) ;
#384 =( NAMED_UNIT ( * ) SI_UNIT ( $, .STERADIAN. ) SOLID_ANGLE_UNIT ( ) );
#385 = AXIS2_PLACEMENT_3D ( 'NONE', #8253, #8157, #7634 ) ;
#386 = DIRECTION ( 'NONE',  ( -1.000000000000000000, 0.000000000000000000, 0.000000000000000000 ) ) ;
#387 = CIRCLE ( 'NONE', #7760, 0.1870828693386989983 ) ;
#388 = PRESENTATION_STYLE_ASSIGNMENT (( #6340 ) ) ;
#389 =( LENGTH_UNIT ( ) NAMED_UNIT ( * ) SI_UNIT ( .MILLI., .METRE. ) );
#390 = CARTESIAN_POINT ( 'NONE',  ( -2.799999999999999822, 0.2250000000000000056, 4.400000000000000355 ) ) ;
#391 = AXIS2_PLACEMENT_3D ( 'NONE', #4449, #7244, #5183 ) ;
#392 = CARTESIAN_POINT ( 'NONE',  ( -2.000000000000000000, 0.3499999999999999778, 1.199999999999999956 ) ) ;
#393 = AXIS2_PLACEMENT_3D ( 'NONE', #8435, #4448, #7111 ) ;
#394 = EDGE_LOOP ( 'NONE', ( #7036, #7731, #8080, #3924 ) ) ;
#395 = CARTESIAN_POINT ( 'NONE',  ( 0.9749999999999999778, 0.2250000000000035028, -1.199999999999999956 ) ) ;
#396 = ORIENTED_EDGE ( 'NONE', *, *, #4340, .T. ) ;
#397 = PRESENTATION_STYLE_ASSIGNMENT (( #1789 ) ) ;
#398 = EDGE_CURVE ( 'NONE', #1952, #3616, #750, .T. ) ;
#399 = DIRECTION ( 'NONE',  ( -1.224646799147353207E-16, -0.000000000000000000, -1.000000000000000000 ) ) ;
#400 = SPHERICAL_SURFACE ( 'NONE', #6230, 0.2250000000000000056 ) ;
#401 = UNCERTAINTY_MEASURE_WITH_UNIT (LENGTH_MEASURE( 1.000000000000000082E-05 ), #1995, 'distance_accuracy_value', 'NONE');
#402 =( GEOMETRIC_REPRESENTATION_CONTEXT ( 3 ) GLOBAL_UNCERTAINTY_ASSIGNED_CONTEXT ( ( #6055 ) ) GLOBAL_UNIT_ASSIGNED_CONTEXT ( ( #2847, #3526, #5576 ) ) REPRESENTATION_CONTEXT ( 'NONE', 'WORKASPACE' ) );
#403 = SPHERICAL_SURFACE ( 'NONE', #4997, 0.2250000000000000056 ) ;
#404 = AXIS2_PLACEMENT_3D ( 'NONE', #2494, #7805, #7712 ) ;
#405 = DIRECTION ( 'NONE',  ( 1.000000000000000000, 0.000000000000000000, 0.000000000000000000 ) ) ;
#406 = ADVANCED_FACE ( 'NONE', ( #1127 ), #2467, .T. ) ;
#407 = FACE_OUTER_BOUND ( 'NONE', #7572, .T. ) ;
#408 = VERTEX_POINT ( 'NONE', #1034 ) ;
#409 = ORIENTED_EDGE ( 'NONE', *, *, #1573, .T. ) ;
#410 = ORIENTED_EDGE ( 'NONE', *, *, #3119, .F. ) ;
#411 = AXIS2_PLACEMENT_3D ( 'NONE', #767, #3425, #6813 ) ;
#412 = AXIS2_PLACEMENT_3D ( 'NONE', #1566, #8278, #5485 ) ;
#413 = EDGE_CURVE ( 'NONE', #1921, #761, #4362, .T. ) ;
#414 = ADVANCED_FACE ( 'NONE', ( #382 ), #6424, .F. ) ;
#415 = CARTESIAN_POINT ( 'NONE',  ( 1.199999999999999956, 0.2250000000000035028, -2.000000000000000000 ) ) ;
#416 = SPHERICAL_SURFACE ( 'NONE', #7768, 0.2250000000000000056 ) ;
#417 = ADVANCED_FACE ( 'NONE', ( #7692 ), #8369, .T. ) ;
#418 = DIRECTION ( 'NONE',  ( 1.000000000000000000, 5.795304382052431206E-16, 0.000000000000000000 ) ) ;
#419 = SURFACE_SIDE_STYLE ('',( #7203 ) ) ;
#420 = CIRCLE ( 'NONE', #2079, 0.2249999999999999500 ) ;
#421 = DIRECTION ( 'NONE',  ( 5.795304382052420359E-16, -1.000000000000000000, 0.000000000000000000 ) ) ;
#422 = ADVANCED_FACE ( 'NONE', ( #2378 ), #5118, .F. ) ;
#423 = CARTESIAN_POINT ( 'NONE',  ( 0.4000000000000000222, 0.2250000000000030032, 2.799999999999999822 ) ) ;
#424 = CARTESIAN_POINT ( 'NONE',  ( 0.4000000000000000222, 0.2250000000000030032, 2.000000000000000000 ) ) ;
#425 = MECHANICAL_DESIGN_GEOMETRIC_PRESENTATION_REPRESENTATION (  '', ( #3064 ), #2939 ) ;
#426 =( GEOMETRIC_REPRESENTATION_CONTEXT ( 3 ) GLOBAL_UNCERTAINTY_ASSIGNED_CONTEXT ( ( #4562 ) ) GLOBAL_UNIT_ASSIGNED_CONTEXT ( ( #8353, #1848, #6406 ) ) REPRESENTATION_CONTEXT ( 'NONE', 'WORKASPACE' ) );
#427 = DIRECTION ( 'NONE',  ( 1.000000000000000000, 5.795304382052431206E-16, 0.000000000000000000 ) ) ;
#428 = CARTESIAN_POINT ( 'NONE',  ( 1.199999999999999956, 0.2250000000000035028, -1.199999999999999956 ) ) ;
#429 = DIRECTION ( 'NONE',  ( 5.795304382052420359E-16, -1.000000000000000000, 0.000000000000000000 ) ) ;
#430 = LINE ( 'NONE', #4540, #8059 ) ;
#431 = CIRCLE ( 'NONE', #1124, 0.2249999999999999500 ) ;
#432 = ORIENTED_EDGE ( 'NONE', *, *, #1209, .F. ) ;
#433 = ORIENTED_EDGE ( 'NONE', *, *, #3429, .F. ) ;
#434 = CARTESIAN_POINT ( 'NONE',  ( 2.000000000000000000, 0.2250000000000040024, -2.799999999999999822 ) ) ;
#435 = CARTESIAN_POINT ( 'NONE',  ( 3.787082869338699531, 0.3500000000000000888, -3.600000000000000089 ) ) ;
#436 =( NAMED_UNIT ( * ) SI_UNIT ( $, .STERADIAN. ) SOLID_ANGLE_UNIT ( ) );
#437 = SPHERICAL_SURFACE ( 'NONE', #7540, 0.2250000000000000056 ) ;
#438 = DIRECTION ( 'NONE',  ( -0.000000000000000000, -0.000000000000000000, -1.000000000000000000 ) ) ;
#439 = EDGE_LOOP ( 'NONE', ( #1324, #4595, #3432 ) ) ;
#440 = ORIENTED_EDGE ( 'NONE', *, *, #5030, .T. ) ;
#441 = EDGE_LOOP ( 'NONE', ( #578, #7140, #7420 ) ) ;
#442 = FILL_AREA_STYLE ('',( #7053 ) ) ;
#443 = CARTESIAN_POINT ( 'NONE',  ( -0.4000000000000000222, 0.2250000000000024758, 2.000000000000000000 ) ) ;
#444 = CARTESIAN_POINT ( 'NONE',  ( -1.012917130661300957, 0.3500000000000000888, 2.799999999999999822 ) ) ;
#445 = CARTESIAN_POINT ( 'NONE',  ( 3.600000000000000089, 0.2250000000000049738, -3.600000000000000089 ) ) ;
#446 = DIRECTION ( 'NONE',  ( 0.000000000000000000, 1.000000000000000000, 0.000000000000000000 ) ) ;
#447 = CARTESIAN_POINT ( 'NONE',  ( 1.199999999999999956, 0.2250000000000035028, 2.000000000000000000 ) ) ;
#448 = AXIS2_PLACEMENT_3D ( 'NONE', #5176, #1873, #3708 ) ;
#449 =( GEOMETRIC_REPRESENTATION_CONTEXT ( 3 ) GLOBAL_UNCERTAINTY_ASSIGNED_CONTEXT ( ( #4733 ) ) GLOBAL_UNIT_ASSIGNED_CONTEXT ( ( #7000, #910, #1700 ) ) REPRESENTATION_CONTEXT ( 'NONE', 'WORKASPACE' ) );
#450 = CARTESIAN_POINT ( 'NONE',  ( -1.199999999999999956, 0.2250000000000000056, -0.4000000000000000222 ) ) ;
#451 = ORIENTED_EDGE ( 'NONE', *, *, #5922, .T. ) ;
#452 = ORIENTED_EDGE ( 'NONE', *, *, #6576, .F. ) ;
#453 = ORIENTED_EDGE ( 'NONE', *, *, #7264, .F. ) ;
#454 =( LENGTH_UNIT ( ) NAMED_UNIT ( * ) SI_UNIT ( .MILLI., .METRE. ) );
#455 = DIRECTION ( 'NONE',  ( 5.795304382052420359E-16, -1.000000000000000000, 0.000000000000000000 ) ) ;
#456 = SPHERICAL_SURFACE ( 'NONE', #5389, 0.2250000000000000056 ) ;
#457 = AXIS2_PLACEMENT_3D ( 'NONE', #165, #3979, #3378 ) ;
#458 = MECHANICAL_DESIGN_GEOMETRIC_PRESENTATION_REPRESENTATION (  '', ( #1974 ), #6555 ) ;
#459 = DIRECTION ( 'NONE',  ( -1.000000000000000000, 0.000000000000000000, 0.000000000000000000 ) ) ;
#460 = EDGE_CURVE ( 'NONE', #8589, #536, #3943, .T. ) ;
#461 = CARTESIAN_POINT ( 'NONE',  ( 2.187082869338699442, 0.3500000000000000888, 0.3999999999999999667 ) ) ;
#462 = EDGE_CURVE ( 'NONE', #7330, #3685, #55, .T. ) ;
#463 = FACE_OUTER_BOUND ( 'NONE', #2945, .T. ) ;
#464 = CIRCLE ( 'NONE', #3798, 0.2249999999999999500 ) ;
#465 = EDGE_CURVE ( 'NONE', #6816, #7218, #5318, .T. ) ;
#466 = DIRECTION ( 'NONE',  ( -1.000000000000000000, 0.000000000000000000, 0.000000000000000000 ) ) ;
#467 = DIRECTION ( 'NONE',  ( -6.938893903907230350E-16, 1.000000000000000000, 0.000000000000000000 ) ) ;
#468 = SURFACE_STYLE_USAGE ( .BOTH. , #6868 ) ;
#469 = CARTESIAN_POINT ( 'NONE',  ( 1.199999999999999956, 0.2250000000000035028, 1.199999999999999956 ) ) ;
#470 = ADVANCED_FACE ( 'NONE', ( #5654 ), #3214, .T. ) ;
#471 = ORIENTED_EDGE ( 'NONE', *, *, #3434, .T. ) ;
#472 = EDGE_CURVE ( 'NONE', #4501, #4901, #1588, .T. ) ;
#473 = ORIENTED_EDGE ( 'NONE', *, *, #1681, .T. ) ;
#474 = CIRCLE ( 'NONE', #7705, 0.2249999999999999500 ) ;
#475 = CARTESIAN_POINT ( 'NONE',  ( 1.600000000000000089, 0.3499999999999999778, 5.599999999999999645 ) ) ;
#476 = CARTESIAN_POINT ( 'NONE',  ( 2.000000000000000000, 0.2250000000000040024, -0.4000000000000000222 ) ) ;
#477 = PRESENTATION_STYLE_ASSIGNMENT (( #1863 ) ) ;
#478 = CARTESIAN_POINT ( 'NONE',  ( 1.387082869338698954, 0.3500000000000000888, -2.000000000000000000 ) ) ;
#479 = AXIS2_PLACEMENT_3D ( 'NONE', #3564, #1651, #2293 ) ;
#480 = DIRECTION ( 'NONE',  ( 5.795304382052420359E-16, -1.000000000000000000, 0.000000000000000000 ) ) ;
#481 = EDGE_LOOP ( 'NONE', ( #6131, #451, #2095 ) ) ;
#482 = CARTESIAN_POINT ( 'NONE',  ( -0.4000000000000000222, 0.2250000000000024758, -2.799999999999999822 ) ) ;
#483 = ORIENTED_EDGE ( 'NONE', *, *, #6293, .T. ) ;
#484 = CARTESIAN_POINT ( 'NONE',  ( 2.799999999999999822, 0.2250000000000045020, -3.600000000000000089 ) ) ;
#485 = AXIS2_PLACEMENT_3D ( 'NONE', #3825, #991, #7736 ) ;
#486 = UNCERTAINTY_MEASURE_WITH_UNIT (LENGTH_MEASURE( 1.000000000000000082E-05 ), #4309, 'distance_accuracy_value', 'NONE');
#487 = SPHERICAL_SURFACE ( 'NONE', #3713, 0.2250000000000000056 ) ;
#488 = FILL_AREA_STYLE ('',( #531 ) ) ;
#489 = DIRECTION ( 'NONE',  ( -1.000000000000000000, 0.000000000000000000, 0.000000000000000000 ) ) ;
#490 = FACE_OUTER_BOUND ( 'NONE', #4959, .T. ) ;
#491 = VERTEX_POINT ( 'NONE', #69 ) ;
#492 = EDGE_LOOP ( 'NONE', ( #233, #7750, #1360, #3398 ) ) ;
#493 = ORIENTED_EDGE ( 'NONE', *, *, #1299, .T. ) ;
#494 = DIRECTION ( 'NONE',  ( 0.000000000000000000, 0.000000000000000000, -1.000000000000000000 ) ) ;
#495 = CARTESIAN_POINT ( 'NONE',  ( -2.000000000000000000, 0.2250000000000000056, 2.799999999999999822 ) ) ;
#496 = CIRCLE ( 'NONE', #1047, 0.1870828693386994146 ) ;
#497 = CARTESIAN_POINT ( 'NONE',  ( 2.000000000000000000, 0.2250000000000040024, 2.799999999999999822 ) ) ;
#498 = SURFACE_STYLE_USAGE ( .BOTH. , #3719 ) ;
#499 = SPHERICAL_SURFACE ( 'NONE', #6012, 0.2250000000000000056 ) ;
#500 = DIRECTION ( 'NONE',  ( 1.000000000000000000, 5.795304382052429234E-16, 0.000000000000000000 ) ) ;
#501 = PRESENTATION_LAYER_ASSIGNMENT (  '', '', ( #6465 ) ) ;
#502 = AXIS2_PLACEMENT_3D ( 'NONE', #16, #2559, #6543 ) ;
#503 = FACE_OUTER_BOUND ( 'NONE', #68, .T. ) ;
#504 = DIRECTION ( 'NONE',  ( 1.000000000000000000, 5.795304382052416415E-16, 0.000000000000000000 ) ) ;
#505 = ADVANCED_FACE ( 'NONE', ( #24 ), #3380, .T. ) ;
#506 = SPHERICAL_SURFACE ( 'NONE', #3138, 0.2250000000000000056 ) ;
#507 = PRESENTATION_LAYER_ASSIGNMENT (  '', '', ( #3701 ) ) ;
#508 = AXIS2_PLACEMENT_3D ( 'NONE', #8209, #8352, #7554 ) ;
#509 = DIRECTION ( 'NONE',  ( 6.918242433955120338E-16, -1.000000000000000000, 0.000000000000000000 ) ) ;
#510 = ORIENTED_EDGE ( 'NONE', *, *, #7165, .T. ) ;
#511 = ADVANCED_FACE ( 'NONE', ( #5277 ), #1285, .T. ) ;
#512 = VERTEX_POINT ( 'NONE', #1982 ) ;
#513 = AXIS2_PLACEMENT_3D ( 'NONE', #6551, #6636, #3941 ) ;
#514 = CIRCLE ( 'NONE', #6336, 0.2249999999999999500 ) ;
#515 = SPHERICAL_SURFACE ( 'NONE', #6311, 0.2250000000000000056 ) ;
#516 = CARTESIAN_POINT ( 'NONE',  ( 1.424999999999999822, 0.2250000000000035028, 2.799999999999999822 ) ) ;
#517 = ADVANCED_FACE ( 'NONE', ( #3297 ), #1325, .T. ) ;
#518 = EDGE_CURVE ( 'NONE', #6816, #7887, #5626, .T. ) ;
#519 = FILL_AREA_STYLE_COLOUR ( '', #6814 ) ;
#520 = AXIS2_PLACEMENT_3D ( 'NONE', #4805, #6771, #1381 ) ;
#521 = DIRECTION ( 'NONE',  ( -1.000000000000000000, 0.000000000000000000, 0.000000000000000000 ) ) ;
#522 = CIRCLE ( 'NONE', #2613, 0.2249999999999999500 ) ;
#523 = CARTESIAN_POINT ( 'NONE',  ( 2.000000000000000000, 0.3499999999999999778, 0.4000000000000000222 ) ) ;
#524 = ORIENTED_EDGE ( 'NONE', *, *, #4221, .F. ) ;
#525 = ORIENTED_EDGE ( 'NONE', *, *, #2859, .F. ) ;
#526 = ORIENTED_EDGE ( 'NONE', *, *, #4436, .F. ) ;
#527 = AXIS2_PLACEMENT_3D ( 'NONE', #2826, #5461, #3330 ) ;
#528 = CARTESIAN_POINT ( 'NONE',  ( 2.000000000000000000, 0.3499999999999999778, -1.199999999999999956 ) ) ;
#529 = DIRECTION ( 'NONE',  ( -1.000000000000000000, 0.000000000000000000, 0.000000000000000000 ) ) ;
#530 = CARTESIAN_POINT ( 'NONE',  ( -2.000000000000000000, 0.2250000000000000056, -2.000000000000000000 ) ) ;
#531 = FILL_AREA_STYLE_COLOUR ( '', #5972 ) ;
#532 = AXIS2_PLACEMENT_3D ( 'NONE', #2193, #4843, #977 ) ;
#533 = AXIS2_PLACEMENT_3D ( 'NONE', #2985, #8296, #4316 ) ;
#534 = DIRECTION ( 'NONE',  ( -0.000000000000000000, -0.000000000000000000, -1.000000000000000000 ) ) ;
#535 = DIRECTION ( 'NONE',  ( -6.918242433955120338E-16, 1.000000000000000000, -0.000000000000000000 ) ) ;
#536 = VERTEX_POINT ( 'NONE', #5197 ) ;
#537 = ORIENTED_EDGE ( 'NONE', *, *, #6144, .F. ) ;
#538 = EDGE_LOOP ( 'NONE', ( #4664, #2588, #4592 ) ) ;
#539 = AXIS2_PLACEMENT_3D ( 'NONE', #2449, #1807, #1147 ) ;
#540 = AXIS2_PLACEMENT_3D ( 'NONE', #6386, #4422, #2380 ) ;
#541 = DIRECTION ( 'NONE',  ( 6.918242433955120338E-16, -1.000000000000000000, 0.000000000000000000 ) ) ;
#542 = DIRECTION ( 'NONE',  ( -1.000000000000000000, 0.000000000000000000, 0.000000000000000000 ) ) ;
#543 = DIRECTION ( 'NONE',  ( 1.000000000000000000, 5.795304382052416415E-16, 0.000000000000000000 ) ) ;
#544 = ADVANCED_FACE ( 'NONE', ( #1944 ), #6635, .T. ) ;
#545 = COLOUR_RGB ( '',0.7921568627450980005, 0.8196078431372548767, 0.9333333333333333481 ) ;
#546 = DIRECTION ( 'NONE',  ( -1.224646799147353207E-16, -0.000000000000000000, -1.000000000000000000 ) ) ;
#547 = AXIS2_PLACEMENT_3D ( 'NONE', #1015, #1672, #361 ) ;
#548 = CARTESIAN_POINT ( 'NONE',  ( 2.187082869338699442, 0.3500000000000000888, 2.799999999999999822 ) ) ;
#549 = DIRECTION ( 'NONE',  ( -1.000000000000000000, 0.000000000000000000, 0.000000000000000000 ) ) ;
#550 = DIRECTION ( 'NONE',  ( -1.000000000000000000, 0.000000000000000000, 0.000000000000000000 ) ) ;
#551 = AXIS2_PLACEMENT_3D ( 'NONE', #1002, #1527, #2935 ) ;
#552 = CARTESIAN_POINT ( 'NONE',  ( 5.599999999999999645, 0.3499999999999999778, 5.599999999999999645 ) ) ;
#553 = DIRECTION ( 'NONE',  ( 6.918242433955120338E-16, -1.000000000000000000, 0.000000000000000000 ) ) ;
#554 = DIRECTION ( 'NONE',  ( 0.000000000000000000, 1.000000000000000000, 0.000000000000000000 ) ) ;
#555 = VERTEX_POINT ( 'NONE', #6592 ) ;
#556 =( GEOMETRIC_REPRESENTATION_CONTEXT ( 3 ) GLOBAL_UNCERTAINTY_ASSIGNED_CONTEXT ( ( #5006 ) ) GLOBAL_UNIT_ASSIGNED_CONTEXT ( ( #2018, #6628, #1370 ) ) REPRESENTATION_CONTEXT ( 'NONE', 'WORKASPACE' ) );
#557 = CIRCLE ( 'NONE', #7784, 0.1870828693386989983 ) ;
#558 = CARTESIAN_POINT ( 'NONE',  ( -0.4000000000000000222, 0.2250000000000024758, 1.199999999999999956 ) ) ;
#559 = CARTESIAN_POINT ( 'NONE',  ( -1.012917130661300957, 0.3500000000000000888, -0.4000000000000000777 ) ) ;
#560 = DIRECTION ( 'NONE',  ( 1.000000000000000000, 0.000000000000000000, 0.000000000000000000 ) ) ;
#561 = STYLED_ITEM ( 'NONE', ( #3752 ), #8450 ) ;
#562 =( GEOMETRIC_REPRESENTATION_CONTEXT ( 3 ) GLOBAL_UNCERTAINTY_ASSIGNED_CONTEXT ( ( #135 ) ) GLOBAL_UNIT_ASSIGNED_CONTEXT ( ( #1371, #6629, #7980 ) ) REPRESENTATION_CONTEXT ( 'NONE', 'WORKASPACE' ) );
#563 = EDGE_CURVE ( 'NONE', #7016, #6926, #1597, .T. ) ;
#564 = ADVANCED_FACE ( 'NONE', ( #2742 ), #7911, .F. ) ;
#565 = ORIENTED_EDGE ( 'NONE', *, *, #5187, .F. ) ;
#566 = EDGE_LOOP ( 'NONE', ( #7934, #1907, #2634 ) ) ;
#567 = ORIENTED_EDGE ( 'NONE', *, *, #827, .F. ) ;
#568 = CIRCLE ( 'NONE', #5574, 0.2249999999999999500 ) ;
#569 = FILL_AREA_STYLE ('',( #7354 ) ) ;
#570 = CARTESIAN_POINT ( 'NONE',  ( -2.799999999999999822, 0.2250000000000000056, 4.400000000000000355 ) ) ;
#571 = ADVANCED_FACE ( 'NONE', ( #1248 ), #4586, .T. ) ;
#572 = UNCERTAINTY_MEASURE_WITH_UNIT (LENGTH_MEASURE( 1.000000000000000082E-05 ), #7498, 'distance_accuracy_value', 'NONE');
#573 = DIRECTION ( 'NONE',  ( -1.000000000000000000, 0.000000000000000000, 0.000000000000000000 ) ) ;
#574 = DIRECTION ( 'NONE',  ( -1.000000000000000000, 0.000000000000000000, 0.000000000000000000 ) ) ;
#575 = EDGE_CURVE ( 'NONE', #2666, #6547, #5768, .T. ) ;
#576 = FACE_OUTER_BOUND ( 'NONE', #5593, .T. ) ;
#577 = ORIENTED_EDGE ( 'NONE', *, *, #1781, .T. ) ;
#578 = ORIENTED_EDGE ( 'NONE', *, *, #8453, .F. ) ;
#579 = VERTEX_POINT ( 'NONE', #3255 ) ;
#580 = CARTESIAN_POINT ( 'NONE',  ( -0.4000000000000000222, 0.2250000000000024758, 2.000000000000000000 ) ) ;
#581 = CARTESIAN_POINT ( 'NONE',  ( -2.000000000000000000, 0.2250000000000000056, 2.000000000000000000 ) ) ;
#582 = AXIS2_PLACEMENT_3D ( 'NONE', #6841, #4186, #7542 ) ;
#583 = STYLED_ITEM ( 'NONE', ( #4553 ), #5480 ) ;
#584 = SPHERICAL_SURFACE ( 'NONE', #2397, 0.2250000000000000056 ) ;
#585 = AXIS2_PLACEMENT_3D ( 'NONE', #5919, #3955, #1958 ) ;
#586 = SPHERICAL_SURFACE ( 'NONE', #1745, 0.2250000000000000056 ) ;
#587 = COLOUR_RGB ( '',0.7921568627450980005, 0.8196078431372548767, 0.9333333333333333481 ) ;
#588 = DIRECTION ( 'NONE',  ( 6.918242433955120338E-16, -1.000000000000000000, 0.000000000000000000 ) ) ;
#589 = FACE_OUTER_BOUND ( 'NONE', #6919, .T. ) ;
#590 =( NAMED_UNIT ( * ) PLANE_ANGLE_UNIT ( ) SI_UNIT ( $, .RADIAN. ) );
#591 = AXIS2_PLACEMENT_3D ( 'NONE', #1683, #3721, #981 ) ;
#592 = ORIENTED_EDGE ( 'NONE', *, *, #518, .T. ) ;
#593 = DIRECTION ( 'NONE',  ( 1.000000000000000000, 0.000000000000000000, 0.000000000000000000 ) ) ;
#594 = CARTESIAN_POINT ( 'NONE',  ( 1.199999999999999956, 0.2250000000000035028, -1.199999999999999956 ) ) ;
#595 = CIRCLE ( 'NONE', #1718, 0.2249999999999999500 ) ;
#596 = DIRECTION ( 'NONE',  ( -1.000000000000000000, 0.000000000000000000, 0.000000000000000000 ) ) ;
#597 =( NAMED_UNIT ( * ) PLANE_ANGLE_UNIT ( ) SI_UNIT ( $, .RADIAN. ) );
#598 = CLOSED_SHELL ( 'NONE', ( #5137, #7957, #6266, #5832, #6180 ) ) ;
#599 = DIRECTION ( 'NONE',  ( -0.000000000000000000, -0.000000000000000000, -1.000000000000000000 ) ) ;
#600 = ORIENTED_EDGE ( 'NONE', *, *, #5833, .F. ) ;
#601 = PLANE ( 'NONE',  #1865 ) ;
#602 = ORIENTED_EDGE ( 'NONE', *, *, #3493, .T. ) ;
#603 =( NAMED_UNIT ( * ) SI_UNIT ( $, .STERADIAN. ) SOLID_ANGLE_UNIT ( ) );
#604 = DIRECTION ( 'NONE',  ( -6.938893903907230350E-16, 1.000000000000000000, 0.000000000000000000 ) ) ;
#605 = EDGE_CURVE ( 'NONE', #2012, #2228, #5196, .T. ) ;
#606 = CIRCLE ( 'NONE', #4628, 0.2249999999999999500 ) ;
#607 =( LENGTH_UNIT ( ) NAMED_UNIT ( * ) SI_UNIT ( .MILLI., .METRE. ) );
#608 = DIRECTION ( 'NONE',  ( 0.000000000000000000, 1.000000000000000000, 0.000000000000000000 ) ) ;
#609 = ADVANCED_FACE ( 'NONE', ( #5372 ), #2614, .F. ) ;
#610 = CARTESIAN_POINT ( 'NONE',  ( 2.000000000000000000, 0.2250000000000040024, -2.799999999999999822 ) ) ;
#611 = ORIENTED_EDGE ( 'NONE', *, *, #7006, .T. ) ;
#612 = AXIS2_PLACEMENT_3D ( 'NONE', #3524, #173, #5570 ) ;
#613 = EDGE_CURVE ( 'NONE', #4138, #7713, #4234, .T. ) ;
#614 = ORIENTED_EDGE ( 'NONE', *, *, #398, .F. ) ;
#615 = ORIENTED_EDGE ( 'NONE', *, *, #1195, .F. ) ;
#616 = FILL_AREA_STYLE ('',( #7369 ) ) ;
#617 = EDGE_CURVE ( 'NONE', #3697, #1459, #5511, .T. ) ;
#618 = DIRECTION ( 'NONE',  ( 0.000000000000000000, 1.000000000000000000, 0.000000000000000000 ) ) ;
#619 = AXIS2_PLACEMENT_3D ( 'NONE', #4456, #7641, #5691 ) ;
#620 = EDGE_CURVE ( 'NONE', #7556, #4711, #8430, .T. ) ;
#621 = DIRECTION ( 'NONE',  ( -1.000000000000000000, 0.000000000000000000, 0.000000000000000000 ) ) ;
#622 = DIRECTION ( 'NONE',  ( -1.000000000000000000, 0.000000000000000000, 0.000000000000000000 ) ) ;
#623 = VERTEX_POINT ( 'NONE', #2917 ) ;
#624 = CIRCLE ( 'NONE', #7443, 0.2250000000000000056 ) ;
#625 = DIRECTION ( 'NONE',  ( -0.000000000000000000, -0.000000000000000000, -1.000000000000000000 ) ) ;
#626 = CARTESIAN_POINT ( 'NONE',  ( -2.000000000000000000, 0.3499999999999999778, 0.4000000000000000222 ) ) ;
#627 = CARTESIAN_POINT ( 'NONE',  ( 0.4000000000000000222, 0.2250000000000030032, 1.199999999999999956 ) ) ;
#628 = DIRECTION ( 'NONE',  ( -1.224646799147353207E-16, -0.000000000000000000, -1.000000000000000000 ) ) ;
#629 = CIRCLE ( 'NONE', #4244, 0.1870828693386989983 ) ;
#630 = DIRECTION ( 'NONE',  ( -1.000000000000000000, 0.000000000000000000, 0.000000000000000000 ) ) ;
#631 = ORIENTED_EDGE ( 'NONE', *, *, #3120, .F. ) ;
#632 = DIRECTION ( 'NONE',  ( 6.918242433955120338E-16, -1.000000000000000000, 0.000000000000000000 ) ) ;
#633 =( GEOMETRIC_REPRESENTATION_CONTEXT ( 3 ) GLOBAL_UNCERTAINTY_ASSIGNED_CONTEXT ( ( #2580 ) ) GLOBAL_UNIT_ASSIGNED_CONTEXT ( ( #2116, #5371, #2072 ) ) REPRESENTATION_CONTEXT ( 'NONE', 'WORKASPACE' ) );
#634 = DIRECTION ( 'NONE',  ( -1.224646799147353207E-16, -0.000000000000000000, -1.000000000000000000 ) ) ;
#635 = CIRCLE ( 'NONE', #5506, 0.2249999999999999500 ) ;
#636 = DIRECTION ( 'NONE',  ( 0.000000000000000000, 0.000000000000000000, 1.000000000000000000 ) ) ;
#637 =( LENGTH_UNIT ( ) NAMED_UNIT ( * ) SI_UNIT ( .MILLI., .METRE. ) );
#638 = CIRCLE ( 'NONE', #370, 0.2249999999999999500 ) ;
#639 = DIRECTION ( 'NONE',  ( -6.938893903907231336E-16, 1.000000000000000000, 0.000000000000000000 ) ) ;
#640 = ORIENTED_EDGE ( 'NONE', *, *, #7491, .T. ) ;
#641 = FACE_OUTER_BOUND ( 'NONE', #3801, .T. ) ;
#642 = VERTEX_POINT ( 'NONE', #4240 ) ;
#643 = DIRECTION ( 'NONE',  ( 1.000000000000000000, 5.795304382052416415E-16, 0.000000000000000000 ) ) ;
#644 = CIRCLE ( 'NONE', #2747, 0.2249999999999999500 ) ;
#645 = PLANE ( 'NONE',  #127 ) ;
#646 = PRESENTATION_LAYER_ASSIGNMENT (  '', '', ( #5221 ) ) ;
#647 = UNCERTAINTY_MEASURE_WITH_UNIT (LENGTH_MEASURE( 1.000000000000000082E-05 ), #5336, 'distance_accuracy_value', 'NONE');
#648 = SPHERICAL_SURFACE ( 'NONE', #7328, 0.2250000000000000056 ) ;
#649 =( LENGTH_UNIT ( ) NAMED_UNIT ( * ) SI_UNIT ( .MILLI., .METRE. ) );
#650 = CARTESIAN_POINT ( 'NONE',  ( -1.387082869338698954, 0.3499999999999998668, 2.799999999999999822 ) ) ;
#651 = DIRECTION ( 'NONE',  ( 6.918242433955120338E-16, -1.000000000000000000, 0.000000000000000000 ) ) ;
#652 = AXIS2_PLACEMENT_3D ( 'NONE', #7251, #7937, #7862 ) ;
#653 = VERTEX_POINT ( 'NONE', #4725 ) ;
#654 = ADVANCED_FACE ( 'NONE', ( #3517 ), #167, .T. ) ;
#655 = ORIENTED_EDGE ( 'NONE', *, *, #40, .T. ) ;
#656 = ORIENTED_EDGE ( 'NONE', *, *, #2149, .F. ) ;
#657 =( LENGTH_UNIT ( ) NAMED_UNIT ( * ) SI_UNIT ( .MILLI., .METRE. ) );
#658 = SPHERICAL_SURFACE ( 'NONE', #2060, 0.2250000000000000056 ) ;
#659 = CARTESIAN_POINT ( 'NONE',  ( -4.049999999999998934, 1.000000000000000222, -4.699999999999999289 ) ) ;
#660 = CIRCLE ( 'NONE', #3454, 0.2249999999999999500 ) ;
#661 = AXIS2_PLACEMENT_3D ( 'NONE', #6365, #7673, #1677 ) ;
#662 = SURFACE_STYLE_USAGE ( .BOTH. , #6660 ) ;
#663 = CARTESIAN_POINT ( 'NONE',  ( -2.000000000000000000, 0.3499999999999999778, -2.799999999999999822 ) ) ;
#664 = EDGE_CURVE ( 'NONE', #1079, #8464, #5632, .T. ) ;
#665 = ORIENTED_EDGE ( 'NONE', *, *, #1142, .F. ) ;
#666 = ADVANCED_FACE ( 'NONE', ( #6898 ), #8259, .F. ) ;
#667 = ADVANCED_FACE ( 'NONE', ( #1551 ), #4896, .T. ) ;
#668 = ORIENTED_EDGE ( 'NONE', *, *, #465, .T. ) ;
#669 = AXIS2_PLACEMENT_3D ( 'NONE', #4308, #6312, #1615 ) ;
#670 = CIRCLE ( 'NONE', #6781, 0.2249999999999999500 ) ;
#671 = EDGE_CURVE ( 'NONE', #4017, #5496, #3264, .T. ) ;
#672 = CARTESIAN_POINT ( 'NONE',  ( -1.199999999999999956, 0.2250000000000000056, -2.000000000000000000 ) ) ;
#673 = DIRECTION ( 'NONE',  ( -1.000000000000000000, 0.000000000000000000, 0.000000000000000000 ) ) ;
#674 = CARTESIAN_POINT ( 'NONE',  ( -2.000000000000000000, 0.2250000000000000056, -1.199999999999999956 ) ) ;
#675 = CARTESIAN_POINT ( 'NONE',  ( 0.5870828693386989094, 0.3500000000000000888, -2.000000000000000000 ) ) ;
#676 = PRESENTATION_STYLE_ASSIGNMENT (( #7337 ) ) ;
#677 = ADVANCED_FACE ( 'NONE', ( #5423 ), #2792, .T. ) ;
#678 = CIRCLE ( 'NONE', #8489, 0.2249999999999999500 ) ;
#679 = AXIS2_PLACEMENT_3D ( 'NONE', #7345, #3300, #1862 ) ;
#680 = CARTESIAN_POINT ( 'NONE',  ( -3.600000000000000089, 0.000000000000000000, -4.400000000000000355 ) ) ;
#681 = EDGE_CURVE ( 'NONE', #6573, #6318, #8129, .T. ) ;
#682 = SURFACE_SIDE_STYLE ('',( #930 ) ) ;
#683 = CARTESIAN_POINT ( 'NONE',  ( 0.8000000000000000444, 0.3499999999999999778, 8.800000000000000711 ) ) ;
#684 =( GEOMETRIC_REPRESENTATION_CONTEXT ( 3 ) GLOBAL_UNCERTAINTY_ASSIGNED_CONTEXT ( ( #3018 ) ) GLOBAL_UNIT_ASSIGNED_CONTEXT ( ( #4465, #6998, #7832 ) ) REPRESENTATION_CONTEXT ( 'NONE', 'WORKASPACE' ) );
#685 = CIRCLE ( 'NONE', #2074, 0.2249999999999999500 ) ;
#686 = SPHERICAL_SURFACE ( 'NONE', #5362, 0.2250000000000000056 ) ;
#687 = DIRECTION ( 'NONE',  ( -0.000000000000000000, -0.000000000000000000, -1.000000000000000000 ) ) ;
#688 = STYLED_ITEM ( 'NONE', ( #4845 ), #8406 ) ;
#689 = CIRCLE ( 'NONE', #7228, 0.2249999999999999500 ) ;
#690 = DIRECTION ( 'NONE',  ( 0.000000000000000000, 0.000000000000000000, 1.000000000000000000 ) ) ;
#691 = ORIENTED_EDGE ( 'NONE', *, *, #8167, .T. ) ;
#692 = DIRECTION ( 'NONE',  ( 0.000000000000000000, 0.000000000000000000, 1.000000000000000000 ) ) ;
#693 = VERTEX_POINT ( 'NONE', #812 ) ;
#694 = CARTESIAN_POINT ( 'NONE',  ( -1.199999999999999956, 0.2250000000000000056, 1.199999999999999956 ) ) ;
#695 = MECHANICAL_DESIGN_GEOMETRIC_PRESENTATION_REPRESENTATION (  '', ( #2510 ), #562 ) ;
#696 = SPHERICAL_SURFACE ( 'NONE', #2342, 0.2250000000000000056 ) ;
#697 = CARTESIAN_POINT ( 'NONE',  ( -2.799999999999999822, 0.2250000000000000056, 3.600000000000000089 ) ) ;
#698 = DIRECTION ( 'NONE',  ( 0.000000000000000000, 1.000000000000000000, 0.000000000000000000 ) ) ;
#699 = SPHERICAL_SURFACE ( 'NONE', #271, 0.2250000000000000056 ) ;
#700 = VERTEX_POINT ( 'NONE', #2117 ) ;
#701 = ORIENTED_EDGE ( 'NONE', *, *, #5942, .F. ) ;
#702 = ORIENTED_EDGE ( 'NONE', *, *, #5182, .T. ) ;
#703 = LINE ( 'NONE', #4743, #6780 ) ;
#704 = DIRECTION ( 'NONE',  ( 1.000000000000000000, 6.938893903907230350E-16, 0.000000000000000000 ) ) ;
#705 = DIRECTION ( 'NONE',  ( -0.000000000000000000, -0.000000000000000000, -1.000000000000000000 ) ) ;
#706 = CARTESIAN_POINT ( 'NONE',  ( 3.375000000000000000, 0.2250000000000049738, 3.600000000000000089 ) ) ;
#707 = CARTESIAN_POINT ( 'NONE',  ( 0.4000000000000000222, 0.2250000000000030032, -0.4000000000000000222 ) ) ;
#708 = EDGE_LOOP ( 'NONE', ( #3272, #732 ) ) ;
#709 = ORIENTED_EDGE ( 'NONE', *, *, #4516, .T. ) ;
#710 = EDGE_LOOP ( 'NONE', ( #735, #410 ) ) ;
#711 = DIRECTION ( 'NONE',  ( 6.918242433955120338E-16, -1.000000000000000000, 0.000000000000000000 ) ) ;
#712 = DIRECTION ( 'NONE',  ( 1.000000000000000000, 0.000000000000000000, 0.000000000000000000 ) ) ;
#713 = SPHERICAL_SURFACE ( 'NONE', #4274, 0.2250000000000000056 ) ;
#714 = AXIS2_PLACEMENT_3D ( 'NONE', #1809, #7115, #8137 ) ;
#715 = DIRECTION ( 'NONE',  ( 1.000000000000000000, 5.795304382052429234E-16, 0.000000000000000000 ) ) ;
#716 = ADVANCED_FACE ( 'NONE', ( #2952 ), #7433, .T. ) ;
#717 = EDGE_CURVE ( 'NONE', #4399, #5743, #5331, .T. ) ;
#718 = CARTESIAN_POINT ( 'NONE',  ( 0.4000000000000000222, 0.2250000000000030032, 2.000000000000000000 ) ) ;
#719 = CARTESIAN_POINT ( 'NONE',  ( -2.799999999999999822, 0.2250000000000000056, 4.400000000000000355 ) ) ;
#720 = ORIENTED_EDGE ( 'NONE', *, *, #5579, .F. ) ;
#721 = AXIS2_PLACEMENT_3D ( 'NONE', #1525, #7614, #6171 ) ;
#722 =( LENGTH_UNIT ( ) NAMED_UNIT ( * ) SI_UNIT ( .MILLI., .METRE. ) );
#723 = DIRECTION ( 'NONE',  ( -1.000000000000000000, 0.000000000000000000, 0.000000000000000000 ) ) ;
#724 = ADVANCED_FACE ( 'NONE', ( #3472 ), #2156, .T. ) ;
#725 = FACE_OUTER_BOUND ( 'NONE', #1878, .T. ) ;
#726 = DIRECTION ( 'NONE',  ( -1.224646799147353207E-16, -0.000000000000000000, -1.000000000000000000 ) ) ;
#727 = EDGE_CURVE ( 'NONE', #4683, #320, #6449, .T. ) ;
#728 = AXIS2_PLACEMENT_3D ( 'NONE', #6632, #8030, #7429 ) ;
#729 = STYLED_ITEM ( 'NONE', ( #5943 ), #5614 ) ;
#730 = ADVANCED_FACE ( 'NONE', ( #3152 ), #6413, .T. ) ;
#731 = SPHERICAL_SURFACE ( 'NONE', #4990, 0.2250000000000000056 ) ;
#732 = ORIENTED_EDGE ( 'NONE', *, *, #1797, .F. ) ;
#733 = AXIS2_PLACEMENT_3D ( 'NONE', #5879, #1181, #8477 ) ;
#734 = CARTESIAN_POINT ( 'NONE',  ( 2.000000000000000000, 0.2250000000000040024, 2.799999999999999822 ) ) ;
#735 = ORIENTED_EDGE ( 'NONE', *, *, #2046, .F. ) ;
#736 =( NAMED_UNIT ( * ) PLANE_ANGLE_UNIT ( ) SI_UNIT ( $, .RADIAN. ) );
#737 = ADVANCED_FACE ( 'NONE', ( #1117 ), #7123, .T. ) ;
#738 = CARTESIAN_POINT ( 'NONE',  ( 0.4000000000000000222, 0.3499999999999999778, 0.4000000000000000222 ) ) ;
#739 = DIRECTION ( 'NONE',  ( 1.000000000000000000, 0.000000000000000000, 0.000000000000000000 ) ) ;
#740 = UNCERTAINTY_MEASURE_WITH_UNIT (LENGTH_MEASURE( 1.000000000000000082E-05 ), #4208, 'distance_accuracy_value', 'NONE');
#741 = SURFACE_SIDE_STYLE ('',( #2809 ) ) ;
#742 = CARTESIAN_POINT ( 'NONE',  ( -1.199999999999999956, 0.000000000000000000, 2.799999999999999822 ) ) ;
#743 = DIRECTION ( 'NONE',  ( 0.000000000000000000, 1.000000000000000000, 0.000000000000000000 ) ) ;
#744 = ORIENTED_EDGE ( 'NONE', *, *, #2161, .F. ) ;
#745 = ORIENTED_EDGE ( 'NONE', *, *, #6836, .F. ) ;
#746 = VERTEX_POINT ( 'NONE', #1643 ) ;
#747 = CLOSED_SHELL ( 'NONE', ( #8236, #6732, #4125, #5025, #4324 ) ) ;
#748 = SPHERICAL_SURFACE ( 'NONE', #927, 0.2250000000000000056 ) ;
#749 = DIRECTION ( 'NONE',  ( 0.000000000000000000, 1.000000000000000000, 0.000000000000000000 ) ) ;
#750 = CIRCLE ( 'NONE', #8123, 0.2249999999999999500 ) ;
#751 = DIRECTION ( 'NONE',  ( 1.000000000000000000, 0.000000000000000000, 0.000000000000000000 ) ) ;
#752 = VERTEX_POINT ( 'NONE', #5815 ) ;
#753 = EDGE_LOOP ( 'NONE', ( #8432, #4031, #3897, #452 ) ) ;
#754 = ORIENTED_EDGE ( 'NONE', *, *, #7229, .F. ) ;
#755 = DIRECTION ( 'NONE',  ( -1.000000000000000000, 0.000000000000000000, 0.000000000000000000 ) ) ;
#756 = DIRECTION ( 'NONE',  ( -1.000000000000000000, 0.000000000000000000, 0.000000000000000000 ) ) ;
#757 = DIRECTION ( 'NONE',  ( 0.000000000000000000, 1.000000000000000000, 0.000000000000000000 ) ) ;
#758 = AXIS2_PLACEMENT_3D ( 'NONE', #1901, #5988, #1205 ) ;
#759 = DIRECTION ( 'NONE',  ( -1.000000000000000000, 0.000000000000000000, 0.000000000000000000 ) ) ;
#760 = CYLINDRICAL_SURFACE ( 'NONE', #457, 0.3500000000000000333 ) ;
#761 = VERTEX_POINT ( 'NONE', #1158 ) ;
#762 = AXIS2_PLACEMENT_3D ( 'NONE', #4475, #1175, #3060 ) ;
#763 = ADVANCED_FACE ( 'NONE', ( #8443 ), #2288, .T. ) ;
#764 = DIRECTION ( 'NONE',  ( -1.224646799147353207E-16, -0.000000000000000000, -1.000000000000000000 ) ) ;
#765 = DIRECTION ( 'NONE',  ( 5.795304382052420359E-16, -1.000000000000000000, 0.000000000000000000 ) ) ;
#766 = DIRECTION ( 'NONE',  ( 0.000000000000000000, 0.000000000000000000, 1.000000000000000000 ) ) ;
#767 = CARTESIAN_POINT ( 'NONE',  ( 0.4000000000000000222, 0.2250000000000030032, -0.4000000000000000222 ) ) ;
#768 = CIRCLE ( 'NONE', #6598, 0.1870828693386989428 ) ;
#769 = EDGE_CURVE ( 'NONE', #5987, #7183, #3399, .T. ) ;
#770 = EDGE_LOOP ( 'NONE', ( #1437, #1731, #8631, #1961 ) ) ;
#771 = STYLED_ITEM ( 'NONE', ( #2791 ), #2521 ) ;
#772 = AXIS2_PLACEMENT_3D ( 'NONE', #5502, #850, #3411 ) ;
#773 = EDGE_CURVE ( 'NONE', #2633, #2685, #1455, .T. ) ;
#774 = DIRECTION ( 'NONE',  ( -0.000000000000000000, -0.000000000000000000, -1.000000000000000000 ) ) ;
#775 = ORIENTED_EDGE ( 'NONE', *, *, #8076, .T. ) ;
#776 = FILL_AREA_STYLE_COLOUR ( '', #3851 ) ;
#777 = CARTESIAN_POINT ( 'NONE',  ( -1.199999999999999956, 0.000000000000000000, -0.4000000000000000222 ) ) ;
#778 = DIRECTION ( 'NONE',  ( 0.000000000000000000, 1.000000000000000000, 0.000000000000000000 ) ) ;
#779 = FILL_AREA_STYLE_COLOUR ( '', #1634 ) ;
#780 = FILL_AREA_STYLE ('',( #5252 ) ) ;
#781 = COLOUR_RGB ( '',0.7921568627450980005, 0.8196078431372548767, 0.9333333333333333481 ) ;
#782 = CIRCLE ( 'NONE', #97, 0.2249999999999999500 ) ;
#783 = ADVANCED_FACE ( 'NONE', ( #7596 ), #7078, .T. ) ;
#784 = CARTESIAN_POINT ( 'NONE',  ( 2.000000000000000000, 0.2250000000000040024, 0.4000000000000000222 ) ) ;
#785 = ORIENTED_EDGE ( 'NONE', *, *, #5842, .F. ) ;
#786 = CARTESIAN_POINT ( 'NONE',  ( -2.799999999999999822, 0.2250000000000000056, -4.400000000000000355 ) ) ;
#787 = ORIENTED_EDGE ( 'NONE', *, *, #5503, .F. ) ;
#788 = ORIENTED_EDGE ( 'NONE', *, *, #6044, .F. ) ;
#789 = VERTEX_POINT ( 'NONE', #4322 ) ;
#790 = CIRCLE ( 'NONE', #513, 0.2250000000000000056 ) ;
#791 = STYLED_ITEM ( 'NONE', ( #6127 ), #2472 ) ;
#792 = DIRECTION ( 'NONE',  ( -0.000000000000000000, -0.000000000000000000, -1.000000000000000000 ) ) ;
#793 = DIRECTION ( 'NONE',  ( -1.000000000000000000, 0.000000000000000000, 0.000000000000000000 ) ) ;
#794 = AXIS2_PLACEMENT_3D ( 'NONE', #1027, #4241, #8362 ) ;
#795 = CARTESIAN_POINT ( 'NONE',  ( -0.4000000000000000222, 0.3499999999999999778, 2.799999999999999822 ) ) ;
#796 = DIRECTION ( 'NONE',  ( 1.000000000000000000, 0.000000000000000000, 0.000000000000000000 ) ) ;
#797 = EDGE_LOOP ( 'NONE', ( #8282, #7679, #2101 ) ) ;
#798 = EDGE_LOOP ( 'NONE', ( #5195, #1185, #6474 ) ) ;
#799 = ORIENTED_EDGE ( 'NONE', *, *, #1791, .T. ) ;
#800 = CARTESIAN_POINT ( 'NONE',  ( -0.5870828693386994646, 0.3499999999999998668, -2.799999999999999822 ) ) ;
#801 = CIRCLE ( 'NONE', #3868, 0.2250000000000000056 ) ;
#802 = AXIS2_PLACEMENT_3D ( 'NONE', #3464, #7462, #803 ) ;
#803 = DIRECTION ( 'NONE',  ( 1.000000000000000000, 5.795304382052416415E-16, 0.000000000000000000 ) ) ;
#804 = CARTESIAN_POINT ( 'NONE',  ( -3.699999999999998845, 1.000000000000000444, -4.699999999999999289 ) ) ;
#805 = DIRECTION ( 'NONE',  ( 5.795304382052420359E-16, -1.000000000000000000, 0.000000000000000000 ) ) ;
#806 =( NAMED_UNIT ( * ) PLANE_ANGLE_UNIT ( ) SI_UNIT ( $, .RADIAN. ) );
#807 = ADVANCED_FACE ( 'NONE', ( #503 ), #331, .T. ) ;
#808 = AXIS2_PLACEMENT_3D ( 'NONE', #189, #967, #5490 ) ;
#809 = FACE_OUTER_BOUND ( 'NONE', #1591, .T. ) ;
#810 = AXIS2_PLACEMENT_3D ( 'NONE', #6126, #8133, #4776 ) ;
#811 = EDGE_LOOP ( 'NONE', ( #278, #8221, #7533, #7287 ) ) ;
#812 = CARTESIAN_POINT ( 'NONE',  ( -0.6250000000000000000, 0.2250000000000024758, 2.000000000000000000 ) ) ;
#813 = CARTESIAN_POINT ( 'NONE',  ( -2.187082869338698998, 0.3499999999999998668, -1.199999999999999956 ) ) ;
#814 = CIRCLE ( 'NONE', #3185, 0.2249999999999999500 ) ;
#815 = DIRECTION ( 'NONE',  ( 0.000000000000000000, 1.000000000000000000, 0.000000000000000000 ) ) ;
#816 = AXIS2_PLACEMENT_3D ( 'NONE', #5322, #1208, #3906 ) ;
#817 = PRESENTATION_STYLE_ASSIGNMENT (( #126 ) ) ;
#818 = CIRCLE ( 'NONE', #551, 0.1870828693386994979 ) ;
#819 = ORIENTED_EDGE ( 'NONE', *, *, #5583, .F. ) ;
#820 = CARTESIAN_POINT ( 'NONE',  ( -0.4000000000000000222, 0.2250000000000024758, -0.4000000000000000222 ) ) ;
#821 = VERTEX_POINT ( 'NONE', #2327 ) ;
#822 = FACE_OUTER_BOUND ( 'NONE', #1692, .T. ) ;
#823 = CARTESIAN_POINT ( 'NONE',  ( 1.012917130661300957, 0.3499999999999998668, 2.000000000000000000 ) ) ;
#824 = STYLED_ITEM ( 'NONE', ( #1414 ), #8392 ) ;
#825 = DIRECTION ( 'NONE',  ( -1.000000000000000000, 0.000000000000000000, 0.000000000000000000 ) ) ;
#826 = AXIS2_PLACEMENT_3D ( 'NONE', #1122, #1770, #2513 ) ;
#827 = EDGE_CURVE ( 'NONE', #6120, #1952, #2578, .T. ) ;
#828 = EDGE_CURVE ( 'NONE', #897, #7183, #3822, .T. ) ;
#829 = CARTESIAN_POINT ( 'NONE',  ( -2.000000000000000000, 0.2250000000000000056, 1.199999999999999956 ) ) ;
#830 = DIRECTION ( 'NONE',  ( -1.000000000000000000, 0.000000000000000000, 0.000000000000000000 ) ) ;
#831 = EDGE_LOOP ( 'NONE', ( #3057, #4095, #2877, #1172 ) ) ;
#832 = ORIENTED_EDGE ( 'NONE', *, *, #6190, .T. ) ;
#833 = EDGE_LOOP ( 'NONE', ( #1960, #832, #3132 ) ) ;
#834 = AXIS2_PLACEMENT_3D ( 'NONE', #2671, #2129, #6651 ) ;
#835 = COLOUR_RGB ( '',0.7921568627450980005, 0.8196078431372548767, 0.9333333333333333481 ) ;
#836 = ADVANCED_FACE ( 'NONE', ( #1725 ), #5730, .T. ) ;
#837 = CARTESIAN_POINT ( 'NONE',  ( 1.199999999999999956, 0.2250000000000035028, -0.4000000000000000222 ) ) ;
#838 = DIRECTION ( 'NONE',  ( -1.000000000000000000, 0.000000000000000000, 0.000000000000000000 ) ) ;
#839 = EDGE_CURVE ( 'NONE', #8549, #7785, #7438, .T. ) ;
#840 = CIRCLE ( 'NONE', #7093, 0.2249999999999999500 ) ;
#841 = CARTESIAN_POINT ( 'NONE',  ( 0.4000000000000000222, 0.2250000000000030032, 2.799999999999999822 ) ) ;
#842 = CARTESIAN_POINT ( 'NONE',  ( 0.4000000000000000222, 0.2250000000000030032, -1.199999999999999956 ) ) ;
#843 = VERTEX_POINT ( 'NONE', #7028 ) ;
#844 = VERTEX_POINT ( 'NONE', #7777 ) ;
#845 = ORIENTED_EDGE ( 'NONE', *, *, #5623, .F. ) ;
#846 = DIRECTION ( 'NONE',  ( -0.000000000000000000, -0.000000000000000000, -1.000000000000000000 ) ) ;
#847 = AXIS2_PLACEMENT_3D ( 'NONE', #7612, #6869, #825 ) ;
#848 = DIRECTION ( 'NONE',  ( 1.000000000000000000, 5.795304382052429234E-16, 0.000000000000000000 ) ) ;
#849 = DIRECTION ( 'NONE',  ( 0.000000000000000000, 0.000000000000000000, 1.000000000000000000 ) ) ;
#850 = DIRECTION ( 'NONE',  ( 6.918242433955120338E-16, -1.000000000000000000, 0.000000000000000000 ) ) ;
#851 = CARTESIAN_POINT ( 'NONE',  ( 2.000000000000000000, 0.2250000000000040024, 2.799999999999999822 ) ) ;
#852 = SURFACE_STYLE_FILL_AREA ( #6720 ) ;
#853 = SPHERICAL_SURFACE ( 'NONE', #1711, 0.2250000000000000056 ) ;
#854 = ORIENTED_EDGE ( 'NONE', *, *, #6941, .F. ) ;
#855 = DIRECTION ( 'NONE',  ( -0.000000000000000000, -0.000000000000000000, -1.000000000000000000 ) ) ;
#856 = CARTESIAN_POINT ( 'NONE',  ( -2.225000000000000089, 0.2250000000000000056, 2.000000000000000000 ) ) ;
#857 = SPHERICAL_SURFACE ( 'NONE', #5347, 0.2250000000000000056 ) ;
#858 =( LENGTH_UNIT ( ) NAMED_UNIT ( * ) SI_UNIT ( .MILLI., .METRE. ) );
#859 = CIRCLE ( 'NONE', #6554, 0.1870828693386994146 ) ;
#860 = STYLED_ITEM ( 'NONE', ( #7895 ), #5421 ) ;
#861 = ORIENTED_EDGE ( 'NONE', *, *, #4257, .F. ) ;
#862 = CARTESIAN_POINT ( 'NONE',  ( -1.424999999999999822, 0.2250000000000000056, 1.199999999999999956 ) ) ;
#863 = ORIENTED_EDGE ( 'NONE', *, *, #1791, .F. ) ;
#864 = PRESENTATION_STYLE_ASSIGNMENT (( #4905 ) ) ;
#865 = AXIS2_PLACEMENT_3D ( 'NONE', #7775, #8565, #7076 ) ;
#866 = VECTOR ( 'NONE', #7792, 1000.000000000000000 ) ;
#867 = PLANE ( 'NONE',  #1223 ) ;
#868 =( NAMED_UNIT ( * ) PLANE_ANGLE_UNIT ( ) SI_UNIT ( $, .RADIAN. ) );
#869 = DIRECTION ( 'NONE',  ( 1.000000000000000000, 0.000000000000000000, 0.000000000000000000 ) ) ;
#870 = DIRECTION ( 'NONE',  ( 1.000000000000000000, 5.795304382052431206E-16, 0.000000000000000000 ) ) ;
#871 = AXIS2_PLACEMENT_3D ( 'NONE', #7119, #7817, #6409 ) ;
#872 = CARTESIAN_POINT ( 'NONE',  ( 2.399999999999999911, 0.3499999999999999778, 4.799999999999999822 ) ) ;
#873 = ORIENTED_EDGE ( 'NONE', *, *, #6307, .T. ) ;
#874 = ORIENTED_EDGE ( 'NONE', *, *, #2474, .T. ) ;
#875 = EDGE_LOOP ( 'NONE', ( #6029, #668, #3273, #8358 ) ) ;
#876 = DIRECTION ( 'NONE',  ( -0.000000000000000000, -0.000000000000000000, -1.000000000000000000 ) ) ;
#877 = CARTESIAN_POINT ( 'NONE',  ( -3.600000000000000089, 0.2250000000000000056, -4.400000000000000355 ) ) ;
#878 = CARTESIAN_POINT ( 'NONE',  ( 1.199999999999999956, 0.2250000000000035028, -2.799999999999999822 ) ) ;
#879 = ADVANCED_FACE ( 'NONE', ( #1026 ), #6373, .T. ) ;
#880 = CARTESIAN_POINT ( 'NONE',  ( -0.2129171306613005521, 0.3500000000000000888, -0.4000000000000000777 ) ) ;
#881 = EDGE_CURVE ( 'NONE', #1919, #2863, #1039, .T. ) ;
#882 = FACE_OUTER_BOUND ( 'NONE', #4826, .T. ) ;
#883 = ORIENTED_EDGE ( 'NONE', *, *, #7224, .F. ) ;
#884 = CLOSED_SHELL ( 'NONE', ( #2598, #7903, #4386, #7918, #6299 ) ) ;
#885 = ORIENTED_EDGE ( 'NONE', *, *, #4380, .T. ) ;
#886 = EDGE_LOOP ( 'NONE', ( #3367, #1638, #6507 ) ) ;
#887 = EDGE_CURVE ( 'NONE', #4742, #2998, #3948, .T. ) ;
#888 = CARTESIAN_POINT ( 'NONE',  ( -0.4000000000000000222, 0.2250000000000024758, 2.799999999999999822 ) ) ;
#889 = SPHERICAL_SURFACE ( 'NONE', #7061, 0.2250000000000000056 ) ;
#890 = DIRECTION ( 'NONE',  ( 5.795304382052420359E-16, -1.000000000000000000, 0.000000000000000000 ) ) ;
#891 = EDGE_CURVE ( 'NONE', #2506, #6795, #5061, .T. ) ;
#892 = CARTESIAN_POINT ( 'NONE',  ( 3.600000000000000089, 0.3499999999999999778, 4.400000000000000355 ) ) ;
#893 = CLOSED_SHELL ( 'NONE', ( #8125, #3153, #3867, #8415, #3181 ) ) ;
#894 = FILL_AREA_STYLE ('',( #4975 ) ) ;
#895 = FACE_OUTER_BOUND ( 'NONE', #3947, .T. ) ;
#896 = DIRECTION ( 'NONE',  ( -1.224646799147353207E-16, -0.000000000000000000, -1.000000000000000000 ) ) ;
#897 = VERTEX_POINT ( 'NONE', #7821 ) ;
#898 = AXIS2_PLACEMENT_3D ( 'NONE', #6337, #5744, #1736 ) ;
#899 = DIRECTION ( 'NONE',  ( -1.000000000000000000, 0.000000000000000000, 0.000000000000000000 ) ) ;
#900 = FACE_OUTER_BOUND ( 'NONE', #3121, .T. ) ;
#901 = CARTESIAN_POINT ( 'NONE',  ( -3.699999999999998845, 0.9500000000000003997, -4.699999999999999289 ) ) ;
#902 = SURFACE_STYLE_USAGE ( .BOTH. , #4770 ) ;
#903 = EDGE_LOOP ( 'NONE', ( #6209, #744 ) ) ;
#904 = DIRECTION ( 'NONE',  ( 5.795304382052420359E-16, -1.000000000000000000, 0.000000000000000000 ) ) ;
#905 = ORIENTED_EDGE ( 'NONE', *, *, #2272, .F. ) ;
#906 = AXIS2_PLACEMENT_3D ( 'NONE', #3879, #5754, #4515 ) ;
#907 = DIRECTION ( 'NONE',  ( -1.224646799147353207E-16, -0.000000000000000000, -1.000000000000000000 ) ) ;
#908 = FILL_AREA_STYLE_COLOUR ( '', #5242 ) ;
#909 = CARTESIAN_POINT ( 'NONE',  ( -2.187082869338698998, 0.3499999999999998668, 2.000000000000000000 ) ) ;
#910 =( NAMED_UNIT ( * ) PLANE_ANGLE_UNIT ( ) SI_UNIT ( $, .RADIAN. ) );
#911 = DIRECTION ( 'NONE',  ( 5.795304382052420359E-16, -1.000000000000000000, 0.000000000000000000 ) ) ;
#912 = AXIS2_PLACEMENT_3D ( 'NONE', #2460, #7030, #7600 ) ;
#913 = DIRECTION ( 'NONE',  ( 1.000000000000000000, 5.795304382052414442E-16, 0.000000000000000000 ) ) ;
#914 = ORIENTED_EDGE ( 'NONE', *, *, #5783, .T. ) ;
#915 = EDGE_LOOP ( 'NONE', ( #2999, #5624, #5267, #3389 ) ) ;
#916 = VERTEX_POINT ( 'NONE', #8493 ) ;
#917 = SPHERICAL_SURFACE ( 'NONE', #4941, 0.2250000000000000056 ) ;
#918 = AXIS2_PLACEMENT_3D ( 'NONE', #4389, #4430, #3135 ) ;
#919 = FACE_OUTER_BOUND ( 'NONE', #1078, .T. ) ;
#920 = CIRCLE ( 'NONE', #2301, 0.2250000000000000056 ) ;
#921 = DIRECTION ( 'NONE',  ( 1.000000000000000000, 0.000000000000000000, 0.000000000000000000 ) ) ;
#922 = CARTESIAN_POINT ( 'NONE',  ( -2.000000000000000000, 0.2250000000000000056, -0.4000000000000000222 ) ) ;
#923 = ADVANCED_FACE ( 'NONE', ( #2645 ), #3973, .F. ) ;
#924 = SPHERICAL_SURFACE ( 'NONE', #8040, 0.2250000000000000056 ) ;
#925 = AXIS2_PLACEMENT_3D ( 'NONE', #5044, #7704, #1749 ) ;
#926 = ORIENTED_EDGE ( 'NONE', *, *, #2972, .T. ) ;
#927 = AXIS2_PLACEMENT_3D ( 'NONE', #190, #7455, #838 ) ;
#928 = EDGE_LOOP ( 'NONE', ( #5345, #340, #861 ) ) ;
#929 = EDGE_LOOP ( 'NONE', ( #5429, #7996, #2133 ) ) ;
#930 = SURFACE_STYLE_FILL_AREA ( #6724 ) ;
#931 = CARTESIAN_POINT ( 'NONE',  ( 1.199999999999999956, 0.2250000000000035028, 2.000000000000000000 ) ) ;
#932 = FACE_OUTER_BOUND ( 'NONE', #7661, .T. ) ;
#933 = DIRECTION ( 'NONE',  ( -1.000000000000000000, 0.000000000000000000, 0.000000000000000000 ) ) ;
#934 = MECHANICAL_DESIGN_GEOMETRIC_PRESENTATION_REPRESENTATION (  '', ( #3295 ), #5095 ) ;
#935 = AXIS2_PLACEMENT_3D ( 'NONE', #1263, #1793, #4395 ) ;
#936 =( NAMED_UNIT ( * ) PLANE_ANGLE_UNIT ( ) SI_UNIT ( $, .RADIAN. ) );
#937 = EDGE_CURVE ( 'NONE', #7556, #8258, #8280, .T. ) ;
#938 = EDGE_CURVE ( 'NONE', #185, #700, #4371, .T. ) ;
#939 = ADVANCED_FACE ( 'NONE', ( #5308 ), #5191, .T. ) ;
#940 = CARTESIAN_POINT ( 'NONE',  ( -4.499999999999999112, 0.9999999999999970024, 5.500000000000000000 ) ) ;
#941 = ORIENTED_EDGE ( 'NONE', *, *, #99, .T. ) ;
#942 = EDGE_CURVE ( 'NONE', #8058, #843, #5068, .T. ) ;
#943 = AXIS2_PLACEMENT_3D ( 'NONE', #7473, #5514, #3474 ) ;
#944 = CARTESIAN_POINT ( 'NONE',  ( -2.000000000000000000, 0.2250000000000000056, 0.4000000000000000222 ) ) ;
#945 = DIRECTION ( 'NONE',  ( -1.000000000000000000, 0.000000000000000000, 0.000000000000000000 ) ) ;
#946 = EDGE_CURVE ( 'NONE', #7563, #4329, #4789, .T. ) ;
#947 = CARTESIAN_POINT ( 'NONE',  ( 5.599999999999999645, 0.3499999999999999778, 3.200000000000000178 ) ) ;
#948 = CIRCLE ( 'NONE', #5813, 0.2249999999999999500 ) ;
#949 = AXIS2_PLACEMENT_3D ( 'NONE', #5500, #111, #756 ) ;
#950 = EDGE_CURVE ( 'NONE', #916, #2236, #6736, .T. ) ;
#951 = EDGE_LOOP ( 'NONE', ( #8598, #3271 ) ) ;
#952 = ORIENTED_EDGE ( 'NONE', *, *, #3545, .T. ) ;
#953 = CARTESIAN_POINT ( 'NONE',  ( -3.375000000000000000, 0.2250000000000000056, -3.600000000000000089 ) ) ;
#954 = VERTEX_POINT ( 'NONE', #8612 ) ;
#955 = CIRCLE ( 'NONE', #8609, 0.1870828693386994146 ) ;
#956 = AXIS2_PLACEMENT_3D ( 'NONE', #4209, #6085, #1604 ) ;
#957 = DIRECTION ( 'NONE',  ( 0.000000000000000000, 0.000000000000000000, 1.000000000000000000 ) ) ;
#958 = CARTESIAN_POINT ( 'NONE',  ( -1.199999999999999956, 0.2250000000000000056, -0.4000000000000000222 ) ) ;
#959 = FACE_OUTER_BOUND ( 'NONE', #1389, .T. ) ;
#960 = AXIS2_PLACEMENT_3D ( 'NONE', #8149, #8342, #7015 ) ;
#961 = FACE_OUTER_BOUND ( 'NONE', #1623, .T. ) ;
#962 = VERTEX_POINT ( 'NONE', #7977 ) ;
#963 = ORIENTED_EDGE ( 'NONE', *, *, #5162, .F. ) ;
#964 = ORIENTED_EDGE ( 'NONE', *, *, #4326, .F. ) ;
#965 = STYLED_ITEM ( 'NONE', ( #477 ), #8218 ) ;
#966 = CIRCLE ( 'NONE', #1805, 0.2250000000000000056 ) ;
#967 = DIRECTION ( 'NONE',  ( 0.000000000000000000, 0.000000000000000000, 1.000000000000000000 ) ) ;
#968 = DIRECTION ( 'NONE',  ( -1.000000000000000000, 0.000000000000000000, 0.000000000000000000 ) ) ;
#969 = CARTESIAN_POINT ( 'NONE',  ( 2.799999999999999822, 0.2250000000000045020, -3.600000000000000089 ) ) ;
#970 = DIRECTION ( 'NONE',  ( -1.224646799147353207E-16, -0.000000000000000000, -1.000000000000000000 ) ) ;
#971 = CIRCLE ( 'NONE', #1523, 0.2249999999999999500 ) ;
#972 = ORIENTED_EDGE ( 'NONE', *, *, #717, .T. ) ;
#973 = ORIENTED_EDGE ( 'NONE', *, *, #5875, .F. ) ;
#974 = ORIENTED_EDGE ( 'NONE', *, *, #8522, .F. ) ;
#975 = DIRECTION ( 'NONE',  ( -1.000000000000000000, 0.000000000000000000, 0.000000000000000000 ) ) ;
#976 = DIRECTION ( 'NONE',  ( 1.000000000000000000, 5.795304382052431206E-16, 0.000000000000000000 ) ) ;
#977 = DIRECTION ( 'NONE',  ( 0.000000000000000000, 0.000000000000000000, -1.000000000000000000 ) ) ;
#978 = MECHANICAL_DESIGN_GEOMETRIC_PRESENTATION_REPRESENTATION (  '', ( #8633 ), #4306 ) ;
#979 = FACE_OUTER_BOUND ( 'NONE', #2250, .T. ) ;
#980 = CIRCLE ( 'NONE', #2940, 0.2250000000000000056 ) ;
#981 = DIRECTION ( 'NONE',  ( -1.000000000000000000, 0.000000000000000000, 0.000000000000000000 ) ) ;
#982 = DIRECTION ( 'NONE',  ( -1.000000000000000000, 0.000000000000000000, 0.000000000000000000 ) ) ;
#983 = SPHERICAL_SURFACE ( 'NONE', #1905, 0.2250000000000000056 ) ;
#984 = ADVANCED_FACE ( 'NONE', ( #2688 ), #4665, .F. ) ;
#985 = DIRECTION ( 'NONE',  ( -1.000000000000000000, 0.000000000000000000, 0.000000000000000000 ) ) ;
#987 = EDGE_CURVE ( 'NONE', #4124, #4329, #624, .T. ) ;
#986 = DIRECTION ( 'NONE',  ( 0.000000000000000000, 1.000000000000000000, 0.000000000000000000 ) ) ;
#988 = ORIENTED_EDGE ( 'NONE', *, *, #5684, .T. ) ;
#989 = ADVANCED_FACE ( 'NONE', ( #1193 ), #3854, .T. ) ;
#990 = ORIENTED_EDGE ( 'NONE', *, *, #2875, .T. ) ;
#991 = DIRECTION ( 'NONE',  ( -0.000000000000000000, -0.000000000000000000, -1.000000000000000000 ) ) ;
#992 = VERTEX_POINT ( 'NONE', #548 ) ;
#993 = CARTESIAN_POINT ( 'NONE',  ( -1.012917130661300957, 0.3500000000000000888, 1.199999999999999956 ) ) ;
#994 = EDGE_CURVE ( 'NONE', #3911, #6666, #496, .T. ) ;
#995 = CARTESIAN_POINT ( 'NONE',  ( -0.4000000000000000222, 0.3499999999999999778, 2.799999999999999822 ) ) ;
#996 = AXIS2_PLACEMENT_3D ( 'NONE', #663, #3322, #5973 ) ;
#997 = ADVANCED_FACE ( 'NONE', ( #5268 ), #586, .T. ) ;
#998 = MECHANICAL_DESIGN_GEOMETRIC_PRESENTATION_REPRESENTATION (  '', ( #5590 ), #8089 ) ;
#999 =( NAMED_UNIT ( * ) PLANE_ANGLE_UNIT ( ) SI_UNIT ( $, .RADIAN. ) );
#1000 = SURFACE_STYLE_USAGE ( .BOTH. , #303 ) ;
#1001 = CARTESIAN_POINT ( 'NONE',  ( 2.000000000000000000, 0.2250000000000040024, 2.000000000000000000 ) ) ;
#1002 = CARTESIAN_POINT ( 'NONE',  ( -0.4000000000000000222, 0.3499999999999999778, -2.000000000000000000 ) ) ;
#1003 = ORIENTED_EDGE ( 'NONE', *, *, #3762, .F. ) ;
#1004 = CIRCLE ( 'NONE', #3783, 0.2249999999999999500 ) ;
#1005 = ADVANCED_FACE ( 'NONE', ( #7208 ), #1051, .T. ) ;
#1006 = AXIS2_PLACEMENT_3D ( 'NONE', #7730, #7908, #3936 ) ;
#1007 = EDGE_LOOP ( 'NONE', ( #5709, #7607, #7796 ) ) ;
#1008 = ORIENTED_EDGE ( 'NONE', *, *, #575, .T. ) ;
#1009 = SPHERICAL_SURFACE ( 'NONE', #1222, 0.2250000000000000056 ) ;
#1010 = CARTESIAN_POINT ( 'NONE',  ( 0.4000000000000000222, 0.2250000000000030032, 0.4000000000000000222 ) ) ;
#1011 = SURFACE_STYLE_FILL_AREA ( #7385 ) ;
#1012 = CIRCLE ( 'NONE', #6560, 0.2250000000000000056 ) ;
#1013 = CIRCLE ( 'NONE', #5872, 0.2249999999999999500 ) ;
#1014 = DIRECTION ( 'NONE',  ( -1.000000000000000000, 0.000000000000000000, 0.000000000000000000 ) ) ;
#1015 = CARTESIAN_POINT ( 'NONE',  ( -0.4000000000000000222, 0.2250000000000024758, 1.199999999999999956 ) ) ;
#1016 = VERTEX_POINT ( 'NONE', #6021 ) ;
#1017 = ORIENTED_EDGE ( 'NONE', *, *, #4177, .T. ) ;
#1018 = VERTEX_POINT ( 'NONE', #8072 ) ;
#1019 =( NAMED_UNIT ( * ) SI_UNIT ( $, .STERADIAN. ) SOLID_ANGLE_UNIT ( ) );
#1020 = CIRCLE ( 'NONE', #582, 0.1870828693386989983 ) ;
#1021 = CARTESIAN_POINT ( 'NONE',  ( 2.000000000000000000, 0.2250000000000040024, -2.799999999999999822 ) ) ;
#1022 = DIRECTION ( 'NONE',  ( 0.000000000000000000, 1.000000000000000000, 0.000000000000000000 ) ) ;
#1023 = CARTESIAN_POINT ( 'NONE',  ( 1.199999999999999956, 0.3499999999999999778, 1.199999999999999956 ) ) ;
#1024 = CARTESIAN_POINT ( 'NONE',  ( -2.799999999999999822, 0.2250000000000000056, 3.600000000000000089 ) ) ;
#1025 = ORIENTED_EDGE ( 'NONE', *, *, #1648, .T. ) ;
#1026 = FACE_OUTER_BOUND ( 'NONE', #224, .T. ) ;
#1027 = CARTESIAN_POINT ( 'NONE',  ( 2.799999999999999822, 0.2250000000000045020, -3.600000000000000089 ) ) ;
#1028 = AXIS2_PLACEMENT_3D ( 'NONE', #6520, #8334, #2347 ) ;
#1029 = DIRECTION ( 'NONE',  ( 0.000000000000000000, 1.000000000000000000, 0.000000000000000000 ) ) ;
#1030 = VERTEX_POINT ( 'NONE', #2825 ) ;
#1031 = ADVANCED_FACE ( 'NONE', ( #8023 ), #6185, .T. ) ;
#1032 = CIRCLE ( 'NONE', #6867, 0.2249999999999999500 ) ;
#1033 = VERTEX_POINT ( 'NONE', #4349 ) ;
#1034 = CARTESIAN_POINT ( 'NONE',  ( 2.000000000000000000, 4.011548038196366406E-15, -2.799999999999999822 ) ) ;
#1035 = EDGE_LOOP ( 'NONE', ( #8192, #2113 ) ) ;
#1036 = FACE_OUTER_BOUND ( 'NONE', #3234, .T. ) ;
#1037 = CARTESIAN_POINT ( 'NONE',  ( -0.4000000000000000222, 0.3499999999999999778, 1.199999999999999956 ) ) ;
#1038 = SURFACE_STYLE_USAGE ( .BOTH. , #1778 ) ;
#1039 = CIRCLE ( 'NONE', #63, 0.1870828693386989983 ) ;
#1040 = ADVANCED_FACE ( 'NONE', ( #198 ), #1544, .T. ) ;
#1041 = APPLICATION_PROTOCOL_DEFINITION ( 'draft international standard', 'automotive_design', 1998, #180 ) ;
#1042 = PRESENTATION_STYLE_ASSIGNMENT (( #8372 ) ) ;
#1043 = CARTESIAN_POINT ( 'NONE',  ( 1.812917130661300558, 0.3499999999999998668, 2.000000000000000000 ) ) ;
#1044 = EDGE_CURVE ( 'NONE', #2718, #8203, #5339, .T. ) ;
#1045 = DIRECTION ( 'NONE',  ( 5.795304382052420359E-16, -1.000000000000000000, 0.000000000000000000 ) ) ;
#1046 = EDGE_LOOP ( 'NONE', ( #7169, #5143 ) ) ;
#1047 = AXIS2_PLACEMENT_3D ( 'NONE', #7861, #1889, #4534 ) ;
#1048 = EDGE_CURVE ( 'NONE', #4711, #7556, #1460, .T. ) ;
#1049 = ORIENTED_EDGE ( 'NONE', *, *, #4872, .T. ) ;
#1050 = EDGE_LOOP ( 'NONE', ( #6678, #3123, #1008 ) ) ;
#1051 = SPHERICAL_SURFACE ( 'NONE', #2997, 0.2250000000000000056 ) ;
#1052 = DIRECTION ( 'NONE',  ( 0.000000000000000000, 1.000000000000000000, 0.000000000000000000 ) ) ;
#1053 = EDGE_CURVE ( 'NONE', #7198, #3012, #7859, .T. ) ;
#1054 = DIRECTION ( 'NONE',  ( -1.000000000000000000, 0.000000000000000000, 0.000000000000000000 ) ) ;
#1055 = FILL_AREA_STYLE_COLOUR ( '', #8199 ) ;
#1056 = AXIS2_PLACEMENT_3D ( 'NONE', #7211, #5981, #2512 ) ;
#1057 = SPHERICAL_SURFACE ( 'NONE', #4344, 0.2250000000000000056 ) ;
#1058 = ORIENTED_EDGE ( 'NONE', *, *, #6030, .F. ) ;
#1059 = VERTEX_POINT ( 'NONE', #800 ) ;
#1060 = ORIENTED_EDGE ( 'NONE', *, *, #7165, .F. ) ;
#1061 = COLOUR_RGB ( '',0.7921568627450980005, 0.8196078431372548767, 0.9333333333333333481 ) ;
#1062 = AXIS2_PLACEMENT_3D ( 'NONE', #6891, #6405, #933 ) ;
#1063 = CARTESIAN_POINT ( 'NONE',  ( 1.387082869338698954, 0.3500000000000000888, 2.000000000000000000 ) ) ;
#1064 = DIRECTION ( 'NONE',  ( -0.000000000000000000, -0.000000000000000000, -1.000000000000000000 ) ) ;
#1065 = DIRECTION ( 'NONE',  ( -1.000000000000000000, 0.000000000000000000, 0.000000000000000000 ) ) ;
#1066 = FILL_AREA_STYLE_COLOUR ( '', #7512 ) ;
#1067 = STYLED_ITEM ( 'NONE', ( #864 ), #2701 ) ;
#1068 = CARTESIAN_POINT ( 'NONE',  ( -2.575000000000000178, 0.2250000000000000056, 3.600000000000000089 ) ) ;
#1069 = COLOUR_RGB ( '',0.7921568627450980005, 0.8196078431372548767, 0.9333333333333333481 ) ;
#1070 = FACE_OUTER_BOUND ( 'NONE', #2302, .T. ) ;
#1071 = CARTESIAN_POINT ( 'NONE',  ( -1.199999999999999956, 0.2250000000000000056, 2.000000000000000000 ) ) ;
#1072 = COLOUR_RGB ( '',0.7921568627450980005, 0.8196078431372548767, 0.9333333333333333481 ) ;
#1073 = SURFACE_SIDE_STYLE ('',( #4369 ) ) ;
#1074 = SURFACE_STYLE_FILL_AREA ( #7034 ) ;
#1075 = DIRECTION ( 'NONE',  ( 0.000000000000000000, 0.000000000000000000, -1.000000000000000000 ) ) ;
#1076 = SURFACE_STYLE_USAGE ( .BOTH. , #3683 ) ;
#1077 = CIRCLE ( 'NONE', #3301, 0.1870828693386994146 ) ;
#1078 = EDGE_LOOP ( 'NONE', ( #4485, #5420, #269, #6174 ) ) ;
#1079 = VERTEX_POINT ( 'NONE', #2907 ) ;
#1080 = DIRECTION ( 'NONE',  ( 0.000000000000000000, 0.000000000000000000, -1.000000000000000000 ) ) ;
#1081 = DIRECTION ( 'NONE',  ( -1.000000000000000000, 0.000000000000000000, 0.000000000000000000 ) ) ;
#1082 = AXIS2_PLACEMENT_3D ( 'NONE', #3674, #5013, #6322 ) ;
#1083 = CARTESIAN_POINT ( 'NONE',  ( 2.799999999999999822, 0.2250000000000045020, -4.400000000000000355 ) ) ;
#1084 = AXIS2_PLACEMENT_3D ( 'NONE', #3373, #199, #4106 ) ;
#1085 = SURFACE_SIDE_STYLE ('',( #1607 ) ) ;
#1086 = FACE_OUTER_BOUND ( 'NONE', #6497, .T. ) ;
#1087 = CIRCLE ( 'NONE', #5949, 0.2249999999999999500 ) ;
#1088 = DIRECTION ( 'NONE',  ( -1.000000000000000000, 0.000000000000000000, 0.000000000000000000 ) ) ;
#1089 = CIRCLE ( 'NONE', #5950, 0.1870828693386994979 ) ;
#1090 = ORIENTED_EDGE ( 'NONE', *, *, #6835, .F. ) ;
#1091 = DIRECTION ( 'NONE',  ( 6.918242433955120338E-16, -1.000000000000000000, 0.000000000000000000 ) ) ;
#1092 = ORIENTED_EDGE ( 'NONE', *, *, #5992, .F. ) ;
#1093 = CARTESIAN_POINT ( 'NONE',  ( 0.4000000000000000222, 3.008661028647274804E-15, 1.199999999999999956 ) ) ;
#1094 = ADVANCED_FACE ( 'NONE', ( #2782 ), #2730, .T. ) ;
#1095 = DIRECTION ( 'NONE',  ( -1.000000000000000000, 0.000000000000000000, 0.000000000000000000 ) ) ;
#1096 = EDGE_CURVE ( 'NONE', #2766, #6990, #2155, .T. ) ;
#1097 = UNCERTAINTY_MEASURE_WITH_UNIT (LENGTH_MEASURE( 1.000000000000000082E-05 ), #17, 'distance_accuracy_value', 'NONE');
#1098 = DIRECTION ( 'NONE',  ( 1.000000000000000000, 0.000000000000000000, 0.000000000000000000 ) ) ;
#1099 = PRESENTATION_LAYER_ASSIGNMENT (  '', '', ( #5687 ) ) ;
#1100 = SURFACE_STYLE_USAGE ( .BOTH. , #1180 ) ;
#1101 = AXIS2_PLACEMENT_3D ( 'NONE', #7175, #3869, #3257 ) ;
#1102 = CARTESIAN_POINT ( 'NONE',  ( -2.799999999999999822, 0.2250000000000000056, -4.400000000000000355 ) ) ;
#1103 = SPHERICAL_SURFACE ( 'NONE', #3048, 0.2250000000000000056 ) ;
#1104 = ORIENTED_EDGE ( 'NONE', *, *, #4280, .F. ) ;
#1105 = ADVANCED_FACE ( 'NONE', ( #5551 ), #8111, .T. ) ;
#1106 = ORIENTED_EDGE ( 'NONE', *, *, #1416, .T. ) ;
#1107 = ORIENTED_EDGE ( 'NONE', *, *, #7693, .F. ) ;
#1108 =( GEOMETRIC_REPRESENTATION_CONTEXT ( 3 ) GLOBAL_UNCERTAINTY_ASSIGNED_CONTEXT ( ( #1617 ) ) GLOBAL_UNIT_ASSIGNED_CONTEXT ( ( #8086, #5606, #7601 ) ) REPRESENTATION_CONTEXT ( 'NONE', 'WORKASPACE' ) );
#1109 = CIRCLE ( 'NONE', #2343, 0.2249999999999999500 ) ;
#1110 = SPHERICAL_SURFACE ( 'NONE', #7769, 0.2250000000000000056 ) ;
#1111 = SPHERICAL_SURFACE ( 'NONE', #3591, 0.2250000000000000056 ) ;
#1112 = ADVANCED_FACE ( 'NONE', ( #1709 ), #2105, .T. ) ;
#1113 = DIRECTION ( 'NONE',  ( -1.000000000000000000, 0.000000000000000000, 0.000000000000000000 ) ) ;
#1114 = AXIS2_PLACEMENT_3D ( 'NONE', #6545, #553, #7825 ) ;
#1115 = CARTESIAN_POINT ( 'NONE',  ( -2.000000000000000000, 0.2250000000000000056, -1.199999999999999956 ) ) ;
#1116 = CARTESIAN_POINT ( 'NONE',  ( 1.199999999999999956, 0.3499999999999999778, 2.000000000000000000 ) ) ;
#1117 = FACE_OUTER_BOUND ( 'NONE', #5966, .T. ) ;
#1118 = AXIS2_PLACEMENT_3D ( 'NONE', #851, #4517, #7102 ) ;
#1119 = DIRECTION ( 'NONE',  ( -0.000000000000000000, -0.000000000000000000, -1.000000000000000000 ) ) ;
#1120 = DIRECTION ( 'NONE',  ( -1.224646799147353207E-16, -0.000000000000000000, -1.000000000000000000 ) ) ;
#1121 = PRESENTATION_STYLE_ASSIGNMENT (( #376 ) ) ;
#1122 = CARTESIAN_POINT ( 'NONE',  ( 0.4000000000000000222, 0.2250000000000030032, -0.4000000000000000222 ) ) ;
#1123 = FILL_AREA_STYLE ('',( #3212 ) ) ;
#1124 = AXIS2_PLACEMENT_3D ( 'NONE', #4869, #1522, #3654 ) ;
#1125 = EDGE_LOOP ( 'NONE', ( #409, #4915, #3405, #2495 ) ) ;
#1126 = ORIENTED_EDGE ( 'NONE', *, *, #1933, .T. ) ;
#1127 = FACE_OUTER_BOUND ( 'NONE', #6319, .T. ) ;
#1128 = DIRECTION ( 'NONE',  ( -0.000000000000000000, -0.000000000000000000, -1.000000000000000000 ) ) ;
#1129 = PLANE ( 'NONE',  #540 ) ;
#1130 = CARTESIAN_POINT ( 'NONE',  ( 3.200000000000000178, 0.3499999999999999778, 4.000000000000000000 ) ) ;
#1131 =( NAMED_UNIT ( * ) SI_UNIT ( $, .STERADIAN. ) SOLID_ANGLE_UNIT ( ) );
#1132 = CARTESIAN_POINT ( 'NONE',  ( -4.499999999999998224, 0.3499999999999969247, 0.000000000000000000 ) ) ;
#1133 = FACE_OUTER_BOUND ( 'NONE', #5565, .T. ) ;
#1134 = ORIENTED_EDGE ( 'NONE', *, *, #4643, .F. ) ;
#1135 = CARTESIAN_POINT ( 'NONE',  ( -2.000000000000000000, 0.3499999999999999778, -0.4000000000000000222 ) ) ;
#1136 = ORIENTED_EDGE ( 'NONE', *, *, #7745, .T. ) ;
#1137 = DIRECTION ( 'NONE',  ( 0.000000000000000000, 0.000000000000000000, 1.000000000000000000 ) ) ;
#1138 = DIRECTION ( 'NONE',  ( -1.000000000000000000, 0.000000000000000000, 0.000000000000000000 ) ) ;
#1139 = AXIS2_PLACEMENT_3D ( 'NONE', #1996, #3313, #5254 ) ;
#1140 = DIRECTION ( 'NONE',  ( 5.795304382052420359E-16, -1.000000000000000000, 0.000000000000000000 ) ) ;
#1141 = ORIENTED_EDGE ( 'NONE', *, *, #6620, .T. ) ;
#1142 = EDGE_CURVE ( 'NONE', #4827, #623, #7022, .T. ) ;
#1143 = ORIENTED_EDGE ( 'NONE', *, *, #7063, .T. ) ;
#1144 = EDGE_LOOP ( 'NONE', ( #1256, #600, #5812 ) ) ;
#1145 = FILL_AREA_STYLE ('',( #3071 ) ) ;
#1146 = PLANE ( 'NONE',  #2915 ) ;
#1147 = DIRECTION ( 'NONE',  ( -1.000000000000000000, 0.000000000000000000, 0.000000000000000000 ) ) ;
#1148 = AXIS2_PLACEMENT_3D ( 'NONE', #719, #6028, #67 ) ;
#1149 = CIRCLE ( 'NONE', #3240, 0.2249999999999999500 ) ;
#1150 = DIRECTION ( 'NONE',  ( -1.000000000000000000, 0.000000000000000000, 0.000000000000000000 ) ) ;
#1151 = EDGE_CURVE ( 'NONE', #8203, #2228, #7577, .T. ) ;
#1152 = DIRECTION ( 'NONE',  ( 0.000000000000000000, 0.000000000000000000, 1.000000000000000000 ) ) ;
#1153 = CARTESIAN_POINT ( 'NONE',  ( 0.6250000000000000000, 0.2250000000000030032, 1.199999999999999956 ) ) ;
#1154 = VERTEX_POINT ( 'NONE', #3463 ) ;
#1155 = AXIS2_PLACEMENT_3D ( 'NONE', #1115, #6451, #3767 ) ;
#1156 = ORIENTED_EDGE ( 'NONE', *, *, #4326, .T. ) ;
#1157 = ADVANCED_FACE ( 'NONE', ( #7550 ), #2438, .T. ) ;
#1158 = CARTESIAN_POINT ( 'NONE',  ( -0.1750000000000000167, 0.2250000000000024758, -2.000000000000000000 ) ) ;
#1159 = CARTESIAN_POINT ( 'NONE',  ( 0.4000000000000000222, 0.2250000000000030032, -2.799999999999999822 ) ) ;
#1160 = DIRECTION ( 'NONE',  ( 1.000000000000000000, 0.000000000000000000, 0.000000000000000000 ) ) ;
#1161 = DIRECTION ( 'NONE',  ( 0.000000000000000000, 0.000000000000000000, 1.000000000000000000 ) ) ;
#1162 = DIRECTION ( 'NONE',  ( 1.000000000000000000, 0.000000000000000000, 0.000000000000000000 ) ) ;
#1163 = EDGE_LOOP ( 'NONE', ( #745, #155, #3712, #8318 ) ) ;
#1164 = ORIENTED_EDGE ( 'NONE', *, *, #2364, .T. ) ;
#1165 = CLOSED_SHELL ( 'NONE', ( #295, #1094, #5630, #7913, #4768 ) ) ;
#1166 = SPHERICAL_SURFACE ( 'NONE', #898, 0.2250000000000000056 ) ;
#1167 = PLANE ( 'NONE',  #6067 ) ;
#1168 = PLANE ( 'NONE',  #1379 ) ;
#1169 = AXIS2_PLACEMENT_3D ( 'NONE', #7606, #4903, #1515 ) ;
#1170 = VERTEX_POINT ( 'NONE', #60 ) ;
#1171 = VERTEX_POINT ( 'NONE', #1219 ) ;
#1172 = ORIENTED_EDGE ( 'NONE', *, *, #8071, .T. ) ;
#1173 = DIRECTION ( 'NONE',  ( -0.000000000000000000, -0.000000000000000000, -1.000000000000000000 ) ) ;
#1174 = AXIS2_PLACEMENT_3D ( 'NONE', #1071, #5769, #982 ) ;
#1175 = DIRECTION ( 'NONE',  ( -0.000000000000000000, -0.000000000000000000, -1.000000000000000000 ) ) ;
#1176 = DIRECTION ( 'NONE',  ( -0.000000000000000000, -0.000000000000000000, -1.000000000000000000 ) ) ;
#1177 = ADVANCED_FACE ( 'NONE', ( #5045 ), #6522, .T. ) ;
#1178 = UNCERTAINTY_MEASURE_WITH_UNIT (LENGTH_MEASURE( 1.000000000000000082E-05 ), #6526, 'distance_accuracy_value', 'NONE');
#1179 = DIRECTION ( 'NONE',  ( 0.000000000000000000, 1.000000000000000000, 0.000000000000000000 ) ) ;
#1180 = SURFACE_SIDE_STYLE ('',( #6483 ) ) ;
#1181 = DIRECTION ( 'NONE',  ( -1.224646799147353207E-16, -0.000000000000000000, -1.000000000000000000 ) ) ;
#1182 = CIRCLE ( 'NONE', #2883, 0.2249999999999999500 ) ;
#1183 = FACE_OUTER_BOUND ( 'NONE', #6109, .T. ) ;
#1184 = ORIENTED_EDGE ( 'NONE', *, *, #2341, .T. ) ;
#1185 = ORIENTED_EDGE ( 'NONE', *, *, #1252, .T. ) ;
#1186 = ORIENTED_EDGE ( 'NONE', *, *, #6149, .F. ) ;
#1187 = CIRCLE ( 'NONE', #3842, 0.2250000000000000056 ) ;
#1188 = CARTESIAN_POINT ( 'NONE',  ( -1.775000000000000133, 0.2250000000000000056, -0.4000000000000000777 ) ) ;
#1189 = CARTESIAN_POINT ( 'NONE',  ( -3.600000000000000089, 0.3499999999999999778, -4.400000000000000355 ) ) ;
#1190 = FACE_OUTER_BOUND ( 'NONE', #1483, .T. ) ;
#1191 = STYLED_ITEM ( 'NONE', ( #7297 ), #2555 ) ;
#1192 = CIRCLE ( 'NONE', #7033, 0.2249999999999999500 ) ;
#1193 = FACE_OUTER_BOUND ( 'NONE', #3106, .T. ) ;
#1194 = DIRECTION ( 'NONE',  ( 5.795304382052420359E-16, -1.000000000000000000, 0.000000000000000000 ) ) ;
#1195 = EDGE_CURVE ( 'NONE', #536, #1543, #7989, .T. ) ;
#1196 = COLOUR_RGB ( '',0.7921568627450980005, 0.8196078431372548767, 0.9333333333333333481 ) ;
#1197 = DIRECTION ( 'NONE',  ( 1.000000000000000000, 0.000000000000000000, 0.000000000000000000 ) ) ;
#1198 = AXIS2_PLACEMENT_3D ( 'NONE', #3850, #3278, #7892 ) ;
#1199 = ADVANCED_FACE ( 'NONE', ( #8471 ), #2529, .T. ) ;
#1200 = CARTESIAN_POINT ( 'NONE',  ( -3.600000000000000089, 0.2250000000000000056, 4.400000000000000355 ) ) ;
#1201 = ADVANCED_FACE ( 'NONE', ( #1790 ), #7839, .T. ) ;
#1202 = ORIENTED_EDGE ( 'NONE', *, *, #3894, .T. ) ;
#1203 = AXIS2_PLACEMENT_3D ( 'NONE', #3049, #1983, #6466 ) ;
#1204 = CIRCLE ( 'NONE', #6201, 0.2249999999999999500 ) ;
#1205 = DIRECTION ( 'NONE',  ( -1.000000000000000000, 0.000000000000000000, 0.000000000000000000 ) ) ;
#1206 = EDGE_CURVE ( 'NONE', #2971, #7628, #7570, .T. ) ;
#1207 = DIRECTION ( 'NONE',  ( 1.000000000000000000, 0.000000000000000000, 0.000000000000000000 ) ) ;
#1208 = DIRECTION ( 'NONE',  ( 0.000000000000000000, 0.000000000000000000, 1.000000000000000000 ) ) ;
#1209 = EDGE_CURVE ( 'NONE', #129, #4884, #6460, .T. ) ;
#1210 = AXIS2_PLACEMENT_3D ( 'NONE', #6329, #7558, #3595 ) ;
#1211 = SURFACE_STYLE_FILL_AREA ( #7833 ) ;
#1212 = PRESENTATION_LAYER_ASSIGNMENT (  '', '', ( #5801 ) ) ;
#1213 = DIRECTION ( 'NONE',  ( 1.000000000000000000, 5.795304382052429234E-16, 0.000000000000000000 ) ) ;
#1214 = ORIENTED_EDGE ( 'NONE', *, *, #4330, .F. ) ;
#1215 = DIRECTION ( 'NONE',  ( -0.000000000000000000, -0.000000000000000000, -1.000000000000000000 ) ) ;
#1216 = VERTEX_POINT ( 'NONE', #1093 ) ;
#1217 = CIRCLE ( 'NONE', #6215, 0.1870828693386994146 ) ;
#1218 = AXIS2_PLACEMENT_3D ( 'NONE', #4715, #3974, #7509 ) ;
#1219 = CARTESIAN_POINT ( 'NONE',  ( -1.387082869338698954, 0.3499999999999998668, 1.199999999999999956 ) ) ;
#1220 = FILL_AREA_STYLE ('',( #3840 ) ) ;
#1221 =( NAMED_UNIT ( * ) PLANE_ANGLE_UNIT ( ) SI_UNIT ( $, .RADIAN. ) );
#1222 = AXIS2_PLACEMENT_3D ( 'NONE', #3497, #3664, #6799 ) ;
#1223 = AXIS2_PLACEMENT_3D ( 'NONE', #1518, #6168, #7524 ) ;
#1224 = DIRECTION ( 'NONE',  ( 0.000000000000000000, 0.000000000000000000, 1.000000000000000000 ) ) ;
#1225 = CARTESIAN_POINT ( 'NONE',  ( 4.500000000000007105, -8.999999999999998224, 5.500000000000000000 ) ) ;
#1226 = ORIENTED_EDGE ( 'NONE', *, *, #5880, .T. ) ;
#1227 = ORIENTED_EDGE ( 'NONE', *, *, #4018, .F. ) ;
#1228 = ORIENTED_EDGE ( 'NONE', *, *, #8291, .T. ) ;
#1229 = AXIS2_PLACEMENT_3D ( 'NONE', #2770, #3451, #7370 ) ;
#1230 = CIRCLE ( 'NONE', #8491, 0.2249999999999999500 ) ;
#1231 = DIRECTION ( 'NONE',  ( -1.000000000000000000, 0.000000000000000000, 0.000000000000000000 ) ) ;
#1232 = CARTESIAN_POINT ( 'NONE',  ( 1.600000000000000089, 0.3499999999999999778, 7.200000000000000178 ) ) ;
#1233 = DIRECTION ( 'NONE',  ( -1.000000000000000000, 0.000000000000000000, 0.000000000000000000 ) ) ;
#1234 = CIRCLE ( 'NONE', #2067, 0.3500000000000000333 ) ;
#1235 = DIRECTION ( 'NONE',  ( 0.000000000000000000, 0.000000000000000000, 1.000000000000000000 ) ) ;
#1236 = AXIS2_PLACEMENT_3D ( 'NONE', #6440, #1265, #5050 ) ;
#1237 = EDGE_LOOP ( 'NONE', ( #6845, #6441, #1773 ) ) ;
#1238 = DIRECTION ( 'NONE',  ( 1.000000000000000000, 5.795304382052416415E-16, 0.000000000000000000 ) ) ;
#1239 = PLANE ( 'NONE',  #4818 ) ;
#1240 = COLOUR_RGB ( '',0.7921568627450980005, 0.8196078431372548767, 0.9333333333333333481 ) ;
#1241 = CIRCLE ( 'NONE', #146, 0.2250000000000000056 ) ;
#1242 = DIRECTION ( 'NONE',  ( 0.000000000000000000, 1.000000000000000000, 0.000000000000000000 ) ) ;
#1243 = SURFACE_STYLE_USAGE ( .BOTH. , #2514 ) ;
#1244 = CARTESIAN_POINT ( 'NONE',  ( -4.499999999999992006, -9.000000000000003553, 5.500000000000000000 ) ) ;
#1245 = ORIENTED_EDGE ( 'NONE', *, *, #1891, .F. ) ;
#1246 = COLOUR_RGB ( '',0.7921568627450980005, 0.8196078431372548767, 0.9333333333333333481 ) ;
#1247 = ADVANCED_FACE ( 'NONE', ( #7187 ), #3794, .T. ) ;
#1248 = FACE_OUTER_BOUND ( 'NONE', #4712, .T. ) ;
#1249 = ORIENTED_EDGE ( 'NONE', *, *, #5831, .T. ) ;
#1250 = DIRECTION ( 'NONE',  ( 0.000000000000000000, 0.000000000000000000, 1.000000000000000000 ) ) ;
#1251 = DIRECTION ( 'NONE',  ( -0.000000000000000000, -0.000000000000000000, -1.000000000000000000 ) ) ;
#1252 = EDGE_CURVE ( 'NONE', #1531, #2526, #3830, .T. ) ;
#1253 = PRESENTATION_STYLE_ASSIGNMENT (( #7874 ) ) ;
#1254 = EDGE_CURVE ( 'NONE', #3660, #5444, #5201, .T. ) ;
#1255 = CARTESIAN_POINT ( 'NONE',  ( -0.4000000000000000222, 0.2250000000000024758, -0.4000000000000000222 ) ) ;
#1256 = ORIENTED_EDGE ( 'NONE', *, *, #1252, .F. ) ;
#1257 = EDGE_CURVE ( 'NONE', #1496, #3058, #1182, .T. ) ;
#1258 = DIRECTION ( 'NONE',  ( -1.000000000000000000, 0.000000000000000000, 0.000000000000000000 ) ) ;
#1259 = ORIENTED_EDGE ( 'NONE', *, *, #8456, .T. ) ;
#1260 = FILL_AREA_STYLE_COLOUR ( '', #8454 ) ;
#1261 = ADVANCED_FACE ( 'NONE', ( #5712 ), #857, .T. ) ;
#1262 = UNCERTAINTY_MEASURE_WITH_UNIT (LENGTH_MEASURE( 1.000000000000000082E-05 ), #8604, 'distance_accuracy_value', 'NONE');
#1263 = CARTESIAN_POINT ( 'NONE',  ( 0.4000000000000000222, 0.2250000000000030032, 2.000000000000000000 ) ) ;
#1264 = DIRECTION ( 'NONE',  ( 1.000000000000000000, 0.000000000000000000, 0.000000000000000000 ) ) ;
#1265 = DIRECTION ( 'NONE',  ( -0.000000000000000000, -0.000000000000000000, -1.000000000000000000 ) ) ;
#1266 = VERTEX_POINT ( 'NONE', #4808 ) ;
#1267 = ORIENTED_EDGE ( 'NONE', *, *, #7857, .F. ) ;
#1268 = ORIENTED_EDGE ( 'NONE', *, *, #3025, .T. ) ;
#1269 = CARTESIAN_POINT ( 'NONE',  ( -0.4000000000000000222, 0.3499999999999999778, -1.199999999999999956 ) ) ;
#1270 = CARTESIAN_POINT ( 'NONE',  ( 0.4000000000000000222, 0.3499999999999999778, 2.799999999999999822 ) ) ;
#1271 = CIRCLE ( 'NONE', #3224, 0.2249999999999999500 ) ;
#1272 = CIRCLE ( 'NONE', #714, 0.2249999999999999500 ) ;
#1273 = DIRECTION ( 'NONE',  ( 0.000000000000000000, 0.000000000000000000, 1.000000000000000000 ) ) ;
#1274 = DIRECTION ( 'NONE',  ( -0.000000000000000000, -0.000000000000000000, -1.000000000000000000 ) ) ;
#1275 = EDGE_LOOP ( 'NONE', ( #2058, #4168, #7037, #1744 ) ) ;
#1276 = AXIS2_PLACEMENT_3D ( 'NONE', #390, #3692, #7255 ) ;
#1277 = CIRCLE ( 'NONE', #3642, 0.2249999999999999500 ) ;
#1278 = DIRECTION ( 'NONE',  ( -1.000000000000000000, 0.000000000000000000, 0.000000000000000000 ) ) ;
#1279 = SURFACE_SIDE_STYLE ('',( #5859 ) ) ;
#1280 = CARTESIAN_POINT ( 'NONE',  ( 2.000000000000000000, 4.011548038196366406E-15, 2.000000000000000000 ) ) ;
#1281 = AXIS2_PLACEMENT_3D ( 'NONE', #8257, #7515, #7555 ) ;
#1282 = MECHANICAL_DESIGN_GEOMETRIC_PRESENTATION_REPRESENTATION (  '', ( #317 ), #1846 ) ;
#1283 = CARTESIAN_POINT ( 'NONE',  ( -1.424999999999999822, 0.2250000000000000056, 2.799999999999999822 ) ) ;
#1284 = ORIENTED_EDGE ( 'NONE', *, *, #3014, .F. ) ;
#1285 = SPHERICAL_SURFACE ( 'NONE', #7149, 0.2250000000000000056 ) ;
#1286 = DIRECTION ( 'NONE',  ( -0.000000000000000000, -0.000000000000000000, -1.000000000000000000 ) ) ;
#1287 = SPHERICAL_SURFACE ( 'NONE', #6510, 0.2250000000000000056 ) ;
#1288 =( LENGTH_UNIT ( ) NAMED_UNIT ( * ) SI_UNIT ( .MILLI., .METRE. ) );
#1289 = EDGE_CURVE ( 'NONE', #6827, #1920, #768, .T. ) ;
#1290 = SPHERICAL_SURFACE ( 'NONE', #5417, 0.2250000000000000056 ) ;
#1291 = VERTEX_POINT ( 'NONE', #2838 ) ;
#1292 = DIRECTION ( 'NONE',  ( 0.000000000000000000, 1.000000000000000000, 0.000000000000000000 ) ) ;
#1293 = VERTEX_POINT ( 'NONE', #6858 ) ;
#1294 = SURFACE_STYLE_USAGE ( .BOTH. , #6477 ) ;
#1295 = DIRECTION ( 'NONE',  ( 0.000000000000000000, 0.000000000000000000, 1.000000000000000000 ) ) ;
#1296 = CIRCLE ( 'NONE', #4355, 0.2250000000000000056 ) ;
#1297 = CARTESIAN_POINT ( 'NONE',  ( -0.4000000000000000222, 0.2250000000000024758, 2.799999999999999822 ) ) ;
#1298 = EDGE_CURVE ( 'NONE', #4124, #7563, #1880, .T. ) ;
#1299 = EDGE_CURVE ( 'NONE', #1266, #7306, #3408, .T. ) ;
#1300 = FACE_OUTER_BOUND ( 'NONE', #6017, .T. ) ;
#1301 = EDGE_CURVE ( 'NONE', #6344, #5636, #6184, .T. ) ;
#1302 = DIRECTION ( 'NONE',  ( -1.000000000000000000, 0.000000000000000000, 0.000000000000000000 ) ) ;
#1303 = ORIENTED_EDGE ( 'NONE', *, *, #6515, .T. ) ;
#1304 = CIRCLE ( 'NONE', #7978, 0.2249999999999999500 ) ;
#1305 = EDGE_LOOP ( 'NONE', ( #7878, #8387, #4513, #213 ) ) ;
#1306 = ORIENTED_EDGE ( 'NONE', *, *, #7109, .T. ) ;
#1307 = ADVANCED_FACE ( 'NONE', ( #8168 ), #2922, .T. ) ;
#1308 = CARTESIAN_POINT ( 'NONE',  ( -1.199999999999999956, 0.2250000000000000056, -1.199999999999999956 ) ) ;
#1309 = CARTESIAN_POINT ( 'NONE',  ( 1.199999999999999956, 0.2250000000000035028, -1.199999999999999956 ) ) ;
#1310 = AXIS2_PLACEMENT_3D ( 'NONE', #6668, #2601, #5977 ) ;
#1311 = CARTESIAN_POINT ( 'NONE',  ( 1.199999999999999956, 0.3499999999999999778, -0.4000000000000000222 ) ) ;
#1312 = DIRECTION ( 'NONE',  ( -1.224646799147353207E-16, -0.000000000000000000, -1.000000000000000000 ) ) ;
#1313 = ORIENTED_EDGE ( 'NONE', *, *, #4908, .F. ) ;
#1314 = ORIENTED_EDGE ( 'NONE', *, *, #6786, .T. ) ;
#1315 = VERTEX_POINT ( 'NONE', #6034 ) ;
#1316 = AXIS2_PLACEMENT_3D ( 'NONE', #2189, #4841, #7010 ) ;
#1317 = DIRECTION ( 'NONE',  ( 1.000000000000000000, 5.795304382052429234E-16, 0.000000000000000000 ) ) ;
#1318 = DIRECTION ( 'NONE',  ( -1.000000000000000000, 0.000000000000000000, 0.000000000000000000 ) ) ;
#1319 = FACE_OUTER_BOUND ( 'NONE', #439, .T. ) ;
#1320 = DIRECTION ( 'NONE',  ( 1.000000000000000000, 5.795304382052414442E-16, 0.000000000000000000 ) ) ;
#1321 = FILL_AREA_STYLE_COLOUR ( '', #5603 ) ;
#1322 = CIRCLE ( 'NONE', #221, 0.2249999999999999500 ) ;
#1323 = DIRECTION ( 'NONE',  ( 0.000000000000000000, 1.000000000000000000, 0.000000000000000000 ) ) ;
#1324 = ORIENTED_EDGE ( 'NONE', *, *, #294, .F. ) ;
#1325 = SPHERICAL_SURFACE ( 'NONE', #4498, 0.2250000000000000056 ) ;
#1326 = CARTESIAN_POINT ( 'NONE',  ( -0.4000000000000000222, 0.2250000000000024758, 2.000000000000000000 ) ) ;
#1327 = AXIS2_PLACEMENT_3D ( 'NONE', #5685, #2363, #5014 ) ;
#1328 = CARTESIAN_POINT ( 'NONE',  ( 2.000000000000000000, 0.2250000000000040024, -0.4000000000000000222 ) ) ;
#1329 =( GEOMETRIC_REPRESENTATION_CONTEXT ( 3 ) GLOBAL_UNCERTAINTY_ASSIGNED_CONTEXT ( ( #7882 ) ) GLOBAL_UNIT_ASSIGNED_CONTEXT ( ( #8590, #5913, #2528 ) ) REPRESENTATION_CONTEXT ( 'NONE', 'WORKASPACE' ) );
#1330 = AXIS2_PLACEMENT_3D ( 'NONE', #1010, #5540, #7538 ) ;
#1331 = CARTESIAN_POINT ( 'NONE',  ( 1.199999999999999956, 0.2250000000000035028, 1.199999999999999956 ) ) ;
#1332 = VERTEX_POINT ( 'NONE', #3519 ) ;
#1333 = SPHERICAL_SURFACE ( 'NONE', #4778, 0.2250000000000000056 ) ;
#1334 = ORIENTED_EDGE ( 'NONE', *, *, #8076, .F. ) ;
#1335 = PLANE ( 'NONE',  #4283 ) ;
#1336 = CIRCLE ( 'NONE', #3022, 0.3500000000000000333 ) ;
#1337 = CARTESIAN_POINT ( 'NONE',  ( -1.199999999999999956, 0.000000000000000000, 1.199999999999999956 ) ) ;
#1338 =( GEOMETRIC_REPRESENTATION_CONTEXT ( 3 ) GLOBAL_UNCERTAINTY_ASSIGNED_CONTEXT ( ( #1178 ) ) GLOBAL_UNIT_ASSIGNED_CONTEXT ( ( #6526, #5251, #8427 ) ) REPRESENTATION_CONTEXT ( 'NONE', 'WORKASPACE' ) );
#1339 = UNCERTAINTY_MEASURE_WITH_UNIT (LENGTH_MEASURE( 1.000000000000000082E-05 ), #4541, 'distance_accuracy_value', 'NONE');
#1340 = DIRECTION ( 'NONE',  ( -0.000000000000000000, -0.000000000000000000, -1.000000000000000000 ) ) ;
#1341 =( NAMED_UNIT ( * ) PLANE_ANGLE_UNIT ( ) SI_UNIT ( $, .RADIAN. ) );
#1342 = DIRECTION ( 'NONE',  ( -0.000000000000000000, -0.000000000000000000, -1.000000000000000000 ) ) ;
#1343 = CIRCLE ( 'NONE', #7609, 0.3500000000000000333 ) ;
#1344 = CARTESIAN_POINT ( 'NONE',  ( -0.4000000000000000222, 0.2250000000000024758, 2.799999999999999822 ) ) ;
#1345 = CIRCLE ( 'NONE', #6212, 0.1870828693386989983 ) ;
#1346 = EDGE_LOOP ( 'NONE', ( #364, #1827, #6220 ) ) ;
#1347 = ORIENTED_EDGE ( 'NONE', *, *, #33, .F. ) ;
#1348 = ORIENTED_EDGE ( 'NONE', *, *, #3287, .F. ) ;
#1349 = ADVANCED_FACE ( 'NONE', ( #4855 ), #1465, .T. ) ;
#1350 = ADVANCED_FACE ( 'NONE', ( #5473 ), #5516, .T. ) ;
#1351 = DIRECTION ( 'NONE',  ( 0.000000000000000000, 0.000000000000000000, 1.000000000000000000 ) ) ;
#1352 = FACE_OUTER_BOUND ( 'NONE', #3193, .T. ) ;
#1353 = CIRCLE ( 'NONE', #7615, 0.2249999999999999500 ) ;
#1354 = AXIS2_PLACEMENT_3D ( 'NONE', #6415, #3112, #5770 ) ;
#1355 = CARTESIAN_POINT ( 'NONE',  ( 1.199999999999999956, 0.2250000000000035028, -2.799999999999999822 ) ) ;
#1356 = CARTESIAN_POINT ( 'NONE',  ( -3.412917130661300646, 0.3500000000000000888, -3.600000000000000089 ) ) ;
#1357 = EDGE_CURVE ( 'NONE', #243, #4901, #5205, .T. ) ;
#1358 = DIRECTION ( 'NONE',  ( -1.000000000000000000, 0.000000000000000000, 0.000000000000000000 ) ) ;
#1359 = EDGE_LOOP ( 'NONE', ( #5591, #1898, #4418 ) ) ;
#1360 = ORIENTED_EDGE ( 'NONE', *, *, #2100, .T. ) ;
#1361 = ORIENTED_EDGE ( 'NONE', *, *, #7377, .T. ) ;
#1362 = VECTOR ( 'NONE', #4653, 1000.000000000000000 ) ;
#1363 = CIRCLE ( 'NONE', #5390, 0.2249999999999999500 ) ;
#1364 = EDGE_CURVE ( 'NONE', #5060, #7966, #2296, .T. ) ;
#1365 = CARTESIAN_POINT ( 'NONE',  ( 3.600000000000000089, 0.3499999999999999778, -4.400000000000000355 ) ) ;
#1366 = DIRECTION ( 'NONE',  ( -1.000000000000000000, 0.000000000000000000, 0.000000000000000000 ) ) ;
#1367 = DIRECTION ( 'NONE',  ( -0.000000000000000000, -0.000000000000000000, -1.000000000000000000 ) ) ;
#1368 = ADVANCED_FACE ( 'NONE', ( #210 ), #5563, .T. ) ;
#1369 = SPHERICAL_SURFACE ( 'NONE', #2166, 0.2250000000000000056 ) ;
#1370 =( NAMED_UNIT ( * ) SI_UNIT ( $, .STERADIAN. ) SOLID_ANGLE_UNIT ( ) );
#1371 =( LENGTH_UNIT ( ) NAMED_UNIT ( * ) SI_UNIT ( .MILLI., .METRE. ) );
#1372 = AXIS2_PLACEMENT_3D ( 'NONE', #5435, #957, #6258 ) ;
#1373 = AXIS2_PLACEMENT_3D ( 'NONE', #3625, #3668, #2355 ) ;
#1374 =( NAMED_UNIT ( * ) SI_UNIT ( $, .STERADIAN. ) SOLID_ANGLE_UNIT ( ) );
#1375 = DIRECTION ( 'NONE',  ( -1.000000000000000000, 0.000000000000000000, 0.000000000000000000 ) ) ;
#1376 = ORIENTED_EDGE ( 'NONE', *, *, #727, .T. ) ;
#1377 = SURFACE_SIDE_STYLE ('',( #7342 ) ) ;
#1378 = DIRECTION ( 'NONE',  ( -1.000000000000000000, 0.000000000000000000, 0.000000000000000000 ) ) ;
#1379 = AXIS2_PLACEMENT_3D ( 'NONE', #1130, #4506, #2340 ) ;
#1380 = AXIS2_PLACEMENT_3D ( 'NONE', #3, #6607, #7409 ) ;
#1381 = DIRECTION ( 'NONE',  ( 1.000000000000000000, 0.000000000000000000, 0.000000000000000000 ) ) ;
#1382 = FACE_OUTER_BOUND ( 'NONE', #5357, .T. ) ;
#1383 =( NAMED_UNIT ( * ) SI_UNIT ( $, .STERADIAN. ) SOLID_ANGLE_UNIT ( ) );
#1384 = STYLED_ITEM ( 'NONE', ( #1121 ), #8313 ) ;
#1385 = CIRCLE ( 'NONE', #4571, 0.2249999999999999500 ) ;
#1386 = SPHERICAL_SURFACE ( 'NONE', #3750, 0.2250000000000000056 ) ;
#1387 = ORIENTED_EDGE ( 'NONE', *, *, #6882, .F. ) ;
#1388 = DIRECTION ( 'NONE',  ( 0.000000000000000000, 1.000000000000000000, 0.000000000000000000 ) ) ;
#1389 = EDGE_LOOP ( 'NONE', ( #453, #3133 ) ) ;
#1390 = DIRECTION ( 'NONE',  ( -0.000000000000000000, -0.000000000000000000, -1.000000000000000000 ) ) ;
#1391 = AXIS2_PLACEMENT_3D ( 'NONE', #697, #6170, #869 ) ;
#1392 = DIRECTION ( 'NONE',  ( 1.000000000000000000, 0.000000000000000000, 0.000000000000000000 ) ) ;
#1393 = CIRCLE ( 'NONE', #6661, 0.2250000000000000056 ) ;
#1394 = DIRECTION ( 'NONE',  ( -1.000000000000000000, 0.000000000000000000, 0.000000000000000000 ) ) ;
#1395 = SURFACE_SIDE_STYLE ('',( #7403 ) ) ;
#1396 = DIRECTION ( 'NONE',  ( 0.000000000000000000, 0.000000000000000000, 1.000000000000000000 ) ) ;
#1397 = CARTESIAN_POINT ( 'NONE',  ( 1.199999999999999956, 3.496552006265751800E-15, 0.4000000000000000222 ) ) ;
#1398 = ORIENTED_EDGE ( 'NONE', *, *, #3332, .F. ) ;
#1399 = ORIENTED_EDGE ( 'NONE', *, *, #994, .T. ) ;
#1400 = ORIENTED_EDGE ( 'NONE', *, *, #7579, .T. ) ;
#1401 = CARTESIAN_POINT ( 'NONE',  ( 1.199999999999999956, 3.496552006265751800E-15, -0.4000000000000000222 ) ) ;
#1402 = DIRECTION ( 'NONE',  ( -1.000000000000000000, 0.000000000000000000, 0.000000000000000000 ) ) ;
#1403 = ADVANCED_FACE ( 'NONE', ( #8215 ), #4120, .F. ) ;
#1404 = CARTESIAN_POINT ( 'NONE',  ( 1.199999999999999956, 0.2250000000000035028, 2.000000000000000000 ) ) ;
#1405 = ORIENTED_EDGE ( 'NONE', *, *, #1464, .T. ) ;
#1406 = EDGE_LOOP ( 'NONE', ( #785, #8110 ) ) ;
#1407 = ORIENTED_EDGE ( 'NONE', *, *, #7543, .F. ) ;
#1408 = DIRECTION ( 'NONE',  ( -0.000000000000000000, -0.000000000000000000, -1.000000000000000000 ) ) ;
#1409 = DIRECTION ( 'NONE',  ( 0.000000000000000000, 1.000000000000000000, 0.000000000000000000 ) ) ;
#1410 = VECTOR ( 'NONE', #54, 1000.000000000000000 ) ;
#1411 = EDGE_CURVE ( 'NONE', #5286, #5496, #1322, .T. ) ;
#1412 = AXIS2_PLACEMENT_3D ( 'NONE', #1355, #705, #3363 ) ;
#1413 = DIRECTION ( 'NONE',  ( -1.000000000000000000, 0.000000000000000000, 0.000000000000000000 ) ) ;
#1414 = PRESENTATION_STYLE_ASSIGNMENT (( #8339 ) ) ;
#1415 = CARTESIAN_POINT ( 'NONE',  ( -2.000000000000000000, 0.2250000000000000056, 2.799999999999999822 ) ) ;
#1416 = EDGE_CURVE ( 'NONE', #197, #8464, #3560, .T. ) ;
#1417 = CARTESIAN_POINT ( 'NONE',  ( 1.199999999999999956, 0.2250000000000035028, -2.000000000000000000 ) ) ;
#1418 = ORIENTED_EDGE ( 'NONE', *, *, #3504, .T. ) ;
#1419 = CIRCLE ( 'NONE', #4052, 0.2249999999999999500 ) ;
#1420 = EDGE_CURVE ( 'NONE', #761, #1921, #6741, .T. ) ;
#1421 = CIRCLE ( 'NONE', #1006, 0.2249999999999999500 ) ;
#1422 = CARTESIAN_POINT ( 'NONE',  ( 2.799999999999999822, 0.2250000000000045020, 4.400000000000000355 ) ) ;
#1423 = DIRECTION ( 'NONE',  ( -1.000000000000000000, 0.000000000000000000, 0.000000000000000000 ) ) ;
#1424 = CARTESIAN_POINT ( 'NONE',  ( -0.1750000000000000167, 0.2250000000000024758, -0.4000000000000000777 ) ) ;
#1425 = AXIS2_PLACEMENT_3D ( 'NONE', #7982, #4762, #3470 ) ;
#1426 = COLOUR_RGB ( '',0.2509803921568627416, 0.2509803921568627416, 0.2509803921568627416 ) ;
#1427 = CARTESIAN_POINT ( 'NONE',  ( 1.387082869338698954, 0.3500000000000000888, 1.199999999999999956 ) ) ;
#1428 = ORIENTED_EDGE ( 'NONE', *, *, #6197, .F. ) ;
#1429 = AXIS2_PLACEMENT_3D ( 'NONE', #922, #6225, #7456 ) ;
#1430 = DIRECTION ( 'NONE',  ( -1.000000000000000000, 0.000000000000000000, 0.000000000000000000 ) ) ;
#1431 = ORIENTED_EDGE ( 'NONE', *, *, #6304, .T. ) ;
#1432 = CARTESIAN_POINT ( 'NONE',  ( -2.000000000000000000, 0.2250000000000000056, -0.4000000000000000222 ) ) ;
#1433 = DIRECTION ( 'NONE',  ( -0.000000000000000000, -0.000000000000000000, -1.000000000000000000 ) ) ;
#1434 = DIRECTION ( 'NONE',  ( -0.000000000000000000, -0.000000000000000000, -1.000000000000000000 ) ) ;
#1435 = UNCERTAINTY_MEASURE_WITH_UNIT (LENGTH_MEASURE( 1.000000000000000082E-05 ), #356, 'distance_accuracy_value', 'NONE');
#1436 = DIRECTION ( 'NONE',  ( 5.795304382052420359E-16, -1.000000000000000000, 0.000000000000000000 ) ) ;
#1437 = ORIENTED_EDGE ( 'NONE', *, *, #5285, .F. ) ;
#1438 = DIRECTION ( 'NONE',  ( 5.795304382052420359E-16, -1.000000000000000000, 0.000000000000000000 ) ) ;
#1439 = ORIENTED_EDGE ( 'NONE', *, *, #6448, .T. ) ;
#1440 = ORIENTED_EDGE ( 'NONE', *, *, #1639, .F. ) ;
#1441 = ORIENTED_EDGE ( 'NONE', *, *, #4072, .F. ) ;
#1442 = DIRECTION ( 'NONE',  ( -1.000000000000000000, 0.000000000000000000, 0.000000000000000000 ) ) ;
#1443 = CLOSED_SHELL ( 'NONE', ( #2309, #3116, #2268, #6204, #2818 ) ) ;
#1444 = LINE ( 'NONE', #2636, #1362 ) ;
#1445 = CARTESIAN_POINT ( 'NONE',  ( 1.199999999999999956, 3.496552006265751800E-15, -2.799999999999999822 ) ) ;
#1446 = CARTESIAN_POINT ( 'NONE',  ( 0.9749999999999999778, 0.2250000000000035028, -0.4000000000000000222 ) ) ;
#1447 = AXIS2_PLACEMENT_3D ( 'NONE', #6463, #2334, #1860 ) ;
#1448 = DIRECTION ( 'NONE',  ( -1.000000000000000000, 0.000000000000000000, 0.000000000000000000 ) ) ;
#1449 = ORIENTED_EDGE ( 'NONE', *, *, #4760, .T. ) ;
#1450 = ORIENTED_EDGE ( 'NONE', *, *, #2959, .T. ) ;
#1451 = ORIENTED_EDGE ( 'NONE', *, *, #6098, .T. ) ;
#1452 = DIRECTION ( 'NONE',  ( -0.000000000000000000, -0.000000000000000000, -1.000000000000000000 ) ) ;
#1453 = DIRECTION ( 'NONE',  ( -1.000000000000000000, 0.000000000000000000, 0.000000000000000000 ) ) ;
#1454 = CARTESIAN_POINT ( 'NONE',  ( 2.799999999999999822, 0.2250000000000045020, -4.400000000000000355 ) ) ;
#1455 = CIRCLE ( 'NONE', #619, 0.2250000000000000056 ) ;
#1456 = CARTESIAN_POINT ( 'NONE',  ( -0.4000000000000000222, 0.2250000000000024758, 0.4000000000000000222 ) ) ;
#1457 = DIRECTION ( 'NONE',  ( -1.000000000000000000, 0.000000000000000000, 0.000000000000000000 ) ) ;
#1458 = DIRECTION ( 'NONE',  ( -0.000000000000000000, -0.000000000000000000, -1.000000000000000000 ) ) ;
#1459 = VERTEX_POINT ( 'NONE', #8363 ) ;
#1460 = CIRCLE ( 'NONE', #2878, 0.2249999999999999500 ) ;
#1461 = DIRECTION ( 'NONE',  ( -1.000000000000000000, 0.000000000000000000, 0.000000000000000000 ) ) ;
#1462 = ADVANCED_FACE ( 'NONE', ( #2954 ), #6243, .T. ) ;
#1463 = DIRECTION ( 'NONE',  ( -1.000000000000000000, 0.000000000000000000, 0.000000000000000000 ) ) ;
#1464 = EDGE_CURVE ( 'NONE', #6573, #5885, #4511, .T. ) ;
#1465 = SPHERICAL_SURFACE ( 'NONE', #7304, 0.2250000000000000056 ) ;
#1466 = CIRCLE ( 'NONE', #6328, 0.1870828693386994979 ) ;
#1467 = ADVANCED_BREP_SHAPE_REPRESENTATION ( 'MT29F4G08ABBDAH4_D', ( #8299, #5572, #8376, #5614, #5526, #5351, #5384, #5317, #8514, #2599, #2569, #5433, #8438, #8466, #8450, #5369, #5302, #8406, #2661, #2583, #2455, #2555, #5332, #2537, #2368, #5449, #8313, #2746, #8392, #2521, #8281, #8173, #8218, #5510, #5421, #8056, #8254, #2714, #2687, #2507, #8499, #5480, #2617, #5492, #2673, #2644, #5403, #2441, #5470, #8265, #5588, #2701, #8235, #2410, #8190, #8333, #5543, #2493, #2630, #2729, #8208, #2472, #8421, #5602, #8365, #2811 ), #5269 ) ;
#1468 = FILL_AREA_STYLE ('',( #170 ) ) ;
#1469 = ADVANCED_FACE ( 'NONE', ( #6376 ), #2415, .T. ) ;
#1470 = EDGE_LOOP ( 'NONE', ( #3368, #8515, #6972, #1772 ) ) ;
#1471 = CIRCLE ( 'NONE', #8003, 0.2249999999999999500 ) ;
#1472 = SPHERICAL_SURFACE ( 'NONE', #612, 0.2250000000000000056 ) ;
#1473 = ORIENTED_EDGE ( 'NONE', *, *, #4973, .F. ) ;
#1474 = FACE_OUTER_BOUND ( 'NONE', #7629, .T. ) ;
#1475 = EDGE_CURVE ( 'NONE', #3836, #7497, #1753, .T. ) ;
#1476 = DIRECTION ( 'NONE',  ( -1.000000000000000000, 0.000000000000000000, 0.000000000000000000 ) ) ;
#1477 = FILL_AREA_STYLE ('',( #262 ) ) ;
#1478 = PRESENTATION_LAYER_ASSIGNMENT (  '', '', ( #5786 ) ) ;
#1479 = AXIS2_PLACEMENT_3D ( 'NONE', #7665, #6270, #6314 ) ;
#1480 = DIRECTION ( 'NONE',  ( -1.000000000000000000, 0.000000000000000000, 0.000000000000000000 ) ) ;
#1481 = DIRECTION ( 'NONE',  ( -0.000000000000000000, -0.000000000000000000, -1.000000000000000000 ) ) ;
#1482 = ORIENTED_EDGE ( 'NONE', *, *, #7159, .F. ) ;
#1483 = EDGE_LOOP ( 'NONE', ( #974, #3884 ) ) ;
#1484 = ORIENTED_EDGE ( 'NONE', *, *, #6360, .F. ) ;
#1485 = STYLED_ITEM ( 'NONE', ( #3433 ), #2729 ) ;
#1486 = DIRECTION ( 'NONE',  ( -0.000000000000000000, -0.000000000000000000, -1.000000000000000000 ) ) ;
#1487 = PRESENTATION_LAYER_ASSIGNMENT (  '', '', ( #791 ) ) ;
#1488 = DIRECTION ( 'NONE',  ( 5.795304382052420359E-16, -1.000000000000000000, 0.000000000000000000 ) ) ;
#1489 = CARTESIAN_POINT ( 'NONE',  ( -2.799999999999999822, 0.000000000000000000, -4.400000000000000355 ) ) ;
#1490 = AXIS2_PLACEMENT_3D ( 'NONE', #4493, #3811, #6452 ) ;
#1491 = AXIS2_PLACEMENT_3D ( 'NONE', #1422, #4201, #70 ) ;
#1492 = DIRECTION ( 'NONE',  ( -1.224646799147353207E-16, -0.000000000000000000, -1.000000000000000000 ) ) ;
#1493 = DIRECTION ( 'NONE',  ( -0.000000000000000000, -0.000000000000000000, -1.000000000000000000 ) ) ;
#1494 = ORIENTED_EDGE ( 'NONE', *, *, #3189, .T. ) ;
#1495 = ORIENTED_EDGE ( 'NONE', *, *, #7118, .F. ) ;
#1496 = VERTEX_POINT ( 'NONE', #6289 ) ;
#1497 = CARTESIAN_POINT ( 'NONE',  ( 2.000000000000000000, 0.2250000000000040024, 0.4000000000000000222 ) ) ;
#1498 = CIRCLE ( 'NONE', #6355, 0.2249999999999999500 ) ;
#1499 = CIRCLE ( 'NONE', #5535, 0.2249999999999999500 ) ;
#1500 = CARTESIAN_POINT ( 'NONE',  ( -1.109500223176831950E-15, 0.3499999999999999778, 8.000000000000000000 ) ) ;
#1501 = DIRECTION ( 'NONE',  ( 0.000000000000000000, 0.000000000000000000, 1.000000000000000000 ) ) ;
#1502 = CARTESIAN_POINT ( 'NONE',  ( -0.4000000000000000222, 0.2250000000000024758, 2.000000000000000000 ) ) ;
#1503 = CARTESIAN_POINT ( 'NONE',  ( 0.4000000000000000222, 0.2250000000000030032, 2.799999999999999822 ) ) ;
#1504 = AXIS2_PLACEMENT_3D ( 'NONE', #1308, #2005, #2941 ) ;
#1505 = CIRCLE ( 'NONE', #6364, 0.2249999999999999500 ) ;
#1506 = ORIENTED_EDGE ( 'NONE', *, *, #7308, .F. ) ;
#1507 = DIRECTION ( 'NONE',  ( -0.000000000000000000, -0.000000000000000000, -1.000000000000000000 ) ) ;
#1508 = DIRECTION ( 'NONE',  ( 0.000000000000000000, 0.000000000000000000, 1.000000000000000000 ) ) ;
#1509 = CIRCLE ( 'NONE', #5952, 0.2249999999999999500 ) ;
#1510 = CARTESIAN_POINT ( 'NONE',  ( -2.000000000000000000, 0.2250000000000000056, 1.199999999999999956 ) ) ;
#1511 = CIRCLE ( 'NONE', #4840, 0.1870828693386989983 ) ;
#1512 = EDGE_CURVE ( 'NONE', #4261, #7941, #5075, .T. ) ;
#1513 = AXIS2_PLACEMENT_3D ( 'NONE', #610, #5296, #3314 ) ;
#1514 = ORIENTED_EDGE ( 'NONE', *, *, #4077, .T. ) ;
#1515 = DIRECTION ( 'NONE',  ( -1.000000000000000000, 0.000000000000000000, 0.000000000000000000 ) ) ;
#1516 = ORIENTED_EDGE ( 'NONE', *, *, #7431, .F. ) ;
#1517 = EDGE_CURVE ( 'NONE', #5743, #8467, #6467, .T. ) ;
#1518 = CARTESIAN_POINT ( 'NONE',  ( 5.599999999999999645, 0.3499999999999999778, 7.200000000000000178 ) ) ;
#1519 = ADVANCED_FACE ( 'NONE', ( #5111 ), #4940, .F. ) ;
#1520 = CARTESIAN_POINT ( 'NONE',  ( -0.2129171306613005243, 0.3500000000000000888, 2.000000000000000000 ) ) ;
#1521 =( GEOMETRIC_REPRESENTATION_CONTEXT ( 3 ) GLOBAL_UNCERTAINTY_ASSIGNED_CONTEXT ( ( #3622 ) ) GLOBAL_UNIT_ASSIGNED_CONTEXT ( ( #5152, #6946, #8364 ) ) REPRESENTATION_CONTEXT ( 'NONE', 'WORKASPACE' ) );
#1522 = DIRECTION ( 'NONE',  ( 0.000000000000000000, 1.000000000000000000, 0.000000000000000000 ) ) ;
#1523 = AXIS2_PLACEMENT_3D ( 'NONE', #5788, #4468, #6686 ) ;
#1524 = FILL_AREA_STYLE_COLOUR ( '', #2382 ) ;
#1525 = CARTESIAN_POINT ( 'NONE',  ( 3.600000000000000089, 0.2250000000000049738, -3.600000000000000089 ) ) ;
#1526 = ADVANCED_FACE ( 'NONE', ( #2372 ), #5772, .F. ) ;
#1527 = DIRECTION ( 'NONE',  ( 5.795304382052420359E-16, -1.000000000000000000, 0.000000000000000000 ) ) ;
#1528 = ORIENTED_EDGE ( 'NONE', *, *, #891, .F. ) ;
#1529 = ADVANCED_FACE ( 'NONE', ( #3039 ), #5064, .T. ) ;
#1530 = ORIENTED_EDGE ( 'NONE', *, *, #3551, .T. ) ;
#1531 = VERTEX_POINT ( 'NONE', #2995 ) ;
#1532 = CIRCLE ( 'NONE', #7648, 0.2250000000000000056 ) ;
#1533 = CIRCLE ( 'NONE', #286, 0.2250000000000000056 ) ;
#1534 = SURFACE_STYLE_FILL_AREA ( #2267 ) ;
#1535 = FACE_OUTER_BOUND ( 'NONE', #5923, .T. ) ;
#1536 = PRODUCT_DEFINITION_CONTEXT ( 'detailed design', #180, 'design' ) ;
#1537 = DIRECTION ( 'NONE',  ( -0.000000000000000000, -0.000000000000000000, -1.000000000000000000 ) ) ;
#1538 = AXIS2_PLACEMENT_3D ( 'NONE', #4909, #5616, #6128 ) ;
#1539 = CARTESIAN_POINT ( 'NONE',  ( -1.775000000000000133, 0.2250000000000000056, 0.3999999999999999667 ) ) ;
#1540 = DIRECTION ( 'NONE',  ( 1.000000000000000000, 0.000000000000000000, 0.000000000000000000 ) ) ;
#1541 = ORIENTED_EDGE ( 'NONE', *, *, #887, .T. ) ;
#1542 = ORIENTED_EDGE ( 'NONE', *, *, #1850, .T. ) ;
#1543 = VERTEX_POINT ( 'NONE', #4412 ) ;
#1544 = SPHERICAL_SURFACE ( 'NONE', #6594, 0.2250000000000000056 ) ;
#1545 = DIRECTION ( 'NONE',  ( -1.224646799147353207E-16, -0.000000000000000000, -1.000000000000000000 ) ) ;
#1546 = DIRECTION ( 'NONE',  ( -1.000000000000000000, 0.000000000000000000, 0.000000000000000000 ) ) ;
#1547 = DIRECTION ( 'NONE',  ( 1.000000000000000000, 5.795304382052416415E-16, 0.000000000000000000 ) ) ;
#1548 = PRESENTATION_STYLE_ASSIGNMENT (( #2284 ) ) ;
#1549 = CARTESIAN_POINT ( 'NONE',  ( -0.9749999999999999778, 0.2250000000000000056, 1.199999999999999956 ) ) ;
#1550 = ORIENTED_EDGE ( 'NONE', *, *, #8122, .F. ) ;
#1551 = FACE_OUTER_BOUND ( 'NONE', #481, .T. ) ;
#1552 = CARTESIAN_POINT ( 'NONE',  ( 2.799999999999999822, 0.2250000000000045020, 3.600000000000000089 ) ) ;
#1553 = DIRECTION ( 'NONE',  ( -1.224646799147353207E-16, -0.000000000000000000, -1.000000000000000000 ) ) ;
#1554 = SURFACE_STYLE_FILL_AREA ( #6989 ) ;
#1555 = AXIS2_PLACEMENT_3D ( 'NONE', #90, #2762, #7237 ) ;
#1556 = AXIS2_PLACEMENT_3D ( 'NONE', #3321, #219, #870 ) ;
#1557 = ORIENTED_EDGE ( 'NONE', *, *, #4748, .F. ) ;
#1558 = DIRECTION ( 'NONE',  ( 0.000000000000000000, 0.000000000000000000, 1.000000000000000000 ) ) ;
#1559 = ORIENTED_EDGE ( 'NONE', *, *, #6410, .T. ) ;
#1560 = AXIS2_PLACEMENT_3D ( 'NONE', #371, #2914, #2324 ) ;
#1561 =( GEOMETRIC_REPRESENTATION_CONTEXT ( 3 ) GLOBAL_UNCERTAINTY_ASSIGNED_CONTEXT ( ( #7959 ) ) GLOBAL_UNIT_ASSIGNED_CONTEXT ( ( #6815, #8172, #1383 ) ) REPRESENTATION_CONTEXT ( 'NONE', 'WORKASPACE' ) );
#1562 = CARTESIAN_POINT ( 'NONE',  ( 2.000000000000000000, 0.2250000000000040024, -1.199999999999999956 ) ) ;
#1563 = ADVANCED_FACE ( 'NONE', ( #5024 ), #2329, .T. ) ;
#1564 = DIRECTION ( 'NONE',  ( 1.000000000000000000, 5.795304382052416415E-16, 0.000000000000000000 ) ) ;
#1565 = DIRECTION ( 'NONE',  ( -1.000000000000000000, 0.000000000000000000, 0.000000000000000000 ) ) ;
#1566 = CARTESIAN_POINT ( 'NONE',  ( 1.199999999999999956, 0.2250000000000035028, 2.799999999999999822 ) ) ;
#1567 = ORIENTED_EDGE ( 'NONE', *, *, #4547, .T. ) ;
#1568 = EDGE_LOOP ( 'NONE', ( #537, #2437 ) ) ;
#1569 = EDGE_LOOP ( 'NONE', ( #8008, #941, #2622, #1626 ) ) ;
#1570 = ADVANCED_FACE ( 'NONE', ( #7725 ), #6901, .T. ) ;
#1571 = DIRECTION ( 'NONE',  ( -1.000000000000000000, 0.000000000000000000, 0.000000000000000000 ) ) ;
#1572 = ADVANCED_FACE ( 'NONE', ( #5648 ), #7683, .F. ) ;
#1573 = EDGE_CURVE ( 'NONE', #6742, #6079, #1466, .T. ) ;
#1574 = DIRECTION ( 'NONE',  ( -0.000000000000000000, -0.000000000000000000, -1.000000000000000000 ) ) ;
#1575 = ADVANCED_FACE ( 'NONE', ( #589 ), #506, .T. ) ;
#1576 = DIRECTION ( 'NONE',  ( -1.000000000000000000, 0.000000000000000000, 0.000000000000000000 ) ) ;
#1577 = SPHERICAL_SURFACE ( 'NONE', #5826, 0.2250000000000000056 ) ;
#1578 = ORIENTED_EDGE ( 'NONE', *, *, #6679, .F. ) ;
#1579 = CLOSED_SHELL ( 'NONE', ( #4585, #6088, #8621, #244, #7587 ) ) ;
#1580 = EDGE_CURVE ( 'NONE', #6079, #6742, #4795, .T. ) ;
#1581 = VERTEX_POINT ( 'NONE', #7292 ) ;
#1582 = ORIENTED_EDGE ( 'NONE', *, *, #7613, .T. ) ;
#1583 = DIRECTION ( 'NONE',  ( 1.000000000000000000, 5.795304382052416415E-16, 0.000000000000000000 ) ) ;
#1584 = FACE_OUTER_BOUND ( 'NONE', #5454, .T. ) ;
#1585 = CARTESIAN_POINT ( 'NONE',  ( 2.799999999999999822, 0.2250000000000045020, 3.600000000000000089 ) ) ;
#1586 = EDGE_CURVE ( 'NONE', #7887, #6816, #3277, .T. ) ;
#1587 = CARTESIAN_POINT ( 'NONE',  ( -2.799999999999999822, 0.2250000000000000056, 4.400000000000000355 ) ) ;
#1588 = CIRCLE ( 'NONE', #6031, 0.2249999999999999500 ) ;
#1589 = DIRECTION ( 'NONE',  ( 5.795304382052420359E-16, -1.000000000000000000, 0.000000000000000000 ) ) ;
#1590 = CARTESIAN_POINT ( 'NONE',  ( 1.199999999999999956, 0.2250000000000035028, -0.4000000000000000222 ) ) ;
#1591 = EDGE_LOOP ( 'NONE', ( #6733, #854 ) ) ;
#1592 = AXIS2_PLACEMENT_3D ( 'NONE', #3865, #632, #1593 ) ;
#1593 = DIRECTION ( 'NONE',  ( 0.000000000000000000, 0.000000000000000000, -1.000000000000000000 ) ) ;
#1594 = DIRECTION ( 'NONE',  ( -1.000000000000000000, 0.000000000000000000, 0.000000000000000000 ) ) ;
#1595 = DIRECTION ( 'NONE',  ( 1.000000000000000000, 5.795304382052429234E-16, 0.000000000000000000 ) ) ;
#1596 = PRESENTATION_STYLE_ASSIGNMENT (( #5426 ) ) ;
#1597 = CIRCLE ( 'NONE', #758, 0.2250000000000000056 ) ;
#1598 = EDGE_LOOP ( 'NONE', ( #8492, #7888, #8191 ) ) ;
#1599 = EDGE_LOOP ( 'NONE', ( #6, #4188, #4354, #6755 ) ) ;
#1600 = DIRECTION ( 'NONE',  ( -1.000000000000000000, 0.000000000000000000, 0.000000000000000000 ) ) ;
#1601 = ORIENTED_EDGE ( 'NONE', *, *, #4075, .F. ) ;
#1602 = DIRECTION ( 'NONE',  ( -1.000000000000000000, 0.000000000000000000, 0.000000000000000000 ) ) ;
#1603 = AXIS2_PLACEMENT_3D ( 'NONE', #3180, #1871, #6478 ) ;
#1604 = DIRECTION ( 'NONE',  ( -1.000000000000000000, 0.000000000000000000, 0.000000000000000000 ) ) ;
#1605 = SURFACE_STYLE_USAGE ( .BOTH. , #4172 ) ;
#1606 = DIRECTION ( 'NONE',  ( 1.000000000000000000, 5.795304382052429234E-16, 0.000000000000000000 ) ) ;
#1607 = SURFACE_STYLE_FILL_AREA ( #4379 ) ;
#1608 = MECHANICAL_DESIGN_GEOMETRIC_PRESENTATION_REPRESENTATION (  '', ( #2446 ), #8578 ) ;
#1609 = CIRCLE ( 'NONE', #2738, 0.2249999999999999500 ) ;
#1610 = CARTESIAN_POINT ( 'NONE',  ( -3.600000000000000089, 0.2250000000000000056, 3.600000000000000089 ) ) ;
#1611 = EDGE_LOOP ( 'NONE', ( #1376, #2357, #702, #3779 ) ) ;
#1612 = ORIENTED_EDGE ( 'NONE', *, *, #4598, .T. ) ;
#1613 = ORIENTED_EDGE ( 'NONE', *, *, #5883, .T. ) ;
#1614 = SPHERICAL_SURFACE ( 'NONE', #4110, 0.2250000000000000056 ) ;
#1615 = DIRECTION ( 'NONE',  ( -1.000000000000000000, 0.000000000000000000, 0.000000000000000000 ) ) ;
#1616 = CIRCLE ( 'NONE', #6472, 0.2250000000000000056 ) ;
#1617 = UNCERTAINTY_MEASURE_WITH_UNIT (LENGTH_MEASURE( 1.000000000000000082E-05 ), #8086, 'distance_accuracy_value', 'NONE');
#1618 = FACE_OUTER_BOUND ( 'NONE', #441, .T. ) ;
#1619 = FACE_OUTER_BOUND ( 'NONE', #7935, .T. ) ;
#1620 = CARTESIAN_POINT ( 'NONE',  ( -2.225000000000000089, 0.2250000000000000056, 0.4000000000000000222 ) ) ;
#1621 = ADVANCED_FACE ( 'NONE', ( #3816 ), #7824, .T. ) ;
#1622 = AXIS2_PLACEMENT_3D ( 'NONE', #5745, #5613, #1081 ) ;
#1623 = EDGE_LOOP ( 'NONE', ( #2790, #3449 ) ) ;
#1624 = PRESENTATION_LAYER_ASSIGNMENT (  '', '', ( #2606 ) ) ;
#1625 = EDGE_CURVE ( 'NONE', #2718, #2012, #8139, .T. ) ;
#1626 = ORIENTED_EDGE ( 'NONE', *, *, #472, .T. ) ;
#1627 = VERTEX_POINT ( 'NONE', #7252 ) ;
#1628 = DIRECTION ( 'NONE',  ( -0.000000000000000000, -0.000000000000000000, -1.000000000000000000 ) ) ;
#1629 = FACE_OUTER_BOUND ( 'NONE', #2980, .T. ) ;
#1630 = EDGE_CURVE ( 'NONE', #5069, #2685, #1187, .T. ) ;
#1631 = SPHERICAL_SURFACE ( 'NONE', #4823, 0.2250000000000000056 ) ;
#1632 = DIRECTION ( 'NONE',  ( -0.000000000000000000, -0.000000000000000000, -1.000000000000000000 ) ) ;
#1633 = CIRCLE ( 'NONE', #794, 0.2249999999999999500 ) ;
#1634 = COLOUR_RGB ( '',0.7921568627450980005, 0.8196078431372548767, 0.9333333333333333481 ) ;
#1635 = DIRECTION ( 'NONE',  ( -1.000000000000000000, 0.000000000000000000, 0.000000000000000000 ) ) ;
#1636 = EDGE_CURVE ( 'NONE', #536, #5625, #4375, .T. ) ;
#1637 = DIRECTION ( 'NONE',  ( -1.000000000000000000, 0.000000000000000000, 0.000000000000000000 ) ) ;
#1638 = ORIENTED_EDGE ( 'NONE', *, *, #1630, .T. ) ;
#1639 = EDGE_CURVE ( 'NONE', #6175, #3821, #629, .T. ) ;
#1640 = CIRCLE ( 'NONE', #8469, 0.1870828693386994146 ) ;
#1641 = AXIS2_PLACEMENT_3D ( 'NONE', #626, #1194, #3289 ) ;
#1642 = EDGE_CURVE ( 'NONE', #3058, #1581, #1609, .T. ) ;
#1643 = CARTESIAN_POINT ( 'NONE',  ( -2.000000000000000000, 0.000000000000000000, -2.799999999999999822 ) ) ;
#1644 = SPHERICAL_SURFACE ( 'NONE', #5226, 0.2250000000000000056 ) ;
#1645 = CARTESIAN_POINT ( 'NONE',  ( 6.400000000000000355, 0.3500000000000044742, 8.800000000000000711 ) ) ;
#1646 = AXIS2_PLACEMENT_3D ( 'NONE', #4791, #7285, #1358 ) ;
#1647 = CIRCLE ( 'NONE', #260, 0.1870828693386989428 ) ;
#1648 = EDGE_CURVE ( 'NONE', #7733, #2924, #7586, .T. ) ;
#1649 = ORIENTED_EDGE ( 'NONE', *, *, #8472, .F. ) ;
#1650 = ORIENTED_EDGE ( 'NONE', *, *, #620, .F. ) ;
#1651 = DIRECTION ( 'NONE',  ( -0.000000000000000000, -0.000000000000000000, -1.000000000000000000 ) ) ;
#1652 = ORIENTED_EDGE ( 'NONE', *, *, #6941, .T. ) ;
#1653 = AXIS2_PLACEMENT_3D ( 'NONE', #3015, #7537, #6269 ) ;
#1654 = CIRCLE ( 'NONE', #7346, 0.2250000000000000056 ) ;
#1655 = SPHERICAL_SURFACE ( 'NONE', #7326, 0.2250000000000000056 ) ;
#1656 = CARTESIAN_POINT ( 'NONE',  ( 1.387082869338698954, 0.3500000000000000888, -2.799999999999999822 ) ) ;
#1657 = CARTESIAN_POINT ( 'NONE',  ( -2.000000000000000000, 0.2250000000000000056, -1.199999999999999956 ) ) ;
#1658 = DIRECTION ( 'NONE',  ( -0.000000000000000000, -0.000000000000000000, -1.000000000000000000 ) ) ;
#1659 = CARTESIAN_POINT ( 'NONE',  ( 2.612917130661300380, 0.3499999999999998668, -4.400000000000000355 ) ) ;
#1660 = CIRCLE ( 'NONE', #2788, 0.1870828693386994979 ) ;
#1661 = PLANE ( 'NONE',  #6691 ) ;
#1662 = CARTESIAN_POINT ( 'NONE',  ( 2.799999999999999822, 0.2250000000000045020, 3.600000000000000089 ) ) ;
#1663 = ORIENTED_EDGE ( 'NONE', *, *, #6512, .F. ) ;
#1664 = ORIENTED_EDGE ( 'NONE', *, *, #6508, .T. ) ;
#1665 = VERTEX_POINT ( 'NONE', #5939 ) ;
#1666 = DIRECTION ( 'NONE',  ( -6.938893903907230350E-16, 1.000000000000000000, 0.000000000000000000 ) ) ;
#1667 =( GEOMETRIC_REPRESENTATION_CONTEXT ( 3 ) GLOBAL_UNCERTAINTY_ASSIGNED_CONTEXT ( ( #8241 ) ) GLOBAL_UNIT_ASSIGNED_CONTEXT ( ( #8582, #3476, #5474 ) ) REPRESENTATION_CONTEXT ( 'NONE', 'WORKASPACE' ) );
#1668 = CIRCLE ( 'NONE', #412, 0.2249999999999999500 ) ;
#1669 = DIRECTION ( 'NONE',  ( -0.000000000000000000, -0.000000000000000000, -1.000000000000000000 ) ) ;
#1670 = SURFACE_SIDE_STYLE ('',( #4923 ) ) ;
#1671 = DIRECTION ( 'NONE',  ( -1.000000000000000000, 0.000000000000000000, 0.000000000000000000 ) ) ;
#1672 = DIRECTION ( 'NONE',  ( -0.000000000000000000, -0.000000000000000000, -1.000000000000000000 ) ) ;
#1673 = CIRCLE ( 'NONE', #4028, 0.2250000000000000056 ) ;
#1674 = ORIENTED_EDGE ( 'NONE', *, *, #6070, .F. ) ;
#1675 = ORIENTED_EDGE ( 'NONE', *, *, #769, .T. ) ;
#1676 = ORIENTED_EDGE ( 'NONE', *, *, #3909, .T. ) ;
#1677 = DIRECTION ( 'NONE',  ( -1.000000000000000000, 0.000000000000000000, 0.000000000000000000 ) ) ;
#1678 = MECHANICAL_DESIGN_GEOMETRIC_PRESENTATION_REPRESENTATION (  '', ( #561 ), #3206 ) ;
#1679 = CARTESIAN_POINT ( 'NONE',  ( 1.199999999999999956, 0.2250000000000035028, -2.799999999999999822 ) ) ;
#1680 = AXIS2_PLACEMENT_3D ( 'NONE', #7636, #4846, #1635 ) ;
#1681 = EDGE_CURVE ( 'NONE', #3294, #2132, #3835, .T. ) ;
#1682 = DIRECTION ( 'NONE',  ( -1.224646799147353207E-16, -0.000000000000000000, -1.000000000000000000 ) ) ;
#1683 = CARTESIAN_POINT ( 'NONE',  ( -1.199999999999999956, 0.2250000000000000056, 2.000000000000000000 ) ) ;
#1684 = EDGE_LOOP ( 'NONE', ( #3503, #5779, #2444, #3992 ) ) ;
#1685 = DIRECTION ( 'NONE',  ( -1.000000000000000000, 0.000000000000000000, 0.000000000000000000 ) ) ;
#1686 = ADVANCED_FACE ( 'NONE', ( #7166 ), #8570, .T. ) ;
#1687 = FACE_OUTER_BOUND ( 'NONE', #5329, .T. ) ;
#1688 = DIRECTION ( 'NONE',  ( 6.918242433955120338E-16, -1.000000000000000000, 0.000000000000000000 ) ) ;
#1689 = ADVANCED_FACE ( 'NONE', ( #4499 ), #3933, .T. ) ;
#1690 = ADVANCED_FACE ( 'NONE', ( #1935 ), #8158, .F. ) ;
#1691 = VERTEX_POINT ( 'NONE', #6024 ) ;
#1692 = EDGE_LOOP ( 'NONE', ( #2377, #5297 ) ) ;
#1693 = CARTESIAN_POINT ( 'NONE',  ( -1.199999999999999956, 0.2250000000000000056, 2.000000000000000000 ) ) ;
#1694 = ORIENTED_EDGE ( 'NONE', *, *, #5739, .F. ) ;
#1695 = EDGE_CURVE ( 'NONE', #7966, #5060, #4943, .T. ) ;
#1696 = CARTESIAN_POINT ( 'NONE',  ( -3.600000000000000089, 0.3499999999999999778, 3.600000000000000089 ) ) ;
#1697 = FILL_AREA_STYLE ('',( #3005 ) ) ;
#1698 = AXIS2_PLACEMENT_3D ( 'NONE', #841, #359, #3020 ) ;
#1699 = DIRECTION ( 'NONE',  ( -1.000000000000000000, 0.000000000000000000, 0.000000000000000000 ) ) ;
#1700 =( NAMED_UNIT ( * ) SI_UNIT ( $, .STERADIAN. ) SOLID_ANGLE_UNIT ( ) );
#1701 = DIRECTION ( 'NONE',  ( 0.000000000000000000, 1.000000000000000000, 0.000000000000000000 ) ) ;
#1702 = DIRECTION ( 'NONE',  ( -0.000000000000000000, -0.000000000000000000, -1.000000000000000000 ) ) ;
#1703 = ORIENTED_EDGE ( 'NONE', *, *, #7100, .T. ) ;
#1704 = CIRCLE ( 'NONE', #3919, 0.2249999999999999500 ) ;
#1705 = AXIS2_PLACEMENT_3D ( 'NONE', #7179, #6471, #521 ) ;
#1706 = ORIENTED_EDGE ( 'NONE', *, *, #2364, .F. ) ;
#1707 = ORIENTED_EDGE ( 'NONE', *, *, #7316, .F. ) ;
#1708 =( NAMED_UNIT ( * ) SI_UNIT ( $, .STERADIAN. ) SOLID_ANGLE_UNIT ( ) );
#1709 = FACE_OUTER_BOUND ( 'NONE', #2312, .T. ) ;
#1710 = DIRECTION ( 'NONE',  ( -1.000000000000000000, 0.000000000000000000, 0.000000000000000000 ) ) ;
#1711 = AXIS2_PLACEMENT_3D ( 'NONE', #19, #1458, #4850 ) ;
#1712 = CIRCLE ( 'NONE', #2963, 0.2249999999999999500 ) ;
#1713 = CARTESIAN_POINT ( 'NONE',  ( -3.600000000000000089, 0.2250000000000000056, -3.600000000000000089 ) ) ;
#1714 = DIRECTION ( 'NONE',  ( -0.000000000000000000, -0.000000000000000000, -1.000000000000000000 ) ) ;
#1715 = EDGE_LOOP ( 'NONE', ( #6380, #6758 ) ) ;
#1716 = VERTEX_POINT ( 'NONE', #7511 ) ;
#1717 = ORIENTED_EDGE ( 'NONE', *, *, #5783, .F. ) ;
#1718 = AXIS2_PLACEMENT_3D ( 'NONE', #153, #8605, #7247 ) ;
#1719 = CARTESIAN_POINT ( 'NONE',  ( -1.199999999999999956, 0.000000000000000000, -1.199999999999999956 ) ) ;
#1720 = FACE_OUTER_BOUND ( 'NONE', #2291, .T. ) ;
#1721 = DIRECTION ( 'NONE',  ( -1.224646799147353207E-16, -0.000000000000000000, -1.000000000000000000 ) ) ;
#1722 = CLOSED_SHELL ( 'NONE', ( #7948, #571, #296, #2429, #4632 ) ) ;
#1723 = DIRECTION ( 'NONE',  ( 1.000000000000000000, 5.795304382052429234E-16, 0.000000000000000000 ) ) ;
#1724 = ORIENTED_EDGE ( 'NONE', *, *, #3916, .F. ) ;
#1725 = FACE_OUTER_BOUND ( 'NONE', #798, .T. ) ;
#1726 = DIRECTION ( 'NONE',  ( 5.795304382052420359E-16, -1.000000000000000000, 0.000000000000000000 ) ) ;
#1727 = CLOSED_SHELL ( 'NONE', ( #4764, #3829, #3442, #3171, #3594 ) ) ;
#1728 = CARTESIAN_POINT ( 'NONE',  ( -0.4000000000000000222, 0.3499999999999999778, -0.4000000000000000222 ) ) ;
#1729 = SURFACE_STYLE_FILL_AREA ( #7032 ) ;
#1730 = CARTESIAN_POINT ( 'NONE',  ( -0.4000000000000000222, 0.3499999999999999778, 0.4000000000000000222 ) ) ;
#1731 = ORIENTED_EDGE ( 'NONE', *, *, #5187, .T. ) ;
#1732 = AXIS2_PLACEMENT_3D ( 'NONE', #2424, #5073, #1822 ) ;
#1733 = ORIENTED_EDGE ( 'NONE', *, *, #2475, .T. ) ;
#1734 = EDGE_CURVE ( 'NONE', #2971, #2633, #1886, .T. ) ;
#1735 = EDGE_CURVE ( 'NONE', #6175, #3294, #1471, .T. ) ;
#1736 = DIRECTION ( 'NONE',  ( -1.000000000000000000, 0.000000000000000000, 0.000000000000000000 ) ) ;
#1737 = SURFACE_SIDE_STYLE ('',( #3089 ) ) ;
#1738 = DIRECTION ( 'NONE',  ( 1.000000000000000000, 5.795304382052414442E-16, 0.000000000000000000 ) ) ;
#1739 = AXIS2_PLACEMENT_3D ( 'NONE', #2245, #7517, #1461 ) ;
#1740 = CARTESIAN_POINT ( 'NONE',  ( -0.4000000000000000222, 2.493664996716660198E-15, 2.000000000000000000 ) ) ;
#1741 = EDGE_CURVE ( 'NONE', #6928, #7941, #8147, .T. ) ;
#1742 = CARTESIAN_POINT ( 'NONE',  ( 1.199999999999999956, 0.2250000000000035028, 1.199999999999999956 ) ) ;
#1743 = DIRECTION ( 'NONE',  ( -1.000000000000000000, 0.000000000000000000, 0.000000000000000000 ) ) ;
#1744 = ORIENTED_EDGE ( 'NONE', *, *, #100, .T. ) ;
#1745 = AXIS2_PLACEMENT_3D ( 'NONE', #5894, #3931, #5499 ) ;
#1746 = EDGE_CURVE ( 'NONE', #1970, #6372, #1192, .T. ) ;
#1747 = SPHERICAL_SURFACE ( 'NONE', #5186, 0.2250000000000000056 ) ;
#1748 = EDGE_LOOP ( 'NONE', ( #5566, #5316, #3143 ) ) ;
#1749 = DIRECTION ( 'NONE',  ( -1.000000000000000000, 0.000000000000000000, 0.000000000000000000 ) ) ;
#1750 = DIRECTION ( 'NONE',  ( -1.000000000000000000, 0.000000000000000000, 0.000000000000000000 ) ) ;
#1751 = SPHERICAL_SURFACE ( 'NONE', #4985, 0.2250000000000000056 ) ;
#1752 = DIRECTION ( 'NONE',  ( 0.000000000000000000, 1.000000000000000000, 0.000000000000000000 ) ) ;
#1753 = CIRCLE ( 'NONE', #8574, 0.2250000000000000056 ) ;
#1754 = DIRECTION ( 'NONE',  ( 5.795304382052420359E-16, -1.000000000000000000, 0.000000000000000000 ) ) ;
#1755 = ORIENTED_EDGE ( 'NONE', *, *, #605, .F. ) ;
#1756 = ORIENTED_EDGE ( 'NONE', *, *, #4698, .F. ) ;
#1757 = VERTEX_POINT ( 'NONE', #239 ) ;
#1758 = AXIS2_PLACEMENT_3D ( 'NONE', #7019, #5852, #3716 ) ;
#1759 = AXIS2_PLACEMENT_3D ( 'NONE', #1679, #6281, #5723 ) ;
#1760 = CARTESIAN_POINT ( 'NONE',  ( -2.000000000000000000, 0.2250000000000000056, 0.4000000000000000222 ) ) ;
#1761 = DIRECTION ( 'NONE',  ( 6.918242433955120338E-16, -1.000000000000000000, 0.000000000000000000 ) ) ;
#1762 = DIRECTION ( 'NONE',  ( -0.000000000000000000, -0.000000000000000000, -1.000000000000000000 ) ) ;
#1763 = AXIS2_PLACEMENT_3D ( 'NONE', #6178, #7623, #2233 ) ;
#1764 = DIRECTION ( 'NONE',  ( 6.918242433955120338E-16, -1.000000000000000000, 0.000000000000000000 ) ) ;
#1765 = DIRECTION ( 'NONE',  ( -1.000000000000000000, 0.000000000000000000, 0.000000000000000000 ) ) ;
#1766 =( GEOMETRIC_REPRESENTATION_CONTEXT ( 3 ) GLOBAL_UNCERTAINTY_ASSIGNED_CONTEXT ( ( #4477 ) ) GLOBAL_UNIT_ASSIGNED_CONTEXT ( ( #2887, #4169, #4815 ) ) REPRESENTATION_CONTEXT ( 'NONE', 'WORKASPACE' ) );
#1767 = DIRECTION ( 'NONE',  ( -1.000000000000000000, 0.000000000000000000, 0.000000000000000000 ) ) ;
#1768 = CARTESIAN_POINT ( 'NONE',  ( -2.000000000000000000, 0.2250000000000000056, 0.4000000000000000222 ) ) ;
#1769 =( LENGTH_UNIT ( ) NAMED_UNIT ( * ) SI_UNIT ( .MILLI., .METRE. ) );
#1770 = DIRECTION ( 'NONE',  ( 0.000000000000000000, 0.000000000000000000, 1.000000000000000000 ) ) ;
#1771 = CIRCLE ( 'NONE', #943, 0.2250000000000000056 ) ;
#1772 = ORIENTED_EDGE ( 'NONE', *, *, #5503, .T. ) ;
#1773 = ORIENTED_EDGE ( 'NONE', *, *, #681, .T. ) ;
#1774 = DIRECTION ( 'NONE',  ( 0.000000000000000000, 1.000000000000000000, 0.000000000000000000 ) ) ;
#1775 = CIRCLE ( 'NONE', #116, 0.2249999999999999500 ) ;
#1776 = CARTESIAN_POINT ( 'NONE',  ( -3.024999999999999911, 0.2250000000000000056, 3.600000000000000089 ) ) ;
#1777 = CIRCLE ( 'NONE', #1354, 0.1870828693386994146 ) ;
#1778 = SURFACE_SIDE_STYLE ('',( #2257 ) ) ;
#1779 =( NAMED_UNIT ( * ) PLANE_ANGLE_UNIT ( ) SI_UNIT ( $, .RADIAN. ) );
#1780 = DIRECTION ( 'NONE',  ( -1.224646799147353207E-16, -0.000000000000000000, -1.000000000000000000 ) ) ;
#1781 = EDGE_CURVE ( 'NONE', #4207, #8100, #3693, .T. ) ;
#1782 = CIRCLE ( 'NONE', #4977, 0.2249999999999999500 ) ;
#1783 = SPHERICAL_SURFACE ( 'NONE', #2794, 0.2250000000000000056 ) ;
#1784 = AXIS2_PLACEMENT_3D ( 'NONE', #2297, #7610, #386 ) ;
#1785 = ORIENTED_EDGE ( 'NONE', *, *, #2586, .T. ) ;
#1786 = EDGE_CURVE ( 'NONE', #1459, #7965, #3550, .T. ) ;
#1787 = CARTESIAN_POINT ( 'NONE',  ( -2.799999999999999822, 0.2250000000000000056, 3.600000000000000089 ) ) ;
#1788 = ORIENTED_EDGE ( 'NONE', *, *, #4122, .F. ) ;
#1789 = SURFACE_STYLE_USAGE ( .BOTH. , #7797 ) ;
#1790 = FACE_OUTER_BOUND ( 'NONE', #7827, .T. ) ;
#1791 = EDGE_CURVE ( 'NONE', #2924, #7507, #4248, .T. ) ;
#1792 = DIRECTION ( 'NONE',  ( 0.000000000000000000, 1.000000000000000000, 0.000000000000000000 ) ) ;
#1793 = DIRECTION ( 'NONE',  ( -0.000000000000000000, -0.000000000000000000, -1.000000000000000000 ) ) ;
#1794 = AXIS2_PLACEMENT_3D ( 'NONE', #8591, #8636, #7923 ) ;
#1795 = FILL_AREA_STYLE ('',( #5048 ) ) ;
#1796 = AXIS2_PLACEMENT_3D ( 'NONE', #2235, #2943, #1540 ) ;
#1797 = EDGE_CURVE ( 'NONE', #4114, #2178, #6750, .T. ) ;
#1798 = CARTESIAN_POINT ( 'NONE',  ( -0.4000000000000000222, 0.2250000000000024758, 0.4000000000000000222 ) ) ;
#1799 = ADVANCED_FACE ( 'NONE', ( #8026 ), #2017, .T. ) ;
#1800 = SPHERICAL_SURFACE ( 'NONE', #1236, 0.2250000000000000056 ) ;
#1801 = EDGE_LOOP ( 'NONE', ( #2387, #3430, #8223 ) ) ;
#1802 = ORIENTED_EDGE ( 'NONE', *, *, #5228, .T. ) ;
#1803 = ORIENTED_EDGE ( 'NONE', *, *, #1941, .F. ) ;
#1804 = PRESENTATION_LAYER_ASSIGNMENT (  '', '', ( #5555 ) ) ;
#1805 = AXIS2_PLACEMENT_3D ( 'NONE', #1344, #140, #4002 ) ;
#1806 = CARTESIAN_POINT ( 'NONE',  ( -4.499999999999998224, 0.3499999999999996447, -5.500000000000000000 ) ) ;
#1807 = DIRECTION ( 'NONE',  ( -1.224646799147353207E-16, -0.000000000000000000, -1.000000000000000000 ) ) ;
#1808 = CARTESIAN_POINT ( 'NONE',  ( 2.799999999999999822, 0.2250000000000045020, 4.400000000000000355 ) ) ;
#1809 = CARTESIAN_POINT ( 'NONE',  ( 1.199999999999999956, 0.2250000000000035028, 2.799999999999999822 ) ) ;
#1810 = PRESENTATION_LAYER_ASSIGNMENT (  '', '', ( #7086 ) ) ;
#1811 = CIRCLE ( 'NONE', #826, 0.2250000000000000056 ) ;
#1812 = DIRECTION ( 'NONE',  ( -0.000000000000000000, -0.000000000000000000, -1.000000000000000000 ) ) ;
#1813 = DIRECTION ( 'NONE',  ( 5.795304382052420359E-16, -1.000000000000000000, 0.000000000000000000 ) ) ;
#1814 = ORIENTED_EDGE ( 'NONE', *, *, #1625, .F. ) ;
#1815 = DIRECTION ( 'NONE',  ( -1.000000000000000000, 0.000000000000000000, 0.000000000000000000 ) ) ;
#1816 = AXIS2_PLACEMENT_3D ( 'NONE', #5554, #8256, #6157 ) ;
#1817 = DIRECTION ( 'NONE',  ( 5.795304382052420359E-16, -1.000000000000000000, 0.000000000000000000 ) ) ;
#1818 = SURFACE_STYLE_FILL_AREA ( #6290 ) ;
#1819 = DIRECTION ( 'NONE',  ( 1.000000000000000000, 5.795304382052431206E-16, 0.000000000000000000 ) ) ;
#1820 = VERTEX_POINT ( 'NONE', #4064 ) ;
#1821 = EDGE_LOOP ( 'NONE', ( #2574, #1954, #6264 ) ) ;
#1822 = DIRECTION ( 'NONE',  ( 1.000000000000000000, 0.000000000000000000, 0.000000000000000000 ) ) ;
#1823 = DIRECTION ( 'NONE',  ( -1.000000000000000000, 0.000000000000000000, 0.000000000000000000 ) ) ;
#1824 = DIRECTION ( 'NONE',  ( -1.000000000000000000, 0.000000000000000000, 0.000000000000000000 ) ) ;
#1825 = FACE_OUTER_BOUND ( 'NONE', #58, .T. ) ;
#1826 = DIRECTION ( 'NONE',  ( -1.000000000000000000, 0.000000000000000000, 0.000000000000000000 ) ) ;
#1827 = ORIENTED_EDGE ( 'NONE', *, *, #4724, .T. ) ;
#1828 = ORIENTED_EDGE ( 'NONE', *, *, #7431, .T. ) ;
#1829 = ORIENTED_EDGE ( 'NONE', *, *, #1299, .F. ) ;
#1830 = DIRECTION ( 'NONE',  ( -1.000000000000000000, 0.000000000000000000, 0.000000000000000000 ) ) ;
#1831 = PRESENTATION_LAYER_ASSIGNMENT (  '', '', ( #5590 ) ) ;
#1832 = SURFACE_STYLE_FILL_AREA ( #7802 ) ;
#1833 = PRESENTATION_STYLE_ASSIGNMENT (( #1100 ) ) ;
#1834 = DIRECTION ( 'NONE',  ( -0.000000000000000000, -0.000000000000000000, -1.000000000000000000 ) ) ;
#1835 = CIRCLE ( 'NONE', #8383, 0.1870828693386989428 ) ;
#1836 = FACE_OUTER_BOUND ( 'NONE', #6010, .T. ) ;
#1837 = ORIENTED_EDGE ( 'NONE', *, *, #5684, .F. ) ;
#1838 = VERTEX_POINT ( 'NONE', #3466 ) ;
#1839 = ORIENTED_EDGE ( 'NONE', *, *, #2046, .T. ) ;
#1840 = ADVANCED_FACE ( 'NONE', ( #6115 ), #1369, .T. ) ;
#1841 = EDGE_CURVE ( 'NONE', #6666, #3911, #4519, .T. ) ;
#1842 = EDGE_CURVE ( 'NONE', #4388, #2358, #635, .T. ) ;
#1843 = DIRECTION ( 'NONE',  ( 6.918242433955120338E-16, -1.000000000000000000, 0.000000000000000000 ) ) ;
#1844 = FACE_OUTER_BOUND ( 'NONE', #119, .T. ) ;
#1845 = AXIS2_PLACEMENT_3D ( 'NONE', #6853, #8357, #5600 ) ;
#1846 =( GEOMETRIC_REPRESENTATION_CONTEXT ( 3 ) GLOBAL_UNCERTAINTY_ASSIGNED_CONTEXT ( ( #6649 ) ) GLOBAL_UNIT_ASSIGNED_CONTEXT ( ( #3819, #7428, #1374 ) ) REPRESENTATION_CONTEXT ( 'NONE', 'WORKASPACE' ) );
#1847 = DIRECTION ( 'NONE',  ( 1.000000000000000000, 0.000000000000000000, 0.000000000000000000 ) ) ;
#1848 =( NAMED_UNIT ( * ) PLANE_ANGLE_UNIT ( ) SI_UNIT ( $, .RADIAN. ) );
#1849 = DIRECTION ( 'NONE',  ( 1.000000000000000000, 5.795304382052429234E-16, 0.000000000000000000 ) ) ;
#1850 = EDGE_CURVE ( 'NONE', #843, #8058, #6054, .T. ) ;
#1851 = DIRECTION ( 'NONE',  ( 1.000000000000000000, 0.000000000000000000, 0.000000000000000000 ) ) ;
#1852 = ORIENTED_EDGE ( 'NONE', *, *, #2480, .T. ) ;
#1853 = AXIS2_PLACEMENT_3D ( 'NONE', #4099, #5265, #4054 ) ;
#1854 = ADVANCED_FACE ( 'NONE', ( #8300 ), #4934, .T. ) ;
#1855 = DIRECTION ( 'NONE',  ( 5.795304382052420359E-16, -1.000000000000000000, 0.000000000000000000 ) ) ;
#1856 = CLOSED_SHELL ( 'NONE', ( #2227, #247, #8359, #4393, #4967 ) ) ;
#1857 = SPHERICAL_SURFACE ( 'NONE', #5840, 0.2250000000000000056 ) ;
#1858 = VERTEX_POINT ( 'NONE', #4318 ) ;
#1859 = CIRCLE ( 'NONE', #5052, 0.1870828693386989983 ) ;
#1860 = DIRECTION ( 'NONE',  ( -1.000000000000000000, 0.000000000000000000, 0.000000000000000000 ) ) ;
#1861 = CARTESIAN_POINT ( 'NONE',  ( -0.1750000000000000167, 0.2250000000000024758, -2.799999999999999822 ) ) ;
#1862 = DIRECTION ( 'NONE',  ( 0.000000000000000000, 0.000000000000000000, -1.000000000000000000 ) ) ;
#1863 = SURFACE_STYLE_USAGE ( .BOTH. , #3739 ) ;
#1864 = SURFACE_SIDE_STYLE ('',( #5202 ) ) ;
#1865 = AXIS2_PLACEMENT_3D ( 'NONE', #3304, #4682, #8042 ) ;
#1866 = DIRECTION ( 'NONE',  ( -1.000000000000000000, 0.000000000000000000, 0.000000000000000000 ) ) ;
#1867 = ORIENTED_EDGE ( 'NONE', *, *, #3809, .T. ) ;
#1868 = ORIENTED_EDGE ( 'NONE', *, *, #241, .F. ) ;
#1869 = SURFACE_SIDE_STYLE ('',( #4596 ) ) ;
#1870 = AXIS2_PLACEMENT_3D ( 'NONE', #7557, #289, #7391 ) ;
#1871 = DIRECTION ( 'NONE',  ( 5.795304382052420359E-16, -1.000000000000000000, 0.000000000000000000 ) ) ;
#1872 = FACE_OUTER_BOUND ( 'NONE', #5486, .T. ) ;
#1873 = DIRECTION ( 'NONE',  ( 5.795304382052420359E-16, -1.000000000000000000, 0.000000000000000000 ) ) ;
#1874 = AXIS2_PLACEMENT_3D ( 'NONE', #8205, #108, #6111 ) ;
#1875 = DIRECTION ( 'NONE',  ( 1.000000000000000000, 5.795304382052429234E-16, 0.000000000000000000 ) ) ;
#1876 = ORIENTED_EDGE ( 'NONE', *, *, #5725, .T. ) ;
#1877 = VERTEX_POINT ( 'NONE', #7023 ) ;
#1878 = EDGE_LOOP ( 'NONE', ( #2332, #2654, #3162, #4784 ) ) ;
#1879 = DIRECTION ( 'NONE',  ( 0.000000000000000000, 0.000000000000000000, -1.000000000000000000 ) ) ;
#1880 = CIRCLE ( 'NONE', #7722, 0.2250000000000000056 ) ;
#1881 = CARTESIAN_POINT ( 'NONE',  ( 3.600000000000000089, 0.2250000000000049738, -3.600000000000000089 ) ) ;
#1882 = FILL_AREA_STYLE_COLOUR ( '', #7094 ) ;
#1883 = DIRECTION ( 'NONE',  ( -1.224646799147353207E-16, -0.000000000000000000, -1.000000000000000000 ) ) ;
#1884 = ADVANCED_FACE ( 'NONE', ( #4890 ), #4361, .T. ) ;
#1885 = DIRECTION ( 'NONE',  ( -1.000000000000000000, 0.000000000000000000, 0.000000000000000000 ) ) ;
#1886 = CIRCLE ( 'NONE', #3145, 0.2250000000000000056 ) ;
#1887 = ORIENTED_EDGE ( 'NONE', *, *, #6399, .F. ) ;
#1888 = EDGE_CURVE ( 'NONE', #916, #4945, #366, .T. ) ;
#1889 = DIRECTION ( 'NONE',  ( 5.795304382052420359E-16, -1.000000000000000000, 0.000000000000000000 ) ) ;
#1890 = DIRECTION ( 'NONE',  ( 0.000000000000000000, 1.000000000000000000, 0.000000000000000000 ) ) ;
#1891 = EDGE_CURVE ( 'NONE', #129, #3233, #5355, .T. ) ;
#1892 = DIRECTION ( 'NONE',  ( -1.000000000000000000, 0.000000000000000000, 0.000000000000000000 ) ) ;
#1893 = MECHANICAL_DESIGN_GEOMETRIC_PRESENTATION_REPRESENTATION (  '', ( #7180 ), #1329 ) ;
#1894 = FACE_OUTER_BOUND ( 'NONE', #5054, .T. ) ;
#1895 = CIRCLE ( 'NONE', #5091, 0.1870828693386994146 ) ;
#1896 = CARTESIAN_POINT ( 'NONE',  ( 2.987082869338699265, 0.3500000000000000888, -4.400000000000000355 ) ) ;
#1897 = ADVANCED_FACE ( 'NONE', ( #3675 ), #7677, .T. ) ;
#1898 = ORIENTED_EDGE ( 'NONE', *, *, #4132, .T. ) ;
#1899 = ADVANCED_FACE ( 'NONE', ( #7591 ), #326, .T. ) ;
#1900 = PRESENTATION_LAYER_ASSIGNMENT (  '', '', ( #2036 ) ) ;
#1901 = CARTESIAN_POINT ( 'NONE',  ( 0.4000000000000000222, 0.2250000000000030032, 1.199999999999999956 ) ) ;
#1902 = DIRECTION ( 'NONE',  ( -1.224646799147353207E-16, -0.000000000000000000, -1.000000000000000000 ) ) ;
#1903 = CARTESIAN_POINT ( 'NONE',  ( 0.4000000000000000222, 0.2250000000000030032, -1.199999999999999956 ) ) ;
#1904 = EDGE_CURVE ( 'NONE', #6041, #2854, #920, .T. ) ;
#1905 = AXIS2_PLACEMENT_3D ( 'NONE', #5647, #8260, #945 ) ;
#1906 = DIRECTION ( 'NONE',  ( 6.918242433955120338E-16, -1.000000000000000000, 0.000000000000000000 ) ) ;
#1907 = ORIENTED_EDGE ( 'NONE', *, *, #8350, .T. ) ;
#1908 = SPHERICAL_SURFACE ( 'NONE', #3122, 0.2250000000000000056 ) ;
#1909 = ORIENTED_EDGE ( 'NONE', *, *, #3823, .T. ) ;
#1910 = AXIS2_PLACEMENT_3D ( 'NONE', #7457, #1493, #5266 ) ;
#1911 = AXIS2_PLACEMENT_3D ( 'NONE', #6807, #4842, #848 ) ;
#1912 = DIRECTION ( 'NONE',  ( 1.000000000000000000, 5.795304382052416415E-16, 0.000000000000000000 ) ) ;
#1913 = CARTESIAN_POINT ( 'NONE',  ( 2.000000000000000000, 0.2250000000000040024, -1.199999999999999956 ) ) ;
#1914 = DIRECTION ( 'NONE',  ( 0.000000000000000000, 0.000000000000000000, 1.000000000000000000 ) ) ;
#1915 = AXIS2_PLACEMENT_3D ( 'NONE', #7812, #1761, #2544 ) ;
#1916 = CIRCLE ( 'NONE', #2628, 0.1870828693386994979 ) ;
#1917 = SPHERICAL_SURFACE ( 'NONE', #4327, 0.2250000000000000056 ) ;
#1918 = DIRECTION ( 'NONE',  ( 0.000000000000000000, 1.000000000000000000, 0.000000000000000000 ) ) ;
#1919 = VERTEX_POINT ( 'NONE', #4236 ) ;
#1920 = VERTEX_POINT ( 'NONE', #3589 ) ;
#1921 = VERTEX_POINT ( 'NONE', #4277 ) ;
#1922 =( NAMED_UNIT ( * ) PLANE_ANGLE_UNIT ( ) SI_UNIT ( $, .RADIAN. ) );
#1923 =( GEOMETRIC_REPRESENTATION_CONTEXT ( 3 ) GLOBAL_UNCERTAINTY_ASSIGNED_CONTEXT ( ( #3796 ) ) GLOBAL_UNIT_ASSIGNED_CONTEXT ( ( #4351, #3795, #7840 ) ) REPRESENTATION_CONTEXT ( 'NONE', 'WORKASPACE' ) );
#1924 = CIRCLE ( 'NONE', #1373, 0.2249999999999999500 ) ;
#1925 = CARTESIAN_POINT ( 'NONE',  ( 3.600000000000000089, 0.3499999999999999778, -4.400000000000000355 ) ) ;
#1926 = FACE_OUTER_BOUND ( 'NONE', #4082, .T. ) ;
#1927 = PRESENTATION_LAYER_ASSIGNMENT (  '', '', ( #5692 ) ) ;
#1928 = SPHERICAL_SURFACE ( 'NONE', #5225, 0.2250000000000000056 ) ;
#1929 = AXIS2_PLACEMENT_3D ( 'NONE', #872, #222, #266 ) ;
#1930 = EDGE_LOOP ( 'NONE', ( #988, #5536, #2376, #8599 ) ) ;
#1931 = DIRECTION ( 'NONE',  ( -1.224646799147353207E-16, -0.000000000000000000, -1.000000000000000000 ) ) ;
#1932 = FACE_OUTER_BOUND ( 'NONE', #6646, .T. ) ;
#1933 = EDGE_CURVE ( 'NONE', #4750, #579, #4947, .T. ) ;
#1934 = PRESENTATION_LAYER_ASSIGNMENT (  '', '', ( #688 ) ) ;
#1935 = FACE_OUTER_BOUND ( 'NONE', #8525, .T. ) ;
#1936 = CIRCLE ( 'NONE', #6943, 0.2250000000000000056 ) ;
#1937 = CARTESIAN_POINT ( 'NONE',  ( -3.600000000000000089, 0.2250000000000000056, 3.600000000000000089 ) ) ;
#1938 = PRESENTATION_STYLE_ASSIGNMENT (( #1243 ) ) ;
#1939 = DIRECTION ( 'NONE',  ( -0.000000000000000000, -0.000000000000000000, -1.000000000000000000 ) ) ;
#1940 = VERTEX_POINT ( 'NONE', #7072 ) ;
#1941 = EDGE_CURVE ( 'NONE', #5396, #8249, #6605, .T. ) ;
#1942 = COLOUR_RGB ( '',0.7921568627450980005, 0.8196078431372548767, 0.9333333333333333481 ) ;
#1943 = PRESENTATION_LAYER_ASSIGNMENT (  '', '', ( #2656 ) ) ;
#1944 = FACE_OUTER_BOUND ( 'NONE', #5790, .T. ) ;
#1945 = EDGE_CURVE ( 'NONE', #7887, #4751, #3009, .T. ) ;
#1946 = CARTESIAN_POINT ( 'NONE',  ( -0.4000000000000000222, 0.2250000000000024758, 0.4000000000000000222 ) ) ;
#1947 = ADVANCED_FACE ( 'NONE', ( #979 ), #7635, .T. ) ;
#1948 = CARTESIAN_POINT ( 'NONE',  ( -1.199999999999999956, 0.2250000000000000056, -2.000000000000000000 ) ) ;
#1949 = EDGE_CURVE ( 'NONE', #3233, #653, #2447, .T. ) ;
#1950 = EDGE_CURVE ( 'NONE', #288, #5456, #3563, .T. ) ;
#1951 = DIRECTION ( 'NONE',  ( 0.000000000000000000, 0.000000000000000000, -1.000000000000000000 ) ) ;
#1952 = VERTEX_POINT ( 'NONE', #7114 ) ;
#1953 = DIRECTION ( 'NONE',  ( -0.000000000000000000, -0.000000000000000000, -1.000000000000000000 ) ) ;
#1954 = ORIENTED_EDGE ( 'NONE', *, *, #5519, .T. ) ;
#1955 = PRESENTATION_STYLE_ASSIGNMENT (( #7997 ) ) ;
#1956 = DIRECTION ( 'NONE',  ( -1.000000000000000000, 0.000000000000000000, 0.000000000000000000 ) ) ;
#1957 = CARTESIAN_POINT ( 'NONE',  ( 1.812917130661300558, 0.3499999999999998668, -2.799999999999999822 ) ) ;
#1958 = DIRECTION ( 'NONE',  ( 1.000000000000000000, 5.795304382052416415E-16, 0.000000000000000000 ) ) ;
#1959 = DIRECTION ( 'NONE',  ( -0.000000000000000000, -0.000000000000000000, -1.000000000000000000 ) ) ;
#1960 = ORIENTED_EDGE ( 'NONE', *, *, #1517, .F. ) ;
#1961 = ORIENTED_EDGE ( 'NONE', *, *, #6350, .T. ) ;
#1962 = EDGE_LOOP ( 'NONE', ( #1755, #7133, #1186 ) ) ;
#1963 = SURFACE_SIDE_STYLE ('',( #7850 ) ) ;
#1964 = DIRECTION ( 'NONE',  ( 0.000000000000000000, 0.000000000000000000, -1.000000000000000000 ) ) ;
#1965 = AXIS2_PLACEMENT_3D ( 'NONE', #2629, #3396, #8553 ) ;
#1966 =( NAMED_UNIT ( * ) PLANE_ANGLE_UNIT ( ) SI_UNIT ( $, .RADIAN. ) );
#1967 = STYLED_ITEM ( 'NONE', ( #7490 ), #5403 ) ;
#1968 = SPHERICAL_SURFACE ( 'NONE', #4754, 0.2250000000000000056 ) ;
#1969 = FACE_OUTER_BOUND ( 'NONE', #5392, .T. ) ;
#1970 = VERTEX_POINT ( 'NONE', #5218 ) ;
#1971 = EDGE_LOOP ( 'NONE', ( #4860, #5789, #2585, #6251 ) ) ;
#1972 = CIRCLE ( 'NONE', #3520, 0.2249999999999999500 ) ;
#1973 = DIRECTION ( 'NONE',  ( 1.000000000000000000, 5.795304382052429234E-16, 0.000000000000000000 ) ) ;
#1974 = STYLED_ITEM ( 'NONE', ( #3346 ), #5526 ) ;
#1975 = CARTESIAN_POINT ( 'NONE',  ( 0.4000000000000000222, 0.2250000000000030032, -2.799999999999999822 ) ) ;
#1976 = CARTESIAN_POINT ( 'NONE',  ( 1.199999999999999956, 0.2250000000000035028, -1.199999999999999956 ) ) ;
#1977 = DIRECTION ( 'NONE',  ( 0.000000000000000000, 0.000000000000000000, -1.000000000000000000 ) ) ;
#1978 = DIRECTION ( 'NONE',  ( 5.795304382052420359E-16, -1.000000000000000000, 0.000000000000000000 ) ) ;
#1979 =( GEOMETRIC_REPRESENTATION_CONTEXT ( 3 ) GLOBAL_UNCERTAINTY_ASSIGNED_CONTEXT ( ( #3352 ) ) GLOBAL_UNIT_ASSIGNED_CONTEXT ( ( #5275, #5418, #164 ) ) REPRESENTATION_CONTEXT ( 'NONE', 'WORKASPACE' ) );
#1980 = CARTESIAN_POINT ( 'NONE',  ( 1.199999999999999956, 0.2250000000000035028, 2.799999999999999822 ) ) ;
#1981 = ORIENTED_EDGE ( 'NONE', *, *, #7308, .T. ) ;
#1982 = CARTESIAN_POINT ( 'NONE',  ( 1.775000000000000133, 0.2250000000000040024, -0.4000000000000000222 ) ) ;
#1983 = DIRECTION ( 'NONE',  ( 5.795304382052420359E-16, -1.000000000000000000, 0.000000000000000000 ) ) ;
#1984 = DIRECTION ( 'NONE',  ( -1.224646799147353207E-16, -0.000000000000000000, -1.000000000000000000 ) ) ;
#1985 = EDGE_CURVE ( 'NONE', #992, #1691, #2026, .T. ) ;
#1986 = EDGE_CURVE ( 'NONE', #2705, #4696, #1616, .T. ) ;
#1987 = CLOSED_SHELL ( 'NONE', ( #7059, #5674, #8081, #6822, #1854 ) ) ;
#1988 = DIRECTION ( 'NONE',  ( -1.000000000000000000, 0.000000000000000000, 0.000000000000000000 ) ) ;
#1989 = EDGE_LOOP ( 'NONE', ( #4473, #381 ) ) ;
#1990 = DIRECTION ( 'NONE',  ( -1.000000000000000000, 0.000000000000000000, 0.000000000000000000 ) ) ;
#1991 = ORIENTED_EDGE ( 'NONE', *, *, #4874, .T. ) ;
#1992 = DIRECTION ( 'NONE',  ( 6.918242433955120338E-16, -1.000000000000000000, 0.000000000000000000 ) ) ;
#1993 = CLOSED_SHELL ( 'NONE', ( #3339, #6993, #984, #724, #3030 ) ) ;
#1994 = EDGE_CURVE ( 'NONE', #5247, #1665, #2744, .T. ) ;
#1995 =( LENGTH_UNIT ( ) NAMED_UNIT ( * ) SI_UNIT ( .MILLI., .METRE. ) );
#1996 = CARTESIAN_POINT ( 'NONE',  ( 3.200000000000000178, 0.3499999999999999778, 3.200000000000000178 ) ) ;
#1997 = EDGE_CURVE ( 'NONE', #7306, #6805, #7174, .T. ) ;
#1998 = CARTESIAN_POINT ( 'NONE',  ( 1.600000000000000089, 0.3499999999999999778, 4.000000000000000000 ) ) ;
#1999 = ORIENTED_EDGE ( 'NONE', *, *, #5395, .T. ) ;
#2000 = AXIS2_PLACEMENT_3D ( 'NONE', #7921, #1292, #1430 ) ;
#2001 = EDGE_CURVE ( 'NONE', #320, #4683, #6331, .T. ) ;
#2002 = VERTEX_POINT ( 'NONE', #2637 ) ;
#2003 = ORIENTED_EDGE ( 'NONE', *, *, #5992, .T. ) ;
#2004 = CARTESIAN_POINT ( 'NONE',  ( 0.5870828693386989094, 0.3500000000000000888, 1.199999999999999956 ) ) ;
#2005 = DIRECTION ( 'NONE',  ( -0.000000000000000000, -0.000000000000000000, -1.000000000000000000 ) ) ;
#2006 = DIRECTION ( 'NONE',  ( 1.000000000000000000, 5.795304382052416415E-16, 0.000000000000000000 ) ) ;
#2007 = AXIS2_PLACEMENT_3D ( 'NONE', #944, #3593, #246 ) ;
#2008 = CARTESIAN_POINT ( 'NONE',  ( -2.000000000000000000, 0.2250000000000000056, 2.799999999999999822 ) ) ;
#2009 = DIRECTION ( 'NONE',  ( -0.000000000000000000, -0.000000000000000000, -1.000000000000000000 ) ) ;
#2010 = EDGE_LOOP ( 'NONE', ( #8547, #1785, #7848, #4021 ) ) ;
#2011 = EDGE_LOOP ( 'NONE', ( #8020, #4812, #3547, #1090 ) ) ;
#2012 = VERTEX_POINT ( 'NONE', #1188 ) ;
#2013 = AXIS2_PLACEMENT_3D ( 'NONE', #672, #625, #5224 ) ;
#2014 = DIRECTION ( 'NONE',  ( 5.795304382052420359E-16, -1.000000000000000000, 0.000000000000000000 ) ) ;
#2015 = DIRECTION ( 'NONE',  ( 0.000000000000000000, 1.000000000000000000, 0.000000000000000000 ) ) ;
#2016 = DIRECTION ( 'NONE',  ( 0.000000000000000000, 0.000000000000000000, 1.000000000000000000 ) ) ;
#2017 = SPHERICAL_SURFACE ( 'NONE', #4383, 0.2250000000000000056 ) ;
#2018 =( LENGTH_UNIT ( ) NAMED_UNIT ( * ) SI_UNIT ( .MILLI., .METRE. ) );
#2019 = DIRECTION ( 'NONE',  ( -1.000000000000000000, 0.000000000000000000, 0.000000000000000000 ) ) ;
#2020 = AXIS2_PLACEMENT_3D ( 'NONE', #2247, #6772, #3475 ) ;
#2021 = CARTESIAN_POINT ( 'NONE',  ( -2.612917130661300380, 0.3500000000000000888, -4.400000000000000355 ) ) ;
#2022 = EDGE_LOOP ( 'NONE', ( #3105, #4218, #6966 ) ) ;
#2023 = SURFACE_STYLE_USAGE ( .BOTH. , #682 ) ;
#2024 = CARTESIAN_POINT ( 'NONE',  ( -2.000000000000000000, 0.2250000000000000056, -0.4000000000000000222 ) ) ;
#2025 = CARTESIAN_POINT ( 'NONE',  ( 3.600000000000000089, 0.2250000000000049738, -4.400000000000000355 ) ) ;
#2026 = CIRCLE ( 'NONE', #6895, 0.2249999999999999500 ) ;
#2027 = DIRECTION ( 'NONE',  ( -0.000000000000000000, -0.000000000000000000, -1.000000000000000000 ) ) ;
#2028 = DIRECTION ( 'NONE',  ( -0.000000000000000000, -0.000000000000000000, -1.000000000000000000 ) ) ;
#2029 = CIRCLE ( 'NONE', #4123, 0.1870828693386989983 ) ;
#2030 = CIRCLE ( 'NONE', #2453, 0.2250000000000000056 ) ;
#2031 = PLANE ( 'NONE',  #7643 ) ;
#2032 = ORIENTED_EDGE ( 'NONE', *, *, #8350, .F. ) ;
#2033 = DIRECTION ( 'NONE',  ( 0.000000000000000000, 0.000000000000000000, 1.000000000000000000 ) ) ;
#2034 = ORIENTED_EDGE ( 'NONE', *, *, #5935, .T. ) ;
#2035 =( LENGTH_UNIT ( ) NAMED_UNIT ( * ) SI_UNIT ( .MILLI., .METRE. ) );
#2036 = STYLED_ITEM ( 'NONE', ( #4730 ), #2714 ) ;
#2037 = SPHERICAL_SURFACE ( 'NONE', #3047, 0.2250000000000000056 ) ;
#2038 = EDGE_CURVE ( 'NONE', #4512, #4559, #4112, .T. ) ;
#2039 = UNCERTAINTY_MEASURE_WITH_UNIT (LENGTH_MEASURE( 1.000000000000000082E-05 ), #5808, 'distance_accuracy_value', 'NONE');
#2040 = CARTESIAN_POINT ( 'NONE',  ( -3.600000000000000089, 0.3499999999999999778, -3.600000000000000089 ) ) ;
#2041 = CARTESIAN_POINT ( 'NONE',  ( 2.000000000000000000, 0.2250000000000040024, 1.199999999999999956 ) ) ;
#2042 = CIRCLE ( 'NONE', #6909, 0.2249999999999999500 ) ;
#2043 = DIRECTION ( 'NONE',  ( -1.000000000000000000, 0.000000000000000000, 0.000000000000000000 ) ) ;
#2044 = AXIS2_PLACEMENT_3D ( 'NONE', #2743, #8124, #1463 ) ;
#2045 = EDGE_LOOP ( 'NONE', ( #7067, #7278, #4607 ) ) ;
#2046 = EDGE_CURVE ( 'NONE', #6559, #4763, #2597, .T. ) ;
#2047 = ORIENTED_EDGE ( 'NONE', *, *, #4706, .F. ) ;
#2048 = ORIENTED_EDGE ( 'NONE', *, *, #350, .T. ) ;
#2049 = CARTESIAN_POINT ( 'NONE',  ( 1.199999999999999956, 3.496552006265751800E-15, -2.000000000000000000 ) ) ;
#2050 = ADVANCED_FACE ( 'NONE', ( #1926 ), #5184, .T. ) ;
#2051 = PLANE ( 'NONE',  #3978 ) ;
#2052 = CIRCLE ( 'NONE', #4134, 0.2249999999999999500 ) ;
#2053 = VECTOR ( 'NONE', #2106, 1000.000000000000000 ) ;
#2054 = EDGE_CURVE ( 'NONE', #7701, #4071, #2173, .T. ) ;
#2055 = DIRECTION ( 'NONE',  ( 1.000000000000000000, 5.795304382052414442E-16, 0.000000000000000000 ) ) ;
#2056 = CARTESIAN_POINT ( 'NONE',  ( 2.000000000000000000, 0.2250000000000040024, 2.000000000000000000 ) ) ;
#2057 = ORIENTED_EDGE ( 'NONE', *, *, #2281, .T. ) ;
#2058 = ORIENTED_EDGE ( 'NONE', *, *, #7168, .F. ) ;
#2059 = ORIENTED_EDGE ( 'NONE', *, *, #3770, .F. ) ;
#2060 = AXIS2_PLACEMENT_3D ( 'NONE', #4050, #792, #6101 ) ;
#2061 = AXIS2_PLACEMENT_3D ( 'NONE', #7738, #8371, #5037 ) ;
#2062 = CARTESIAN_POINT ( 'NONE',  ( -2.000000000000000000, 0.3499999999999999778, -0.4000000000000000222 ) ) ;
#2063 = DIRECTION ( 'NONE',  ( 0.000000000000000000, 0.000000000000000000, 1.000000000000000000 ) ) ;
#2064 = CARTESIAN_POINT ( 'NONE',  ( 1.199999999999999956, 0.2250000000000035028, -2.799999999999999822 ) ) ;
#2065 = SPHERICAL_SURFACE ( 'NONE', #5131, 0.2250000000000000056 ) ;
#2066 = SURFACE_STYLE_FILL_AREA ( #8027 ) ;
#2067 = AXIS2_PLACEMENT_3D ( 'NONE', #7235, #604, #42 ) ;
#2068 = AXIS2_PLACEMENT_3D ( 'NONE', #7544, #4269, #6842 ) ;
#2069 = SPHERICAL_SURFACE ( 'NONE', #7269, 0.2250000000000000056 ) ;
#2070 = PLANE ( 'NONE',  #3370 ) ;
#2071 = ORIENTED_EDGE ( 'NONE', *, *, #3275, .F. ) ;
#2072 =( NAMED_UNIT ( * ) SI_UNIT ( $, .STERADIAN. ) SOLID_ANGLE_UNIT ( ) );
#2073 = DIRECTION ( 'NONE',  ( -0.000000000000000000, -0.000000000000000000, -1.000000000000000000 ) ) ;
#2074 = AXIS2_PLACEMENT_3D ( 'NONE', #3397, #6050, #6093 ) ;
#2075 = DIRECTION ( 'NONE',  ( 1.000000000000000000, 5.795304382052429234E-16, 0.000000000000000000 ) ) ;
#2076 = DIRECTION ( 'NONE',  ( -1.000000000000000000, 0.000000000000000000, 0.000000000000000000 ) ) ;
#2077 = SPHERICAL_SURFACE ( 'NONE', #3741, 0.2250000000000000056 ) ;
#2078 = PRESENTATION_LAYER_ASSIGNMENT (  '', '', ( #5697 ) ) ;
#2079 = AXIS2_PLACEMENT_3D ( 'NONE', #3787, #6430, #3131 ) ;
#2080 = ADVANCED_FACE ( 'NONE', ( #6616 ), #3890, .T. ) ;
#2081 = EDGE_LOOP ( 'NONE', ( #3359, #5690 ) ) ;
#2082 = DIRECTION ( 'NONE',  ( -1.224646799147353207E-16, -0.000000000000000000, -1.000000000000000000 ) ) ;
#2083 = ORIENTED_EDGE ( 'NONE', *, *, #460, .F. ) ;
#2084 = DIRECTION ( 'NONE',  ( -1.000000000000000000, 0.000000000000000000, 0.000000000000000000 ) ) ;
#2085 = AXIS2_PLACEMENT_3D ( 'NONE', #6086, #44, #2712 ) ;
#2086 = DIRECTION ( 'NONE',  ( 0.000000000000000000, 1.000000000000000000, 0.000000000000000000 ) ) ;
#2087 = DIRECTION ( 'NONE',  ( 0.000000000000000000, 0.000000000000000000, -1.000000000000000000 ) ) ;
#2088 =( LENGTH_UNIT ( ) NAMED_UNIT ( * ) SI_UNIT ( .MILLI., .METRE. ) );
#2089 = CARTESIAN_POINT ( 'NONE',  ( 0.4000000000000000222, 0.3499999999999999778, -2.799999999999999822 ) ) ;
#2090 = ORIENTED_EDGE ( 'NONE', *, *, #1573, .F. ) ;
#2091 = AXIS2_PLACEMENT_3D ( 'NONE', #7526, #2889, #8275 ) ;
#2092 = DIRECTION ( 'NONE',  ( 1.000000000000000000, 5.795304382052416415E-16, 0.000000000000000000 ) ) ;
#2093 = EDGE_LOOP ( 'NONE', ( #7898, #3886, #8397 ) ) ;
#2094 = EDGE_LOOP ( 'NONE', ( #2032, #3788, #1613 ) ) ;
#2095 = ORIENTED_EDGE ( 'NONE', *, *, #7527, .F. ) ;
#2096 =( NAMED_UNIT ( * ) SI_UNIT ( $, .STERADIAN. ) SOLID_ANGLE_UNIT ( ) );
#2097 = CARTESIAN_POINT ( 'NONE',  ( 2.000000000000000000, 0.2250000000000040024, -0.4000000000000000222 ) ) ;
#2098 = DIRECTION ( 'NONE',  ( -1.000000000000000000, 0.000000000000000000, 0.000000000000000000 ) ) ;
#2099 = CARTESIAN_POINT ( 'NONE',  ( -0.5870828693386994646, 0.3499999999999998668, 2.799999999999999822 ) ) ;
#2100 = EDGE_CURVE ( 'NONE', #7364, #2134, #234, .T. ) ;
#2101 = ORIENTED_EDGE ( 'NONE', *, *, #946, .F. ) ;
#2102 = EDGE_CURVE ( 'NONE', #5496, #2229, #782, .T. ) ;
#2103 = EDGE_LOOP ( 'NONE', ( #3757, #2237, #4331, #3574 ) ) ;
#2104 = EDGE_LOOP ( 'NONE', ( #6019, #20 ) ) ;
#2105 = SPHERICAL_SURFACE ( 'NONE', #7718, 0.2250000000000000056 ) ;
#2106 = DIRECTION ( 'NONE',  ( -6.938893903907231336E-16, 1.000000000000000000, -0.000000000000000000 ) ) ;
#2107 = AXIS2_PLACEMENT_3D ( 'NONE', #8017, #4705, #8065 ) ;
#2108 = COLOUR_RGB ( '',0.7921568627450980005, 0.8196078431372548767, 0.9333333333333333481 ) ;
#2109 = DIRECTION ( 'NONE',  ( -0.000000000000000000, -0.000000000000000000, -1.000000000000000000 ) ) ;
#2110 = FILL_AREA_STYLE_COLOUR ( '', #152 ) ;
#2111 = EDGE_CURVE ( 'NONE', #3011, #7150, #8011, .T. ) ;
#2112 = CARTESIAN_POINT ( 'NONE',  ( 3.600000000000000089, 0.2250000000000049738, 4.400000000000000355 ) ) ;
#2113 = ORIENTED_EDGE ( 'NONE', *, *, #4066, .F. ) ;
#2114 = ADVANCED_FACE ( 'NONE', ( #4527 ), #7200, .F. ) ;
#2115 = AXIS2_PLACEMENT_3D ( 'NONE', #5391, #6696, #6004 ) ;
#2116 =( LENGTH_UNIT ( ) NAMED_UNIT ( * ) SI_UNIT ( .MILLI., .METRE. ) );
#2117 = CARTESIAN_POINT ( 'NONE',  ( 3.412917130661300646, 0.3499999999999998668, -4.400000000000000355 ) ) ;
#2118 = DIRECTION ( 'NONE',  ( -1.224646799147353207E-16, -0.000000000000000000, -1.000000000000000000 ) ) ;
#2119 = DIRECTION ( 'NONE',  ( 1.000000000000000000, 5.795304382052431206E-16, 0.000000000000000000 ) ) ;
#2120 = FILL_AREA_STYLE_COLOUR ( '', #1240 ) ;
#2121 = AXIS2_PLACEMENT_3D ( 'NONE', #2112, #6326, #6938 ) ;
#2122 = CIRCLE ( 'NONE', #6984, 0.1870828693386994979 ) ;
#2123 = VERTEX_POINT ( 'NONE', #8487 ) ;
#2124 = CIRCLE ( 'NONE', #6988, 0.2249999999999999500 ) ;
#2125 = DIRECTION ( 'NONE',  ( 0.000000000000000000, 0.000000000000000000, -1.000000000000000000 ) ) ;
#2126 = ORIENTED_EDGE ( 'NONE', *, *, #2697, .T. ) ;
#2127 = FILL_AREA_STYLE_COLOUR ( '', #545 ) ;
#2128 = UNCERTAINTY_MEASURE_WITH_UNIT (LENGTH_MEASURE( 1.000000000000000082E-05 ), #2374, 'distance_accuracy_value', 'NONE');
#2129 = DIRECTION ( 'NONE',  ( -0.000000000000000000, -0.000000000000000000, -1.000000000000000000 ) ) ;
#2130 = DIRECTION ( 'NONE',  ( 1.000000000000000000, 5.795304382052429234E-16, 0.000000000000000000 ) ) ;
#2131 = CARTESIAN_POINT ( 'NONE',  ( 1.775000000000000133, 0.2250000000000040024, 0.4000000000000000222 ) ) ;
#2132 = VERTEX_POINT ( 'NONE', #3241 ) ;
#2133 = ORIENTED_EDGE ( 'NONE', *, *, #7866, .T. ) ;
#2134 = VERTEX_POINT ( 'NONE', #5889 ) ;
#2135 = SURFACE_STYLE_USAGE ( .BOTH. , #6797 ) ;
#2136 = CLOSED_SHELL ( 'NONE', ( #997, #6992, #1403, #1261, #2157 ) ) ;
#2137 = DIRECTION ( 'NONE',  ( -1.000000000000000000, 0.000000000000000000, 0.000000000000000000 ) ) ;
#2138 = DIRECTION ( 'NONE',  ( -0.000000000000000000, -0.000000000000000000, -1.000000000000000000 ) ) ;
#2139 = CIRCLE ( 'NONE', #2421, 0.2249999999999999500 ) ;
#2140 = CARTESIAN_POINT ( 'NONE',  ( 0.4000000000000000222, 0.2250000000000030032, 2.000000000000000000 ) ) ;
#2141 = ORIENTED_EDGE ( 'NONE', *, *, #8520, .T. ) ;
#2142 = VERTEX_POINT ( 'NONE', #8562 ) ;
#2143 = ORIENTED_EDGE ( 'NONE', *, *, #7820, .F. ) ;
#2144 = DIRECTION ( 'NONE',  ( -1.000000000000000000, 0.000000000000000000, 0.000000000000000000 ) ) ;
#2145 = PLANE ( 'NONE',  #2470 ) ;
#2146 = DIRECTION ( 'NONE',  ( 0.000000000000000000, 1.000000000000000000, 0.000000000000000000 ) ) ;
#2147 = DIRECTION ( 'NONE',  ( 5.795304382052420359E-16, -1.000000000000000000, 0.000000000000000000 ) ) ;
#2148 = CARTESIAN_POINT ( 'NONE',  ( 0.6250000000000000000, 0.2250000000000030032, 0.3999999999999999667 ) ) ;
#2149 = EDGE_CURVE ( 'NONE', #48, #6805, #5926, .T. ) ;
#2150 = SURFACE_STYLE_USAGE ( .BOTH. , #6852 ) ;
#2151 = DIRECTION ( 'NONE',  ( 1.000000000000000000, 5.795304382052429234E-16, 0.000000000000000000 ) ) ;
#2152 = DIRECTION ( 'NONE',  ( 1.000000000000000000, 0.000000000000000000, 0.000000000000000000 ) ) ;
#2153 = EDGE_LOOP ( 'NONE', ( #952, #1559, #5307, #3745 ) ) ;
#2154 = ADVANCED_FACE ( 'NONE', ( #2591 ), #4744, .T. ) ;
#2155 = CIRCLE ( 'NONE', #6323, 0.2249999999999999500 ) ;
#2156 = SPHERICAL_SURFACE ( 'NONE', #6453, 0.2250000000000000056 ) ;
#2157 = ADVANCED_FACE ( 'NONE', ( #2502 ), #3361, .T. ) ;
#2158 = DIRECTION ( 'NONE',  ( -1.000000000000000000, 0.000000000000000000, 0.000000000000000000 ) ) ;
#2159 = DIRECTION ( 'NONE',  ( 0.000000000000000000, 1.000000000000000000, 0.000000000000000000 ) ) ;
#2160 = AXIS2_PLACEMENT_3D ( 'NONE', #6501, #7126, #8536 ) ;
#2161 = EDGE_CURVE ( 'NONE', #4388, #4568, #1895, .T. ) ;
#2162 = DIRECTION ( 'NONE',  ( -6.918242433955120338E-16, 1.000000000000000000, -0.000000000000000000 ) ) ;
#2163 = EDGE_CURVE ( 'NONE', #693, #5444, #2030, .T. ) ;
#2164 = EDGE_LOOP ( 'NONE', ( #1542, #96, #3253, #8420 ) ) ;
#2165 =( GEOMETRIC_REPRESENTATION_CONTEXT ( 3 ) GLOBAL_UNCERTAINTY_ASSIGNED_CONTEXT ( ( #8047 ) ) GLOBAL_UNIT_ASSIGNED_CONTEXT ( ( #3117, #3527, #8184 ) ) REPRESENTATION_CONTEXT ( 'NONE', 'WORKASPACE' ) );
#2166 = AXIS2_PLACEMENT_3D ( 'NONE', #4027, #2785, #5416 ) ;
#2167 = SPHERICAL_SURFACE ( 'NONE', #479, 0.2250000000000000056 ) ;
#2168 = EDGE_LOOP ( 'NONE', ( #819, #2884, #6939 ) ) ;
#2169 = DIRECTION ( 'NONE',  ( -0.000000000000000000, -0.000000000000000000, -1.000000000000000000 ) ) ;
#2170 = FILL_AREA_STYLE ('',( #7684 ) ) ;
#2171 = DIRECTION ( 'NONE',  ( 0.000000000000000000, 0.000000000000000000, 1.000000000000000000 ) ) ;
#2172 = STYLED_ITEM ( 'NONE', ( #397 ), #2630 ) ;
#2173 = CIRCLE ( 'NONE', #5793, 0.2249999999999999500 ) ;
#2174 = DIRECTION ( 'NONE',  ( 0.000000000000000000, 0.000000000000000000, -1.000000000000000000 ) ) ;
#2175 = DIRECTION ( 'NONE',  ( -1.000000000000000000, -6.195440985631453345E-16, 0.000000000000000000 ) ) ;
#2176 = VERTEX_POINT ( 'NONE', #1489 ) ;
#2177 = ORIENTED_EDGE ( 'NONE', *, *, #6850, .T. ) ;
#2178 = VERTEX_POINT ( 'NONE', #8062 ) ;
#2179 = CIRCLE ( 'NONE', #8161, 0.2249999999999999500 ) ;
#2180 = CARTESIAN_POINT ( 'NONE',  ( 2.000000000000000000, 0.2250000000000040024, 0.4000000000000000222 ) ) ;
#2181 = CARTESIAN_POINT ( 'NONE',  ( -3.600000000000000089, 0.2250000000000000056, 4.400000000000000355 ) ) ;
#2182 = CIRCLE ( 'NONE', #2752, 0.2250000000000000056 ) ;
#2183 = CIRCLE ( 'NONE', #2618, 0.1870828693386989983 ) ;
#2184 = CARTESIAN_POINT ( 'NONE',  ( -2.000000000000000000, 0.2250000000000000056, 2.000000000000000000 ) ) ;
#2185 = DIRECTION ( 'NONE',  ( -1.000000000000000000, 0.000000000000000000, 0.000000000000000000 ) ) ;
#2186 = ORIENTED_EDGE ( 'NONE', *, *, #4811, .F. ) ;
#2187 = ORIENTED_EDGE ( 'NONE', *, *, #8354, .T. ) ;
#2188 = EDGE_LOOP ( 'NONE', ( #144, #4303, #3327 ) ) ;
#2189 = CARTESIAN_POINT ( 'NONE',  ( -2.000000000000000000, 0.2250000000000000056, -2.799999999999999822 ) ) ;
#2190 = AXIS2_PLACEMENT_3D ( 'NONE', #4659, #6664, #4145 ) ;
#2191 = AXIS2_PLACEMENT_3D ( 'NONE', #8206, #8252, #976 ) ;
#2192 = FACE_OUTER_BOUND ( 'NONE', #6167, .T. ) ;
#2193 = CARTESIAN_POINT ( 'NONE',  ( 7.200000000000000178, 0.3500000000000049738, 0.8000000000000000444 ) ) ;
#2194 = DIRECTION ( 'NONE',  ( -1.000000000000000000, 0.000000000000000000, 0.000000000000000000 ) ) ;
#2195 = CARTESIAN_POINT ( 'NONE',  ( -1.199999999999999956, 0.2250000000000000056, -1.199999999999999956 ) ) ;
#2196 = DIRECTION ( 'NONE',  ( 5.795304382052420359E-16, -1.000000000000000000, 0.000000000000000000 ) ) ;
#2197 = SPHERICAL_SURFACE ( 'NONE', #4203, 0.2250000000000000056 ) ;
#2198 = AXIS2_PLACEMENT_3D ( 'NONE', #7664, #6967, #8337 ) ;
#2199 = CARTESIAN_POINT ( 'NONE',  ( -2.000000000000000000, 0.2250000000000000056, -1.199999999999999956 ) ) ;
#2200 = CIRCLE ( 'NONE', #810, 0.2249999999999999500 ) ;
#2201 = ORIENTED_EDGE ( 'NONE', *, *, #5123, .F. ) ;
#2202 = EDGE_CURVE ( 'NONE', #7561, #3980, #3853, .T. ) ;
#2203 = CARTESIAN_POINT ( 'NONE',  ( 2.000000000000000000, 0.2250000000000040024, 0.4000000000000000222 ) ) ;
#2204 = SPHERICAL_SURFACE ( 'NONE', #4960, 0.2250000000000000056 ) ;
#2205 = STYLED_ITEM ( 'NONE', ( #7788 ), #8208 ) ;
#2206 = DIRECTION ( 'NONE',  ( -1.000000000000000000, 0.000000000000000000, 0.000000000000000000 ) ) ;
#2207 = AXIS2_PLACEMENT_3D ( 'NONE', #8505, #5866, #7225 ) ;
#2208 = CARTESIAN_POINT ( 'NONE',  ( 4.799999999999999822, 0.3499999999999999778, 4.000000000000000000 ) ) ;
#2209 =( GEOMETRIC_REPRESENTATION_CONTEXT ( 3 ) GLOBAL_UNCERTAINTY_ASSIGNED_CONTEXT ( ( #4394 ) ) GLOBAL_UNIT_ASSIGNED_CONTEXT ( ( #7695, #7041, #3128 ) ) REPRESENTATION_CONTEXT ( 'NONE', 'WORKASPACE' ) );
#2210 = AXIS2_PLACEMENT_3D ( 'NONE', #8140, #2851, #4216 ) ;
#2211 = ORIENTED_EDGE ( 'NONE', *, *, #7854, .F. ) ;
#2212 = EDGE_CURVE ( 'NONE', #7671, #992, #2307, .T. ) ;
#2213 = EDGE_CURVE ( 'NONE', #1952, #6285, #638, .T. ) ;
#2214 = ADVANCED_FACE ( 'NONE', ( #8, #7416 ), #98, .T. ) ;
#2215 = CARTESIAN_POINT ( 'NONE',  ( -1.199999999999999956, 0.2250000000000000056, -1.199999999999999956 ) ) ;
#2216 = ORIENTED_EDGE ( 'NONE', *, *, #617, .F. ) ;
#2217 = DIRECTION ( 'NONE',  ( 5.795304382052420359E-16, -1.000000000000000000, 0.000000000000000000 ) ) ;
#2218 = CARTESIAN_POINT ( 'NONE',  ( -2.421384851884295372E-16, 0.3499999999999999778, 0.8000000000000000444 ) ) ;
#2219 = PLANE ( 'NONE',  #2921 ) ;
#2220 = CARTESIAN_POINT ( 'NONE',  ( 2.000000000000000000, 0.2250000000000040024, -0.4000000000000000222 ) ) ;
#2221 = MECHANICAL_DESIGN_GEOMETRIC_PRESENTATION_REPRESENTATION (  '', ( #824 ), #5415 ) ;
#2222 = CIRCLE ( 'NONE', #3892, 0.2249999999999999500 ) ;
#2223 = EDGE_CURVE ( 'NONE', #844, #1016, #6756, .T. ) ;
#2224 = FACE_OUTER_BOUND ( 'NONE', #8367, .T. ) ;
#2225 = CARTESIAN_POINT ( 'NONE',  ( -3.699999999999998845, 0.9500000000000003997, -4.699999999999999289 ) ) ;
#2226 = VERTEX_POINT ( 'NONE', #4097 ) ;
#2227 = ADVANCED_FACE ( 'NONE', ( #7323 ), #748, .T. ) ;
#2228 = VERTEX_POINT ( 'NONE', #5402 ) ;
#2229 = VERTEX_POINT ( 'NONE', #3499 ) ;
#2230 =( GEOMETRIC_REPRESENTATION_CONTEXT ( 3 ) GLOBAL_UNCERTAINTY_ASSIGNED_CONTEXT ( ( #2669 ) ) GLOBAL_UNIT_ASSIGNED_CONTEXT ( ( #7024, #2549, #5185 ) ) REPRESENTATION_CONTEXT ( 'NONE', 'WORKASPACE' ) );
#2231 =( NAMED_UNIT ( * ) PLANE_ANGLE_UNIT ( ) SI_UNIT ( $, .RADIAN. ) );
#2232 = SPHERICAL_SURFACE ( 'NONE', #7624, 0.2250000000000000056 ) ;
#2233 = DIRECTION ( 'NONE',  ( 1.000000000000000000, 5.795304382052414442E-16, 0.000000000000000000 ) ) ;
#2234 = DIRECTION ( 'NONE',  ( 0.000000000000000000, 0.000000000000000000, 1.000000000000000000 ) ) ;
#2235 = CARTESIAN_POINT ( 'NONE',  ( 2.000000000000000000, 0.2250000000000040024, 2.799999999999999822 ) ) ;
#2236 = VERTEX_POINT ( 'NONE', #1445 ) ;
#2237 = ORIENTED_EDGE ( 'NONE', *, *, #7732, .T. ) ;
#2238 = EDGE_LOOP ( 'NONE', ( #1060, #2675 ) ) ;
#2239 = CARTESIAN_POINT ( 'NONE',  ( -2.000000000000000000, 0.2250000000000000056, -0.4000000000000000222 ) ) ;
#2240 = SPHERICAL_SURFACE ( 'NONE', #5946, 0.2250000000000000056 ) ;
#2241 = DIRECTION ( 'NONE',  ( 0.000000000000000000, 1.000000000000000000, 0.000000000000000000 ) ) ;
#2242 = DIRECTION ( 'NONE',  ( -0.000000000000000000, -0.000000000000000000, -1.000000000000000000 ) ) ;
#2243 = DIRECTION ( 'NONE',  ( 1.000000000000000000, 6.746146851020916917E-16, 0.000000000000000000 ) ) ;
#2244 = EDGE_LOOP ( 'NONE', ( #4838, #2664, #4510 ) ) ;
#2245 = CARTESIAN_POINT ( 'NONE',  ( 0.4000000000000000222, 0.2250000000000030032, -1.199999999999999956 ) ) ;
#2246 = SPHERICAL_SURFACE ( 'NONE', #2754, 0.2250000000000000056 ) ;
#2247 = CARTESIAN_POINT ( 'NONE',  ( -1.109500223176831950E-15, 0.3499999999999999778, 8.800000000000000711 ) ) ;
#2248 = AXIS2_PLACEMENT_3D ( 'NONE', #6389, #3055, #7658 ) ;
#2249 = PRESENTATION_LAYER_ASSIGNMENT (  '', '', ( #4328 ) ) ;
#2250 = EDGE_LOOP ( 'NONE', ( #3284, #7331, #6443 ) ) ;
#2251 = VERTEX_POINT ( 'NONE', #659 ) ;
#2252 = DIRECTION ( 'NONE',  ( -0.000000000000000000, -0.000000000000000000, -1.000000000000000000 ) ) ;
#2253 = VERTEX_POINT ( 'NONE', #4051 ) ;
#2254 = CIRCLE ( 'NONE', #728, 0.1870828693386989428 ) ;
#2255 = CIRCLE ( 'NONE', #6287, 0.2249999999999999500 ) ;
#2256 = FACE_OUTER_BOUND ( 'NONE', #2022, .T. ) ;
#2257 = SURFACE_STYLE_FILL_AREA ( #8225 ) ;
#2258 = SURFACE_STYLE_USAGE ( .BOTH. , #136 ) ;
#2259 = ADVANCED_FACE ( 'NONE', ( #2857 ), #3320, .T. ) ;
#2260 = ADVANCED_FACE ( 'NONE', ( #5971 ), #52, .T. ) ;
#2261 = DIRECTION ( 'NONE',  ( -1.000000000000000000, 0.000000000000000000, 2.409338161078899180E-16 ) ) ;
#2262 = CIRCLE ( 'NONE', #733, 0.2250000000000000056 ) ;
#2263 = CARTESIAN_POINT ( 'NONE',  ( -0.4000000000000000222, 0.3499999999999999778, -2.799999999999999822 ) ) ;
#2264 = ORIENTED_EDGE ( 'NONE', *, *, #1142, .T. ) ;
#2265 = ORIENTED_EDGE ( 'NONE', *, *, #7273, .T. ) ;
#2266 = ORIENTED_EDGE ( 'NONE', *, *, #4016, .F. ) ;
#2267 = FILL_AREA_STYLE ('',( #4182 ) ) ;
#2268 = ADVANCED_FACE ( 'NONE', ( #1352 ), #2051, .F. ) ;
#2269 = DIRECTION ( 'NONE',  ( -1.000000000000000000, 0.000000000000000000, 0.000000000000000000 ) ) ;
#2270 = EDGE_CURVE ( 'NONE', #3607, #1059, #8152, .T. ) ;
#2271 = CARTESIAN_POINT ( 'NONE',  ( -3.600000000000000089, 0.2250000000000000056, 4.400000000000000355 ) ) ;
#2272 = EDGE_CURVE ( 'NONE', #6383, #4966, #7875, .T. ) ;
#2273 = DIRECTION ( 'NONE',  ( -1.000000000000000000, 0.000000000000000000, 2.409338161078898687E-16 ) ) ;
#2274 = ORIENTED_EDGE ( 'NONE', *, *, #8005, .T. ) ;
#2275 = CLOSED_SHELL ( 'NONE', ( #195, #193, #3871, #7807, #6407 ) ) ;
#2276 = VERTEX_POINT ( 'NONE', #4878 ) ;
#2277 = ORIENTED_EDGE ( 'NONE', *, *, #4982, .F. ) ;
#2278 = CARTESIAN_POINT ( 'NONE',  ( 3.600000000000000089, 4.987329993433320396E-15, 4.400000000000000355 ) ) ;
#2279 = EDGE_CURVE ( 'NONE', #5861, #2401, #4525, .T. ) ;
#2280 = CARTESIAN_POINT ( 'NONE',  ( 0.9749999999999999778, 0.2250000000000035028, 2.799999999999999822 ) ) ;
#2281 = EDGE_CURVE ( 'NONE', #1543, #536, #4119, .T. ) ;
#2282 = DIRECTION ( 'NONE',  ( -1.000000000000000000, 0.000000000000000000, -0.000000000000000000 ) ) ;
#2283 = AXIS2_PLACEMENT_3D ( 'NONE', #4676, #7945, #2698 ) ;
#2284 = SURFACE_STYLE_USAGE ( .BOTH. , #5504 ) ;
#2285 = CARTESIAN_POINT ( 'NONE',  ( -2.000000000000000000, 0.000000000000000000, 1.199999999999999956 ) ) ;
#2286 = FACE_OUTER_BOUND ( 'NONE', #1684, .T. ) ;
#2287 = VERTEX_POINT ( 'NONE', #8197 ) ;
#2288 = SPHERICAL_SURFACE ( 'NONE', #2717, 0.2250000000000000056 ) ;
#2289 = CARTESIAN_POINT ( 'NONE',  ( -0.4000000000000000222, 0.2250000000000024758, 2.000000000000000000 ) ) ;
#2290 = DIRECTION ( 'NONE',  ( -0.000000000000000000, -0.000000000000000000, -1.000000000000000000 ) ) ;
#2291 = EDGE_LOOP ( 'NONE', ( #2961, #7619 ) ) ;
#2292 = EDGE_LOOP ( 'NONE', ( #5327, #8532, #8368 ) ) ;
#2293 = DIRECTION ( 'NONE',  ( -1.000000000000000000, 0.000000000000000000, 0.000000000000000000 ) ) ;
#2294 = VERTEX_POINT ( 'NONE', #229 ) ;
#2295 = CARTESIAN_POINT ( 'NONE',  ( 2.000000000000000000, 0.2250000000000040024, -2.799999999999999822 ) ) ;
#2296 = CIRCLE ( 'NONE', #3003, 0.2250000000000000056 ) ;
#2297 = CARTESIAN_POINT ( 'NONE',  ( -2.000000000000000000, 0.2250000000000000056, -0.4000000000000000222 ) ) ;
#2298 = CARTESIAN_POINT ( 'NONE',  ( -2.187082869338698998, 0.3499999999999998668, -0.4000000000000000222 ) ) ;
#2299 =( GEOMETRIC_REPRESENTATION_CONTEXT ( 3 ) GLOBAL_UNCERTAINTY_ASSIGNED_CONTEXT ( ( #572 ) ) GLOBAL_UNIT_ASSIGNED_CONTEXT ( ( #7498, #2231, #2096 ) ) REPRESENTATION_CONTEXT ( 'NONE', 'WORKASPACE' ) );
#2300 = DIRECTION ( 'NONE',  ( -1.224646799147353207E-16, -0.000000000000000000, -1.000000000000000000 ) ) ;
#2301 = AXIS2_PLACEMENT_3D ( 'NONE', #2987, #2241, #459 ) ;
#2302 = EDGE_LOOP ( 'NONE', ( #2479, #8500, #2482 ) ) ;
#2303 = VERTEX_POINT ( 'NONE', #2900 ) ;
#2304 = ORIENTED_EDGE ( 'NONE', *, *, #3601, .T. ) ;
#2305 = EDGE_CURVE ( 'NONE', #992, #7671, #2892, .T. ) ;
#2306 = DIRECTION ( 'NONE',  ( -1.224646799147353207E-16, -0.000000000000000000, -1.000000000000000000 ) ) ;
#2307 = CIRCLE ( 'NONE', #6481, 0.1870828693386994146 ) ;
#2308 = CARTESIAN_POINT ( 'NONE',  ( -3.600000000000000089, 0.2250000000000000056, 3.600000000000000089 ) ) ;
#2309 = ADVANCED_FACE ( 'NONE', ( #1618 ), #3063, .T. ) ;
#2310 = CARTESIAN_POINT ( 'NONE',  ( -0.4000000000000000222, 2.493664996716660198E-15, -1.199999999999999956 ) ) ;
#2311 = CIRCLE ( 'NONE', #3427, 0.2250000000000000056 ) ;
#2312 = EDGE_LOOP ( 'NONE', ( #5902, #5584, #383, #1999 ) ) ;
#2313 = ORIENTED_EDGE ( 'NONE', *, *, #1933, .F. ) ;
#2314 = ORIENTED_EDGE ( 'NONE', *, *, #1639, .T. ) ;
#2315 = CARTESIAN_POINT ( 'NONE',  ( 3.600000000000000089, 0.2250000000000049738, 3.600000000000000089 ) ) ;
#2316 = DIRECTION ( 'NONE',  ( -1.224646799147353207E-16, -0.000000000000000000, -1.000000000000000000 ) ) ;
#2317 = CARTESIAN_POINT ( 'NONE',  ( -0.2129171306613005521, 0.3500000000000000888, 0.3999999999999999667 ) ) ;
#2318 = EDGE_CURVE ( 'NONE', #8409, #7412, #6061, .T. ) ;
#2319 = DIRECTION ( 'NONE',  ( 0.000000000000000000, 0.000000000000000000, -1.000000000000000000 ) ) ;
#2320 = AXIS2_PLACEMENT_3D ( 'NONE', #6682, #4162, #6200 ) ;
#2321 = CIRCLE ( 'NONE', #4400, 0.2249999999999999500 ) ;
#2322 = SPHERICAL_SURFACE ( 'NONE', #1680, 0.2250000000000000056 ) ;
#2323 = EDGE_CURVE ( 'NONE', #4114, #916, #514, .T. ) ;
#2324 = DIRECTION ( 'NONE',  ( -6.918242433955120338E-16, 1.000000000000000000, 0.000000000000000000 ) ) ;
#2325 = CIRCLE ( 'NONE', #2190, 0.1870828693386989983 ) ;
#2326 = AXIS2_PLACEMENT_3D ( 'NONE', #8025, #1408, #3409 ) ;
#2327 = CARTESIAN_POINT ( 'NONE',  ( -2.187082869338698998, 0.3499999999999998668, 0.4000000000000000222 ) ) ;
#2328 = CARTESIAN_POINT ( 'NONE',  ( -4.499999999999999112, 0.9999999999999970024, -5.500000000000000000 ) ) ;
#2329 = SPHERICAL_SURFACE ( 'NONE', #357, 0.2250000000000000056 ) ;
#2330 = AXIS2_PLACEMENT_3D ( 'NONE', #1269, #7154, #5805 ) ;
#2331 = CIRCLE ( 'NONE', #956, 0.2249999999999999500 ) ;
#2332 = ORIENTED_EDGE ( 'NONE', *, *, #7378, .T. ) ;
#2333 = ORIENTED_EDGE ( 'NONE', *, *, #5349, .F. ) ;
#2334 = DIRECTION ( 'NONE',  ( 0.000000000000000000, 1.000000000000000000, 0.000000000000000000 ) ) ;
#2335 = ORIENTED_EDGE ( 'NONE', *, *, #7904, .T. ) ;
#2336 = CIRCLE ( 'NONE', #1372, 0.2249999999999999500 ) ;
#2337 = AXIS2_PLACEMENT_3D ( 'NONE', #1328, #8581, #8626 ) ;
#2338 = DIRECTION ( 'NONE',  ( 6.918242433955120338E-16, -1.000000000000000000, 0.000000000000000000 ) ) ;
#2339 = CARTESIAN_POINT ( 'NONE',  ( -0.4000000000000000222, 0.2250000000000024758, -2.799999999999999822 ) ) ;
#2340 = DIRECTION ( 'NONE',  ( 0.000000000000000000, 0.000000000000000000, -1.000000000000000000 ) ) ;
#2341 = EDGE_CURVE ( 'NONE', #1018, #6952, #7181, .T. ) ;
#2342 = AXIS2_PLACEMENT_3D ( 'NONE', #7272, #4086, #2668 ) ;
#2343 = AXIS2_PLACEMENT_3D ( 'NONE', #3444, #4091, #6743 ) ;
#2344 = DIRECTION ( 'NONE',  ( 1.000000000000000000, 0.000000000000000000, 0.000000000000000000 ) ) ;
#2345 = SPHERICAL_SURFACE ( 'NONE', #4293, 0.2250000000000000056 ) ;
#2346 = EDGE_LOOP ( 'NONE', ( #4219, #3448, #873, #4635 ) ) ;
#2347 = DIRECTION ( 'NONE',  ( -1.000000000000000000, 0.000000000000000000, 0.000000000000000000 ) ) ;
#2348 = ORIENTED_EDGE ( 'NONE', *, *, #664, .F. ) ;
#2349 = PRESENTATION_LAYER_ASSIGNMENT (  '', '', ( #7227 ) ) ;
#2350 = AXIS2_PLACEMENT_3D ( 'NONE', #5203, #7876, #75 ) ;
#2351 = DIRECTION ( 'NONE',  ( -0.000000000000000000, -0.000000000000000000, 1.000000000000000000 ) ) ;
#2352 = CARTESIAN_POINT ( 'NONE',  ( -0.4000000000000000222, 0.2250000000000024758, -2.799999999999999822 ) ) ;
#2353 = DIRECTION ( 'NONE',  ( 5.795304382052420359E-16, -1.000000000000000000, 0.000000000000000000 ) ) ;
#2354 = STYLED_ITEM ( 'NONE', ( #5898 ), #8376 ) ;
#2355 = DIRECTION ( 'NONE',  ( -1.000000000000000000, 0.000000000000000000, 0.000000000000000000 ) ) ;
#2356 =( GEOMETRIC_REPRESENTATION_CONTEXT ( 3 ) GLOBAL_UNCERTAINTY_ASSIGNED_CONTEXT ( ( #2486 ) ) GLOBAL_UNIT_ASSIGNED_CONTEXT ( ( #6892, #936, #3513 ) ) REPRESENTATION_CONTEXT ( 'NONE', 'WORKASPACE' ) );
#2357 = ORIENTED_EDGE ( 'NONE', *, *, #4982, .T. ) ;
#2358 = VERTEX_POINT ( 'NONE', #4224 ) ;
#2359 = ORIENTED_EDGE ( 'NONE', *, *, #5679, .F. ) ;
#2360 = DIRECTION ( 'NONE',  ( 5.795304382052420359E-16, -1.000000000000000000, 0.000000000000000000 ) ) ;
#2361 = CARTESIAN_POINT ( 'NONE',  ( 2.225000000000000089, 0.2250000000000040024, 0.3999999999999999667 ) ) ;
#2362 = COLOUR_RGB ( '',0.7921568627450980005, 0.8196078431372548767, 0.9333333333333333481 ) ;
#2363 = DIRECTION ( 'NONE',  ( -0.000000000000000000, -0.000000000000000000, -1.000000000000000000 ) ) ;
#2364 = EDGE_CURVE ( 'NONE', #8375, #5861, #1204, .T. ) ;
#2365 = EDGE_CURVE ( 'NONE', #8409, #6952, #5364, .T. ) ;
#2366 = DIRECTION ( 'NONE',  ( -1.000000000000000000, 0.000000000000000000, 0.000000000000000000 ) ) ;
#2367 = EDGE_LOOP ( 'NONE', ( #3698, #5851, #6634, #6830 ) ) ;
#2368 = MANIFOLD_SOLID_BREP ( 'NONE', #5619 ) ;
#2369 = CARTESIAN_POINT ( 'NONE',  ( 2.799999999999999822, 0.2250000000000045020, -4.400000000000000355 ) ) ;
#2370 = CARTESIAN_POINT ( 'NONE',  ( 0.4000000000000000222, 0.3499999999999999778, -2.000000000000000000 ) ) ;
#2371 = ADVANCED_FACE ( 'NONE', ( #7145 ), #3184, .T. ) ;
#2372 = FACE_OUTER_BOUND ( 'NONE', #4346, .T. ) ;
#2373 = FILL_AREA_STYLE_COLOUR ( '', #8361 ) ;
#2374 =( LENGTH_UNIT ( ) NAMED_UNIT ( * ) SI_UNIT ( .MILLI., .METRE. ) );
#2375 = EDGE_CURVE ( 'NONE', #3058, #7105, #7459, .T. ) ;
#2376 = ORIENTED_EDGE ( 'NONE', *, *, #8174, .T. ) ;
#2377 = ORIENTED_EDGE ( 'NONE', *, *, #3748, .F. ) ;
#2378 = FACE_OUTER_BOUND ( 'NONE', #1715, .T. ) ;
#2379 = FILL_AREA_STYLE_COLOUR ( '', #6617 ) ;
#2380 = DIRECTION ( 'NONE',  ( 6.918242433955120338E-16, -1.000000000000000000, 0.000000000000000000 ) ) ;
#2381 = CIRCLE ( 'NONE', #7830, 0.2249999999999999500 ) ;
#2382 = COLOUR_RGB ( '',0.7921568627450980005, 0.8196078431372548767, 0.9333333333333333481 ) ;
#2383 = DIRECTION ( 'NONE',  ( 0.000000000000000000, 0.000000000000000000, 1.000000000000000000 ) ) ;
#2384 = CARTESIAN_POINT ( 'NONE',  ( 0.2129171306613010239, 0.3499999999999998668, -2.000000000000000000 ) ) ;
#2385 = CARTESIAN_POINT ( 'NONE',  ( -0.4000000000000000222, 0.2250000000000024758, 2.799999999999999822 ) ) ;
#2386 = CARTESIAN_POINT ( 'NONE',  ( -2.000000000000000000, 0.2250000000000000056, -0.4000000000000000222 ) ) ;
#2387 = ORIENTED_EDGE ( 'NONE', *, *, #6844, .F. ) ;
#2388 = AXIS2_PLACEMENT_3D ( 'NONE', #4215, #2893, #3489 ) ;
#2389 =( GEOMETRIC_REPRESENTATION_CONTEXT ( 3 ) GLOBAL_UNCERTAINTY_ASSIGNED_CONTEXT ( ( #6565 ) ) GLOBAL_UNIT_ASSIGNED_CONTEXT ( ( #1288, #5951, #3259 ) ) REPRESENTATION_CONTEXT ( 'NONE', 'WORKASPACE' ) );
#2390 = FACE_OUTER_BOUND ( 'NONE', #6572, .T. ) ;
#2391 = ORIENTED_EDGE ( 'NONE', *, *, #2710, .T. ) ;
#2392 = SPHERICAL_SURFACE ( 'NONE', #925, 0.2250000000000000056 ) ;
#2393 = DIRECTION ( 'NONE',  ( -1.000000000000000000, 0.000000000000000000, 0.000000000000000000 ) ) ;
#2394 = CARTESIAN_POINT ( 'NONE',  ( -2.799999999999999822, 0.2250000000000000056, 4.400000000000000355 ) ) ;
#2395 = UNCERTAINTY_MEASURE_WITH_UNIT (LENGTH_MEASURE( 1.000000000000000082E-05 ), #3186, 'distance_accuracy_value', 'NONE');
#2396 = DIRECTION ( 'NONE',  ( -1.224646799147353207E-16, -0.000000000000000000, -1.000000000000000000 ) ) ;
#2397 = AXIS2_PLACEMENT_3D ( 'NONE', #4408, #4577, #622 ) ;
#2398 = PRESENTATION_LAYER_ASSIGNMENT (  '', '', ( #729 ) ) ;
#2399 = DIRECTION ( 'NONE',  ( 1.000000000000000000, 0.000000000000000000, 0.000000000000000000 ) ) ;
#2400 = DIRECTION ( 'NONE',  ( 1.000000000000000000, 0.000000000000000000, 0.000000000000000000 ) ) ;
#2401 = VERTEX_POINT ( 'NONE', #7924 ) ;
#2402 = VERTEX_POINT ( 'NONE', #5174 ) ;
#2403 = VERTEX_POINT ( 'NONE', #5208 ) ;
#2404 = PRESENTATION_STYLE_ASSIGNMENT (( #5720 ) ) ;
#2405 = DIRECTION ( 'NONE',  ( -1.000000000000000000, 0.000000000000000000, 0.000000000000000000 ) ) ;
#2406 = DIRECTION ( 'NONE',  ( -0.000000000000000000, -0.000000000000000000, -1.000000000000000000 ) ) ;
#2407 = CARTESIAN_POINT ( 'NONE',  ( 0.4000000000000000222, 0.3499999999999999778, -2.799999999999999822 ) ) ;
#2408 = CLOSED_SHELL ( 'NONE', ( #2545, #1529, #666, #1686, #1689 ) ) ;
#2409 = ORIENTED_EDGE ( 'NONE', *, *, #7325, .F. ) ;
#2410 = MANIFOLD_SOLID_BREP ( 'NONE', #2414 ) ;
#2411 = DIRECTION ( 'NONE',  ( -1.000000000000000000, 0.000000000000000000, 0.000000000000000000 ) ) ;
#2412 = FACE_OUTER_BOUND ( 'NONE', #5098, .T. ) ;
#2413 = ADVANCED_FACE ( 'NONE', ( #5092 ), #8593, .T. ) ;
#2414 = CLOSED_SHELL ( 'NONE', ( #4183, #4444, #4652, #358, #5771 ) ) ;
#2415 = SPHERICAL_SURFACE ( 'NONE', #8442, 0.2250000000000000056 ) ;
#2416 = SURFACE_STYLE_USAGE ( .BOTH. , #377 ) ;
#2417 = DIRECTION ( 'NONE',  ( -6.938893903907231336E-16, 1.000000000000000000, 0.000000000000000000 ) ) ;
#2419 = ADVANCED_FACE ( 'NONE', ( #2626 ), #7192, .T. ) ;
#2418 =( NAMED_UNIT ( * ) SI_UNIT ( $, .STERADIAN. ) SOLID_ANGLE_UNIT ( ) );
#2420 = ORIENTED_EDGE ( 'NONE', *, *, #1151, .F. ) ;
#2421 = AXIS2_PLACEMENT_3D ( 'NONE', #6817, #2801, #5430 ) ;
#2422 = EDGE_CURVE ( 'NONE', #1332, #312, #4675, .T. ) ;
#2423 = EDGE_LOOP ( 'NONE', ( #6609, #2409, #3204 ) ) ;
#2424 = CARTESIAN_POINT ( 'NONE',  ( -3.600000000000000089, 0.2250000000000000056, -4.400000000000000355 ) ) ;
#2425 = DIRECTION ( 'NONE',  ( 1.000000000000000000, 0.000000000000000000, 0.000000000000000000 ) ) ;
#2426 = EDGE_CURVE ( 'NONE', #5496, #5286, #522, .T. ) ;
#2427 = DIRECTION ( 'NONE',  ( 6.918242433955120338E-16, -1.000000000000000000, 0.000000000000000000 ) ) ;
#2428 = AXIS2_PLACEMENT_3D ( 'NONE', #4074, #6198, #6725 ) ;
#2429 = ADVANCED_FACE ( 'NONE', ( #4437 ), #487, .T. ) ;
#2430 = DIRECTION ( 'NONE',  ( 0.000000000000000000, 0.000000000000000000, -1.000000000000000000 ) ) ;
#2431 = SURFACE_STYLE_FILL_AREA ( #53 ) ;
#2432 = CARTESIAN_POINT ( 'NONE',  ( 3.600000000000000089, 0.2250000000000049738, 4.400000000000000355 ) ) ;
#2433 = DIRECTION ( 'NONE',  ( 0.000000000000000000, 1.000000000000000000, 0.000000000000000000 ) ) ;
#2434 = ORIENTED_EDGE ( 'NONE', *, *, #5880, .F. ) ;
#2435 = AXIS2_PLACEMENT_3D ( 'NONE', #12, #711, #6583 ) ;
#2436 = CARTESIAN_POINT ( 'NONE',  ( 2.000000000000000000, 0.2250000000000040024, -2.799999999999999822 ) ) ;
#2437 = ORIENTED_EDGE ( 'NONE', *, *, #5325, .F. ) ;
#2438 = SPHERICAL_SURFACE ( 'NONE', #3269, 0.2250000000000000056 ) ;
#2439 = AXIS2_PLACEMENT_3D ( 'NONE', #8126, #2159, #3081 ) ;
#2440 = DIRECTION ( 'NONE',  ( -0.000000000000000000, -0.000000000000000000, -1.000000000000000000 ) ) ;
#2441 = MANIFOLD_SOLID_BREP ( 'NONE', #4492 ) ;
#2442 = DIRECTION ( 'NONE',  ( 1.000000000000000000, 5.795304382052414442E-16, 0.000000000000000000 ) ) ;
#2443 = ORIENTED_EDGE ( 'NONE', *, *, #5350, .F. ) ;
#2444 = ORIENTED_EDGE ( 'NONE', *, *, #1420, .T. ) ;
#2445 = ORIENTED_EDGE ( 'NONE', *, *, #148, .F. ) ;
#2446 = STYLED_ITEM ( 'NONE', ( #2404 ), #2569 ) ;
#2447 = CIRCLE ( 'NONE', #5918, 0.2249999999999999500 ) ;
#2448 = DIRECTION ( 'NONE',  ( 1.000000000000000000, 5.795304382052416415E-16, 0.000000000000000000 ) ) ;
#2449 = CARTESIAN_POINT ( 'NONE',  ( -2.000000000000000000, 0.2250000000000000056, -2.000000000000000000 ) ) ;
#2450 = DIRECTION ( 'NONE',  ( -0.000000000000000000, -0.000000000000000000, -1.000000000000000000 ) ) ;
#2451 = DIRECTION ( 'NONE',  ( -1.000000000000000000, 0.000000000000000000, 0.000000000000000000 ) ) ;
#2452 = FACE_OUTER_BOUND ( 'NONE', #4080, .T. ) ;
#2453 = AXIS2_PLACEMENT_3D ( 'NONE', #4184, #6102, #6751 ) ;
#2454 = ORIENTED_EDGE ( 'NONE', *, *, #6255, .F. ) ;
#2455 = MANIFOLD_SOLID_BREP ( 'NONE', #2564 ) ;
#2456 = DIRECTION ( 'NONE',  ( -1.000000000000000000, 0.000000000000000000, 0.000000000000000000 ) ) ;
#2457 = MECHANICAL_DESIGN_GEOMETRIC_PRESENTATION_REPRESENTATION (  '', ( #2036 ), #7188 ) ;
#2458 = DIRECTION ( 'NONE',  ( 5.795304382052420359E-16, -1.000000000000000000, 0.000000000000000000 ) ) ;
#2459 =( GEOMETRIC_REPRESENTATION_CONTEXT ( 3 ) GLOBAL_UNCERTAINTY_ASSIGNED_CONTEXT ( ( #7357 ) ) GLOBAL_UNIT_ASSIGNED_CONTEXT ( ( #2088, #8637, #4600 ) ) REPRESENTATION_CONTEXT ( 'NONE', 'WORKASPACE' ) );
#2460 = CARTESIAN_POINT ( 'NONE',  ( 5.599999999999999645, 0.3499999999999999778, 6.400000000000000355 ) ) ;
#2461 = SURFACE_STYLE_USAGE ( .BOTH. , #1073 ) ;
#2462 = CARTESIAN_POINT ( 'NONE',  ( -1.424999999999999822, 0.2250000000000000056, -0.4000000000000000222 ) ) ;
#2463 = AXIS2_PLACEMENT_3D ( 'NONE', #5857, #8535, #5227 ) ;
#2464 = VERTEX_POINT ( 'NONE', #823 ) ;
#2465 = EDGE_CURVE ( 'NONE', #197, #7379, #8592, .T. ) ;
#2466 = ORIENTED_EDGE ( 'NONE', *, *, #2341, .F. ) ;
#2467 = SPHERICAL_SURFACE ( 'NONE', #485, 0.2250000000000000056 ) ;
#2468 = AXIS2_PLACEMENT_3D ( 'NONE', #1404, #9, #751 ) ;
#2469 = DIRECTION ( 'NONE',  ( -6.918242433955120338E-16, 1.000000000000000000, -0.000000000000000000 ) ) ;
#2470 = AXIS2_PLACEMENT_3D ( 'NONE', #1500, #2690, #2866 ) ;
#2471 = SURFACE_SIDE_STYLE ('',( #4339 ) ) ;
#2472 = MANIFOLD_SOLID_BREP ( 'NONE', #6857 ) ;
#2473 = ADVANCED_FACE ( 'NONE', ( #3953 ), #648, .T. ) ;
#2474 = EDGE_CURVE ( 'NONE', #4261, #6928, #6075, .T. ) ;
#2475 = EDGE_CURVE ( 'NONE', #789, #5870, #7043, .T. ) ;
#2476 = CIRCLE ( 'NONE', #6637, 0.2249999999999999500 ) ;
#2477 = DIRECTION ( 'NONE',  ( -0.000000000000000000, -0.000000000000000000, -1.000000000000000000 ) ) ;
#2478 = AXIS2_PLACEMENT_3D ( 'NONE', #4639, #3804, #6445 ) ;
#2479 = ORIENTED_EDGE ( 'NONE', *, *, #2213, .F. ) ;
#2480 = EDGE_CURVE ( 'NONE', #2525, #2287, #3024, .T. ) ;
#2481 = FACE_OUTER_BOUND ( 'NONE', #6610, .T. ) ;
#2482 = ORIENTED_EDGE ( 'NONE', *, *, #4185, .F. ) ;
#2483 = SURFACE_STYLE_FILL_AREA ( #442 ) ;
#2484 = FACE_OUTER_BOUND ( 'NONE', #6885, .T. ) ;
#2485 = EDGE_CURVE ( 'NONE', #843, #512, #2179, .T. ) ;
#2486 = UNCERTAINTY_MEASURE_WITH_UNIT (LENGTH_MEASURE( 1.000000000000000082E-05 ), #6892, 'distance_accuracy_value', 'NONE');
#2487 = FILL_AREA_STYLE_COLOUR ( '', #5097 ) ;
#2488 = AXIS2_PLACEMENT_3D ( 'NONE', #6480, #3099, #7707 ) ;
#2489 = FILL_AREA_STYLE ('',( #6438 ) ) ;
#2490 = CIRCLE ( 'NONE', #960, 0.2250000000000000056 ) ;
#2491 = SPHERICAL_SURFACE ( 'NONE', #5607, 0.2250000000000000056 ) ;
#2492 = EDGE_CURVE ( 'NONE', #1030, #1665, #2321, .T. ) ;
#2493 = MANIFOLD_SOLID_BREP ( 'NONE', #5313 ) ;
#2494 = CARTESIAN_POINT ( 'NONE',  ( -1.199999999999999956, 0.2250000000000000056, 0.4000000000000000222 ) ) ;
#2495 = ORIENTED_EDGE ( 'NONE', *, *, #206, .F. ) ;
#2496 = ORIENTED_EDGE ( 'NONE', *, *, #7944, .T. ) ;
#2497 = ORIENTED_EDGE ( 'NONE', *, *, #7002, .F. ) ;
#2498 = STYLED_ITEM ( 'NONE', ( #3258 ), #8254 ) ;
#2499 = AXIS2_PLACEMENT_3D ( 'NONE', #5212, #8554, #3140 ) ;
#2500 = DIRECTION ( 'NONE',  ( -0.000000000000000000, -0.000000000000000000, -1.000000000000000000 ) ) ;
#2501 = DIRECTION ( 'NONE',  ( -1.000000000000000000, 0.000000000000000000, 0.000000000000000000 ) ) ;
#2502 = FACE_OUTER_BOUND ( 'NONE', #80, .T. ) ;
#2503 = CIRCLE ( 'NONE', #4575, 0.2249999999999999500 ) ;
#2504 = AXIS2_PLACEMENT_3D ( 'NONE', #3347, #34, #2748 ) ;
#2505 = DIRECTION ( 'NONE',  ( -1.000000000000000000, 0.000000000000000000, 0.000000000000000000 ) ) ;
#2506 = VERTEX_POINT ( 'NONE', #3775 ) ;
#2507 = MANIFOLD_SOLID_BREP ( 'NONE', #4624 ) ;
#2508 = CARTESIAN_POINT ( 'NONE',  ( -0.4000000000000000222, 0.2250000000000024758, -1.199999999999999956 ) ) ;
#2509 = PRESENTATION_LAYER_ASSIGNMENT (  '', '', ( #6950 ) ) ;
#2510 = STYLED_ITEM ( 'NONE', ( #2652 ), #5317 ) ;
#2511 = DIRECTION ( 'NONE',  ( -1.000000000000000000, 0.000000000000000000, 0.000000000000000000 ) ) ;
#2512 = DIRECTION ( 'NONE',  ( 1.000000000000000000, 5.795304382052416415E-16, 0.000000000000000000 ) ) ;
#2513 = DIRECTION ( 'NONE',  ( 1.000000000000000000, 0.000000000000000000, 0.000000000000000000 ) ) ;
#2514 = SURFACE_SIDE_STYLE ('',( #6588 ) ) ;
#2515 =( GEOMETRIC_REPRESENTATION_CONTEXT ( 3 ) GLOBAL_UNCERTAINTY_ASSIGNED_CONTEXT ( ( #4831 ) ) GLOBAL_UNIT_ASSIGNED_CONTEXT ( ( #389, #1779, #7697 ) ) REPRESENTATION_CONTEXT ( 'NONE', 'WORKASPACE' ) );
#2516 = ORIENTED_EDGE ( 'NONE', *, *, #2480, .F. ) ;
#2517 = ORIENTED_EDGE ( 'NONE', *, *, #5935, .F. ) ;
#2518 = DIRECTION ( 'NONE',  ( -0.000000000000000000, -0.000000000000000000, -1.000000000000000000 ) ) ;
#2519 = FACE_OUTER_BOUND ( 'NONE', #7983, .T. ) ;
#2520 = CARTESIAN_POINT ( 'NONE',  ( 0.4000000000000000222, 0.2250000000000030032, 1.199999999999999956 ) ) ;
#2521 = MANIFOLD_SOLID_BREP ( 'NONE', #598 ) ;
#2522 = PRESENTATION_STYLE_ASSIGNMENT (( #3785 ) ) ;
#2523 = FILL_AREA_STYLE_COLOUR ( '', #4053 ) ;
#2524 = DIRECTION ( 'NONE',  ( 1.000000000000000000, 0.000000000000000000, 0.000000000000000000 ) ) ;
#2525 = VERTEX_POINT ( 'NONE', #1520 ) ;
#2526 = VERTEX_POINT ( 'NONE', #6680 ) ;
#2527 = ORIENTED_EDGE ( 'NONE', *, *, #6679, .T. ) ;
#2528 =( NAMED_UNIT ( * ) SI_UNIT ( $, .STERADIAN. ) SOLID_ANGLE_UNIT ( ) );
#2529 = CYLINDRICAL_SURFACE ( 'NONE', #5776, 0.3500000000000000333 ) ;
#2530 = CIRCLE ( 'NONE', #7395, 0.2249999999999999500 ) ;
#2531 = EDGE_CURVE ( 'NONE', #7018, #7545, #77, .T. ) ;
#2532 =( NAMED_UNIT ( * ) PLANE_ANGLE_UNIT ( ) SI_UNIT ( $, .RADIAN. ) );
#2533 =( LENGTH_UNIT ( ) NAMED_UNIT ( * ) SI_UNIT ( .MILLI., .METRE. ) );
#2534 = FACE_OUTER_BOUND ( 'NONE', #6796, .T. ) ;
#2535 = ADVANCED_FACE ( 'NONE', ( #7985 ), #7548, .T. ) ;
#2536 = CIRCLE ( 'NONE', #1965, 0.2249999999999999500 ) ;
#2537 = MANIFOLD_SOLID_BREP ( 'NONE', #7691 ) ;
#2538 = MECHANICAL_DESIGN_GEOMETRIC_PRESENTATION_REPRESENTATION (  '', ( #4467 ), #1561 ) ;
#2539 = DIRECTION ( 'NONE',  ( -0.000000000000000000, -0.000000000000000000, -1.000000000000000000 ) ) ;
#2540 = ORIENTED_EDGE ( 'NONE', *, *, #14, .F. ) ;
#2541 = EDGE_CURVE ( 'NONE', #5096, #5440, #4243, .T. ) ;
#2542 = ORIENTED_EDGE ( 'NONE', *, *, #1734, .F. ) ;
#2543 = ORIENTED_EDGE ( 'NONE', *, *, #1048, .T. ) ;
#2544 = DIRECTION ( 'NONE',  ( 0.000000000000000000, 0.000000000000000000, -1.000000000000000000 ) ) ;
#2545 = ADVANCED_FACE ( 'NONE', ( #2947 ), #4232, .T. ) ;
#2546 = AXIS2_PLACEMENT_3D ( 'NONE', #6677, #6767, #6158 ) ;
#2547 = CIRCLE ( 'NONE', #7408, 0.2249999999999999500 ) ;
#2548 = DIRECTION ( 'NONE',  ( -1.000000000000000000, 0.000000000000000000, 0.000000000000000000 ) ) ;
#2549 =( NAMED_UNIT ( * ) PLANE_ANGLE_UNIT ( ) SI_UNIT ( $, .RADIAN. ) );
#2550 = EDGE_CURVE ( 'NONE', #4763, #5342, #7031, .T. ) ;
#2551 = DIRECTION ( 'NONE',  ( 0.000000000000000000, 1.000000000000000000, 0.000000000000000000 ) ) ;
#2552 = CARTESIAN_POINT ( 'NONE',  ( -0.4000000000000000222, 0.2250000000000024758, -2.000000000000000000 ) ) ;
#2553 = AXIS2_PLACEMENT_3D ( 'NONE', #6662, #3280, #6104 ) ;
#2554 = ORIENTED_EDGE ( 'NONE', *, *, #1195, .T. ) ;
#2556 = ADVANCED_FACE ( 'NONE', ( #4358 ), #3196, .T. ) ;
#2555 = MANIFOLD_SOLID_BREP ( 'NONE', #7559 ) ;
#2557 = DIRECTION ( 'NONE',  ( 5.795304382052420359E-16, -1.000000000000000000, 0.000000000000000000 ) ) ;
#2558 = SPHERICAL_SURFACE ( 'NONE', #3435, 0.2250000000000000056 ) ;
#2559 = DIRECTION ( 'NONE',  ( -1.224646799147353207E-16, -0.000000000000000000, -1.000000000000000000 ) ) ;
#2560 = CARTESIAN_POINT ( 'NONE',  ( -1.199999999999999956, 0.2250000000000000056, -2.000000000000000000 ) ) ;
#2561 = CLOSED_SHELL ( 'NONE', ( #4022, #2259, #3815, #8611, #4384 ) ) ;
#2562 = DIRECTION ( 'NONE',  ( -1.000000000000000000, 0.000000000000000000, 0.000000000000000000 ) ) ;
#2563 = EDGE_LOOP ( 'NONE', ( #6874, #592, #2632, #4900 ) ) ;
#2564 = CLOSED_SHELL ( 'NONE', ( #3176, #6367, #7682, #8286, #7481 ) ) ;
#2565 = DIRECTION ( 'NONE',  ( -1.000000000000000000, 0.000000000000000000, 0.000000000000000000 ) ) ;
#2566 = SPHERICAL_SURFACE ( 'NONE', #6626, 0.2250000000000000056 ) ;
#2567 = SPHERICAL_SURFACE ( 'NONE', #5120, 0.2250000000000000056 ) ;
#2568 = CARTESIAN_POINT ( 'NONE',  ( -1.812917130661301002, 0.3500000000000000888, -2.000000000000000000 ) ) ;
#2569 = MANIFOLD_SOLID_BREP ( 'NONE', #4079 ) ;
#2570 = FILL_AREA_STYLE ('',( #519 ) ) ;
#2571 = PLANE ( 'NONE',  #4604 ) ;
#2572 = AXIS2_PLACEMENT_3D ( 'NONE', #7398, #5956, #7352 ) ;
#2573 = DIRECTION ( 'NONE',  ( 6.918242433955120338E-16, -1.000000000000000000, 0.000000000000000000 ) ) ;
#2574 = ORIENTED_EDGE ( 'NONE', *, *, #8174, .F. ) ;
#2575 = DIRECTION ( 'NONE',  ( 1.000000000000000000, 0.000000000000000000, 0.000000000000000000 ) ) ;
#2576 = ORIENTED_EDGE ( 'NONE', *, *, #7846, .F. ) ;
#2577 = DIRECTION ( 'NONE',  ( 5.795304382052420359E-16, -1.000000000000000000, 0.000000000000000000 ) ) ;
#2578 = CIRCLE ( 'NONE', #1174, 0.2249999999999999500 ) ;
#2579 = DIRECTION ( 'NONE',  ( -0.000000000000000000, -0.000000000000000000, -1.000000000000000000 ) ) ;
#2580 = UNCERTAINTY_MEASURE_WITH_UNIT (LENGTH_MEASURE( 1.000000000000000082E-05 ), #2116, 'distance_accuracy_value', 'NONE');
#2581 = CARTESIAN_POINT ( 'NONE',  ( -2.575000000000000178, 0.2250000000000000056, 4.400000000000000355 ) ) ;
#2582 = AXIS2_PLACEMENT_3D ( 'NONE', #6541, #4023, #8568 ) ;
#2583 = MANIFOLD_SOLID_BREP ( 'NONE', #2561 ) ;
#2584 = CARTESIAN_POINT ( 'NONE',  ( 1.199999999999999956, 0.3499999999999999778, 0.4000000000000000222 ) ) ;
#2585 = ORIENTED_EDGE ( 'NONE', *, *, #4494, .F. ) ;
#2586 = EDGE_CURVE ( 'NONE', #185, #7561, #8317, .T. ) ;
#2587 = ORIENTED_EDGE ( 'NONE', *, *, #1053, .F. ) ;
#2588 = ORIENTED_EDGE ( 'NONE', *, *, #3500, .T. ) ;
#2589 = CARTESIAN_POINT ( 'NONE',  ( 1.812917130661300558, 0.3499999999999998668, 2.799999999999999822 ) ) ;
#2590 = AXIS2_PLACEMENT_3D ( 'NONE', #334, #6416, #985 ) ;
#2591 = FACE_OUTER_BOUND ( 'NONE', #298, .T. ) ;
#2592 = SURFACE_SIDE_STYLE ('',( #4176 ) ) ;
#2593 = ADVANCED_FACE ( 'NONE', ( #6575 ), #917, .T. ) ;
#2594 = DIRECTION ( 'NONE',  ( -0.000000000000000000, -0.000000000000000000, -1.000000000000000000 ) ) ;
#2595 = PRESENTATION_LAYER_ASSIGNMENT (  '', '', ( #2446 ) ) ;
#2596 = VERTEX_POINT ( 'NONE', #2004 ) ;
#2597 = CIRCLE ( 'NONE', #7453, 0.1870828693386989428 ) ;
#2598 = ADVANCED_FACE ( 'NONE', ( #8144 ), #1614, .T. ) ;
#2599 = MANIFOLD_SOLID_BREP ( 'NONE', #3939 ) ;
#2600 = ADVANCED_FACE ( 'NONE', ( #4220 ), #4917, .T. ) ;
#2601 = DIRECTION ( 'NONE',  ( -1.224646799147353207E-16, -0.000000000000000000, -1.000000000000000000 ) ) ;
#2602 = DIRECTION ( 'NONE',  ( 1.000000000000000000, 5.795304382052416415E-16, 0.000000000000000000 ) ) ;
#2603 = DIRECTION ( 'NONE',  ( -1.000000000000000000, 0.000000000000000000, 0.000000000000000000 ) ) ;
#2604 = AXIS2_PLACEMENT_3D ( 'NONE', #3223, #2577, #1912 ) ;
#2605 = PRESENTATION_STYLE_ASSIGNMENT (( #7212 ) ) ;
#2606 = STYLED_ITEM ( 'NONE', ( #3623 ), #2368 ) ;
#2607 = DIRECTION ( 'NONE',  ( -1.000000000000000000, 0.000000000000000000, 0.000000000000000000 ) ) ;
#2608 = ADVANCED_FACE ( 'NONE', ( #4264 ), #6136, .T. ) ;
#2609 = SURFACE_SIDE_STYLE ('',( #4416 ) ) ;
#2610 = CARTESIAN_POINT ( 'NONE',  ( 0.2129171306613010239, 0.3499999999999998668, 2.799999999999999822 ) ) ;
#2611 = ORIENTED_EDGE ( 'NONE', *, *, #3447, .F. ) ;
#2612 = CIRCLE ( 'NONE', #7597, 0.2249999999999999500 ) ;
#2613 = AXIS2_PLACEMENT_3D ( 'NONE', #445, #3100, #5755 ) ;
#2614 = PLANE ( 'NONE',  #1592 ) ;
#2615 = DIRECTION ( 'NONE',  ( -1.000000000000000000, 0.000000000000000000, 0.000000000000000000 ) ) ;
#2616 = DIRECTION ( 'NONE',  ( 0.000000000000000000, 1.000000000000000000, 0.000000000000000000 ) ) ;
#2617 = MANIFOLD_SOLID_BREP ( 'NONE', #4911 ) ;
#2618 = AXIS2_PLACEMENT_3D ( 'NONE', #4076, #765, #4118 ) ;
#2619 = DIRECTION ( 'NONE',  ( -1.000000000000000000, 0.000000000000000000, 0.000000000000000000 ) ) ;
#2620 = ORIENTED_EDGE ( 'NONE', *, *, #6240, .F. ) ;
#2621 = DIRECTION ( 'NONE',  ( -1.224646799147353207E-16, -0.000000000000000000, -1.000000000000000000 ) ) ;
#2622 = ORIENTED_EDGE ( 'NONE', *, *, #4122, .T. ) ;
#2623 = AXIS2_PLACEMENT_3D ( 'NONE', #4931, #7589, #3588 ) ;
#2624 = AXIS2_PLACEMENT_3D ( 'NONE', #3857, #2783, #160 ) ;
#2625 = DIRECTION ( 'NONE',  ( -1.000000000000000000, 0.000000000000000000, 0.000000000000000000 ) ) ;
#2626 = FACE_OUTER_BOUND ( 'NONE', #770, .T. ) ;
#2627 = AXIS2_PLACEMENT_3D ( 'NONE', #8013, #1351, #4096 ) ;
#2628 = AXIS2_PLACEMENT_3D ( 'NONE', #995, #8414, #5076 ) ;
#2629 = CARTESIAN_POINT ( 'NONE',  ( 2.000000000000000000, 0.2250000000000040024, 2.000000000000000000 ) ) ;
#2630 = MANIFOLD_SOLID_BREP ( 'NONE', #3670 ) ;
#2631 = DIRECTION ( 'NONE',  ( -1.000000000000000000, 0.000000000000000000, 0.000000000000000000 ) ) ;
#2632 = ORIENTED_EDGE ( 'NONE', *, *, #1945, .T. ) ;
#2633 = VERTEX_POINT ( 'NONE', #5445 ) ;
#2634 = ORIENTED_EDGE ( 'NONE', *, *, #5883, .F. ) ;
#2635 = CIRCLE ( 'NONE', #5244, 0.2249999999999999500 ) ;
#2636 = CARTESIAN_POINT ( 'NONE',  ( -4.499999999999992006, -9.000000000000003553, -5.500000000000000000 ) ) ;
#2637 = CARTESIAN_POINT ( 'NONE',  ( -1.012917130661300957, 0.3500000000000000888, 0.3999999999999999667 ) ) ;
#2638 = CARTESIAN_POINT ( 'NONE',  ( -0.6250000000000000000, 0.2250000000000024758, -0.4000000000000000222 ) ) ;
#2639 = SPHERICAL_SURFACE ( 'NONE', #8098, 0.2250000000000000056 ) ;
#2640 = CIRCLE ( 'NONE', #5961, 0.2249999999999999500 ) ;
#2641 = DIRECTION ( 'NONE',  ( 0.000000000000000000, 0.000000000000000000, 1.000000000000000000 ) ) ;
#2642 = AXIS2_PLACEMENT_3D ( 'NONE', #3833, #8546, #1866 ) ;
#2643 = EDGE_LOOP ( 'NONE', ( #1663, #6665 ) ) ;
#2644 = MANIFOLD_SOLID_BREP ( 'NONE', #3386 ) ;
#2645 = FACE_OUTER_BOUND ( 'NONE', #4904, .T. ) ;
#2646 = CARTESIAN_POINT ( 'NONE',  ( -0.9749999999999999778, 0.2250000000000000056, -2.000000000000000000 ) ) ;
#2647 = COLOUR_RGB ( '',0.7921568627450980005, 0.8196078431372548767, 0.9333333333333333481 ) ;
#2648 = DIRECTION ( 'NONE',  ( -0.000000000000000000, -0.000000000000000000, -1.000000000000000000 ) ) ;
#2649 = AXIS2_PLACEMENT_3D ( 'NONE', #5834, #7139, #8512 ) ;
#2650 = EDGE_CURVE ( 'NONE', #2973, #954, #88, .T. ) ;
#2651 = ADVANCED_FACE ( 'NONE', ( #7099 ), #6434, .T. ) ;
#2652 = PRESENTATION_STYLE_ASSIGNMENT (( #5941 ) ) ;
#2653 = DIRECTION ( 'NONE',  ( 0.000000000000000000, 1.000000000000000000, 0.000000000000000000 ) ) ;
#2654 = ORIENTED_EDGE ( 'NONE', *, *, #5340, .T. ) ;
#2655 = PRESENTATION_LAYER_ASSIGNMENT (  '', '', ( #6247 ) ) ;
#2656 = STYLED_ITEM ( 'NONE', ( #4799 ), #5351 ) ;
#2657 = ADVANCED_FACE ( 'NONE', ( #7663 ), #6348, .F. ) ;
#2658 = DIRECTION ( 'NONE',  ( -1.000000000000000000, -6.746146851020916917E-16, -0.000000000000000000 ) ) ;
#2659 = CARTESIAN_POINT ( 'NONE',  ( 3.787082869338699531, 0.3500000000000000888, 4.400000000000000355 ) ) ;
#2660 = ADVANCED_FACE ( 'NONE', ( #6310 ), #2392, .T. ) ;
#2661 = MANIFOLD_SOLID_BREP ( 'NONE', #202 ) ;
#2662 = PRODUCT_DEFINITION_FORMATION_WITH_SPECIFIED_SOURCE ( 'ANY', '', #3299, .NOT_KNOWN. ) ;
#2663 = FACE_OUTER_BOUND ( 'NONE', #6722, .T. ) ;
#2664 = ORIENTED_EDGE ( 'NONE', *, *, #4484, .F. ) ;
#2665 = FACE_OUTER_BOUND ( 'NONE', #349, .T. ) ;
#2666 = VERTEX_POINT ( 'NONE', #7879 ) ;
#2667 = CARTESIAN_POINT ( 'NONE',  ( 3.600000000000000089, 0.2250000000000049738, -4.400000000000000355 ) ) ;
#2668 = DIRECTION ( 'NONE',  ( -1.000000000000000000, 0.000000000000000000, 0.000000000000000000 ) ) ;
#2669 = UNCERTAINTY_MEASURE_WITH_UNIT (LENGTH_MEASURE( 1.000000000000000082E-05 ), #7024, 'distance_accuracy_value', 'NONE');
#2670 = SURFACE_STYLE_FILL_AREA ( #2757 ) ;
#2671 = CARTESIAN_POINT ( 'NONE',  ( -0.4000000000000000222, 0.2250000000000024758, -1.199999999999999956 ) ) ;
#2672 = CARTESIAN_POINT ( 'NONE',  ( -2.000000000000000000, 0.2250000000000000056, 2.000000000000000000 ) ) ;
#2673 = MANIFOLD_SOLID_BREP ( 'NONE', #6860 ) ;
#2674 = ORIENTED_EDGE ( 'NONE', *, *, #994, .F. ) ;
#2675 = ORIENTED_EDGE ( 'NONE', *, *, #1781, .F. ) ;
#2676 = ORIENTED_EDGE ( 'NONE', *, *, #3696, .F. ) ;
#2677 =( NAMED_UNIT ( * ) SI_UNIT ( $, .STERADIAN. ) SOLID_ANGLE_UNIT ( ) );
#2678 = DIRECTION ( 'NONE',  ( -0.000000000000000000, -0.000000000000000000, -1.000000000000000000 ) ) ;
#2679 = AXIS2_PLACEMENT_3D ( 'NONE', #5233, #3093, #2344 ) ;
#2680 = CARTESIAN_POINT ( 'NONE',  ( 0.6250000000000000000, 0.2250000000000030032, 2.000000000000000000 ) ) ;
#2681 = COLOUR_RGB ( '',0.7921568627450980005, 0.8196078431372548767, 0.9333333333333333481 ) ;
#2682 = SPHERICAL_SURFACE ( 'NONE', #3658, 0.2250000000000000056 ) ;
#2683 = DIRECTION ( 'NONE',  ( -1.000000000000000000, 0.000000000000000000, 0.000000000000000000 ) ) ;
#2684 = EDGE_LOOP ( 'NONE', ( #4637, #4204 ) ) ;
#2685 = VERTEX_POINT ( 'NONE', #2709 ) ;
#2686 = CIRCLE ( 'NONE', #5458, 0.2250000000000000056 ) ;
#2687 = MANIFOLD_SOLID_BREP ( 'NONE', #6580 ) ;
#2688 = FACE_OUTER_BOUND ( 'NONE', #6433, .T. ) ;
#2689 = PRESENTATION_LAYER_ASSIGNMENT (  '', '', ( #4467 ) ) ;
#2690 = DIRECTION ( 'NONE',  ( 6.918242433955120338E-16, -1.000000000000000000, 0.000000000000000000 ) ) ;
#2691 = CARTESIAN_POINT ( 'NONE',  ( 1.387082869338698954, 0.3500000000000000888, -1.199999999999999956 ) ) ;
#2692 = DIRECTION ( 'NONE',  ( -1.224646799147353207E-16, -0.000000000000000000, -1.000000000000000000 ) ) ;
#2693 = DIRECTION ( 'NONE',  ( 6.918242433955120338E-16, -1.000000000000000000, 0.000000000000000000 ) ) ;
#2694 = CIRCLE ( 'NONE', #36, 0.2250000000000000056 ) ;
#2695 = CARTESIAN_POINT ( 'NONE',  ( -3.600000000000000089, 0.000000000000000000, 3.600000000000000089 ) ) ;
#2696 = ORIENTED_EDGE ( 'NONE', *, *, #5324, .T. ) ;
#2697 = EDGE_CURVE ( 'NONE', #2142, #8589, #8302, .T. ) ;
#2698 = DIRECTION ( 'NONE',  ( -1.000000000000000000, 0.000000000000000000, 0.000000000000000000 ) ) ;
#2699 = CARTESIAN_POINT ( 'NONE',  ( -2.225000000000000089, 0.2250000000000000056, -2.000000000000000000 ) ) ;
#2700 = DIRECTION ( 'NONE',  ( -1.000000000000000000, 0.000000000000000000, 0.000000000000000000 ) ) ;
#2701 = MANIFOLD_SOLID_BREP ( 'NONE', #8551 ) ;
#2702 = EDGE_CURVE ( 'NONE', #6372, #7150, #8159, .T. ) ;
#2703 = CLOSED_SHELL ( 'NONE', ( #5845, #2819, #3966, #5078, #4235 ) ) ;
#2704 = DIRECTION ( 'NONE',  ( -1.000000000000000000, 0.000000000000000000, 0.000000000000000000 ) ) ;
#2705 = VERTEX_POINT ( 'NONE', #81 ) ;
#2706 = ADVANCED_FACE ( 'NONE', ( #1474 ), #6864, .T. ) ;
#2707 = DIRECTION ( 'NONE',  ( -0.000000000000000000, -0.000000000000000000, -1.000000000000000000 ) ) ;
#2708 = ORIENTED_EDGE ( 'NONE', *, *, #1734, .T. ) ;
#2709 = CARTESIAN_POINT ( 'NONE',  ( 0.4000000000000000222, 3.008661028647274804E-15, -1.199999999999999956 ) ) ;
#2710 = EDGE_CURVE ( 'NONE', #2002, #2973, #2029, .T. ) ;
#2711 = AXIS2_PLACEMENT_3D ( 'NONE', #434, #6295, #339 ) ;
#2712 = DIRECTION ( 'NONE',  ( -1.000000000000000000, 0.000000000000000000, 0.000000000000000000 ) ) ;
#2713 = PLANE ( 'NONE',  #2115 ) ;
#2714 = MANIFOLD_SOLID_BREP ( 'NONE', #7144 ) ;
#2715 = DIRECTION ( 'NONE',  ( 1.000000000000000000, 0.000000000000000000, 0.000000000000000000 ) ) ;
#2716 = ORIENTED_EDGE ( 'NONE', *, *, #6039, .F. ) ;
#2717 = AXIS2_PLACEMENT_3D ( 'NONE', #424, #7681, #4938 ) ;
#2718 = VERTEX_POINT ( 'NONE', #4128 ) ;
#2719 = ORIENTED_EDGE ( 'NONE', *, *, #5222, .T. ) ;
#2720 = CARTESIAN_POINT ( 'NONE',  ( 1.199999999999999956, 0.2250000000000035028, -2.000000000000000000 ) ) ;
#2721 = CARTESIAN_POINT ( 'NONE',  ( 2.000000000000000000, 0.3499999999999999778, 2.799999999999999822 ) ) ;
#2722 =( NAMED_UNIT ( * ) PLANE_ANGLE_UNIT ( ) SI_UNIT ( $, .RADIAN. ) );
#2723 = DIRECTION ( 'NONE',  ( -1.000000000000000000, 0.000000000000000000, 0.000000000000000000 ) ) ;
#2724 = DIRECTION ( 'NONE',  ( 6.918242433955120338E-16, -1.000000000000000000, 0.000000000000000000 ) ) ;
#2725 = ORIENTED_EDGE ( 'NONE', *, *, #950, .T. ) ;
#2726 = ORIENTED_EDGE ( 'NONE', *, *, #1364, .F. ) ;
#2727 = ORIENTED_EDGE ( 'NONE', *, *, #4976, .F. ) ;
#2728 = AXIS2_PLACEMENT_3D ( 'NONE', #528, #7754, #3136 ) ;
#2729 = MANIFOLD_SOLID_BREP ( 'NONE', #8410 ) ;
#2730 = SPHERICAL_SURFACE ( 'NONE', #8437, 0.2250000000000000056 ) ;
#2731 = FACE_OUTER_BOUND ( 'NONE', #6831, .T. ) ;
#2732 = DIRECTION ( 'NONE',  ( -1.000000000000000000, 0.000000000000000000, 0.000000000000000000 ) ) ;
#2733 = DIRECTION ( 'NONE',  ( -1.000000000000000000, 0.000000000000000000, 0.000000000000000000 ) ) ;
#2734 = SURFACE_STYLE_FILL_AREA ( #4109 ) ;
#2735 = EDGE_CURVE ( 'NONE', #2228, #2012, #644, .T. ) ;
#2736 = STYLED_ITEM ( 'NONE', ( #4609 ), #2583 ) ;
#2737 = DIRECTION ( 'NONE',  ( 0.000000000000000000, 0.000000000000000000, -1.000000000000000000 ) ) ;
#2738 = AXIS2_PLACEMENT_3D ( 'NONE', #5311, #4622, #1160 ) ;
#2739 = DIRECTION ( 'NONE',  ( -1.000000000000000000, 0.000000000000000000, 0.000000000000000000 ) ) ;
#2740 = EDGE_LOOP ( 'NONE', ( #1347, #6422, #1724 ) ) ;
#2741 =( NAMED_UNIT ( * ) SI_UNIT ( $, .STERADIAN. ) SOLID_ANGLE_UNIT ( ) );
#2742 = FACE_OUTER_BOUND ( 'NONE', #1568, .T. ) ;
#2743 = CARTESIAN_POINT ( 'NONE',  ( 1.199999999999999956, 0.2250000000000035028, 2.799999999999999822 ) ) ;
#2744 = CIRCLE ( 'NONE', #1198, 0.2249999999999999500 ) ;
#2745 = DIRECTION ( 'NONE',  ( 5.795304382052420359E-16, -1.000000000000000000, 0.000000000000000000 ) ) ;
#2746 = MANIFOLD_SOLID_BREP ( 'NONE', #2855 ) ;
#2747 = AXIS2_PLACEMENT_3D ( 'NONE', #1432, #3002, #5074 ) ;
#2748 = DIRECTION ( 'NONE',  ( 1.000000000000000000, 5.795304382052429234E-16, 0.000000000000000000 ) ) ;
#2749 = ORIENTED_EDGE ( 'NONE', *, *, #4377, .T. ) ;
#2750 = CARTESIAN_POINT ( 'NONE',  ( 2.000000000000000000, 0.2250000000000040024, -1.199999999999999956 ) ) ;
#2751 = ORIENTED_EDGE ( 'NONE', *, *, #5027, .F. ) ;
#2752 = AXIS2_PLACEMENT_3D ( 'NONE', #2552, #1235, #8607 ) ;
#2753 = LINE ( 'NONE', #41, #4834 ) ;
#2754 = AXIS2_PLACEMENT_3D ( 'NONE', #7079, #6288, #248 ) ;
#2755 = AXIS2_PLACEMENT_3D ( 'NONE', #6437, #8000, #4779 ) ;
#2756 = UNCERTAINTY_MEASURE_WITH_UNIT (LENGTH_MEASURE( 1.000000000000000082E-05 ), #2975, 'distance_accuracy_value', 'NONE');
#2757 = FILL_AREA_STYLE ('',( #779 ) ) ;
#2758 = FILL_AREA_STYLE ('',( #5337 ) ) ;
#2759 = ADVANCED_FACE ( 'NONE', ( #8413 ), #8370, .T. ) ;
#2760 = EDGE_CURVE ( 'NONE', #2402, #6795, #8307, .T. ) ;
#2761 = EDGE_CURVE ( 'NONE', #268, #6990, #2612, .T. ) ;
#2762 = DIRECTION ( 'NONE',  ( 0.000000000000000000, 0.000000000000000000, 1.000000000000000000 ) ) ;
#2763 = ORIENTED_EDGE ( 'NONE', *, *, #4921, .F. ) ;
#2764 = DIRECTION ( 'NONE',  ( 0.000000000000000000, 0.000000000000000000, 1.000000000000000000 ) ) ;
#2765 = AXIS2_PLACEMENT_3D ( 'NONE', #5979, #2063, #712 ) ;
#2766 = VERTEX_POINT ( 'NONE', #993 ) ;
#2767 = ORIENTED_EDGE ( 'NONE', *, *, #2829, .T. ) ;
#2768 = ORIENTED_EDGE ( 'NONE', *, *, #2761, .T. ) ;
#2769 = EDGE_CURVE ( 'NONE', #3938, #2251, #1336, .T. ) ;
#2770 = CARTESIAN_POINT ( 'NONE',  ( 2.000000000000000000, 0.2250000000000040024, -0.4000000000000000222 ) ) ;
#2771 = CARTESIAN_POINT ( 'NONE',  ( -1.199999999999999956, 0.2250000000000000056, 2.000000000000000000 ) ) ;
#2772 = AXIS2_PLACEMENT_3D ( 'NONE', #2064, #1409, #62 ) ;
#2773 = AXIS2_PLACEMENT_3D ( 'NONE', #6865, #5575, #6257 ) ;
#2774 = EDGE_CURVE ( 'NONE', #3685, #7330, #4674, .T. ) ;
#2775 = DIRECTION ( 'NONE',  ( -1.000000000000000000, 0.000000000000000000, 0.000000000000000000 ) ) ;
#2776 = DIRECTION ( 'NONE',  ( -1.000000000000000000, 0.000000000000000000, 0.000000000000000000 ) ) ;
#2777 = EDGE_LOOP ( 'NONE', ( #4737, #4608, #7618, #5166 ) ) ;
#2778 = EDGE_LOOP ( 'NONE', ( #2313, #2443 ) ) ;
#2779 = VERTEX_POINT ( 'NONE', #7737 ) ;
#2780 = CIRCLE ( 'NONE', #5114, 0.2249999999999999500 ) ;
#2781 = AXIS2_PLACEMENT_3D ( 'NONE', #6485, #7885, #5716 ) ;
#2782 = FACE_OUTER_BOUND ( 'NONE', #7764, .T. ) ;
#2783 = DIRECTION ( 'NONE',  ( 0.000000000000000000, 0.000000000000000000, 1.000000000000000000 ) ) ;
#2784 = DIRECTION ( 'NONE',  ( 1.000000000000000000, 0.000000000000000000, 0.000000000000000000 ) ) ;
#2785 = DIRECTION ( 'NONE',  ( -0.000000000000000000, -0.000000000000000000, -1.000000000000000000 ) ) ;
#2786 = DIRECTION ( 'NONE',  ( -1.000000000000000000, 0.000000000000000000, 0.000000000000000000 ) ) ;
#2787 = COLOUR_RGB ( '',0.7921568627450980005, 0.8196078431372548767, 0.9333333333333333481 ) ;
#2788 = AXIS2_PLACEMENT_3D ( 'NONE', #7064, #1140, #2442 ) ;
#2789 = DIRECTION ( 'NONE',  ( 0.000000000000000000, 0.000000000000000000, 1.000000000000000000 ) ) ;
#2790 = ORIENTED_EDGE ( 'NONE', *, *, #7860, .F. ) ;
#2791 = PRESENTATION_STYLE_ASSIGNMENT (( #6887 ) ) ;
#2792 = SPHERICAL_SURFACE ( 'NONE', #7984, 0.2250000000000000056 ) ;
#2793 = MECHANICAL_DESIGN_GEOMETRIC_PRESENTATION_REPRESENTATION (  '', ( #8049 ), #1108 ) ;
#2794 = AXIS2_PLACEMENT_3D ( 'NONE', #5040, #438, #1088 ) ;
#2795 = DIRECTION ( 'NONE',  ( 1.000000000000000000, 5.795304382052429234E-16, 0.000000000000000000 ) ) ;
#2796 = DIRECTION ( 'NONE',  ( -1.000000000000000000, 0.000000000000000000, 0.000000000000000000 ) ) ;
#2797 = DIRECTION ( 'NONE',  ( -1.000000000000000000, 0.000000000000000000, 0.000000000000000000 ) ) ;
#2798 = CIRCLE ( 'NONE', #7642, 0.2249999999999999500 ) ;
#2799 = CIRCLE ( 'NONE', #5969, 0.2250000000000000056 ) ;
#2800 = VERTEX_POINT ( 'NONE', #6908 ) ;
#2801 = DIRECTION ( 'NONE',  ( 0.000000000000000000, 1.000000000000000000, 0.000000000000000000 ) ) ;
#2802 = EDGE_LOOP ( 'NONE', ( #1134, #215, #2929 ) ) ;
#2803 = SURFACE_SIDE_STYLE ('',( #4083 ) ) ;
#2804 = AXIS2_PLACEMENT_3D ( 'NONE', #4044, #6695, #7404 ) ;
#2805 = CARTESIAN_POINT ( 'NONE',  ( 2.799999999999999822, 0.2250000000000045020, 3.600000000000000089 ) ) ;
#2806 = AXIS2_PLACEMENT_3D ( 'NONE', #114, #7386, #3935 ) ;
#2807 = FACE_OUTER_BOUND ( 'NONE', #2684, .T. ) ;
#2808 =( NAMED_UNIT ( * ) SI_UNIT ( $, .STERADIAN. ) SOLID_ANGLE_UNIT ( ) );
#2809 = SURFACE_STYLE_FILL_AREA ( #780 ) ;
#2810 = CARTESIAN_POINT ( 'NONE',  ( 1.199999999999999956, 0.3499999999999999778, 2.799999999999999822 ) ) ;
#2811 = AXIS2_PLACEMENT_3D ( 'NONE', #6470, #2383, #7178 ) ;
#2812 = CARTESIAN_POINT ( 'NONE',  ( 3.600000000000000089, 0.2250000000000049738, 4.400000000000000355 ) ) ;
#2813 = ORIENTED_EDGE ( 'NONE', *, *, #2492, .F. ) ;
#2814 = ORIENTED_EDGE ( 'NONE', *, *, #3820, .F. ) ;
#2815 = ORIENTED_EDGE ( 'NONE', *, *, #4065, .F. ) ;
#2816 = EDGE_CURVE ( 'NONE', #642, #6687, #7042, .T. ) ;
#2817 = CARTESIAN_POINT ( 'NONE',  ( 2.000000000000000000, 0.2250000000000040024, 1.199999999999999956 ) ) ;
#2818 = ADVANCED_FACE ( 'NONE', ( #1036 ), #6956, .T. ) ;
#2819 = ADVANCED_FACE ( 'NONE', ( #7090 ), #1655, .T. ) ;
#2820 = DIRECTION ( 'NONE',  ( -0.000000000000000000, -0.000000000000000000, -1.000000000000000000 ) ) ;
#2821 = VERTEX_POINT ( 'NONE', #3126 ) ;
#2822 = VERTEX_POINT ( 'NONE', #341 ) ;
#2823 = ORIENTED_EDGE ( 'NONE', *, *, #2702, .T. ) ;
#2824 = ADVANCED_FACE ( 'NONE', ( #3688 ), #5656, .F. ) ;
#2825 = CARTESIAN_POINT ( 'NONE',  ( 3.024999999999999911, 0.2250000000000045020, -3.600000000000000089 ) ) ;
#2826 = CARTESIAN_POINT ( 'NONE',  ( 2.399999999999999911, 0.3499999999999999778, 7.200000000000000178 ) ) ;
#2827 = CARTESIAN_POINT ( 'NONE',  ( 0.4000000000000000222, 0.2250000000000030032, -2.000000000000000000 ) ) ;
#2828 = CIRCLE ( 'NONE', #7667, 0.1870828693386994146 ) ;
#2829 = EDGE_CURVE ( 'NONE', #2766, #1171, #5520, .T. ) ;
#2830 = COLOUR_RGB ( '',0.7921568627450980005, 0.8196078431372548767, 0.9333333333333333481 ) ;
#2831 = CARTESIAN_POINT ( 'NONE',  ( 4.500000000000001776, 0.3500000000000030864, 0.000000000000000000 ) ) ;
#2832 = FILL_AREA_STYLE_COLOUR ( '', #8509 ) ;
#2833 = DIRECTION ( 'NONE',  ( 0.000000000000000000, 0.000000000000000000, 1.000000000000000000 ) ) ;
#2834 = CIRCLE ( 'NONE', #5729, 0.2249999999999999500 ) ;
#2835 = AXIS2_PLACEMENT_3D ( 'NONE', #5564, #5608, #6902 ) ;
#2836 = CARTESIAN_POINT ( 'NONE',  ( 3.600000000000000089, 0.2250000000000049738, -3.600000000000000089 ) ) ;
#2837 = DIRECTION ( 'NONE',  ( -0.000000000000000000, -0.000000000000000000, -1.000000000000000000 ) ) ;
#2838 = CARTESIAN_POINT ( 'NONE',  ( -0.4000000000000000222, 2.493664996716660198E-15, -2.000000000000000000 ) ) ;
#2839 = CIRCLE ( 'NONE', #182, 0.1870828693386989983 ) ;
#2840 = CIRCLE ( 'NONE', #6698, 0.1870828693386994146 ) ;
#2841 =( LENGTH_UNIT ( ) NAMED_UNIT ( * ) SI_UNIT ( .MILLI., .METRE. ) );
#2842 = EDGE_LOOP ( 'NONE', ( #5696, #5957, #6712, #6487 ) ) ;
#2843 = AXIS2_PLACEMENT_3D ( 'NONE', #2184, #7578, #1671 ) ;
#2844 = DIRECTION ( 'NONE',  ( -1.000000000000000000, 0.000000000000000000, 0.000000000000000000 ) ) ;
#2845 = ORIENTED_EDGE ( 'NONE', *, *, #5162, .T. ) ;
#2846 = CARTESIAN_POINT ( 'NONE',  ( -2.000000000000000000, 0.2250000000000000056, -2.799999999999999822 ) ) ;
#2847 =( LENGTH_UNIT ( ) NAMED_UNIT ( * ) SI_UNIT ( .MILLI., .METRE. ) );
#2848 = CARTESIAN_POINT ( 'NONE',  ( 3.600000000000000089, 0.2250000000000049738, 4.400000000000000355 ) ) ;
#2849 = CLOSED_SHELL ( 'NONE', ( #7536, #142, #5558, #2994, #4807 ) ) ;
#2850 = SPHERICAL_SURFACE ( 'NONE', #721, 0.2250000000000000056 ) ;
#2851 = DIRECTION ( 'NONE',  ( -0.000000000000000000, -0.000000000000000000, -1.000000000000000000 ) ) ;
#2852 = EDGE_LOOP ( 'NONE', ( #8388, #2126, #3732, #2554 ) ) ;
#2853 = EDGE_LOOP ( 'NONE', ( #5170, #7506, #3221, #3134 ) ) ;
#2854 = VERTEX_POINT ( 'NONE', #1861 ) ;
#2855 = CLOSED_SHELL ( 'NONE', ( #8412, #2608, #6403, #8478, #2050 ) ) ;
#2856 = UNCERTAINTY_MEASURE_WITH_UNIT (LENGTH_MEASURE( 1.000000000000000082E-05 ), #2533, 'distance_accuracy_value', 'NONE');
#2857 = FACE_OUTER_BOUND ( 'NONE', #2164, .T. ) ;
#2858 = CARTESIAN_POINT ( 'NONE',  ( -2.799999999999999822, 0.000000000000000000, 4.400000000000000355 ) ) ;
#2859 = EDGE_CURVE ( 'NONE', #7545, #4261, #7739, .T. ) ;
#2860 = AXIS2_PLACEMENT_3D ( 'NONE', #5328, #1388, #6734 ) ;
#2861 = FACE_OUTER_BOUND ( 'NONE', #6159, .T. ) ;
#2862 = EDGE_LOOP ( 'NONE', ( #3715, #2335, #2177, #1909 ) ) ;
#2863 = VERTEX_POINT ( 'NONE', #559 ) ;
#2864 = ORIENTED_EDGE ( 'NONE', *, *, #7434, .F. ) ;
#2865 = CARTESIAN_POINT ( 'NONE',  ( 1.199999999999999956, 0.2250000000000035028, 2.799999999999999822 ) ) ;
#2866 = DIRECTION ( 'NONE',  ( 0.000000000000000000, 0.000000000000000000, -1.000000000000000000 ) ) ;
#2867 = FACE_OUTER_BOUND ( 'NONE', #4348, .T. ) ;
#2868 = AXIS2_PLACEMENT_3D ( 'NONE', #2369, #6985, #2456 ) ;
#2869 = ADVANCED_FACE ( 'NONE', ( #5279 ), #1167, .T. ) ;
#2870 = DIRECTION ( 'NONE',  ( -1.224646799147353207E-16, -0.000000000000000000, -1.000000000000000000 ) ) ;
#2871 =( LENGTH_UNIT ( ) NAMED_UNIT ( * ) SI_UNIT ( .MILLI., .METRE. ) );
#2872 = CARTESIAN_POINT ( 'NONE',  ( 0.4000000000000000222, 0.2250000000000030032, 2.000000000000000000 ) ) ;
#2873 = EDGE_CURVE ( 'NONE', #7364, #4147, #3575, .T. ) ;
#2874 = CARTESIAN_POINT ( 'NONE',  ( -4.049999999999998934, 0.9500000000000001776, -4.699999999999999289 ) ) ;
#2875 = EDGE_CURVE ( 'NONE', #1543, #5625, #8010, .T. ) ;
#2876 = CARTESIAN_POINT ( 'NONE',  ( 1.199999999999999956, 0.2250000000000035028, 1.199999999999999956 ) ) ;
#2877 = ORIENTED_EDGE ( 'NONE', *, *, #1994, .T. ) ;
#2878 = AXIS2_PLACEMENT_3D ( 'NONE', #1497, #4796, #4150 ) ;
#2879 = EDGE_CURVE ( 'NONE', #2525, #3660, #2311, .T. ) ;
#2880 = DIRECTION ( 'NONE',  ( -1.000000000000000000, 0.000000000000000000, 0.000000000000000000 ) ) ;
#2881 = EDGE_CURVE ( 'NONE', #8249, #5396, #790, .T. ) ;
#2882 = DIRECTION ( 'NONE',  ( 1.000000000000000000, 0.000000000000000000, 0.000000000000000000 ) ) ;
#2883 = AXIS2_PLACEMENT_3D ( 'NONE', #7101, #1137, #5129 ) ;
#2884 = ORIENTED_EDGE ( 'NONE', *, *, #5280, .T. ) ;
#2885 = AXIS2_PLACEMENT_3D ( 'NONE', #2911, #7384, #7979 ) ;
#2886 = ORIENTED_EDGE ( 'NONE', *, *, #2859, .T. ) ;
#2887 =( LENGTH_UNIT ( ) NAMED_UNIT ( * ) SI_UNIT ( .MILLI., .METRE. ) );
#2888 = DIRECTION ( 'NONE',  ( 0.000000000000000000, 0.000000000000000000, 1.000000000000000000 ) ) ;
#2889 = DIRECTION ( 'NONE',  ( 0.000000000000000000, 1.000000000000000000, 0.000000000000000000 ) ) ;
#2890 = AXIS2_PLACEMENT_3D ( 'NONE', #484, #1173, #313 ) ;
#2891 = CARTESIAN_POINT ( 'NONE',  ( -1.199999999999999956, 0.2250000000000000056, -0.4000000000000000222 ) ) ;
#2892 = CIRCLE ( 'NONE', #1479, 0.1870828693386994146 ) ;
#2893 = DIRECTION ( 'NONE',  ( -0.000000000000000000, -0.000000000000000000, -1.000000000000000000 ) ) ;
#2894 = CARTESIAN_POINT ( 'NONE',  ( 1.775000000000000133, 0.2250000000000040024, -2.000000000000000000 ) ) ;
#2895 = EDGE_LOOP ( 'NONE', ( #2143, #2348, #35 ) ) ;
#2896 = ORIENTED_EDGE ( 'NONE', *, *, #3281, .F. ) ;
#2897 = ORIENTED_EDGE ( 'NONE', *, *, #1206, .F. ) ;
#2898 = AXIS2_PLACEMENT_3D ( 'NONE', #1696, #4334, #6385 ) ;
#2899 = CARTESIAN_POINT ( 'NONE',  ( 2.000000000000000000, 0.2250000000000040024, -2.000000000000000000 ) ) ;
#2900 = CARTESIAN_POINT ( 'NONE',  ( 3.824999999999999734, 0.2250000000000049738, 3.600000000000000089 ) ) ;
#2901 = AXIS2_PLACEMENT_3D ( 'NONE', #1552, #7435, #8084 ) ;
#2902 = DIRECTION ( 'NONE',  ( 1.000000000000000000, 5.795304382052416415E-16, 0.000000000000000000 ) ) ;
#2903 = CARTESIAN_POINT ( 'NONE',  ( -2.799999999999999822, 0.2250000000000000056, 3.600000000000000089 ) ) ;
#2904 = VERTEX_POINT ( 'NONE', #7829 ) ;
#2905 = ORIENTED_EDGE ( 'NONE', *, *, #5989, .T. ) ;
#2906 = EDGE_LOOP ( 'NONE', ( #7630, #7318, #6991, #6590 ) ) ;
#2907 = CARTESIAN_POINT ( 'NONE',  ( -1.424999999999999822, 0.2250000000000000056, -2.799999999999999822 ) ) ;
#2908 = AXIS2_PLACEMENT_3D ( 'NONE', #56, #2724, #7970 ) ;
#2909 = AXIS2_PLACEMENT_3D ( 'NONE', #3673, #2360, #6186 ) ;
#2910 = DIRECTION ( 'NONE',  ( -0.000000000000000000, -0.000000000000000000, -1.000000000000000000 ) ) ;
#2911 = CARTESIAN_POINT ( 'NONE',  ( 0.4000000000000000222, 0.2250000000000030032, -2.000000000000000000 ) ) ;
#2912 = DIRECTION ( 'NONE',  ( 1.000000000000000000, 5.795304382052429234E-16, 0.000000000000000000 ) ) ;
#2913 = AXIS2_PLACEMENT_3D ( 'NONE', #5722, #4526, #1231 ) ;
#2914 = DIRECTION ( 'NONE',  ( 1.000000000000000000, 6.918242433955120338E-16, 0.000000000000000000 ) ) ;
#2915 = AXIS2_PLACEMENT_3D ( 'NONE', #3393, #1992, #3146 ) ;
#2916 = VERTEX_POINT ( 'NONE', #8625 ) ;
#2917 = CARTESIAN_POINT ( 'NONE',  ( 2.000000000000000000, 4.011548038196366406E-15, -2.000000000000000000 ) ) ;
#2918 = ADVANCED_FACE ( 'NONE', ( #8579 ), #686, .T. ) ;
#2919 = FACE_OUTER_BOUND ( 'NONE', #1050, .T. ) ;
#2920 = ADVANCED_FACE ( 'NONE', ( #4504 ), #26, .T. ) ;
#2921 = AXIS2_PLACEMENT_3D ( 'NONE', #6959, #7445, #343 ) ;
#2922 = SPHERICAL_SURFACE ( 'NONE', #6049, 0.2250000000000000056 ) ;
#2923 = CIRCLE ( 'NONE', #265, 0.1870828693386989983 ) ;
#2924 = VERTEX_POINT ( 'NONE', #516 ) ;
#2925 = ADVANCED_FACE ( 'NONE', ( #3984 ), #2566, .T. ) ;
#2926 = CIRCLE ( 'NONE', #4424, 0.2249999999999999500 ) ;
#2927 = AXIS2_PLACEMENT_3D ( 'NONE', #5964, #6654, #7277 ) ;
#2928 = ORIENTED_EDGE ( 'NONE', *, *, #1904, .T. ) ;
#2929 = ORIENTED_EDGE ( 'NONE', *, *, #6611, .F. ) ;
#2930 = EDGE_CURVE ( 'NONE', #1858, #3192, #5198, .T. ) ;
#2931 = FACE_OUTER_BOUND ( 'NONE', #6146, .T. ) ;
#2932 = ADVANCED_FACE ( 'NONE', ( #4548 ), #7946, .T. ) ;
#2933 = SPHERICAL_SURFACE ( 'NONE', #4582, 0.2250000000000000056 ) ;
#2934 = AXIS2_PLACEMENT_3D ( 'NONE', #2386, #5869, #1826 ) ;
#2935 = DIRECTION ( 'NONE',  ( 1.000000000000000000, 5.795304382052414442E-16, 0.000000000000000000 ) ) ;
#2936 = EDGE_LOOP ( 'NONE', ( #5149, #2982 ) ) ;
#2937 = ORIENTED_EDGE ( 'NONE', *, *, #2959, .F. ) ;
#2938 = ORIENTED_EDGE ( 'NONE', *, *, #7990, .F. ) ;
#2939 =( GEOMETRIC_REPRESENTATION_CONTEXT ( 3 ) GLOBAL_UNCERTAINTY_ASSIGNED_CONTEXT ( ( #315 ) ) GLOBAL_UNIT_ASSIGNED_CONTEXT ( ( #7568, #999, #8185 ) ) REPRESENTATION_CONTEXT ( 'NONE', 'WORKASPACE' ) );
#2940 = AXIS2_PLACEMENT_3D ( 'NONE', #718, #4759, #6719 ) ;
#2941 = DIRECTION ( 'NONE',  ( -1.000000000000000000, 0.000000000000000000, 0.000000000000000000 ) ) ;
#2942 = DIRECTION ( 'NONE',  ( -1.000000000000000000, 0.000000000000000000, 0.000000000000000000 ) ) ;
#2943 = DIRECTION ( 'NONE',  ( 0.000000000000000000, 0.000000000000000000, 1.000000000000000000 ) ) ;
#2944 = ORIENTED_EDGE ( 'NONE', *, *, #1949, .F. ) ;
#2945 = EDGE_LOOP ( 'NONE', ( #6063, #7952, #7688 ) ) ;
#2946 = EDGE_LOOP ( 'NONE', ( #1528, #6667, #3400 ) ) ;
#2947 = FACE_OUTER_BOUND ( 'NONE', #4003, .T. ) ;
#2948 = SPHERICAL_SURFACE ( 'NONE', #3169, 0.2250000000000000056 ) ;
#2949 = SPHERICAL_SURFACE ( 'NONE', #1082, 0.2250000000000000056 ) ;
#2950 = DIRECTION ( 'NONE',  ( -1.000000000000000000, 0.000000000000000000, 0.000000000000000000 ) ) ;
#2951 = SPHERICAL_SURFACE ( 'NONE', #1281, 0.2250000000000000056 ) ;
#2952 = FACE_OUTER_BOUND ( 'NONE', #5835, .T. ) ;
#2953 = MECHANICAL_DESIGN_GEOMETRIC_PRESENTATION_REPRESENTATION (  '', ( #15 ), #5022 ) ;
#2954 = FACE_OUTER_BOUND ( 'NONE', #2423, .T. ) ;
#2955 = FILL_AREA_STYLE_COLOUR ( '', #587 ) ;
#2956 = CIRCLE ( 'NONE', #5291, 0.1870828693386994979 ) ;
#2957 = AXIS2_PLACEMENT_3D ( 'NONE', #3085, #986, #6245 ) ;
#2958 = ORIENTED_EDGE ( 'NONE', *, *, #3500, .F. ) ;
#2959 = EDGE_CURVE ( 'NONE', #5800, #5719, #3856, .T. ) ;
#2960 = ORIENTED_EDGE ( 'NONE', *, *, #6624, .T. ) ;
#2961 = ORIENTED_EDGE ( 'NONE', *, *, #6154, .F. ) ;
#2962 = AXIS2_PLACEMENT_3D ( 'NONE', #4673, #2789, #2152 ) ;
#2963 = AXIS2_PLACEMENT_3D ( 'NONE', #3336, #5985, #18 ) ;
#2964 = DIRECTION ( 'NONE',  ( 0.000000000000000000, 1.000000000000000000, 0.000000000000000000 ) ) ;
#2965 = EDGE_CURVE ( 'NONE', #1266, #48, #4535, .T. ) ;
#2966 =( NAMED_UNIT ( * ) SI_UNIT ( $, .STERADIAN. ) SOLID_ANGLE_UNIT ( ) );
#2967 = CARTESIAN_POINT ( 'NONE',  ( -1.199999999999999956, 0.000000000000000000, -2.799999999999999822 ) ) ;
#2968 = EDGE_CURVE ( 'NONE', #4568, #4158, #5807, .T. ) ;
#2969 = CIRCLE ( 'NONE', #7257, 0.2249999999999999500 ) ;
#2970 = DIRECTION ( 'NONE',  ( 5.795304382052420359E-16, -1.000000000000000000, 0.000000000000000000 ) ) ;
#2971 = VERTEX_POINT ( 'NONE', #3905 ) ;
#2972 = EDGE_CURVE ( 'NONE', #2287, #693, #7886, .T. ) ;
#2973 = VERTEX_POINT ( 'NONE', #6811 ) ;
#2974 = ORIENTED_EDGE ( 'NONE', *, *, #2650, .T. ) ;
#2975 =( LENGTH_UNIT ( ) NAMED_UNIT ( * ) SI_UNIT ( .MILLI., .METRE. ) );
#2976 = CARTESIAN_POINT ( 'NONE',  ( -1.199999999999999956, 0.2250000000000000056, -2.799999999999999822 ) ) ;
#2977 = DIRECTION ( 'NONE',  ( 0.000000000000000000, 1.000000000000000000, 0.000000000000000000 ) ) ;
#2978 = DIRECTION ( 'NONE',  ( 0.000000000000000000, 1.000000000000000000, 0.000000000000000000 ) ) ;
#2979 = CARTESIAN_POINT ( 'NONE',  ( -1.199999999999999956, 0.2250000000000000056, 1.199999999999999956 ) ) ;
#2980 = EDGE_LOOP ( 'NONE', ( #4949, #6306, #6228, #5791 ) ) ;
#2981 = CLOSED_SHELL ( 'NONE', ( #7387, #3956, #422, #2932, #1040 ) ) ;
#2982 = ORIENTED_EDGE ( 'NONE', *, *, #2001, .F. ) ;
#2983 = ORIENTED_EDGE ( 'NONE', *, *, #2735, .T. ) ;
#2984 = DIRECTION ( 'NONE',  ( -1.000000000000000000, 0.000000000000000000, 0.000000000000000000 ) ) ;
#2985 = CARTESIAN_POINT ( 'NONE',  ( -1.199999999999999956, 0.2250000000000000056, 0.4000000000000000222 ) ) ;
#2986 = CARTESIAN_POINT ( 'NONE',  ( 0.4000000000000000222, 0.2250000000000030032, -2.799999999999999822 ) ) ;
#2987 = CARTESIAN_POINT ( 'NONE',  ( -0.4000000000000000222, 0.2250000000000024758, -2.799999999999999822 ) ) ;
#2988 = AXIS2_PLACEMENT_3D ( 'NONE', #5864, #7259, #723 ) ;
#2989 = CARTESIAN_POINT ( 'NONE',  ( 2.799999999999999822, 0.2250000000000045020, 4.400000000000000355 ) ) ;
#2990 = CARTESIAN_POINT ( 'NONE',  ( -0.6250000000000000000, 0.2250000000000024758, 0.4000000000000000222 ) ) ;
#2991 = AXIS2_PLACEMENT_3D ( 'NONE', #5471, #6810, #5646 ) ;
#2992 = DIRECTION ( 'NONE',  ( 0.000000000000000000, 0.000000000000000000, 1.000000000000000000 ) ) ;
#2993 = DIRECTION ( 'NONE',  ( -0.000000000000000000, -0.000000000000000000, -1.000000000000000000 ) ) ;
#2994 = ADVANCED_FACE ( 'NONE', ( #7343 ), #5321, .T. ) ;
#2995 = CARTESIAN_POINT ( 'NONE',  ( -1.775000000000000133, 0.2250000000000000056, 2.799999999999999822 ) ) ;
#2996 = CARTESIAN_POINT ( 'NONE',  ( 1.199999999999999956, 0.2250000000000035028, 2.000000000000000000 ) ) ;
#2997 = AXIS2_PLACEMENT_3D ( 'NONE', #888, #846, #5358 ) ;
#2998 = VERTEX_POINT ( 'NONE', #5472 ) ;
#2999 = ORIENTED_EDGE ( 'NONE', *, *, #462, .T. ) ;
#3000 = DIRECTION ( 'NONE',  ( 6.918242433955120338E-16, -1.000000000000000000, 0.000000000000000000 ) ) ;
#3001 = ORIENTED_EDGE ( 'NONE', *, *, #3274, .F. ) ;
#3002 = DIRECTION ( 'NONE',  ( 0.000000000000000000, 1.000000000000000000, 0.000000000000000000 ) ) ;
#3003 = AXIS2_PLACEMENT_3D ( 'NONE', #8085, #4769, #7436 ) ;
#3004 = FACE_OUTER_BOUND ( 'NONE', #4181, .T. ) ;
#3005 = FILL_AREA_STYLE_COLOUR ( '', #8194 ) ;
#3006 = CARTESIAN_POINT ( 'NONE',  ( -2.421384851884295372E-16, 0.3499999999999999778, 0.000000000000000000 ) ) ;
#3007 = MECHANICAL_DESIGN_GEOMETRIC_PRESENTATION_REPRESENTATION (  '', ( #771 ), #3414 ) ;
#3008 = DIRECTION ( 'NONE',  ( -1.000000000000000000, 0.000000000000000000, 0.000000000000000000 ) ) ;
#3009 = CIRCLE ( 'NONE', #6192, 0.2249999999999999500 ) ;
#3010 = DIRECTION ( 'NONE',  ( -1.224646799147353207E-16, -0.000000000000000000, -1.000000000000000000 ) ) ;
#3011 = VERTEX_POINT ( 'NONE', #856 ) ;
#3012 = VERTEX_POINT ( 'NONE', #813 ) ;
#3013 = EDGE_LOOP ( 'NONE', ( #7605, #5652, #7670, #964 ) ) ;
#3014 = EDGE_CURVE ( 'NONE', #3561, #7364, #8597, .T. ) ;
#3015 = CARTESIAN_POINT ( 'NONE',  ( 3.600000000000000089, 0.2250000000000049738, 4.400000000000000355 ) ) ;
#3016 = AXIS2_PLACEMENT_3D ( 'NONE', #3147, #6537, #2548 ) ;
#3017 = EDGE_CURVE ( 'NONE', #6952, #7412, #1771, .T. ) ;
#3018 = UNCERTAINTY_MEASURE_WITH_UNIT (LENGTH_MEASURE( 1.000000000000000082E-05 ), #4465, 'distance_accuracy_value', 'NONE');
#3019 = SURFACE_STYLE_USAGE ( .BOTH. , #3412 ) ;
#3020 = DIRECTION ( 'NONE',  ( -1.000000000000000000, 0.000000000000000000, 0.000000000000000000 ) ) ;
#3021 = CARTESIAN_POINT ( 'NONE',  ( -2.000000000000000000, 0.2250000000000000056, 2.000000000000000000 ) ) ;
#3022 = AXIS2_PLACEMENT_3D ( 'NONE', #4421, #8271, #4251 ) ;
#3023 = EDGE_LOOP ( 'NONE', ( #8189, #3086 ) ) ;
#3024 = CIRCLE ( 'NONE', #3436, 0.1870828693386994979 ) ;
#3025 = EDGE_CURVE ( 'NONE', #3471, #6926, #6347, .T. ) ;
#3026 = ORIENTED_EDGE ( 'NONE', *, *, #3504, .F. ) ;
#3027 = ORIENTED_EDGE ( 'NONE', *, *, #3498, .F. ) ;
#3028 = DIRECTION ( 'NONE',  ( -1.000000000000000000, 0.000000000000000000, 0.000000000000000000 ) ) ;
#3029 = PLANE ( 'NONE',  #8602 ) ;
#3030 = ADVANCED_FACE ( 'NONE', ( #6161 ), #3558, .T. ) ;
#3031 = DIRECTION ( 'NONE',  ( 5.795304382052420359E-16, -1.000000000000000000, 0.000000000000000000 ) ) ;
#3032 = AXIS2_PLACEMENT_3D ( 'NONE', #5895, #5110, #6500 ) ;
#3033 = DIRECTION ( 'NONE',  ( -1.000000000000000000, 0.000000000000000000, 0.000000000000000000 ) ) ;
#3034 = FACE_OUTER_BOUND ( 'NONE', #1971, .T. ) ;
#3035 = AXIS2_PLACEMENT_3D ( 'NONE', #7336, #1367, #4025 ) ;
#3036 = CIRCLE ( 'NONE', #4136, 0.2249999999999999500 ) ;
#3037 = CARTESIAN_POINT ( 'NONE',  ( -2.000000000000000000, 0.2250000000000000056, -2.799999999999999822 ) ) ;
#3038 = DIRECTION ( 'NONE',  ( -1.000000000000000000, 0.000000000000000000, 0.000000000000000000 ) ) ;
#3039 = FACE_OUTER_BOUND ( 'NONE', #6657, .T. ) ;
#3040 = CARTESIAN_POINT ( 'NONE',  ( -1.387082869338698954, 0.3499999999999998668, 2.000000000000000000 ) ) ;
#3041 = CIRCLE ( 'NONE', #3172, 0.2249999999999999500 ) ;
#3042 = CIRCLE ( 'NONE', #118, 0.1870828693386994979 ) ;
#3043 = ORIENTED_EDGE ( 'NONE', *, *, #4290, .T. ) ;
#3044 = ORIENTED_EDGE ( 'NONE', *, *, #5290, .T. ) ;
#3045 = CARTESIAN_POINT ( 'NONE',  ( 4.799999999999999822, 0.3499999999999999778, 1.600000000000000089 ) ) ;
#3046 = ORIENTED_EDGE ( 'NONE', *, *, #1681, .F. ) ;
#3047 = AXIS2_PLACEMENT_3D ( 'NONE', #3997, #84, #1956 ) ;
#3048 = AXIS2_PLACEMENT_3D ( 'NONE', #5139, #2539, #3065 ) ;
#3049 = CARTESIAN_POINT ( 'NONE',  ( -1.199999999999999956, 0.3499999999999999778, 1.199999999999999956 ) ) ;
#3050 = FACE_OUTER_BOUND ( 'NONE', #8632, .T. ) ;
#3051 = DIRECTION ( 'NONE',  ( -1.000000000000000000, 0.000000000000000000, 0.000000000000000000 ) ) ;
#3052 = CARTESIAN_POINT ( 'NONE',  ( 2.799999999999999822, 0.2250000000000045020, 4.400000000000000355 ) ) ;
#3053 = MECHANICAL_DESIGN_GEOMETRIC_PRESENTATION_REPRESENTATION (  '', ( #2498 ), #1667 ) ;
#3054 = CIRCLE ( 'NONE', #7499, 0.1870828693386994146 ) ;
#3055 = DIRECTION ( 'NONE',  ( 0.000000000000000000, 0.000000000000000000, 1.000000000000000000 ) ) ;
#3056 = FACE_OUTER_BOUND ( 'NONE', #566, .T. ) ;
#3057 = ORIENTED_EDGE ( 'NONE', *, *, #3601, .F. ) ;
#3058 = VERTEX_POINT ( 'NONE', #2699 ) ;
#3059 = ORIENTED_EDGE ( 'NONE', *, *, #6903, .F. ) ;
#3060 = DIRECTION ( 'NONE',  ( -1.000000000000000000, 0.000000000000000000, 0.000000000000000000 ) ) ;
#3061 = MECHANICAL_DESIGN_GEOMETRIC_PRESENTATION_REPRESENTATION (  '', ( #5697 ), #7367 ) ;
#3062 = AXIS2_PLACEMENT_3D ( 'NONE', #6674, #66, #759 ) ;
#3063 = SPHERICAL_SURFACE ( 'NONE', #6613, 0.2250000000000000056 ) ;
#3064 = STYLED_ITEM ( 'NONE', ( #4820 ), #8514 ) ;
#3065 = DIRECTION ( 'NONE',  ( -1.000000000000000000, 0.000000000000000000, 0.000000000000000000 ) ) ;
#3066 = MECHANICAL_DESIGN_GEOMETRIC_PRESENTATION_REPRESENTATION (  '', ( #5705 ), #2356 ) ;
#3067 = ORIENTED_EDGE ( 'NONE', *, *, #2223, .T. ) ;
#3068 = ADVANCED_FACE ( 'NONE', ( #209 ), #2204, .T. ) ;
#3069 = EDGE_LOOP ( 'NONE', ( #7085, #6020, #7845 ) ) ;
#3070 = ORIENTED_EDGE ( 'NONE', *, *, #6293, .F. ) ;
#3071 = FILL_AREA_STYLE_COLOUR ( '', #226 ) ;
#3072 = DIRECTION ( 'NONE',  ( -0.000000000000000000, -0.000000000000000000, -1.000000000000000000 ) ) ;
#3073 = EDGE_CURVE ( 'NONE', #6294, #7733, #8165, .T. ) ;
#3074 = DIRECTION ( 'NONE',  ( 1.000000000000000000, 5.795304382052416415E-16, 0.000000000000000000 ) ) ;
#3075 = ADVANCED_FACE ( 'NONE', ( #725 ), #6856, .T. ) ;
#3076 = DIRECTION ( 'NONE',  ( 6.918242433955120338E-16, -1.000000000000000000, 0.000000000000000000 ) ) ;
#3077 = ADVANCED_FACE ( 'NONE', ( #900 ), #6033, .T. ) ;
#3078 = EDGE_CURVE ( 'NONE', #6120, #8332, #1345, .T. ) ;
#3079 = CARTESIAN_POINT ( 'NONE',  ( -2.000000000000000000, 0.2250000000000000056, -2.000000000000000000 ) ) ;
#3080 = DIRECTION ( 'NONE',  ( -1.000000000000000000, 0.000000000000000000, 0.000000000000000000 ) ) ;
#3081 = DIRECTION ( 'NONE',  ( -1.000000000000000000, 0.000000000000000000, 0.000000000000000000 ) ) ;
#3082 = DIRECTION ( 'NONE',  ( -1.224646799147353207E-16, -0.000000000000000000, -1.000000000000000000 ) ) ;
#3083 = CARTESIAN_POINT ( 'NONE',  ( -0.4000000000000000222, 0.3499999999999999778, 2.000000000000000000 ) ) ;
#3084 = CARTESIAN_POINT ( 'NONE',  ( -1.424999999999999822, 0.2250000000000000056, -1.199999999999999956 ) ) ;
#3085 = CARTESIAN_POINT ( 'NONE',  ( -2.000000000000000000, 0.2250000000000000056, 2.000000000000000000 ) ) ;
#3086 = ORIENTED_EDGE ( 'NONE', *, *, #99, .F. ) ;
#3087 = EDGE_LOOP ( 'NONE', ( #3969, #8516 ) ) ;
#3088 = CARTESIAN_POINT ( 'NONE',  ( 6.400000000000000355, 0.3500000000000044742, 0.000000000000000000 ) ) ;
#3089 = SURFACE_STYLE_FILL_AREA ( #5781 ) ;
#3090 = DIRECTION ( 'NONE',  ( -0.000000000000000000, -0.000000000000000000, -1.000000000000000000 ) ) ;
#3091 = AXIS2_PLACEMENT_3D ( 'NONE', #2385, #1939, #7045 ) ;
#3092 = DIRECTION ( 'NONE',  ( -1.000000000000000000, 0.000000000000000000, 0.000000000000000000 ) ) ;
#3093 = DIRECTION ( 'NONE',  ( 0.000000000000000000, 0.000000000000000000, 1.000000000000000000 ) ) ;
#3094 = FACE_OUTER_BOUND ( 'NONE', #6062, .T. ) ;
#3095 = VERTEX_POINT ( 'NONE', #4726 ) ;
#3096 = CIRCLE ( 'NONE', #3789, 0.2249999999999999500 ) ;
#3097 = CARTESIAN_POINT ( 'NONE',  ( 1.199999999999999956, 0.2250000000000035028, 2.000000000000000000 ) ) ;
#3098 = VERTEX_POINT ( 'NONE', #7392 ) ;
#3099 = DIRECTION ( 'NONE',  ( 0.000000000000000000, 0.000000000000000000, 1.000000000000000000 ) ) ;
#3100 = DIRECTION ( 'NONE',  ( 0.000000000000000000, 1.000000000000000000, 0.000000000000000000 ) ) ;
#3101 =( GEOMETRIC_REPRESENTATION_CONTEXT ( 3 ) GLOBAL_UNCERTAINTY_ASSIGNED_CONTEXT ( ( #1339 ) ) GLOBAL_UNIT_ASSIGNED_CONTEXT ( ( #4541, #590, #2418 ) ) REPRESENTATION_CONTEXT ( 'NONE', 'WORKASPACE' ) );
#3102 = DIRECTION ( 'NONE',  ( -0.000000000000000000, -0.000000000000000000, -1.000000000000000000 ) ) ;
#3103 = DIRECTION ( 'NONE',  ( -0.000000000000000000, -0.000000000000000000, -1.000000000000000000 ) ) ;
#3104 = ORIENTED_EDGE ( 'NONE', *, *, #2212, .T. ) ;
#3105 = ORIENTED_EDGE ( 'NONE', *, *, #4598, .F. ) ;
#3106 = EDGE_LOOP ( 'NONE', ( #5882, #7795, #1676, #3070 ) ) ;
#3107 = DIRECTION ( 'NONE',  ( 5.795304382052420359E-16, -1.000000000000000000, 0.000000000000000000 ) ) ;
#3108 = CARTESIAN_POINT ( 'NONE',  ( -2.000000000000000000, 0.2250000000000000056, -2.799999999999999822 ) ) ;
#3109 = EDGE_CURVE ( 'NONE', #8600, #1970, #2183, .T. ) ;
#3110 = CARTESIAN_POINT ( 'NONE',  ( 3.600000000000000089, 0.3499999999999999778, -3.600000000000000089 ) ) ;
#3111 = CARTESIAN_POINT ( 'NONE',  ( 2.000000000000000000, 0.2250000000000040024, -2.000000000000000000 ) ) ;
#3112 = DIRECTION ( 'NONE',  ( 5.795304382052420359E-16, -1.000000000000000000, 0.000000000000000000 ) ) ;
#3113 = CLOSED_SHELL ( 'NONE', ( #406, #5993, #6949, #6193, #2651 ) ) ;
#3114 = DIRECTION ( 'NONE',  ( -1.000000000000000000, 0.000000000000000000, 0.000000000000000000 ) ) ;
#3115 = ADVANCED_FACE ( 'NONE', ( #3422 ), #121, .T. ) ;
#3116 = ADVANCED_FACE ( 'NONE', ( #5424 ), #6241, .T. ) ;
#3117 =( LENGTH_UNIT ( ) NAMED_UNIT ( * ) SI_UNIT ( .MILLI., .METRE. ) );
#3118 = CARTESIAN_POINT ( 'NONE',  ( 0.4000000000000000222, 0.3499999999999999778, 2.000000000000000000 ) ) ;
#3119 = EDGE_CURVE ( 'NONE', #4763, #6559, #3987, .T. ) ;
#3120 = EDGE_CURVE ( 'NONE', #1665, #6476, #1633, .T. ) ;
#3121 = EDGE_LOOP ( 'NONE', ( #6462, #3572, #1449 ) ) ;
#3122 = AXIS2_PLACEMENT_3D ( 'NONE', #4558, #2707, #5287 ) ;
#3123 = ORIENTED_EDGE ( 'NONE', *, *, #4279, .F. ) ;
#3124 = CARTESIAN_POINT ( 'NONE',  ( 1.199999999999999956, 0.2250000000000035028, -0.4000000000000000222 ) ) ;
#3125 = EDGE_CURVE ( 'NONE', #6392, #6573, #245, .T. ) ;
#3126 = CARTESIAN_POINT ( 'NONE',  ( -2.187082869338698998, 0.3499999999999998668, 1.199999999999999956 ) ) ;
#3127 = FACE_OUTER_BOUND ( 'NONE', #8434, .T. ) ;
#3128 =( NAMED_UNIT ( * ) SI_UNIT ( $, .STERADIAN. ) SOLID_ANGLE_UNIT ( ) );
#3129 = AXIS2_PLACEMENT_3D ( 'NONE', #2024, #5904, #8577 ) ;
#3130 = EDGE_CURVE ( 'NONE', #8378, #5443, #4130, .T. ) ;
#3131 = DIRECTION ( 'NONE',  ( -1.000000000000000000, 0.000000000000000000, 2.409338161078899180E-16 ) ) ;
#3132 = ORIENTED_EDGE ( 'NONE', *, *, #7813, .F. ) ;
#3133 = ORIENTED_EDGE ( 'NONE', *, *, #3078, .F. ) ;
#3134 = ORIENTED_EDGE ( 'NONE', *, *, #2972, .F. ) ;
#3135 = DIRECTION ( 'NONE',  ( 1.000000000000000000, 0.000000000000000000, 0.000000000000000000 ) ) ;
#3136 = DIRECTION ( 'NONE',  ( 1.000000000000000000, 5.795304382052416415E-16, 0.000000000000000000 ) ) ;
#3137 = CARTESIAN_POINT ( 'NONE',  ( -3.600000000000000089, 0.2250000000000000056, -4.400000000000000355 ) ) ;
#3138 = AXIS2_PLACEMENT_3D ( 'NONE', #674, #2648, #3333 ) ;
#3139 = SPHERICAL_SURFACE ( 'NONE', #6291, 0.2250000000000000056 ) ;
#3140 = DIRECTION ( 'NONE',  ( 1.000000000000000000, 5.795304382052429234E-16, 0.000000000000000000 ) ) ;
#3141 = ORIENTED_EDGE ( 'NONE', *, *, #7950, .T. ) ;
#3142 = ORIENTED_EDGE ( 'NONE', *, *, #1842, .F. ) ;
#3143 = ORIENTED_EDGE ( 'NONE', *, *, #3434, .F. ) ;
#3144 =( GEOMETRIC_REPRESENTATION_CONTEXT ( 3 ) GLOBAL_UNCERTAINTY_ASSIGNED_CONTEXT ( ( #5250 ) ) GLOBAL_UNIT_ASSIGNED_CONTEXT ( ( #7413, #5398, #188 ) ) REPRESENTATION_CONTEXT ( 'NONE', 'WORKASPACE' ) );
#3145 = AXIS2_PLACEMENT_3D ( 'NONE', #3512, #64, #4195 ) ;
#3146 = DIRECTION ( 'NONE',  ( 0.000000000000000000, 0.000000000000000000, -1.000000000000000000 ) ) ;
#3147 = CARTESIAN_POINT ( 'NONE',  ( 1.199999999999999956, 0.2250000000000035028, 2.000000000000000000 ) ) ;
#3148 = CARTESIAN_POINT ( 'NONE',  ( 2.000000000000000000, 0.2250000000000040024, -2.799999999999999822 ) ) ;
#3149 = MECHANICAL_DESIGN_GEOMETRIC_PRESENTATION_REPRESENTATION (  '', ( #2606 ), #3423 ) ;
#3150 = FACE_OUTER_BOUND ( 'NONE', #3515, .T. ) ;
#3151 = VERTEX_POINT ( 'NONE', #4367 ) ;
#3152 = FACE_OUTER_BOUND ( 'NONE', #4893, .T. ) ;
#3153 = ADVANCED_FACE ( 'NONE', ( #2412 ), #983, .T. ) ;
#3154 = AXIS2_PLACEMENT_3D ( 'NONE', #5023, #5732, #3680 ) ;
#3155 = CARTESIAN_POINT ( 'NONE',  ( 2.799999999999999822, 0.2250000000000045020, 3.600000000000000089 ) ) ;
#3156 = CARTESIAN_POINT ( 'NONE',  ( -0.4000000000000000222, 0.3499999999999999778, -0.4000000000000000222 ) ) ;
#3157 =( NAMED_UNIT ( * ) SI_UNIT ( $, .STERADIAN. ) SOLID_ANGLE_UNIT ( ) );
#3158 = DIRECTION ( 'NONE',  ( -1.000000000000000000, 0.000000000000000000, 0.000000000000000000 ) ) ;
#3159 = FILL_AREA_STYLE ('',( #3901 ) ) ;
#3160 = AXIS2_PLACEMENT_3D ( 'NONE', #7223, #7299, #1823 ) ;
#3161 = EDGE_LOOP ( 'NONE', ( #1484, #5189 ) ) ;
#3162 = ORIENTED_EDGE ( 'NONE', *, *, #5583, .T. ) ;
#3163 = ADVANCED_FACE ( 'NONE', ( #8214 ), #3726, .T. ) ;
#3164 = EDGE_CURVE ( 'NONE', #3178, #7715, #7752, .T. ) ;
#3165 = DIRECTION ( 'NONE',  ( 1.000000000000000000, 5.795304382052416415E-16, 0.000000000000000000 ) ) ;
#3166 = DIRECTION ( 'NONE',  ( -6.938893903907230350E-16, 1.000000000000000000, 0.000000000000000000 ) ) ;
#3167 = CIRCLE ( 'NONE', #3585, 0.2249999999999999500 ) ;
#3168 = CARTESIAN_POINT ( 'NONE',  ( 2.000000000000000000, 0.2250000000000040024, 2.799999999999999822 ) ) ;
#3169 = AXIS2_PLACEMENT_3D ( 'NONE', #3587, #3072, #6931 ) ;
#3170 = EDGE_CURVE ( 'NONE', #2303, #2800, #8016, .T. ) ;
#3171 = ADVANCED_FACE ( 'NONE', ( #373 ), #5604, .T. ) ;
#3172 = AXIS2_PLACEMENT_3D ( 'NONE', #2976, #4830, #355 ) ;
#3173 = DIRECTION ( 'NONE',  ( 5.795304382052420359E-16, -1.000000000000000000, 0.000000000000000000 ) ) ;
#3174 = CIRCLE ( 'NONE', #5241, 0.2249999999999999500 ) ;
#3175 = ORIENTED_EDGE ( 'NONE', *, *, #3332, .T. ) ;
#3176 = ADVANCED_FACE ( 'NONE', ( #6944 ), #1644, .T. ) ;
#3177 = ORIENTED_EDGE ( 'NONE', *, *, #7756, .T. ) ;
#3178 = VERTEX_POINT ( 'NONE', #4411 ) ;
#3179 =( LENGTH_UNIT ( ) NAMED_UNIT ( * ) SI_UNIT ( .MILLI., .METRE. ) );
#3180 = CARTESIAN_POINT ( 'NONE',  ( 0.4000000000000000222, 0.3499999999999999778, -1.199999999999999956 ) ) ;
#3181 = ADVANCED_FACE ( 'NONE', ( #2919 ), #2246, .T. ) ;
#3182 = DIRECTION ( 'NONE',  ( -1.000000000000000000, 0.000000000000000000, 0.000000000000000000 ) ) ;
#3183 = UNCERTAINTY_MEASURE_WITH_UNIT (LENGTH_MEASURE( 1.000000000000000082E-05 ), #454, 'distance_accuracy_value', 'NONE');
#3184 = SPHERICAL_SURFACE ( 'NONE', #4670, 0.2250000000000000056 ) ;
#3185 = AXIS2_PLACEMENT_3D ( 'NONE', #4777, #8273, #4131 ) ;
#3186 =( LENGTH_UNIT ( ) NAMED_UNIT ( * ) SI_UNIT ( .MILLI., .METRE. ) );
#3187 = AXIS2_PLACEMENT_3D ( 'NONE', #6881, #4228, #7668 ) ;
#3188 = FACE_OUTER_BOUND ( 'NONE', #4401, .T. ) ;
#3189 = EDGE_CURVE ( 'NONE', #5477, #5344, #3718, .T. ) ;
#3190 = EDGE_CURVE ( 'NONE', #48, #7421, #7470, .T. ) ;
#3191 = CARTESIAN_POINT ( 'NONE',  ( -0.4000000000000000222, 0.2250000000000024758, 0.4000000000000000222 ) ) ;
#3192 = VERTEX_POINT ( 'NONE', #2328 ) ;
#3193 = EDGE_LOOP ( 'NONE', ( #5884, #2516 ) ) ;
#3194 = ORIENTED_EDGE ( 'NONE', *, *, #1695, .T. ) ;
#3195 = CIRCLE ( 'NONE', #5408, 0.1870828693386994979 ) ;
#3196 = SPHERICAL_SURFACE ( 'NONE', #1758, 0.2250000000000000056 ) ;
#3197 = CARTESIAN_POINT ( 'NONE',  ( 0.4000000000000000222, 0.2250000000000030032, 2.799999999999999822 ) ) ;
#3198 = DIRECTION ( 'NONE',  ( -1.000000000000000000, 0.000000000000000000, 0.000000000000000000 ) ) ;
#3199 = MECHANICAL_DESIGN_GEOMETRIC_PRESENTATION_REPRESENTATION (  '', ( #2354 ), #556 ) ;
#3200 = CIRCLE ( 'NONE', #6107, 0.2249999999999999500 ) ;
#3201 = FACE_OUTER_BOUND ( 'NONE', #1275, .T. ) ;
#3202 = FACE_OUTER_BOUND ( 'NONE', #6744, .T. ) ;
#3203 = EDGE_LOOP ( 'NONE', ( #3746, #656, #6425 ) ) ;
#3204 = ORIENTED_EDGE ( 'NONE', *, *, #82, .T. ) ;
#3205 = DIRECTION ( 'NONE',  ( 1.000000000000000000, 0.000000000000000000, 0.000000000000000000 ) ) ;
#3206 =( GEOMETRIC_REPRESENTATION_CONTEXT ( 3 ) GLOBAL_UNCERTAINTY_ASSIGNED_CONTEXT ( ( #2395 ) ) GLOBAL_UNIT_ASSIGNED_CONTEXT ( ( #3186, #5714, #5844 ) ) REPRESENTATION_CONTEXT ( 'NONE', 'WORKASPACE' ) );
#3207 = MECHANICAL_DESIGN_GEOMETRIC_PRESENTATION_REPRESENTATION (  '', ( #2656 ), #426 ) ;
#3208 = CARTESIAN_POINT ( 'NONE',  ( -0.4000000000000000222, 0.2250000000000024758, 2.799999999999999822 ) ) ;
#3209 = DIRECTION ( 'NONE',  ( -0.000000000000000000, -0.000000000000000000, -1.000000000000000000 ) ) ;
#3210 = DIRECTION ( 'NONE',  ( 1.000000000000000000, 0.000000000000000000, 0.000000000000000000 ) ) ;
#3211 = PLANE ( 'NONE',  #1114 ) ;
#3212 = FILL_AREA_STYLE_COLOUR ( '', #5450 ) ;
#3213 = ORIENTED_EDGE ( 'NONE', *, *, #7732, .F. ) ;
#3214 = SPHERICAL_SURFACE ( 'NONE', #3814, 0.2250000000000000056 ) ;
#3215 = DIRECTION ( 'NONE',  ( 0.000000000000000000, 0.000000000000000000, 1.000000000000000000 ) ) ;
#3216 = CARTESIAN_POINT ( 'NONE',  ( 3.600000000000000089, 0.2250000000000049738, 3.600000000000000089 ) ) ;
#3217 = FILL_AREA_STYLE_COLOUR ( '', #2830 ) ;
#3218 = ADVANCED_FACE ( 'NONE', ( #1687 ), #2558, .T. ) ;
#3219 = CARTESIAN_POINT ( 'NONE',  ( -3.024999999999999911, 0.2250000000000000056, 4.400000000000000355 ) ) ;
#3220 = ORIENTED_EDGE ( 'NONE', *, *, #6313, .T. ) ;
#3221 = ORIENTED_EDGE ( 'NONE', *, *, #8453, .T. ) ;
#3222 = EDGE_LOOP ( 'NONE', ( #4427, #4313 ) ) ;
#3223 = CARTESIAN_POINT ( 'NONE',  ( -3.600000000000000089, 0.3499999999999999778, -4.400000000000000355 ) ) ;
#3224 = AXIS2_PLACEMENT_3D ( 'NONE', #4144, #6801, #2942 ) ;
#3225 = ADVANCED_FACE ( 'NONE', ( #3899 ), #1239, .F. ) ;
#3226 = FACE_OUTER_BOUND ( 'NONE', #2563, .T. ) ;
#3227 =( NAMED_UNIT ( * ) SI_UNIT ( $, .STERADIAN. ) SOLID_ANGLE_UNIT ( ) );
#3228 = CARTESIAN_POINT ( 'NONE',  ( 3.600000000000000089, 0.2250000000000049738, -3.600000000000000089 ) ) ;
#3229 = AXIS2_PLACEMENT_3D ( 'NONE', #1102, #3882, #4520 ) ;
#3230 = PRODUCT_DEFINITION ( 'UNKNOWN', '', #2662, #1536 ) ;
#3231 = AXIS2_PLACEMENT_3D ( 'NONE', #6506, #554, #7216 ) ;
#3232 = CARTESIAN_POINT ( 'NONE',  ( 2.799999999999999822, 0.2250000000000045020, 3.600000000000000089 ) ) ;
#3233 = VERTEX_POINT ( 'NONE', #5938 ) ;
#3234 = EDGE_LOOP ( 'NONE', ( #7458, #1107, #7868 ) ) ;
#3235 = EDGE_LOOP ( 'NONE', ( #6218, #380, #6806 ) ) ;
#3236 = DIRECTION ( 'NONE',  ( -1.224646799147353207E-16, -0.000000000000000000, -1.000000000000000000 ) ) ;
#3237 = EDGE_CURVE ( 'NONE', #4901, #746, #8315, .T. ) ;
#3238 = DIRECTION ( 'NONE',  ( -1.000000000000000000, 0.000000000000000000, 0.000000000000000000 ) ) ;
#3239 = AXIS2_PLACEMENT_3D ( 'NONE', #4363, #8211, #7025 ) ;
#3240 = AXIS2_PLACEMENT_3D ( 'NONE', #4530, #7204, #3893 ) ;
#3241 = CARTESIAN_POINT ( 'NONE',  ( -1.424999999999999822, 0.2250000000000000056, -2.000000000000000000 ) ) ;
#3242 = DIRECTION ( 'NONE',  ( 1.000000000000000000, 0.000000000000000000, 0.000000000000000000 ) ) ;
#3243 = CARTESIAN_POINT ( 'NONE',  ( -1.199999999999999956, 0.2250000000000000056, -0.4000000000000000222 ) ) ;
#3244 = ORIENTED_EDGE ( 'NONE', *, *, #3381, .T. ) ;
#3245 = AXIS2_PLACEMENT_3D ( 'NONE', #1798, #3102, #4439 ) ;
#3246 = DIRECTION ( 'NONE',  ( 5.795304382052420359E-16, -1.000000000000000000, 0.000000000000000000 ) ) ;
#3247 = SPHERICAL_SURFACE ( 'NONE', #253, 0.2250000000000000056 ) ;
#3248 = DIRECTION ( 'NONE',  ( 1.000000000000000000, 0.000000000000000000, 0.000000000000000000 ) ) ;
#3249 = FILL_AREA_STYLE ('',( #4623 ) ) ;
#3250 = CLOSED_SHELL ( 'NONE', ( #1307, #3645, #1519, #6973, #6523 ) ) ;
#3251 = DIRECTION ( 'NONE',  ( 0.000000000000000000, 1.000000000000000000, 0.000000000000000000 ) ) ;
#3252 = DIRECTION ( 'NONE',  ( 0.000000000000000000, 0.000000000000000000, 1.000000000000000000 ) ) ;
#3253 = ORIENTED_EDGE ( 'NONE', *, *, #8564, .T. ) ;
#3254 = AXIS2_PLACEMENT_3D ( 'NONE', #6345, #6432, #4347 ) ;
#3255 = CARTESIAN_POINT ( 'NONE',  ( 2.187082869338699442, 0.3500000000000000888, -2.000000000000000000 ) ) ;
#3256 = DIRECTION ( 'NONE',  ( -1.000000000000000000, 0.000000000000000000, 0.000000000000000000 ) ) ;
#3257 = DIRECTION ( 'NONE',  ( -1.000000000000000000, 0.000000000000000000, 0.000000000000000000 ) ) ;
#3258 = PRESENTATION_STYLE_ASSIGNMENT (( #29 ) ) ;
#3259 =( NAMED_UNIT ( * ) SI_UNIT ( $, .STERADIAN. ) SOLID_ANGLE_UNIT ( ) );
#3260 = AXIS2_PLACEMENT_3D ( 'NONE', #3124, #4332, #6994 ) ;
#3261 = ORIENTED_EDGE ( 'NONE', *, *, #6352, .T. ) ;
#3262 = CARTESIAN_POINT ( 'NONE',  ( 1.199999999999999956, 0.3499999999999999778, 1.199999999999999956 ) ) ;
#3263 = EDGE_LOOP ( 'NONE', ( #6249, #1418, #7451, #3896 ) ) ;
#3264 = CIRCLE ( 'NONE', #4638, 0.2249999999999999500 ) ;
#3265 = CARTESIAN_POINT ( 'NONE',  ( 0.8000000000000000444, 0.3499999999999999778, 0.000000000000000000 ) ) ;
#3266 = UNCERTAINTY_MEASURE_WITH_UNIT (LENGTH_MEASURE( 1.000000000000000082E-05 ), #2841, 'distance_accuracy_value', 'NONE');
#3267 = SURFACE_STYLE_USAGE ( .BOTH. , #8050 ) ;
#3268 = DIRECTION ( 'NONE',  ( -1.000000000000000000, 0.000000000000000000, 0.000000000000000000 ) ) ;
#3269 = AXIS2_PLACEMENT_3D ( 'NONE', #5838, #5171, #2393 ) ;
#3270 = FACE_OUTER_BOUND ( 'NONE', #7912, .T. ) ;
#3271 = ORIENTED_EDGE ( 'NONE', *, *, #2829, .F. ) ;
#3272 = ORIENTED_EDGE ( 'NONE', *, *, #6246, .F. ) ;
#3273 = ORIENTED_EDGE ( 'NONE', *, *, #6250, .T. ) ;
#3274 = EDGE_CURVE ( 'NONE', #2973, #2002, #6769, .T. ) ;
#3275 = EDGE_CURVE ( 'NONE', #307, #5247, #1077, .T. ) ;
#3276 = DIRECTION ( 'NONE',  ( 1.000000000000000000, 5.795304382052429234E-16, 0.000000000000000000 ) ) ;
#3277 = CIRCLE ( 'NONE', #1056, 0.1870828693386994146 ) ;
#3278 = DIRECTION ( 'NONE',  ( 0.000000000000000000, 0.000000000000000000, 1.000000000000000000 ) ) ;
#3279 =( LENGTH_UNIT ( ) NAMED_UNIT ( * ) SI_UNIT ( .MILLI., .METRE. ) );
#3280 = DIRECTION ( 'NONE',  ( -0.000000000000000000, -0.000000000000000000, -1.000000000000000000 ) ) ;
#3281 = EDGE_CURVE ( 'NONE', #258, #7088, #5104, .T. ) ;
#3282 = DIRECTION ( 'NONE',  ( -1.000000000000000000, 0.000000000000000000, 0.000000000000000000 ) ) ;
#3283 = PRESENTATION_LAYER_ASSIGNMENT (  '', '', ( #771 ) ) ;
#3284 = ORIENTED_EDGE ( 'NONE', *, *, #2102, .F. ) ;
#3285 = AXIS2_PLACEMENT_3D ( 'NONE', #892, #805, #1547 ) ;
#3286 = ORIENTED_EDGE ( 'NONE', *, *, #7159, .T. ) ;
#3287 = EDGE_CURVE ( 'NONE', #2705, #1627, #7334, .T. ) ;
#3288 = CARTESIAN_POINT ( 'NONE',  ( 2.000000000000000000, 0.3499999999999999778, -0.4000000000000000222 ) ) ;
#3289 = DIRECTION ( 'NONE',  ( 1.000000000000000000, 5.795304382052429234E-16, 0.000000000000000000 ) ) ;
#3290 = DIRECTION ( 'NONE',  ( 0.000000000000000000, 0.000000000000000000, 1.000000000000000000 ) ) ;
#3291 = AXIS2_PLACEMENT_3D ( 'NONE', #6013, #5348, #8014 ) ;
#3292 = CARTESIAN_POINT ( 'NONE',  ( 2.799999999999999822, 0.2250000000000045020, 4.400000000000000355 ) ) ;
#3293 = CARTESIAN_POINT ( 'NONE',  ( -3.600000000000000089, 0.2250000000000000056, -3.600000000000000089 ) ) ;
#3294 = VERTEX_POINT ( 'NONE', #2646 ) ;
#3295 = STYLED_ITEM ( 'NONE', ( #299 ), #2746 ) ;
#3296 = MECHANICAL_DESIGN_GEOMETRIC_PRESENTATION_REPRESENTATION (  '', ( #374 ), #1338 ) ;
#3297 = FACE_OUTER_BOUND ( 'NONE', #8238, .T. ) ;
#3298 = CARTESIAN_POINT ( 'NONE',  ( -4.499999999999999112, 0.9999999999999970024, -5.500000000000000000 ) ) ;
#3299 = PRODUCT ( 'MT29F4G08ABBDAH4_D', 'MT29F4G08ABBDAH4_D', '', ( #4378 ) ) ;
#3300 = DIRECTION ( 'NONE',  ( 6.918242433955120338E-16, -1.000000000000000000, 0.000000000000000000 ) ) ;
#3301 = AXIS2_PLACEMENT_3D ( 'NONE', #7289, #1817, #2602 ) ;
#3302 = CARTESIAN_POINT ( 'NONE',  ( -4.049999999999998934, 0.9500000000000001776, -4.699999999999999289 ) ) ;
#3303 = ORIENTED_EDGE ( 'NONE', *, *, #1044, .T. ) ;
#3304 = CARTESIAN_POINT ( 'NONE',  ( 7.200000000000000178, 0.3500000000000049738, 8.000000000000000000 ) ) ;
#3305 = ORIENTED_EDGE ( 'NONE', *, *, #7002, .T. ) ;
#3306 = AXIS2_PLACEMENT_3D ( 'NONE', #6890, #5501, #4276 ) ;
#3307 = CIRCLE ( 'NONE', #7476, 0.1870828693386989428 ) ;
#3308 = CARTESIAN_POINT ( 'NONE',  ( -0.4000000000000000222, 0.3499999999999999778, 0.4000000000000000222 ) ) ;
#3309 = CARTESIAN_POINT ( 'NONE',  ( 2.799999999999999822, 0.2250000000000045020, 4.400000000000000355 ) ) ;
#3310 = DIRECTION ( 'NONE',  ( 1.000000000000000000, 0.000000000000000000, 0.000000000000000000 ) ) ;
#3311 = CIRCLE ( 'NONE', #2627, 0.2250000000000000056 ) ;
#3312 = AXIS2_PLACEMENT_3D ( 'NONE', #5385, #7444, #8045 ) ;
#3313 = DIRECTION ( 'NONE',  ( 6.918242433955120338E-16, -1.000000000000000000, 0.000000000000000000 ) ) ;
#3314 = DIRECTION ( 'NONE',  ( -1.000000000000000000, 0.000000000000000000, 0.000000000000000000 ) ) ;
#3315 = ORIENTED_EDGE ( 'NONE', *, *, #5739, .T. ) ;
#3316 = ORIENTED_EDGE ( 'NONE', *, *, #828, .F. ) ;
#3317 = ORIENTED_EDGE ( 'NONE', *, *, #8122, .T. ) ;
#3318 = CIRCLE ( 'NONE', #2337, 0.2249999999999999500 ) ;
#3319 = CARTESIAN_POINT ( 'NONE',  ( -2.187082869338698998, 0.3499999999999998668, -2.799999999999999822 ) ) ;
#3320 = SPHERICAL_SURFACE ( 'NONE', #5515, 0.2250000000000000056 ) ;
#3321 = CARTESIAN_POINT ( 'NONE',  ( 0.4000000000000000222, 0.3499999999999999778, 1.199999999999999956 ) ) ;
#3322 = DIRECTION ( 'NONE',  ( 5.795304382052420359E-16, -1.000000000000000000, 0.000000000000000000 ) ) ;
#3323 = ADVANCED_FACE ( 'NONE', ( #1932 ), #4580, .T. ) ;
#3324 = SPHERICAL_SURFACE ( 'NONE', #4405, 0.2250000000000000056 ) ;
#3325 = CIRCLE ( 'NONE', #3604, 0.2249999999999999500 ) ;
#3326 = ORIENTED_EDGE ( 'NONE', *, *, #5569, .T. ) ;
#3327 = ORIENTED_EDGE ( 'NONE', *, *, #4280, .T. ) ;
#3328 = EDGE_CURVE ( 'NONE', #1877, #6995, #3307, .T. ) ;
#3329 = DIRECTION ( 'NONE',  ( 1.000000000000000000, 5.795304382052416415E-16, 0.000000000000000000 ) ) ;
#3330 = DIRECTION ( 'NONE',  ( 0.000000000000000000, 0.000000000000000000, -1.000000000000000000 ) ) ;
#3331 = DIRECTION ( 'NONE',  ( 1.000000000000000000, 5.795304382052416415E-16, 0.000000000000000000 ) ) ;
#3332 = EDGE_CURVE ( 'NONE', #288, #2705, #7611, .T. ) ;
#3333 = DIRECTION ( 'NONE',  ( -1.000000000000000000, 0.000000000000000000, 0.000000000000000000 ) ) ;
#3334 = CIRCLE ( 'NONE', #2504, 0.1870828693386989983 ) ;
#3335 = FILL_AREA_STYLE_COLOUR ( '', #4570 ) ;
#3336 = CARTESIAN_POINT ( 'NONE',  ( 2.799999999999999822, 0.2250000000000045020, -4.400000000000000355 ) ) ;
#3337 = FACE_OUTER_BOUND ( 'NONE', #4928, .T. ) ;
#3338 = EDGE_LOOP ( 'NONE', ( #883, #6229, #471 ) ) ;
#3339 = ADVANCED_FACE ( 'NONE', ( #3813 ), #3247, .T. ) ;
#3340 =( GEOMETRIC_REPRESENTATION_CONTEXT ( 3 ) GLOBAL_UNCERTAINTY_ASSIGNED_CONTEXT ( ( #401 ) ) GLOBAL_UNIT_ASSIGNED_CONTEXT ( ( #1995, #1341, #5916 ) ) REPRESENTATION_CONTEXT ( 'NONE', 'WORKASPACE' ) );
#3341 = STYLED_ITEM ( 'NONE', ( #8395 ), #5384 ) ;
#3342 = PRESENTATION_STYLE_ASSIGNMENT (( #2023 ) ) ;
#3343 = DIRECTION ( 'NONE',  ( -1.000000000000000000, 0.000000000000000000, 0.000000000000000000 ) ) ;
#3344 = CARTESIAN_POINT ( 'NONE',  ( -3.349999999999998757, 0.9500000000000006217, -4.699999999999999289 ) ) ;
#3345 = CARTESIAN_POINT ( 'NONE',  ( -0.4000000000000000222, 2.493664996716660198E-15, -2.799999999999999822 ) ) ;
#3346 = PRESENTATION_STYLE_ASSIGNMENT (( #8128 ) ) ;
#3347 = CARTESIAN_POINT ( 'NONE',  ( -2.000000000000000000, 0.3499999999999999778, 2.799999999999999822 ) ) ;
#3348 = ORIENTED_EDGE ( 'NONE', *, *, #8394, .F. ) ;
#3349 = EDGE_LOOP ( 'NONE', ( #1694, #4461, #1828 ) ) ;
#3350 =( NAMED_UNIT ( * ) PLANE_ANGLE_UNIT ( ) SI_UNIT ( $, .RADIAN. ) );
#3351 = DIRECTION ( 'NONE',  ( -1.000000000000000000, 0.000000000000000000, 0.000000000000000000 ) ) ;
#3352 = UNCERTAINTY_MEASURE_WITH_UNIT (LENGTH_MEASURE( 1.000000000000000082E-05 ), #5275, 'distance_accuracy_value', 'NONE');
#3353 = SURFACE_SIDE_STYLE ('',( #1832 ) ) ;
#3354 = SPHERICAL_SURFACE ( 'NONE', #2085, 0.2250000000000000056 ) ;
#3355 = CARTESIAN_POINT ( 'NONE',  ( 2.000000000000000000, 0.2250000000000040024, -1.199999999999999956 ) ) ;
#3356 = DIRECTION ( 'NONE',  ( 6.918242433955120338E-16, -1.000000000000000000, 0.000000000000000000 ) ) ;
#3357 = ORIENTED_EDGE ( 'NONE', *, *, #6508, .F. ) ;
#3358 =( GEOMETRIC_REPRESENTATION_CONTEXT ( 3 ) GLOBAL_UNCERTAINTY_ASSIGNED_CONTEXT ( ( #1262 ) ) GLOBAL_UNIT_ASSIGNED_CONTEXT ( ( #8604, #1966, #5531 ) ) REPRESENTATION_CONTEXT ( 'NONE', 'WORKASPACE' ) );
#3359 = ORIENTED_EDGE ( 'NONE', *, *, #7390, .F. ) ;
#3360 = ORIENTED_EDGE ( 'NONE', *, *, #4335, .T. ) ;
#3361 = SPHERICAL_SURFACE ( 'NONE', #8585, 0.2250000000000000056 ) ;
#3362 = CIRCLE ( 'NONE', #1555, 0.2249999999999999500 ) ;
#3363 = DIRECTION ( 'NONE',  ( -1.000000000000000000, 0.000000000000000000, 0.000000000000000000 ) ) ;
#3364 = MECHANICAL_DESIGN_GEOMETRIC_PRESENTATION_REPRESENTATION (  '', ( #8095 ), #6421 ) ;
#3365 = DIRECTION ( 'NONE',  ( 5.795304382052420359E-16, -1.000000000000000000, 0.000000000000000000 ) ) ;
#3366 = FACE_OUTER_BOUND ( 'NONE', #1930, .T. ) ;
#3367 = ORIENTED_EDGE ( 'NONE', *, *, #7170, .F. ) ;
#3368 = ORIENTED_EDGE ( 'NONE', *, *, #617, .T. ) ;
#3369 = ORIENTED_EDGE ( 'NONE', *, *, #1586, .F. ) ;
#3370 = AXIS2_PLACEMENT_3D ( 'NONE', #4721, #7388, #5419 ) ;
#3371 = DIRECTION ( 'NONE',  ( 0.000000000000000000, 0.000000000000000000, -1.000000000000000000 ) ) ;
#3372 = AXIS2_PLACEMENT_3D ( 'NONE', #8028, #4237, #5599 ) ;
#3373 = CARTESIAN_POINT ( 'NONE',  ( -2.000000000000000000, 0.3499999999999999778, -1.199999999999999956 ) ) ;
#3374 = CARTESIAN_POINT ( 'NONE',  ( 2.000000000000000000, 0.2250000000000040024, 0.4000000000000000222 ) ) ;
#3375 =( NAMED_UNIT ( * ) SI_UNIT ( $, .STERADIAN. ) SOLID_ANGLE_UNIT ( ) );
#3376 = PLANE ( 'NONE',  #3372 ) ;
#3377 = AXIS2_PLACEMENT_3D ( 'NONE', #4924, #2234, #4879 ) ;
#3378 = DIRECTION ( 'NONE',  ( -1.000000000000000000, -6.195440985631453345E-16, 0.000000000000000000 ) ) ;
#3379 = ORIENTED_EDGE ( 'NONE', *, *, #3109, .F. ) ;
#3380 = SPHERICAL_SURFACE ( 'NONE', #2283, 0.2250000000000000056 ) ;
#3381 = EDGE_CURVE ( 'NONE', #1940, #821, #8603, .T. ) ;
#3382 = EDGE_CURVE ( 'NONE', #2924, #8423, #3862, .T. ) ;
#3383 = EDGE_CURVE ( 'NONE', #7534, #844, #1777, .T. ) ;
#3384 = CARTESIAN_POINT ( 'NONE',  ( 0.4000000000000000222, 0.2250000000000030032, 1.199999999999999956 ) ) ;
#3385 = LINE ( 'NONE', #3477, #4895 ) ;
#3386 = CLOSED_SHELL ( 'NONE', ( #7639, #879, #414, #5428, #1462 ) ) ;
#3387 = EDGE_CURVE ( 'NONE', #8481, #2123, #8476, .T. ) ;
#3388 = CARTESIAN_POINT ( 'NONE',  ( 0.4000000000000000222, 0.2250000000000030032, 0.4000000000000000222 ) ) ;
#3389 = ORIENTED_EDGE ( 'NONE', *, *, #5290, .F. ) ;
#3390 = DIRECTION ( 'NONE',  ( 1.000000000000000000, 0.000000000000000000, 0.000000000000000000 ) ) ;
#3391 = ORIENTED_EDGE ( 'NONE', *, *, #5386, .F. ) ;
#3392 = EDGE_CURVE ( 'NONE', #2358, #4158, #5108, .T. ) ;
#3393 = CARTESIAN_POINT ( 'NONE',  ( 5.599999999999999645, 0.3499999999999999778, 4.000000000000000000 ) ) ;
#3394 = FACE_OUTER_BOUND ( 'NONE', #1046, .T. ) ;
#3395 = AXIS2_PLACEMENT_3D ( 'NONE', #475, #8319, #1080 ) ;
#3396 = DIRECTION ( 'NONE',  ( 0.000000000000000000, 1.000000000000000000, 0.000000000000000000 ) ) ;
#3397 = CARTESIAN_POINT ( 'NONE',  ( -3.600000000000000089, 0.2250000000000000056, -3.600000000000000089 ) ) ;
#3398 = ORIENTED_EDGE ( 'NONE', *, *, #7177, .F. ) ;
#3399 = CIRCLE ( 'NONE', #4365, 0.2249999999999999500 ) ;
#3400 = ORIENTED_EDGE ( 'NONE', *, *, #2760, .T. ) ;
#3401 = EDGE_LOOP ( 'NONE', ( #6518, #4103, #3067, #1141 ) ) ;
#3402 = DIRECTION ( 'NONE',  ( 0.000000000000000000, 0.000000000000000000, -1.000000000000000000 ) ) ;
#3403 = DIRECTION ( 'NONE',  ( -0.000000000000000000, -0.000000000000000000, -1.000000000000000000 ) ) ;
#3404 = CARTESIAN_POINT ( 'NONE',  ( 3.600000000000000089, 0.2250000000000049738, -4.400000000000000355 ) ) ;
#3405 = ORIENTED_EDGE ( 'NONE', *, *, #2881, .T. ) ;
#3406 = EDGE_LOOP ( 'NONE', ( #4294, #1228, #7460 ) ) ;
#3407 = ORIENTED_EDGE ( 'NONE', *, *, #4717, .T. ) ;
#3408 = CIRCLE ( 'NONE', #5782, 0.1870828693386989983 ) ;
#3409 = DIRECTION ( 'NONE',  ( -1.000000000000000000, 0.000000000000000000, 0.000000000000000000 ) ) ;
#3410 = CARTESIAN_POINT ( 'NONE',  ( 0.4000000000000000222, 3.008661028647274804E-15, 0.4000000000000000222 ) ) ;
#3411 = DIRECTION ( 'NONE',  ( 0.000000000000000000, 0.000000000000000000, -1.000000000000000000 ) ) ;
#3412 = SURFACE_SIDE_STYLE ('',( #8116 ) ) ;
#3413 = DIRECTION ( 'NONE',  ( 0.000000000000000000, 0.000000000000000000, 1.000000000000000000 ) ) ;
#3414 =( GEOMETRIC_REPRESENTATION_CONTEXT ( 3 ) GLOBAL_UNCERTAINTY_ASSIGNED_CONTEXT ( ( #6482 ) ) GLOBAL_UNIT_ASSIGNED_CONTEXT ( ( #722, #5422, #2741 ) ) REPRESENTATION_CONTEXT ( 'NONE', 'WORKASPACE' ) );
#3415 = AXIS2_PLACEMENT_3D ( 'NONE', #4451, #3965, #1150 ) ;
#3416 = CARTESIAN_POINT ( 'NONE',  ( 2.000000000000000000, 0.2250000000000040024, 2.000000000000000000 ) ) ;
#3417 = ORIENTED_EDGE ( 'NONE', *, *, #28, .T. ) ;
#3418 = EDGE_CURVE ( 'NONE', #7306, #1266, #387, .T. ) ;
#3419 = SURFACE_SIDE_STYLE ('',( #1074 ) ) ;
#3420 = DIRECTION ( 'NONE',  ( 0.000000000000000000, 1.000000000000000000, 0.000000000000000000 ) ) ;
#3421 = MECHANICAL_DESIGN_GEOMETRIC_PRESENTATION_REPRESENTATION (  '', ( #5786 ), #8150 ) ;
#3422 = FACE_OUTER_BOUND ( 'NONE', #7440, .T. ) ;
#3423 =( GEOMETRIC_REPRESENTATION_CONTEXT ( 3 ) GLOBAL_UNCERTAINTY_ASSIGNED_CONTEXT ( ( #1435 ) ) GLOBAL_UNIT_ASSIGNED_CONTEXT ( ( #356, #2532, #8552 ) ) REPRESENTATION_CONTEXT ( 'NONE', 'WORKASPACE' ) );
#3424 = DIRECTION ( 'NONE',  ( -0.000000000000000000, -0.000000000000000000, -1.000000000000000000 ) ) ;
#3425 = DIRECTION ( 'NONE',  ( 0.000000000000000000, 0.000000000000000000, 1.000000000000000000 ) ) ;
#3426 =( NAMED_UNIT ( * ) PLANE_ANGLE_UNIT ( ) SI_UNIT ( $, .RADIAN. ) );
#3427 = AXIS2_PLACEMENT_3D ( 'NONE', #1326, #5827, #8543 ) ;
#3428 =( GEOMETRIC_REPRESENTATION_CONTEXT ( 3 ) GLOBAL_UNCERTAINTY_ASSIGNED_CONTEXT ( ( #5335 ) ) GLOBAL_UNIT_ASSIGNED_CONTEXT ( ( #8404, #7488, #4370 ) ) REPRESENTATION_CONTEXT ( 'NONE', 'WORKASPACE' ) );
#3429 = EDGE_CURVE ( 'NONE', #6559, #2253, #110, .T. ) ;
#3430 = ORIENTED_EDGE ( 'NONE', *, *, #8618, .F. ) ;
#3431 = FACE_OUTER_BOUND ( 'NONE', #1989, .T. ) ;
#3432 = ORIENTED_EDGE ( 'NONE', *, *, #2422, .F. ) ;
#3433 = PRESENTATION_STYLE_ASSIGNMENT (( #3483 ) ) ;
#3434 = EDGE_CURVE ( 'NONE', #3980, #1033, #6217, .T. ) ;
#3435 = AXIS2_PLACEMENT_3D ( 'NONE', #3208, #7164, #549 ) ;
#3436 = AXIS2_PLACEMENT_3D ( 'NONE', #3083, #8447, #5066 ) ;
#3437 = ADVANCED_FACE ( 'NONE', ( #2731 ), #6112, .F. ) ;
#3438 = UNCERTAINTY_MEASURE_WITH_UNIT (LENGTH_MEASURE( 1.000000000000000082E-05 ), #4255, 'distance_accuracy_value', 'NONE');
#3439 = SURFACE_STYLE_USAGE ( .BOTH. , #3353 ) ;
#3440 = DIRECTION ( 'NONE',  ( -0.000000000000000000, -0.000000000000000000, -1.000000000000000000 ) ) ;
#3441 = VERTEX_POINT ( 'NONE', #8112 ) ;
#3442 = ADVANCED_FACE ( 'NONE', ( #2192 ), #2145, .F. ) ;
#3443 = AXIS2_PLACEMENT_3D ( 'NONE', #3975, #6761, #673 ) ;
#3444 = CARTESIAN_POINT ( 'NONE',  ( 2.000000000000000000, 0.2250000000000040024, -2.799999999999999822 ) ) ;
#3445 = CIRCLE ( 'NONE', #1911, 0.1870828693386989983 ) ;
#3446 = ORIENTED_EDGE ( 'NONE', *, *, #8226, .T. ) ;
#3447 = EDGE_CURVE ( 'NONE', #5245, #2226, #5234, .T. ) ;
#3448 = ORIENTED_EDGE ( 'NONE', *, *, #6044, .T. ) ;
#3449 = ORIENTED_EDGE ( 'NONE', *, *, #5404, .F. ) ;
#3450 = FILL_AREA_STYLE_COLOUR ( '', #365 ) ;
#3451 = DIRECTION ( 'NONE',  ( 0.000000000000000000, 0.000000000000000000, 1.000000000000000000 ) ) ;
#3452 = UNCERTAINTY_MEASURE_WITH_UNIT (LENGTH_MEASURE( 1.000000000000000082E-05 ), #7873, 'distance_accuracy_value', 'NONE');
#3453 = DIRECTION ( 'NONE',  ( 5.795304382052420359E-16, -1.000000000000000000, 0.000000000000000000 ) ) ;
#3454 = AXIS2_PLACEMENT_3D ( 'NONE', #4192, #5640, #8297 ) ;
#3455 = AXIS2_PLACEMENT_3D ( 'NONE', #3608, #1433, #4866 ) ;
#3456 = EDGE_CURVE ( 'NONE', #4047, #7701, #5375, .T. ) ;
#3457 = CARTESIAN_POINT ( 'NONE',  ( -2.421384851884295372E-16, 0.3499999999999999778, 5.500000000000000000 ) ) ;
#3458 = FACE_OUTER_BOUND ( 'NONE', #3758, .T. ) ;
#3459 = ORIENTED_EDGE ( 'NONE', *, *, #5627, .T. ) ;
#3460 = ORIENTED_EDGE ( 'NONE', *, *, #937, .T. ) ;
#3461 = EDGE_LOOP ( 'NONE', ( #6227, #2587 ) ) ;
#3462 = CIRCLE ( 'NONE', #816, 0.2249999999999999500 ) ;
#3463 = CARTESIAN_POINT ( 'NONE',  ( 3.412917130661300646, 0.3499999999999998668, -3.600000000000000089 ) ) ;
#3464 = CARTESIAN_POINT ( 'NONE',  ( 2.000000000000000000, 0.3499999999999999778, 2.000000000000000000 ) ) ;
#3465 = DIRECTION ( 'NONE',  ( -1.224646799147353207E-16, -0.000000000000000000, -1.000000000000000000 ) ) ;
#3466 = CARTESIAN_POINT ( 'NONE',  ( -3.375000000000000000, 0.2250000000000000056, 4.400000000000000355 ) ) ;
#3467 = SPHERICAL_SURFACE ( 'NONE', #275, 0.2250000000000000056 ) ;
#3468 = MECHANICAL_DESIGN_GEOMETRIC_PRESENTATION_REPRESENTATION (  '', ( #7227 ), #6375 ) ;
#3469 = AXIS2_PLACEMENT_3D ( 'NONE', #8188, #1481, #5000 ) ;
#3470 = DIRECTION ( 'NONE',  ( 1.000000000000000000, 5.795304382052416415E-16, 0.000000000000000000 ) ) ;
#3471 = VERTEX_POINT ( 'NONE', #13 ) ;
#3472 = FACE_OUTER_BOUND ( 'NONE', #7581, .T. ) ;
#3473 = CIRCLE ( 'NONE', #4998, 0.2250000000000000056 ) ;
#3474 = DIRECTION ( 'NONE',  ( 1.000000000000000000, 0.000000000000000000, 0.000000000000000000 ) ) ;
#3475 = DIRECTION ( 'NONE',  ( 0.000000000000000000, 0.000000000000000000, -1.000000000000000000 ) ) ;
#3476 =( NAMED_UNIT ( * ) PLANE_ANGLE_UNIT ( ) SI_UNIT ( $, .RADIAN. ) );
#3477 = CARTESIAN_POINT ( 'NONE',  ( 4.500000000000007105, -8.999999999999998224, -5.500000000000000000 ) ) ;
#3478 = AXIS2_PLACEMENT_3D ( 'NONE', #2195, #6717, #4108 ) ;
#3479 =( GEOMETRIC_REPRESENTATION_CONTEXT ( 3 ) GLOBAL_UNCERTAINTY_ASSIGNED_CONTEXT ( ( #5173 ) ) GLOBAL_UNIT_ASSIGNED_CONTEXT ( ( #8078, #8616, #5365 ) ) REPRESENTATION_CONTEXT ( 'NONE', 'WORKASPACE' ) );
#3480 = EDGE_LOOP ( 'NONE', ( #8202, #8109, #4245 ) ) ;
#3481 = CARTESIAN_POINT ( 'NONE',  ( 0.4000000000000000222, 0.2250000000000030032, 2.000000000000000000 ) ) ;
#3482 = EDGE_LOOP ( 'NONE', ( #6038, #1407 ) ) ;
#3483 = SURFACE_STYLE_USAGE ( .BOTH. , #6690 ) ;
#3484 = SPHERICAL_SURFACE ( 'NONE', #5115, 0.2250000000000000056 ) ;
#3485 = PRESENTATION_STYLE_ASSIGNMENT (( #1605 ) ) ;
#3486 = EDGE_CURVE ( 'NONE', #6689, #752, #4685, .T. ) ;
#3487 = FILL_AREA_STYLE_COLOUR ( '', #1072 ) ;
#3488 = PLANE ( 'NONE',  #6256 ) ;
#3489 = DIRECTION ( 'NONE',  ( -1.000000000000000000, 0.000000000000000000, 0.000000000000000000 ) ) ;
#3490 = AXIS2_PLACEMENT_3D ( 'NONE', #4253, #3568, #179 ) ;
#3491 = DIRECTION ( 'NONE',  ( -1.000000000000000000, 0.000000000000000000, 0.000000000000000000 ) ) ;
#3492 = EDGE_LOOP ( 'NONE', ( #5874, #1578, #6401 ) ) ;
#3493 = EDGE_CURVE ( 'NONE', #2142, #1543, #4964, .T. ) ;
#3494 = EDGE_LOOP ( 'NONE', ( #4357, #5582, #7975 ) ) ;
#3495 = ORIENTED_EDGE ( 'NONE', *, *, #5231, .F. ) ;
#3496 = ADVANCED_FACE ( 'NONE', ( #4062 ), #4151, .T. ) ;
#3497 = CARTESIAN_POINT ( 'NONE',  ( 3.600000000000000089, 0.2250000000000049738, 4.400000000000000355 ) ) ;
#3498 = EDGE_CURVE ( 'NONE', #5477, #3095, #3445, .T. ) ;
#3499 = CARTESIAN_POINT ( 'NONE',  ( 3.600000000000000089, 4.987329993433320396E-15, -3.600000000000000089 ) ) ;
#3500 = EDGE_CURVE ( 'NONE', #5719, #7497, #5814, .T. ) ;
#3501 = CARTESIAN_POINT ( 'NONE',  ( -2.225000000000000089, 0.2250000000000000056, 2.799999999999999822 ) ) ;
#3502 = CARTESIAN_POINT ( 'NONE',  ( -3.600000000000000089, 0.2250000000000000056, -3.600000000000000089 ) ) ;
#3503 = ORIENTED_EDGE ( 'NONE', *, *, #4811, .T. ) ;
#3504 = EDGE_CURVE ( 'NONE', #8233, #3938, #3508, .T. ) ;
#3505 = ORIENTED_EDGE ( 'NONE', *, *, #4699, .T. ) ;
#3506 = ORIENTED_EDGE ( 'NONE', *, *, #5228, .F. ) ;
#3507 = DIRECTION ( 'NONE',  ( -0.000000000000000000, -0.000000000000000000, -1.000000000000000000 ) ) ;
#3508 = LINE ( 'NONE', #4666, #2053 ) ;
#3509 = DIRECTION ( 'NONE',  ( 1.000000000000000000, 0.000000000000000000, 0.000000000000000000 ) ) ;
#3510 = AXIS2_PLACEMENT_3D ( 'NONE', #3613, #4301, #2261 ) ;
#3511 = COLOUR_RGB ( '',0.7921568627450980005, 0.8196078431372548767, 0.9333333333333333481 ) ;
#3512 = CARTESIAN_POINT ( 'NONE',  ( 0.4000000000000000222, 0.2250000000000030032, -1.199999999999999956 ) ) ;
#3513 =( NAMED_UNIT ( * ) SI_UNIT ( $, .STERADIAN. ) SOLID_ANGLE_UNIT ( ) );
#3514 = SPHERICAL_SURFACE ( 'NONE', #2546, 0.2250000000000000056 ) ;
#3515 = EDGE_LOOP ( 'NONE', ( #5288, #8055, #2034, #5708 ) ) ;
#3516 = AXIS2_PLACEMENT_3D ( 'NONE', #6129, #5532, #5438 ) ;
#3517 = FACE_OUTER_BOUND ( 'NONE', #6608, .T. ) ;
#3518 = CARTESIAN_POINT ( 'NONE',  ( 1.199999999999999956, 0.2250000000000035028, 2.000000000000000000 ) ) ;
#3519 = CARTESIAN_POINT ( 'NONE',  ( 0.1750000000000000167, 0.2250000000000030032, 2.000000000000000000 ) ) ;
#3520 = AXIS2_PLACEMENT_3D ( 'NONE', #3293, #4382, #3657 ) ;
#3521 = CIRCLE ( 'NONE', #6561, 0.1870828693386989983 ) ;
#3522 =( LENGTH_UNIT ( ) NAMED_UNIT ( * ) SI_UNIT ( .MILLI., .METRE. ) );
#3523 = ORIENTED_EDGE ( 'NONE', *, *, #2474, .F. ) ;
#3524 = CARTESIAN_POINT ( 'NONE',  ( 3.600000000000000089, 0.2250000000000049738, 4.400000000000000355 ) ) ;
#3525 = ORIENTED_EDGE ( 'NONE', *, *, #3700, .F. ) ;
#3526 =( NAMED_UNIT ( * ) PLANE_ANGLE_UNIT ( ) SI_UNIT ( $, .RADIAN. ) );
#3527 =( NAMED_UNIT ( * ) PLANE_ANGLE_UNIT ( ) SI_UNIT ( $, .RADIAN. ) );
#3528 = DIRECTION ( 'NONE',  ( 5.795304382052420359E-16, -1.000000000000000000, 0.000000000000000000 ) ) ;
#3529 = FILL_AREA_STYLE ('',( #5262 ) ) ;
#3530 = DIRECTION ( 'NONE',  ( -1.000000000000000000, 0.000000000000000000, 2.409338161078899180E-16 ) ) ;
#3531 = CARTESIAN_POINT ( 'NONE',  ( -1.812917130661301002, 0.3500000000000000888, 2.799999999999999822 ) ) ;
#3532 = ORIENTED_EDGE ( 'NONE', *, *, #5027, .T. ) ;
#3533 = ORIENTED_EDGE ( 'NONE', *, *, #773, .T. ) ;
#3534 = EDGE_LOOP ( 'NONE', ( #7231, #8558, #6918, #6268 ) ) ;
#3535 = SURFACE_STYLE_USAGE ( .BOTH. , #7573 ) ;
#3536 = CLOSED_SHELL ( 'NONE', ( #134, #989, #1572, #8060, #4933 ) ) ;
#3537 = DIRECTION ( 'NONE',  ( 5.795304382052420359E-16, -1.000000000000000000, 0.000000000000000000 ) ) ;
#3538 = UNCERTAINTY_MEASURE_WITH_UNIT (LENGTH_MEASURE( 1.000000000000000082E-05 ), #649, 'distance_accuracy_value', 'NONE');
#3539 = DIRECTION ( 'NONE',  ( -1.224646799147353207E-16, -0.000000000000000000, -1.000000000000000000 ) ) ;
#3540 = CARTESIAN_POINT ( 'NONE',  ( -2.799999999999999822, 0.3499999999999999778, 4.400000000000000355 ) ) ;
#3541 = CIRCLE ( 'NONE', #6442, 0.2250000000000000056 ) ;
#3542 = DIRECTION ( 'NONE',  ( -0.000000000000000000, -0.000000000000000000, -1.000000000000000000 ) ) ;
#3543 = ADVANCED_FACE ( 'NONE', ( #6669 ), #8074, .T. ) ;
#3544 = ORIENTED_EDGE ( 'NONE', *, *, #6456, .T. ) ;
#3545 = EDGE_CURVE ( 'NONE', #3012, #7198, #7202, .T. ) ;
#3546 = ORIENTED_EDGE ( 'NONE', *, *, #8520, .F. ) ;
#3547 = ORIENTED_EDGE ( 'NONE', *, *, #2272, .T. ) ;
#3548 = CARTESIAN_POINT ( 'NONE',  ( -0.2129171306613004966, 0.3500000000000000888, -2.799999999999999822 ) ) ;
#3549 = PLANE ( 'NONE',  #385 ) ;
#3550 = LINE ( 'NONE', #2831, #7311 ) ;
#3551 = EDGE_CURVE ( 'NONE', #2134, #4147, #6774, .T. ) ;
#3552 = CARTESIAN_POINT ( 'NONE',  ( 0.1750000000000000167, 0.2250000000000030032, 1.199999999999999956 ) ) ;
#3553 = ORIENTED_EDGE ( 'NONE', *, *, #2968, .F. ) ;
#3554 = AXIS2_PLACEMENT_3D ( 'NONE', #2062, #4191, #4714 ) ;
#3555 = ADVANCED_FACE ( 'NONE', ( #7382 ), #5359, .T. ) ;
#3556 = ADVANCED_FACE ( 'NONE', ( #6065 ), #2240, .T. ) ;
#3557 = DIRECTION ( 'NONE',  ( -1.000000000000000000, 0.000000000000000000, 0.000000000000000000 ) ) ;
#3558 = SPHERICAL_SURFACE ( 'NONE', #2320, 0.2250000000000000056 ) ;
#3559 = CARTESIAN_POINT ( 'NONE',  ( -0.4000000000000000222, 0.2250000000000024758, 1.199999999999999956 ) ) ;
#3560 = CIRCLE ( 'NONE', #3963, 0.2249999999999999500 ) ;
#3561 = VERTEX_POINT ( 'NONE', #1063 ) ;
#3562 =( GEOMETRIC_REPRESENTATION_CONTEXT ( 3 ) GLOBAL_UNCERTAINTY_ASSIGNED_CONTEXT ( ( #6740 ) ) GLOBAL_UNIT_ASSIGNED_CONTEXT ( ( #7672, #7810, #1019 ) ) REPRESENTATION_CONTEXT ( 'NONE', 'WORKASPACE' ) );
#3563 = CIRCLE ( 'NONE', #5787, 0.1870828693386989428 ) ;
#3564 = CARTESIAN_POINT ( 'NONE',  ( 0.4000000000000000222, 0.2250000000000030032, 2.799999999999999822 ) ) ;
#3565 = VERTEX_POINT ( 'NONE', #5012 ) ;
#3566 = SPHERICAL_SURFACE ( 'NONE', #2773, 0.2250000000000000056 ) ;
#3567 = SURFACE_STYLE_FILL_AREA ( #3653 ) ;
#3568 = DIRECTION ( 'NONE',  ( 0.000000000000000000, 1.000000000000000000, 0.000000000000000000 ) ) ;
#3569 = COLOUR_RGB ( '',0.7921568627450980005, 0.8196078431372548767, 0.9333333333333333481 ) ;
#3570 = DIRECTION ( 'NONE',  ( 5.795304382052420359E-16, -1.000000000000000000, 0.000000000000000000 ) ) ;
#3571 = DIRECTION ( 'NONE',  ( -1.000000000000000000, 0.000000000000000000, 0.000000000000000000 ) ) ;
#3572 = ORIENTED_EDGE ( 'NONE', *, *, #5395, .F. ) ;
#3573 = VERTEX_POINT ( 'NONE', #1719 ) ;
#3574 = ORIENTED_EDGE ( 'NONE', *, *, #1257, .F. ) ;
#3575 = CIRCLE ( 'NONE', #6479, 0.2249999999999999500 ) ;
#3576 = AXIS2_PLACEMENT_3D ( 'NONE', #4734, #7309, #6002 ) ;
#3577 = DIRECTION ( 'NONE',  ( 1.000000000000000000, 0.000000000000000000, 0.000000000000000000 ) ) ;
#3578 = CIRCLE ( 'NONE', #4678, 0.2249999999999999500 ) ;
#3579 = AXIS2_PLACEMENT_3D ( 'NONE', #4939, #8401, #5063 ) ;
#3580 = DIRECTION ( 'NONE',  ( -1.000000000000000000, 0.000000000000000000, 0.000000000000000000 ) ) ;
#3581 = CARTESIAN_POINT ( 'NONE',  ( 2.000000000000000000, 0.2250000000000040024, 1.199999999999999956 ) ) ;
#3582 = ORIENTED_EDGE ( 'NONE', *, *, #8472, .T. ) ;
#3583 = EDGE_LOOP ( 'NONE', ( #3141, #885, #3417, #7430 ) ) ;
#3584 = ORIENTED_EDGE ( 'NONE', *, *, #5281, .T. ) ;
#3585 = AXIS2_PLACEMENT_3D ( 'NONE', #3502, #2641, #796 ) ;
#3586 = AXIS2_PLACEMENT_3D ( 'NONE', #7423, #2015, #5309 ) ;
#3587 = CARTESIAN_POINT ( 'NONE',  ( -3.600000000000000089, 0.2250000000000000056, 3.600000000000000089 ) ) ;
#3588 = DIRECTION ( 'NONE',  ( 1.000000000000000000, 0.000000000000000000, 0.000000000000000000 ) ) ;
#3589 = CARTESIAN_POINT ( 'NONE',  ( 0.5870828693386989094, 0.3500000000000000888, 2.000000000000000000 ) ) ;
#3590 = EDGE_CURVE ( 'NONE', #5256, #1018, #6078, .T. ) ;
#3591 = AXIS2_PLACEMENT_3D ( 'NONE', #7112, #8486, #2501 ) ;
#3592 = AXIS2_PLACEMENT_3D ( 'NONE', #7355, #455, #643 ) ;
#3593 = DIRECTION ( 'NONE',  ( -0.000000000000000000, -0.000000000000000000, -1.000000000000000000 ) ) ;
#3594 = ADVANCED_FACE ( 'NONE', ( #5055 ), #2948, .T. ) ;
#3595 = DIRECTION ( 'NONE',  ( 1.000000000000000000, 0.000000000000000000, 0.000000000000000000 ) ) ;
#3596 =( GEOMETRIC_REPRESENTATION_CONTEXT ( 3 ) GLOBAL_UNCERTAINTY_ASSIGNED_CONTEXT ( ( #7011 ) ) GLOBAL_UNIT_ASSIGNED_CONTEXT ( ( #3609, #868, #6213 ) ) REPRESENTATION_CONTEXT ( 'NONE', 'WORKASPACE' ) );
#3597 = CIRCLE ( 'NONE', #7215, 0.2250000000000000056 ) ;
#3598 = CARTESIAN_POINT ( 'NONE',  ( 2.000000000000000000, 4.011548038196366406E-15, 0.4000000000000000222 ) ) ;
#3599 = ADVANCED_FACE ( 'NONE', ( #6848 ), #889, .T. ) ;
#3600 = DIRECTION ( 'NONE',  ( -1.000000000000000000, 0.000000000000000000, 0.000000000000000000 ) ) ;
#3601 = EDGE_CURVE ( 'NONE', #307, #1030, #8324, .T. ) ;
#3602 = ORIENTED_EDGE ( 'NONE', *, *, #1048, .F. ) ;
#3603 = PRESENTATION_LAYER_ASSIGNMENT (  '', '', ( #8049 ) ) ;
#3604 = AXIS2_PLACEMENT_3D ( 'NONE', #8006, #2764, #2715 ) ;
#3605 = ORIENTED_EDGE ( 'NONE', *, *, #8284, .F. ) ;
#3606 = DIRECTION ( 'NONE',  ( -1.000000000000000000, 0.000000000000000000, 0.000000000000000000 ) ) ;
#3607 = VERTEX_POINT ( 'NONE', #3548 ) ;
#3608 = CARTESIAN_POINT ( 'NONE',  ( 2.799999999999999822, 0.2250000000000045020, -4.400000000000000355 ) ) ;
#3609 =( LENGTH_UNIT ( ) NAMED_UNIT ( * ) SI_UNIT ( .MILLI., .METRE. ) );
#3610 = CARTESIAN_POINT ( 'NONE',  ( -2.000000000000000000, 0.2250000000000000056, 0.4000000000000000222 ) ) ;
#3611 = CIRCLE ( 'NONE', #7919, 0.2249999999999999500 ) ;
#3612 = DIRECTION ( 'NONE',  ( -0.000000000000000000, -0.000000000000000000, -1.000000000000000000 ) ) ;
#3613 = CARTESIAN_POINT ( 'NONE',  ( -1.199999999999999956, 0.2250000000000000056, 0.4000000000000000222 ) ) ;
#3614 = CARTESIAN_POINT ( 'NONE',  ( -2.000000000000000000, 0.2250000000000000056, 1.199999999999999956 ) ) ;
#3615 = ORIENTED_EDGE ( 'NONE', *, *, #5158, .T. ) ;
#3616 = VERTEX_POINT ( 'NONE', #8389 ) ;
#3617 = EDGE_LOOP ( 'NONE', ( #6768, #1451, #8283 ) ) ;
#3618 = PRESENTATION_LAYER_ASSIGNMENT (  '', '', ( #561 ) ) ;
#3619 = MECHANICAL_DESIGN_GEOMETRIC_PRESENTATION_REPRESENTATION (  '', ( #3341 ), #6133 ) ;
#3620 = CARTESIAN_POINT ( 'NONE',  ( -1.199999999999999956, 0.2250000000000000056, -1.199999999999999956 ) ) ;
#3621 = CARTESIAN_POINT ( 'NONE',  ( -2.799999999999999822, 0.3499999999999999778, 3.600000000000000089 ) ) ;
#3622 = UNCERTAINTY_MEASURE_WITH_UNIT (LENGTH_MEASURE( 1.000000000000000082E-05 ), #5152, 'distance_accuracy_value', 'NONE');
#3623 = PRESENTATION_STYLE_ASSIGNMENT (( #3665 ) ) ;
#3624 = DIRECTION ( 'NONE',  ( 5.795304382052420359E-16, -1.000000000000000000, 0.000000000000000000 ) ) ;
#3625 = CARTESIAN_POINT ( 'NONE',  ( 2.000000000000000000, 0.2250000000000040024, 2.799999999999999822 ) ) ;
#3626 = ORIENTED_EDGE ( 'NONE', *, *, #3078, .T. ) ;
#3627 = ADVANCED_FACE ( 'NONE', ( #5682 ), #4972, .T. ) ;
#3628 = EDGE_LOOP ( 'NONE', ( #8268, #720, #4417 ) ) ;
#3629 = ORIENTED_EDGE ( 'NONE', *, *, #7904, .F. ) ;
#3630 = DIRECTION ( 'NONE',  ( -1.224646799147353207E-16, -0.000000000000000000, -1.000000000000000000 ) ) ;
#3631 = CARTESIAN_POINT ( 'NONE',  ( -0.1750000000000000167, 0.2250000000000024758, 2.000000000000000000 ) ) ;
#3632 = CARTESIAN_POINT ( 'NONE',  ( -0.4000000000000000222, 0.2250000000000024758, -2.799999999999999822 ) ) ;
#3633 = CARTESIAN_POINT ( 'NONE',  ( 2.000000000000000000, 0.3499999999999999778, -0.4000000000000000222 ) ) ;
#3634 = SPHERICAL_SURFACE ( 'NONE', #591, 0.2250000000000000056 ) ;
#3635 = ORIENTED_EDGE ( 'NONE', *, *, #6197, .T. ) ;
#3636 = AXIS2_PLACEMENT_3D ( 'NONE', #6439, #7103, #489 ) ;
#3637 = CARTESIAN_POINT ( 'NONE',  ( -2.799999999999999822, 0.2250000000000000056, -4.400000000000000355 ) ) ;
#3638 = DIRECTION ( 'NONE',  ( -0.000000000000000000, -0.000000000000000000, -1.000000000000000000 ) ) ;
#3639 = DIRECTION ( 'NONE',  ( -1.000000000000000000, 0.000000000000000000, 0.000000000000000000 ) ) ;
#3640 = DIRECTION ( 'NONE',  ( 0.000000000000000000, 1.000000000000000000, 0.000000000000000000 ) ) ;
#3641 = AXIS2_PLACEMENT_3D ( 'NONE', #4646, #220, #1480 ) ;
#3642 = AXIS2_PLACEMENT_3D ( 'NONE', #254, #3640, #291 ) ;
#3643 = VERTEX_POINT ( 'NONE', #2278 ) ;
#3644 = ORIENTED_EDGE ( 'NONE', *, *, #4494, .T. ) ;
#3645 = ADVANCED_FACE ( 'NONE', ( #1629 ), #7633, .T. ) ;
#3646 = EDGE_CURVE ( 'NONE', #5344, #7785, #5672, .T. ) ;
#3647 = DIRECTION ( 'NONE',  ( 0.000000000000000000, 0.000000000000000000, -1.000000000000000000 ) ) ;
#3648 = ORIENTED_EDGE ( 'NONE', *, *, #5934, .T. ) ;
#3649 = DIRECTION ( 'NONE',  ( -0.000000000000000000, -0.000000000000000000, -1.000000000000000000 ) ) ;
#3650 = CIRCLE ( 'NONE', #4470, 0.2249999999999999500 ) ;
#3651 = CIRCLE ( 'NONE', #8540, 0.1870828693386994146 ) ;
#3652 = CARTESIAN_POINT ( 'NONE',  ( -4.499999999999992006, -9.000000000000003553, 5.500000000000000000 ) ) ;
#3653 = FILL_AREA_STYLE ('',( #2127 ) ) ;
#3654 = DIRECTION ( 'NONE',  ( -1.000000000000000000, 0.000000000000000000, 0.000000000000000000 ) ) ;
#3655 = FILL_AREA_STYLE ('',( #4953 ) ) ;
#3656 = ADVANCED_FACE ( 'NONE', ( #1584 ), #4359, .T. ) ;
#3657 = DIRECTION ( 'NONE',  ( -1.000000000000000000, 0.000000000000000000, 0.000000000000000000 ) ) ;
#3658 = AXIS2_PLACEMENT_3D ( 'NONE', #5303, #191, #4268 ) ;
#3659 = SPHERICAL_SURFACE ( 'NONE', #7780, 0.2250000000000000056 ) ;
#3660 = VERTEX_POINT ( 'NONE', #3631 ) ;
#3661 = EDGE_CURVE ( 'NONE', #5247, #307, #4410, .T. ) ;
#3662 = EDGE_LOOP ( 'NONE', ( #4851, #3695, #8576, #3777 ) ) ;
#3663 = EDGE_LOOP ( 'NONE', ( #709, #6746, #6207, #1717 ) ) ;
#3664 = DIRECTION ( 'NONE',  ( -0.000000000000000000, -0.000000000000000000, -1.000000000000000000 ) ) ;
#3665 = SURFACE_STYLE_USAGE ( .BOTH. , #1670 ) ;
#3666 = SURFACE_SIDE_STYLE ('',( #1011 ) ) ;
#3667 = SPHERICAL_SURFACE ( 'NONE', #1698, 0.2250000000000000056 ) ;
#3668 = DIRECTION ( 'NONE',  ( 0.000000000000000000, 1.000000000000000000, 0.000000000000000000 ) ) ;
#3669 = ORIENTED_EDGE ( 'NONE', *, *, #7168, .T. ) ;
#3670 = CLOSED_SHELL ( 'NONE', ( #783, #6934, #7121, #5932, #3768 ) ) ;
#3671 = VERTEX_POINT ( 'NONE', #7020 ) ;
#3672 = ORIENTED_EDGE ( 'NONE', *, *, #6833, .T. ) ;
#3673 = CARTESIAN_POINT ( 'NONE',  ( 2.799999999999999822, 0.3499999999999999778, -3.600000000000000089 ) ) ;
#3674 = CARTESIAN_POINT ( 'NONE',  ( 1.199999999999999956, 0.2250000000000035028, -0.4000000000000000222 ) ) ;
#3675 = FACE_OUTER_BOUND ( 'NONE', #256, .T. ) ;
#3676 = CIRCLE ( 'NONE', #2860, 0.2250000000000000056 ) ;
#3677 = DIRECTION ( 'NONE',  ( 1.000000000000000000, 5.795304382052416415E-16, 0.000000000000000000 ) ) ;
#3678 = DIRECTION ( 'NONE',  ( -1.224646799147353207E-16, -0.000000000000000000, -1.000000000000000000 ) ) ;
#3679 = ORIENTED_EDGE ( 'NONE', *, *, #6783, .T. ) ;
#3680 = DIRECTION ( 'NONE',  ( -1.000000000000000000, 0.000000000000000000, 2.409338161078899180E-16 ) ) ;
#3681 = DIRECTION ( 'NONE',  ( 0.000000000000000000, 0.000000000000000000, 1.000000000000000000 ) ) ;
#3682 = CARTESIAN_POINT ( 'NONE',  ( 2.799999999999999822, 0.2250000000000045020, -3.600000000000000089 ) ) ;
#3683 = SURFACE_SIDE_STYLE ('',( #1554 ) ) ;
#3684 = EDGE_LOOP ( 'NONE', ( #2716, #1399, #1876, #7582 ) ) ;
#3685 = VERTEX_POINT ( 'NONE', #324 ) ;
#3686 = DIRECTION ( 'NONE',  ( 0.000000000000000000, 1.000000000000000000, 0.000000000000000000 ) ) ;
#3687 = VERTEX_POINT ( 'NONE', #237 ) ;
#3688 = FACE_OUTER_BOUND ( 'NONE', #3023, .T. ) ;
#3689 = AXIS2_PLACEMENT_3D ( 'NONE', #6945, #3773, #466 ) ;
#3690 = CARTESIAN_POINT ( 'NONE',  ( 3.600000000000000089, 0.2250000000000049738, -4.400000000000000355 ) ) ;
#3691 = ADVANCED_FACE ( 'NONE', ( #4886 ), #7552, .T. ) ;
#3692 = DIRECTION ( 'NONE',  ( -1.224646799147353207E-16, -0.000000000000000000, -1.000000000000000000 ) ) ;
#3693 = CIRCLE ( 'NONE', #3285, 0.1870828693386994146 ) ;
#3694 = CARTESIAN_POINT ( 'NONE',  ( 2.000000000000000000, 0.2250000000000040024, -1.199999999999999956 ) ) ;
#3695 = ORIENTED_EDGE ( 'NONE', *, *, #3498, .T. ) ;
#3696 = EDGE_CURVE ( 'NONE', #752, #6689, #4267, .T. ) ;
#3697 = VERTEX_POINT ( 'NONE', #1806 ) ;
#3698 = ORIENTED_EDGE ( 'NONE', *, *, #5641, .F. ) ;
#3699 = DIRECTION ( 'NONE',  ( -0.000000000000000000, -0.000000000000000000, -1.000000000000000000 ) ) ;
#3700 = EDGE_CURVE ( 'NONE', #6990, #268, #3036, .T. ) ;
#3701 = STYLED_ITEM ( 'NONE', ( #5792 ), #2644 ) ;
#3702 = SPHERICAL_SURFACE ( 'NONE', #6089, 0.2250000000000000056 ) ;
#3703 = AXIS2_PLACEMENT_3D ( 'NONE', #1232, #6491, #1964 ) ;
#3704 = UNCERTAINTY_MEASURE_WITH_UNIT (LENGTH_MEASURE( 1.000000000000000082E-05 ), #858, 'distance_accuracy_value', 'NONE');
#3705 = DIRECTION ( 'NONE',  ( 0.000000000000000000, 1.000000000000000000, 0.000000000000000000 ) ) ;
#3706 = CARTESIAN_POINT ( 'NONE',  ( -0.4000000000000000222, 0.2250000000000024758, -1.199999999999999956 ) ) ;
#3707 = EDGE_CURVE ( 'NONE', #1940, #5996, #1499, .T. ) ;
#3708 = DIRECTION ( 'NONE',  ( 1.000000000000000000, 5.795304382052429234E-16, 0.000000000000000000 ) ) ;
#3709 = ADVANCED_FACE ( 'NONE', ( #7811 ), #1335, .F. ) ;
#3710 = FACE_OUTER_BOUND ( 'NONE', #5380, .T. ) ;
#3711 = AXIS2_PLACEMENT_3D ( 'NONE', #4560, #7485, #8044 ) ;
#3712 = ORIENTED_EDGE ( 'NONE', *, *, #7574, .T. ) ;
#3713 = AXIS2_PLACEMENT_3D ( 'NONE', #3137, #5795, #8474 ) ;
#3714 = ORIENTED_EDGE ( 'NONE', *, *, #6564, .F. ) ;
#3715 = ORIENTED_EDGE ( 'NONE', *, *, #2930, .T. ) ;
#3716 = DIRECTION ( 'NONE',  ( -1.000000000000000000, 0.000000000000000000, 0.000000000000000000 ) ) ;
#3717 = DIRECTION ( 'NONE',  ( 5.795304382052420359E-16, -1.000000000000000000, 0.000000000000000000 ) ) ;
#3718 = CIRCLE ( 'NONE', #6074, 0.2249999999999999500 ) ;
#3719 = SURFACE_SIDE_STYLE ('',( #6450 ) ) ;
#3720 = DIRECTION ( 'NONE',  ( -1.000000000000000000, 0.000000000000000000, 0.000000000000000000 ) ) ;
#3721 = DIRECTION ( 'NONE',  ( -0.000000000000000000, -0.000000000000000000, -1.000000000000000000 ) ) ;
#3722 = ORIENTED_EDGE ( 'NONE', *, *, #8004, .T. ) ;
#3723 = AXIS2_PLACEMENT_3D ( 'NONE', #5310, #6153, #200 ) ;
#3724 = AXIS2_PLACEMENT_3D ( 'NONE', #4024, #7335, #4797 ) ;
#3725 = CARTESIAN_POINT ( 'NONE',  ( -1.199999999999999956, 0.3499999999999999778, -0.4000000000000000222 ) ) ;
#3726 = SPHERICAL_SURFACE ( 'NONE', #4406, 0.2250000000000000056 ) ;
#3727 = DIRECTION ( 'NONE',  ( -1.000000000000000000, 0.000000000000000000, 0.000000000000000000 ) ) ;
#3728 = PRESENTATION_STYLE_ASSIGNMENT (( #2461 ) ) ;
#3729 = DIRECTION ( 'NONE',  ( -0.000000000000000000, -0.000000000000000000, -1.000000000000000000 ) ) ;
#3730 = AXIS2_PLACEMENT_3D ( 'NONE', #6615, #6749, #7452 ) ;
#3731 = AXIS2_PLACEMENT_3D ( 'NONE', #83, #2500, #7716 ) ;
#3732 = ORIENTED_EDGE ( 'NONE', *, *, #460, .T. ) ;
#3733 = ORIENTED_EDGE ( 'NONE', *, *, #1841, .F. ) ;
#3734 = FACE_OUTER_BOUND ( 'NONE', #8293, .T. ) ;
#3735 = MECHANICAL_DESIGN_GEOMETRIC_PRESENTATION_REPRESENTATION (  '', ( #2205 ), #684 ) ;
#3736 = AXIS2_PLACEMENT_3D ( 'NONE', #2979, #5094, #4521 ) ;
#3737 = DIRECTION ( 'NONE',  ( 0.000000000000000000, 1.000000000000000000, 0.000000000000000000 ) ) ;
#3738 = PLANE ( 'NONE',  #4415 ) ;
#3739 = SURFACE_SIDE_STYLE ('',( #7137 ) ) ;
#3740 = DIRECTION ( 'NONE',  ( 6.918242433955120338E-16, -1.000000000000000000, 0.000000000000000000 ) ) ;
#3741 = AXIS2_PLACEMENT_3D ( 'NONE', #3986, #2028, #3907 ) ;
#3742 = CIRCLE ( 'NONE', #8624, 0.2250000000000000056 ) ;
#3743 = PLANE ( 'NONE',  #5740 ) ;
#3744 = CARTESIAN_POINT ( 'NONE',  ( 0.4000000000000000222, 0.2250000000000030032, -2.000000000000000000 ) ) ;
#3745 = ORIENTED_EDGE ( 'NONE', *, *, #7613, .F. ) ;
#3746 = ORIENTED_EDGE ( 'NONE', *, *, #8606, .F. ) ;
#3747 = ORIENTED_EDGE ( 'NONE', *, *, #5579, .T. ) ;
#3748 = EDGE_CURVE ( 'NONE', #1018, #5256, #1647, .T. ) ;
#3749 = CARTESIAN_POINT ( 'NONE',  ( -2.000000000000000000, 0.2250000000000000056, -1.199999999999999956 ) ) ;
#3750 = AXIS2_PLACEMENT_3D ( 'NONE', #1255, #8586, #2619 ) ;
#3751 = SURFACE_SIDE_STYLE ('',( #6351 ) ) ;
#3752 = PRESENTATION_STYLE_ASSIGNMENT (( #5796 ) ) ;
#3753 = FACE_OUTER_BOUND ( 'NONE', #7809, .T. ) ;
#3754 = AXIS2_PLACEMENT_3D ( 'NONE', #4396, #5877, #8428 ) ;
#3755 = DIRECTION ( 'NONE',  ( 0.000000000000000000, 0.000000000000000000, 1.000000000000000000 ) ) ;
#3756 = STYLED_ITEM ( 'NONE', ( #5016 ), #5369 ) ;
#3757 = ORIENTED_EDGE ( 'NONE', *, *, #8522, .T. ) ;
#3758 = EDGE_LOOP ( 'NONE', ( #2333, #5622, #6309 ) ) ;
#3759 = ORIENTED_EDGE ( 'NONE', *, *, #2873, .F. ) ;
#3760 = EDGE_CURVE ( 'NONE', #2123, #8481, #7617, .T. ) ;
#3761 = ADVANCED_FACE ( 'NONE', ( #8634 ), #7770, .T. ) ;
#3762 = EDGE_CURVE ( 'NONE', #7545, #7018, #1089, .T. ) ;
#3763 = CARTESIAN_POINT ( 'NONE',  ( -2.000000000000000000, 0.2250000000000000056, -0.4000000000000000222 ) ) ;
#3764 = PRODUCT_RELATED_PRODUCT_CATEGORY ( 'part', '', ( #3299 ) ) ;
#3765 = CIRCLE ( 'NONE', #1538, 0.2250000000000000056 ) ;
#3766 = DIRECTION ( 'NONE',  ( 1.000000000000000000, 0.000000000000000000, 0.000000000000000000 ) ) ;
#3767 = DIRECTION ( 'NONE',  ( -1.000000000000000000, 0.000000000000000000, 0.000000000000000000 ) ) ;
#3768 = ADVANCED_FACE ( 'NONE', ( #4403 ), #1110, .T. ) ;
#3769 = CARTESIAN_POINT ( 'NONE',  ( 1.199999999999999956, 3.496552006265751800E-15, 1.199999999999999956 ) ) ;
#3770 = EDGE_CURVE ( 'NONE', #2012, #3441, #8037, .T. ) ;
#3771 = DIRECTION ( 'NONE',  ( -0.000000000000000000, -0.000000000000000000, -1.000000000000000000 ) ) ;
#3772 = DIRECTION ( 'NONE',  ( -0.000000000000000000, -0.000000000000000000, -1.000000000000000000 ) ) ;
#3773 = DIRECTION ( 'NONE',  ( -0.000000000000000000, -0.000000000000000000, -1.000000000000000000 ) ) ;
#3774 = DIRECTION ( 'NONE',  ( -0.000000000000000000, -0.000000000000000000, -1.000000000000000000 ) ) ;
#3775 = CARTESIAN_POINT ( 'NONE',  ( -3.375000000000000000, 0.2250000000000000056, 3.600000000000000089 ) ) ;
#3776 = CARTESIAN_POINT ( 'NONE',  ( -1.199999999999999956, 0.2250000000000000056, -1.199999999999999956 ) ) ;
#3777 = ORIENTED_EDGE ( 'NONE', *, *, #4065, .T. ) ;
#3778 = COLOUR_RGB ( '',0.7921568627450980005, 0.8196078431372548767, 0.9333333333333333481 ) ;
#3779 = ORIENTED_EDGE ( 'NONE', *, *, #8262, .F. ) ;
#3780 = CARTESIAN_POINT ( 'NONE',  ( -0.4000000000000000222, 0.2250000000000024758, -2.000000000000000000 ) ) ;
#3781 =( NAMED_UNIT ( * ) PLANE_ANGLE_UNIT ( ) SI_UNIT ( $, .RADIAN. ) );
#3782 = SPHERICAL_SURFACE ( 'NONE', #5681, 0.2250000000000000056 ) ;
#3783 = AXIS2_PLACEMENT_3D ( 'NONE', #8052, #698, #4736 ) ;
#3784 = AXIS2_PLACEMENT_3D ( 'NONE', #4342, #5038, #5660 ) ;
#3785 = SURFACE_STYLE_USAGE ( .BOTH. , #6999 ) ;
#3786 = SURFACE_SIDE_STYLE ('',( #4508 ) ) ;
#3787 = CARTESIAN_POINT ( 'NONE',  ( -1.199999999999999956, 0.2250000000000000056, -0.4000000000000000222 ) ) ;
#3788 = ORIENTED_EDGE ( 'NONE', *, *, #8226, .F. ) ;
#3789 = AXIS2_PLACEMENT_3D ( 'NONE', #5039, #1701, #630 ) ;
#3790 = AXIS2_PLACEMENT_3D ( 'NONE', #2996, #6948, #3600 ) ;
#3791 = SPHERICAL_SURFACE ( 'NONE', #4772, 0.2250000000000000056 ) ;
#3792 = ORIENTED_EDGE ( 'NONE', *, *, #4484, .T. ) ;
#3793 = SURFACE_STYLE_USAGE ( .BOTH. , #7621 ) ;
#3794 = SPHERICAL_SURFACE ( 'NONE', #762, 0.2250000000000000056 ) ;
#3795 =( NAMED_UNIT ( * ) PLANE_ANGLE_UNIT ( ) SI_UNIT ( $, .RADIAN. ) );
#3796 = UNCERTAINTY_MEASURE_WITH_UNIT (LENGTH_MEASURE( 1.000000000000000082E-05 ), #4351, 'distance_accuracy_value', 'NONE');
#3797 =( NAMED_UNIT ( * ) SI_UNIT ( $, .STERADIAN. ) SOLID_ANGLE_UNIT ( ) );
#3798 = AXIS2_PLACEMENT_3D ( 'NONE', #7855, #2551, #1233 ) ;
#3799 = DIRECTION ( 'NONE',  ( -0.000000000000000000, -0.000000000000000000, -1.000000000000000000 ) ) ;
#3800 = DIRECTION ( 'NONE',  ( 5.795304382052420359E-16, -1.000000000000000000, 0.000000000000000000 ) ) ;
#3801 = EDGE_LOOP ( 'NONE', ( #3733, #2674 ) ) ;
#3802 = ORIENTED_EDGE ( 'NONE', *, *, #4377, .F. ) ;
#3803 = ORIENTED_EDGE ( 'NONE', *, *, #3073, .F. ) ;
#3804 = DIRECTION ( 'NONE',  ( -1.224646799147353207E-16, -0.000000000000000000, -1.000000000000000000 ) ) ;
#3805 = CARTESIAN_POINT ( 'NONE',  ( -2.000000000000000000, 0.2250000000000000056, -1.199999999999999956 ) ) ;
#3806 = CARTESIAN_POINT ( 'NONE',  ( 1.199999999999999956, 0.2250000000000035028, 1.199999999999999956 ) ) ;
#3807 = EDGE_CURVE ( 'NONE', #6294, #7507, #6083, .T. ) ;
#3808 = CARTESIAN_POINT ( 'NONE',  ( -1.199999999999999956, 0.3499999999999999778, 2.799999999999999822 ) ) ;
#3809 = EDGE_CURVE ( 'NONE', #1627, #2705, #4000, .T. ) ;
#3810 = CLOSED_SHELL ( 'NONE', ( #1570, #7157, #923, #544, #939 ) ) ;
#3811 = DIRECTION ( 'NONE',  ( 5.795304382052420359E-16, -1.000000000000000000, 0.000000000000000000 ) ) ;
#3812 = DIRECTION ( 'NONE',  ( -0.000000000000000000, -0.000000000000000000, -1.000000000000000000 ) ) ;
#3813 = FACE_OUTER_BOUND ( 'NONE', #3069, .T. ) ;
#3814 = AXIS2_PLACEMENT_3D ( 'NONE', #7298, #2073, #1378 ) ;
#3815 = ADVANCED_FACE ( 'NONE', ( #4042 ), #1146, .F. ) ;
#3816 = FACE_OUTER_BOUND ( 'NONE', #5431, .T. ) ;
#3817 = SURFACE_STYLE_USAGE ( .BOTH. , #4459 ) ;
#3818 = CARTESIAN_POINT ( 'NONE',  ( 2.987082869338699265, 0.3500000000000000888, 4.400000000000000355 ) ) ;
#3819 =( LENGTH_UNIT ( ) NAMED_UNIT ( * ) SI_UNIT ( .MILLI., .METRE. ) );
#3820 = EDGE_CURVE ( 'NONE', #5096, #897, #4692, .T. ) ;
#3821 = VERTEX_POINT ( 'NONE', #6648 ) ;
#3822 = CIRCLE ( 'NONE', #2868, 0.2249999999999999500 ) ;
#3823 = EDGE_CURVE ( 'NONE', #6656, #1858, #2753, .T. ) ;
#3824 = VERTEX_POINT ( 'NONE', #7998 ) ;
#3825 = CARTESIAN_POINT ( 'NONE',  ( 2.799999999999999822, 0.2250000000000045020, -3.600000000000000089 ) ) ;
#3826 = DIRECTION ( 'NONE',  ( -1.000000000000000000, 0.000000000000000000, 0.000000000000000000 ) ) ;
#3827 = DIRECTION ( 'NONE',  ( -1.000000000000000000, 0.000000000000000000, 0.000000000000000000 ) ) ;
#3828 =( LENGTH_UNIT ( ) NAMED_UNIT ( * ) SI_UNIT ( .MILLI., .METRE. ) );
#3829 = ADVANCED_FACE ( 'NONE', ( #5804 ), #6045, .T. ) ;
#3830 = CIRCLE ( 'NONE', #351, 0.2249999999999999500 ) ;
#3831 = ADVANCED_FACE ( 'NONE', ( #8485 ), #5144, .F. ) ;
#3832 = SPHERICAL_SURFACE ( 'NONE', #1705, 0.2250000000000000056 ) ;
#3833 = CARTESIAN_POINT ( 'NONE',  ( -0.4000000000000000222, 0.2250000000000024758, 1.199999999999999956 ) ) ;
#3834 = ORIENTED_EDGE ( 'NONE', *, *, #2318, .F. ) ;
#3835 = CIRCLE ( 'NONE', #4937, 0.2249999999999999500 ) ;
#3836 = VERTEX_POINT ( 'NONE', #4129 ) ;
#3837 = EDGE_LOOP ( 'NONE', ( #6920, #565 ) ) ;
#3838 = CARTESIAN_POINT ( 'NONE',  ( -2.000000000000000000, 0.2250000000000000056, 2.799999999999999822 ) ) ;
#3839 = DIRECTION ( 'NONE',  ( 1.000000000000000000, 0.000000000000000000, 0.000000000000000000 ) ) ;
#3840 = FILL_AREA_STYLE_COLOUR ( '', #1069 ) ;
#3841 = PRESENTATION_STYLE_ASSIGNMENT (( #4438 ) ) ;
#3842 = AXIS2_PLACEMENT_3D ( 'NONE', #3976, #2692, #550 ) ;
#3843 = DIRECTION ( 'NONE',  ( -1.000000000000000000, 0.000000000000000000, 0.000000000000000000 ) ) ;
#3844 = ORIENTED_EDGE ( 'NONE', *, *, #2550, .T. ) ;
#3845 = ORIENTED_EDGE ( 'NONE', *, *, #3073, .T. ) ;
#3846 = EDGE_LOOP ( 'NONE', ( #525, #4006, #3878, #2527 ) ) ;
#3847 = MECHANICAL_DESIGN_GEOMETRIC_PRESENTATION_REPRESENTATION (  '', ( #2172 ), #6754 ) ;
#3848 = AXIS2_PLACEMENT_3D ( 'NONE', #1976, #2109, #5361 ) ;
#3849 = DIRECTION ( 'NONE',  ( 0.000000000000000000, 0.000000000000000000, 1.000000000000000000 ) ) ;
#3850 = CARTESIAN_POINT ( 'NONE',  ( 2.799999999999999822, 0.2250000000000045020, -3.600000000000000089 ) ) ;
#3851 = COLOUR_RGB ( '',0.7921568627450980005, 0.8196078431372548767, 0.9333333333333333481 ) ;
#3852 = CARTESIAN_POINT ( 'NONE',  ( 1.199999999999999956, 0.2250000000000035028, 0.4000000000000000222 ) ) ;
#3853 = CIRCLE ( 'NONE', #7038, 0.2249999999999999500 ) ;
#3854 = SPHERICAL_SURFACE ( 'NONE', #8566, 0.2250000000000000056 ) ;
#3855 = CIRCLE ( 'NONE', #6498, 0.3500000000000000333 ) ;
#3856 = CIRCLE ( 'NONE', #3160, 0.2250000000000000056 ) ;
#3857 = CARTESIAN_POINT ( 'NONE',  ( 0.4000000000000000222, 0.2250000000000030032, 2.799999999999999822 ) ) ;
#3858 = EDGE_CURVE ( 'NONE', #8467, #5743, #2200, .T. ) ;
#3859 = CARTESIAN_POINT ( 'NONE',  ( 0.4000000000000000222, 0.2250000000000030032, -2.000000000000000000 ) ) ;
#3860 = DIRECTION ( 'NONE',  ( -1.224646799147353207E-16, -0.000000000000000000, -1.000000000000000000 ) ) ;
#3861 = AXIS2_PLACEMENT_3D ( 'NONE', #1454, #7463, #2784 ) ;
#3862 = CIRCLE ( 'NONE', #3994, 0.2249999999999999500 ) ;
#3863 = ORIENTED_EDGE ( 'NONE', *, *, #5135, .T. ) ;
#3864 = ADVANCED_FACE ( 'NONE', ( #2256 ), #3566, .T. ) ;
#3865 = CARTESIAN_POINT ( 'NONE',  ( 3.200000000000000178, 0.3499999999999999778, 4.799999999999999822 ) ) ;
#3866 = CARTESIAN_POINT ( 'NONE',  ( -3.699999999999998845, 1.000000000000000444, -4.699999999999999289 ) ) ;
#3867 = ADVANCED_FACE ( 'NONE', ( #2931 ), #867, .F. ) ;
#3868 = AXIS2_PLACEMENT_3D ( 'NONE', #2827, #3465, #4063 ) ;
#3869 = DIRECTION ( 'NONE',  ( 0.000000000000000000, 1.000000000000000000, 0.000000000000000000 ) ) ;
#3870 = AXIS2_PLACEMENT_3D ( 'NONE', #8182, #178, #5434 ) ;
#3871 = ADVANCED_FACE ( 'NONE', ( #6910 ), #300, .F. ) ;
#3872 =( NAMED_UNIT ( * ) PLANE_ANGLE_UNIT ( ) SI_UNIT ( $, .RADIAN. ) );
#3873 = VECTOR ( 'NONE', #2351, 1000.000000000000000 ) ;
#3874 = CARTESIAN_POINT ( 'NONE',  ( 1.812917130661300558, 0.3499999999999998668, -1.199999999999999956 ) ) ;
#3875 = AXIS2_PLACEMENT_3D ( 'NONE', #5199, #687, #5240 ) ;
#3876 = ORIENTED_EDGE ( 'NONE', *, *, #3707, .T. ) ;
#3877 = DIRECTION ( 'NONE',  ( -1.000000000000000000, 0.000000000000000000, 0.000000000000000000 ) ) ;
#3878 = ORIENTED_EDGE ( 'NONE', *, *, #4538, .T. ) ;
#3879 = CARTESIAN_POINT ( 'NONE',  ( -3.600000000000000089, 0.2250000000000000056, -4.400000000000000355 ) ) ;
#3880 = SURFACE_STYLE_USAGE ( .BOTH. , #8519 ) ;
#3881 = CIRCLE ( 'NONE', #2499, 0.1870828693386989983 ) ;
#3882 = DIRECTION ( 'NONE',  ( 0.000000000000000000, 1.000000000000000000, 0.000000000000000000 ) ) ;
#3883 = CARTESIAN_POINT ( 'NONE',  ( 0.9749999999999999778, 0.2250000000000035028, 1.199999999999999956 ) ) ;
#3884 = ORIENTED_EDGE ( 'NONE', *, *, #5281, .F. ) ;
#3885 = VERTEX_POINT ( 'NONE', #777 ) ;
#3886 = ORIENTED_EDGE ( 'NONE', *, *, #4656, .T. ) ;
#3887 = AXIS2_PLACEMENT_3D ( 'NONE', #3559, #3082, #7127 ) ;
#3888 = CIRCLE ( 'NONE', #7915, 0.2249999999999999500 ) ;
#3889 = DIRECTION ( 'NONE',  ( 1.000000000000000000, 5.795304382052416415E-16, 0.000000000000000000 ) ) ;
#3890 = SPHERICAL_SURFACE ( 'NONE', #6900, 0.2250000000000000056 ) ;
#3891 = CIRCLE ( 'NONE', #3478, 0.2249999999999999500 ) ;
#3892 = AXIS2_PLACEMENT_3D ( 'NONE', #5243, #3910, #4634 ) ;
#3893 = DIRECTION ( 'NONE',  ( 1.000000000000000000, 0.000000000000000000, 0.000000000000000000 ) ) ;
#3894 = EDGE_CURVE ( 'NONE', #2303, #5924, #5382, .T. ) ;
#3895 = DIRECTION ( 'NONE',  ( 5.795304382052420359E-16, -1.000000000000000000, 0.000000000000000000 ) ) ;
#3896 = ORIENTED_EDGE ( 'NONE', *, *, #7744, .F. ) ;
#3897 = ORIENTED_EDGE ( 'NONE', *, *, #294, .T. ) ;
#3898 = DIRECTION ( 'NONE',  ( -1.000000000000000000, 0.000000000000000000, 2.409338161078899180E-16 ) ) ;
#3899 = FACE_OUTER_BOUND ( 'NONE', #1406, .T. ) ;
#3900 = FACE_OUTER_BOUND ( 'NONE', #7107, .T. ) ;
#3901 = FILL_AREA_STYLE_COLOUR ( '', #1426 ) ;
#3902 = DIRECTION ( 'NONE',  ( -0.000000000000000000, 0.000000000000000000, 1.000000000000000000 ) ) ;
#3903 = ORIENTED_EDGE ( 'NONE', *, *, #1850, .F. ) ;
#3904 = DIRECTION ( 'NONE',  ( -0.000000000000000000, -0.000000000000000000, -1.000000000000000000 ) ) ;
#3905 = CARTESIAN_POINT ( 'NONE',  ( 0.2129171306613010239, 0.3499999999999998668, -1.199999999999999956 ) ) ;
#3906 = DIRECTION ( 'NONE',  ( 1.000000000000000000, 0.000000000000000000, 0.000000000000000000 ) ) ;
#3907 = DIRECTION ( 'NONE',  ( -1.000000000000000000, 0.000000000000000000, 0.000000000000000000 ) ) ;
#3908 = EDGE_CURVE ( 'NONE', #2358, #10, #3174, .T. ) ;
#3909 = EDGE_CURVE ( 'NONE', #3233, #8557, #7069, .T. ) ;
#3910 = DIRECTION ( 'NONE',  ( 0.000000000000000000, 1.000000000000000000, 0.000000000000000000 ) ) ;
#3911 = VERTEX_POINT ( 'NONE', #6784 ) ;
#3912 = DIRECTION ( 'NONE',  ( 1.000000000000000000, 0.000000000000000000, 0.000000000000000000 ) ) ;
#3913 = ORIENTED_EDGE ( 'NONE', *, *, #4724, .F. ) ;
#3914 = FILL_AREA_STYLE ('',( #1260 ) ) ;
#3915 = AXIS2_PLACEMENT_3D ( 'NONE', #7373, #4012, #621 ) ;
#3916 = EDGE_CURVE ( 'NONE', #5245, #3885, #7207, .T. ) ;
#3917 = CARTESIAN_POINT ( 'NONE',  ( -2.225000000000000089, 0.2250000000000000056, 1.199999999999999956 ) ) ;
#3918 = EDGE_CURVE ( 'NONE', #7534, #1838, #2331, .T. ) ;
#3919 = AXIS2_PLACEMENT_3D ( 'NONE', #7193, #1224, #405 ) ;
#3920 = PRESENTATION_LAYER_ASSIGNMENT (  '', '', ( #5295 ) ) ;
#3921 = DIRECTION ( 'NONE',  ( 5.795304382052420359E-16, -1.000000000000000000, 0.000000000000000000 ) ) ;
#3922 = EDGE_LOOP ( 'NONE', ( #8386, #7703, #4989, #49 ) ) ;
#3923 = ORIENTED_EDGE ( 'NONE', *, *, #1746, .F. ) ;
#3924 = ORIENTED_EDGE ( 'NONE', *, *, #6897, .F. ) ;
#3925 = DIRECTION ( 'NONE',  ( -1.000000000000000000, 0.000000000000000000, 0.000000000000000000 ) ) ;
#3926 = AXIS2_PLACEMENT_3D ( 'NONE', #1024, #5644, #1637 ) ;
#3927 = DIRECTION ( 'NONE',  ( -1.000000000000000000, 0.000000000000000000, 0.000000000000000000 ) ) ;
#3928 = CARTESIAN_POINT ( 'NONE',  ( -2.799999999999999822, 0.2250000000000000056, 3.600000000000000089 ) ) ;
#3929 = ORIENTED_EDGE ( 'NONE', *, *, #5888, .T. ) ;
#3930 = CIRCLE ( 'NONE', #8088, 0.1870828693386994146 ) ;
#3931 = DIRECTION ( 'NONE',  ( -0.000000000000000000, -0.000000000000000000, -1.000000000000000000 ) ) ;
#3932 = CARTESIAN_POINT ( 'NONE',  ( 3.600000000000000089, 0.2250000000000049738, -3.600000000000000089 ) ) ;
#3933 = SPHERICAL_SURFACE ( 'NONE', #3848, 0.2250000000000000056 ) ;
#3934 = CARTESIAN_POINT ( 'NONE',  ( 1.012917130661300957, 0.3499999999999998668, -0.4000000000000000222 ) ) ;
#3935 = DIRECTION ( 'NONE',  ( -1.000000000000000000, 0.000000000000000000, 0.000000000000000000 ) ) ;
#3936 = DIRECTION ( 'NONE',  ( -1.000000000000000000, 0.000000000000000000, 0.000000000000000000 ) ) ;
#3937 = DIRECTION ( 'NONE',  ( -1.000000000000000000, 0.000000000000000000, 0.000000000000000000 ) ) ;
#3938 = VERTEX_POINT ( 'NONE', #4171 ) ;
#3939 = CLOSED_SHELL ( 'NONE', ( #2759, #1157, #94, #2535, #5284 ) ) ;
#3940 = DIRECTION ( 'NONE',  ( 5.795304382052420359E-16, -1.000000000000000000, 0.000000000000000000 ) ) ;
#3941 = DIRECTION ( 'NONE',  ( -1.000000000000000000, 0.000000000000000000, 0.000000000000000000 ) ) ;
#3942 = CARTESIAN_POINT ( 'NONE',  ( -2.799999999999999822, 0.000000000000000000, 3.600000000000000089 ) ) ;
#3943 = CIRCLE ( 'NONE', #1732, 0.2249999999999999500 ) ;
#3944 = CARTESIAN_POINT ( 'NONE',  ( 0.1750000000000000167, 0.2250000000000030032, -2.000000000000000000 ) ) ;
#3945 = EDGE_LOOP ( 'NONE', ( #5142, #2071 ) ) ;
#3946 = CARTESIAN_POINT ( 'NONE',  ( 0.4000000000000000222, 0.2250000000000030032, 1.199999999999999956 ) ) ;
#3947 = EDGE_LOOP ( 'NONE', ( #6872, #1106, #4875, #2864 ) ) ;
#3948 = CIRCLE ( 'NONE', #212, 0.1870828693386989983 ) ;
#3949 = DIRECTION ( 'NONE',  ( -1.000000000000000000, 0.000000000000000000, 2.409338161078899180E-16 ) ) ;
#3950 = CARTESIAN_POINT ( 'NONE',  ( 3.412917130661300646, 0.3499999999999998668, 4.400000000000000355 ) ) ;
#3951 = ADVANCED_FACE ( 'NONE', ( #6738 ), #4817, .T. ) ;
#3952 = UNCERTAINTY_MEASURE_WITH_UNIT (LENGTH_MEASURE( 1.000000000000000082E-05 ), #3522, 'distance_accuracy_value', 'NONE');
#3953 = FACE_OUTER_BOUND ( 'NONE', #8154, .T. ) ;
#3954 = FILL_AREA_STYLE ('',( #4780 ) ) ;
#3955 = DIRECTION ( 'NONE',  ( 5.795304382052420359E-16, -1.000000000000000000, 0.000000000000000000 ) ) ;
#3956 = ADVANCED_FACE ( 'NONE', ( #4731 ), #7566, .T. ) ;
#3957 = AXIS2_PLACEMENT_3D ( 'NONE', #7901, #7936, #3205 ) ;
#3958 = CARTESIAN_POINT ( 'NONE',  ( 2.000000000000000000, 0.3499999999999999778, 1.199999999999999956 ) ) ;
#3959 = EDGE_LOOP ( 'NONE', ( #5099, #6423, #914, #236 ) ) ;
#3960 = ADVANCED_FACE ( 'NONE', ( #4085 ), #5528, .T. ) ;
#3961 = ORIENTED_EDGE ( 'NONE', *, *, #4290, .F. ) ;
#3962 = ORIENTED_EDGE ( 'NONE', *, *, #5567, .F. ) ;
#3963 = AXIS2_PLACEMENT_3D ( 'NONE', #6122, #726, #169 ) ;
#3964 = ADVANCED_FACE ( 'NONE', ( #8096 ), #3484, .T. ) ;
#3965 = DIRECTION ( 'NONE',  ( -1.224646799147353207E-16, -0.000000000000000000, -1.000000000000000000 ) ) ;
#3966 = ADVANCED_FACE ( 'NONE', ( #822 ), #3738, .F. ) ;
#3967 = DIRECTION ( 'NONE',  ( 1.000000000000000000, 5.795304382052429234E-16, 0.000000000000000000 ) ) ;
#3968 = DIRECTION ( 'NONE',  ( -1.000000000000000000, 0.000000000000000000, 0.000000000000000000 ) ) ;
#3969 = ORIENTED_EDGE ( 'NONE', *, *, #7590, .F. ) ;
#3970 = AXIS2_PLACEMENT_3D ( 'NONE', #6672, #162, #8115 ) ;
#3971 = ORIENTED_EDGE ( 'NONE', *, *, #4335, .F. ) ;
#3972 = ORIENTED_EDGE ( 'NONE', *, *, #1636, .F. ) ;
#3973 = PLANE ( 'NONE',  #2435 ) ;
#3974 = DIRECTION ( 'NONE',  ( -1.224646799147353207E-16, -0.000000000000000000, -1.000000000000000000 ) ) ;
#3975 = CARTESIAN_POINT ( 'NONE',  ( 2.799999999999999822, 0.2250000000000045020, -4.400000000000000355 ) ) ;
#3976 = CARTESIAN_POINT ( 'NONE',  ( 0.4000000000000000222, 0.2250000000000030032, -1.199999999999999956 ) ) ;
#3977 = MECHANICAL_DESIGN_GEOMETRIC_PRESENTATION_REPRESENTATION (  '', ( #7734 ), #232 ) ;
#3978 = AXIS2_PLACEMENT_3D ( 'NONE', #7371, #6706, #3402 ) ;
#3979 = DIRECTION ( 'NONE',  ( -6.938893903907231336E-16, 1.000000000000000000, -0.000000000000000000 ) ) ;
#3980 = VERTEX_POINT ( 'NONE', #4298 ) ;
#3981 = AXIS2_PLACEMENT_3D ( 'NONE', #1946, #1902, #7134 ) ;
#3982 = MECHANICAL_DESIGN_GEOMETRIC_PRESENTATION_REPRESENTATION (  '', ( #8309 ), #2165 ) ;
#3983 = CARTESIAN_POINT ( 'NONE',  ( -2.799999999999999822, 0.3499999999999999778, -4.400000000000000355 ) ) ;
#3984 = FACE_OUTER_BOUND ( 'NONE', #8092, .T. ) ;
#3985 = CARTESIAN_POINT ( 'NONE',  ( 0.4000000000000000222, 0.2250000000000030032, 2.799999999999999822 ) ) ;
#3986 = CARTESIAN_POINT ( 'NONE',  ( 1.199999999999999956, 0.2250000000000035028, 1.199999999999999956 ) ) ;
#3987 = CIRCLE ( 'NONE', #8024, 0.1870828693386989428 ) ;
#3988 = CARTESIAN_POINT ( 'NONE',  ( -1.199999999999999956, 0.2250000000000000056, 2.799999999999999822 ) ) ;
#3989 = DIRECTION ( 'NONE',  ( 1.000000000000000000, 0.000000000000000000, 0.000000000000000000 ) ) ;
#3990 = ORIENTED_EDGE ( 'NONE', *, *, #8231, .F. ) ;
#3991 = CARTESIAN_POINT ( 'NONE',  ( -2.000000000000000000, 0.2250000000000000056, 2.000000000000000000 ) ) ;
#3992 = ORIENTED_EDGE ( 'NONE', *, *, #7110, .F. ) ;
#3993 = AXIS2_PLACEMENT_3D ( 'NONE', #6023, #2016, #7424 ) ;
#3994 = AXIS2_PLACEMENT_3D ( 'NONE', #8613, #4620, #1318 ) ;
#3995 = FILL_AREA_STYLE_COLOUR ( '', #8584 ) ;
#3996 = CARTESIAN_POINT ( 'NONE',  ( -2.000000000000000000, 0.2250000000000000056, -2.000000000000000000 ) ) ;
#3997 = CARTESIAN_POINT ( 'NONE',  ( 2.000000000000000000, 0.2250000000000040024, 2.799999999999999822 ) ) ;
#3998 = PRESENTATION_STYLE_ASSIGNMENT (( #3439 ) ) ;
#3999 = CIRCLE ( 'NONE', #122, 0.2250000000000000056 ) ;
#4000 = CIRCLE ( 'NONE', #393, 0.2250000000000000056 ) ;
#4001 = FACE_OUTER_BOUND ( 'NONE', #3087, .T. ) ;
#4002 = DIRECTION ( 'NONE',  ( -1.000000000000000000, 0.000000000000000000, 0.000000000000000000 ) ) ;
#4003 = EDGE_LOOP ( 'NONE', ( #8043, #5009, #7270 ) ) ;
#4004 = ADVANCED_FACE ( 'NONE', ( #3004 ), #1129, .T. ) ;
#4005 = ORIENTED_EDGE ( 'NONE', *, *, #1642, .F. ) ;
#4006 = ORIENTED_EDGE ( 'NONE', *, *, #3762, .T. ) ;
#4007 = CIRCLE ( 'NONE', #6929, 0.2249999999999999500 ) ;
#4008 = CIRCLE ( 'NONE', #8186, 0.2249999999999999500 ) ;
#4009 = CARTESIAN_POINT ( 'NONE',  ( -2.000000000000000000, 0.3499999999999999778, 2.000000000000000000 ) ) ;
#4010 = DIRECTION ( 'NONE',  ( -6.938893903907230350E-16, 1.000000000000000000, 0.000000000000000000 ) ) ;
#4011 = FACE_OUTER_BOUND ( 'NONE', #5699, .T. ) ;
#4012 = DIRECTION ( 'NONE',  ( 0.000000000000000000, 1.000000000000000000, 0.000000000000000000 ) ) ;
#4013 = CIRCLE ( 'NONE', #411, 0.2250000000000000056 ) ;
#4014 = FACE_OUTER_BOUND ( 'NONE', #3837, .T. ) ;
#4015 = CIRCLE ( 'NONE', #5962, 0.1870828693386989983 ) ;
#4016 = EDGE_CURVE ( 'NONE', #5987, #897, #1363, .T. ) ;
#4017 = VERTEX_POINT ( 'NONE', #435 ) ;
#4018 = EDGE_CURVE ( 'NONE', #2633, #5069, #4551, .T. ) ;
#4019 = EDGE_CURVE ( 'NONE', #2854, #6041, #1654, .T. ) ;
#4020 = EDGE_LOOP ( 'NONE', ( #3348, #6444, #3044, #2048 ) ) ;
#4021 = ORIENTED_EDGE ( 'NONE', *, *, #4593, .F. ) ;
#4022 = ADVANCED_FACE ( 'NONE', ( #7091 ), #3782, .T. ) ;
#4023 = DIRECTION ( 'NONE',  ( -1.224646799147353207E-16, -0.000000000000000000, -1.000000000000000000 ) ) ;
#4024 = CARTESIAN_POINT ( 'NONE',  ( 2.799999999999999822, 0.2250000000000045020, 4.400000000000000355 ) ) ;
#4025 = DIRECTION ( 'NONE',  ( -1.000000000000000000, 0.000000000000000000, 0.000000000000000000 ) ) ;
#4026 =( GEOMETRIC_REPRESENTATION_CONTEXT ( 3 ) GLOBAL_UNCERTAINTY_ASSIGNED_CONTEXT ( ( #486 ) ) GLOBAL_UNIT_ASSIGNED_CONTEXT ( ( #4309, #8077, #7013 ) ) REPRESENTATION_CONTEXT ( 'NONE', 'WORKASPACE' ) );
#4027 = CARTESIAN_POINT ( 'NONE',  ( 1.199999999999999956, 0.2250000000000035028, -2.000000000000000000 ) ) ;
#4028 = AXIS2_PLACEMENT_3D ( 'NONE', #8374, #2433, #8419 ) ;
#4029 = EDGE_CURVE ( 'NONE', #5800, #7185, #1916, .T. ) ;
#4030 = CARTESIAN_POINT ( 'NONE',  ( 3.600000000000000089, 0.2250000000000049738, 4.400000000000000355 ) ) ;
#4031 = ORIENTED_EDGE ( 'NONE', *, *, #5285, .T. ) ;
#4032 = ADVANCED_FACE ( 'NONE', ( #3127 ), #6468, .T. ) ;
#4033 = CIRCLE ( 'NONE', #1391, 0.2249999999999999500 ) ;
#4034 = SURFACE_STYLE_USAGE ( .BOTH. , #1377 ) ;
#4035 = CARTESIAN_POINT ( 'NONE',  ( 1.199999999999999956, 0.3499999999999999778, 2.799999999999999822 ) ) ;
#4036 = DIRECTION ( 'NONE',  ( 1.000000000000000000, 0.000000000000000000, 0.000000000000000000 ) ) ;
#4037 = FACE_OUTER_BOUND ( 'NONE', #7351, .T. ) ;
#4038 = FACE_OUTER_BOUND ( 'NONE', #4239, .T. ) ;
#4039 = EDGE_LOOP ( 'NONE', ( #8163, #8022, #1202, #8346 ) ) ;
#4040 = CARTESIAN_POINT ( 'NONE',  ( 2.187082869338699442, 0.3500000000000000888, -1.199999999999999956 ) ) ;
#4041 = VERTEX_POINT ( 'NONE', #1776 ) ;
#4042 = FACE_OUTER_BOUND ( 'NONE', #4926, .T. ) ;
#4043 = DIRECTION ( 'NONE',  ( 0.000000000000000000, 1.000000000000000000, 0.000000000000000000 ) ) ;
#4044 = CARTESIAN_POINT ( 'NONE',  ( 0.4000000000000000222, 0.2250000000000030032, 2.799999999999999822 ) ) ;
#4045 = DIRECTION ( 'NONE',  ( 1.000000000000000000, 0.000000000000000000, 0.000000000000000000 ) ) ;
#4046 = PLANE ( 'NONE',  #8195 ) ;
#4047 = VERTEX_POINT ( 'NONE', #5784 ) ;
#4048 = ORIENTED_EDGE ( 'NONE', *, *, #2318, .T. ) ;
#4049 = ORIENTED_EDGE ( 'NONE', *, *, #1053, .T. ) ;
#4050 = CARTESIAN_POINT ( 'NONE',  ( -2.000000000000000000, 0.2250000000000000056, 2.000000000000000000 ) ) ;
#4051 = CARTESIAN_POINT ( 'NONE',  ( 0.1750000000000000167, 0.2250000000000030032, 2.799999999999999822 ) ) ;
#4052 = AXIS2_PLACEMENT_3D ( 'NONE', #829, #8097, #138 ) ;
#4053 = COLOUR_RGB ( '',0.7921568627450980005, 0.8196078431372548767, 0.9333333333333333481 ) ;
#4054 = DIRECTION ( 'NONE',  ( -1.000000000000000000, 0.000000000000000000, 2.409338161078899180E-16 ) ) ;
#4055 = CARTESIAN_POINT ( 'NONE',  ( -1.812917130661301002, 0.3500000000000000888, -1.199999999999999956 ) ) ;
#4056 = EDGE_LOOP ( 'NONE', ( #8451, #432 ) ) ;
#4057 = ORIENTED_EDGE ( 'NONE', *, *, #2054, .T. ) ;
#4058 = ORIENTED_EDGE ( 'NONE', *, *, #987, .F. ) ;
#4059 = CIRCLE ( 'NONE', #7130, 0.2249999999999999500 ) ;
#4060 = CARTESIAN_POINT ( 'NONE',  ( 2.799999999999999822, 0.2250000000000045020, -4.400000000000000355 ) ) ;
#4061 = AXIS2_PLACEMENT_3D ( 'NONE', #3808, #421, #1849 ) ;
#4062 = FACE_OUTER_BOUND ( 'NONE', #3406, .T. ) ;
#4063 = DIRECTION ( 'NONE',  ( -1.000000000000000000, 0.000000000000000000, 0.000000000000000000 ) ) ;
#4064 = CARTESIAN_POINT ( 'NONE',  ( 0.6250000000000000000, 0.2250000000000030032, -0.4000000000000000777 ) ) ;
#4065 = EDGE_CURVE ( 'NONE', #8549, #5344, #670, .T. ) ;
#4066 = EDGE_CURVE ( 'NONE', #258, #4524, #3042, .T. ) ;
#4067 = SPHERICAL_SURFACE ( 'NONE', #2806, 0.2250000000000000056 ) ;
#4068 = CARTESIAN_POINT ( 'NONE',  ( 2.000000000000000000, 0.2250000000000040024, -2.000000000000000000 ) ) ;
#4069 = AXIS2_PLACEMENT_3D ( 'NONE', #6271, #1492, #4835 ) ;
#4070 = DIRECTION ( 'NONE',  ( -0.000000000000000000, -0.000000000000000000, -1.000000000000000000 ) ) ;
#4071 = VERTEX_POINT ( 'NONE', #7040 ) ;
#4072 = EDGE_CURVE ( 'NONE', #3151, #5298, #5542, .T. ) ;
#4073 = FILL_AREA_STYLE_COLOUR ( '', #4381 ) ;
#4074 = CARTESIAN_POINT ( 'NONE',  ( -2.799999999999999822, 0.3499999999999999778, 3.600000000000000089 ) ) ;
#4075 = EDGE_CURVE ( 'NONE', #6148, #4180, #4376, .T. ) ;
#4076 = CARTESIAN_POINT ( 'NONE',  ( -2.000000000000000000, 0.3499999999999999778, 2.000000000000000000 ) ) ;
#4077 = EDGE_CURVE ( 'NONE', #3980, #7561, #1505, .T. ) ;
#4078 = ADVANCED_FACE ( 'NONE', ( #7136 ), #6997, .T. ) ;
#4079 = CLOSED_SHELL ( 'NONE', ( #836, #5181, #2114, #6202, #5469 ) ) ;
#4080 = EDGE_LOOP ( 'NONE', ( #8130, #8513, #4837 ) ) ;
#4081 = SPHERICAL_SURFACE ( 'NONE', #4087, 0.2250000000000000056 ) ;
#4082 = EDGE_LOOP ( 'NONE', ( #4058, #6907, #157 ) ) ;
#4083 = SURFACE_STYLE_FILL_AREA ( #6042 ) ;
#4084 = ADVANCED_FACE ( 'NONE', ( #3050 ), #6298, .T. ) ;
#4085 = FACE_OUTER_BOUND ( 'NONE', #6809, .T. ) ;
#4086 = DIRECTION ( 'NONE',  ( -0.000000000000000000, -0.000000000000000000, -1.000000000000000000 ) ) ;
#4087 = AXIS2_PLACEMENT_3D ( 'NONE', #5206, #1953, #4594 ) ;
#4088 =( NAMED_UNIT ( * ) PLANE_ANGLE_UNIT ( ) SI_UNIT ( $, .RADIAN. ) );
#4089 = DIRECTION ( 'NONE',  ( 1.000000000000000000, 5.795304382052431206E-16, 0.000000000000000000 ) ) ;
#4090 = ORIENTED_EDGE ( 'NONE', *, *, #4874, .F. ) ;
#4091 = DIRECTION ( 'NONE',  ( -1.224646799147353207E-16, -0.000000000000000000, -1.000000000000000000 ) ) ;
#4092 = ORIENTED_EDGE ( 'NONE', *, *, #5404, .T. ) ;
#4093 = AXIS2_PLACEMENT_3D ( 'NONE', #3037, #5020, #1685 ) ;
#4094 = ORIENTED_EDGE ( 'NONE', *, *, #1888, .T. ) ;
#4095 = ORIENTED_EDGE ( 'NONE', *, *, #3275, .T. ) ;
#4096 = DIRECTION ( 'NONE',  ( 1.000000000000000000, 0.000000000000000000, 0.000000000000000000 ) ) ;
#4097 = CARTESIAN_POINT ( 'NONE',  ( -0.9749999999999999778, 0.2250000000000000056, -0.4000000000000000777 ) ) ;
#4098 = AXIS2_PLACEMENT_3D ( 'NONE', #2239, #4885, #7422 ) ;
#4099 = CARTESIAN_POINT ( 'NONE',  ( -2.000000000000000000, 0.2250000000000000056, 0.4000000000000000222 ) ) ;
#4100 = CARTESIAN_POINT ( 'NONE',  ( -2.000000000000000000, 0.000000000000000000, 0.4000000000000000222 ) ) ;
#4101 = ORIENTED_EDGE ( 'NONE', *, *, #8262, .T. ) ;
#4102 = ORIENTED_EDGE ( 'NONE', *, *, #6515, .F. ) ;
#4103 = ORIENTED_EDGE ( 'NONE', *, *, #3383, .T. ) ;
#4104 = AXIS2_PLACEMENT_3D ( 'NONE', #7080, #1120, #8263 ) ;
#4105 = CARTESIAN_POINT ( 'NONE',  ( 3.600000000000000089, 0.2250000000000049738, 4.400000000000000355 ) ) ;
#4106 = DIRECTION ( 'NONE',  ( 1.000000000000000000, 5.795304382052429234E-16, 0.000000000000000000 ) ) ;
#4107 = SPHERICAL_SURFACE ( 'NONE', #3443, 0.2250000000000000056 ) ;
#4108 = DIRECTION ( 'NONE',  ( -1.000000000000000000, 0.000000000000000000, 0.000000000000000000 ) ) ;
#4109 = FILL_AREA_STYLE ('',( #2832 ) ) ;
#4110 = AXIS2_PLACEMENT_3D ( 'NONE', #7535, #1486, #6097 ) ;
#4111 = DIRECTION ( 'NONE',  ( -0.000000000000000000, -0.000000000000000000, -1.000000000000000000 ) ) ;
#4112 = CIRCLE ( 'NONE', #5210, 0.2249999999999999500 ) ;
#4113 = FACE_OUTER_BOUND ( 'NONE', #3534, .T. ) ;
#4114 = VERTEX_POINT ( 'NONE', #1656 ) ;
#4115 = EDGE_CURVE ( 'NONE', #2821, #6644, #2923, .T. ) ;
#4116 = DIRECTION ( 'NONE',  ( -1.224646799147353207E-16, -0.000000000000000000, -1.000000000000000000 ) ) ;
#4117 = PRESENTATION_LAYER_ASSIGNMENT (  '', '', ( #2172 ) ) ;
#4118 = DIRECTION ( 'NONE',  ( 1.000000000000000000, 5.795304382052429234E-16, 0.000000000000000000 ) ) ;
#4119 = CIRCLE ( 'NONE', #6068, 0.2249999999999999500 ) ;
#4120 = PLANE ( 'NONE',  #2020 ) ;
#4121 = SURFACE_STYLE_USAGE ( .BOTH. , #7347 ) ;
#4122 = EDGE_CURVE ( 'NONE', #7808, #4501, #3462, .T. ) ;
#4123 = AXIS2_PLACEMENT_3D ( 'NONE', #5525, #2217, #8180 ) ;
#4124 = VERTEX_POINT ( 'NONE', #5282 ) ;
#4125 = ADVANCED_FACE ( 'NONE', ( #1382 ), #4505, .F. ) ;
#4126 = DIRECTION ( 'NONE',  ( 6.918242433955120338E-16, -1.000000000000000000, 0.000000000000000000 ) ) ;
#4127 = ORIENTED_EDGE ( 'NONE', *, *, #3590, .T. ) ;
#4128 = CARTESIAN_POINT ( 'NONE',  ( -1.812917130661301002, 0.3500000000000000888, -0.4000000000000000777 ) ) ;
#4129 = CARTESIAN_POINT ( 'NONE',  ( -0.6250000000000000000, 0.2250000000000024758, 2.799999999999999822 ) ) ;
#4130 = CIRCLE ( 'NONE', #6486, 0.1870828693386989428 ) ;
#4131 = DIRECTION ( 'NONE',  ( -1.000000000000000000, 0.000000000000000000, 0.000000000000000000 ) ) ;
#4132 = EDGE_CURVE ( 'NONE', #2904, #3098, #3318, .T. ) ;
#4133 = CARTESIAN_POINT ( 'NONE',  ( 4.000000000000000000, 0.3499999999999999778, 5.599999999999999645 ) ) ;
#4134 = AXIS2_PLACEMENT_3D ( 'NONE', #6808, #849, #3509 ) ;
#4135 = DIRECTION ( 'NONE',  ( -6.938893903907231336E-16, 1.000000000000000000, -0.000000000000000000 ) ) ;
#4136 = AXIS2_PLACEMENT_3D ( 'NONE', #694, #7307, #3351 ) ;
#4137 = ORIENTED_EDGE ( 'NONE', *, *, #7800, .F. ) ;
#4138 = VERTEX_POINT ( 'NONE', #4631 ) ;
#4139 = ORIENTED_EDGE ( 'NONE', *, *, #605, .T. ) ;
#4140 = UNCERTAINTY_MEASURE_WITH_UNIT (LENGTH_MEASURE( 1.000000000000000082E-05 ), #2871, 'distance_accuracy_value', 'NONE');
#4141 = DIRECTION ( 'NONE',  ( 1.000000000000000000, 5.795304382052416415E-16, 0.000000000000000000 ) ) ;
#4142 = AXIS2_PLACEMENT_3D ( 'NONE', #877, #4877, #6222 ) ;
#4143 = VECTOR ( 'NONE', #2469, 1000.000000000000000 ) ;
#4144 = CARTESIAN_POINT ( 'NONE',  ( -1.199999999999999956, 0.2250000000000000056, 2.000000000000000000 ) ) ;
#4145 = DIRECTION ( 'NONE',  ( 1.000000000000000000, 5.795304382052429234E-16, 0.000000000000000000 ) ) ;
#4146 = ORIENTED_EDGE ( 'NONE', *, *, #5278, .F. ) ;
#4147 = VERTEX_POINT ( 'NONE', #4677 ) ;
#4148 = ORIENTED_EDGE ( 'NONE', *, *, #7950, .F. ) ;
#4149 = CIRCLE ( 'NONE', #404, 0.2249999999999999500 ) ;
#4150 = DIRECTION ( 'NONE',  ( -1.000000000000000000, 0.000000000000000000, 0.000000000000000000 ) ) ;
#4151 = SPHERICAL_SURFACE ( 'NONE', #6633, 0.2250000000000000056 ) ;
#4152 = DIRECTION ( 'NONE',  ( 1.000000000000000000, 0.000000000000000000, 0.000000000000000000 ) ) ;
#4153 = SPHERICAL_SURFACE ( 'NONE', #1118, 0.2250000000000000056 ) ;
#4154 = SURFACE_STYLE_FILL_AREA ( #8118 ) ;
#4155 = PRESENTATION_LAYER_ASSIGNMENT (  '', '', ( #965 ) ) ;
#4156 = AXIS2_PLACEMENT_3D ( 'NONE', #7448, #3921, #6571 ) ;
#4157 = FACE_OUTER_BOUND ( 'NONE', #3263, .T. ) ;
#4158 = VERTEX_POINT ( 'NONE', #7947 ) ;
#4159 = DIRECTION ( 'NONE',  ( -1.000000000000000000, 0.000000000000000000, 0.000000000000000000 ) ) ;
#4160 = PRESENTATION_LAYER_ASSIGNMENT (  '', '', ( #1384 ) ) ;
#4161 = CIRCLE ( 'NONE', #8502, 0.2249999999999999500 ) ;
#4162 = DIRECTION ( 'NONE',  ( -0.000000000000000000, -0.000000000000000000, -1.000000000000000000 ) ) ;
#4163 = CARTESIAN_POINT ( 'NONE',  ( 0.4000000000000000222, 0.3499999999999999778, 2.000000000000000000 ) ) ;
#4164 = PRESENTATION_STYLE_ASSIGNMENT (( #4121 ) ) ;
#4165 = PRESENTATION_LAYER_ASSIGNMENT (  '', '', ( #8633 ) ) ;
#4166 = ORIENTED_EDGE ( 'NONE', *, *, #2270, .T. ) ;
#4167 = DIRECTION ( 'NONE',  ( -0.000000000000000000, -0.000000000000000000, -1.000000000000000000 ) ) ;
#4168 = ORIENTED_EDGE ( 'NONE', *, *, #3328, .T. ) ;
#4169 =( NAMED_UNIT ( * ) PLANE_ANGLE_UNIT ( ) SI_UNIT ( $, .RADIAN. ) );
#4170 = CIRCLE ( 'NONE', #2091, 0.2249999999999999500 ) ;
#4171 = CARTESIAN_POINT ( 'NONE',  ( -3.349999999999998757, 1.000000000000000666, -4.699999999999999289 ) ) ;
#4172 = SURFACE_SIDE_STYLE ('',( #8134 ) ) ;
#4173 = PRESENTATION_STYLE_ASSIGNMENT (( #468 ) ) ;
#4174 = DIRECTION ( 'NONE',  ( -0.000000000000000000, -0.000000000000000000, -1.000000000000000000 ) ) ;
#4175 = EDGE_CURVE ( 'NONE', #6952, #8409, #5550, .T. ) ;
#4176 = SURFACE_STYLE_FILL_AREA ( #4870 ) ;
#4177 = EDGE_CURVE ( 'NONE', #3294, #5761, #8340, .T. ) ;
#4178 = DIRECTION ( 'NONE',  ( -1.000000000000000000, 0.000000000000000000, 0.000000000000000000 ) ) ;
#4179 = VERTEX_POINT ( 'NONE', #3942 ) ;
#4180 = VERTEX_POINT ( 'NONE', #4588 ) ;
#4181 = EDGE_LOOP ( 'NONE', ( #7910, #787, #5, #3629 ) ) ;
#4182 = FILL_AREA_STYLE_COLOUR ( '', #781 ) ;
#4183 = ADVANCED_FACE ( 'NONE', ( #7831 ), #1287, .T. ) ;
#4184 = CARTESIAN_POINT ( 'NONE',  ( -0.4000000000000000222, 0.2250000000000024758, 2.000000000000000000 ) ) ;
#4185 = EDGE_CURVE ( 'NONE', #6285, #3616, #1230, .T. ) ;
#4186 = DIRECTION ( 'NONE',  ( 5.795304382052420359E-16, -1.000000000000000000, 0.000000000000000000 ) ) ;
#4187 = DIRECTION ( 'NONE',  ( 1.000000000000000000, 0.000000000000000000, 0.000000000000000000 ) ) ;
#4188 = ORIENTED_EDGE ( 'NONE', *, *, #3418, .T. ) ;
#4189 = EDGE_LOOP ( 'NONE', ( #5912, #3360, #6108, #2466 ) ) ;
#4190 = ORIENTED_EDGE ( 'NONE', *, *, #613, .F. ) ;
#4191 = DIRECTION ( 'NONE',  ( 5.795304382052420359E-16, -1.000000000000000000, 0.000000000000000000 ) ) ;
#4192 = CARTESIAN_POINT ( 'NONE',  ( 2.000000000000000000, 0.2250000000000040024, 2.000000000000000000 ) ) ;
#4193 = CIRCLE ( 'NONE', #1276, 0.2249999999999999500 ) ;
#4194 = MECHANICAL_DESIGN_GEOMETRIC_PRESENTATION_REPRESENTATION (  '', ( #7943 ), #449 ) ;
#4195 = DIRECTION ( 'NONE',  ( 1.000000000000000000, 0.000000000000000000, 0.000000000000000000 ) ) ;
#4196 = FILL_AREA_STYLE_COLOUR ( '', #835 ) ;
#4197 = CARTESIAN_POINT ( 'NONE',  ( -2.000000000000000000, 0.2250000000000000056, -2.000000000000000000 ) ) ;
#4198 = ORIENTED_EDGE ( 'NONE', *, *, #8107, .T. ) ;
#4199 = AXIS2_PLACEMENT_3D ( 'NONE', #2432, #4583, #347 ) ;
#4200 = DIRECTION ( 'NONE',  ( 1.000000000000000000, 6.918242433955120338E-16, 0.000000000000000000 ) ) ;
#4201 = DIRECTION ( 'NONE',  ( -0.000000000000000000, -0.000000000000000000, -1.000000000000000000 ) ) ;
#4202 = CARTESIAN_POINT ( 'NONE',  ( 2.000000000000000000, 0.2250000000000040024, 2.000000000000000000 ) ) ;
#4203 = AXIS2_PLACEMENT_3D ( 'NONE', #6283, #2242, #4891 ) ;
#4204 = ORIENTED_EDGE ( 'NONE', *, *, #2465, .F. ) ;
#4205 = CLOSED_SHELL ( 'NONE', ( #8403, #7471, #1690, #4032, #3556 ) ) ;
#4206 = CARTESIAN_POINT ( 'NONE',  ( -1.199999999999999956, 0.2250000000000000056, -0.4000000000000000222 ) ) ;
#4207 = VERTEX_POINT ( 'NONE', #2659 ) ;
#4208 =( LENGTH_UNIT ( ) NAMED_UNIT ( * ) SI_UNIT ( .MILLI., .METRE. ) );
#4209 = CARTESIAN_POINT ( 'NONE',  ( -3.600000000000000089, 0.2250000000000000056, 4.400000000000000355 ) ) ;
#4210 = FACE_OUTER_BOUND ( 'NONE', #7066, .T. ) ;
#4211 = DIRECTION ( 'NONE',  ( 1.000000000000000000, 0.000000000000000000, 0.000000000000000000 ) ) ;
#4212 = SPHERICAL_SURFACE ( 'NONE', #7245, 0.2250000000000000056 ) ;
#4213 = SURFACE_STYLE_FILL_AREA ( #3529 ) ;
#4214 = CIRCLE ( 'NONE', #1028, 0.2249999999999999500 ) ;
#4215 = CARTESIAN_POINT ( 'NONE',  ( -0.4000000000000000222, 0.2250000000000024758, -0.4000000000000000222 ) ) ;
#4216 = DIRECTION ( 'NONE',  ( -1.000000000000000000, 0.000000000000000000, 0.000000000000000000 ) ) ;
#4217 = ORIENTED_EDGE ( 'NONE', *, *, #2965, .F. ) ;
#4218 = ORIENTED_EDGE ( 'NONE', *, *, #6448, .F. ) ;
#4219 = ORIENTED_EDGE ( 'NONE', *, *, #717, .F. ) ;
#4220 = FACE_OUTER_BOUND ( 'NONE', #5742, .T. ) ;
#4221 = EDGE_CURVE ( 'NONE', #4158, #10, #6231, .T. ) ;
#4222 = CLOSED_SHELL ( 'NONE', ( #1575, #1177, #5130, #8181, #4723 ) ) ;
#4223 = DIRECTION ( 'NONE',  ( -1.000000000000000000, 0.000000000000000000, 0.000000000000000000 ) ) ;
#4224 = CARTESIAN_POINT ( 'NONE',  ( 3.024999999999999911, 0.2250000000000045020, 3.600000000000000089 ) ) ;
#4225 = DIRECTION ( 'NONE',  ( 1.000000000000000000, 5.795304382052416415E-16, 0.000000000000000000 ) ) ;
#4226 = AXIS2_PLACEMENT_3D ( 'NONE', #257, #4126, #2125 ) ;
#4227 = EDGE_CURVE ( 'NONE', #2253, #6338, #4701, .T. ) ;
#4228 = DIRECTION ( 'NONE',  ( 6.918242433955120338E-16, -1.000000000000000000, 0.000000000000000000 ) ) ;
#4229 = ORIENTED_EDGE ( 'NONE', *, *, #1298, .T. ) ;
#4230 = ORIENTED_EDGE ( 'NONE', *, *, #8465, .T. ) ;
#4231 = ORIENTED_EDGE ( 'NONE', *, *, #4450, .T. ) ;
#4232 = SPHERICAL_SURFACE ( 'NONE', #5917, 0.2250000000000000056 ) ;
#4233 = CARTESIAN_POINT ( 'NONE',  ( 0.4000000000000000222, 0.2250000000000030032, -1.199999999999999956 ) ) ;
#4234 = CIRCLE ( 'NONE', #2428, 0.1870828693386994146 ) ;
#4235 = ADVANCED_FACE ( 'NONE', ( #7988 ), #6552, .T. ) ;
#4236 = CARTESIAN_POINT ( 'NONE',  ( -1.387082869338698954, 0.3499999999999998668, -0.4000000000000000222 ) ) ;
#4237 = DIRECTION ( 'NONE',  ( 6.918242433955120338E-16, -1.000000000000000000, 0.000000000000000000 ) ) ;
#4238 = FACE_OUTER_BOUND ( 'NONE', #6745, .T. ) ;
#4239 = EDGE_LOOP ( 'NONE', ( #6953, #322, #5676, #3505 ) ) ;
#4240 = CARTESIAN_POINT ( 'NONE',  ( 2.225000000000000089, 0.2250000000000040024, -2.799999999999999822 ) ) ;
#4241 = DIRECTION ( 'NONE',  ( 0.000000000000000000, 0.000000000000000000, 1.000000000000000000 ) ) ;
#4242 = CARTESIAN_POINT ( 'NONE',  ( 0.4000000000000000222, 0.2250000000000030032, 1.199999999999999956 ) ) ;
#4243 = CIRCLE ( 'NONE', #5505, 0.1870828693386994146 ) ;
#4244 = AXIS2_PLACEMENT_3D ( 'NONE', #5817, #8496, #7863 ) ;
#4245 = ORIENTED_EDGE ( 'NONE', *, *, #6194, .F. ) ;
#4246 = ORIENTED_EDGE ( 'NONE', *, *, #7693, .T. ) ;
#4247 = PRESENTATION_LAYER_ASSIGNMENT (  '', '', ( #6335 ) ) ;
#4248 = CIRCLE ( 'NONE', #7594, 0.2249999999999999500 ) ;
#4249 = CARTESIAN_POINT ( 'NONE',  ( -1.012917130661300957, 0.3500000000000000888, -1.199999999999999956 ) ) ;
#4250 = ORIENTED_EDGE ( 'NONE', *, *, #3125, .T. ) ;
#4251 = DIRECTION ( 'NONE',  ( -1.000000000000000000, -6.195440985631453345E-16, 0.000000000000000000 ) ) ;
#4252 = DIRECTION ( 'NONE',  ( -1.000000000000000000, 0.000000000000000000, 0.000000000000000000 ) ) ;
#4253 = CARTESIAN_POINT ( 'NONE',  ( -2.000000000000000000, 0.2250000000000000056, 0.4000000000000000222 ) ) ;
#4254 = AXIS2_PLACEMENT_3D ( 'NONE', #5990, #7260, #3256 ) ;
#4255 =( LENGTH_UNIT ( ) NAMED_UNIT ( * ) SI_UNIT ( .MILLI., .METRE. ) );
#4256 = AXIS2_PLACEMENT_3D ( 'NONE', #273, #2977, #968 ) ;
#4257 = EDGE_CURVE ( 'NONE', #5924, #2800, #4008, .T. ) ;
#4258 = DIRECTION ( 'NONE',  ( -6.938893903907230350E-16, 1.000000000000000000, 0.000000000000000000 ) ) ;
#4259 = SPHERICAL_SURFACE ( 'NONE', #2210, 0.2250000000000000056 ) ;
#4260 = EDGE_LOOP ( 'NONE', ( #7929, #6073, #7065 ) ) ;
#4261 = VERTEX_POINT ( 'NONE', #8545 ) ;
#4262 = ORIENTED_EDGE ( 'NONE', *, *, #7109, .F. ) ;
#4263 = AXIS2_PLACEMENT_3D ( 'NONE', #7724, #3772, #1767 ) ;
#4264 = FACE_OUTER_BOUND ( 'NONE', #6846, .T. ) ;
#4265 = AXIS2_PLACEMENT_3D ( 'NONE', #7057, #1914, #1098 ) ;
#4266 = SPHERICAL_SURFACE ( 'NONE', #2198, 0.2250000000000000056 ) ;
#4267 = CIRCLE ( 'NONE', #7894, 0.1870828693386994146 ) ;
#4268 = DIRECTION ( 'NONE',  ( -1.000000000000000000, 0.000000000000000000, 0.000000000000000000 ) ) ;
#4269 = DIRECTION ( 'NONE',  ( -0.000000000000000000, -0.000000000000000000, -1.000000000000000000 ) ) ;
#4270 = VERTEX_POINT ( 'NONE', #3344 ) ;
#4271 = ORIENTED_EDGE ( 'NONE', *, *, #7846, .T. ) ;
#4272 = EDGE_LOOP ( 'NONE', ( #3026, #4914, #8587, #4385 ) ) ;
#4273 = DIRECTION ( 'NONE',  ( -0.000000000000000000, -0.000000000000000000, -1.000000000000000000 ) ) ;
#4274 = AXIS2_PLACEMENT_3D ( 'NONE', #3632, #2910, #6279 ) ;
#4275 = AXIS2_PLACEMENT_3D ( 'NONE', #415, #1545, #282 ) ;
#4276 = DIRECTION ( 'NONE',  ( 1.000000000000000000, 5.795304382052429234E-16, 0.000000000000000000 ) ) ;
#4277 = CARTESIAN_POINT ( 'NONE',  ( -0.6250000000000000000, 0.2250000000000024758, -2.000000000000000000 ) ) ;
#4278 = ADVANCED_FACE ( 'NONE', ( #2519 ), #2567, .T. ) ;
#4279 = EDGE_CURVE ( 'NONE', #2666, #1691, #124, .T. ) ;
#4280 = EDGE_CURVE ( 'NONE', #4501, #746, #2635, .T. ) ;
#4281 = CIRCLE ( 'NONE', #539, 0.2249999999999999500 ) ;
#4282 = SPHERICAL_SURFACE ( 'NONE', #5601, 0.2250000000000000056 ) ;
#4283 = AXIS2_PLACEMENT_3D ( 'NONE', #5959, #1843, #5100 ) ;
#4284 = DIRECTION ( 'NONE',  ( -1.000000000000000000, 0.000000000000000000, 0.000000000000000000 ) ) ;
#4285 = DIRECTION ( 'NONE',  ( -1.000000000000000000, 0.000000000000000000, 0.000000000000000000 ) ) ;
#4286 = ADVANCED_FACE ( 'NONE', ( #8289 ), #6971, .T. ) ;
#4287 = PRESENTATION_LAYER_ASSIGNMENT (  '', '', ( #4554 ) ) ;
#4288 = DIRECTION ( 'NONE',  ( -1.000000000000000000, 0.000000000000000000, 0.000000000000000000 ) ) ;
#4289 = AXIS2_PLACEMENT_3D ( 'NONE', #6530, #7239, #4482 ) ;
#4290 = EDGE_CURVE ( 'NONE', #8249, #2276, #3597, .T. ) ;
#4291 = ORIENTED_EDGE ( 'NONE', *, *, #8559, .F. ) ;
#4292 = CIRCLE ( 'NONE', #7914, 0.2250000000000000056 ) ;
#4293 = AXIS2_PLACEMENT_3D ( 'NONE', #1610, #6871, #3571 ) ;
#4294 = ORIENTED_EDGE ( 'NONE', *, *, #5888, .F. ) ;
#4295 = CARTESIAN_POINT ( 'NONE',  ( 0.4000000000000000222, 0.2250000000000030032, -2.799999999999999822 ) ) ;
#4296 = EDGE_LOOP ( 'NONE', ( #863, #5663, #6267 ) ) ;
#4297 = CARTESIAN_POINT ( 'NONE',  ( 0.4000000000000000222, 0.2250000000000030032, 0.4000000000000000222 ) ) ;
#4298 = CARTESIAN_POINT ( 'NONE',  ( 3.375000000000000000, 0.2250000000000049738, -4.400000000000000355 ) ) ;
#4299 = DIRECTION ( 'NONE',  ( -1.000000000000000000, 0.000000000000000000, 0.000000000000000000 ) ) ;
#4300 = AXIS2_PLACEMENT_3D ( 'NONE', #7254, #1978, #5274 ) ;
#4301 = DIRECTION ( 'NONE',  ( -1.224646799147353207E-16, -0.000000000000000000, -1.000000000000000000 ) ) ;
#4302 = CARTESIAN_POINT ( 'NONE',  ( -3.024999999999999911, 0.2250000000000000056, -4.400000000000000355 ) ) ;
#4303 = ORIENTED_EDGE ( 'NONE', *, *, #472, .F. ) ;
#4304 = VERTEX_POINT ( 'NONE', #4925 ) ;
#4305 = ORIENTED_EDGE ( 'NONE', *, *, #4340, .F. ) ;
#4306 =( GEOMETRIC_REPRESENTATION_CONTEXT ( 3 ) GLOBAL_UNCERTAINTY_ASSIGNED_CONTEXT ( ( #5794 ) ) GLOBAL_UNIT_ASSIGNED_CONTEXT ( ( #607, #1221, #3797 ) ) REPRESENTATION_CONTEXT ( 'NONE', 'WORKASPACE' ) );
#4307 = AXIS2_PLACEMENT_3D ( 'NONE', #1937, #3413, #6587 ) ;
#4308 = CARTESIAN_POINT ( 'NONE',  ( 2.000000000000000000, 0.2250000000000040024, 0.4000000000000000222 ) ) ;
#4309 =( LENGTH_UNIT ( ) NAMED_UNIT ( * ) SI_UNIT ( .MILLI., .METRE. ) );
#4310 = AXIS2_PLACEMENT_3D ( 'NONE', #8228, #3528, #1606 ) ;
#4311 = CARTESIAN_POINT ( 'NONE',  ( -3.600000000000000089, 0.2250000000000000056, -3.600000000000000089 ) ) ;
#4312 = FACE_OUTER_BOUND ( 'NONE', #929, .T. ) ;
#4313 = ORIENTED_EDGE ( 'NONE', *, *, #6456, .F. ) ;
#4314 = ORIENTED_EDGE ( 'NONE', *, *, #6098, .F. ) ;
#4315 = VERTEX_POINT ( 'NONE', #1620 ) ;
#4316 = DIRECTION ( 'NONE',  ( -1.000000000000000000, 0.000000000000000000, 0.000000000000000000 ) ) ;
#4317 = SPHERICAL_SURFACE ( 'NONE', #5232, 0.2250000000000000056 ) ;
#4318 = CARTESIAN_POINT ( 'NONE',  ( 4.500000000000007105, 1.000000000000003331, -5.500000000000000000 ) ) ;
#4319 = DIRECTION ( 'NONE',  ( -1.000000000000000000, 0.000000000000000000, 0.000000000000000000 ) ) ;
#4320 = SPHERICAL_SURFACE ( 'NONE', #6150, 0.2250000000000000056 ) ;
#4321 = CIRCLE ( 'NONE', #323, 0.2249999999999999500 ) ;
#4322 = CARTESIAN_POINT ( 'NONE',  ( -3.787082869338699531, 0.3499999999999998668, -3.600000000000000089 ) ) ;
#4323 = DIRECTION ( 'NONE',  ( 5.795304382052420359E-16, -1.000000000000000000, 0.000000000000000000 ) ) ;
#4324 = ADVANCED_FACE ( 'NONE', ( #4312 ), #5675, .T. ) ;
#4325 = DIRECTION ( 'NONE',  ( 0.000000000000000000, 0.000000000000000000, -1.000000000000000000 ) ) ;
#4326 = EDGE_CURVE ( 'NONE', #8600, #3011, #4556, .T. ) ;
#4327 = AXIS2_PLACEMENT_3D ( 'NONE', #784, #3440, #7312 ) ;
#4328 = STYLED_ITEM ( 'NONE', ( #6332 ), #5572 ) ;
#4329 = VERTEX_POINT ( 'NONE', #2310 ) ;
#4330 = EDGE_CURVE ( 'NONE', #761, #1291, #2490, .T. ) ;
#4331 = ORIENTED_EDGE ( 'NONE', *, *, #5386, .T. ) ;
#4332 = DIRECTION ( 'NONE',  ( -0.000000000000000000, -0.000000000000000000, -1.000000000000000000 ) ) ;
#4333 = ORIENTED_EDGE ( 'NONE', *, *, #5568, .F. ) ;
#4334 = DIRECTION ( 'NONE',  ( 5.795304382052420359E-16, -1.000000000000000000, 0.000000000000000000 ) ) ;
#4335 = EDGE_CURVE ( 'NONE', #5256, #8409, #4420, .T. ) ;
#4336 = CIRCLE ( 'NONE', #1425, 0.1870828693386994146 ) ;
#4337 = CIRCLE ( 'NONE', #5460, 0.2249999999999999500 ) ;
#4338 = DIRECTION ( 'NONE',  ( 0.000000000000000000, 0.000000000000000000, 1.000000000000000000 ) ) ;
#4339 = SURFACE_STYLE_FILL_AREA ( #1697 ) ;
#4340 = EDGE_CURVE ( 'NONE', #7671, #2666, #5689, .T. ) ;
#4341 = FACE_OUTER_BOUND ( 'NONE', #710, .T. ) ;
#4342 = CARTESIAN_POINT ( 'NONE',  ( 2.399999999999999911, 0.3499999999999999778, 6.400000000000000355 ) ) ;
#4343 = DIRECTION ( 'NONE',  ( -1.000000000000000000, 0.000000000000000000, 0.000000000000000000 ) ) ;
#4344 = AXIS2_PLACEMENT_3D ( 'NONE', #5715, #3799, #3843 ) ;
#4345 = DIRECTION ( 'NONE',  ( -1.000000000000000000, 0.000000000000000000, 0.000000000000000000 ) ) ;
#4346 = EDGE_LOOP ( 'NONE', ( #7279, #845 ) ) ;
#4347 = DIRECTION ( 'NONE',  ( -1.000000000000000000, 0.000000000000000000, 0.000000000000000000 ) ) ;
#4348 = EDGE_LOOP ( 'NONE', ( #4, #7317, #4792 ) ) ;
#4349 = CARTESIAN_POINT ( 'NONE',  ( 3.600000000000000089, 4.987329993433320396E-15, -4.400000000000000355 ) ) ;
#4350 = PRODUCT_DEFINITION_SHAPE ( 'NONE', 'NONE',  #3230 ) ;
#4351 =( LENGTH_UNIT ( ) NAMED_UNIT ( * ) SI_UNIT ( .MILLI., .METRE. ) );
#4352 = FACE_OUTER_BOUND ( 'NONE', #7332, .T. ) ;
#4353 = DIRECTION ( 'NONE',  ( 1.000000000000000000, 0.000000000000000000, 0.000000000000000000 ) ) ;
#4354 = ORIENTED_EDGE ( 'NONE', *, *, #2965, .T. ) ;
#4355 = AXIS2_PLACEMENT_3D ( 'NONE', #482, #692, #3912 ) ;
#4356 = EDGE_LOOP ( 'NONE', ( #3834, #4567, #8524 ) ) ;
#4357 = ORIENTED_EDGE ( 'NONE', *, *, #7322, .F. ) ;
#4358 = FACE_OUTER_BOUND ( 'NONE', #2842, .T. ) ;
#4359 = SPHERICAL_SURFACE ( 'NONE', #8031, 0.2250000000000000056 ) ;
#4360 = DIRECTION ( 'NONE',  ( -1.000000000000000000, 0.000000000000000000, 0.000000000000000000 ) ) ;
#4361 = SPHERICAL_SURFACE ( 'NONE', #228, 0.2250000000000000056 ) ;
#4362 = CIRCLE ( 'NONE', #5482, 0.2250000000000000056 ) ;
#4363 = CARTESIAN_POINT ( 'NONE',  ( 1.199999999999999956, 0.3499999999999999778, 2.000000000000000000 ) ) ;
#4364 = ORIENTED_EDGE ( 'NONE', *, *, #8618, .T. ) ;
#4365 = AXIS2_PLACEMENT_3D ( 'NONE', #8400, #6940, #372 ) ;
#4366 = DIRECTION ( 'NONE',  ( -0.000000000000000000, -0.000000000000000000, -1.000000000000000000 ) ) ;
#4367 = CARTESIAN_POINT ( 'NONE',  ( 1.775000000000000133, 0.2250000000000040024, 2.000000000000000000 ) ) ;
#4368 = DIRECTION ( 'NONE',  ( 5.795304382052420359E-16, -1.000000000000000000, 0.000000000000000000 ) ) ;
#4369 = SURFACE_STYLE_FILL_AREA ( #5026 ) ;
#4370 =( NAMED_UNIT ( * ) SI_UNIT ( $, .STERADIAN. ) SOLID_ANGLE_UNIT ( ) );
#4371 = CIRCLE ( 'NONE', #6043, 0.1870828693386994146 ) ;
#4372 = ORIENTED_EDGE ( 'NONE', *, *, #938, .T. ) ;
#4373 = ADVANCED_FACE ( 'NONE', ( #3710 ), #1577, .T. ) ;
#4374 = ORIENTED_EDGE ( 'NONE', *, *, #881, .T. ) ;
#4375 = CIRCLE ( 'NONE', #7994, 0.2249999999999999500 ) ;
#4376 = LINE ( 'NONE', #3652, #4143 ) ;
#4377 = EDGE_CURVE ( 'NONE', #1691, #2666, #1924, .T. ) ;
#4378 = PRODUCT_CONTEXT ( 'NONE', #4781, 'mechanical' ) ;
#4379 = FILL_AREA_STYLE ('',( #8416 ) ) ;
#4380 = EDGE_CURVE ( 'NONE', #4138, #5752, #6643, .T. ) ;
#4381 = COLOUR_RGB ( '',0.7921568627450980005, 0.8196078431372548767, 0.9333333333333333481 ) ;
#4382 = DIRECTION ( 'NONE',  ( 0.000000000000000000, 1.000000000000000000, 0.000000000000000000 ) ) ;
#4383 = AXIS2_PLACEMENT_3D ( 'NONE', #6716, #4668, #1413 ) ;
#4384 = ADVANCED_FACE ( 'NONE', ( #2861 ), #5545, .T. ) ;
#4385 = ORIENTED_EDGE ( 'NONE', *, *, #7390, .T. ) ;
#4386 = ADVANCED_FACE ( 'NONE', ( #882 ), #4836, .F. ) ;
#4387 = PLANE ( 'NONE',  #8117 ) ;
#4388 = VERTEX_POINT ( 'NONE', #5634 ) ;
#4389 = CARTESIAN_POINT ( 'NONE',  ( -1.199999999999999956, 0.2250000000000000056, 0.4000000000000000222 ) ) ;
#4390 = DIRECTION ( 'NONE',  ( -1.224646799147353207E-16, -0.000000000000000000, -1.000000000000000000 ) ) ;
#4391 = AXIS2_PLACEMENT_3D ( 'NONE', #6176, #6747, #1442 ) ;
#4392 = AXIS2_PLACEMENT_3D ( 'NONE', #149, #4010, #704 ) ;
#4393 = ADVANCED_FACE ( 'NONE', ( #7503 ), #924, .T. ) ;
#4394 = UNCERTAINTY_MEASURE_WITH_UNIT (LENGTH_MEASURE( 1.000000000000000082E-05 ), #7695, 'distance_accuracy_value', 'NONE');
#4395 = DIRECTION ( 'NONE',  ( -1.000000000000000000, 0.000000000000000000, 0.000000000000000000 ) ) ;
#4396 = CARTESIAN_POINT ( 'NONE',  ( -2.000000000000000000, 0.3499999999999999778, 0.4000000000000000222 ) ) ;
#4397 = DIRECTION ( 'NONE',  ( 0.000000000000000000, 0.000000000000000000, 1.000000000000000000 ) ) ;
#4398 = AXIS2_PLACEMENT_3D ( 'NONE', #8321, #2338, #4994 ) ;
#4399 = VERTEX_POINT ( 'NONE', #319 ) ;
#4400 = AXIS2_PLACEMENT_3D ( 'NONE', #3682, #5736, #6823 ) ;
#4401 = EDGE_LOOP ( 'NONE', ( #4146, #1541, #4663, #4828 ) ) ;
#4402 = ORIENTED_EDGE ( 'NONE', *, *, #6399, .T. ) ;
#4403 = FACE_OUTER_BOUND ( 'NONE', #5522, .T. ) ;
#4404 = DIRECTION ( 'NONE',  ( 0.000000000000000000, 1.000000000000000000, 0.000000000000000000 ) ) ;
#4405 = AXIS2_PLACEMENT_3D ( 'NONE', #8019, #7933, #7418 ) ;
#4406 = AXIS2_PLACEMENT_3D ( 'NONE', #6374, #1119, #3080 ) ;
#4407 = DIRECTION ( 'NONE',  ( 1.000000000000000000, 5.795304382052416415E-16, 0.000000000000000000 ) ) ;
#4408 = CARTESIAN_POINT ( 'NONE',  ( -0.4000000000000000222, 0.2250000000000024758, -2.000000000000000000 ) ) ;
#4409 = CIRCLE ( 'NONE', #1646, 0.2249999999999999500 ) ;
#4410 = CIRCLE ( 'NONE', #2909, 0.1870828693386994146 ) ;
#4411 = CARTESIAN_POINT ( 'NONE',  ( 1.387082869338698954, 0.3500000000000000888, 0.3999999999999999667 ) ) ;
#4412 = CARTESIAN_POINT ( 'NONE',  ( -3.375000000000000000, 0.2250000000000000056, -4.400000000000000355 ) ) ;
#4413 = CARTESIAN_POINT ( 'NONE',  ( 0.4000000000000000222, 0.2250000000000030032, -0.4000000000000000222 ) ) ;
#4414 = AXIS2_PLACEMENT_3D ( 'NONE', #6877, #3537, #8146 ) ;
#4415 = AXIS2_PLACEMENT_3D ( 'NONE', #6958, #2427, #6339 ) ;
#4416 = SURFACE_STYLE_FILL_AREA ( #3159 ) ;
#4417 = ORIENTED_EDGE ( 'NONE', *, *, #4921, .T. ) ;
#4418 = ORIENTED_EDGE ( 'NONE', *, *, #7756, .F. ) ;
#4419 = DIRECTION ( 'NONE',  ( -1.224646799147353207E-16, -0.000000000000000000, -1.000000000000000000 ) ) ;
#4420 = CIRCLE ( 'NONE', #7493, 0.2250000000000000056 ) ;
#4421 = CARTESIAN_POINT ( 'NONE',  ( -3.699999999999998845, 1.000000000000000444, -4.699999999999999289 ) ) ;
#4422 = DIRECTION ( 'NONE',  ( -1.000000000000000000, -6.918242433955120338E-16, 0.000000000000000000 ) ) ;
#4423 = DIRECTION ( 'NONE',  ( -1.000000000000000000, 0.000000000000000000, 0.000000000000000000 ) ) ;
#4424 = AXIS2_PLACEMENT_3D ( 'NONE', #5200, #6244, #125 ) ;
#4425 = AXIS2_PLACEMENT_3D ( 'NONE', #306, #6963, #7095 ) ;
#4426 = SPHERICAL_SURFACE ( 'NONE', #4853, 0.2250000000000000056 ) ;
#4427 = ORIENTED_EDGE ( 'NONE', *, *, #4647, .F. ) ;
#4428 = DIRECTION ( 'NONE',  ( -1.000000000000000000, 0.000000000000000000, 0.000000000000000000 ) ) ;
#4429 = EDGE_LOOP ( 'NONE', ( #1829, #7721 ) ) ;
#4430 = DIRECTION ( 'NONE',  ( 0.000000000000000000, 0.000000000000000000, 1.000000000000000000 ) ) ;
#4431 = DIRECTION ( 'NONE',  ( -1.000000000000000000, 0.000000000000000000, 0.000000000000000000 ) ) ;
#4432 = MECHANICAL_DESIGN_GEOMETRIC_PRESENTATION_REPRESENTATION (  '', ( #1384 ), #1521 ) ;
#4433 = AXIS2_PLACEMENT_3D ( 'NONE', #6378, #4500, #8405 ) ;
#4434 = EDGE_CURVE ( 'NONE', #268, #8132, #4979, .T. ) ;
#4435 = SURFACE_STYLE_USAGE ( .BOTH. , #3751 ) ;
#4436 = EDGE_CURVE ( 'NONE', #5870, #789, #8617, .T. ) ;
#4437 = FACE_OUTER_BOUND ( 'NONE', #2852, .T. ) ;
#4438 = SURFACE_STYLE_USAGE ( .BOTH. , #7842 ) ;
#4439 = DIRECTION ( 'NONE',  ( -1.000000000000000000, 0.000000000000000000, 0.000000000000000000 ) ) ;
#4440 = CIRCLE ( 'NONE', #3754, 0.1870828693386989983 ) ;
#4441 = CARTESIAN_POINT ( 'NONE',  ( 3.824999999999999734, 0.2250000000000049738, 4.400000000000000355 ) ) ;
#4442 = STYLED_ITEM ( 'NONE', ( #676 ), #5302 ) ;
#4443 = EDGE_LOOP ( 'NONE', ( #8408, #279, #4139, #2420 ) ) ;
#4444 = ADVANCED_FACE ( 'NONE', ( #1183 ), #7844, .T. ) ;
#4445 = ORIENTED_EDGE ( 'NONE', *, *, #5325, .T. ) ;
#4446 = ORIENTED_EDGE ( 'NONE', *, *, #5733, .T. ) ;
#4447 = SURFACE_SIDE_STYLE ('',( #8526 ) ) ;
#4448 = DIRECTION ( 'NONE',  ( 0.000000000000000000, 1.000000000000000000, 0.000000000000000000 ) ) ;
#4449 = CARTESIAN_POINT ( 'NONE',  ( -0.4000000000000000222, 0.2250000000000024758, -1.199999999999999956 ) ) ;
#4450 = EDGE_CURVE ( 'NONE', #6965, #6905, #1660, .T. ) ;
#4451 = CARTESIAN_POINT ( 'NONE',  ( 1.199999999999999956, 0.2250000000000035028, -1.199999999999999956 ) ) ;
#4452 = ADVANCED_FACE ( 'NONE', ( #576 ), #1103, .T. ) ;
#4453 = DIRECTION ( 'NONE',  ( -1.224646799147353207E-16, -0.000000000000000000, -1.000000000000000000 ) ) ;
#4454 = CARTESIAN_POINT ( 'NONE',  ( -0.1750000000000000167, 0.2250000000000024758, 1.199999999999999956 ) ) ;
#4455 = VERTEX_POINT ( 'NONE', #8385 ) ;
#4456 = CARTESIAN_POINT ( 'NONE',  ( 0.4000000000000000222, 0.2250000000000030032, -1.199999999999999956 ) ) ;
#4457 = CARTESIAN_POINT ( 'NONE',  ( 0.4000000000000000222, 0.3499999999999999778, -0.4000000000000000222 ) ) ;
#4458 = DIRECTION ( 'NONE',  ( 1.000000000000000000, 5.795304382052414442E-16, 0.000000000000000000 ) ) ;
#4459 = SURFACE_SIDE_STYLE ('',( #1818 ) ) ;
#4460 = DIRECTION ( 'NONE',  ( 5.795304382052420359E-16, -1.000000000000000000, 0.000000000000000000 ) ) ;
#4461 = ORIENTED_EDGE ( 'NONE', *, *, #6833, .F. ) ;
#4462 = ORIENTED_EDGE ( 'NONE', *, *, #3381, .F. ) ;
#4463 = DIRECTION ( 'NONE',  ( 5.795304382052420359E-16, -1.000000000000000000, 0.000000000000000000 ) ) ;
#4464 = CARTESIAN_POINT ( 'NONE',  ( 0.4000000000000000222, 0.2250000000000030032, -2.000000000000000000 ) ) ;
#4465 =( LENGTH_UNIT ( ) NAMED_UNIT ( * ) SI_UNIT ( .MILLI., .METRE. ) );
#4466 = CIRCLE ( 'NONE', #4597, 0.2249999999999999500 ) ;
#4467 = STYLED_ITEM ( 'NONE', ( #4164 ), #5543 ) ;
#4468 = DIRECTION ( 'NONE',  ( -1.224646799147353207E-16, -0.000000000000000000, -1.000000000000000000 ) ) ;
#4469 = ORIENTED_EDGE ( 'NONE', *, *, #7437, .T. ) ;
#4470 = AXIS2_PLACEMENT_3D ( 'NONE', #1590, #3678, #8396 ) ;
#4471 = PRESENTATION_LAYER_ASSIGNMENT (  '', '', ( #317 ) ) ;
#4472 = DIRECTION ( 'NONE',  ( -1.000000000000000000, 0.000000000000000000, 0.000000000000000000 ) ) ;
#4473 = ORIENTED_EDGE ( 'NONE', *, *, #5831, .F. ) ;
#4474 = CARTESIAN_POINT ( 'NONE',  ( -3.699999999999998845, 0.9500000000000003997, -4.699999999999999289 ) ) ;
#4475 = CARTESIAN_POINT ( 'NONE',  ( -2.000000000000000000, 0.2250000000000000056, 1.199999999999999956 ) ) ;
#4476 = FACE_OUTER_BOUND ( 'NONE', #7151, .T. ) ;
#4477 = UNCERTAINTY_MEASURE_WITH_UNIT (LENGTH_MEASURE( 1.000000000000000082E-05 ), #2887, 'distance_accuracy_value', 'NONE');
#4478 = CARTESIAN_POINT ( 'NONE',  ( -1.199999999999999956, 0.2250000000000000056, -1.199999999999999956 ) ) ;
#4479 =( NAMED_UNIT ( * ) PLANE_ANGLE_UNIT ( ) SI_UNIT ( $, .RADIAN. ) );
#4480 = CIRCLE ( 'NONE', #4761, 0.2249999999999999500 ) ;
#4481 = CARTESIAN_POINT ( 'NONE',  ( 2.000000000000000000, 0.2250000000000040024, 1.199999999999999956 ) ) ;
#4482 = DIRECTION ( 'NONE',  ( -1.000000000000000000, 0.000000000000000000, 0.000000000000000000 ) ) ;
#4483 = EDGE_LOOP ( 'NONE', ( #7835, #1664, #6875, #5803 ) ) ;
#4484 = EDGE_CURVE ( 'NONE', #4158, #2358, #6505, .T. ) ;
#4485 = ORIENTED_EDGE ( 'NONE', *, *, #4644, .F. ) ;
#4486 = VERTEX_POINT ( 'NONE', #4441 ) ;
#4487 = DIRECTION ( 'NONE',  ( 1.000000000000000000, 5.795304382052431206E-16, 0.000000000000000000 ) ) ;
#4488 = DIRECTION ( 'NONE',  ( -0.000000000000000000, -0.000000000000000000, -1.000000000000000000 ) ) ;
#4489 = DIRECTION ( 'NONE',  ( -1.224646799147353207E-16, -0.000000000000000000, -1.000000000000000000 ) ) ;
#4490 = ADVANCED_FACE ( 'NONE', ( #407 ), #5177, .T. ) ;
#4491 = CARTESIAN_POINT ( 'NONE',  ( -1.199999999999999956, 0.000000000000000000, -2.000000000000000000 ) ) ;
#4492 = CLOSED_SHELL ( 'NONE', ( #667, #1469, #7528, #5271, #2925 ) ) ;
#4493 = CARTESIAN_POINT ( 'NONE',  ( -0.4000000000000000222, 0.3499999999999999778, 1.199999999999999956 ) ) ;
#4494 = EDGE_CURVE ( 'NONE', #7965, #6656, #5847, .T. ) ;
#4495 = EDGE_CURVE ( 'NONE', #954, #2822, #4149, .T. ) ;
#4496 = DIRECTION ( 'NONE',  ( -1.224646799147353207E-16, -0.000000000000000000, -1.000000000000000000 ) ) ;
#4497 = DIRECTION ( 'NONE',  ( 1.000000000000000000, 5.795304382052429234E-16, 0.000000000000000000 ) ) ;
#4498 = AXIS2_PLACEMENT_3D ( 'NONE', #558, #6681, #2565 ) ;
#4499 = FACE_OUTER_BOUND ( 'NONE', #3203, .T. ) ;
#4500 = DIRECTION ( 'NONE',  ( 5.795304382052420359E-16, -1.000000000000000000, 0.000000000000000000 ) ) ;
#4501 = VERTEX_POINT ( 'NONE', #7104 ) ;
#4502 = AXIS2_PLACEMENT_3D ( 'NONE', #2203, #3420, #6855 ) ;
#4503 = DIRECTION ( 'NONE',  ( -0.000000000000000000, -0.000000000000000000, -1.000000000000000000 ) ) ;
#4504 = FACE_OUTER_BOUND ( 'NONE', #5758, .T. ) ;
#4505 = PLANE ( 'NONE',  #679 ) ;
#4506 = DIRECTION ( 'NONE',  ( 6.918242433955120338E-16, -1.000000000000000000, 0.000000000000000000 ) ) ;
#4507 = AXIS2_PLACEMENT_3D ( 'NONE', #3288, #2557, #3329 ) ;
#4508 = SURFACE_STYLE_FILL_AREA ( #8510 ) ;
#4509 = DIRECTION ( 'NONE',  ( 0.000000000000000000, 0.000000000000000000, 1.000000000000000000 ) ) ;
#4510 = ORIENTED_EDGE ( 'NONE', *, *, #4221, .T. ) ;
#4511 = CIRCLE ( 'NONE', #2590, 0.2249999999999999500 ) ;
#4512 = VERTEX_POINT ( 'NONE', #3883 ) ;
#4513 = ORIENTED_EDGE ( 'NONE', *, *, #2213, .T. ) ;
#4514 = FILL_AREA_STYLE ('',( #3995 ) ) ;
#4515 = DIRECTION ( 'NONE',  ( -1.000000000000000000, 0.000000000000000000, 0.000000000000000000 ) ) ;
#4516 = EDGE_CURVE ( 'NONE', #5116, #3178, #1511, .T. ) ;
#4517 = DIRECTION ( 'NONE',  ( -0.000000000000000000, -0.000000000000000000, -1.000000000000000000 ) ) ;
#4518 = COLOUR_RGB ( '',0.7921568627450980005, 0.8196078431372548767, 0.9333333333333333481 ) ;
#4519 = CIRCLE ( 'NONE', #3970, 0.1870828693386994146 ) ;
#4520 = DIRECTION ( 'NONE',  ( -1.000000000000000000, 0.000000000000000000, 0.000000000000000000 ) ) ;
#4521 = DIRECTION ( 'NONE',  ( 1.000000000000000000, 0.000000000000000000, 0.000000000000000000 ) ) ;
#4522 = EDGE_LOOP ( 'NONE', ( #6134, #6346 ) ) ;
#4523 = ORIENTED_EDGE ( 'NONE', *, *, #4279, .T. ) ;
#4524 = VERTEX_POINT ( 'NONE', #5881 ) ;
#4525 = CIRCLE ( 'NONE', #8303, 0.2249999999999999500 ) ;
#4526 = DIRECTION ( 'NONE',  ( -0.000000000000000000, -0.000000000000000000, -1.000000000000000000 ) ) ;
#4527 = FACE_OUTER_BOUND ( 'NONE', #174, .T. ) ;
#4528 = FILL_AREA_STYLE ('',( #1882 ) ) ;
#4529 =( GEOMETRIC_REPRESENTATION_CONTEXT ( 3 ) GLOBAL_UNCERTAINTY_ASSIGNED_CONTEXT ( ( #8518 ) ) GLOBAL_UNIT_ASSIGNED_CONTEXT ( ( #6084, #736, #6782 ) ) REPRESENTATION_CONTEXT ( 'NONE', 'WORKASPACE' ) );
#4530 = CARTESIAN_POINT ( 'NONE',  ( 3.600000000000000089, 0.2250000000000049738, 3.600000000000000089 ) ) ;
#4531 = PRESENTATION_LAYER_ASSIGNMENT (  '', '', ( #8309 ) ) ;
#4532 = CARTESIAN_POINT ( 'NONE',  ( 3.600000000000000089, 0.2250000000000049738, -3.600000000000000089 ) ) ;
#4533 = EDGE_LOOP ( 'NONE', ( #4198, #6475 ) ) ;
#4534 = DIRECTION ( 'NONE',  ( 1.000000000000000000, 5.795304382052416415E-16, 0.000000000000000000 ) ) ;
#4535 = CIRCLE ( 'NONE', #5937, 0.2249999999999999500 ) ;
#4536 = MECHANICAL_DESIGN_GEOMETRIC_PRESENTATION_REPRESENTATION (  '', ( #7310 ), #2299 ) ;
#4537 = DIRECTION ( 'NONE',  ( 5.795304382052420359E-16, -1.000000000000000000, 0.000000000000000000 ) ) ;
#4538 = EDGE_CURVE ( 'NONE', #7018, #6928, #5954, .T. ) ;
#4539 = ADVANCED_FACE ( 'NONE', ( #1836 ), #1800, .T. ) ;
#4540 = CARTESIAN_POINT ( 'NONE',  ( -3.349999999999998757, 0.9500000000000006217, -4.699999999999999289 ) ) ;
#4541 =( LENGTH_UNIT ( ) NAMED_UNIT ( * ) SI_UNIT ( .MILLI., .METRE. ) );
#4542 = CIRCLE ( 'NONE', #8475, 0.2249999999999999500 ) ;
#4543 = FACE_OUTER_BOUND ( 'NONE', #7419, .T. ) ;
#4544 = AXIS2_PLACEMENT_3D ( 'NONE', #4233, #6321, #2405 ) ;
#4545 = ORIENTED_EDGE ( 'NONE', *, *, #2375, .F. ) ;
#4546 = DIRECTION ( 'NONE',  ( 6.918242433955120338E-16, -1.000000000000000000, 0.000000000000000000 ) ) ;
#4547 = EDGE_CURVE ( 'NONE', #3821, #6175, #3881, .T. ) ;
#4548 = FACE_OUTER_BOUND ( 'NONE', #7461, .T. ) ;
#4549 = CIRCLE ( 'NONE', #6504, 0.2249999999999999500 ) ;
#4550 = CARTESIAN_POINT ( 'NONE',  ( 1.199999999999999956, 0.2250000000000035028, 0.4000000000000000222 ) ) ;
#4551 = CIRCLE ( 'NONE', #5821, 0.2250000000000000056 ) ;
#4552 = ADVANCED_FACE ( 'NONE', ( #490 ), #6397, .T. ) ;
#4553 = PRESENTATION_STYLE_ASSIGNMENT (( #5908 ) ) ;
#4554 = STYLED_ITEM ( 'NONE', ( #3485 ), #8173 ) ;
#4555 = DIRECTION ( 'NONE',  ( 0.000000000000000000, 0.000000000000000000, 1.000000000000000000 ) ) ;
#4556 = CIRCLE ( 'NONE', #7776, 0.2249999999999999500 ) ;
#4557 = EDGE_LOOP ( 'NONE', ( #5998, #4462 ) ) ;
#4558 = CARTESIAN_POINT ( 'NONE',  ( -2.000000000000000000, 0.2250000000000000056, 2.000000000000000000 ) ) ;
#4559 = VERTEX_POINT ( 'NONE', #7763 ) ;
#4560 = CARTESIAN_POINT ( 'NONE',  ( -2.000000000000000000, 0.2250000000000000056, 2.000000000000000000 ) ) ;
#4561 = DIRECTION ( 'NONE',  ( 0.000000000000000000, 1.000000000000000000, 0.000000000000000000 ) ) ;
#4562 = UNCERTAINTY_MEASURE_WITH_UNIT (LENGTH_MEASURE( 1.000000000000000082E-05 ), #8353, 'distance_accuracy_value', 'NONE');
#4563 = DIRECTION ( 'NONE',  ( -0.000000000000000000, -0.000000000000000000, -1.000000000000000000 ) ) ;
#4564 = DIRECTION ( 'NONE',  ( -1.000000000000000000, 0.000000000000000000, 0.000000000000000000 ) ) ;
#4565 = AXIS2_PLACEMENT_3D ( 'NONE', #1662, #7494, #8330 ) ;
#4566 = CARTESIAN_POINT ( 'NONE',  ( 2.000000000000000000, 0.2250000000000040024, -2.000000000000000000 ) ) ;
#4567 = ORIENTED_EDGE ( 'NONE', *, *, #4175, .F. ) ;
#4568 = VERTEX_POINT ( 'NONE', #5798 ) ;
#4569 = EDGE_LOOP ( 'NONE', ( #3525, #6863, #5235 ) ) ;
#4570 = COLOUR_RGB ( '',1.000000000000000000, 1.000000000000000000, 1.000000000000000000 ) ;
#4571 = AXIS2_PLACEMENT_3D ( 'NONE', #1200, #7865, #2607 ) ;
#4572 = SPHERICAL_SURFACE ( 'NONE', #2913, 0.2250000000000000056 ) ;
#4573 = CARTESIAN_POINT ( 'NONE',  ( 0.4000000000000000222, 0.2250000000000030032, -2.799999999999999822 ) ) ;
#4574 = DIRECTION ( 'NONE',  ( -0.000000000000000000, -0.000000000000000000, -1.000000000000000000 ) ) ;
#4575 = AXIS2_PLACEMENT_3D ( 'NONE', #2560, #7253, #1197 ) ;
#4576 = AXIS2_PLACEMENT_3D ( 'NONE', #2989, #8301, #3033 ) ;
#4577 = DIRECTION ( 'NONE',  ( -0.000000000000000000, -0.000000000000000000, -1.000000000000000000 ) ) ;
#4578 = ORIENTED_EDGE ( 'NONE', *, *, #6459, .F. ) ;
#4579 = DIRECTION ( 'NONE',  ( -1.000000000000000000, 0.000000000000000000, 0.000000000000000000 ) ) ;
#4580 = SPHERICAL_SURFACE ( 'NONE', #4679, 0.2250000000000000056 ) ;
#4581 = CARTESIAN_POINT ( 'NONE',  ( -1.199999999999999956, 0.3499999999999999778, 2.799999999999999822 ) ) ;
#4582 = AXIS2_PLACEMENT_3D ( 'NONE', #302, #1658, #4299 ) ;
#4583 = DIRECTION ( 'NONE',  ( 0.000000000000000000, 0.000000000000000000, 1.000000000000000000 ) ) ;
#4584 = ORIENTED_EDGE ( 'NONE', *, *, #255, .F. ) ;
#4585 = ADVANCED_FACE ( 'NONE', ( #8479 ), #7314, .T. ) ;
#4586 = SPHERICAL_SURFACE ( 'NONE', #8274, 0.2250000000000000056 ) ;
#4587 = DIRECTION ( 'NONE',  ( 1.000000000000000000, 0.000000000000000000, 0.000000000000000000 ) ) ;
#4588 = CARTESIAN_POINT ( 'NONE',  ( -4.499999999999999112, 0.9999999999999970024, 5.500000000000000000 ) ) ;
#4589 = ADVANCED_FACE ( 'NONE', ( #46 ), #4605, .F. ) ;
#4590 = FILL_AREA_STYLE_COLOUR ( '', #32 ) ;
#4591 = EDGE_CURVE ( 'NONE', #8464, #1079, #4987, .T. ) ;
#4592 = ORIENTED_EDGE ( 'NONE', *, *, #1475, .F. ) ;
#4593 = EDGE_CURVE ( 'NONE', #700, #3980, #3325, .T. ) ;
#4594 = DIRECTION ( 'NONE',  ( -1.000000000000000000, 0.000000000000000000, 0.000000000000000000 ) ) ;
#4595 = ORIENTED_EDGE ( 'NONE', *, *, #5349, .T. ) ;
#4596 = SURFACE_STYLE_FILL_AREA ( #7956 ) ;
#4597 = AXIS2_PLACEMENT_3D ( 'NONE', #4566, #608, #3268 ) ;
#4598 = EDGE_CURVE ( 'NONE', #2916, #5636, #5694, .T. ) ;
#4599 = SPHERICAL_SURFACE ( 'NONE', #1794, 0.2250000000000000056 ) ;
#4600 =( NAMED_UNIT ( * ) SI_UNIT ( $, .STERADIAN. ) SOLID_ANGLE_UNIT ( ) );
#4601 = SURFACE_STYLE_USAGE ( .BOTH. , #741 ) ;
#4602 = DIRECTION ( 'NONE',  ( -1.000000000000000000, 0.000000000000000000, 0.000000000000000000 ) ) ;
#4603 = CIRCLE ( 'NONE', #865, 0.2249999999999999500 ) ;
#4604 = AXIS2_PLACEMENT_3D ( 'NONE', #6684, #6163, #7394 ) ;
#4605 = PLANE ( 'NONE',  #6236 ) ;
#4606 = ORIENTED_EDGE ( 'NONE', *, *, #6307, .F. ) ;
#4607 = ORIENTED_EDGE ( 'NONE', *, *, #6255, .T. ) ;
#4608 = ORIENTED_EDGE ( 'NONE', *, *, #5641, .T. ) ;
#4609 = PRESENTATION_STYLE_ASSIGNMENT (( #7890 ) ) ;
#4610 = DIRECTION ( 'NONE',  ( 1.000000000000000000, 0.000000000000000000, 0.000000000000000000 ) ) ;
#4611 = AXIS2_PLACEMENT_3D ( 'NONE', #7339, #8079, #8120 ) ;
#4612 = CIRCLE ( 'NONE', #6427, 0.1870828693386994146 ) ;
#4613 = CARTESIAN_POINT ( 'NONE',  ( -1.199999999999999956, 0.3499999999999999778, -1.199999999999999956 ) ) ;
#4614 = FACE_OUTER_BOUND ( 'NONE', #2906, .T. ) ;
#4615 = DIRECTION ( 'NONE',  ( 0.000000000000000000, 1.000000000000000000, 0.000000000000000000 ) ) ;
#4616 = DIRECTION ( 'NONE',  ( -1.000000000000000000, -6.195440985631453345E-16, 0.000000000000000000 ) ) ;
#4617 = ORIENTED_EDGE ( 'NONE', *, *, #575, .F. ) ;
#4618 = EDGE_LOOP ( 'NONE', ( #8279, #3286, #1441 ) ) ;
#4619 = DIRECTION ( 'NONE',  ( -1.000000000000000000, 0.000000000000000000, 0.000000000000000000 ) ) ;
#4620 = DIRECTION ( 'NONE',  ( -1.224646799147353207E-16, -0.000000000000000000, -1.000000000000000000 ) ) ;
#4621 = CARTESIAN_POINT ( 'NONE',  ( -3.787082869338699531, 0.3499999999999998668, 3.600000000000000089 ) ) ;
#4622 = DIRECTION ( 'NONE',  ( 0.000000000000000000, 0.000000000000000000, 1.000000000000000000 ) ) ;
#4623 = FILL_AREA_STYLE_COLOUR ( '', #6114 ) ;
#4624 = CLOSED_SHELL ( 'NONE', ( #6676, #8063, #4816, #2260, #3691 ) ) ;
#4625 = CARTESIAN_POINT ( 'NONE',  ( 1.199999999999999956, 0.3499999999999999778, 0.4000000000000000222 ) ) ;
#4626 = DIRECTION ( 'NONE',  ( 1.000000000000000000, 0.000000000000000000, 0.000000000000000000 ) ) ;
#4627 = ORIENTED_EDGE ( 'NONE', *, *, #6070, .T. ) ;
#4628 = AXIS2_PLACEMENT_3D ( 'NONE', #4636, #2033, #2575 ) ;
#4629 = DIRECTION ( 'NONE',  ( 0.000000000000000000, 1.000000000000000000, 0.000000000000000000 ) ) ;
#4630 = DIRECTION ( 'NONE',  ( -1.000000000000000000, 0.000000000000000000, 0.000000000000000000 ) ) ;
#4631 = CARTESIAN_POINT ( 'NONE',  ( -2.612917130661300380, 0.3500000000000000888, 3.600000000000000089 ) ) ;
#4632 = ADVANCED_FACE ( 'NONE', ( #3270 ), #699, .T. ) ;
#4633 = AXIS2_PLACEMENT_3D ( 'NONE', #2750, #5246, #1990 ) ;
#4634 = DIRECTION ( 'NONE',  ( -1.000000000000000000, 0.000000000000000000, 0.000000000000000000 ) ) ;
#4635 = ORIENTED_EDGE ( 'NONE', *, *, #3858, .T. ) ;
#4636 = CARTESIAN_POINT ( 'NONE',  ( 1.199999999999999956, 0.2250000000000035028, -2.799999999999999822 ) ) ;
#4637 = ORIENTED_EDGE ( 'NONE', *, *, #6884, .F. ) ;
#4638 = AXIS2_PLACEMENT_3D ( 'NONE', #2836, #764, #6076 ) ;
#4639 = CARTESIAN_POINT ( 'NONE',  ( 2.799999999999999822, 0.2250000000000045020, -4.400000000000000355 ) ) ;
#4640 = DIRECTION ( 'NONE',  ( -1.000000000000000000, 0.000000000000000000, 0.000000000000000000 ) ) ;
#4641 = UNCERTAINTY_MEASURE_WITH_UNIT (LENGTH_MEASURE( 1.000000000000000082E-05 ), #3279, 'distance_accuracy_value', 'NONE');
#4642 = SURFACE_SIDE_STYLE ('',( #2670 ) ) ;
#4643 = EDGE_CURVE ( 'NONE', #4486, #1293, #128, .T. ) ;
#4644 = EDGE_CURVE ( 'NONE', #8378, #7966, #5830, .T. ) ;
#4645 = EDGE_CURVE ( 'NONE', #5678, #4399, #5253, .T. ) ;
#4646 = CARTESIAN_POINT ( 'NONE',  ( -2.000000000000000000, 0.2250000000000000056, -1.199999999999999956 ) ) ;
#4647 = EDGE_CURVE ( 'NONE', #5664, #4270, #4848, .T. ) ;
#4648 = DIRECTION ( 'NONE',  ( -0.000000000000000000, -0.000000000000000000, -1.000000000000000000 ) ) ;
#4649 = ORIENTED_EDGE ( 'NONE', *, *, #6259, .F. ) ;
#4650 = VERTEX_POINT ( 'NONE', #1397 ) ;
#4651 = ORIENTED_EDGE ( 'NONE', *, *, #4072, .T. ) ;
#4652 = ADVANCED_FACE ( 'NONE', ( #4738 ), #4046, .F. ) ;
#4653 = DIRECTION ( 'NONE',  ( -6.918242433955120338E-16, 1.000000000000000000, -0.000000000000000000 ) ) ;
#4654 = AXIS2_PLACEMENT_3D ( 'NONE', #6987, #1029, #3727 ) ;
#4655 = DIRECTION ( 'NONE',  ( -1.000000000000000000, 0.000000000000000000, 0.000000000000000000 ) ) ;
#4656 = EDGE_CURVE ( 'NONE', #642, #408, #1109, .T. ) ;
#4657 = DIRECTION ( 'NONE',  ( -1.000000000000000000, 0.000000000000000000, 0.000000000000000000 ) ) ;
#4658 = DIRECTION ( 'NONE',  ( -1.224646799147353207E-16, -0.000000000000000000, -1.000000000000000000 ) ) ;
#4659 = CARTESIAN_POINT ( 'NONE',  ( -1.199999999999999956, 0.3499999999999999778, 2.000000000000000000 ) ) ;
#4660 = PRESENTATION_LAYER_ASSIGNMENT (  '', '', ( #7310 ) ) ;
#4661 = EDGE_LOOP ( 'NONE', ( #4333, #2823, #5468 ) ) ;
#4662 = AXIS2_PLACEMENT_3D ( 'NONE', #1587, #1632, #7719 ) ;
#4663 = ORIENTED_EDGE ( 'NONE', *, *, #5088, .T. ) ;
#4664 = ORIENTED_EDGE ( 'NONE', *, *, #4704, .F. ) ;
#4665 = PLANE ( 'NONE',  #7301 ) ;
#4666 = CARTESIAN_POINT ( 'NONE',  ( -3.349999999999998757, 0.9500000000000006217, -4.699999999999999289 ) ) ;
#4667 = CARTESIAN_POINT ( 'NONE',  ( -1.387082869338698954, 0.3499999999999998668, -2.799999999999999822 ) ) ;
#4668 = DIRECTION ( 'NONE',  ( -0.000000000000000000, -0.000000000000000000, -1.000000000000000000 ) ) ;
#4669 = MECHANICAL_DESIGN_GEOMETRIC_PRESENTATION_REPRESENTATION (  '', ( #1067 ), #1766 ) ;
#4670 = AXIS2_PLACEMENT_3D ( 'NONE', #5134, #4563, #573 ) ;
#4671 = DIRECTION ( 'NONE',  ( -1.224646799147353207E-16, -0.000000000000000000, -1.000000000000000000 ) ) ;
#4672 = FACE_OUTER_BOUND ( 'NONE', #2936, .T. ) ;
#4673 = CARTESIAN_POINT ( 'NONE',  ( -1.199999999999999956, 0.2250000000000000056, 1.199999999999999956 ) ) ;
#4674 = CIRCLE ( 'NONE', #2898, 0.1870828693386994146 ) ;
#4675 = CIRCLE ( 'NONE', #4265, 0.2250000000000000056 ) ;
#4676 = CARTESIAN_POINT ( 'NONE',  ( 2.799999999999999822, 0.2250000000000045020, 4.400000000000000355 ) ) ;
#4677 = CARTESIAN_POINT ( 'NONE',  ( 1.199999999999999956, 3.496552006265751800E-15, 2.000000000000000000 ) ) ;
#4678 = AXIS2_PLACEMENT_3D ( 'NONE', #2056, #1312, #1448 ) ;
#4679 = AXIS2_PLACEMENT_3D ( 'NONE', #3932, #7778, #5270 ) ;
#4680 = CARTESIAN_POINT ( 'NONE',  ( -4.049999999999998934, 0.9500000000000001776, -4.699999999999999289 ) ) ;
#4681 = ORIENTED_EDGE ( 'NONE', *, *, #1985, .F. ) ;
#4682 = DIRECTION ( 'NONE',  ( 6.918242433955120338E-16, -1.000000000000000000, 0.000000000000000000 ) ) ;
#4683 = VERTEX_POINT ( 'NONE', #92 ) ;
#4684 = CIRCLE ( 'NONE', #5533, 0.1870828693386994146 ) ;
#4685 = CIRCLE ( 'NONE', #802, 0.1870828693386994146 ) ;
#4686 = PRESENTATION_STYLE_ASSIGNMENT (( #7271 ) ) ;
#4687 = DIRECTION ( 'NONE',  ( -0.000000000000000000, -0.000000000000000000, -1.000000000000000000 ) ) ;
#4688 = DIRECTION ( 'NONE',  ( 0.000000000000000000, 0.000000000000000000, -1.000000000000000000 ) ) ;
#4689 =( NAMED_UNIT ( * ) PLANE_ANGLE_UNIT ( ) SI_UNIT ( $, .RADIAN. ) );
#4690 = SPHERICAL_SURFACE ( 'NONE', #834, 0.2250000000000000056 ) ;
#4691 = CIRCLE ( 'NONE', #391, 0.2250000000000000056 ) ;
#4692 = CIRCLE ( 'NONE', #2478, 0.2249999999999999500 ) ;
#4693 = CARTESIAN_POINT ( 'NONE',  ( 2.000000000000000000, 4.011548038196366406E-15, 1.199999999999999956 ) ) ;
#4694 = CARTESIAN_POINT ( 'NONE',  ( 0.4000000000000000222, 0.2250000000000030032, -2.000000000000000000 ) ) ;
#4695 = ORIENTED_EDGE ( 'NONE', *, *, #5518, .F. ) ;
#4696 = VERTEX_POINT ( 'NONE', #6699 ) ;
#4697 = ORIENTED_EDGE ( 'NONE', *, *, #4656, .F. ) ;
#4698 = EDGE_CURVE ( 'NONE', #4751, #7218, #3888, .T. ) ;
#4699 = EDGE_CURVE ( 'NONE', #6687, #642, #7638, .T. ) ;
#4700 = MECHANICAL_DESIGN_GEOMETRIC_PRESENTATION_REPRESENTATION (  '', ( #5687 ), #402 ) ;
#4701 = CIRCLE ( 'NONE', #6930, 0.2250000000000000056 ) ;
#4702 = CARTESIAN_POINT ( 'NONE',  ( 2.000000000000000000, 0.2250000000000040024, 0.4000000000000000222 ) ) ;
#4703 = DIRECTION ( 'NONE',  ( -1.000000000000000000, 0.000000000000000000, 0.000000000000000000 ) ) ;
#4704 = EDGE_CURVE ( 'NONE', #5719, #3836, #966, .T. ) ;
#4705 = DIRECTION ( 'NONE',  ( -1.224646799147353207E-16, -0.000000000000000000, -1.000000000000000000 ) ) ;
#4706 = EDGE_CURVE ( 'NONE', #225, #4455, #685, .T. ) ;
#4707 = COLOUR_RGB ( '',0.7921568627450980005, 0.8196078431372548767, 0.9333333333333333481 ) ;
#4708 = CARTESIAN_POINT ( 'NONE',  ( -2.575000000000000178, 0.2250000000000000056, -4.400000000000000355 ) ) ;
#4709 = AXIS2_PLACEMENT_3D ( 'NONE', #3958, #1438, #2092 ) ;
#4710 = ORIENTED_EDGE ( 'NONE', *, *, #5569, .F. ) ;
#4711 = VERTEX_POINT ( 'NONE', #2131 ) ;
#4712 = EDGE_LOOP ( 'NONE', ( #1249, #602, #2057, #2083 ) ) ;
#4713 = EDGE_CURVE ( 'NONE', #2287, #2525, #7632, .T. ) ;
#4714 = DIRECTION ( 'NONE',  ( 1.000000000000000000, 5.795304382052429234E-16, 0.000000000000000000 ) ) ;
#4715 = CARTESIAN_POINT ( 'NONE',  ( -0.4000000000000000222, 0.2250000000000024758, 2.799999999999999822 ) ) ;
#4716 = DIRECTION ( 'NONE',  ( -1.224646799147353207E-16, -0.000000000000000000, -1.000000000000000000 ) ) ;
#4717 = EDGE_CURVE ( 'NONE', #7105, #1581, #7222, .T. ) ;
#4718 = CIRCLE ( 'NONE', #6942, 0.2250000000000000056 ) ;
#4719 = CIRCLE ( 'NONE', #4300, 0.1870828693386989983 ) ;
#4720 = CARTESIAN_POINT ( 'NONE',  ( 3.375000000000000000, 0.2250000000000049738, -3.600000000000000089 ) ) ;
#4721 = CARTESIAN_POINT ( 'NONE',  ( 4.799999999999999822, 0.3499999999999999778, 6.400000000000000355 ) ) ;
#4722 = ORIENTED_EDGE ( 'NONE', *, *, #4699, .F. ) ;
#4723 = ADVANCED_FACE ( 'NONE', ( #348 ), #5621, .T. ) ;
#4724 = EDGE_CURVE ( 'NONE', #7218, #2176, #6936, .T. ) ;
#4725 = CARTESIAN_POINT ( 'NONE',  ( 2.000000000000000000, 4.011548038196366406E-15, -1.199999999999999956 ) ) ;
#4726 = CARTESIAN_POINT ( 'NONE',  ( 1.012917130661300957, 0.3499999999999998668, -2.000000000000000000 ) ) ;
#4727 = EDGE_LOOP ( 'NONE', ( #2047, #5677, #2454 ) ) ;
#4728 = CARTESIAN_POINT ( 'NONE',  ( -0.5870828693386994646, 0.3499999999999998668, -1.199999999999999956 ) ) ;
#4729 = ORIENTED_EDGE ( 'NONE', *, *, #3119, .T. ) ;
#4730 = PRESENTATION_STYLE_ASSIGNMENT (( #7523 ) ) ;
#4731 = FACE_OUTER_BOUND ( 'NONE', #8316, .T. ) ;
#4732 = CARTESIAN_POINT ( 'NONE',  ( 1.012917130661300957, 0.3499999999999998668, 1.199999999999999956 ) ) ;
#4733 = UNCERTAINTY_MEASURE_WITH_UNIT (LENGTH_MEASURE( 1.000000000000000082E-05 ), #7000, 'distance_accuracy_value', 'NONE');
#4734 = CARTESIAN_POINT ( 'NONE',  ( -0.4000000000000000222, 0.2250000000000024758, 0.4000000000000000222 ) ) ;
#4735 = PRESENTATION_STYLE_ASSIGNMENT (( #4601 ) ) ;
#4736 = DIRECTION ( 'NONE',  ( -1.000000000000000000, 0.000000000000000000, 0.000000000000000000 ) ) ;
#4737 = ORIENTED_EDGE ( 'NONE', *, *, #150, .T. ) ;
#4738 = FACE_OUTER_BOUND ( 'NONE', #951, .T. ) ;
#4739 = EDGE_LOOP ( 'NONE', ( #5965, #701 ) ) ;
#4740 = AXIS2_PLACEMENT_3D ( 'NONE', #6707, #4747, #8106 ) ;
#4741 = ORIENTED_EDGE ( 'NONE', *, *, #6259, .T. ) ;
#4742 = VERTEX_POINT ( 'NONE', #3531 ) ;
#4743 = CARTESIAN_POINT ( 'NONE',  ( -4.049999999999998934, 0.9500000000000001776, -4.699999999999999289 ) ) ;
#4744 = SPHERICAL_SURFACE ( 'NONE', #5216, 0.2250000000000000056 ) ;
#4745 = AXIS2_PLACEMENT_3D ( 'NONE', #6091, #4258, #6914 ) ;
#4746 = MECHANICAL_DESIGN_GEOMETRIC_PRESENTATION_REPRESENTATION (  '', ( #4328 ), #7822 ) ;
#4747 = DIRECTION ( 'NONE',  ( 0.000000000000000000, 0.000000000000000000, 1.000000000000000000 ) ) ;
#4748 = EDGE_CURVE ( 'NONE', #1059, #3607, #3195, .T. ) ;
#4749 = EDGE_LOOP ( 'NONE', ( #1284, #1652, #8057, #59 ) ) ;
#4750 = VERTEX_POINT ( 'NONE', #6130 ) ;
#4751 = VERTEX_POINT ( 'NONE', #4302 ) ;
#4752 = AXIS2_PLACEMENT_3D ( 'NONE', #1742, #5706, #3937 ) ;
#4753 = DIRECTION ( 'NONE',  ( -0.000000000000000000, -0.000000000000000000, -1.000000000000000000 ) ) ;
#4754 = AXIS2_PLACEMENT_3D ( 'NONE', #6015, #3403, #3927 ) ;
#4755 = CARTESIAN_POINT ( 'NONE',  ( -0.4000000000000000222, 0.2250000000000024758, 0.4000000000000000222 ) ) ;
#4756 = CARTESIAN_POINT ( 'NONE',  ( 1.199999999999999956, 0.2250000000000035028, -0.4000000000000000222 ) ) ;
#4757 = ADVANCED_FACE ( 'NONE', ( #5662 ), #3659, .T. ) ;
#4758 = DIRECTION ( 'NONE',  ( 0.000000000000000000, 0.000000000000000000, 1.000000000000000000 ) ) ;
#4759 = DIRECTION ( 'NONE',  ( -1.224646799147353207E-16, -0.000000000000000000, -1.000000000000000000 ) ) ;
#4760 = EDGE_CURVE ( 'NONE', #7507, #8423, #1668, .T. ) ;
#4761 = AXIS2_PLACEMENT_3D ( 'NONE', #2271, #5493, #1014 ) ;
#4762 = DIRECTION ( 'NONE',  ( 5.795304382052420359E-16, -1.000000000000000000, 0.000000000000000000 ) ) ;
#4763 = VERTEX_POINT ( 'NONE', #6305 ) ;
#4764 = ADVANCED_FACE ( 'NONE', ( #7616 ), #2345, .T. ) ;
#4765 = CARTESIAN_POINT ( 'NONE',  ( 2.799999999999999822, 0.3499999999999999778, -4.400000000000000355 ) ) ;
#4766 = DIRECTION ( 'NONE',  ( 1.000000000000000000, 0.000000000000000000, 0.000000000000000000 ) ) ;
#4767 = CARTESIAN_POINT ( 'NONE',  ( 0.4000000000000000222, 0.2250000000000030032, 1.199999999999999956 ) ) ;
#4768 = ADVANCED_FACE ( 'NONE', ( #4956 ), #4259, .T. ) ;
#4769 = DIRECTION ( 'NONE',  ( 0.000000000000000000, 1.000000000000000000, 0.000000000000000000 ) ) ;
#4770 = SURFACE_SIDE_STYLE ('',( #6859 ) ) ;
#4771 =( NAMED_UNIT ( * ) SI_UNIT ( $, .STERADIAN. ) SOLID_ANGLE_UNIT ( ) );
#4772 = AXIS2_PLACEMENT_3D ( 'NONE', #3097, #1215, #4472 ) ;
#4773 = ORIENTED_EDGE ( 'NONE', *, *, #8360, .F. ) ;
#4774 = CARTESIAN_POINT ( 'NONE',  ( -1.812917130661301002, 0.3500000000000000888, -2.799999999999999822 ) ) ;
#4775 = ORIENTED_EDGE ( 'NONE', *, *, #1301, .F. ) ;
#4776 = DIRECTION ( 'NONE',  ( -1.000000000000000000, 0.000000000000000000, 0.000000000000000000 ) ) ;
#4777 = CARTESIAN_POINT ( 'NONE',  ( -1.199999999999999956, 0.2250000000000000056, 2.799999999999999822 ) ) ;
#4778 = AXIS2_PLACEMENT_3D ( 'NONE', #3991, #4167, #3606 ) ;
#4779 = DIRECTION ( 'NONE',  ( 1.000000000000000000, 5.795304382052429234E-16, 0.000000000000000000 ) ) ;
#4780 = FILL_AREA_STYLE_COLOUR ( '', #2362 ) ;
#4781 = APPLICATION_CONTEXT ( 'automotive_design' ) ;
#4782 = FACE_OUTER_BOUND ( 'NONE', #7195, .T. ) ;
#4783 = DIRECTION ( 'NONE',  ( -1.000000000000000000, 0.000000000000000000, 0.000000000000000000 ) ) ;
#4784 = ORIENTED_EDGE ( 'NONE', *, *, #3456, .F. ) ;
#4785 = AXIS2_PLACEMENT_3D ( 'NONE', #3637, #4366, #1815 ) ;
#4786 = ORIENTED_EDGE ( 'NONE', *, *, #4973, .T. ) ;
#4787 = ORIENTED_EDGE ( 'NONE', *, *, #6036, .F. ) ;
#4788 = DIRECTION ( 'NONE',  ( 0.000000000000000000, 1.000000000000000000, 0.000000000000000000 ) ) ;
#4789 = CIRCLE ( 'NONE', #3957, 0.2250000000000000056 ) ;
#4790 = CARTESIAN_POINT ( 'NONE',  ( 3.600000000000000089, 0.2250000000000049738, 3.600000000000000089 ) ) ;
#4791 = CARTESIAN_POINT ( 'NONE',  ( -2.000000000000000000, 0.2250000000000000056, -2.799999999999999822 ) ) ;
#4792 = ORIENTED_EDGE ( 'NONE', *, *, #255, .T. ) ;
#4793 = ORIENTED_EDGE ( 'NONE', *, *, #839, .T. ) ;
#4794 = EDGE_LOOP ( 'NONE', ( #1259, #3876, #8468, #3546 ) ) ;
#4795 = CIRCLE ( 'NONE', #7027, 0.1870828693386994979 ) ;
#4796 = DIRECTION ( 'NONE',  ( 0.000000000000000000, 1.000000000000000000, 0.000000000000000000 ) ) ;
#4797 = DIRECTION ( 'NONE',  ( 1.000000000000000000, 0.000000000000000000, 0.000000000000000000 ) ) ;
#4798 = CARTESIAN_POINT ( 'NONE',  ( 2.799999999999999822, 0.2250000000000045020, 3.600000000000000089 ) ) ;
#4799 = PRESENTATION_STYLE_ASSIGNMENT (( #2150 ) ) ;
#4800 = AXIS2_PLACEMENT_3D ( 'NONE', #5102, #7772, #6447 ) ;
#4801 = DIRECTION ( 'NONE',  ( -1.224646799147353207E-16, -0.000000000000000000, -1.000000000000000000 ) ) ;
#4802 = EDGE_LOOP ( 'NONE', ( #1814, #3303, #7650, #2983 ) ) ;
#4803 = CARTESIAN_POINT ( 'NONE',  ( 2.000000000000000000, 0.2250000000000040024, 1.199999999999999956 ) ) ;
#4804 = ADVANCED_FACE ( 'NONE', ( #184 ), #5534, .F. ) ;
#4805 = CARTESIAN_POINT ( 'NONE',  ( -0.4000000000000000222, 0.2250000000000024758, 2.000000000000000000 ) ) ;
#4806 = AXIS2_PLACEMENT_3D ( 'NONE', #530, #1179, #5915 ) ;
#4807 = ADVANCED_FACE ( 'NONE', ( #4824 ), #6216, .T. ) ;
#4808 = CARTESIAN_POINT ( 'NONE',  ( 1.012917130661300957, 0.3499999999999998668, -1.199999999999999956 ) ) ;
#4809 = SURFACE_SIDE_STYLE ('',( #1211 ) ) ;
#4810 = MECHANICAL_DESIGN_GEOMETRIC_PRESENTATION_REPRESENTATION (  '', ( #1485 ), #4529 ) ;
#4811 = EDGE_CURVE ( 'NONE', #6905, #6965, #818, .T. ) ;
#4812 = ORIENTED_EDGE ( 'NONE', *, *, #6564, .T. ) ;
#4813 = DIRECTION ( 'NONE',  ( 0.000000000000000000, 0.000000000000000000, 1.000000000000000000 ) ) ;
#4814 = ORIENTED_EDGE ( 'NONE', *, *, #6137, .T. ) ;
#4815 =( NAMED_UNIT ( * ) SI_UNIT ( $, .STERADIAN. ) SOLID_ANGLE_UNIT ( ) );
#4816 = ADVANCED_FACE ( 'NONE', ( #6916 ), #6826, .F. ) ;
#4817 = SPHERICAL_SURFACE ( 'NONE', #8331, 0.2250000000000000056 ) ;
#4818 = AXIS2_PLACEMENT_3D ( 'NONE', #8569, #588, #5192 ) ;
#4819 = DIRECTION ( 'NONE',  ( 0.000000000000000000, 0.000000000000000000, 1.000000000000000000 ) ) ;
#4820 = PRESENTATION_STYLE_ASSIGNMENT (( #2258 ) ) ;
#4821 = SURFACE_STYLE_USAGE ( .BOTH. , #2592 ) ;
#4822 = CARTESIAN_POINT ( 'NONE',  ( 4.000000000000000000, 0.3499999999999999778, 3.200000000000000178 ) ) ;
#4823 = AXIS2_PLACEMENT_3D ( 'NONE', #1585, #1064, #283 ) ;
#4824 = FACE_OUTER_BOUND ( 'NONE', #2244, .T. ) ;
#4825 = AXIS2_PLACEMENT_3D ( 'NONE', #4755, #6022, #1453 ) ;
#4826 = EDGE_LOOP ( 'NONE', ( #7005, #4090 ) ) ;
#4827 = VERTEX_POINT ( 'NONE', #2894 ) ;
#4828 = ORIENTED_EDGE ( 'NONE', *, *, #5833, .T. ) ;
#4829 = DIRECTION ( 'NONE',  ( -1.000000000000000000, 0.000000000000000000, 0.000000000000000000 ) ) ;
#4830 = DIRECTION ( 'NONE',  ( -1.224646799147353207E-16, -0.000000000000000000, -1.000000000000000000 ) ) ;
#4831 = UNCERTAINTY_MEASURE_WITH_UNIT (LENGTH_MEASURE( 1.000000000000000082E-05 ), #389, 'distance_accuracy_value', 'NONE');
#4832 = DIRECTION ( 'NONE',  ( 1.000000000000000000, 0.000000000000000000, 0.000000000000000000 ) ) ;
#4833 = CIRCLE ( 'NONE', #8329, 0.1870828693386989983 ) ;
#4834 = VECTOR ( 'NONE', #494, 1000.000000000000000 ) ;
#4835 = DIRECTION ( 'NONE',  ( -1.000000000000000000, 0.000000000000000000, 0.000000000000000000 ) ) ;
#4836 = PLANE ( 'NONE',  #3187 ) ;
#4837 = ORIENTED_EDGE ( 'NONE', *, *, #4434, .T. ) ;
#4838 = ORIENTED_EDGE ( 'NONE', *, *, #3908, .F. ) ;
#4839 = EDGE_LOOP ( 'NONE', ( #4958, #1227, #3533 ) ) ;
#4840 = AXIS2_PLACEMENT_3D ( 'NONE', #2584, #3800, #1875 ) ;
#4841 = DIRECTION ( 'NONE',  ( -0.000000000000000000, -0.000000000000000000, -1.000000000000000000 ) ) ;
#4842 = DIRECTION ( 'NONE',  ( 5.795304382052420359E-16, -1.000000000000000000, 0.000000000000000000 ) ) ;
#4843 = DIRECTION ( 'NONE',  ( 6.918242433955120338E-16, -1.000000000000000000, 0.000000000000000000 ) ) ;
#4844 = CARTESIAN_POINT ( 'NONE',  ( -1.199999999999999956, 0.2250000000000000056, -2.000000000000000000 ) ) ;
#4845 = PRESENTATION_STYLE_ASSIGNMENT (( #3019 ) ) ;
#4846 = DIRECTION ( 'NONE',  ( -0.000000000000000000, -0.000000000000000000, -1.000000000000000000 ) ) ;
#4847 = MECHANICAL_DESIGN_GEOMETRIC_PRESENTATION_REPRESENTATION (  '', ( #965 ), #6105 ) ;
#4848 = CIRCLE ( 'NONE', #6100, 0.3500000000000000333 ) ;
#4849 = DIRECTION ( 'NONE',  ( -1.224646799147353207E-16, -0.000000000000000000, -1.000000000000000000 ) ) ;
#4850 = DIRECTION ( 'NONE',  ( -1.000000000000000000, 0.000000000000000000, 0.000000000000000000 ) ) ;
#4851 = ORIENTED_EDGE ( 'NONE', *, *, #3189, .F. ) ;
#4852 = CARTESIAN_POINT ( 'NONE',  ( 1.199999999999999956, 0.2250000000000035028, 2.799999999999999822 ) ) ;
#4853 = AXIS2_PLACEMENT_3D ( 'NONE', #3694, #2477, #1743 ) ;
#4854 = DIRECTION ( 'NONE',  ( -1.000000000000000000, 0.000000000000000000, 0.000000000000000000 ) ) ;
#4855 = FACE_OUTER_BOUND ( 'NONE', #7920, .T. ) ;
#4856 = SURFACE_STYLE_FILL_AREA ( #8127 ) ;
#4857 = CIRCLE ( 'NONE', #5138, 0.2250000000000000056 ) ;
#4858 = MECHANICAL_DESIGN_GEOMETRIC_PRESENTATION_REPRESENTATION (  '', ( #3756 ), #2230 ) ;
#4859 = ADVANCED_FACE ( 'NONE', ( #5581 ), #6263, .F. ) ;
#4860 = ORIENTED_EDGE ( 'NONE', *, *, #5518, .T. ) ;
#4861 = FACE_OUTER_BOUND ( 'NONE', #7197, .T. ) ;
#4862 = ORIENTED_EDGE ( 'NONE', *, *, #6783, .F. ) ;
#4863 = FILL_AREA_STYLE ('',( #776 ) ) ;
#4864 = ADVANCED_FACE ( 'NONE', ( #3056 ), #1783, .T. ) ;
#4865 = CIRCLE ( 'NONE', #3490, 0.2249999999999999500 ) ;
#4866 = DIRECTION ( 'NONE',  ( -1.000000000000000000, 0.000000000000000000, 0.000000000000000000 ) ) ;
#4867 = DIRECTION ( 'NONE',  ( -0.000000000000000000, -0.000000000000000000, -1.000000000000000000 ) ) ;
#4868 = EDGE_CURVE ( 'NONE', #962, #7088, #6798, .T. ) ;
#4869 = CARTESIAN_POINT ( 'NONE',  ( 2.000000000000000000, 0.2250000000000040024, -0.4000000000000000222 ) ) ;
#4870 = FILL_AREA_STYLE ('',( #1524 ) ) ;
#4871 = CARTESIAN_POINT ( 'NONE',  ( -0.4000000000000000222, 0.3499999999999999778, -1.199999999999999956 ) ) ;
#4872 = EDGE_CURVE ( 'NONE', #1171, #2766, #4015, .T. ) ;
#4873 = ORIENTED_EDGE ( 'NONE', *, *, #1636, .T. ) ;
#4874 = EDGE_CURVE ( 'NONE', #5750, #2294, #3054, .T. ) ;
#4875 = ORIENTED_EDGE ( 'NONE', *, *, #4591, .T. ) ;
#4876 = ORIENTED_EDGE ( 'NONE', *, *, #1695, .F. ) ;
#4877 = DIRECTION ( 'NONE',  ( -0.000000000000000000, -0.000000000000000000, -1.000000000000000000 ) ) ;
#4878 = CARTESIAN_POINT ( 'NONE',  ( -0.4000000000000000222, 2.493664996716660198E-15, -0.4000000000000000222 ) ) ;
#4879 = DIRECTION ( 'NONE',  ( 1.000000000000000000, 0.000000000000000000, 0.000000000000000000 ) ) ;
#4880 = PRESENTATION_LAYER_ASSIGNMENT (  '', '', ( #1967 ) ) ;
#4881 = CARTESIAN_POINT ( 'NONE',  ( 2.000000000000000000, 0.2250000000000040024, -2.000000000000000000 ) ) ;
#4882 = EDGE_LOOP ( 'NONE', ( #4814, #4271, #5488, #1706 ) ) ;
#4883 = ORIENTED_EDGE ( 'NONE', *, *, #2875, .F. ) ;
#4884 = VERTEX_POINT ( 'NONE', #3874 ) ;
#4885 = DIRECTION ( 'NONE',  ( 0.000000000000000000, 0.000000000000000000, 1.000000000000000000 ) ) ;
#4886 = FACE_OUTER_BOUND ( 'NONE', #4991, .T. ) ;
#4887 = DIRECTION ( 'NONE',  ( 0.000000000000000000, 0.000000000000000000, -1.000000000000000000 ) ) ;
#4888 = AXIS2_PLACEMENT_3D ( 'NONE', #1001, #7529, #1565 ) ;
#4889 = CIRCLE ( 'NONE', #2957, 0.2249999999999999500 ) ;
#4890 = FACE_OUTER_BOUND ( 'NONE', #8266, .T. ) ;
#4891 = DIRECTION ( 'NONE',  ( -1.000000000000000000, 0.000000000000000000, 0.000000000000000000 ) ) ;
#4892 = PLANE ( 'NONE',  #7680 ) ;
#4893 = EDGE_LOOP ( 'NONE', ( #1887, #5411, #665 ) ) ;
#4894 = AXIS2_PLACEMENT_3D ( 'NONE', #1417, #2833, #5315 ) ;
#4895 = VECTOR ( 'NONE', #2162, 1000.000000000000000 ) ;
#4896 = SPHERICAL_SURFACE ( 'NONE', #2007, 0.2250000000000000056 ) ;
#4897 = CARTESIAN_POINT ( 'NONE',  ( 1.199999999999999956, 0.2250000000000035028, -1.199999999999999956 ) ) ;
#4898 = CARTESIAN_POINT ( 'NONE',  ( 3.600000000000000089, 0.2250000000000049738, -3.600000000000000089 ) ) ;
#4899 = CIRCLE ( 'NONE', #1155, 0.2249999999999999500 ) ;
#4900 = ORIENTED_EDGE ( 'NONE', *, *, #4698, .T. ) ;
#4901 = VERTEX_POINT ( 'NONE', #8463 ) ;
#4902 = CLOSED_SHELL ( 'NONE', ( #2600, #308, #5633, #7815, #2413 ) ) ;
#4903 = DIRECTION ( 'NONE',  ( -0.000000000000000000, -0.000000000000000000, -1.000000000000000000 ) ) ;
#4904 = EDGE_LOOP ( 'NONE', ( #5571, #1440 ) ) ;
#4905 = SURFACE_STYLE_USAGE ( .BOTH. , #6601 ) ;
#4906 = DIRECTION ( 'NONE',  ( 1.000000000000000000, 0.000000000000000000, 0.000000000000000000 ) ) ;
#4907 = DIRECTION ( 'NONE',  ( -1.000000000000000000, 0.000000000000000000, 0.000000000000000000 ) ) ;
#4908 = EDGE_CURVE ( 'NONE', #5443, #5060, #3742, .T. ) ;
#4909 = CARTESIAN_POINT ( 'NONE',  ( -0.4000000000000000222, 0.2250000000000024758, -2.799999999999999822 ) ) ;
#4910 = PRESENTATION_STYLE_ASSIGNMENT (( #1000 ) ) ;
#4911 = CLOSED_SHELL ( 'NONE', ( #1840, #7748, #5512, #304, #6469 ) ) ;
#4912 = DIRECTION ( 'NONE',  ( 6.918242433955120338E-16, -1.000000000000000000, 0.000000000000000000 ) ) ;
#4913 = DIRECTION ( 'NONE',  ( -0.000000000000000000, -0.000000000000000000, -1.000000000000000000 ) ) ;
#4914 = ORIENTED_EDGE ( 'NONE', *, *, #7161, .F. ) ;
#4915 = ORIENTED_EDGE ( 'NONE', *, *, #4976, .T. ) ;
#4916 = EDGE_LOOP ( 'NONE', ( #1506, #1991, #7240, #2543 ) ) ;
#4917 = SPHERICAL_SURFACE ( 'NONE', #6894, 0.2250000000000000056 ) ;
#4918 = CIRCLE ( 'NONE', #6169, 0.1870828693386989983 ) ;
#4919 = ADVANCED_FACE ( 'NONE', ( #5125 ), #5707, .F. ) ;
#4920 = CARTESIAN_POINT ( 'NONE',  ( -4.499999999999999112, 0.9999999999999970024, 5.500000000000000000 ) ) ;
#4921 = EDGE_CURVE ( 'NONE', #2132, #5761, #6652, .T. ) ;
#4922 = ADVANCED_FACE ( 'NONE', ( #6390 ), #7834, .T. ) ;
#4923 = SURFACE_STYLE_FILL_AREA ( #8242 ) ;
#4924 = CARTESIAN_POINT ( 'NONE',  ( -2.000000000000000000, 0.2250000000000000056, -0.4000000000000000222 ) ) ;
#4925 = CARTESIAN_POINT ( 'NONE',  ( -2.612917130661300380, 0.3500000000000000888, 4.400000000000000355 ) ) ;
#4926 = EDGE_LOOP ( 'NONE', ( #3903, #5083 ) ) ;
#4927 = EDGE_CURVE ( 'NONE', #6644, #2821, #557, .T. ) ;
#4928 = EDGE_LOOP ( 'NONE', ( #3863, #7399, #3194, #1313 ) ) ;
#4929 = ORIENTED_EDGE ( 'NONE', *, *, #5034, .F. ) ;
#4930 = CARTESIAN_POINT ( 'NONE',  ( -0.4000000000000000222, 0.2250000000000024758, -2.799999999999999822 ) ) ;
#4931 = CARTESIAN_POINT ( 'NONE',  ( -2.000000000000000000, 0.2250000000000000056, 0.4000000000000000222 ) ) ;
#4932 = AXIS2_PLACEMENT_3D ( 'NONE', #443, #399, #4431 ) ;
#4933 = ADVANCED_FACE ( 'NONE', ( #1133 ), #4426, .T. ) ;
#4934 = SPHERICAL_SURFACE ( 'NONE', #508, 0.2250000000000000056 ) ;
#4935 = DIRECTION ( 'NONE',  ( -1.000000000000000000, 0.000000000000000000, 0.000000000000000000 ) ) ;
#4936 = DIRECTION ( 'NONE',  ( -0.000000000000000000, -0.000000000000000000, -1.000000000000000000 ) ) ;
#4937 = AXIS2_PLACEMENT_3D ( 'NONE', #5229, #5151, #1892 ) ;
#4938 = DIRECTION ( 'NONE',  ( -1.000000000000000000, 0.000000000000000000, 0.000000000000000000 ) ) ;
#4939 = CARTESIAN_POINT ( 'NONE',  ( 3.600000000000000089, 0.2250000000000049738, 3.600000000000000089 ) ) ;
#4940 = PLANE ( 'NONE',  #912 ) ;
#4941 = AXIS2_PLACEMENT_3D ( 'NONE', #6221, #876, #147 ) ;
#4942 = PRESENTATION_STYLE_ASSIGNMENT (( #902 ) ) ;
#4943 = CIRCLE ( 'NONE', #2885, 0.2250000000000000056 ) ;
#4944 = ORIENTED_EDGE ( 'NONE', *, *, #4927, .F. ) ;
#4945 = VERTEX_POINT ( 'NONE', #6517 ) ;
#4946 = AXIS2_PLACEMENT_3D ( 'NONE', #4474, #1666, #8379 ) ;
#4947 = CIRCLE ( 'NONE', #5081, 0.1870828693386994146 ) ;
#4948 = FACE_OUTER_BOUND ( 'NONE', #8175, .T. ) ;
#4949 = ORIENTED_EDGE ( 'NONE', *, *, #3486, .T. ) ;
#4950 = DIRECTION ( 'NONE',  ( 0.000000000000000000, 0.000000000000000000, 1.000000000000000000 ) ) ;
#4951 = CARTESIAN_POINT ( 'NONE',  ( 0.4000000000000000222, 0.2250000000000030032, -1.199999999999999956 ) ) ;
#4952 = PRESENTATION_LAYER_ASSIGNMENT (  '', '', ( #1485 ) ) ;
#4953 = FILL_AREA_STYLE_COLOUR ( '', #3778 ) ;
#4954 = AXIS2_PLACEMENT_3D ( 'NONE', #6922, #3705, #5007 ) ;
#4955 = PLANE ( 'NONE',  #5448 ) ;
#4956 = FACE_OUTER_BOUND ( 'NONE', #1801, .T. ) ;
#4957 = ORIENTED_EDGE ( 'NONE', *, *, #1580, .F. ) ;
#4958 = ORIENTED_EDGE ( 'NONE', *, *, #1630, .F. ) ;
#4959 = EDGE_LOOP ( 'NONE', ( #6359, #7482, #7286, #6779 ) ) ;
#4960 = AXIS2_PLACEMENT_3D ( 'NONE', #2025, #6727, #4854 ) ;
#4961 =( NAMED_UNIT ( * ) PLANE_ANGLE_UNIT ( ) SI_UNIT ( $, .RADIAN. ) );
#4962 = DIRECTION ( 'NONE',  ( 0.000000000000000000, 0.000000000000000000, 1.000000000000000000 ) ) ;
#4963 = CIRCLE ( 'NONE', #7338, 0.2250000000000000056 ) ;
#4964 = CIRCLE ( 'NONE', #949, 0.2249999999999999500 ) ;
#4965 = CARTESIAN_POINT ( 'NONE',  ( -0.6250000000000000000, 0.2250000000000024758, -2.799999999999999822 ) ) ;
#4966 = VERTEX_POINT ( 'NONE', #3219 ) ;
#4967 = ADVANCED_FACE ( 'NONE', ( #3094 ), #7659, .T. ) ;
#4968 = VERTEX_POINT ( 'NONE', #6343 ) ;
#4969 = ORIENTED_EDGE ( 'NONE', *, *, #3760, .F. ) ;
#4970 = AXIS2_PLACEMENT_3D ( 'NONE', #6177, #5669, #4223 ) ;
#4971 = AXIS2_PLACEMENT_3D ( 'NONE', #1562, #2086, #1476 ) ;
#4972 = SPHERICAL_SURFACE ( 'NONE', #4544, 0.2250000000000000056 ) ;
#4973 = EDGE_CURVE ( 'NONE', #1820, #3824, #1673, .T. ) ;
#4974 = CARTESIAN_POINT ( 'NONE',  ( 0.4000000000000000222, 0.2250000000000030032, 1.199999999999999956 ) ) ;
#4975 = FILL_AREA_STYLE_COLOUR ( '', #1246 ) ;
#4976 = EDGE_CURVE ( 'NONE', #6079, #8249, #2799, .T. ) ;
#4977 = AXIS2_PLACEMENT_3D ( 'NONE', #2899, #2306, #1571 ) ;
#4978 = LINE ( 'NONE', #940, #7407 ) ;
#4979 = CIRCLE ( 'NONE', #3736, 0.2249999999999999500 ) ;
#4980 = ORIENTED_EDGE ( 'NONE', *, *, #3170, .F. ) ;
#4981 = EDGE_CURVE ( 'NONE', #2226, #3885, #420, .T. ) ;
#4982 = EDGE_CURVE ( 'NONE', #320, #4968, #971, .T. ) ;
#4983 = DIRECTION ( 'NONE',  ( 1.000000000000000000, 0.000000000000000000, 0.000000000000000000 ) ) ;
#4984 = DIRECTION ( 'NONE',  ( -1.000000000000000000, 0.000000000000000000, 0.000000000000000000 ) ) ;
#4985 = AXIS2_PLACEMENT_3D ( 'NONE', #5172, #2579, #1095 ) ;
#4986 = DIRECTION ( 'NONE',  ( 0.000000000000000000, 0.000000000000000000, -1.000000000000000000 ) ) ;
#4987 = CIRCLE ( 'NONE', #1380, 0.2249999999999999500 ) ;
#4988 = EDGE_CURVE ( 'NONE', #5664, #5610, #7266, .T. ) ;
#4989 = ORIENTED_EDGE ( 'NONE', *, *, #8517, .T. ) ;
#4990 = AXIS2_PLACEMENT_3D ( 'NONE', #3388, #6037, #1988 ) ;
#4991 = EDGE_LOOP ( 'NONE', ( #4102, #4710, #5378 ) ) ;
#4992 = CARTESIAN_POINT ( 'NONE',  ( -1.199999999999999956, 0.2250000000000000056, 1.199999999999999956 ) ) ;
#4993 = ORIENTED_EDGE ( 'NONE', *, *, #7113, .F. ) ;
#4994 = DIRECTION ( 'NONE',  ( 0.000000000000000000, 0.000000000000000000, -1.000000000000000000 ) ) ;
#4995 = DIRECTION ( 'NONE',  ( -1.000000000000000000, 0.000000000000000000, 0.000000000000000000 ) ) ;
#4996 = CARTESIAN_POINT ( 'NONE',  ( -3.349999999999998757, 0.9500000000000006217, -4.699999999999999289 ) ) ;
#4997 = AXIS2_PLACEMENT_3D ( 'NONE', #2352, #6156, #2786 ) ;
#4998 = AXIS2_PLACEMENT_3D ( 'NONE', #7128, #1242, #2562 ) ;
#4999 = FACE_OUTER_BOUND ( 'NONE', #8482, .T. ) ;
#5000 = DIRECTION ( 'NONE',  ( -1.000000000000000000, 0.000000000000000000, 0.000000000000000000 ) ) ;
#5001 = ORIENTED_EDGE ( 'NONE', *, *, #6794, .T. ) ;
#5002 = CARTESIAN_POINT ( 'NONE',  ( -1.199999999999999956, 0.2250000000000000056, -0.4000000000000000222 ) ) ;
#5003 = ORIENTED_EDGE ( 'NONE', *, *, #3025, .F. ) ;
#5004 = AXIS2_PLACEMENT_3D ( 'NONE', #4581, #1589, #2912 ) ;
#5005 =( NAMED_UNIT ( * ) PLANE_ANGLE_UNIT ( ) SI_UNIT ( $, .RADIAN. ) );
#5006 = UNCERTAINTY_MEASURE_WITH_UNIT (LENGTH_MEASURE( 1.000000000000000082E-05 ), #2018, 'distance_accuracy_value', 'NONE');
#5007 = DIRECTION ( 'NONE',  ( -1.000000000000000000, 0.000000000000000000, 0.000000000000000000 ) ) ;
#5008 = DIRECTION ( 'NONE',  ( -0.000000000000000000, -0.000000000000000000, -1.000000000000000000 ) ) ;
#5009 = ORIENTED_EDGE ( 'NONE', *, *, #8606, .T. ) ;
#5010 = ORIENTED_EDGE ( 'NONE', *, *, #206, .T. ) ;
#5011 = ORIENTED_EDGE ( 'NONE', *, *, #1904, .F. ) ;
#5012 = CARTESIAN_POINT ( 'NONE',  ( 0.4000000000000000222, 3.008661028647274804E-15, -0.4000000000000000222 ) ) ;
#5013 = DIRECTION ( 'NONE',  ( -0.000000000000000000, -0.000000000000000000, -1.000000000000000000 ) ) ;
#5014 = DIRECTION ( 'NONE',  ( -1.000000000000000000, 0.000000000000000000, 0.000000000000000000 ) ) ;
#5015 = EDGE_CURVE ( 'NONE', #225, #3687, #6658, .T. ) ;
#5016 = PRESENTATION_STYLE_ASSIGNMENT (( #498 ) ) ;
#5017 = CARTESIAN_POINT ( 'NONE',  ( 1.199999999999999956, 0.2250000000000035028, 1.199999999999999956 ) ) ;
#5018 = FACE_OUTER_BOUND ( 'NONE', #2103, .T. ) ;
#5019 = AXIS2_PLACEMENT_3D ( 'NONE', #5451, #1273, #7283 ) ;
#5020 = DIRECTION ( 'NONE',  ( -0.000000000000000000, -0.000000000000000000, -1.000000000000000000 ) ) ;
#5021 = ADVANCED_FACE ( 'NONE', ( #6558 ), #2031, .F. ) ;
#5022 =( GEOMETRIC_REPRESENTATION_CONTEXT ( 3 ) GLOBAL_UNCERTAINTY_ASSIGNED_CONTEXT ( ( #7801 ) ) GLOBAL_UNIT_ASSIGNED_CONTEXT ( ( #6514, #597, #8583 ) ) REPRESENTATION_CONTEXT ( 'NONE', 'WORKASPACE' ) );
#5023 = CARTESIAN_POINT ( 'NONE',  ( 1.199999999999999956, 0.2250000000000035028, 0.4000000000000000222 ) ) ;
#5024 = FACE_OUTER_BOUND ( 'NONE', #6361, .T. ) ;
#5025 = ADVANCED_FACE ( 'NONE', ( #5995 ), #1290, .T. ) ;
#5026 = FILL_AREA_STYLE ('',( #2373 ) ) ;
#5027 = EDGE_CURVE ( 'NONE', #4827, #1170, #2222, .T. ) ;
#5028 = FILL_AREA_STYLE_COLOUR ( '', #4518 ) ;
#5029 = CIRCLE ( 'NONE', #6828, 0.2249999999999999500 ) ;
#5030 = EDGE_CURVE ( 'NONE', #2998, #4742, #3334, .T. ) ;
#5031 = VERTEX_POINT ( 'NONE', #4680 ) ;
#5032 = ORIENTED_EDGE ( 'NONE', *, *, #3707, .F. ) ;
#5033 = PLANE ( 'NONE',  #3395 ) ;
#5034 = EDGE_CURVE ( 'NONE', #5456, #1627, #5132, .T. ) ;
#5035 = CIRCLE ( 'NONE', #1148, 0.2249999999999999500 ) ;
#5036 = CIRCLE ( 'NONE', #4061, 0.1870828693386989983 ) ;
#5037 = DIRECTION ( 'NONE',  ( -1.000000000000000000, 0.000000000000000000, 0.000000000000000000 ) ) ;
#5038 = DIRECTION ( 'NONE',  ( 6.918242433955120338E-16, -1.000000000000000000, 0.000000000000000000 ) ) ;
#5039 = CARTESIAN_POINT ( 'NONE',  ( -3.600000000000000089, 0.2250000000000000056, 4.400000000000000355 ) ) ;
#5040 = CARTESIAN_POINT ( 'NONE',  ( 0.4000000000000000222, 0.2250000000000030032, 1.199999999999999956 ) ) ;
#5041 = EDGE_LOOP ( 'NONE', ( #7141, #4969 ) ) ;
#5042 = FACE_OUTER_BOUND ( 'NONE', #5041, .T. ) ;
#5043 = EDGE_LOOP ( 'NONE', ( #3142, #6333, #8041, #3792 ) ) ;
#5044 = CARTESIAN_POINT ( 'NONE',  ( -0.4000000000000000222, 0.2250000000000024758, -0.4000000000000000222 ) ) ;
#5045 = FACE_OUTER_BOUND ( 'NONE', #2153, .T. ) ;
#5046 = FILL_AREA_STYLE_COLOUR ( '', #2787 ) ;
#5047 = DIRECTION ( 'NONE',  ( -1.000000000000000000, 0.000000000000000000, 2.409338161078898687E-16 ) ) ;
#5048 = FILL_AREA_STYLE_COLOUR ( '', #6388 ) ;
#5049 = CARTESIAN_POINT ( 'NONE',  ( -1.012917130661300957, 0.3500000000000000888, -2.000000000000000000 ) ) ;
#5050 = DIRECTION ( 'NONE',  ( -1.000000000000000000, 0.000000000000000000, 0.000000000000000000 ) ) ;
#5051 = ORIENTED_EDGE ( 'NONE', *, *, #8542, .F. ) ;
#5052 = AXIS2_PLACEMENT_3D ( 'NONE', #1135, #7836, #7749 ) ;
#5053 = ORIENTED_EDGE ( 'NONE', *, *, #2270, .F. ) ;
#5054 = EDGE_LOOP ( 'NONE', ( #5612, #788 ) ) ;
#5055 = FACE_OUTER_BOUND ( 'NONE', #2946, .T. ) ;
#5056 = FACE_OUTER_BOUND ( 'NONE', #5849, .T. ) ;
#5057 = AXIS2_PLACEMENT_3D ( 'NONE', #820, #4813, #5478 ) ;
#5058 = DIRECTION ( 'NONE',  ( 0.000000000000000000, 1.000000000000000000, 0.000000000000000000 ) ) ;
#5059 = DIRECTION ( 'NONE',  ( -6.938893903907230350E-16, 1.000000000000000000, 0.000000000000000000 ) ) ;
#5060 = VERTEX_POINT ( 'NONE', #3944 ) ;
#5061 = CIRCLE ( 'NONE', #1310, 0.2249999999999999500 ) ;
#5062 = CARTESIAN_POINT ( 'NONE',  ( 1.199999999999999956, 0.2250000000000035028, -2.000000000000000000 ) ) ;
#5063 = DIRECTION ( 'NONE',  ( -1.000000000000000000, 0.000000000000000000, 0.000000000000000000 ) ) ;
#5064 = SPHERICAL_SURFACE ( 'NONE', #5911, 0.2250000000000000056 ) ;
#5065 = DIRECTION ( 'NONE',  ( 1.000000000000000000, 0.000000000000000000, 0.000000000000000000 ) ) ;
#5066 = DIRECTION ( 'NONE',  ( 1.000000000000000000, 5.795304382052414442E-16, 0.000000000000000000 ) ) ;
#5067 = CARTESIAN_POINT ( 'NONE',  ( 1.012917130661300957, 0.3499999999999998668, 0.4000000000000000222 ) ) ;
#5068 = CIRCLE ( 'NONE', #4507, 0.1870828693386994146 ) ;
#5069 = VERTEX_POINT ( 'NONE', #7349 ) ;
#5070 = ORIENTED_EDGE ( 'NONE', *, *, #6149, .T. ) ;
#5071 = ADVANCED_FACE ( 'NONE', ( #2663 ), #1386, .T. ) ;
#5072 = ADVANCED_FACE ( 'NONE', ( #4038 ), #6642, .T. ) ;
#5073 = DIRECTION ( 'NONE',  ( 0.000000000000000000, 0.000000000000000000, 1.000000000000000000 ) ) ;
#5074 = DIRECTION ( 'NONE',  ( -1.000000000000000000, 0.000000000000000000, 0.000000000000000000 ) ) ;
#5075 = CIRCLE ( 'NONE', #4104, 0.2250000000000000056 ) ;
#5076 = DIRECTION ( 'NONE',  ( 1.000000000000000000, 5.795304382052414442E-16, 0.000000000000000000 ) ) ;
#5077 = LINE ( 'NONE', #1132, #866 ) ;
#5078 = ADVANCED_FACE ( 'NONE', ( #5377 ), #731, .T. ) ;
#5079 = MECHANICAL_DESIGN_GEOMETRIC_PRESENTATION_REPRESENTATION (  '', ( #1191 ), #3562 ) ;
#5080 = SPHERICAL_SURFACE ( 'NONE', #3091, 0.2250000000000000056 ) ;
#5081 = AXIS2_PLACEMENT_3D ( 'NONE', #6979, #6368, #3074 ) ;
#5082 = DIRECTION ( 'NONE',  ( -1.224646799147353207E-16, -0.000000000000000000, -1.000000000000000000 ) ) ;
#5083 = ORIENTED_EDGE ( 'NONE', *, *, #942, .F. ) ;
#5084 = EDGE_CURVE ( 'NONE', #2178, #4945, #8629, .T. ) ;
#5085 = DIRECTION ( 'NONE',  ( 0.000000000000000000, 1.000000000000000000, 0.000000000000000000 ) ) ;
#5086 = EDGE_LOOP ( 'NONE', ( #3714, #4445, #5128, #2274 ) ) ;
#5087 = DIRECTION ( 'NONE',  ( -1.000000000000000000, -6.195440985631453345E-16, 0.000000000000000000 ) ) ;
#5088 = EDGE_CURVE ( 'NONE', #2998, #6110, #3200, .T. ) ;
#5089 = MECHANICAL_DESIGN_GEOMETRIC_PRESENTATION_REPRESENTATION (  '', ( #6335 ), #3144 ) ;
#5090 = DIRECTION ( 'NONE',  ( 0.000000000000000000, 0.000000000000000000, 1.000000000000000000 ) ) ;
#5091 = AXIS2_PLACEMENT_3D ( 'NONE', #7500, #3453, #2006 ) ;
#5092 = FACE_OUTER_BOUND ( 'NONE', #2292, .T. ) ;
#5093 = SURFACE_SIDE_STYLE ('',( #7236 ) ) ;
#5094 = DIRECTION ( 'NONE',  ( 0.000000000000000000, 0.000000000000000000, 1.000000000000000000 ) ) ;
#5095 =( GEOMETRIC_REPRESENTATION_CONTEXT ( 3 ) GLOBAL_UNCERTAINTY_ASSIGNED_CONTEXT ( ( #7274 ) ) GLOBAL_UNIT_ASSIGNED_CONTEXT ( ( #5701, #3781, #384 ) ) REPRESENTATION_CONTEXT ( 'NONE', 'WORKASPACE' ) );
#5096 = VERTEX_POINT ( 'NONE', #1896 ) ;
#5097 = COLOUR_RGB ( '',0.7921568627450980005, 0.8196078431372548767, 0.9333333333333333481 ) ;
#5098 = EDGE_LOOP ( 'NONE', ( #3104, #6094, #2749, #4305 ) ) ;
#5099 = ORIENTED_EDGE ( 'NONE', *, *, #3164, .F. ) ;
#5100 = DIRECTION ( 'NONE',  ( 0.000000000000000000, 0.000000000000000000, -1.000000000000000000 ) ) ;
#5101 = CARTESIAN_POINT ( 'NONE',  ( 1.424999999999999822, 0.2250000000000035028, 0.3999999999999999667 ) ) ;
#5102 = CARTESIAN_POINT ( 'NONE',  ( -0.4000000000000000222, 0.2250000000000024758, -1.199999999999999956 ) ) ;
#5103 = AXIS2_PLACEMENT_3D ( 'NONE', #5810, #8490, #2505 ) ;
#5104 = CIRCLE ( 'NONE', #2463, 0.2250000000000000056 ) ;
#5105 =( NAMED_UNIT ( * ) SI_UNIT ( $, .STERADIAN. ) SOLID_ANGLE_UNIT ( ) );
#5106 = CARTESIAN_POINT ( 'NONE',  ( -0.4000000000000000222, 0.2250000000000024758, -2.000000000000000000 ) ) ;
#5107 = CIRCLE ( 'NONE', #3861, 0.2249999999999999500 ) ;
#5108 = CIRCLE ( 'NONE', #6493, 0.2249999999999999500 ) ;
#5109 = CARTESIAN_POINT ( 'NONE',  ( -2.000000000000000000, 0.2250000000000000056, 2.799999999999999822 ) ) ;
#5110 = DIRECTION ( 'NONE',  ( 5.795304382052420359E-16, -1.000000000000000000, 0.000000000000000000 ) ) ;
#5111 = FACE_OUTER_BOUND ( 'NONE', #6804, .T. ) ;
#5112 = SPHERICAL_SURFACE ( 'NONE', #270, 0.2250000000000000056 ) ;
#5113 = CARTESIAN_POINT ( 'NONE',  ( 2.612917130661300380, 0.3499999999999998668, -3.600000000000000089 ) ) ;
#5114 = AXIS2_PLACEMENT_3D ( 'NONE', #495, #6011, #5446 ) ;
#5115 = AXIS2_PLACEMENT_3D ( 'NONE', #2846, #5481, #3827 ) ;
#5116 = VERTEX_POINT ( 'NONE', #5067 ) ;
#5117 = VERTEX_POINT ( 'NONE', #5153 ) ;
#5118 = PLANE ( 'NONE',  #5323 ) ;
#5119 = MECHANICAL_DESIGN_GEOMETRIC_PRESENTATION_REPRESENTATION (  '', ( #6788 ), #1923 ) ;
#5120 = AXIS2_PLACEMENT_3D ( 'NONE', #1903, #1251, #2700 ) ;
#5121 = CARTESIAN_POINT ( 'NONE',  ( 2.799999999999999822, 0.2250000000000045020, -4.400000000000000355 ) ) ;
#5122 = DIRECTION ( 'NONE',  ( 0.000000000000000000, 1.000000000000000000, 0.000000000000000000 ) ) ;
#5123 = EDGE_CURVE ( 'NONE', #3607, #2854, #1241, .T. ) ;
#5124 = AXIS2_PLACEMENT_3D ( 'NONE', #450, #3103, #8431 ) ;
#5125 = FACE_OUTER_BOUND ( 'NONE', #6431, .T. ) ;
#5126 = EDGE_LOOP ( 'NONE', ( #3046, #1017, #2763 ) ) ;
#5127 = CARTESIAN_POINT ( 'NONE',  ( -3.600000000000000089, 0.000000000000000000, 4.400000000000000355 ) ) ;
#5128 = ORIENTED_EDGE ( 'NONE', *, *, #6835, .T. ) ;
#5129 = DIRECTION ( 'NONE',  ( 1.000000000000000000, 0.000000000000000000, 0.000000000000000000 ) ) ;
#5130 = ADVANCED_FACE ( 'NONE', ( #6503 ), #3211, .F. ) ;
#5131 = AXIS2_PLACEMENT_3D ( 'NONE', #3706, #5464, #6354 ) ;
#5132 = CIRCLE ( 'NONE', #5698, 0.2250000000000000056 ) ;
#5133 = FILL_AREA_STYLE ('',( #5046 ) ) ;
#5134 = CARTESIAN_POINT ( 'NONE',  ( 1.199999999999999956, 0.2250000000000035028, 0.4000000000000000222 ) ) ;
#5135 = EDGE_CURVE ( 'NONE', #5443, #8378, #7504, .T. ) ;
#5136 = DIRECTION ( 'NONE',  ( -1.224646799147353207E-16, -0.000000000000000000, -1.000000000000000000 ) ) ;
#5137 = ADVANCED_FACE ( 'NONE', ( #7905 ), #1857, .T. ) ;
#5138 = AXIS2_PLACEMENT_3D ( 'NONE', #1297, #8638, #3310 ) ;
#5139 = CARTESIAN_POINT ( 'NONE',  ( 2.000000000000000000, 0.2250000000000040024, -2.799999999999999822 ) ) ;
#5140 = CIRCLE ( 'NONE', #7234, 0.1870828693386994146 ) ;
#5141 = ORIENTED_EDGE ( 'NONE', *, *, #891, .T. ) ;
#5142 = ORIENTED_EDGE ( 'NONE', *, *, #3661, .F. ) ;
#5143 = ORIENTED_EDGE ( 'NONE', *, *, #5618, .F. ) ;
#5144 = PLANE ( 'NONE',  #7484 ) ;
#5145 = DIRECTION ( 'NONE',  ( -1.000000000000000000, 0.000000000000000000, 0.000000000000000000 ) ) ;
#5146 = DIRECTION ( 'NONE',  ( -1.000000000000000000, 0.000000000000000000, 0.000000000000000000 ) ) ;
#5147 = DIRECTION ( 'NONE',  ( 0.000000000000000000, 0.000000000000000000, 1.000000000000000000 ) ) ;
#5148 = CARTESIAN_POINT ( 'NONE',  ( -3.699999999999998845, 1.000000000000000444, -4.699999999999999289 ) ) ;
#5149 = ORIENTED_EDGE ( 'NONE', *, *, #727, .F. ) ;
#5150 = CARTESIAN_POINT ( 'NONE',  ( 1.199999999999999956, 0.3499999999999999778, -1.199999999999999956 ) ) ;
#5151 = DIRECTION ( 'NONE',  ( 0.000000000000000000, 1.000000000000000000, 0.000000000000000000 ) ) ;
#5152 =( LENGTH_UNIT ( ) NAMED_UNIT ( * ) SI_UNIT ( .MILLI., .METRE. ) );
#5153 = CARTESIAN_POINT ( 'NONE',  ( -3.349999999999998757, 1.000000000000000666, -4.699999999999999289 ) ) ;
#5154 = ORIENTED_EDGE ( 'NONE', *, *, #3700, .T. ) ;
#5155 = CIRCLE ( 'NONE', #1853, 0.2249999999999999500 ) ;
#5156 = PRESENTATION_LAYER_ASSIGNMENT (  '', '', ( #860 ) ) ;
#5157 = ORIENTED_EDGE ( 'NONE', *, *, #8298, .T. ) ;
#5158 = EDGE_CURVE ( 'NONE', #6995, #1877, #8201, .T. ) ;
#5159 = FACE_OUTER_BOUND ( 'NONE', #3583, .T. ) ;
#5160 = DIRECTION ( 'NONE',  ( -1.000000000000000000, 0.000000000000000000, 0.000000000000000000 ) ) ;
#5161 = CARTESIAN_POINT ( 'NONE',  ( -1.199999999999999956, 0.2250000000000000056, 2.000000000000000000 ) ) ;
#5162 = EDGE_CURVE ( 'NONE', #3836, #5719, #3473, .T. ) ;
#5163 = CIRCLE ( 'NONE', #2248, 0.2250000000000000056 ) ;
#5164 = PRESENTATION_STYLE_ASSIGNMENT (( #6595 ) ) ;
#5165 = DIRECTION ( 'NONE',  ( 0.000000000000000000, 0.000000000000000000, -1.000000000000000000 ) ) ;
#5166 = ORIENTED_EDGE ( 'NONE', *, *, #6603, .F. ) ;
#5167 = CIRCLE ( 'NONE', #2121, 0.2249999999999999500 ) ;
#5168 = CIRCLE ( 'NONE', #6006, 0.2249999999999999500 ) ;
#5169 = VERTEX_POINT ( 'NONE', #3084 ) ;
#5170 = ORIENTED_EDGE ( 'NONE', *, *, #4713, .T. ) ;
#5171 = DIRECTION ( 'NONE',  ( -0.000000000000000000, -0.000000000000000000, -1.000000000000000000 ) ) ;
#5172 = CARTESIAN_POINT ( 'NONE',  ( 0.4000000000000000222, 0.2250000000000030032, -0.4000000000000000222 ) ) ;
#5173 = UNCERTAINTY_MEASURE_WITH_UNIT (LENGTH_MEASURE( 1.000000000000000082E-05 ), #8078, 'distance_accuracy_value', 'NONE');
#5174 = CARTESIAN_POINT ( 'NONE',  ( -3.824999999999999734, 0.2250000000000000056, 3.600000000000000089 ) ) ;
#5175 = CIRCLE ( 'NONE', #3915, 0.2250000000000000056 ) ;
#5176 = CARTESIAN_POINT ( 'NONE',  ( 1.199999999999999956, 0.3499999999999999778, -2.799999999999999822 ) ) ;
#5177 = SPHERICAL_SURFACE ( 'NONE', #2781, 0.2250000000000000056 ) ;
#5178 = ORIENTED_EDGE ( 'NONE', *, *, #1994, .F. ) ;
#5179 = ORIENTED_EDGE ( 'NONE', *, *, #7860, .T. ) ;
#5180 = ORIENTED_EDGE ( 'NONE', *, *, #5842, .T. ) ;
#5181 = ADVANCED_FACE ( 'NONE', ( #3900 ), #7167, .T. ) ;
#5182 = EDGE_CURVE ( 'NONE', #4968, #5169, #689, .T. ) ;
#5183 = DIRECTION ( 'NONE',  ( 1.000000000000000000, 0.000000000000000000, 0.000000000000000000 ) ) ;
#5184 = SPHERICAL_SURFACE ( 'NONE', #4800, 0.2250000000000000056 ) ;
#5185 =( NAMED_UNIT ( * ) SI_UNIT ( $, .STERADIAN. ) SOLID_ANGLE_UNIT ( ) );
#5186 = AXIS2_PLACEMENT_3D ( 'NONE', #2436, #7184, #7097 ) ;
#5187 = EDGE_CURVE ( 'NONE', #1920, #6827, #5561, .T. ) ;
#5188 = PLANE ( 'NONE',  #8164 ) ;
#5189 = ORIENTED_EDGE ( 'NONE', *, *, #1950, .F. ) ;
#5190 = EDGE_CURVE ( 'NONE', #1838, #1016, #1385, .T. ) ;
#5191 = SPHERICAL_SURFACE ( 'NONE', #2013, 0.2250000000000000056 ) ;
#5192 = DIRECTION ( 'NONE',  ( 0.000000000000000000, 0.000000000000000000, -1.000000000000000000 ) ) ;
#5193 = AXIS2_PLACEMENT_3D ( 'NONE', #7232, #774, #1258 ) ;
#5194 = DIRECTION ( 'NONE',  ( 5.795304382052420359E-16, -1.000000000000000000, 0.000000000000000000 ) ) ;
#5195 = ORIENTED_EDGE ( 'NONE', *, *, #8004, .F. ) ;
#5196 = CIRCLE ( 'NONE', #3129, 0.2249999999999999500 ) ;
#5197 = CARTESIAN_POINT ( 'NONE',  ( -3.824999999999999734, 0.2250000000000000056, -4.400000000000000355 ) ) ;
#5198 = LINE ( 'NONE', #3298, #5666 ) ;
#5199 = CARTESIAN_POINT ( 'NONE',  ( 0.4000000000000000222, 0.2250000000000030032, 0.4000000000000000222 ) ) ;
#5200 = CARTESIAN_POINT ( 'NONE',  ( -1.199999999999999956, 0.2250000000000000056, -1.199999999999999956 ) ) ;
#5201 = CIRCLE ( 'NONE', #4932, 0.2250000000000000056 ) ;
#5202 = SURFACE_STYLE_FILL_AREA ( #6556 ) ;
#5203 = CARTESIAN_POINT ( 'NONE',  ( 1.199999999999999956, 0.2250000000000035028, -2.799999999999999822 ) ) ;
#5204 = ORIENTED_EDGE ( 'NONE', *, *, #91, .T. ) ;
#5205 = CIRCLE ( 'NONE', #5498, 0.2249999999999999500 ) ;
#5206 = CARTESIAN_POINT ( 'NONE',  ( -2.799999999999999822, 0.2250000000000000056, -4.400000000000000355 ) ) ;
#5207 = ORIENTED_EDGE ( 'NONE', *, *, #5182, .F. ) ;
#5208 = CARTESIAN_POINT ( 'NONE',  ( 3.024999999999999911, 0.2250000000000045020, 4.400000000000000355 ) ) ;
#5209 = AXIS2_PLACEMENT_3D ( 'NONE', #23, #3630, #6277 ) ;
#5210 = AXIS2_PLACEMENT_3D ( 'NONE', #3806, #618, #3198 ) ;
#5211 = SPHERICAL_SURFACE ( 'NONE', #7942, 0.2250000000000000056 ) ;
#5212 = CARTESIAN_POINT ( 'NONE',  ( -1.199999999999999956, 0.3499999999999999778, -2.000000000000000000 ) ) ;
#5213 = ORIENTED_EDGE ( 'NONE', *, *, #3387, .T. ) ;
#5214 = VERTEX_POINT ( 'NONE', #3818 ) ;
#5215 = ORIENTED_EDGE ( 'NONE', *, *, #8402, .T. ) ;
#5216 = AXIS2_PLACEMENT_3D ( 'NONE', #7969, #5301, #793 ) ;
#5217 = PLANE ( 'NONE',  #7206 ) ;
#5218 = CARTESIAN_POINT ( 'NONE',  ( -1.812917130661301002, 0.3500000000000000888, 2.000000000000000000 ) ) ;
#5219 = SPHERICAL_SURFACE ( 'NONE', #5731, 0.2250000000000000056 ) ;
#5220 = DIRECTION ( 'NONE',  ( 5.795304382052420359E-16, -1.000000000000000000, 0.000000000000000000 ) ) ;
#5221 = STYLED_ITEM ( 'NONE', ( #5387 ), #2455 ) ;
#5222 = EDGE_CURVE ( 'NONE', #4270, #5117, #430, .T. ) ;
#5223 = ADVANCED_FACE ( 'NONE', ( #7213 ), #7035, .F. ) ;
#5224 = DIRECTION ( 'NONE',  ( -1.000000000000000000, 0.000000000000000000, 0.000000000000000000 ) ) ;
#5225 = AXIS2_PLACEMENT_3D ( 'NONE', #8440, #7248, #3282 ) ;
#5226 = AXIS2_PLACEMENT_3D ( 'NONE', #5562, #3638, #3038 ) ;
#5227 = DIRECTION ( 'NONE',  ( -1.000000000000000000, 0.000000000000000000, 0.000000000000000000 ) ) ;
#5228 = EDGE_CURVE ( 'NONE', #3824, #3565, #1811, .T. ) ;
#5229 = CARTESIAN_POINT ( 'NONE',  ( -1.199999999999999956, 0.2250000000000000056, -2.000000000000000000 ) ) ;
#5230 = DIRECTION ( 'NONE',  ( -1.224646799147353207E-16, -0.000000000000000000, -1.000000000000000000 ) ) ;
#5231 = EDGE_CURVE ( 'NONE', #1820, #3565, #1936, .T. ) ;
#5232 = AXIS2_PLACEMENT_3D ( 'NONE', #2986, #5553, #6977 ) ;
#5233 = CARTESIAN_POINT ( 'NONE',  ( -1.199999999999999956, 0.2250000000000000056, -0.4000000000000000222 ) ) ;
#5234 = CIRCLE ( 'NONE', #3586, 0.2249999999999999500 ) ;
#5235 = ORIENTED_EDGE ( 'NONE', *, *, #4434, .F. ) ;
#5236 = EDGE_CURVE ( 'NONE', #4559, #7047, #6803, .T. ) ;
#5237 = CARTESIAN_POINT ( 'NONE',  ( -2.000000000000000000, 0.2250000000000000056, -2.799999999999999822 ) ) ;
#5238 = CARTESIAN_POINT ( 'NONE',  ( -2.000000000000000000, 0.2250000000000000056, 0.4000000000000000222 ) ) ;
#5239 = CIRCLE ( 'NONE', #3730, 0.2249999999999999500 ) ;
#5240 = DIRECTION ( 'NONE',  ( -1.000000000000000000, 0.000000000000000000, 0.000000000000000000 ) ) ;
#5241 = AXIS2_PLACEMENT_3D ( 'NONE', #2805, #907, #6211 ) ;
#5242 = COLOUR_RGB ( '',0.7921568627450980005, 0.8196078431372548767, 0.9333333333333333481 ) ;
#5243 = CARTESIAN_POINT ( 'NONE',  ( 2.000000000000000000, 0.2250000000000040024, -2.000000000000000000 ) ) ;
#5244 = AXIS2_PLACEMENT_3D ( 'NONE', #5667, #8200, #4187 ) ;
#5245 = VERTEX_POINT ( 'NONE', #2462 ) ;
#5246 = DIRECTION ( 'NONE',  ( -0.000000000000000000, -0.000000000000000000, -1.000000000000000000 ) ) ;
#5247 = VERTEX_POINT ( 'NONE', #5113 ) ;
#5248 = SURFACE_STYLE_FILL_AREA ( #3914 ) ;
#5249 = FACE_OUTER_BOUND ( 'NONE', #6964, .T. ) ;
#5250 = UNCERTAINTY_MEASURE_WITH_UNIT (LENGTH_MEASURE( 1.000000000000000082E-05 ), #7413, 'distance_accuracy_value', 'NONE');
#5251 =( NAMED_UNIT ( * ) PLANE_ANGLE_UNIT ( ) SI_UNIT ( $, .RADIAN. ) );
#5252 = FILL_AREA_STYLE_COLOUR ( '', #8507 ) ;
#5253 = CIRCLE ( 'NONE', #4709, 0.1870828693386994146 ) ;
#5254 = DIRECTION ( 'NONE',  ( 0.000000000000000000, 0.000000000000000000, -1.000000000000000000 ) ) ;
#5255 = DIRECTION ( 'NONE',  ( -1.000000000000000000, 0.000000000000000000, 0.000000000000000000 ) ) ;
#5256 = VERTEX_POINT ( 'NONE', #8498 ) ;
#5257 = ORIENTED_EDGE ( 'NONE', *, *, #2531, .T. ) ;
#5258 = ORIENTED_EDGE ( 'NONE', *, *, #150, .F. ) ;
#5259 = AXIS2_PLACEMENT_3D ( 'NONE', #5818, #467, #65 ) ;
#5260 = VECTOR ( 'NONE', #639, 1000.000000000000000 ) ;
#5261 = DIRECTION ( 'NONE',  ( 1.000000000000000000, 0.000000000000000000, 0.000000000000000000 ) ) ;
#5262 = FILL_AREA_STYLE_COLOUR ( '', #3511 ) ;
#5263 = CIRCLE ( 'NONE', #2804, 0.2250000000000000056 ) ;
#5264 = CIRCLE ( 'NONE', #4307, 0.2249999999999999500 ) ;
#5265 = DIRECTION ( 'NONE',  ( -1.224646799147353207E-16, -0.000000000000000000, -1.000000000000000000 ) ) ;
#5266 = DIRECTION ( 'NONE',  ( -1.000000000000000000, 0.000000000000000000, 0.000000000000000000 ) ) ;
#5267 = ORIENTED_EDGE ( 'NONE', *, *, #6030, .T. ) ;
#5268 = FACE_OUTER_BOUND ( 'NONE', #3617, .T. ) ;
#5269 =( GEOMETRIC_REPRESENTATION_CONTEXT ( 3 ) GLOBAL_UNCERTAINTY_ASSIGNED_CONTEXT ( ( #3452 ) ) GLOBAL_UNIT_ASSIGNED_CONTEXT ( ( #7873, #3872, #1131 ) ) REPRESENTATION_CONTEXT ( 'NONE', 'WORKASPACE' ) );
#5270 = DIRECTION ( 'NONE',  ( -1.000000000000000000, 0.000000000000000000, 0.000000000000000000 ) ) ;
#5271 = ADVANCED_FACE ( 'NONE', ( #6069 ), #6026, .T. ) ;
#5272 = CARTESIAN_POINT ( 'NONE',  ( -2.000000000000000000, 0.2250000000000000056, 1.199999999999999956 ) ) ;
#5273 =( NAMED_UNIT ( * ) SI_UNIT ( $, .STERADIAN. ) SOLID_ANGLE_UNIT ( ) );
#5274 = DIRECTION ( 'NONE',  ( 1.000000000000000000, 5.795304382052429234E-16, 0.000000000000000000 ) ) ;
#5275 =( LENGTH_UNIT ( ) NAMED_UNIT ( * ) SI_UNIT ( .MILLI., .METRE. ) );
#5276 = DIRECTION ( 'NONE',  ( -1.000000000000000000, 0.000000000000000000, 0.000000000000000000 ) ) ;
#5277 = FACE_OUTER_BOUND ( 'NONE', #1346, .T. ) ;
#5278 = EDGE_CURVE ( 'NONE', #4742, #1531, #3611, .T. ) ;
#5279 = FACE_OUTER_BOUND ( 'NONE', #4533, .T. ) ;
#5280 = EDGE_CURVE ( 'NONE', #2403, #4071, #4161, .T. ) ;
#5281 = EDGE_CURVE ( 'NONE', #8248, #1496, #4719, .T. ) ;
#5282 = CARTESIAN_POINT ( 'NONE',  ( -0.1750000000000000167, 0.2250000000000024758, -1.199999999999999956 ) ) ;
#5283 = SURFACE_STYLE_FILL_AREA ( #8038 ) ;
#5284 = ADVANCED_FACE ( 'NONE', ( #6766 ), #4067, .T. ) ;
#5285 = EDGE_CURVE ( 'NONE', #1920, #5409, #980, .T. ) ;
#5286 = VERTEX_POINT ( 'NONE', #4720 ) ;
#5287 = DIRECTION ( 'NONE',  ( -1.000000000000000000, 0.000000000000000000, 0.000000000000000000 ) ) ;
#5288 = ORIENTED_EDGE ( 'NONE', *, *, #671, .F. ) ;
#5289 =( NAMED_UNIT ( * ) PLANE_ANGLE_UNIT ( ) SI_UNIT ( $, .RADIAN. ) );
#5290 = EDGE_CURVE ( 'NONE', #7330, #2402, #5264, .T. ) ;
#5291 = AXIS2_PLACEMENT_3D ( 'NONE', #4871, #911, #6214 ) ;
#5292 = DIRECTION ( 'NONE',  ( 1.000000000000000000, 5.795304382052414442E-16, 0.000000000000000000 ) ) ;
#5293 = SPHERICAL_SURFACE ( 'NONE', #8338, 0.2250000000000000056 ) ;
#5294 = CIRCLE ( 'NONE', #6983, 0.2249999999999999500 ) ;
#5295 = STYLED_ITEM ( 'NONE', ( #5164 ), #5492 ) ;
#5296 = DIRECTION ( 'NONE',  ( 0.000000000000000000, 1.000000000000000000, 0.000000000000000000 ) ) ;
#5297 = ORIENTED_EDGE ( 'NONE', *, *, #3590, .F. ) ;
#5298 = VERTEX_POINT ( 'NONE', #1280 ) ;
#5299 = EDGE_LOOP ( 'NONE', ( #2090, #4957 ) ) ;
#5300 = CARTESIAN_POINT ( 'NONE',  ( 3.600000000000000089, 0.2250000000000049738, -4.400000000000000355 ) ) ;
#5301 = DIRECTION ( 'NONE',  ( -0.000000000000000000, -0.000000000000000000, -1.000000000000000000 ) ) ;
#5302 = MANIFOLD_SOLID_BREP ( 'NONE', #6018 ) ;
#5303 = CARTESIAN_POINT ( 'NONE',  ( 1.199999999999999956, 0.2250000000000035028, 0.4000000000000000222 ) ) ;
#5304 = DIRECTION ( 'NONE',  ( 5.795304382052420359E-16, -1.000000000000000000, 0.000000000000000000 ) ) ;
#5305 = ORIENTED_EDGE ( 'NONE', *, *, #5324, .F. ) ;
#5306 = CLOSED_SHELL ( 'NONE', ( #3656, #6791, #6839, #6265, #27 ) ) ;
#5307 = ORIENTED_EDGE ( 'NONE', *, *, #5679, .T. ) ;
#5308 = FACE_OUTER_BOUND ( 'NONE', #3628, .T. ) ;
#5309 = DIRECTION ( 'NONE',  ( -1.000000000000000000, 0.000000000000000000, 0.000000000000000000 ) ) ;
#5310 = CARTESIAN_POINT ( 'NONE',  ( -1.199999999999999956, 0.2250000000000000056, -2.799999999999999822 ) ) ;
#5311 = CARTESIAN_POINT ( 'NONE',  ( -2.000000000000000000, 0.2250000000000000056, -2.000000000000000000 ) ) ;
#5312 = SURFACE_SIDE_STYLE ('',( #7293 ) ) ;
#5313 = CLOSED_SHELL ( 'NONE', ( #417, #4452, #73, #5072, #25 ) ) ;
#5314 = FACE_OUTER_BOUND ( 'NONE', #2238, .T. ) ;
#5315 = DIRECTION ( 'NONE',  ( 1.000000000000000000, 0.000000000000000000, 0.000000000000000000 ) ) ;
#5316 = ORIENTED_EDGE ( 'NONE', *, *, #7224, .T. ) ;
#5317 = MANIFOLD_SOLID_BREP ( 'NONE', #6436 ) ;
#5318 = CIRCLE ( 'NONE', #8267, 0.2249999999999999500 ) ;
#5319 = FILL_AREA_STYLE ('',( #5638 ) ) ;
#5320 = DIRECTION ( 'NONE',  ( -1.000000000000000000, 0.000000000000000000, 0.000000000000000000 ) ) ;
#5321 = SPHERICAL_SURFACE ( 'NONE', #2901, 0.2250000000000000056 ) ;
#5322 = CARTESIAN_POINT ( 'NONE',  ( -2.000000000000000000, 0.2250000000000000056, -2.799999999999999822 ) ) ;
#5323 = AXIS2_PLACEMENT_3D ( 'NONE', #3088, #3000, #8411 ) ;
#5324 = EDGE_CURVE ( 'NONE', #8032, #6392, #7791, .T. ) ;
#5325 = EDGE_CURVE ( 'NONE', #4304, #6147, #7372, .T. ) ;
#5326 = CARTESIAN_POINT ( 'NONE',  ( -3.600000000000000089, 0.2250000000000000056, -3.600000000000000089 ) ) ;
#5327 = ORIENTED_EDGE ( 'NONE', *, *, #8402, .F. ) ;
#5328 = CARTESIAN_POINT ( 'NONE',  ( 0.4000000000000000222, 0.2250000000000030032, -0.4000000000000000222 ) ) ;
#5329 = EDGE_LOOP ( 'NONE', ( #2958, #963, #105 ) ) ;
#5330 = SURFACE_STYLE_FILL_AREA ( #4514 ) ;
#5331 = CIRCLE ( 'NONE', #6731, 0.2249999999999999500 ) ;
#5332 = MANIFOLD_SOLID_BREP ( 'NONE', #7699 ) ;
#5333 = DIRECTION ( 'NONE',  ( 6.918242433955120338E-16, -1.000000000000000000, 0.000000000000000000 ) ) ;
#5334 = EDGE_CURVE ( 'NONE', #5342, #2253, #1393, .T. ) ;
#5335 = UNCERTAINTY_MEASURE_WITH_UNIT (LENGTH_MEASURE( 1.000000000000000082E-05 ), #8404, 'distance_accuracy_value', 'NONE');
#5336 =( LENGTH_UNIT ( ) NAMED_UNIT ( * ) SI_UNIT ( .MILLI., .METRE. ) );
#5337 = FILL_AREA_STYLE_COLOUR ( '', #1942 ) ;
#5338 = DIRECTION ( 'NONE',  ( -1.000000000000000000, 0.000000000000000000, 0.000000000000000000 ) ) ;
#5339 = CIRCLE ( 'NONE', #3554, 0.1870828693386989983 ) ;
#5340 = EDGE_CURVE ( 'NONE', #5214, #2403, #6951, .T. ) ;
#5341 = DIRECTION ( 'NONE',  ( 0.000000000000000000, 1.000000000000000000, 0.000000000000000000 ) ) ;
#5342 = VERTEX_POINT ( 'NONE', #5643 ) ;
#5343 = ADVANCED_FACE ( 'NONE', ( #7592 ), #2322, .T. ) ;
#5344 = VERTEX_POINT ( 'NONE', #6935 ) ;
#5345 = ORIENTED_EDGE ( 'NONE', *, *, #3894, .F. ) ;
#5346 = DIRECTION ( 'NONE',  ( -0.000000000000000000, -0.000000000000000000, -1.000000000000000000 ) ) ;
#5347 = AXIS2_PLACEMENT_3D ( 'NONE', #71, #6203, #8036 ) ;
#5348 = DIRECTION ( 'NONE',  ( -0.000000000000000000, -0.000000000000000000, -1.000000000000000000 ) ) ;
#5349 = EDGE_CURVE ( 'NONE', #5409, #312, #1533, .T. ) ;
#5351 = MANIFOLD_SOLID_BREP ( 'NONE', #7841 ) ;
#5350 = EDGE_CURVE ( 'NONE', #579, #4750, #5140, .T. ) ;
#5352 = FACE_OUTER_BOUND ( 'NONE', #8007, .T. ) ;
#5353 = SPHERICAL_SURFACE ( 'NONE', #109, 0.2250000000000000056 ) ;
#5354 = ORIENTED_EDGE ( 'NONE', *, *, #8298, .F. ) ;
#5355 = CIRCLE ( 'NONE', #1062, 0.2249999999999999500 ) ;
#5356 = ORIENTED_EDGE ( 'NONE', *, *, #4868, .T. ) ;
#5357 = EDGE_LOOP ( 'NONE', ( #5258, #6183 ) ) ;
#5358 = DIRECTION ( 'NONE',  ( -1.000000000000000000, 0.000000000000000000, 0.000000000000000000 ) ) ;
#5359 = SPHERICAL_SURFACE ( 'NONE', #2326, 0.2250000000000000056 ) ;
#5360 = CARTESIAN_POINT ( 'NONE',  ( 2.799999999999999822, 0.3499999999999999778, 4.400000000000000355 ) ) ;
#5361 = DIRECTION ( 'NONE',  ( -1.000000000000000000, 0.000000000000000000, 0.000000000000000000 ) ) ;
#5362 = AXIS2_PLACEMENT_3D ( 'NONE', #7870, #1286, #2615 ) ;
#5363 = CARTESIAN_POINT ( 'NONE',  ( -3.600000000000000089, 0.2250000000000000056, 3.600000000000000089 ) ) ;
#5364 = CIRCLE ( 'NONE', #4256, 0.2250000000000000056 ) ;
#5365 =( NAMED_UNIT ( * ) SI_UNIT ( $, .STERADIAN. ) SOLID_ANGLE_UNIT ( ) );
#5366 = DIRECTION ( 'NONE',  ( -1.000000000000000000, 0.000000000000000000, 0.000000000000000000 ) ) ;
#5367 = SPHERICAL_SURFACE ( 'NONE', #6697, 0.2250000000000000056 ) ;
#5368 = EDGE_LOOP ( 'NONE', ( #3990, #2696, #4250, #1405 ) ) ;
#5369 = MANIFOLD_SOLID_BREP ( 'NONE', #4205 ) ;
#5370 = AXIS2_PLACEMENT_3D ( 'NONE', #168, #2837, #4984 ) ;
#5371 =( NAMED_UNIT ( * ) PLANE_ANGLE_UNIT ( ) SI_UNIT ( $, .RADIAN. ) );
#5372 = FACE_OUTER_BOUND ( 'NONE', #7806, .T. ) ;
#5373 = CARTESIAN_POINT ( 'NONE',  ( -1.199999999999999956, 0.3499999999999999778, 2.000000000000000000 ) ) ;
#5374 = CARTESIAN_POINT ( 'NONE',  ( 1.199999999999999956, 0.3499999999999999778, -1.199999999999999956 ) ) ;
#5375 = CIRCLE ( 'NONE', #3724, 0.2249999999999999500 ) ;
#5376 = SURFACE_STYLE_FILL_AREA ( #1468 ) ;
#5377 = FACE_OUTER_BOUND ( 'NONE', #7449, .T. ) ;
#5378 = ORIENTED_EDGE ( 'NONE', *, *, #4495, .T. ) ;
#5379 = SPHERICAL_SURFACE ( 'NONE', #5193, 0.2250000000000000056 ) ;
#5380 = EDGE_LOOP ( 'NONE', ( #973, #2751, #2264 ) ) ;
#5381 = CIRCLE ( 'NONE', #2623, 0.2249999999999999500 ) ;
#5382 = CIRCLE ( 'NONE', #3312, 0.2249999999999999500 ) ;
#5383 = CARTESIAN_POINT ( 'NONE',  ( -0.4000000000000000222, 0.2250000000000024758, -0.4000000000000000222 ) ) ;
#5384 = MANIFOLD_SOLID_BREP ( 'NONE', #884 ) ;
#5385 = CARTESIAN_POINT ( 'NONE',  ( 3.600000000000000089, 0.2250000000000049738, 3.600000000000000089 ) ) ;
#5386 = EDGE_CURVE ( 'NONE', #7105, #3058, #5863, .T. ) ;
#5387 = PRESENTATION_STYLE_ASSIGNMENT (( #6787 ) ) ;
#5388 = CARTESIAN_POINT ( 'NONE',  ( -0.9749999999999999778, 0.2250000000000000056, -2.799999999999999822 ) ) ;
#5389 = AXIS2_PLACEMENT_3D ( 'NONE', #3108, #4488, #5763 ) ;
#5390 = AXIS2_PLACEMENT_3D ( 'NONE', #1083, #5702, #342 ) ;
#5391 = CARTESIAN_POINT ( 'NONE',  ( 4.000000000000000000, 0.3499999999999999778, 4.000000000000000000 ) ) ;
#5392 = EDGE_LOOP ( 'NONE', ( #2059, #6334, #5070 ) ) ;
#5393 = DIRECTION ( 'NONE',  ( -1.224646799147353207E-16, -0.000000000000000000, -1.000000000000000000 ) ) ;
#5394 = ORIENTED_EDGE ( 'NONE', *, *, #4868, .F. ) ;
#5395 = EDGE_CURVE ( 'NONE', #7507, #2924, #1272, .T. ) ;
#5396 = VERTEX_POINT ( 'NONE', #2638 ) ;
#5397 = ORIENTED_EDGE ( 'NONE', *, *, #7854, .T. ) ;
#5398 =( NAMED_UNIT ( * ) PLANE_ANGLE_UNIT ( ) SI_UNIT ( $, .RADIAN. ) );
#5399 = AXIS2_PLACEMENT_3D ( 'NONE', #6046, #6001, #2087 ) ;
#5400 = AXIS2_PLACEMENT_3D ( 'NONE', #5757, #1754, #7147 ) ;
#5401 = ADVANCED_FACE ( 'NONE', ( #4011 ), #5219, .T. ) ;
#5402 = CARTESIAN_POINT ( 'NONE',  ( -2.225000000000000089, 0.2250000000000000056, -0.4000000000000000222 ) ) ;
#5403 = MANIFOLD_SOLID_BREP ( 'NONE', #2275 ) ;
#5404 = EDGE_CURVE ( 'NONE', #2596, #3471, #7116, .T. ) ;
#5405 = CARTESIAN_POINT ( 'NONE',  ( 2.000000000000000000, 0.2250000000000040024, -2.000000000000000000 ) ) ;
#5406 = PRESENTATION_LAYER_ASSIGNMENT (  '', '', ( #2498 ) ) ;
#5407 = DIRECTION ( 'NONE',  ( 0.000000000000000000, 1.000000000000000000, 0.000000000000000000 ) ) ;
#5408 = AXIS2_PLACEMENT_3D ( 'NONE', #2263, #2970, #913 ) ;
#5409 = VERTEX_POINT ( 'NONE', #2680 ) ;
#5410 = ORIENTED_EDGE ( 'NONE', *, *, #5158, .F. ) ;
#5411 = ORIENTED_EDGE ( 'NONE', *, *, #5875, .T. ) ;
#5412 = DIRECTION ( 'NONE',  ( -1.224646799147353207E-16, -0.000000000000000000, -1.000000000000000000 ) ) ;
#5413 = DIRECTION ( 'NONE',  ( -0.000000000000000000, -0.000000000000000000, -1.000000000000000000 ) ) ;
#5414 = DIRECTION ( 'NONE',  ( 5.795304382052420359E-16, -1.000000000000000000, 0.000000000000000000 ) ) ;
#5415 =( GEOMETRIC_REPRESENTATION_CONTEXT ( 3 ) GLOBAL_UNCERTAINTY_ASSIGNED_CONTEXT ( ( #4140 ) ) GLOBAL_UNIT_ASSIGNED_CONTEXT ( ( #2871, #806, #5670 ) ) REPRESENTATION_CONTEXT ( 'NONE', 'WORKASPACE' ) );
#5416 = DIRECTION ( 'NONE',  ( -1.000000000000000000, 0.000000000000000000, 0.000000000000000000 ) ) ;
#5417 = AXIS2_PLACEMENT_3D ( 'NONE', #1331, #599, #7230 ) ;
#5418 =( NAMED_UNIT ( * ) PLANE_ANGLE_UNIT ( ) SI_UNIT ( $, .RADIAN. ) );
#5419 = DIRECTION ( 'NONE',  ( 0.000000000000000000, 0.000000000000000000, -1.000000000000000000 ) ) ;
#5420 = ORIENTED_EDGE ( 'NONE', *, *, #3130, .T. ) ;
#5421 = MANIFOLD_SOLID_BREP ( 'NONE', #1722 ) ;
#5422 =( NAMED_UNIT ( * ) PLANE_ANGLE_UNIT ( ) SI_UNIT ( $, .RADIAN. ) );
#5423 = FACE_OUTER_BOUND ( 'NONE', #886, .T. ) ;
#5424 = FACE_OUTER_BOUND ( 'NONE', #2853, .T. ) ;
#5425 = CARTESIAN_POINT ( 'NONE',  ( -2.000000000000000000, 0.2250000000000000056, -2.799999999999999822 ) ) ;
#5426 = SURFACE_STYLE_USAGE ( .BOTH. , #6123 ) ;
#5427 = FILL_AREA_STYLE_COLOUR ( '', #22 ) ;
#5428 = ADVANCED_FACE ( 'NONE', ( #4614 ), #7324, .T. ) ;
#5429 = ORIENTED_EDGE ( 'NONE', *, *, #5236, .F. ) ;
#5430 = DIRECTION ( 'NONE',  ( -1.000000000000000000, 0.000000000000000000, 0.000000000000000000 ) ) ;
#5431 = EDGE_LOOP ( 'NONE', ( #1703, #7380, #3929, #1334 ) ) ;
#5432 =( NAMED_UNIT ( * ) PLANE_ANGLE_UNIT ( ) SI_UNIT ( $, .RADIAN. ) );
#5433 = MANIFOLD_SOLID_BREP ( 'NONE', #5476 ) ;
#5434 = DIRECTION ( 'NONE',  ( -1.000000000000000000, -6.195440985631453345E-16, 0.000000000000000000 ) ) ;
#5435 = CARTESIAN_POINT ( 'NONE',  ( 1.199999999999999956, 0.2250000000000035028, -0.4000000000000000222 ) ) ;
#5436 = UNCERTAINTY_MEASURE_WITH_UNIT (LENGTH_MEASURE( 1.000000000000000082E-05 ), #637, 'distance_accuracy_value', 'NONE');
#5437 =( NAMED_UNIT ( * ) SI_UNIT ( $, .STERADIAN. ) SOLID_ANGLE_UNIT ( ) );
#5438 = DIRECTION ( 'NONE',  ( -1.000000000000000000, 0.000000000000000000, 0.000000000000000000 ) ) ;
#5439 = CARTESIAN_POINT ( 'NONE',  ( 2.399999999999999911, 0.3499999999999999778, 5.599999999999999645 ) ) ;
#5440 = VERTEX_POINT ( 'NONE', #1659 ) ;
#5441 = CIRCLE ( 'NONE', #8251, 0.2249999999999999500 ) ;
#5442 = MECHANICAL_DESIGN_GEOMETRIC_PRESENTATION_REPRESENTATION (  '', ( #583 ), #2389 ) ;
#5443 = VERTEX_POINT ( 'NONE', #2384 ) ;
#5444 = VERTEX_POINT ( 'NONE', #1740 ) ;
#5445 = CARTESIAN_POINT ( 'NONE',  ( 0.1750000000000000167, 0.2250000000000030032, -1.199999999999999956 ) ) ;
#5446 = DIRECTION ( 'NONE',  ( 1.000000000000000000, 0.000000000000000000, 0.000000000000000000 ) ) ;
#5447 = CARTESIAN_POINT ( 'NONE',  ( -3.600000000000000089, 0.2250000000000000056, 4.400000000000000355 ) ) ;
#5448 = AXIS2_PLACEMENT_3D ( 'NONE', #4133, #4912, #6790 ) ;
#5449 = MANIFOLD_SOLID_BREP ( 'NONE', #2703 ) ;
#5450 = COLOUR_RGB ( '',0.7921568627450980005, 0.8196078431372548767, 0.9333333333333333481 ) ;
#5451 = CARTESIAN_POINT ( 'NONE',  ( 3.600000000000000089, 0.2250000000000049738, -3.600000000000000089 ) ) ;
#5452 = DIRECTION ( 'NONE',  ( -1.000000000000000000, 0.000000000000000000, 0.000000000000000000 ) ) ;
#5453 = EDGE_CURVE ( 'NONE', #6965, #761, #7532, .T. ) ;
#5454 = EDGE_LOOP ( 'NONE', ( #280, #93, #6135 ) ) ;
#5455 = ADVANCED_FACE ( 'NONE', ( #959 ), #7698, .F. ) ;
#5456 = VERTEX_POINT ( 'NONE', #6961 ) ;
#5457 = ORIENTED_EDGE ( 'NONE', *, *, #4227, .T. ) ;
#5458 = AXIS2_PLACEMENT_3D ( 'NONE', #8619, #2653, #5276 ) ;
#5459 = CARTESIAN_POINT ( 'NONE',  ( -1.199999999999999956, 0.2250000000000000056, 1.199999999999999956 ) ) ;
#5460 = AXIS2_PLACEMENT_3D ( 'NONE', #5405, #4658, #2775 ) ;
#5461 = DIRECTION ( 'NONE',  ( 6.918242433955120338E-16, -1.000000000000000000, 0.000000000000000000 ) ) ;
#5462 = CARTESIAN_POINT ( 'NONE',  ( 1.199999999999999956, 3.496552006265751800E-15, -1.199999999999999956 ) ) ;
#5463 = DIRECTION ( 'NONE',  ( 0.000000000000000000, 1.000000000000000000, 0.000000000000000000 ) ) ;
#5464 = DIRECTION ( 'NONE',  ( -0.000000000000000000, -0.000000000000000000, -1.000000000000000000 ) ) ;
#5465 = ADVANCED_FACE ( 'NONE', ( #7657 ), #8229, .T. ) ;
#5466 = CIRCLE ( 'NONE', #4740, 0.2250000000000000056 ) ;
#5467 = DIRECTION ( 'NONE',  ( -1.000000000000000000, 0.000000000000000000, 0.000000000000000000 ) ) ;
#5468 = ORIENTED_EDGE ( 'NONE', *, *, #2111, .F. ) ;
#5469 = ADVANCED_FACE ( 'NONE', ( #5747 ), #7740, .T. ) ;
#5470 = MANIFOLD_SOLID_BREP ( 'NONE', #747 ) ;
#5471 = CARTESIAN_POINT ( 'NONE',  ( -1.199999999999999956, 0.3499999999999999778, -1.199999999999999956 ) ) ;
#5472 = CARTESIAN_POINT ( 'NONE',  ( -2.187082869338698998, 0.3499999999999998668, 2.799999999999999822 ) ) ;
#5473 = FACE_OUTER_BOUND ( 'NONE', #2094, .T. ) ;
#5474 =( NAMED_UNIT ( * ) SI_UNIT ( $, .STERADIAN. ) SOLID_ANGLE_UNIT ( ) );
#5475 = SURFACE_STYLE_FILL_AREA ( #8087 ) ;
#5476 = CLOSED_SHELL ( 'NONE', ( #4490, #2371, #8166, #5984, #4084 ) ) ;
#5477 = VERTEX_POINT ( 'NONE', #478 ) ;
#5478 = DIRECTION ( 'NONE',  ( 1.000000000000000000, 0.000000000000000000, 0.000000000000000000 ) ) ;
#5479 = EDGE_LOOP ( 'NONE', ( #139, #2725, #76 ) ) ;
#5480 = MANIFOLD_SOLID_BREP ( 'NONE', #4222 ) ;
#5481 = DIRECTION ( 'NONE',  ( -0.000000000000000000, -0.000000000000000000, -1.000000000000000000 ) ) ;
#5482 = AXIS2_PLACEMENT_3D ( 'NONE', #3780, #3686, #5780 ) ;
#5483 = DIRECTION ( 'NONE',  ( -1.000000000000000000, 0.000000000000000000, 0.000000000000000000 ) ) ;
#5484 = CARTESIAN_POINT ( 'NONE',  ( -1.199999999999999956, 0.2250000000000000056, 0.4000000000000000222 ) ) ;
#5485 = DIRECTION ( 'NONE',  ( 1.000000000000000000, 0.000000000000000000, 0.000000000000000000 ) ) ;
#5486 = EDGE_LOOP ( 'NONE', ( #1245, #7660, #483, #3317 ) ) ;
#5487 = ORIENTED_EDGE ( 'NONE', *, *, #3392, .F. ) ;
#5488 = ORIENTED_EDGE ( 'NONE', *, *, #7322, .T. ) ;
#5489 = FILL_AREA_STYLE ('',( #3450 ) ) ;
#5490 = DIRECTION ( 'NONE',  ( 1.000000000000000000, 0.000000000000000000, 0.000000000000000000 ) ) ;
#5491 = AXIS2_PLACEMENT_3D ( 'NONE', #5936, #4496, #3898 ) ;
#5492 = MANIFOLD_SOLID_BREP ( 'NONE', #8261 ) ;
#5493 = DIRECTION ( 'NONE',  ( -1.224646799147353207E-16, -0.000000000000000000, -1.000000000000000000 ) ) ;
#5494 = DIRECTION ( 'NONE',  ( -0.000000000000000000, -0.000000000000000000, -1.000000000000000000 ) ) ;
#5495 = ORIENTED_EDGE ( 'NONE', *, *, #2375, .T. ) ;
#5496 = VERTEX_POINT ( 'NONE', #8460 ) ;
#5497 = ORIENTED_EDGE ( 'NONE', *, *, #4704, .T. ) ;
#5498 = AXIS2_PLACEMENT_3D ( 'NONE', #5425, #1553, #6729 ) ;
#5499 = DIRECTION ( 'NONE',  ( -1.000000000000000000, 0.000000000000000000, 0.000000000000000000 ) ) ;
#5500 = CARTESIAN_POINT ( 'NONE',  ( -3.600000000000000089, 0.2250000000000000056, -4.400000000000000355 ) ) ;
#5501 = DIRECTION ( 'NONE',  ( 5.795304382052420359E-16, -1.000000000000000000, 0.000000000000000000 ) ) ;
#5502 = CARTESIAN_POINT ( 'NONE',  ( 3.200000000000000178, 0.3499999999999999778, 1.600000000000000089 ) ) ;
#5503 = EDGE_CURVE ( 'NONE', #6148, #3697, #5077, .T. ) ;
#5504 = SURFACE_SIDE_STYLE ('',( #6282 ) ) ;
#5505 = AXIS2_PLACEMENT_3D ( 'NONE', #4765, #281, #1583 ) ;
#5506 = AXIS2_PLACEMENT_3D ( 'NONE', #4798, #285, #2950 ) ;
#5507 = FACE_OUTER_BOUND ( 'NONE', #2777, .T. ) ;
#5508 = EDGE_LOOP ( 'NONE', ( #7620, #7365, #691 ) ) ;
#5509 = ADVANCED_FACE ( 'NONE', ( #1825 ), #3832, .T. ) ;
#5510 = MANIFOLD_SOLID_BREP ( 'NONE', #2136 ) ;
#5511 = LINE ( 'NONE', #208, #5903 ) ;
#5512 = ADVANCED_FACE ( 'NONE', ( #4037 ), #2571, .F. ) ;
#5513 =( GEOMETRIC_REPRESENTATION_CONTEXT ( 3 ) GLOBAL_UNCERTAINTY_ASSIGNED_CONTEXT ( ( #5876 ) ) GLOBAL_UNIT_ASSIGNED_CONTEXT ( ( #5711, #5005, #8424 ) ) REPRESENTATION_CONTEXT ( 'NONE', 'WORKASPACE' ) );
#5514 = DIRECTION ( 'NONE',  ( 0.000000000000000000, 0.000000000000000000, 1.000000000000000000 ) ) ;
#5515 = AXIS2_PLACEMENT_3D ( 'NONE', #2097, #2678, #4655 ) ;
#5516 = SPHERICAL_SURFACE ( 'NONE', #7447, 0.2250000000000000056 ) ;
#5517 = FACE_OUTER_BOUND ( 'NONE', #7096, .T. ) ;
#5518 = EDGE_CURVE ( 'NONE', #1459, #1858, #3385, .T. ) ;
#5519 = EDGE_CURVE ( 'NONE', #5885, #6318, #7541, .T. ) ;
#5520 = CIRCLE ( 'NONE', #1203, 0.1870828693386989983 ) ;
#5521 = MECHANICAL_DESIGN_GEOMETRIC_PRESENTATION_REPRESENTATION (  '', ( #5801 ), #7196 ) ;
#5522 = EDGE_LOOP ( 'NONE', ( #6818, #4545, #7702 ) ) ;
#5523 = DIRECTION ( 'NONE',  ( -0.000000000000000000, -0.000000000000000000, -1.000000000000000000 ) ) ;
#5524 = ORIENTED_EDGE ( 'NONE', *, *, #5088, .F. ) ;
#5525 = CARTESIAN_POINT ( 'NONE',  ( -1.199999999999999956, 0.3499999999999999778, 0.4000000000000000222 ) ) ;
#5526 = MANIFOLD_SOLID_BREP ( 'NONE', #1987 ) ;
#5527 = AXIS2_PLACEMENT_3D ( 'NONE', #3243, #2594, #6539 ) ;
#5528 = CYLINDRICAL_SURFACE ( 'NONE', #3870, 0.3500000000000000333 ) ;
#5529 = AXIS2_PLACEMENT_3D ( 'NONE', #5121, #7786, #4630 ) ;
#5530 = FACE_OUTER_BOUND ( 'NONE', #2740, .T. ) ;
#5531 =( NAMED_UNIT ( * ) SI_UNIT ( $, .STERADIAN. ) SOLID_ANGLE_UNIT ( ) );
#5532 = DIRECTION ( 'NONE',  ( -0.000000000000000000, -0.000000000000000000, -1.000000000000000000 ) ) ;
#5533 = AXIS2_PLACEMENT_3D ( 'NONE', #5360, #5414, #3331 ) ;
#5534 = CYLINDRICAL_SURFACE ( 'NONE', #8348, 0.3500000000000000333 ) ;
#5535 = AXIS2_PLACEMENT_3D ( 'NONE', #1760, #6692, #3949 ) ;
#5536 = ORIENTED_EDGE ( 'NONE', *, *, #8231, .T. ) ;
#5537 = ORIENTED_EDGE ( 'NONE', *, *, #7229, .T. ) ;
#5538 = ORIENTED_EDGE ( 'NONE', *, *, #620, .T. ) ;
#5539 = DIRECTION ( 'NONE',  ( -1.000000000000000000, 0.000000000000000000, 2.409338161078899180E-16 ) ) ;
#5540 = DIRECTION ( 'NONE',  ( 0.000000000000000000, 0.000000000000000000, 1.000000000000000000 ) ) ;
#5541 = CIRCLE ( 'NONE', #7483, 0.1870828693386994146 ) ;
#5542 = CIRCLE ( 'NONE', #7900, 0.2249999999999999500 ) ;
#5543 = MANIFOLD_SOLID_BREP ( 'NONE', #3250 ) ;
#5544 = CARTESIAN_POINT ( 'NONE',  ( -2.987082869338699265, 0.3499999999999998668, 4.400000000000000355 ) ) ;
#5545 = SPHERICAL_SURFACE ( 'NONE', #2068, 0.2250000000000000056 ) ;
#5546 = VERTEX_POINT ( 'NONE', #1427 ) ;
#5547 = ORIENTED_EDGE ( 'NONE', *, *, #4185, .T. ) ;
#5548 = ORIENTED_EDGE ( 'NONE', *, *, #4988, .T. ) ;
#5549 = CIRCLE ( 'NONE', #7075, 0.2249999999999999500 ) ;
#5550 = CIRCLE ( 'NONE', #1101, 0.2250000000000000056 ) ;
#5551 = FACE_OUTER_BOUND ( 'NONE', #6581, .T. ) ;
#5552 = CARTESIAN_POINT ( 'NONE',  ( 2.000000000000000000, 0.3499999999999999778, 2.000000000000000000 ) ) ;
#5553 = DIRECTION ( 'NONE',  ( -0.000000000000000000, -0.000000000000000000, -1.000000000000000000 ) ) ;
#5554 = CARTESIAN_POINT ( 'NONE',  ( -2.799999999999999822, 0.3499999999999999778, 4.400000000000000355 ) ) ;
#5555 = STYLED_ITEM ( 'NONE', ( #388 ), #8235 ) ;
#5556 = AXIS2_PLACEMENT_3D ( 'NONE', #8232, #3010, #3491 ) ;
#5557 = CARTESIAN_POINT ( 'NONE',  ( -0.5870828693386994646, 0.3499999999999998668, -2.000000000000000000 ) ) ;
#5558 = ADVANCED_FACE ( 'NONE', ( #7602 ), #7477, .F. ) ;
#5559 = CARTESIAN_POINT ( 'NONE',  ( -1.199999999999999956, 0.2250000000000000056, 2.799999999999999822 ) ) ;
#5560 = CIRCLE ( 'NONE', #5259, 0.3500000000000000333 ) ;
#5561 = CIRCLE ( 'NONE', #8356, 0.1870828693386989428 ) ;
#5562 = CARTESIAN_POINT ( 'NONE',  ( 0.4000000000000000222, 0.2250000000000030032, -2.799999999999999822 ) ) ;
#5563 = PLANE ( 'NONE',  #8287 ) ;
#5564 = CARTESIAN_POINT ( 'NONE',  ( 6.400000000000000355, 0.3500000000000044742, 8.000000000000000000 ) ) ;
#5565 = EDGE_LOOP ( 'NONE', ( #2944, #1550, #4741 ) ) ;
#5566 = ORIENTED_EDGE ( 'NONE', *, *, #2202, .F. ) ;
#5567 = EDGE_CURVE ( 'NONE', #2134, #7364, #5597, .T. ) ;
#5568 = EDGE_CURVE ( 'NONE', #6372, #3011, #4889, .T. ) ;
#5569 = EDGE_CURVE ( 'NONE', #954, #555, #1277, .T. ) ;
#5570 = DIRECTION ( 'NONE',  ( -1.000000000000000000, 0.000000000000000000, 0.000000000000000000 ) ) ;
#5571 = ORIENTED_EDGE ( 'NONE', *, *, #4547, .F. ) ;
#5572 = MANIFOLD_SOLID_BREP ( 'NONE', #2408 ) ;
#5573 = ADVANCED_FACE ( 'NONE', ( #6379 ), #5738, .F. ) ;
#5574 = AXIS2_PLACEMENT_3D ( 'NONE', #2848, #7656, #1699 ) ;
#5575 = DIRECTION ( 'NONE',  ( -0.000000000000000000, -0.000000000000000000, -1.000000000000000000 ) ) ;
#5576 =( NAMED_UNIT ( * ) SI_UNIT ( $, .STERADIAN. ) SOLID_ANGLE_UNIT ( ) );
#5577 = CARTESIAN_POINT ( 'NONE',  ( -3.787082869338699531, 0.3499999999999998668, -4.400000000000000355 ) ) ;
#5578 = CARTESIAN_POINT ( 'NONE',  ( -0.4000000000000000222, 0.2250000000000024758, -2.000000000000000000 ) ) ;
#5579 = EDGE_CURVE ( 'NONE', #2132, #3294, #1421, .T. ) ;
#5580 = DIRECTION ( 'NONE',  ( 5.795304382052420359E-16, -1.000000000000000000, 0.000000000000000000 ) ) ;
#5581 = FACE_OUTER_BOUND ( 'NONE', #2104, .T. ) ;
#5582 = ORIENTED_EDGE ( 'NONE', *, *, #6896, .T. ) ;
#5583 = EDGE_CURVE ( 'NONE', #2403, #7701, #7676, .T. ) ;
#5584 = ORIENTED_EDGE ( 'NONE', *, *, #6459, .T. ) ;
#5585 = ORIENTED_EDGE ( 'NONE', *, *, #7110, .T. ) ;
#5586 = CARTESIAN_POINT ( 'NONE',  ( 1.199999999999999956, 0.2250000000000035028, 1.199999999999999956 ) ) ;
#5587 = FILL_AREA_STYLE_COLOUR ( '', #7320 ) ;
#5588 = MANIFOLD_SOLID_BREP ( 'NONE', #7967 ) ;
#5589 = DIRECTION ( 'NONE',  ( -1.224646799147353207E-16, -0.000000000000000000, -1.000000000000000000 ) ) ;
#5590 = STYLED_ITEM ( 'NONE', ( #1042 ), #5449 ) ;
#5591 = ORIENTED_EDGE ( 'NONE', *, *, #8564, .F. ) ;
#5592 = ORIENTED_EDGE ( 'NONE', *, *, #7798, .F. ) ;
#5593 = EDGE_LOOP ( 'NONE', ( #5213, #640, #7530, #7955 ) ) ;
#5594 = DIRECTION ( 'NONE',  ( -0.000000000000000000, -0.000000000000000000, -1.000000000000000000 ) ) ;
#5595 = FACE_OUTER_BOUND ( 'NONE', #6308, .T. ) ;
#5596 = CIRCLE ( 'NONE', #585, 0.1870828693386994146 ) ;
#5597 = CIRCLE ( 'NONE', #3790, 0.2249999999999999500 ) ;
#5598 = CARTESIAN_POINT ( 'NONE',  ( -2.799999999999999822, 0.2250000000000000056, 3.600000000000000089 ) ) ;
#5599 = DIRECTION ( 'NONE',  ( 0.000000000000000000, 0.000000000000000000, -1.000000000000000000 ) ) ;
#5600 = DIRECTION ( 'NONE',  ( 1.000000000000000000, 0.000000000000000000, 0.000000000000000000 ) ) ;
#5601 = AXIS2_PLACEMENT_3D ( 'NONE', #4197, #7678, #287 ) ;
#5602 = MANIFOLD_SOLID_BREP ( 'Cut-Extrude2', #6429 ) ;
#5603 = COLOUR_RGB ( '',0.7921568627450980005, 0.8196078431372548767, 0.9333333333333333481 ) ;
#5604 = SPHERICAL_SURFACE ( 'NONE', #4263, 0.2250000000000000056 ) ;
#5605 = DIRECTION ( 'NONE',  ( -0.000000000000000000, -0.000000000000000000, -1.000000000000000000 ) ) ;
#5606 =( NAMED_UNIT ( * ) PLANE_ANGLE_UNIT ( ) SI_UNIT ( $, .RADIAN. ) );
#5607 = AXIS2_PLACEMENT_3D ( 'NONE', #6357, #1834, #5756 ) ;
#5608 = DIRECTION ( 'NONE',  ( 6.918242433955120338E-16, -1.000000000000000000, 0.000000000000000000 ) ) ;
#5609 = ORIENTED_EDGE ( 'NONE', *, *, #6614, .F. ) ;
#5610 = VERTEX_POINT ( 'NONE', #8449 ) ;
#5611 = SPHERICAL_SURFACE ( 'NONE', #7291, 0.2250000000000000056 ) ;
#5612 = ORIENTED_EDGE ( 'NONE', *, *, #4645, .F. ) ;
#5613 = DIRECTION ( 'NONE',  ( -0.000000000000000000, -0.000000000000000000, -1.000000000000000000 ) ) ;
#5614 = MANIFOLD_SOLID_BREP ( 'NONE', #4902 ) ;
#5615 = DIRECTION ( 'NONE',  ( 0.000000000000000000, 1.000000000000000000, 0.000000000000000000 ) ) ;
#5616 = DIRECTION ( 'NONE',  ( -1.224646799147353207E-16, -0.000000000000000000, -1.000000000000000000 ) ) ;
#5617 = ADVANCED_FACE ( 'NONE', ( #8573 ), #2069, .T. ) ;
#5618 = EDGE_CURVE ( 'NONE', #3178, #5116, #3521, .T. ) ;
#5619 = CLOSED_SHELL ( 'NONE', ( #7818, #7265, #3437, #3163, #470 ) ) ;
#5620 = FACE_OUTER_BOUND ( 'NONE', #7922, .T. ) ;
#5621 = SPHERICAL_SURFACE ( 'NONE', #3469, 0.2250000000000000056 ) ;
#5622 = ORIENTED_EDGE ( 'NONE', *, *, #6350, .F. ) ;
#5623 = EDGE_CURVE ( 'NONE', #5214, #4047, #2840, .T. ) ;
#5624 = ORIENTED_EDGE ( 'NONE', *, *, #8394, .T. ) ;
#5625 = VERTEX_POINT ( 'NONE', #680 ) ;
#5626 = CIRCLE ( 'NONE', #6723, 0.1870828693386994146 ) ;
#5627 = EDGE_CURVE ( 'NONE', #897, #5987, #1712, .T. ) ;
#5628 = CARTESIAN_POINT ( 'NONE',  ( -2.987082869338699265, 0.3499999999999998668, -4.400000000000000355 ) ) ;
#5629 = CARTESIAN_POINT ( 'NONE',  ( 1.199999999999999956, 0.2250000000000035028, -0.4000000000000000222 ) ) ;
#5630 = ADVANCED_FACE ( 'NONE', ( #5314 ), #6675, .F. ) ;
#5631 = FACE_OUTER_BOUND ( 'NONE', #7296, .T. ) ;
#5632 = CIRCLE ( 'NONE', #7711, 0.2249999999999999500 ) ;
#5633 = ADVANCED_FACE ( 'NONE', ( #4672 ), #3376, .F. ) ;
#5634 = CARTESIAN_POINT ( 'NONE',  ( 2.987082869338699265, 0.3500000000000000888, 3.600000000000000089 ) ) ;
#5635 = ORIENTED_EDGE ( 'NONE', *, *, #2586, .F. ) ;
#5636 = VERTEX_POINT ( 'NONE', #2285 ) ;
#5637 = ORIENTED_EDGE ( 'NONE', *, *, #28, .F. ) ;
#5638 = FILL_AREA_STYLE_COLOUR ( '', #1061 ) ;
#5639 = DIRECTION ( 'NONE',  ( -1.000000000000000000, 0.000000000000000000, 0.000000000000000000 ) ) ;
#5640 = DIRECTION ( 'NONE',  ( 0.000000000000000000, 0.000000000000000000, 1.000000000000000000 ) ) ;
#5641 = EDGE_CURVE ( 'NONE', #5546, #4559, #8244, .T. ) ;
#5642 = DIRECTION ( 'NONE',  ( 0.000000000000000000, 0.000000000000000000, 1.000000000000000000 ) ) ;
#5643 = CARTESIAN_POINT ( 'NONE',  ( 0.6250000000000000000, 0.2250000000000030032, 2.799999999999999822 ) ) ;
#5644 = DIRECTION ( 'NONE',  ( 0.000000000000000000, 1.000000000000000000, 0.000000000000000000 ) ) ;
#5645 = AXIS2_PLACEMENT_3D ( 'NONE', #1510, #766, #2882 ) ;
#5646 = DIRECTION ( 'NONE',  ( 1.000000000000000000, 5.795304382052429234E-16, 0.000000000000000000 ) ) ;
#5647 = CARTESIAN_POINT ( 'NONE',  ( 2.000000000000000000, 0.2250000000000040024, 2.799999999999999822 ) ) ;
#5648 = FACE_OUTER_BOUND ( 'NONE', #4056, .T. ) ;
#5649 = PRESENTATION_LAYER_ASSIGNMENT (  '', '', ( #1191 ) ) ;
#5650 = AXIS2_PLACEMENT_3D ( 'NONE', #6585, #3209, #2603 ) ;
#5651 = ORIENTED_EDGE ( 'NONE', *, *, #2702, .F. ) ;
#5652 = ORIENTED_EDGE ( 'NONE', *, *, #1746, .T. ) ;
#5653 = AXIS2_PLACEMENT_3D ( 'NONE', #1309, #5764, #542 ) ;
#5654 = FACE_OUTER_BOUND ( 'NONE', #1237, .T. ) ;
#5655 = ORIENTED_EDGE ( 'NONE', *, *, #4706, .T. ) ;
#5656 = PLANE ( 'NONE',  #4398 ) ;
#5657 = DIRECTION ( 'NONE',  ( -1.000000000000000000, 0.000000000000000000, 0.000000000000000000 ) ) ;
#5658 = DIRECTION ( 'NONE',  ( 6.918242433955120338E-16, -1.000000000000000000, 0.000000000000000000 ) ) ;
#5659 = AXIS2_PLACEMENT_3D ( 'NONE', #4464, #5948, #3826 ) ;
#5660 = DIRECTION ( 'NONE',  ( 0.000000000000000000, 0.000000000000000000, -1.000000000000000000 ) ) ;
#5661 = PRESENTATION_LAYER_ASSIGNMENT (  '', '', ( #374 ) ) ;
#5662 = FACE_OUTER_BOUND ( 'NONE', #7662, .T. ) ;
#5663 = ORIENTED_EDGE ( 'NONE', *, *, #3382, .T. ) ;
#5664 = VERTEX_POINT ( 'NONE', #2874 ) ;
#5665 = EDGE_LOOP ( 'NONE', ( #3001, #293 ) ) ;
#5666 = VECTOR ( 'NONE', #2658, 1000.000000000000000 ) ;
#5667 = CARTESIAN_POINT ( 'NONE',  ( -2.000000000000000000, 0.2250000000000000056, -2.799999999999999822 ) ) ;
#5668 = EDGE_CURVE ( 'NONE', #5546, #8070, #183, .T. ) ;
#5669 = DIRECTION ( 'NONE',  ( -0.000000000000000000, -0.000000000000000000, -1.000000000000000000 ) ) ;
#5670 =( NAMED_UNIT ( * ) SI_UNIT ( $, .STERADIAN. ) SOLID_ANGLE_UNIT ( ) );
#5671 = CIRCLE ( 'NONE', #5944, 0.3500000000000000333 ) ;
#5672 = CIRCLE ( 'NONE', #4275, 0.2249999999999999500 ) ;
#5673 = DIRECTION ( 'NONE',  ( -0.000000000000000000, -0.000000000000000000, -1.000000000000000000 ) ) ;
#5674 = ADVANCED_FACE ( 'NONE', ( #895 ), #2197, .T. ) ;
#5675 = SPHERICAL_SURFACE ( 'NONE', #7350, 0.2250000000000000056 ) ;
#5676 = ORIENTED_EDGE ( 'NONE', *, *, #5785, .T. ) ;
#5677 = ORIENTED_EDGE ( 'NONE', *, *, #5015, .T. ) ;
#5678 = VERTEX_POINT ( 'NONE', #7514 ) ;
#5679 = EDGE_CURVE ( 'NONE', #8305, #8452, #464, .T. ) ;
#5680 = AXIS2_PLACEMENT_3D ( 'NONE', #2817, #6704, #7 ) ;
#5681 = AXIS2_PLACEMENT_3D ( 'NONE', #476, #3090, #5657 ) ;
#5682 = FACE_OUTER_BOUND ( 'NONE', #4839, .T. ) ;
#5683 = CARTESIAN_POINT ( 'NONE',  ( -0.4000000000000000222, 2.493664996716660198E-15, 2.799999999999999822 ) ) ;
#5684 = EDGE_CURVE ( 'NONE', #6392, #8032, #5036, .T. ) ;
#5685 = CARTESIAN_POINT ( 'NONE',  ( 3.600000000000000089, 0.2250000000000049738, -3.600000000000000089 ) ) ;
#5686 = EDGE_CURVE ( 'NONE', #6990, #8132, #6152, .T. ) ;
#5687 = STYLED_ITEM ( 'NONE', ( #6821 ), #8190 ) ;
#5688 = CARTESIAN_POINT ( 'NONE',  ( -1.199999999999999956, 0.3499999999999999778, -2.799999999999999822 ) ) ;
#5689 = CIRCLE ( 'NONE', #1796, 0.2249999999999999500 ) ;
#5690 = ORIENTED_EDGE ( 'NONE', *, *, #2769, .F. ) ;
#5691 = DIRECTION ( 'NONE',  ( 1.000000000000000000, 0.000000000000000000, 0.000000000000000000 ) ) ;
#5692 = STYLED_ITEM ( 'NONE', ( #1596 ), #8265 ) ;
#5693 = DIRECTION ( 'NONE',  ( -0.000000000000000000, -0.000000000000000000, -1.000000000000000000 ) ) ;
#5694 = CIRCLE ( 'NONE', #2927, 0.2249999999999999500 ) ;
#5695 =( NAMED_UNIT ( * ) PLANE_ANGLE_UNIT ( ) SI_UNIT ( $, .RADIAN. ) );
#5696 = ORIENTED_EDGE ( 'NONE', *, *, #5340, .F. ) ;
#5697 = STYLED_ITEM ( 'NONE', ( #3728 ), #8333 ) ;
#5698 = AXIS2_PLACEMENT_3D ( 'NONE', #5953, #4555, #3989 ) ;
#5699 = EDGE_LOOP ( 'NONE', ( #5777, #2611, #7120 ) ) ;
#5700 = FACE_OUTER_BOUND ( 'NONE', #4882, .T. ) ;
#5701 =( LENGTH_UNIT ( ) NAMED_UNIT ( * ) SI_UNIT ( .MILLI., .METRE. ) );
#5702 = DIRECTION ( 'NONE',  ( 0.000000000000000000, 1.000000000000000000, 0.000000000000000000 ) ) ;
#5703 = CARTESIAN_POINT ( 'NONE',  ( -1.199999999999999956, 0.2250000000000000056, 2.799999999999999822 ) ) ;
#5704 = STYLED_ITEM ( 'NONE', ( #6604 ), #8499 ) ;
#5705 = STYLED_ITEM ( 'NONE', ( #1548 ), #5332 ) ;
#5706 = DIRECTION ( 'NONE',  ( 0.000000000000000000, 1.000000000000000000, 0.000000000000000000 ) ) ;
#5707 = PLANE ( 'NONE',  #7081 ) ;
#5708 = ORIENTED_EDGE ( 'NONE', *, *, #1411, .T. ) ;
#5709 = ORIENTED_EDGE ( 'NONE', *, *, #7006, .F. ) ;
#5710 = ORIENTED_EDGE ( 'NONE', *, *, #7813, .T. ) ;
#5711 =( LENGTH_UNIT ( ) NAMED_UNIT ( * ) SI_UNIT ( .MILLI., .METRE. ) );
#5712 = FACE_OUTER_BOUND ( 'NONE', #3401, .T. ) ;
#5713 = CARTESIAN_POINT ( 'NONE',  ( -0.4000000000000000222, 0.2250000000000024758, 2.000000000000000000 ) ) ;
#5714 =( NAMED_UNIT ( * ) PLANE_ANGLE_UNIT ( ) SI_UNIT ( $, .RADIAN. ) );
#5715 = CARTESIAN_POINT ( 'NONE',  ( -0.4000000000000000222, 0.2250000000000024758, 2.000000000000000000 ) ) ;
#5716 = DIRECTION ( 'NONE',  ( -1.000000000000000000, 0.000000000000000000, 0.000000000000000000 ) ) ;
#5717 = ORIENTED_EDGE ( 'NONE', *, *, #2475, .F. ) ;
#5718 = ORIENTED_EDGE ( 'NONE', *, *, #31, .F. ) ;
#5719 = VERTEX_POINT ( 'NONE', #5766 ) ;
#5720 = SURFACE_STYLE_USAGE ( .BOTH. , #4447 ) ;
#5721 = DIRECTION ( 'NONE',  ( -1.000000000000000000, 0.000000000000000000, 0.000000000000000000 ) ) ;
#5722 = CARTESIAN_POINT ( 'NONE',  ( -0.4000000000000000222, 0.2250000000000024758, 2.799999999999999822 ) ) ;
#5723 = DIRECTION ( 'NONE',  ( -1.000000000000000000, 0.000000000000000000, 0.000000000000000000 ) ) ;
#5724 = SURFACE_STYLE_USAGE ( .BOTH. , #419 ) ;
#5725 = EDGE_CURVE ( 'NONE', #6666, #5924, #1149, .T. ) ;
#5726 = EDGE_CURVE ( 'NONE', #4884, #129, #4612, .T. ) ;
#5727 = CARTESIAN_POINT ( 'NONE',  ( -0.2129171306613005521, 0.3500000000000000888, -2.000000000000000000 ) ) ;
#5728 = ORIENTED_EDGE ( 'NONE', *, *, #1950, .T. ) ;
#5729 = AXIS2_PLACEMENT_3D ( 'NONE', #2041, #1396, #4045 ) ;
#5730 = SPHERICAL_SURFACE ( 'NONE', #6035, 0.2250000000000000056 ) ;
#5731 = AXIS2_PLACEMENT_3D ( 'NONE', #2891, #4574, #4657 ) ;
#5732 = DIRECTION ( 'NONE',  ( -1.224646799147353207E-16, -0.000000000000000000, -1.000000000000000000 ) ) ;
#5733 = EDGE_CURVE ( 'NONE', #1315, #4124, #2694, .T. ) ;
#5734 = CARTESIAN_POINT ( 'NONE',  ( -0.4000000000000000222, 0.2250000000000024758, 2.799999999999999822 ) ) ;
#5735 =( LENGTH_UNIT ( ) NAMED_UNIT ( * ) SI_UNIT ( .MILLI., .METRE. ) );
#5736 = DIRECTION ( 'NONE',  ( 0.000000000000000000, 1.000000000000000000, 0.000000000000000000 ) ) ;
#5737 = CARTESIAN_POINT ( 'NONE',  ( -2.000000000000000000, 0.2250000000000000056, 2.799999999999999822 ) ) ;
#5738 = PLANE ( 'NONE',  #310 ) ;
#5739 = EDGE_CURVE ( 'NONE', #8305, #3671, #4899, .T. ) ;
#5740 = AXIS2_PLACEMENT_3D ( 'NONE', #1244, #3902, #6546 ) ;
#5741 = AXIS2_PLACEMENT_3D ( 'NONE', #3988, #6640, #2797 ) ;
#5742 = EDGE_LOOP ( 'NONE', ( #5207, #5215, #5592 ) ) ;
#5743 = VERTEX_POINT ( 'NONE', #6408 ) ;
#5744 = DIRECTION ( 'NONE',  ( -0.000000000000000000, -0.000000000000000000, -1.000000000000000000 ) ) ;
#5745 = CARTESIAN_POINT ( 'NONE',  ( 3.600000000000000089, 0.2250000000000049738, 3.600000000000000089 ) ) ;
#5746 = DIRECTION ( 'NONE',  ( -1.000000000000000000, 0.000000000000000000, 0.000000000000000000 ) ) ;
#5747 = FACE_OUTER_BOUND ( 'NONE', #1144, .T. ) ;
#5748 = CARTESIAN_POINT ( 'NONE',  ( -0.4000000000000000222, 0.2250000000000024758, 0.4000000000000000222 ) ) ;
#5749 = DIRECTION ( 'NONE',  ( 1.000000000000000000, 5.795304382052429234E-16, 0.000000000000000000 ) ) ;
#5750 = VERTEX_POINT ( 'NONE', #461 ) ;
#5751 = DIRECTION ( 'NONE',  ( 0.000000000000000000, 1.000000000000000000, 0.000000000000000000 ) ) ;
#5752 = VERTEX_POINT ( 'NONE', #1068 ) ;
#5753 = SURFACE_STYLE_FILL_AREA ( #8336 ) ;
#5754 = DIRECTION ( 'NONE',  ( 0.000000000000000000, 1.000000000000000000, 0.000000000000000000 ) ) ;
#5755 = DIRECTION ( 'NONE',  ( -1.000000000000000000, 0.000000000000000000, 0.000000000000000000 ) ) ;
#5756 = DIRECTION ( 'NONE',  ( -1.000000000000000000, 0.000000000000000000, 0.000000000000000000 ) ) ;
#5757 = CARTESIAN_POINT ( 'NONE',  ( -3.600000000000000089, 0.3499999999999999778, -3.600000000000000089 ) ) ;
#5758 = EDGE_LOOP ( 'NONE', ( #1707, #2726, #7267 ) ) ;
#5759 = CIRCLE ( 'NONE', #7972, 0.2250000000000000056 ) ;
#5760 = ORIENTED_EDGE ( 'NONE', *, *, #7273, .F. ) ;
#5761 = VERTEX_POINT ( 'NONE', #4491 ) ;
#5762 = CARTESIAN_POINT ( 'NONE',  ( 1.199999999999999956, 0.2250000000000035028, 2.799999999999999822 ) ) ;
#5763 = DIRECTION ( 'NONE',  ( -1.000000000000000000, 0.000000000000000000, 0.000000000000000000 ) ) ;
#5764 = DIRECTION ( 'NONE',  ( 0.000000000000000000, 1.000000000000000000, 0.000000000000000000 ) ) ;
#5765 = CIRCLE ( 'NONE', #2000, 0.2249999999999999500 ) ;
#5766 = CARTESIAN_POINT ( 'NONE',  ( -0.1750000000000000167, 0.2250000000000024758, 2.799999999999999822 ) ) ;
#5767 = DIRECTION ( 'NONE',  ( 1.000000000000000000, 5.795304382052416415E-16, 0.000000000000000000 ) ) ;
#5768 = CIRCLE ( 'NONE', #6316, 0.2249999999999999500 ) ;
#5769 = DIRECTION ( 'NONE',  ( -1.224646799147353207E-16, -0.000000000000000000, -1.000000000000000000 ) ) ;
#5770 = DIRECTION ( 'NONE',  ( 1.000000000000000000, 5.795304382052416415E-16, 0.000000000000000000 ) ) ;
#5771 = ADVANCED_FACE ( 'NONE', ( #2452 ), #499, .T. ) ;
#5772 = PLANE ( 'NONE',  #6888 ) ;
#5773 = CARTESIAN_POINT ( 'NONE',  ( 0.4000000000000000222, 0.2250000000000030032, -2.799999999999999822 ) ) ;
#5774 = DIRECTION ( 'NONE',  ( -1.224646799147353207E-16, -0.000000000000000000, -1.000000000000000000 ) ) ;
#5775 = PRESENTATION_STYLE_ASSIGNMENT (( #7129 ) ) ;
#5776 = AXIS2_PLACEMENT_3D ( 'NONE', #6393, #6435, #5087 ) ;
#5777 = ORIENTED_EDGE ( 'NONE', *, *, #4981, .F. ) ;
#5778 = EDGE_CURVE ( 'NONE', #5344, #8549, #5168, .T. ) ;
#5779 = ORIENTED_EDGE ( 'NONE', *, *, #5453, .T. ) ;
#5780 = DIRECTION ( 'NONE',  ( -1.000000000000000000, 0.000000000000000000, 0.000000000000000000 ) ) ;
#5781 = FILL_AREA_STYLE ('',( #2379 ) ) ;
#5782 = AXIS2_PLACEMENT_3D ( 'NONE', #5374, #6812, #1595 ) ;
#5783 = EDGE_CURVE ( 'NONE', #5116, #1716, #2255, .T. ) ;
#5784 = CARTESIAN_POINT ( 'NONE',  ( 2.612917130661300380, 0.3499999999999998668, 4.400000000000000355 ) ) ;
#5785 = EDGE_CURVE ( 'NONE', #8481, #6687, #2547, .T. ) ;
#5786 = STYLED_ITEM ( 'NONE', ( #1955 ), #2661 ) ;
#5787 = AXIS2_PLACEMENT_3D ( 'NONE', #2407, #3717, #418 ) ;
#5788 = CARTESIAN_POINT ( 'NONE',  ( -1.199999999999999956, 0.2250000000000000056, -1.199999999999999956 ) ) ;
#5789 = ORIENTED_EDGE ( 'NONE', *, *, #3823, .F. ) ;
#5790 = EDGE_LOOP ( 'NONE', ( #6052, #2314, #2187, #3747 ) ) ;
#5791 = ORIENTED_EDGE ( 'NONE', *, *, #7574, .F. ) ;
#5792 = PRESENTATION_STYLE_ASSIGNMENT (( #3793 ) ) ;
#5793 = AXIS2_PLACEMENT_3D ( 'NONE', #1808, #7814, #5261 ) ;
#5794 = UNCERTAINTY_MEASURE_WITH_UNIT (LENGTH_MEASURE( 1.000000000000000082E-05 ), #607, 'distance_accuracy_value', 'NONE');
#5795 = DIRECTION ( 'NONE',  ( -0.000000000000000000, -0.000000000000000000, -1.000000000000000000 ) ) ;
#5796 = SURFACE_STYLE_USAGE ( .BOTH. , #5093 ) ;
#5797 = CARTESIAN_POINT ( 'NONE',  ( 0.4000000000000000222, 0.2250000000000030032, -0.4000000000000000222 ) ) ;
#5798 = CARTESIAN_POINT ( 'NONE',  ( 2.612917130661300380, 0.3499999999999998668, 3.600000000000000089 ) ) ;
#5799 = AXIS2_PLACEMENT_3D ( 'NONE', #2295, #1774, #7653 ) ;
#5800 = VERTEX_POINT ( 'NONE', #8488 ) ;
#5801 = STYLED_ITEM ( 'NONE', ( #3998 ), #2441 ) ;
#5802 = ORIENTED_EDGE ( 'NONE', *, *, #7866, .F. ) ;
#5803 = ORIENTED_EDGE ( 'NONE', *, *, #2650, .F. ) ;
#5804 = FACE_OUTER_BOUND ( 'NONE', #915, .T. ) ;
#5805 = DIRECTION ( 'NONE',  ( 1.000000000000000000, 5.795304382052414442E-16, 0.000000000000000000 ) ) ;
#5806 = DIRECTION ( 'NONE',  ( 0.000000000000000000, 0.000000000000000000, 1.000000000000000000 ) ) ;
#5807 = CIRCLE ( 'NONE', #379, 0.2249999999999999500 ) ;
#5808 =( LENGTH_UNIT ( ) NAMED_UNIT ( * ) SI_UNIT ( .MILLI., .METRE. ) );
#5809 = DIRECTION ( 'NONE',  ( -1.000000000000000000, 0.000000000000000000, 0.000000000000000000 ) ) ;
#5810 = CARTESIAN_POINT ( 'NONE',  ( 3.600000000000000089, 0.2250000000000049738, 3.600000000000000089 ) ) ;
#5811 = ORIENTED_EDGE ( 'NONE', *, *, #3909, .F. ) ;
#5812 = ORIENTED_EDGE ( 'NONE', *, *, #7742, .T. ) ;
#5813 = AXIS2_PLACEMENT_3D ( 'NONE', #8113, #1501, #4152 ) ;
#5814 = CIRCLE ( 'NONE', #1218, 0.2250000000000000056 ) ;
#5815 = CARTESIAN_POINT ( 'NONE',  ( 2.187082869338699442, 0.3500000000000000888, 2.000000000000000000 ) ) ;
#5816 = DIRECTION ( 'NONE',  ( 0.000000000000000000, 1.000000000000000000, 0.000000000000000000 ) ) ;
#5817 = CARTESIAN_POINT ( 'NONE',  ( -1.199999999999999956, 0.3499999999999999778, -2.000000000000000000 ) ) ;
#5818 = CARTESIAN_POINT ( 'NONE',  ( -3.699999999999998845, 0.9500000000000003997, -4.699999999999999289 ) ) ;
#5819 = DIRECTION ( 'NONE',  ( -1.000000000000000000, 0.000000000000000000, 0.000000000000000000 ) ) ;
#5820 = AXIS2_PLACEMENT_3D ( 'NONE', #2720, #5346, #7321 ) ;
#5821 = AXIS2_PLACEMENT_3D ( 'NONE', #4951, #5615, #1824 ) ;
#5822 = ORIENTED_EDGE ( 'NONE', *, *, #2001, .T. ) ;
#5823 = EDGE_LOOP ( 'NONE', ( #5651, #6927, #6182 ) ) ;
#5824 = CARTESIAN_POINT ( 'NONE',  ( -2.799999999999999822, 0.2250000000000000056, -4.400000000000000355 ) ) ;
#5825 = CIRCLE ( 'NONE', #6641, 0.2250000000000000056 ) ;
#5826 = AXIS2_PLACEMENT_3D ( 'NONE', #4881, #1714, #192 ) ;
#5827 = DIRECTION ( 'NONE',  ( -1.224646799147353207E-16, -0.000000000000000000, -1.000000000000000000 ) ) ;
#5828 = DIRECTION ( 'NONE',  ( -1.000000000000000000, 0.000000000000000000, 0.000000000000000000 ) ) ;
#5829 = MECHANICAL_DESIGN_GEOMETRIC_PRESENTATION_REPRESENTATION (  '', ( #5555 ), #2209 ) ;
#5830 = CIRCLE ( 'NONE', #8051, 0.2250000000000000056 ) ;
#5831 = EDGE_CURVE ( 'NONE', #8589, #2142, #3651, .T. ) ;
#5832 = ADVANCED_FACE ( 'NONE', ( #3201 ), #1968, .T. ) ;
#5833 = EDGE_CURVE ( 'NONE', #6110, #1531, #1013, .T. ) ;
#5834 = CARTESIAN_POINT ( 'NONE',  ( -1.199999999999999956, 0.2250000000000000056, -2.000000000000000000 ) ) ;
#5835 = EDGE_LOOP ( 'NONE', ( #7964, #3635, #7148, #2542 ) ) ;
#5836 = ORIENTED_EDGE ( 'NONE', *, *, #1949, .T. ) ;
#5837 = ORIENTED_EDGE ( 'NONE', *, *, #887, .F. ) ;
#5838 = CARTESIAN_POINT ( 'NONE',  ( 3.600000000000000089, 0.2250000000000049738, 3.600000000000000089 ) ) ;
#5839 =( GEOMETRIC_REPRESENTATION_CONTEXT ( 3 ) GLOBAL_UNCERTAINTY_ASSIGNED_CONTEXT ( ( #1097 ) ) GLOBAL_UNIT_ASSIGNED_CONTEXT ( ( #17, #8537, #5273 ) ) REPRESENTATION_CONTEXT ( 'NONE', 'WORKASPACE' ) );
#5840 = AXIS2_PLACEMENT_3D ( 'NONE', #8572, #3729, #8538 ) ;
#5841 = PRESENTATION_STYLE_ASSIGNMENT (( #4435 ) ) ;
#5842 = EDGE_CURVE ( 'NONE', #7185, #5800, #2122, .T. ) ;
#5843 = SURFACE_STYLE_FILL_AREA ( #1220 ) ;
#5844 =( NAMED_UNIT ( * ) SI_UNIT ( $, .STERADIAN. ) SOLID_ANGLE_UNIT ( ) );
#5845 = ADVANCED_FACE ( 'NONE', ( #6579 ), #2639, .T. ) ;
#5846 = PRESENTATION_LAYER_ASSIGNMENT (  '', '', ( #3064 ) ) ;
#5847 = LINE ( 'NONE', #1225, #7625 ) ;
#5848 = MECHANICAL_DESIGN_GEOMETRIC_PRESENTATION_REPRESENTATION (  '', ( #4442 ), #3479 ) ;
#5849 = EDGE_LOOP ( 'NONE', ( #2937, #8021, #3582, #2845 ) ) ;
#5850 = EDGE_LOOP ( 'NONE', ( #3059, #7468, #5457 ) ) ;
#5851 = ORIENTED_EDGE ( 'NONE', *, *, #5668, .T. ) ;
#5852 = DIRECTION ( 'NONE',  ( -0.000000000000000000, -0.000000000000000000, -1.000000000000000000 ) ) ;
#5853 = CARTESIAN_POINT ( 'NONE',  ( 0.5870828693386989094, 0.3500000000000000888, -1.199999999999999956 ) ) ;
#5854 = DIRECTION ( 'NONE',  ( 5.795304382052420359E-16, -1.000000000000000000, 0.000000000000000000 ) ) ;
#5855 = SPHERICAL_SURFACE ( 'NONE', #5527, 0.2250000000000000056 ) ;
#5856 = DIRECTION ( 'NONE',  ( -0.000000000000000000, -0.000000000000000000, -1.000000000000000000 ) ) ;
#5857 = CARTESIAN_POINT ( 'NONE',  ( -0.4000000000000000222, 0.2250000000000024758, 1.199999999999999956 ) ) ;
#5858 = DIRECTION ( 'NONE',  ( -1.224646799147353207E-16, -0.000000000000000000, -1.000000000000000000 ) ) ;
#5859 = SURFACE_STYLE_FILL_AREA ( #6586 ) ;
#5860 = DIRECTION ( 'NONE',  ( 1.000000000000000000, 5.795304382052431206E-16, 0.000000000000000000 ) ) ;
#5861 = VERTEX_POINT ( 'NONE', #1446 ) ;
#5862 = AXIS2_PLACEMENT_3D ( 'NONE', #1311, #3365, #3967 ) ;
#5863 = CIRCLE ( 'NONE', #8384, 0.2249999999999999500 ) ;
#5864 = CARTESIAN_POINT ( 'NONE',  ( -1.199999999999999956, 0.2250000000000000056, -2.000000000000000000 ) ) ;
#5865 = DIRECTION ( 'NONE',  ( -1.000000000000000000, -6.938893903907230350E-16, 0.000000000000000000 ) ) ;
#5866 = DIRECTION ( 'NONE',  ( 0.000000000000000000, 0.000000000000000000, 1.000000000000000000 ) ) ;
#5867 = AXIS2_PLACEMENT_3D ( 'NONE', #2672, #1, #6262 ) ;
#5868 =( GEOMETRIC_REPRESENTATION_CONTEXT ( 3 ) GLOBAL_UNCERTAINTY_ASSIGNED_CONTEXT ( ( #5436 ) ) GLOBAL_UNIT_ASSIGNED_CONTEXT ( ( #637, #8627, #7226 ) ) REPRESENTATION_CONTEXT ( 'NONE', 'WORKASPACE' ) );
#5869 = DIRECTION ( 'NONE',  ( -0.000000000000000000, -0.000000000000000000, -1.000000000000000000 ) ) ;
#5870 = VERTEX_POINT ( 'NONE', #1356 ) ;
#5871 = CIRCLE ( 'NONE', #3239, 0.1870828693386989983 ) ;
#5872 = AXIS2_PLACEMENT_3D ( 'NONE', #2008, #749, #2723 ) ;
#5873 = CARTESIAN_POINT ( 'NONE',  ( 3.787082869338699531, 0.3500000000000000888, -4.400000000000000355 ) ) ;
#5874 = ORIENTED_EDGE ( 'NONE', *, *, #1512, .F. ) ;
#5875 = EDGE_CURVE ( 'NONE', #1170, #623, #4337, .T. ) ;
#5876 = UNCERTAINTY_MEASURE_WITH_UNIT (LENGTH_MEASURE( 1.000000000000000082E-05 ), #5711, 'distance_accuracy_value', 'NONE');
#5877 = DIRECTION ( 'NONE',  ( 5.795304382052420359E-16, -1.000000000000000000, 0.000000000000000000 ) ) ;
#5878 = CIRCLE ( 'NONE', #3377, 0.2249999999999999500 ) ;
#5879 = CARTESIAN_POINT ( 'NONE',  ( 0.4000000000000000222, 0.2250000000000030032, -1.199999999999999956 ) ) ;
#5880 = EDGE_CURVE ( 'NONE', #6644, #2916, #6705, .T. ) ;
#5881 = CARTESIAN_POINT ( 'NONE',  ( -0.5870828693386994646, 0.3499999999999998668, 1.199999999999999956 ) ) ;
#5882 = ORIENTED_EDGE ( 'NONE', *, *, #5726, .T. ) ;
#5883 = EDGE_CURVE ( 'NONE', #6926, #1216, #5466, .T. ) ;
#5884 = ORIENTED_EDGE ( 'NONE', *, *, #4713, .F. ) ;
#5885 = VERTEX_POINT ( 'NONE', #7417 ) ;
#5886 = CLOSED_SHELL ( 'NONE', ( #4757, #4539, #346, #1247, #3864 ) ) ;
#5887 = FACE_OUTER_BOUND ( 'NONE', #2188, .T. ) ;
#5888 = EDGE_CURVE ( 'NONE', #7088, #962, #5175, .T. ) ;
#5889 = CARTESIAN_POINT ( 'NONE',  ( 0.9749999999999999778, 0.2250000000000035028, 2.000000000000000000 ) ) ;
#5890 = EDGE_CURVE ( 'NONE', #512, #2904, #2381, .T. ) ;
#5891 = DIRECTION ( 'NONE',  ( 1.000000000000000000, 0.000000000000000000, 0.000000000000000000 ) ) ;
#5892 = AXIS2_PLACEMENT_3D ( 'NONE', #5002, #5751, #4428 ) ;
#5893 = CARTESIAN_POINT ( 'NONE',  ( 0.2129171306613010239, 0.3499999999999998668, -0.4000000000000000222 ) ) ;
#5894 = CARTESIAN_POINT ( 'NONE',  ( -3.600000000000000089, 0.2250000000000000056, 4.400000000000000355 ) ) ;
#5895 = CARTESIAN_POINT ( 'NONE',  ( -1.199999999999999956, 0.3499999999999999778, 0.4000000000000000222 ) ) ;
#5896 = AXIS2_PLACEMENT_3D ( 'NONE', #3262, #5997, #6688 ) ;
#5897 = CARTESIAN_POINT ( 'NONE',  ( -3.600000000000000089, 0.2250000000000000056, -4.400000000000000355 ) ) ;
#5898 = PRESENTATION_STYLE_ASSIGNMENT (( #6673 ) ) ;
#5899 = CARTESIAN_POINT ( 'NONE',  ( 0.4000000000000000222, 0.3499999999999999778, -2.000000000000000000 ) ) ;
#5900 = DIRECTION ( 'NONE',  ( 0.000000000000000000, 0.000000000000000000, -1.000000000000000000 ) ) ;
#5901 = CARTESIAN_POINT ( 'NONE',  ( -2.799999999999999822, 0.2250000000000000056, -4.400000000000000355 ) ) ;
#5902 = ORIENTED_EDGE ( 'NONE', *, *, #1648, .F. ) ;
#5903 = VECTOR ( 'NONE', #4200, 1000.000000000000000 ) ;
#5904 = DIRECTION ( 'NONE',  ( 0.000000000000000000, 1.000000000000000000, 0.000000000000000000 ) ) ;
#5905 = CARTESIAN_POINT ( 'NONE',  ( 1.199999999999999956, 0.2250000000000035028, 2.000000000000000000 ) ) ;
#5906 = DIRECTION ( 'NONE',  ( 0.000000000000000000, 0.000000000000000000, 1.000000000000000000 ) ) ;
#5907 = AXIS2_PLACEMENT_3D ( 'NONE', #7508, #1452, #2144 ) ;
#5908 = SURFACE_STYLE_USAGE ( .BOTH. , #1864 ) ;
#5909 = DIRECTION ( 'NONE',  ( -0.000000000000000000, -0.000000000000000000, -1.000000000000000000 ) ) ;
#5910 = EDGE_LOOP ( 'NONE', ( #187, #577, #5397, #4364 ) ) ;
#5911 = AXIS2_PLACEMENT_3D ( 'NONE', #428, #5693, #4288 ) ;
#5912 = ORIENTED_EDGE ( 'NONE', *, *, #3748, .T. ) ;
#5913 =( NAMED_UNIT ( * ) PLANE_ANGLE_UNIT ( ) SI_UNIT ( $, .RADIAN. ) );
#5914 = DIRECTION ( 'NONE',  ( 0.000000000000000000, 0.000000000000000000, 1.000000000000000000 ) ) ;
#5915 = DIRECTION ( 'NONE',  ( -1.000000000000000000, 0.000000000000000000, 0.000000000000000000 ) ) ;
#5916 =( NAMED_UNIT ( * ) SI_UNIT ( $, .STERADIAN. ) SOLID_ANGLE_UNIT ( ) );
#5917 = AXIS2_PLACEMENT_3D ( 'NONE', #7585, #4273, #975 ) ;
#5918 = AXIS2_PLACEMENT_3D ( 'NONE', #368, #1721, #1065 ) ;
#5919 = CARTESIAN_POINT ( 'NONE',  ( 2.000000000000000000, 0.3499999999999999778, 0.4000000000000000222 ) ) ;
#5920 = DIRECTION ( 'NONE',  ( -6.938893903907230350E-16, 1.000000000000000000, 0.000000000000000000 ) ) ;
#5921 = ORIENTED_EDGE ( 'NONE', *, *, #5030, .F. ) ;
#5922 = EDGE_CURVE ( 'NONE', #5996, #7249, #5155, .T. ) ;
#5923 = EDGE_LOOP ( 'NONE', ( #7877, #990, #3972 ) ) ;
#5924 = VERTEX_POINT ( 'NONE', #706 ) ;
#5925 = PRESENTATION_LAYER_ASSIGNMENT (  '', '', ( #7734 ) ) ;
#5926 = CIRCLE ( 'NONE', #5653, 0.2249999999999999500 ) ;
#5927 = DIRECTION ( 'NONE',  ( 1.000000000000000000, 5.795304382052431206E-16, 0.000000000000000000 ) ) ;
#5928 = EDGE_CURVE ( 'NONE', #7965, #6148, #6752, .T. ) ;
#5929 = COLOUR_RGB ( '',0.7921568627450980005, 0.8196078431372548767, 0.9333333333333333481 ) ;
#5930 = MECHANICAL_DESIGN_GEOMETRIC_PRESENTATION_REPRESENTATION (  '', ( #791 ), #2459 ) ;
#5931 = DIRECTION ( 'NONE',  ( -1.000000000000000000, 0.000000000000000000, 0.000000000000000000 ) ) ;
#5932 = ADVANCED_FACE ( 'NONE', ( #5352 ), #7932, .T. ) ;
#5933 = EDGE_LOOP ( 'NONE', ( #5257, #2886, #874, #8320 ) ) ;
#5934 = EDGE_CURVE ( 'NONE', #7715, #4650, #595, .T. ) ;
#5935 = EDGE_CURVE ( 'NONE', #1154, #5286, #8529, .T. ) ;
#5936 = CARTESIAN_POINT ( 'NONE',  ( 2.000000000000000000, 0.2250000000000040024, 0.4000000000000000222 ) ) ;
#5937 = AXIS2_PLACEMENT_3D ( 'NONE', #594, #1250, #4587 ) ;
#5938 = CARTESIAN_POINT ( 'NONE',  ( 2.225000000000000089, 0.2250000000000040024, -1.199999999999999956 ) ) ;
#5939 = CARTESIAN_POINT ( 'NONE',  ( 2.575000000000000178, 0.2250000000000045020, -3.600000000000000089 ) ) ;
#5940 = PLANE ( 'NONE',  #7502 ) ;
#5941 = SURFACE_STYLE_USAGE ( .BOTH. , #7294 ) ;
#5942 = EDGE_CURVE ( 'NONE', #131, #8375, #7135, .T. ) ;
#5943 = PRESENTATION_STYLE_ASSIGNMENT (( #115 ) ) ;
#5944 = AXIS2_PLACEMENT_3D ( 'NONE', #804, #6113, #161 ) ;
#5945 = CARTESIAN_POINT ( 'NONE',  ( 4.500000000000000888, 1.000000000000003109, 5.500000000000000000 ) ) ;
#5946 = AXIS2_PLACEMENT_3D ( 'NONE', #4930, #6232, #5639 ) ;
#5947 = ORIENTED_EDGE ( 'NONE', *, *, #5453, .F. ) ;
#5948 = DIRECTION ( 'NONE',  ( -0.000000000000000000, -0.000000000000000000, -1.000000000000000000 ) ) ;
#5949 = AXIS2_PLACEMENT_3D ( 'NONE', #4702, #5970, #4610 ) ;
#5950 = AXIS2_PLACEMENT_3D ( 'NONE', #3308, #3107, #5292 ) ;
#5951 =( NAMED_UNIT ( * ) PLANE_ANGLE_UNIT ( ) SI_UNIT ( $, .RADIAN. ) );
#5952 = AXIS2_PLACEMENT_3D ( 'NONE', #3309, #778, #4640 ) ;
#5953 = CARTESIAN_POINT ( 'NONE',  ( 0.4000000000000000222, 0.2250000000000030032, -2.799999999999999822 ) ) ;
#5954 = CIRCLE ( 'NONE', #7077, 0.2250000000000000056 ) ;
#5955 = EDGE_LOOP ( 'NONE', ( #1473, #6982, #3506 ) ) ;
#5956 = DIRECTION ( 'NONE',  ( 5.795304382052420359E-16, -1.000000000000000000, 0.000000000000000000 ) ) ;
#5957 = ORIENTED_EDGE ( 'NONE', *, *, #5623, .T. ) ;
#5958 = SURFACE_SIDE_STYLE ('',( #6647 ) ) ;
#5959 = CARTESIAN_POINT ( 'NONE',  ( 2.399999999999999911, 0.3499999999999999778, 4.000000000000000000 ) ) ;
#5960 = UNCERTAINTY_MEASURE_WITH_UNIT (LENGTH_MEASURE( 1.000000000000000082E-05 ), #3179, 'distance_accuracy_value', 'NONE');
#5961 = AXIS2_PLACEMENT_3D ( 'NONE', #5703, #7176, #6513 ) ;
#5962 = AXIS2_PLACEMENT_3D ( 'NONE', #7004, #3173, #5749 ) ;
#5963 = SPHERICAL_SURFACE ( 'NONE', #5867, 0.2250000000000000056 ) ;
#5964 = CARTESIAN_POINT ( 'NONE',  ( -2.000000000000000000, 0.2250000000000000056, 1.199999999999999956 ) ) ;
#5965 = ORIENTED_EDGE ( 'NONE', *, *, #6137, .F. ) ;
#5966 = EDGE_LOOP ( 'NONE', ( #5760, #6391, #1104 ) ) ;
#5967 = ORIENTED_EDGE ( 'NONE', *, *, #33, .T. ) ;
#5968 = AXIS2_PLACEMENT_3D ( 'NONE', #3859, #6544, #3210 ) ;
#5969 = AXIS2_PLACEMENT_3D ( 'NONE', #7046, #5082, #7746 ) ;
#5970 = DIRECTION ( 'NONE',  ( 0.000000000000000000, 0.000000000000000000, 1.000000000000000000 ) ) ;
#5971 = FACE_OUTER_BOUND ( 'NONE', #7106, .T. ) ;
#5972 = COLOUR_RGB ( '',0.7921568627450980005, 0.8196078431372548767, 0.9333333333333333481 ) ;
#5973 = DIRECTION ( 'NONE',  ( 1.000000000000000000, 5.795304382052429234E-16, 0.000000000000000000 ) ) ;
#5974 = DIRECTION ( 'NONE',  ( -1.000000000000000000, 0.000000000000000000, 2.409338161078898687E-16 ) ) ;
#5975 = ORIENTED_EDGE ( 'NONE', *, *, #6903, .T. ) ;
#5976 = ORIENTED_EDGE ( 'NONE', *, *, #1741, .F. ) ;
#5977 = DIRECTION ( 'NONE',  ( -1.000000000000000000, 0.000000000000000000, 0.000000000000000000 ) ) ;
#5978 = AXIS2_PLACEMENT_3D ( 'NONE', #3006, #5658, #8326 ) ;
#5979 = CARTESIAN_POINT ( 'NONE',  ( 3.600000000000000089, 0.2250000000000049738, -4.400000000000000355 ) ) ;
#5980 = SPHERICAL_SURFACE ( 'NONE', #3035, 0.2250000000000000056 ) ;
#5981 = DIRECTION ( 'NONE',  ( 5.795304382052420359E-16, -1.000000000000000000, 0.000000000000000000 ) ) ;
#5982 = EDGE_CURVE ( 'NONE', #7808, #243, #6568, .T. ) ;
#5983 =( NAMED_UNIT ( * ) PLANE_ANGLE_UNIT ( ) SI_UNIT ( $, .RADIAN. ) );
#5984 = ADVANCED_FACE ( 'NONE', ( #7971 ), #2682, .T. ) ;
#5985 = DIRECTION ( 'NONE',  ( 0.000000000000000000, 1.000000000000000000, 0.000000000000000000 ) ) ;
#5986 = DIRECTION ( 'NONE',  ( -1.000000000000000000, 0.000000000000000000, 0.000000000000000000 ) ) ;
#5987 = VERTEX_POINT ( 'NONE', #7327 ) ;
#5988 = DIRECTION ( 'NONE',  ( 0.000000000000000000, 1.000000000000000000, 0.000000000000000000 ) ) ;
#5989 = EDGE_CURVE ( 'NONE', #3011, #6372, #7415, .T. ) ;
#5990 = CARTESIAN_POINT ( 'NONE',  ( -3.600000000000000089, 0.2250000000000000056, -4.400000000000000355 ) ) ;
#5991 = DIRECTION ( 'NONE',  ( 1.000000000000000000, 0.000000000000000000, 0.000000000000000000 ) ) ;
#5992 = EDGE_CURVE ( 'NONE', #1716, #4650, #6970, .T. ) ;
#5993 = ADVANCED_FACE ( 'NONE', ( #5631 ), #7501, .T. ) ;
#5994 = PRESENTATION_LAYER_ASSIGNMENT (  '', '', ( #15 ) ) ;
#5995 = FACE_OUTER_BOUND ( 'NONE', #2367, .T. ) ;
#5996 = VERTEX_POINT ( 'NONE', #1539 ) ;
#5997 = DIRECTION ( 'NONE',  ( 5.795304382052420359E-16, -1.000000000000000000, 0.000000000000000000 ) ) ;
#5998 = ORIENTED_EDGE ( 'NONE', *, *, #8456, .F. ) ;
#5999 = CIRCLE ( 'NONE', #3229, 0.2249999999999999500 ) ;
#6000 = DIRECTION ( 'NONE',  ( -1.224646799147353207E-16, -0.000000000000000000, -1.000000000000000000 ) ) ;
#6001 = DIRECTION ( 'NONE',  ( 6.918242433955120338E-16, -1.000000000000000000, 0.000000000000000000 ) ) ;
#6002 = DIRECTION ( 'NONE',  ( -1.000000000000000000, 0.000000000000000000, 0.000000000000000000 ) ) ;
#6003 = FACE_OUTER_BOUND ( 'NONE', #811, .T. ) ;
#6004 = DIRECTION ( 'NONE',  ( 0.000000000000000000, 0.000000000000000000, -1.000000000000000000 ) ) ;
#6005 = CIRCLE ( 'NONE', #6286, 0.2249999999999999500 ) ;
#6006 = AXIS2_PLACEMENT_3D ( 'NONE', #7117, #7896, #5809 ) ;
#6007 = DIRECTION ( 'NONE',  ( 0.000000000000000000, 0.000000000000000000, -1.000000000000000000 ) ) ;
#6008 = VERTEX_POINT ( 'NONE', #2858 ) ;
#6009 = ORIENTED_EDGE ( 'NONE', *, *, #5942, .T. ) ;
#6010 = EDGE_LOOP ( 'NONE', ( #7242, #1226, #1361, #6165 ) ) ;
#6011 = DIRECTION ( 'NONE',  ( 0.000000000000000000, 0.000000000000000000, 1.000000000000000000 ) ) ;
#6012 = AXIS2_PLACEMENT_3D ( 'NONE', #7773, #1812, #3720 ) ;
#6013 = CARTESIAN_POINT ( 'NONE',  ( -1.199999999999999956, 0.2250000000000000056, 0.4000000000000000222 ) ) ;
#6014 = FILL_AREA_STYLE_COLOUR ( '', #2108 ) ;
#6015 = CARTESIAN_POINT ( 'NONE',  ( 0.4000000000000000222, 0.2250000000000030032, -0.4000000000000000222 ) ) ;
#6016 = PLANE ( 'NONE',  #2908 ) ;
#6017 = EDGE_LOOP ( 'NONE', ( #6709, #3602, #5157 ) ) ;
#6018 = CLOSED_SHELL ( 'NONE', ( #6457, #3323, #7486, #7108, #1947 ) ) ;
#6019 = ORIENTED_EDGE ( 'NONE', *, *, #5135, .F. ) ;
#6020 = ORIENTED_EDGE ( 'NONE', *, *, #4330, .T. ) ;
#6021 = CARTESIAN_POINT ( 'NONE',  ( -3.824999999999999734, 0.2250000000000000056, 4.400000000000000355 ) ) ;
#6022 = DIRECTION ( 'NONE',  ( -0.000000000000000000, -0.000000000000000000, -1.000000000000000000 ) ) ;
#6023 = CARTESIAN_POINT ( 'NONE',  ( -2.799999999999999822, 0.2250000000000000056, 3.600000000000000089 ) ) ;
#6024 = CARTESIAN_POINT ( 'NONE',  ( 2.225000000000000089, 0.2250000000000040024, 2.799999999999999822 ) ) ;
#6025 = CLOSED_SHELL ( 'NONE', ( #6671, #654, #4919, #1112, #3077 ) ) ;
#6026 = SPHERICAL_SURFACE ( 'NONE', #3062, 0.2250000000000000056 ) ;
#6027 = DIRECTION ( 'NONE',  ( 5.795304382052420359E-16, -1.000000000000000000, 0.000000000000000000 ) ) ;
#6028 = DIRECTION ( 'NONE',  ( 0.000000000000000000, 0.000000000000000000, 1.000000000000000000 ) ) ;
#6029 = ORIENTED_EDGE ( 'NONE', *, *, #1586, .T. ) ;
#6030 = EDGE_CURVE ( 'NONE', #2506, #2402, #2969, .T. ) ;
#6031 = AXIS2_PLACEMENT_3D ( 'NONE', #5237, #4629, #7869 ) ;
#6032 = CARTESIAN_POINT ( 'NONE',  ( -2.799999999999999822, 0.2250000000000000056, -4.400000000000000355 ) ) ;
#6033 = SPHERICAL_SURFACE ( 'NONE', #2044, 0.2250000000000000056 ) ;
#6034 = CARTESIAN_POINT ( 'NONE',  ( -0.2129171306613005521, 0.3500000000000000888, -1.199999999999999956 ) ) ;
#6035 = AXIS2_PLACEMENT_3D ( 'NONE', #5109, #8306, #2411 ) ;
#6036 = EDGE_CURVE ( 'NONE', #6285, #1952, #1271, .T. ) ;
#6037 = DIRECTION ( 'NONE',  ( -0.000000000000000000, -0.000000000000000000, -1.000000000000000000 ) ) ;
#6038 = ORIENTED_EDGE ( 'NONE', *, *, #881, .F. ) ;
#6039 = EDGE_CURVE ( 'NONE', #3911, #2303, #5441, .T. ) ;
#6040 = CARTESIAN_POINT ( 'NONE',  ( 1.387082869338698954, 0.3500000000000000888, -0.4000000000000000777 ) ) ;
#6041 = VERTEX_POINT ( 'NONE', #4965 ) ;
#6042 = FILL_AREA_STYLE ('',( #6819 ) ) ;
#6043 = AXIS2_PLACEMENT_3D ( 'NONE', #1365, #6625, #1238 ) ;
#6044 = EDGE_CURVE ( 'NONE', #4399, #5678, #3930, .T. ) ;
#6045 = SPHERICAL_SURFACE ( 'NONE', #3731, 0.2250000000000000056 ) ;
#6046 = CARTESIAN_POINT ( 'NONE',  ( 2.399999999999999911, 0.3499999999999999778, 1.600000000000000089 ) ) ;
#6047 = UNCERTAINTY_MEASURE_WITH_UNIT (LENGTH_MEASURE( 1.000000000000000082E-05 ), #657, 'distance_accuracy_value', 'NONE');
#6048 = DIRECTION ( 'NONE',  ( 0.000000000000000000, 1.000000000000000000, 0.000000000000000000 ) ) ;
#6049 = AXIS2_PLACEMENT_3D ( 'NONE', #4202, #7474, #2206 ) ;
#6050 = DIRECTION ( 'NONE',  ( 0.000000000000000000, 1.000000000000000000, 0.000000000000000000 ) ) ;
#6051 = EDGE_LOOP ( 'NONE', ( #7450, #5394, #2496 ) ) ;
#6052 = ORIENTED_EDGE ( 'NONE', *, *, #1735, .F. ) ;
#6053 = EDGE_LOOP ( 'NONE', ( #8142, #5975, #38 ) ) ;
#6054 = CIRCLE ( 'NONE', #8446, 0.1870828693386994146 ) ;
#6055 = UNCERTAINTY_MEASURE_WITH_UNIT (LENGTH_MEASURE( 1.000000000000000082E-05 ), #2847, 'distance_accuracy_value', 'NONE');
#6056 = DIRECTION ( 'NONE',  ( 0.000000000000000000, 1.000000000000000000, 0.000000000000000000 ) ) ;
#6057 = DIRECTION ( 'NONE',  ( 5.795304382052420359E-16, -1.000000000000000000, 0.000000000000000000 ) ) ;
#6058 = DIRECTION ( 'NONE',  ( -1.224646799147353207E-16, -0.000000000000000000, -1.000000000000000000 ) ) ;
#6059 = COLOUR_RGB ( '',0.7921568627450980005, 0.8196078431372548767, 0.9333333333333333481 ) ;
#6060 = ORIENTED_EDGE ( 'NONE', *, *, #2305, .T. ) ;
#6061 = CIRCLE ( 'NONE', #7735, 0.2250000000000000056 ) ;
#6062 = EDGE_LOOP ( 'NONE', ( #166, #143, #5710 ) ) ;
#6063 = ORIENTED_EDGE ( 'NONE', *, *, #4591, .F. ) ;
#6064 = DIRECTION ( 'NONE',  ( -1.000000000000000000, 0.000000000000000000, 0.000000000000000000 ) ) ;
#6065 = FACE_OUTER_BOUND ( 'NONE', #8090, .T. ) ;
#6066 = DIRECTION ( 'NONE',  ( -1.000000000000000000, 0.000000000000000000, 0.000000000000000000 ) ) ;
#6067 = AXIS2_PLACEMENT_3D ( 'NONE', #3866, #3166, #5865 ) ;
#6068 = AXIS2_PLACEMENT_3D ( 'NONE', #7576, #7012, #6353 ) ;
#6069 = FACE_OUTER_BOUND ( 'NONE', #8343, .T. ) ;
#6070 = EDGE_CURVE ( 'NONE', #1030, #6476, #301, .T. ) ;
#6071 = CARTESIAN_POINT ( 'NONE',  ( 2.799999999999999822, 0.3499999999999999778, 4.400000000000000355 ) ) ;
#6072 = DIRECTION ( 'NONE',  ( -1.224646799147353207E-16, -0.000000000000000000, -1.000000000000000000 ) ) ;
#6073 = ORIENTED_EDGE ( 'NONE', *, *, #828, .T. ) ;
#6074 = AXIS2_PLACEMENT_3D ( 'NONE', #7598, #6986, #4285 ) ;
#6075 = CIRCLE ( 'NONE', #3576, 0.2250000000000000056 ) ;
#6076 = DIRECTION ( 'NONE',  ( -1.000000000000000000, 0.000000000000000000, 0.000000000000000000 ) ) ;
#6077 = AXIS2_PLACEMENT_3D ( 'NONE', #3404, #6058, #2776 ) ;
#6078 = CIRCLE ( 'NONE', #2191, 0.1870828693386989428 ) ;
#6079 = VERTEX_POINT ( 'NONE', #880 ) ;
#6080 = CARTESIAN_POINT ( 'NONE',  ( 2.987082869338699265, 0.3500000000000000888, -3.600000000000000089 ) ) ;
#6081 = ORIENTED_EDGE ( 'NONE', *, *, #4495, .F. ) ;
#6082 = CIRCLE ( 'NONE', #808, 0.2250000000000000056 ) ;
#6083 = CIRCLE ( 'NONE', #8610, 0.2249999999999999500 ) ;
#6084 =( LENGTH_UNIT ( ) NAMED_UNIT ( * ) SI_UNIT ( .MILLI., .METRE. ) );
#6085 = DIRECTION ( 'NONE',  ( -1.224646799147353207E-16, -0.000000000000000000, -1.000000000000000000 ) ) ;
#6086 = CARTESIAN_POINT ( 'NONE',  ( -2.799999999999999822, 0.2250000000000000056, 3.600000000000000089 ) ) ;
#6087 = EDGE_CURVE ( 'NONE', #5870, #225, #4321, .T. ) ;
#6088 = ADVANCED_FACE ( 'NONE', ( #1619 ), #3667, .T. ) ;
#6089 = AXIS2_PLACEMENT_3D ( 'NONE', #8473, #1176, #7189 ) ;
#6090 = AXIS2_PLACEMENT_3D ( 'NONE', #1948, #1984, #5828 ) ;
#6091 = CARTESIAN_POINT ( 'NONE',  ( -3.699999999999998845, 0.9500000000000003997, -4.699999999999999289 ) ) ;
#6092 = ORIENTED_EDGE ( 'NONE', *, *, #4175, .T. ) ;
#6093 = DIRECTION ( 'NONE',  ( -1.000000000000000000, 0.000000000000000000, 0.000000000000000000 ) ) ;
#6094 = ORIENTED_EDGE ( 'NONE', *, *, #1985, .T. ) ;
#6095 = ORIENTED_EDGE ( 'NONE', *, *, #6330, .F. ) ;
#6096 = ORIENTED_EDGE ( 'NONE', *, *, #6410, .F. ) ;
#6097 = DIRECTION ( 'NONE',  ( -1.000000000000000000, 0.000000000000000000, 0.000000000000000000 ) ) ;
#6098 = EDGE_CURVE ( 'NONE', #1838, #57, #4480, .T. ) ;
#6099 = PRESENTATION_LAYER_ASSIGNMENT (  '', '', ( #6788 ) ) ;
#6100 = AXIS2_PLACEMENT_3D ( 'NONE', #8099, #5920, #8596 ) ;
#6101 = DIRECTION ( 'NONE',  ( -1.000000000000000000, 0.000000000000000000, 0.000000000000000000 ) ) ;
#6102 = DIRECTION ( 'NONE',  ( 0.000000000000000000, 0.000000000000000000, 1.000000000000000000 ) ) ;
#6103 = ADVANCED_FACE ( 'NONE', ( #230 ), #6880, .T. ) ;
#6104 = DIRECTION ( 'NONE',  ( -1.000000000000000000, 0.000000000000000000, 0.000000000000000000 ) ) ;
#6105 =( GEOMETRIC_REPRESENTATION_CONTEXT ( 3 ) GLOBAL_UNCERTAINTY_ASSIGNED_CONTEXT ( ( #6139 ) ) GLOBAL_UNIT_ASSIGNED_CONTEXT ( ( #3828, #8506, #436 ) ) REPRESENTATION_CONTEXT ( 'NONE', 'WORKASPACE' ) );
#6106 = DIRECTION ( 'NONE',  ( 1.000000000000000000, 5.795304382052416415E-16, 0.000000000000000000 ) ) ;
#6107 = AXIS2_PLACEMENT_3D ( 'NONE', #7951, #690, #1162 ) ;
#6108 = ORIENTED_EDGE ( 'NONE', *, *, #2365, .T. ) ;
#6109 = EDGE_LOOP ( 'NONE', ( #1049, #6274, #5154, #4862 ) ) ;
#6110 = VERTEX_POINT ( 'NONE', #3501 ) ;
#6111 = DIRECTION ( 'NONE',  ( 1.000000000000000000, 0.000000000000000000, 0.000000000000000000 ) ) ;
#6112 = PLANE ( 'NONE',  #527 ) ;
#6113 = DIRECTION ( 'NONE',  ( -6.938893903907230350E-16, 1.000000000000000000, 0.000000000000000000 ) ) ;
#6114 = COLOUR_RGB ( '',0.7921568627450980005, 0.8196078431372548767, 0.9333333333333333481 ) ;
#6115 = FACE_OUTER_BOUND ( 'NONE', #1598, .T. ) ;
#6116 = PRESENTATION_LAYER_ASSIGNMENT (  '', '', ( #2510 ) ) ;
#6117 = FACE_OUTER_BOUND ( 'NONE', #1305, .T. ) ;
#6118 = SURFACE_SIDE_STYLE ('',( #2734 ) ) ;
#6119 = SURFACE_SIDE_STYLE ('',( #852 ) ) ;
#6120 = VERTEX_POINT ( 'NONE', #6143 ) ;
#6121 =( GEOMETRIC_REPRESENTATION_CONTEXT ( 3 ) GLOBAL_UNCERTAINTY_ASSIGNED_CONTEXT ( ( #3538 ) ) GLOBAL_UNIT_ASSIGNED_CONTEXT ( ( #649, #4088, #7446 ) ) REPRESENTATION_CONTEXT ( 'NONE', 'WORKASPACE' ) );
#6122 = CARTESIAN_POINT ( 'NONE',  ( -1.199999999999999956, 0.2250000000000000056, -2.799999999999999822 ) ) ;
#6123 = SURFACE_SIDE_STYLE ('',( #4856 ) ) ;
#6124 = EDGE_LOOP ( 'NONE', ( #5609, #7233, #5802 ) ) ;
#6125 = EDGE_LOOP ( 'NONE', ( #5717, #526 ) ) ;
#6126 = CARTESIAN_POINT ( 'NONE',  ( 2.000000000000000000, 0.2250000000000040024, 1.199999999999999956 ) ) ;
#6127 = PRESENTATION_STYLE_ASSIGNMENT (( #6694 ) ) ;
#6128 = DIRECTION ( 'NONE',  ( -1.000000000000000000, 0.000000000000000000, 0.000000000000000000 ) ) ;
#6129 = CARTESIAN_POINT ( 'NONE',  ( 1.199999999999999956, 0.2250000000000035028, -2.000000000000000000 ) ) ;
#6130 = CARTESIAN_POINT ( 'NONE',  ( 1.812917130661300558, 0.3499999999999998668, -2.000000000000000000 ) ) ;
#6131 = ORIENTED_EDGE ( 'NONE', *, *, #8560, .F. ) ;
#6132 = AXIS2_PLACEMENT_3D ( 'NONE', #3228, #4397, #2399 ) ;
#6133 =( GEOMETRIC_REPRESENTATION_CONTEXT ( 3 ) GLOBAL_UNCERTAINTY_ASSIGNED_CONTEXT ( ( #2039 ) ) GLOBAL_UNIT_ASSIGNED_CONTEXT ( ( #5808, #7073, #5105 ) ) REPRESENTATION_CONTEXT ( 'NONE', 'WORKASPACE' ) );
#6134 = ORIENTED_EDGE ( 'NONE', *, *, #7689, .F. ) ;
#6135 = ORIENTED_EDGE ( 'NONE', *, *, #3551, .F. ) ;
#6136 = SPHERICAL_SURFACE ( 'NONE', #4391, 0.2250000000000000056 ) ;
#6137 = EDGE_CURVE ( 'NONE', #8375, #131, #1020, .T. ) ;
#6138 = FACE_OUTER_BOUND ( 'NONE', #4916, .T. ) ;
#6139 = UNCERTAINTY_MEASURE_WITH_UNIT (LENGTH_MEASURE( 1.000000000000000082E-05 ), #3828, 'distance_accuracy_value', 'NONE');
#6140 = DIRECTION ( 'NONE',  ( 5.795304382052420359E-16, -1.000000000000000000, 0.000000000000000000 ) ) ;
#6141 = CIRCLE ( 'NONE', #2679, 0.2249999999999999500 ) ;
#6142 = PRESENTATION_LAYER_ASSIGNMENT (  '', '', ( #177 ) ) ;
#6143 = CARTESIAN_POINT ( 'NONE',  ( -1.012917130661300957, 0.3500000000000000888, 2.000000000000000000 ) ) ;
#6144 = EDGE_CURVE ( 'NONE', #6147, #4304, #6548, .T. ) ;
#6145 = SPHERICAL_SURFACE ( 'NONE', #1910, 0.2250000000000000056 ) ;
#6146 = EDGE_LOOP ( 'NONE', ( #47, #8153 ) ) ;
#6147 = VERTEX_POINT ( 'NONE', #5544 ) ;
#6148 = VERTEX_POINT ( 'NONE', #8198 ) ;
#6149 = EDGE_CURVE ( 'NONE', #2228, #3441, #5878, .T. ) ;
#6150 = AXIS2_PLACEMENT_3D ( 'NONE', #6981, #4936, #7595 ) ;
#6151 = DIRECTION ( 'NONE',  ( -0.000000000000000000, -0.000000000000000000, -1.000000000000000000 ) ) ;
#6152 = CIRCLE ( 'NONE', #8399, 0.2249999999999999500 ) ;
#6153 = DIRECTION ( 'NONE',  ( 0.000000000000000000, 0.000000000000000000, 1.000000000000000000 ) ) ;
#6154 = EDGE_CURVE ( 'NONE', #1154, #4017, #2828, .T. ) ;
#6155 = CARTESIAN_POINT ( 'NONE',  ( -2.000000000000000000, 0.2250000000000000056, 2.000000000000000000 ) ) ;
#6156 = DIRECTION ( 'NONE',  ( -0.000000000000000000, -0.000000000000000000, -1.000000000000000000 ) ) ;
#6157 = DIRECTION ( 'NONE',  ( 1.000000000000000000, 5.795304382052416415E-16, 0.000000000000000000 ) ) ;
#6158 = DIRECTION ( 'NONE',  ( -1.000000000000000000, 0.000000000000000000, 0.000000000000000000 ) ) ;
#6159 = EDGE_LOOP ( 'NONE', ( #6181, #7026, #3177 ) ) ;
#6160 = CARTESIAN_POINT ( 'NONE',  ( -1.199999999999999956, 0.2250000000000000056, -2.799999999999999822 ) ) ;
#6161 = FACE_OUTER_BOUND ( 'NONE', #6196, .T. ) ;
#6162 = CARTESIAN_POINT ( 'NONE',  ( 3.600000000000000089, 0.2250000000000049738, -4.400000000000000355 ) ) ;
#6163 = DIRECTION ( 'NONE',  ( 6.918242433955120338E-16, -1.000000000000000000, 0.000000000000000000 ) ) ;
#6164 = CIRCLE ( 'NONE', #5892, 0.2249999999999999500 ) ;
#6165 = ORIENTED_EDGE ( 'NONE', *, *, #7437, .F. ) ;
#6166 = PLANE ( 'NONE',  #4226 ) ;
#6167 = EDGE_LOOP ( 'NONE', ( #8608, #8292 ) ) ;
#6168 = DIRECTION ( 'NONE',  ( 6.918242433955120338E-16, -1.000000000000000000, 0.000000000000000000 ) ) ;
#6169 = AXIS2_PLACEMENT_3D ( 'NONE', #6862, #904, #7564 ) ;
#6170 = DIRECTION ( 'NONE',  ( 0.000000000000000000, 0.000000000000000000, 1.000000000000000000 ) ) ;
#6171 = DIRECTION ( 'NONE',  ( -1.000000000000000000, 0.000000000000000000, 0.000000000000000000 ) ) ;
#6172 = DIRECTION ( 'NONE',  ( -1.224646799147353207E-16, -0.000000000000000000, -1.000000000000000000 ) ) ;
#6173 = ORIENTED_EDGE ( 'NONE', *, *, #5922, .F. ) ;
#6174 = ORIENTED_EDGE ( 'NONE', *, *, #1364, .T. ) ;
#6175 = VERTEX_POINT ( 'NONE', #5049 ) ;
#6176 = CARTESIAN_POINT ( 'NONE',  ( -0.4000000000000000222, 0.2250000000000024758, -1.199999999999999956 ) ) ;
#6177 = CARTESIAN_POINT ( 'NONE',  ( 0.4000000000000000222, 0.2250000000000030032, -2.000000000000000000 ) ) ;
#6178 = CARTESIAN_POINT ( 'NONE',  ( -0.4000000000000000222, 0.3499999999999999778, -2.799999999999999822 ) ) ;
#6179 = DIRECTION ( 'NONE',  ( 5.795304382052420359E-16, -1.000000000000000000, 0.000000000000000000 ) ) ;
#6180 = ADVANCED_FACE ( 'NONE', ( #7146 ), #3139, .T. ) ;
#6181 = ORIENTED_EDGE ( 'NONE', *, *, #4132, .F. ) ;
#6182 = ORIENTED_EDGE ( 'NONE', *, *, #2111, .T. ) ;
#6183 = ORIENTED_EDGE ( 'NONE', *, *, #5668, .F. ) ;
#6184 = CIRCLE ( 'NONE', #5645, 0.2249999999999999500 ) ;
#6185 = SPHERICAL_SURFACE ( 'NONE', #5907, 0.2250000000000000056 ) ;
#6186 = DIRECTION ( 'NONE',  ( 1.000000000000000000, 5.795304382052416415E-16, 0.000000000000000000 ) ) ;
#6187 = CARTESIAN_POINT ( 'NONE',  ( 2.799999999999999822, 0.3499999999999999778, -4.400000000000000355 ) ) ;
#6188 = CARTESIAN_POINT ( 'NONE',  ( 1.199999999999999956, 0.3499999999999999778, -2.799999999999999822 ) ) ;
#6189 = DIRECTION ( 'NONE',  ( -1.000000000000000000, 0.000000000000000000, 0.000000000000000000 ) ) ;
#6190 = EDGE_CURVE ( 'NONE', #5743, #6296, #2530, .T. ) ;
#6191 = AXIS2_PLACEMENT_3D ( 'NONE', #5300, #3236, #3925 ) ;
#6192 = AXIS2_PLACEMENT_3D ( 'NONE', #8393, #5642, #3766 ) ;
#6193 = ADVANCED_FACE ( 'NONE', ( #8382 ), #7062, .T. ) ;
#6194 = EDGE_CURVE ( 'NONE', #5286, #2229, #171, .T. ) ;
#6195 = DIRECTION ( 'NONE',  ( 0.000000000000000000, 0.000000000000000000, -1.000000000000000000 ) ) ;
#6196 = EDGE_LOOP ( 'NONE', ( #1214, #6955, #1143 ) ) ;
#6197 = EDGE_CURVE ( 'NONE', #7628, #5069, #2262, .T. ) ;
#6198 = DIRECTION ( 'NONE',  ( 5.795304382052420359E-16, -1.000000000000000000, 0.000000000000000000 ) ) ;
#6199 = PRESENTATION_LAYER_ASSIGNMENT (  '', '', ( #1067 ) ) ;
#6200 = DIRECTION ( 'NONE',  ( -1.000000000000000000, 0.000000000000000000, 0.000000000000000000 ) ) ;
#6201 = AXIS2_PLACEMENT_3D ( 'NONE', #5629, #6878, #921 ) ;
#6202 = ADVANCED_FACE ( 'NONE', ( #3188 ), #2491, .T. ) ;
#6203 = DIRECTION ( 'NONE',  ( -0.000000000000000000, -0.000000000000000000, -1.000000000000000000 ) ) ;
#6204 = ADVANCED_FACE ( 'NONE', ( #2534 ), #1057, .T. ) ;
#6205 = AXIS2_PLACEMENT_3D ( 'NONE', #6254, #1128, #7608 ) ;
#6206 = MECHANICAL_DESIGN_GEOMETRIC_PRESENTATION_REPRESENTATION (  '', ( #5221 ), #8018 ) ;
#6207 = ORIENTED_EDGE ( 'NONE', *, *, #31, .T. ) ;
#6208 = FACE_OUTER_BOUND ( 'NONE', #2802, .T. ) ;
#6209 = ORIENTED_EDGE ( 'NONE', *, *, #6728, .F. ) ;
#6210 =( NAMED_UNIT ( * ) SI_UNIT ( $, .STERADIAN. ) SOLID_ANGLE_UNIT ( ) );
#6211 = DIRECTION ( 'NONE',  ( -1.000000000000000000, 0.000000000000000000, 0.000000000000000000 ) ) ;
#6212 = AXIS2_PLACEMENT_3D ( 'NONE', #5373, #8034, #2075 ) ;
#6213 =( NAMED_UNIT ( * ) SI_UNIT ( $, .STERADIAN. ) SOLID_ANGLE_UNIT ( ) );
#6214 = DIRECTION ( 'NONE',  ( 1.000000000000000000, 5.795304382052414442E-16, 0.000000000000000000 ) ) ;
#6215 = AXIS2_PLACEMENT_3D ( 'NONE', #7329, #5304, #6106 ) ;
#6216 = SPHERICAL_SURFACE ( 'NONE', #4565, 0.2250000000000000056 ) ;
#6217 = CIRCLE ( 'NONE', #2765, 0.2249999999999999500 ) ;
#6218 = ORIENTED_EDGE ( 'NONE', *, *, #4019, .F. ) ;
#6219 = ORIENTED_EDGE ( 'NONE', *, *, #4450, .F. ) ;
#6220 = ORIENTED_EDGE ( 'NONE', *, *, #6557, .F. ) ;
#6221 = CARTESIAN_POINT ( 'NONE',  ( -2.799999999999999822, 0.2250000000000000056, 3.600000000000000089 ) ) ;
#6222 = DIRECTION ( 'NONE',  ( -1.000000000000000000, 0.000000000000000000, 0.000000000000000000 ) ) ;
#6223 = CIRCLE ( 'NONE', #1229, 0.2249999999999999500 ) ;
#6224 = AXIS2_PLACEMENT_3D ( 'NONE', #3763, #6000, #6402 ) ;
#6225 = DIRECTION ( 'NONE',  ( -0.000000000000000000, -0.000000000000000000, -1.000000000000000000 ) ) ;
#6226 = DIRECTION ( 'NONE',  ( -1.000000000000000000, 0.000000000000000000, 0.000000000000000000 ) ) ;
#6227 = ORIENTED_EDGE ( 'NONE', *, *, #3545, .F. ) ;
#6228 = ORIENTED_EDGE ( 'NONE', *, *, #251, .T. ) ;
#6229 = ORIENTED_EDGE ( 'NONE', *, *, #4077, .F. ) ;
#6230 = AXIS2_PLACEMENT_3D ( 'NONE', #8426, #7056, #529 ) ;
#6231 = CIRCLE ( 'NONE', #2207, 0.2249999999999999500 ) ;
#6232 = DIRECTION ( 'NONE',  ( -0.000000000000000000, -0.000000000000000000, -1.000000000000000000 ) ) ;
#6233 = SPHERICAL_SURFACE ( 'NONE', #7893, 0.2250000000000000056 ) ;
#6234 = DIRECTION ( 'NONE',  ( 1.000000000000000000, 5.795304382052416415E-16, 0.000000000000000000 ) ) ;
#6235 = COLOUR_RGB ( '',0.7921568627450980005, 0.8196078431372548767, 0.9333333333333333481 ) ;
#6236 = AXIS2_PLACEMENT_3D ( 'NONE', #1998, #3356, #6007 ) ;
#6237 = FACE_OUTER_BOUND ( 'NONE', #1163, .T. ) ;
#6238 = DIRECTION ( 'NONE',  ( 0.000000000000000000, 1.000000000000000000, 0.000000000000000000 ) ) ;
#6239 = AXIS2_PLACEMENT_3D ( 'NONE', #6458, #509, #1075 ) ;
#6240 = EDGE_CURVE ( 'NONE', #1716, #7715, #2124, .T. ) ;
#6241 = SPHERICAL_SURFACE ( 'NONE', #7052, 0.2250000000000000056 ) ;
#6242 = ADVANCED_FACE ( 'NONE', ( #8429 ), #7843, .T. ) ;
#6243 = SPHERICAL_SURFACE ( 'NONE', #7867, 0.2250000000000000056 ) ;
#6244 = DIRECTION ( 'NONE',  ( 0.000000000000000000, 0.000000000000000000, 1.000000000000000000 ) ) ;
#6246 = EDGE_CURVE ( 'NONE', #2178, #4114, #8105, .T. ) ;
#6245 = DIRECTION ( 'NONE',  ( -1.000000000000000000, 0.000000000000000000, 0.000000000000000000 ) ) ;
#6247 = STYLED_ITEM ( 'NONE', ( #4735 ), #8466 ) ;
#6248 = PRESENTATION_LAYER_ASSIGNMENT (  '', '', ( #3341 ) ) ;
#6249 = ORIENTED_EDGE ( 'NONE', *, *, #8344, .F. ) ;
#6250 = EDGE_CURVE ( 'NONE', #7218, #4751, #5999, .T. ) ;
#6251 = ORIENTED_EDGE ( 'NONE', *, *, #1786, .F. ) ;
#6252 = DIRECTION ( 'NONE',  ( -1.224646799147353207E-16, -0.000000000000000000, -1.000000000000000000 ) ) ;
#6253 = ORIENTED_EDGE ( 'NONE', *, *, #4647, .T. ) ;
#6254 = CARTESIAN_POINT ( 'NONE',  ( -0.4000000000000000222, 0.2250000000000024758, 2.000000000000000000 ) ) ;
#6255 = EDGE_CURVE ( 'NONE', #4455, #3687, #8094, .T. ) ;
#6256 = AXIS2_PLACEMENT_3D ( 'NONE', #8136, #3740, #2430 ) ;
#6257 = DIRECTION ( 'NONE',  ( -1.000000000000000000, 0.000000000000000000, 0.000000000000000000 ) ) ;
#6258 = DIRECTION ( 'NONE',  ( 1.000000000000000000, 0.000000000000000000, 0.000000000000000000 ) ) ;
#6259 = EDGE_CURVE ( 'NONE', #8557, #653, #1704, .T. ) ;
#6260 = FACE_OUTER_BOUND ( 'NONE', #7565, .T. ) ;
#6261 = DIRECTION ( 'NONE',  ( -1.000000000000000000, 0.000000000000000000, 0.000000000000000000 ) ) ;
#6262 = DIRECTION ( 'NONE',  ( -1.000000000000000000, 0.000000000000000000, 0.000000000000000000 ) ) ;
#6263 = PLANE ( 'NONE',  #4425 ) ;
#6264 = ORIENTED_EDGE ( 'NONE', *, *, #681, .F. ) ;
#6265 = ADVANCED_FACE ( 'NONE', ( #7666 ), #7014, .T. ) ;
#6266 = ADVANCED_FACE ( 'NONE', ( #3753 ), #2713, .F. ) ;
#6267 = ORIENTED_EDGE ( 'NONE', *, *, #4760, .F. ) ;
#6268 = ORIENTED_EDGE ( 'NONE', *, *, #664, .T. ) ;
#6269 = DIRECTION ( 'NONE',  ( 1.000000000000000000, 0.000000000000000000, 0.000000000000000000 ) ) ;
#6270 = DIRECTION ( 'NONE',  ( 5.795304382052420359E-16, -1.000000000000000000, 0.000000000000000000 ) ) ;
#6271 = CARTESIAN_POINT ( 'NONE',  ( 2.799999999999999822, 0.2250000000000045020, -3.600000000000000089 ) ) ;
#6272 = AXIS2_PLACEMENT_3D ( 'NONE', #3540, #6179, #2902 ) ;
#6273 = DIRECTION ( 'NONE',  ( -1.224646799147353207E-16, -0.000000000000000000, -1.000000000000000000 ) ) ;
#6274 = ORIENTED_EDGE ( 'NONE', *, *, #1096, .T. ) ;
#6275 = ORIENTED_EDGE ( 'NONE', *, *, #1044, .F. ) ;
#6276 = ORIENTED_EDGE ( 'NONE', *, *, #4257, .T. ) ;
#6277 = DIRECTION ( 'NONE',  ( -1.000000000000000000, 0.000000000000000000, 0.000000000000000000 ) ) ;
#6278 = DIRECTION ( 'NONE',  ( -0.000000000000000000, -0.000000000000000000, -1.000000000000000000 ) ) ;
#6279 = DIRECTION ( 'NONE',  ( -1.000000000000000000, 0.000000000000000000, 0.000000000000000000 ) ) ;
#6280 = AXIS2_PLACEMENT_3D ( 'NONE', #447, #2440, #4602 ) ;
#6281 = DIRECTION ( 'NONE',  ( 0.000000000000000000, 1.000000000000000000, 0.000000000000000000 ) ) ;
#6282 = SURFACE_STYLE_FILL_AREA ( #894 ) ;
#6283 = CARTESIAN_POINT ( 'NONE',  ( -1.199999999999999956, 0.2250000000000000056, -2.799999999999999822 ) ) ;
#6284 = DIRECTION ( 'NONE',  ( 5.795304382052420359E-16, -1.000000000000000000, 0.000000000000000000 ) ) ;
#6285 = VERTEX_POINT ( 'NONE', #7362 ) ;
#6286 = AXIS2_PLACEMENT_3D ( 'NONE', #4030, #4801, #5986 ) ;
#6287 = AXIS2_PLACEMENT_3D ( 'NONE', #3852, #1152, #3242 ) ;
#6288 = DIRECTION ( 'NONE',  ( -0.000000000000000000, -0.000000000000000000, -1.000000000000000000 ) ) ;
#6289 = CARTESIAN_POINT ( 'NONE',  ( -2.187082869338698998, 0.3499999999999998668, -2.000000000000000000 ) ) ;
#6290 = FILL_AREA_STYLE ('',( #7781 ) ) ;
#6291 = AXIS2_PLACEMENT_3D ( 'NONE', #5797, #534, #574 ) ;
#6292 = ORIENTED_EDGE ( 'NONE', *, *, #3429, .T. ) ;
#6293 = EDGE_CURVE ( 'NONE', #4884, #8557, #8234, .T. ) ;
#6294 = VERTEX_POINT ( 'NONE', #7926 ) ;
#6295 = DIRECTION ( 'NONE',  ( -0.000000000000000000, -0.000000000000000000, -1.000000000000000000 ) ) ;
#6296 = VERTEX_POINT ( 'NONE', #4693 ) ;
#6297 = DIRECTION ( 'NONE',  ( -1.000000000000000000, 0.000000000000000000, 0.000000000000000000 ) ) ;
#6298 = SPHERICAL_SURFACE ( 'NONE', #6639, 0.2250000000000000056 ) ;
#6299 = ADVANCED_FACE ( 'NONE', ( #1300 ), #1917, .T. ) ;
#6300 = FACE_OUTER_BOUND ( 'NONE', #1470, .T. ) ;
#6301 = SURFACE_STYLE_FILL_AREA ( #3655 ) ;
#6302 = AXIS2_PLACEMENT_3D ( 'NONE', #1787, #5085, #3877 ) ;
#6303 = DIRECTION ( 'NONE',  ( -0.000000000000000000, -0.000000000000000000, -1.000000000000000000 ) ) ;
#6304 = EDGE_CURVE ( 'NONE', #2294, #5750, #5596, .T. ) ;
#6305 = CARTESIAN_POINT ( 'NONE',  ( 0.5870828693386989094, 0.3500000000000000888, 2.799999999999999822 ) ) ;
#6306 = ORIENTED_EDGE ( 'NONE', *, *, #6836, .T. ) ;
#6307 = EDGE_CURVE ( 'NONE', #5678, #8467, #2834, .T. ) ;
#6308 = EDGE_LOOP ( 'NONE', ( #5487, #6886, #524 ) ) ;
#6309 = ORIENTED_EDGE ( 'NONE', *, *, #2422, .T. ) ;
#6310 = FACE_OUTER_BOUND ( 'NONE', #1125, .T. ) ;
#6311 = AXIS2_PLACEMENT_3D ( 'NONE', #4992, #4503, #7651 ) ;
#6312 = DIRECTION ( 'NONE',  ( -0.000000000000000000, -0.000000000000000000, -1.000000000000000000 ) ) ;
#6313 = EDGE_CURVE ( 'NONE', #5169, #4968, #1004, .T. ) ;
#6314 = DIRECTION ( 'NONE',  ( 1.000000000000000000, 5.795304382052416415E-16, 0.000000000000000000 ) ) ;
#6315 = DIRECTION ( 'NONE',  ( -1.224646799147353207E-16, -0.000000000000000000, -1.000000000000000000 ) ) ;
#6316 = AXIS2_PLACEMENT_3D ( 'NONE', #6550, #8033, #593 ) ;
#6317 = CARTESIAN_POINT ( 'NONE',  ( -0.4000000000000000222, 0.2250000000000024758, -0.4000000000000000222 ) ) ;
#6318 = VERTEX_POINT ( 'NONE', #742 ) ;
#6319 = EDGE_LOOP ( 'NONE', ( #2813, #4627, #631 ) ) ;
#6320 = ORIENTED_EDGE ( 'NONE', *, *, #8542, .T. ) ;
#6321 = DIRECTION ( 'NONE',  ( -0.000000000000000000, -0.000000000000000000, -1.000000000000000000 ) ) ;
#6322 = DIRECTION ( 'NONE',  ( -1.000000000000000000, 0.000000000000000000, 0.000000000000000000 ) ) ;
#6323 = AXIS2_PLACEMENT_3D ( 'NONE', #5459, #5412, #6064 ) ;
#6324 = CARTESIAN_POINT ( 'NONE',  ( -4.499999999999992006, -9.000000000000003553, -5.500000000000000000 ) ) ;
#6325 = CARTESIAN_POINT ( 'NONE',  ( -2.000000000000000000, 0.2250000000000000056, -2.000000000000000000 ) ) ;
#6326 = DIRECTION ( 'NONE',  ( -1.224646799147353207E-16, -0.000000000000000000, -1.000000000000000000 ) ) ;
#6327 = ORIENTED_EDGE ( 'NONE', *, *, #100, .F. ) ;
#6328 = AXIS2_PLACEMENT_3D ( 'NONE', #1728, #4368, #4458 ) ;
#6329 = CARTESIAN_POINT ( 'NONE',  ( -1.199999999999999956, 0.2250000000000000056, 2.799999999999999822 ) ) ;
#6330 = EDGE_CURVE ( 'NONE', #3151, #1757, #2536, .T. ) ;
#6331 = CIRCLE ( 'NONE', #8295, 0.1870828693386989983 ) ;
#6332 = PRESENTATION_STYLE_ASSIGNMENT (( #1076 ) ) ;
#6333 = ORIENTED_EDGE ( 'NONE', *, *, #2161, .T. ) ;
#6334 = ORIENTED_EDGE ( 'NONE', *, *, #2735, .F. ) ;
#6335 = STYLED_ITEM ( 'NONE', ( #8193 ), #2617 ) ;
#6336 = AXIS2_PLACEMENT_3D ( 'NONE', #878, #3539, #2269 ) ;
#6337 = CARTESIAN_POINT ( 'NONE',  ( -2.799999999999999822, 0.2250000000000000056, 3.600000000000000089 ) ) ;
#6338 = VERTEX_POINT ( 'NONE', #45 ) ;
#6339 = DIRECTION ( 'NONE',  ( 0.000000000000000000, 0.000000000000000000, -1.000000000000000000 ) ) ;
#6340 = SURFACE_STYLE_USAGE ( .BOTH. , #2471 ) ;
#6341 = AXIS2_PLACEMENT_3D ( 'NONE', #6426, #4950, #2425 ) ;
#6342 = DIRECTION ( 'NONE',  ( -1.000000000000000000, 0.000000000000000000, 0.000000000000000000 ) ) ;
#6343 = CARTESIAN_POINT ( 'NONE',  ( -0.9749999999999999778, 0.2250000000000000056, -1.199999999999999956 ) ) ;
#6344 = VERTEX_POINT ( 'NONE', #3917 ) ;
#6345 = CARTESIAN_POINT ( 'NONE',  ( 1.199999999999999956, 0.2250000000000035028, -1.199999999999999956 ) ) ;
#6346 = ORIENTED_EDGE ( 'NONE', *, *, #938, .F. ) ;
#6347 = CIRCLE ( 'NONE', #101, 0.2250000000000000056 ) ;
#6348 = PLANE ( 'NONE',  #4946 ) ;
#6349 = DIRECTION ( 'NONE',  ( -0.000000000000000000, -0.000000000000000000, -1.000000000000000000 ) ) ;
#6350 = EDGE_CURVE ( 'NONE', #1332, #5409, #7400, .T. ) ;
#6351 = SURFACE_STYLE_FILL_AREA ( #5133 ) ;
#6352 = EDGE_CURVE ( 'NONE', #6687, #408, #3362, .T. ) ;
#6353 = DIRECTION ( 'NONE',  ( -1.000000000000000000, 0.000000000000000000, 0.000000000000000000 ) ) ;
#6354 = DIRECTION ( 'NONE',  ( -1.000000000000000000, 0.000000000000000000, 0.000000000000000000 ) ) ;
#6355 = AXIS2_PLACEMENT_3D ( 'NONE', #1021, #325, #4360 ) ;
#6356 = AXIS2_PLACEMENT_3D ( 'NONE', #1159, #6542, #1278 ) ;
#6357 = CARTESIAN_POINT ( 'NONE',  ( -2.000000000000000000, 0.2250000000000000056, 2.799999999999999822 ) ) ;
#6358 = DIRECTION ( 'NONE',  ( -1.000000000000000000, 0.000000000000000000, 0.000000000000000000 ) ) ;
#6359 = ORIENTED_EDGE ( 'NONE', *, *, #203, .F. ) ;
#6360 = EDGE_CURVE ( 'NONE', #5456, #288, #1835, .T. ) ;
#6361 = EDGE_LOOP ( 'NONE', ( #5179, #330, #8345, #5003 ) ) ;
#6362 = ORIENTED_EDGE ( 'NONE', *, *, #6246, .T. ) ;
#6363 = CIRCLE ( 'NONE', #1653, 0.2249999999999999500 ) ;
#6364 = AXIS2_PLACEMENT_3D ( 'NONE', #3690, #5122, #7787 ) ;
#6365 = CARTESIAN_POINT ( 'NONE',  ( 2.000000000000000000, 0.2250000000000040024, 2.000000000000000000 ) ) ;
#6366 = FACE_OUTER_BOUND ( 'NONE', #3494, .T. ) ;
#6367 = ADVANCED_FACE ( 'NONE', ( #8595 ), #5211, .T. ) ;
#6368 = DIRECTION ( 'NONE',  ( 5.795304382052420359E-16, -1.000000000000000000, 0.000000000000000000 ) ) ;
#6369 = CIRCLE ( 'NONE', #8039, 0.2249999999999999500 ) ;
#6370 = FACE_OUTER_BOUND ( 'NONE', #3945, .T. ) ;
#6371 = AXIS2_PLACEMENT_3D ( 'NONE', #3168, #2616, #7152 ) ;
#6372 = VERTEX_POINT ( 'NONE', #6606 ) ;
#6373 = SPHERICAL_SURFACE ( 'NONE', #8563, 0.2250000000000000056 ) ;
#6374 = CARTESIAN_POINT ( 'NONE',  ( -1.199999999999999956, 0.2250000000000000056, 2.799999999999999822 ) ) ;
#6375 =( GEOMETRIC_REPRESENTATION_CONTEXT ( 3 ) GLOBAL_UNCERTAINTY_ASSIGNED_CONTEXT ( ( #7454 ) ) GLOBAL_UNIT_ASSIGNED_CONTEXT ( ( #1769, #5695, #3157 ) ) REPRESENTATION_CONTEXT ( 'NONE', 'WORKASPACE' ) );
#6376 = FACE_OUTER_BOUND ( 'NONE', #4794, .T. ) ;
#6377 = AXIS2_PLACEMENT_3D ( 'NONE', #6792, #6172, #830 ) ;
#6378 = CARTESIAN_POINT ( 'NONE',  ( 0.4000000000000000222, 0.3499999999999999778, -0.4000000000000000222 ) ) ;
#6379 = FACE_OUTER_BOUND ( 'NONE', #4739, .T. ) ;
#6380 = ORIENTED_EDGE ( 'NONE', *, *, #7579, .F. ) ;
#6381 = MECHANICAL_DESIGN_GEOMETRIC_PRESENTATION_REPRESENTATION (  '', ( #7086 ), #5839 ) ;
#6382 = AXIS2_PLACEMENT_3D ( 'NONE', #5737, #7729, #5819 ) ;
#6383 = VERTEX_POINT ( 'NONE', #2581 ) ;
#6384 = SPHERICAL_SURFACE ( 'NONE', #3260, 0.2250000000000000056 ) ;
#6385 = DIRECTION ( 'NONE',  ( 1.000000000000000000, 5.795304382052416415E-16, 0.000000000000000000 ) ) ;
#6386 = CARTESIAN_POINT ( 'NONE',  ( -4.499999999999992006, -9.000000000000003553, 5.500000000000000000 ) ) ;
#6387 = FILL_AREA_STYLE_COLOUR ( '', #8347 ) ;
#6388 = COLOUR_RGB ( '',0.7921568627450980005, 0.8196078431372548767, 0.9333333333333333481 ) ;
#6389 = CARTESIAN_POINT ( 'NONE',  ( 0.4000000000000000222, 0.2250000000000030032, 2.000000000000000000 ) ) ;
#6390 = FACE_OUTER_BOUND ( 'NONE', #1962, .T. ) ;
#6391 = ORIENTED_EDGE ( 'NONE', *, *, #3237, .T. ) ;
#6392 = VERTEX_POINT ( 'NONE', #650 ) ;
#6393 = CARTESIAN_POINT ( 'NONE',  ( -3.699999999999998845, 0.9500000000000003997, -4.699999999999999289 ) ) ;
#6394 = DIRECTION ( 'NONE',  ( -1.000000000000000000, 0.000000000000000000, 0.000000000000000000 ) ) ;
#6395 = PRESENTATION_STYLE_ASSIGNMENT (( #3880 ) ) ;
#6396 = DIRECTION ( 'NONE',  ( 1.000000000000000000, 0.000000000000000000, 0.000000000000000000 ) ) ;
#6397 = SPHERICAL_SURFACE ( 'NONE', #5124, 0.2250000000000000056 ) ;
#6398 = EDGE_LOOP ( 'NONE', ( #1650, #3460, #5354 ) ) ;
#6399 = EDGE_CURVE ( 'NONE', #1170, #4827, #4466, .T. ) ;
#6400 = EDGE_LOOP ( 'NONE', ( #6854, #3175, #7007, #4929 ) ) ;
#6401 = ORIENTED_EDGE ( 'NONE', *, *, #1741, .T. ) ;
#6402 = DIRECTION ( 'NONE',  ( -1.000000000000000000, 0.000000000000000000, 2.409338161078899180E-16 ) ) ;
#6403 = ADVANCED_FACE ( 'NONE', ( #4001 ), #7962, .F. ) ;
#6404 = CARTESIAN_POINT ( 'NONE',  ( 2.575000000000000178, 0.2250000000000045020, 4.400000000000000355 ) ) ;
#6405 = DIRECTION ( 'NONE',  ( -1.224646799147353207E-16, -0.000000000000000000, -1.000000000000000000 ) ) ;
#6406 =( NAMED_UNIT ( * ) SI_UNIT ( $, .STERADIAN. ) SOLID_ANGLE_UNIT ( ) );
#6407 = ADVANCED_FACE ( 'NONE', ( #6653 ), #5963, .T. ) ;
#6408 = CARTESIAN_POINT ( 'NONE',  ( 2.225000000000000089, 0.2250000000000040024, 1.199999999999999956 ) ) ;
#6409 = DIRECTION ( 'NONE',  ( 1.000000000000000000, 0.000000000000000000, 0.000000000000000000 ) ) ;
#6410 = EDGE_CURVE ( 'NONE', #7198, #8305, #6411, .T. ) ;
#6411 = CIRCLE ( 'NONE', #3641, 0.2249999999999999500 ) ;
#6412 = ADVANCED_FACE ( 'NONE', ( #4782 ), #8230, .T. ) ;
#6413 = SPHERICAL_SURFACE ( 'NONE', #7853, 0.2250000000000000056 ) ;
#6414 = MECHANICAL_DESIGN_GEOMETRIC_PRESENTATION_REPRESENTATION (  '', ( #1967 ), #7258 ) ;
#6415 = CARTESIAN_POINT ( 'NONE',  ( -3.600000000000000089, 0.3499999999999999778, 4.400000000000000355 ) ) ;
#6416 = DIRECTION ( 'NONE',  ( 0.000000000000000000, 1.000000000000000000, 0.000000000000000000 ) ) ;
#6417 = CARTESIAN_POINT ( 'NONE',  ( 2.000000000000000000, 0.2250000000000040024, 0.4000000000000000222 ) ) ;
#6418 = SURFACE_STYLE_FILL_AREA ( #2170 ) ;
#6419 = CARTESIAN_POINT ( 'NONE',  ( -0.4000000000000000222, 0.2250000000000024758, -2.799999999999999822 ) ) ;
#6420 = CIRCLE ( 'NONE', #4199, 0.2249999999999999500 ) ;
#6421 =( GEOMETRIC_REPRESENTATION_CONTEXT ( 3 ) GLOBAL_UNCERTAINTY_ASSIGNED_CONTEXT ( ( #3266 ) ) GLOBAL_UNIT_ASSIGNED_CONTEXT ( ( #2841, #3426, #6730 ) ) REPRESENTATION_CONTEXT ( 'NONE', 'WORKASPACE' ) );
#6422 = ORIENTED_EDGE ( 'NONE', *, *, #4981, .T. ) ;
#6423 = ORIENTED_EDGE ( 'NONE', *, *, #5618, .T. ) ;
#6424 = PLANE ( 'NONE',  #7562 ) ;
#6425 = ORIENTED_EDGE ( 'NONE', *, *, #3190, .T. ) ;
#6426 = CARTESIAN_POINT ( 'NONE',  ( -3.600000000000000089, 0.2250000000000000056, 3.600000000000000089 ) ) ;
#6427 = AXIS2_PLACEMENT_3D ( 'NONE', #7816, #5220, #4407 ) ;
#6428 = DIRECTION ( 'NONE',  ( 0.000000000000000000, 1.000000000000000000, 0.000000000000000000 ) ) ;
#6429 = CLOSED_SHELL ( 'NONE', ( #6776, #6893, #6703, #8614, #2214, #4004, #1897, #4804, #1368 ) ) ;
#6430 = DIRECTION ( 'NONE',  ( -1.224646799147353207E-16, -0.000000000000000000, -1.000000000000000000 ) ) ;
#6431 = EDGE_LOOP ( 'NONE', ( #3803, #4578 ) ) ;
#6432 = DIRECTION ( 'NONE',  ( 0.000000000000000000, 1.000000000000000000, 0.000000000000000000 ) ) ;
#6433 = EDGE_LOOP ( 'NONE', ( #2186, #6219 ) ) ;
#6434 = SPHERICAL_SURFACE ( 'NONE', #2890, 0.2250000000000000056 ) ;
#6435 = DIRECTION ( 'NONE',  ( -6.938893903907231336E-16, 1.000000000000000000, 0.000000000000000000 ) ) ;
#6436 = CLOSED_SHELL ( 'NONE', ( #1799, #3761, #5223, #1349, #3068 ) ) ;
#6437 = CARTESIAN_POINT ( 'NONE',  ( -1.199999999999999956, 0.3499999999999999778, -2.799999999999999822 ) ) ;
#6438 = FILL_AREA_STYLE_COLOUR ( '', #7789 ) ;
#6439 = CARTESIAN_POINT ( 'NONE',  ( 2.799999999999999822, 0.2250000000000045020, -3.600000000000000089 ) ) ;
#6440 = CARTESIAN_POINT ( 'NONE',  ( -2.000000000000000000, 0.2250000000000000056, 1.199999999999999956 ) ) ;
#6441 = ORIENTED_EDGE ( 'NONE', *, *, #1464, .F. ) ;
#6442 = AXIS2_PLACEMENT_3D ( 'NONE', #4295, #1558, #214 ) ;
#6443 = ORIENTED_EDGE ( 'NONE', *, *, #6194, .T. ) ;
#6444 = ORIENTED_EDGE ( 'NONE', *, *, #2774, .T. ) ;
#6445 = DIRECTION ( 'NONE',  ( -1.000000000000000000, 0.000000000000000000, 0.000000000000000000 ) ) ;
#6446 = CARTESIAN_POINT ( 'NONE',  ( 1.387082869338698954, 0.3500000000000000888, 2.799999999999999822 ) ) ;
#6447 = DIRECTION ( 'NONE',  ( -1.000000000000000000, 0.000000000000000000, 0.000000000000000000 ) ) ;
#6448 = EDGE_CURVE ( 'NONE', #6344, #2916, #1419, .T. ) ;
#6449 = CIRCLE ( 'NONE', #2991, 0.1870828693386989983 ) ;
#6450 = SURFACE_STYLE_FILL_AREA ( #6494 ) ;
#6451 = DIRECTION ( 'NONE',  ( -1.224646799147353207E-16, -0.000000000000000000, -1.000000000000000000 ) ) ;
#6452 = DIRECTION ( 'NONE',  ( 1.000000000000000000, 5.795304382052414442E-16, 0.000000000000000000 ) ) ;
#6453 = AXIS2_PLACEMENT_3D ( 'NONE', #7472, #1507, #4159 ) ;
#6454 = CARTESIAN_POINT ( 'NONE',  ( -0.4000000000000000222, 0.2250000000000024758, -2.000000000000000000 ) ) ;
#6455 = CARTESIAN_POINT ( 'NONE',  ( 1.199999999999999956, 0.2250000000000035028, 2.799999999999999822 ) ) ;
#6456 = EDGE_CURVE ( 'NONE', #4270, #5664, #7262, .T. ) ;
#6457 = ADVANCED_FACE ( 'NONE', ( #6825 ), #2850, .T. ) ;
#6458 = CARTESIAN_POINT ( 'NONE',  ( 7.200000000000000178, 0.3500000000000049738, 0.000000000000000000 ) ) ;
#6459 = EDGE_CURVE ( 'NONE', #7733, #6294, #21, .T. ) ;
#6460 = CIRCLE ( 'NONE', #2728, 0.1870828693386994146 ) ;
#6461 = ORIENTED_EDGE ( 'NONE', *, *, #2550, .F. ) ;
#6462 = ORIENTED_EDGE ( 'NONE', *, *, #3382, .F. ) ;
#6463 = CARTESIAN_POINT ( 'NONE',  ( -3.600000000000000089, 0.2250000000000000056, 3.600000000000000089 ) ) ;
#6464 = ADVANCED_FACE ( 'NONE', ( #961 ), #4955, .F. ) ;
#6465 = STYLED_ITEM ( 'NONE', ( #3342 ), #2537 ) ;
#6466 = DIRECTION ( 'NONE',  ( 1.000000000000000000, 5.795304382052429234E-16, 0.000000000000000000 ) ) ;
#6467 = CIRCLE ( 'NONE', #4654, 0.2249999999999999500 ) ;
#6468 = SPHERICAL_SURFACE ( 'NONE', #2061, 0.2250000000000000056 ) ;
#6469 = ADVANCED_FACE ( 'NONE', ( #2224 ), #6870, .T. ) ;
#6470 = CARTESIAN_POINT ( 'NONE',  ( 0.000000000000000000, 0.000000000000000000, 0.000000000000000000 ) ) ;
#6471 = DIRECTION ( 'NONE',  ( -0.000000000000000000, -0.000000000000000000, -1.000000000000000000 ) ) ;
#6472 = AXIS2_PLACEMENT_3D ( 'NONE', #4573, #7155, #7852 ) ;
#6473 = CARTESIAN_POINT ( 'NONE',  ( 4.799999999999999822, 0.3499999999999999778, 7.200000000000000178 ) ) ;
#6474 = ORIENTED_EDGE ( 'NONE', *, *, #7742, .F. ) ;
#6475 = ORIENTED_EDGE ( 'NONE', *, *, #7118, .T. ) ;
#6476 = VERTEX_POINT ( 'NONE', #181 ) ;
#6477 = SURFACE_SIDE_STYLE ('',( #5330 ) ) ;
#6478 = DIRECTION ( 'NONE',  ( 1.000000000000000000, 5.795304382052431206E-16, 0.000000000000000000 ) ) ;
#6479 = AXIS2_PLACEMENT_3D ( 'NONE', #5905, #634, #3343 ) ;
#6480 = CARTESIAN_POINT ( 'NONE',  ( -1.199999999999999956, 0.2250000000000000056, 2.000000000000000000 ) ) ;
#6481 = AXIS2_PLACEMENT_3D ( 'NONE', #2721, #6140, #4141 ) ;
#6482 = UNCERTAINTY_MEASURE_WITH_UNIT (LENGTH_MEASURE( 1.000000000000000082E-05 ), #722, 'distance_accuracy_value', 'NONE');
#6483 = SURFACE_STYLE_FILL_AREA ( #1795 ) ;
#6484 = DIRECTION ( 'NONE',  ( 1.000000000000000000, 5.795304382052416415E-16, 0.000000000000000000 ) ) ;
#6485 = CARTESIAN_POINT ( 'NONE',  ( 1.199999999999999956, 0.2250000000000035028, 0.4000000000000000222 ) ) ;
#6486 = AXIS2_PLACEMENT_3D ( 'NONE', #2370, #4323, #6899 ) ;
#6487 = ORIENTED_EDGE ( 'NONE', *, *, #8066, .T. ) ;
#6488 = EDGE_LOOP ( 'NONE', ( #3923, #6534, #1156, #2905 ) ) ;
#6489 = EDGE_LOOP ( 'NONE', ( #7315, #1494, #194, #8433 ) ) ;
#6490 = FACE_OUTER_BOUND ( 'NONE', #1035, .T. ) ;
#6491 = DIRECTION ( 'NONE',  ( 6.918242433955120338E-16, -1.000000000000000000, 0.000000000000000000 ) ) ;
#6492 = CIRCLE ( 'NONE', #5103, 0.2249999999999999500 ) ;
#6493 = AXIS2_PLACEMENT_3D ( 'NONE', #3155, #5816, #2511 ) ;
#6494 = FILL_AREA_STYLE ('',( #1066 ) ) ;
#6495 = DIRECTION ( 'NONE',  ( 5.795304382052420359E-16, -1.000000000000000000, 0.000000000000000000 ) ) ;
#6496 = CARTESIAN_POINT ( 'NONE',  ( -1.775000000000000133, 0.2250000000000000056, -2.000000000000000000 ) ) ;
#6497 = EDGE_LOOP ( 'NONE', ( #3644, #7142, #1601, #8204 ) ) ;
#6498 = AXIS2_PLACEMENT_3D ( 'NONE', #6753, #8067, #4616 ) ;
#6499 = CARTESIAN_POINT ( 'NONE',  ( 2.000000000000000000, 0.2250000000000040024, -1.199999999999999956 ) ) ;
#6500 = DIRECTION ( 'NONE',  ( 1.000000000000000000, 5.795304382052429234E-16, 0.000000000000000000 ) ) ;
#6501 = CARTESIAN_POINT ( 'NONE',  ( -0.4000000000000000222, 0.2250000000000024758, 1.199999999999999956 ) ) ;
#6502 = DIRECTION ( 'NONE',  ( 6.918242433955120338E-16, -1.000000000000000000, 0.000000000000000000 ) ) ;
#6503 = FACE_OUTER_BOUND ( 'NONE', #3461, .T. ) ;
#6504 = AXIS2_PLACEMENT_3D ( 'NONE', #5586, #4962, #3577 ) ;
#6505 = CIRCLE ( 'NONE', #7907, 0.2249999999999999500 ) ;
#6506 = CARTESIAN_POINT ( 'NONE',  ( 2.799999999999999822, 0.2250000000000045020, 4.400000000000000355 ) ) ;
#6507 = ORIENTED_EDGE ( 'NONE', *, *, #773, .F. ) ;
#6508 = EDGE_CURVE ( 'NONE', #2002, #555, #309, .T. ) ;
#6509 = CARTESIAN_POINT ( 'NONE',  ( -3.600000000000000089, 0.2250000000000000056, -4.400000000000000355 ) ) ;
#6510 = AXIS2_PLACEMENT_3D ( 'NONE', #7872, #7300, #6593 ) ;
#6511 = DIRECTION ( 'NONE',  ( 5.795304382052420359E-16, -1.000000000000000000, 0.000000000000000000 ) ) ;
#6512 = EDGE_CURVE ( 'NONE', #844, #7534, #859, .T. ) ;
#6513 = DIRECTION ( 'NONE',  ( -1.000000000000000000, 0.000000000000000000, 0.000000000000000000 ) ) ;
#6514 =( LENGTH_UNIT ( ) NAMED_UNIT ( * ) SI_UNIT ( .MILLI., .METRE. ) );
#6515 = EDGE_CURVE ( 'NONE', #555, #2822, #176, .T. ) ;
#6516 =( GEOMETRIC_REPRESENTATION_CONTEXT ( 3 ) GLOBAL_UNCERTAINTY_ASSIGNED_CONTEXT ( ( #3704 ) ) GLOBAL_UNIT_ASSIGNED_CONTEXT ( ( #858, #8264, #8169 ) ) REPRESENTATION_CONTEXT ( 'NONE', 'WORKASPACE' ) );
#6517 = CARTESIAN_POINT ( 'NONE',  ( 0.9749999999999999778, 0.2250000000000035028, -2.799999999999999822 ) ) ;
#6518 = ORIENTED_EDGE ( 'NONE', *, *, #3918, .F. ) ;
#6519 = ADVANCED_FACE ( 'NONE', ( #305 ), #1661, .F. ) ;
#6520 = CARTESIAN_POINT ( 'NONE',  ( 1.199999999999999956, 0.2250000000000035028, 0.4000000000000000222 ) ) ;
#6521 = VERTEX_POINT ( 'NONE', #2967 ) ;
#6522 = SPHERICAL_SURFACE ( 'NONE', #216, 0.2250000000000000056 ) ;
#6523 = ADVANCED_FACE ( 'NONE', ( #5620 ), #8277, .T. ) ;
#6524 = AXIS2_PLACEMENT_3D ( 'NONE', #7793, #1702, #4345 ) ;
#6525 = DIRECTION ( 'NONE',  ( 1.000000000000000000, 5.795304382052416415E-16, 0.000000000000000000 ) ) ;
#6526 =( LENGTH_UNIT ( ) NAMED_UNIT ( * ) SI_UNIT ( .MILLI., .METRE. ) );
#6527 = CARTESIAN_POINT ( 'NONE',  ( 3.600000000000000089, 0.3499999999999999778, -3.600000000000000089 ) ) ;
#6528 = EDGE_CURVE ( 'NONE', #1315, #158, #2956, .T. ) ;
#6529 = MECHANICAL_DESIGN_GEOMETRIC_PRESENTATION_REPRESENTATION (  '', ( #6950 ), #8064 ) ;
#6530 = CARTESIAN_POINT ( 'NONE',  ( -1.199999999999999956, 0.2250000000000000056, 1.199999999999999956 ) ) ;
#6531 = PRESENTATION_LAYER_ASSIGNMENT (  '', '', ( #4442 ) ) ;
#6532 = ORIENTED_EDGE ( 'NONE', *, *, #6567, .F. ) ;
#6533 = ORIENTED_EDGE ( 'NONE', *, *, #7590, .T. ) ;
#6534 = ORIENTED_EDGE ( 'NONE', *, *, #7800, .T. ) ;
#6535 = CARTESIAN_POINT ( 'NONE',  ( 3.200000000000000178, 0.3499999999999999778, 5.599999999999999645 ) ) ;
#6536 = AXIS2_PLACEMENT_3D ( 'NONE', #3610, #2171, #6960 ) ;
#6537 = DIRECTION ( 'NONE',  ( 0.000000000000000000, 1.000000000000000000, 0.000000000000000000 ) ) ;
#6538 = CARTESIAN_POINT ( 'NONE',  ( -1.199999999999999956, 0.2250000000000000056, 1.199999999999999956 ) ) ;
#6539 = DIRECTION ( 'NONE',  ( -1.000000000000000000, 0.000000000000000000, 0.000000000000000000 ) ) ;
#6540 = ORIENTED_EDGE ( 'NONE', *, *, #5034, .T. ) ;
#6541 = CARTESIAN_POINT ( 'NONE',  ( 1.199999999999999956, 0.2250000000000035028, -2.799999999999999822 ) ) ;
#6542 = DIRECTION ( 'NONE',  ( -1.224646799147353207E-16, -0.000000000000000000, -1.000000000000000000 ) ) ;
#6543 = DIRECTION ( 'NONE',  ( -1.000000000000000000, 0.000000000000000000, 2.409338161078899180E-16 ) ) ;
#6544 = DIRECTION ( 'NONE',  ( 0.000000000000000000, 0.000000000000000000, 1.000000000000000000 ) ) ;
#6545 = CARTESIAN_POINT ( 'NONE',  ( 1.600000000000000089, 0.3499999999999999778, 3.200000000000000178 ) ) ;
#6546 = DIRECTION ( 'NONE',  ( 1.000000000000000000, 0.000000000000000000, 0.000000000000000000 ) ) ;
#6547 = VERTEX_POINT ( 'NONE', #8328 ) ;
#6548 = CIRCLE ( 'NONE', #6272, 0.1870828693386994146 ) ;
#6549 = PRESENTATION_LAYER_ASSIGNMENT (  '', '', ( #7943 ) ) ;
#6550 = CARTESIAN_POINT ( 'NONE',  ( 2.000000000000000000, 0.2250000000000040024, 2.799999999999999822 ) ) ;
#6551 = CARTESIAN_POINT ( 'NONE',  ( -0.4000000000000000222, 0.2250000000000024758, -0.4000000000000000222 ) ) ;
#6552 = SPHERICAL_SURFACE ( 'NONE', #3875, 0.2250000000000000056 ) ;
#6553 = SURFACE_SIDE_STYLE ('',( #5283 ) ) ;
#6554 = AXIS2_PLACEMENT_3D ( 'NONE', #8187, #3570, #8138 ) ;
#6555 =( GEOMETRIC_REPRESENTATION_CONTEXT ( 3 ) GLOBAL_UNCERTAINTY_ASSIGNED_CONTEXT ( ( #3952 ) ) GLOBAL_UNIT_ASSIGNED_CONTEXT ( ( #3522, #6775, #4771 ) ) REPRESENTATION_CONTEXT ( 'NONE', 'WORKASPACE' ) );
#6556 = FILL_AREA_STYLE ('',( #3217 ) ) ;
#6557 = EDGE_CURVE ( 'NONE', #4751, #2176, #5029, .T. ) ;
#6558 = FACE_OUTER_BOUND ( 'NONE', #7397, .T. ) ;
#6559 = VERTEX_POINT ( 'NONE', #2610 ) ;
#6560 = AXIS2_PLACEMENT_3D ( 'NONE', #423, #896, #2366 ) ;
#6561 = AXIS2_PLACEMENT_3D ( 'NONE', #4625, #6027, #2151 ) ;
#6562 = CARTESIAN_POINT ( 'NONE',  ( -3.600000000000000089, 0.2250000000000000056, 4.400000000000000355 ) ) ;
#6563 = ORIENTED_EDGE ( 'NONE', *, *, #7857, .T. ) ;
#6564 = EDGE_CURVE ( 'NONE', #4304, #6383, #4193, .T. ) ;
#6565 = UNCERTAINTY_MEASURE_WITH_UNIT (LENGTH_MEASURE( 1.000000000000000082E-05 ), #1288, 'distance_accuracy_value', 'NONE');
#6566 = CARTESIAN_POINT ( 'NONE',  ( 1.199999999999999956, 3.496552006265751800E-15, 2.799999999999999822 ) ) ;
#6567 = EDGE_CURVE ( 'NONE', #1919, #5245, #6141, .T. ) ;
#6568 = CIRCLE ( 'NONE', #996, 0.1870828693386989983 ) ;
#6569 = DIRECTION ( 'NONE',  ( 0.000000000000000000, 0.000000000000000000, 1.000000000000000000 ) ) ;
#6570 = ADVANCED_FACE ( 'NONE', ( #4999 ), #5080, .T. ) ;
#6571 = DIRECTION ( 'NONE',  ( 1.000000000000000000, 5.795304382052414442E-16, 0.000000000000000000 ) ) ;
#6572 = EDGE_LOOP ( 'NONE', ( #4697, #4722, #3261 ) ) ;
#6573 = VERTEX_POINT ( 'NONE', #1283 ) ;
#6574 = ORIENTED_EDGE ( 'NONE', *, *, #7377, .F. ) ;
#6575 = FACE_OUTER_BOUND ( 'NONE', #7858, .T. ) ;
#6576 = EDGE_CURVE ( 'NONE', #6827, #1332, #5163, .T. ) ;
#6577 = FACE_OUTER_BOUND ( 'NONE', #6622, .T. ) ;
#6578 = DIRECTION ( 'NONE',  ( -1.000000000000000000, 0.000000000000000000, 0.000000000000000000 ) ) ;
#6579 = FACE_OUTER_BOUND ( 'NONE', #7303, .T. ) ;
#6580 = CLOSED_SHELL ( 'NONE', ( #677, #716, #6519, #4278, #3627 ) ) ;
#6581 = EDGE_LOOP ( 'NONE', ( #7837, #186, #2265, #1788 ) ) ;
#6582 = ORIENTED_EDGE ( 'NONE', *, *, #1257, .T. ) ;
#6583 = DIRECTION ( 'NONE',  ( 0.000000000000000000, 0.000000000000000000, -1.000000000000000000 ) ) ;
#6584 = AXIS2_PLACEMENT_3D ( 'NONE', #7039, #4463, #3165 ) ;
#6585 = CARTESIAN_POINT ( 'NONE',  ( 1.199999999999999956, 0.2250000000000035028, -1.199999999999999956 ) ) ;
#6586 = FILL_AREA_STYLE ('',( #3335 ) ) ;
#6587 = DIRECTION ( 'NONE',  ( 1.000000000000000000, 0.000000000000000000, 0.000000000000000000 ) ) ;
#6588 = SURFACE_STYLE_FILL_AREA ( #1123 ) ;
#6589 = DIRECTION ( 'NONE',  ( 1.000000000000000000, 0.000000000000000000, 0.000000000000000000 ) ) ;
#6590 = ORIENTED_EDGE ( 'NONE', *, *, #7325, .T. ) ;
#6591 = AXIS2_PLACEMENT_3D ( 'NONE', #3079, #3812, #4284 ) ;
#6592 = CARTESIAN_POINT ( 'NONE',  ( -0.9749999999999999778, 0.2250000000000000056, 0.3999999999999999667 ) ) ;
#6593 = DIRECTION ( 'NONE',  ( -1.000000000000000000, 0.000000000000000000, 0.000000000000000000 ) ) ;
#6594 = AXIS2_PLACEMENT_3D ( 'NONE', #4060, #3507, #8155 ) ;
#6595 = SURFACE_STYLE_USAGE ( .BOTH. , #3786 ) ;
#6596 = DIRECTION ( 'NONE',  ( -1.000000000000000000, 0.000000000000000000, 0.000000000000000000 ) ) ;
#6597 = ORIENTED_EDGE ( 'NONE', *, *, #2279, .T. ) ;
#6598 = AXIS2_PLACEMENT_3D ( 'NONE', #4163, #2745, #2119 ) ;
#6599 = DIRECTION ( 'NONE',  ( 0.000000000000000000, 0.000000000000000000, 1.000000000000000000 ) ) ;
#6600 = ORIENTED_EDGE ( 'NONE', *, *, #2223, .F. ) ;
#6601 = SURFACE_SIDE_STYLE ('',( #5248 ) ) ;
#6602 = DIRECTION ( 'NONE',  ( 5.795304382052420359E-16, -1.000000000000000000, 0.000000000000000000 ) ) ;
#6603 = EDGE_CURVE ( 'NONE', #8070, #4512, #7531, .T. ) ;
#6604 = PRESENTATION_STYLE_ASSIGNMENT (( #3267 ) ) ;
#6605 = CIRCLE ( 'NONE', #8580, 0.2250000000000000056 ) ;
#6606 = CARTESIAN_POINT ( 'NONE',  ( -1.775000000000000133, 0.2250000000000000056, 2.000000000000000000 ) ) ;
#6607 = DIRECTION ( 'NONE',  ( 0.000000000000000000, 1.000000000000000000, 0.000000000000000000 ) ) ;
#6608 = EDGE_LOOP ( 'NONE', ( #3845, #1025, #799, #172 ) ) ;
#6609 = ORIENTED_EDGE ( 'NONE', *, *, #950, .F. ) ;
#6610 = EDGE_LOOP ( 'NONE', ( #3759, #3962, #1530 ) ) ;
#6611 = EDGE_CURVE ( 'NONE', #1293, #3643, #6420, .T. ) ;
#6612 = MECHANICAL_DESIGN_GEOMETRIC_PRESENTATION_REPRESENTATION (  '', ( #3701 ), #5513 ) ;
#6613 = AXIS2_PLACEMENT_3D ( 'NONE', #5713, #1574, #7708 ) ;
#6614 = EDGE_CURVE ( 'NONE', #4559, #4512, #6838, .T. ) ;
#6615 = CARTESIAN_POINT ( 'NONE',  ( -1.199999999999999956, 0.2250000000000000056, -1.199999999999999956 ) ) ;
#6616 = FACE_OUTER_BOUND ( 'NONE', #5508, .T. ) ;
#6617 = COLOUR_RGB ( '',0.7921568627450980005, 0.8196078431372548767, 0.9333333333333333481 ) ;
#6618 = CARTESIAN_POINT ( 'NONE',  ( 2.000000000000000000, 0.2250000000000040024, -0.4000000000000000222 ) ) ;
#6619 = PRESENTATION_LAYER_ASSIGNMENT (  '', '', ( #103 ) ) ;
#6620 = EDGE_CURVE ( 'NONE', #1016, #1838, #3096, .T. ) ;
#6621 = CARTESIAN_POINT ( 'NONE',  ( -2.000000000000000000, 0.2250000000000000056, -0.4000000000000000222 ) ) ;
#6622 = EDGE_LOOP ( 'NONE', ( #2277, #5822, #4101, #3220 ) ) ;
#6623 = ORIENTED_EDGE ( 'NONE', *, *, #6154, .T. ) ;
#6624 = EDGE_CURVE ( 'NONE', #4455, #225, #1972, .T. ) ;
#6625 = DIRECTION ( 'NONE',  ( 5.795304382052420359E-16, -1.000000000000000000, 0.000000000000000000 ) ) ;
#6626 = AXIS2_PLACEMENT_3D ( 'NONE', #5238, #2518, #5160 ) ;
#6627 = FACE_OUTER_BOUND ( 'NONE', #394, .T. ) ;
#6628 =( NAMED_UNIT ( * ) PLANE_ANGLE_UNIT ( ) SI_UNIT ( $, .RADIAN. ) );
#6629 =( NAMED_UNIT ( * ) PLANE_ANGLE_UNIT ( ) SI_UNIT ( $, .RADIAN. ) );
#6630 = DIRECTION ( 'NONE',  ( 1.000000000000000000, 5.795304382052416415E-16, 0.000000000000000000 ) ) ;
#6631 = AXIS2_PLACEMENT_3D ( 'NONE', #842, #5407, #3968 ) ;
#6632 = CARTESIAN_POINT ( 'NONE',  ( 0.4000000000000000222, 0.3499999999999999778, -1.199999999999999956 ) ) ;
#6633 = AXIS2_PLACEMENT_3D ( 'NONE', #6760, #5413, #1366 ) ;
#6634 = ORIENTED_EDGE ( 'NONE', *, *, #6603, .T. ) ;
#6635 = SPHERICAL_SURFACE ( 'NONE', #2988, 0.2250000000000000056 ) ;
#6636 = DIRECTION ( 'NONE',  ( 0.000000000000000000, 1.000000000000000000, 0.000000000000000000 ) ) ;
#6637 = AXIS2_PLACEMENT_3D ( 'NONE', #3805, #3849, #7071 ) ;
#6638 = DIRECTION ( 'NONE',  ( 0.000000000000000000, 0.000000000000000000, 1.000000000000000000 ) ) ;
#6639 = AXIS2_PLACEMENT_3D ( 'NONE', #4550, #2027, #596 ) ;
#6640 = DIRECTION ( 'NONE',  ( -1.224646799147353207E-16, -0.000000000000000000, -1.000000000000000000 ) ) ;
#6641 = AXIS2_PLACEMENT_3D ( 'NONE', #6739, #5914, #739 ) ;
#6642 = SPHERICAL_SURFACE ( 'NONE', #137, 0.2250000000000000056 ) ;
#6643 = CIRCLE ( 'NONE', #6789, 0.2249999999999999500 ) ;
#6644 = VERTEX_POINT ( 'NONE', #7295 ) ;
#6645 = FACE_OUTER_BOUND ( 'NONE', #7690, .T. ) ;
#6646 = EDGE_LOOP ( 'NONE', ( #6623, #7366, #7505, #2517 ) ) ;
#6647 = SURFACE_STYLE_FILL_AREA ( #569 ) ;
#6648 = CARTESIAN_POINT ( 'NONE',  ( -1.387082869338698954, 0.3499999999999998668, -2.000000000000000000 ) ) ;
#6649 = UNCERTAINTY_MEASURE_WITH_UNIT (LENGTH_MEASURE( 1.000000000000000082E-05 ), #3819, 'distance_accuracy_value', 'NONE');
#6650 = DIRECTION ( 'NONE',  ( -1.000000000000000000, 0.000000000000000000, 0.000000000000000000 ) ) ;
#6651 = DIRECTION ( 'NONE',  ( -1.000000000000000000, 0.000000000000000000, 0.000000000000000000 ) ) ;
#6652 = CIRCLE ( 'NONE', #2649, 0.2249999999999999500 ) ;
#6653 = FACE_OUTER_BOUND ( 'NONE', #5823, .T. ) ;
#6654 = DIRECTION ( 'NONE',  ( -1.224646799147353207E-16, -0.000000000000000000, -1.000000000000000000 ) ) ;
#6655 = ORIENTED_EDGE ( 'NONE', *, *, #2531, .F. ) ;
#6656 = VERTEX_POINT ( 'NONE', #5945 ) ;
#6657 = EDGE_LOOP ( 'NONE', ( #493, #7669, #655, #4217 ) ) ;
#6658 = CIRCLE ( 'NONE', #277, 0.2249999999999999500 ) ;
#6659 = CARTESIAN_POINT ( 'NONE',  ( 3.600000000000000089, 0.2250000000000049738, -4.400000000000000355 ) ) ;
#6660 = SURFACE_SIDE_STYLE ('',( #4213 ) ) ;
#6661 = AXIS2_PLACEMENT_3D ( 'NONE', #1503, #327, #6189 ) ;
#6662 = CARTESIAN_POINT ( 'NONE',  ( -2.000000000000000000, 0.2250000000000000056, -2.000000000000000000 ) ) ;
#6663 = EDGE_CURVE ( 'NONE', #7563, #4124, #2686, .T. ) ;
#6664 = DIRECTION ( 'NONE',  ( 5.795304382052420359E-16, -1.000000000000000000, 0.000000000000000000 ) ) ;
#6665 = ORIENTED_EDGE ( 'NONE', *, *, #3383, .F. ) ;
#6666 = VERTEX_POINT ( 'NONE', #8418 ) ;
#6667 = ORIENTED_EDGE ( 'NONE', *, *, #350, .F. ) ;
#6668 = CARTESIAN_POINT ( 'NONE',  ( -3.600000000000000089, 0.2250000000000000056, 3.600000000000000089 ) ) ;
#6669 = FACE_OUTER_BOUND ( 'NONE', #3492, .T. ) ;
#6670 = FACE_OUTER_BOUND ( 'NONE', #2778, .T. ) ;
#6671 = ADVANCED_FACE ( 'NONE', ( #7940 ), #437, .T. ) ;
#6672 = CARTESIAN_POINT ( 'NONE',  ( 3.600000000000000089, 0.3499999999999999778, 3.600000000000000089 ) ) ;
#6673 = SURFACE_STYLE_USAGE ( .BOTH. , #5312 ) ;
#6674 = CARTESIAN_POINT ( 'NONE',  ( -2.000000000000000000, 0.2250000000000000056, 0.4000000000000000222 ) ) ;
#6675 = PLANE ( 'NONE',  #6847 ) ;
#6676 = ADVANCED_FACE ( 'NONE', ( #4543 ), #8373, .T. ) ;
#6677 = CARTESIAN_POINT ( 'NONE',  ( -1.199999999999999956, 0.2250000000000000056, -2.799999999999999822 ) ) ;
#6678 = ORIENTED_EDGE ( 'NONE', *, *, #156, .F. ) ;
#6679 = EDGE_CURVE ( 'NONE', #6928, #4261, #7826, .T. ) ;
#6680 = CARTESIAN_POINT ( 'NONE',  ( -2.000000000000000000, 0.000000000000000000, 2.799999999999999822 ) ) ;
#6681 = DIRECTION ( 'NONE',  ( -0.000000000000000000, -0.000000000000000000, -1.000000000000000000 ) ) ;
#6682 = CARTESIAN_POINT ( 'NONE',  ( -0.4000000000000000222, 0.2250000000000024758, -2.000000000000000000 ) ) ;
#6683 = DIRECTION ( 'NONE',  ( -1.000000000000000000, 0.000000000000000000, 0.000000000000000000 ) ) ;
#6684 = CARTESIAN_POINT ( 'NONE',  ( 4.799999999999999822, 0.3499999999999999778, 2.399999999999999911 ) ) ;
#6685 = AXIS2_PLACEMENT_3D ( 'NONE', #263, #3612, #6261 ) ;
#6686 = DIRECTION ( 'NONE',  ( -1.000000000000000000, 0.000000000000000000, 0.000000000000000000 ) ) ;
#6687 = VERTEX_POINT ( 'NONE', #7217 ) ;
#6688 = DIRECTION ( 'NONE',  ( 1.000000000000000000, 5.795304382052429234E-16, 0.000000000000000000 ) ) ;
#6689 = VERTEX_POINT ( 'NONE', #1043 ) ;
#6690 = SURFACE_SIDE_STYLE ('',( #8093 ) ) ;
#6691 = AXIS2_PLACEMENT_3D ( 'NONE', #4822, #6962, #2174 ) ;
#6692 = DIRECTION ( 'NONE',  ( -1.224646799147353207E-16, -0.000000000000000000, -1.000000000000000000 ) ) ;
#6693 = CARTESIAN_POINT ( 'NONE',  ( -1.199999999999999956, 0.2250000000000000056, 0.4000000000000000222 ) ) ;
#6694 = SURFACE_STYLE_USAGE ( .BOTH. , #1395 ) ;
#6695 = DIRECTION ( 'NONE',  ( 0.000000000000000000, 1.000000000000000000, 0.000000000000000000 ) ) ;
#6696 = DIRECTION ( 'NONE',  ( 6.918242433955120338E-16, -1.000000000000000000, 0.000000000000000000 ) ) ;
#6697 = AXIS2_PLACEMENT_3D ( 'NONE', #2876, #4070, #5467 ) ;
#6698 = AXIS2_PLACEMENT_3D ( 'NONE', #6071, #7466, #6630 ) ;
#6699 = CARTESIAN_POINT ( 'NONE',  ( 0.4000000000000000222, 3.008661028647274804E-15, -2.799999999999999822 ) ) ;
#6700 = EDGE_LOOP ( 'NONE', ( #3379, #4137 ) ) ;
#6701 = EDGE_LOOP ( 'NONE', ( #614, #4787, #5547 ) ) ;
#6702 = ORIENTED_EDGE ( 'NONE', *, *, #2323, .T. ) ;
#6703 = ADVANCED_FACE ( 'NONE', ( #1086 ), #3743, .T. ) ;
#6704 = DIRECTION ( 'NONE',  ( 0.000000000000000000, 0.000000000000000000, 1.000000000000000000 ) ) ;
#6705 = CIRCLE ( 'NONE', #2107, 0.2249999999999999500 ) ;
#6706 = DIRECTION ( 'NONE',  ( 6.918242433955120338E-16, -1.000000000000000000, 0.000000000000000000 ) ) ;
#6707 = CARTESIAN_POINT ( 'NONE',  ( 0.4000000000000000222, 0.2250000000000030032, 1.199999999999999956 ) ) ;
#6708 = FACE_OUTER_BOUND ( 'NONE', #8270, .T. ) ;
#6709 = ORIENTED_EDGE ( 'NONE', *, *, #937, .F. ) ;
#6710 = CLOSED_SHELL ( 'NONE', ( #1199, #3960, #2657, #2869 ) ) ;
#6711 = EDGE_LOOP ( 'NONE', ( #6253, #2719, #8151, #6861 ) ) ;
#6712 = ORIENTED_EDGE ( 'NONE', *, *, #3456, .T. ) ;
#6713 = DIRECTION ( 'NONE',  ( 1.000000000000000000, 5.795304382052429234E-16, 0.000000000000000000 ) ) ;
#6714 = DIRECTION ( 'NONE',  ( 1.000000000000000000, 0.000000000000000000, 0.000000000000000000 ) ) ;
#6715 = CARTESIAN_POINT ( 'NONE',  ( -2.000000000000000000, 0.2250000000000000056, 1.199999999999999956 ) ) ;
#6716 = CARTESIAN_POINT ( 'NONE',  ( 3.600000000000000089, 0.2250000000000049738, -4.400000000000000355 ) ) ;
#6717 = DIRECTION ( 'NONE',  ( -1.224646799147353207E-16, -0.000000000000000000, -1.000000000000000000 ) ) ;
#6718 = CLOSED_SHELL ( 'NONE', ( #8119, #6737, #4859, #7881, #2920 ) ) ;
#6719 = DIRECTION ( 'NONE',  ( -1.000000000000000000, 0.000000000000000000, 0.000000000000000000 ) ) ;
#6720 = FILL_AREA_STYLE ('',( #1321 ) ) ;
#6721 = CARTESIAN_POINT ( 'NONE',  ( 1.424999999999999822, 0.2250000000000035028, -1.199999999999999956 ) ) ;
#6722 = EDGE_LOOP ( 'NONE', ( #3961, #1803, #7496 ) ) ;
#6723 = AXIS2_PLACEMENT_3D ( 'NONE', #3983, #3940, #7171 ) ;
#6724 = FILL_AREA_STYLE ('',( #4073 ) ) ;
#6725 = DIRECTION ( 'NONE',  ( 1.000000000000000000, 5.795304382052416415E-16, 0.000000000000000000 ) ) ;
#6726 = EDGE_CURVE ( 'NONE', #3095, #8549, #7268, .T. ) ;
#6727 = DIRECTION ( 'NONE',  ( -0.000000000000000000, -0.000000000000000000, -1.000000000000000000 ) ) ;
#6728 = EDGE_CURVE ( 'NONE', #4568, #4388, #4336, .T. ) ;
#6729 = DIRECTION ( 'NONE',  ( -1.000000000000000000, 0.000000000000000000, 0.000000000000000000 ) ) ;
#6730 =( NAMED_UNIT ( * ) SI_UNIT ( $, .STERADIAN. ) SOLID_ANGLE_UNIT ( ) );
#6731 = AXIS2_PLACEMENT_3D ( 'NONE', #4803, #4116, #6770 ) ;
#6732 = ADVANCED_FACE ( 'NONE', ( #5507 ), #5367, .T. ) ;
#6733 = ORIENTED_EDGE ( 'NONE', *, *, #7044, .F. ) ;
#6734 = DIRECTION ( 'NONE',  ( -1.000000000000000000, 0.000000000000000000, 0.000000000000000000 ) ) ;
#6735 = ORIENTED_EDGE ( 'NONE', *, *, #3661, .T. ) ;
#6736 = CIRCLE ( 'NONE', #2582, 0.2249999999999999500 ) ;
#6737 = ADVANCED_FACE ( 'NONE', ( #3337 ), #117, .T. ) ;
#6738 = FACE_OUTER_BOUND ( 'NONE', #2011, .T. ) ;
#6739 = CARTESIAN_POINT ( 'NONE',  ( -0.4000000000000000222, 0.2250000000000024758, 1.199999999999999956 ) ) ;
#6740 = UNCERTAINTY_MEASURE_WITH_UNIT (LENGTH_MEASURE( 1.000000000000000082E-05 ), #7672, 'distance_accuracy_value', 'NONE');
#6741 = CIRCLE ( 'NONE', #2439, 0.2250000000000000056 ) ;
#6742 = VERTEX_POINT ( 'NONE', #204 ) ;
#6743 = DIRECTION ( 'NONE',  ( -1.000000000000000000, 0.000000000000000000, 0.000000000000000000 ) ) ;
#6744 = EDGE_LOOP ( 'NONE', ( #4374, #7747, #5967, #6532 ) ) ;
#6745 = EDGE_LOOP ( 'NONE', ( #8121, #267, #7241, #6600 ) ) ;
#6746 = ORIENTED_EDGE ( 'NONE', *, *, #3164, .T. ) ;
#6747 = DIRECTION ( 'NONE',  ( -0.000000000000000000, -0.000000000000000000, -1.000000000000000000 ) ) ;
#6748 = PRESENTATION_LAYER_ASSIGNMENT (  '', '', ( #2736 ) ) ;
#6749 = DIRECTION ( 'NONE',  ( 0.000000000000000000, 0.000000000000000000, 1.000000000000000000 ) ) ;
#6750 = CIRCLE ( 'NONE', #7727, 0.1870828693386989983 ) ;
#6751 = DIRECTION ( 'NONE',  ( 1.000000000000000000, 0.000000000000000000, 0.000000000000000000 ) ) ;
#6752 = LINE ( 'NONE', #3457, #1410 ) ;
#6753 = CARTESIAN_POINT ( 'NONE',  ( -3.699999999999998845, 0.9500000000000003997, -4.699999999999999289 ) ) ;
#6754 =( GEOMETRIC_REPRESENTATION_CONTEXT ( 3 ) GLOBAL_UNCERTAINTY_ASSIGNED_CONTEXT ( ( #2756 ) ) GLOBAL_UNIT_ASSIGNED_CONTEXT ( ( #2975, #4961, #1708 ) ) REPRESENTATION_CONTEXT ( 'NONE', 'WORKASPACE' ) );
#6755 = ORIENTED_EDGE ( 'NONE', *, *, #2149, .T. ) ;
#6756 = CIRCLE ( 'NONE', #8455, 0.2249999999999999500 ) ;
#6757 = ORIENTED_EDGE ( 'NONE', *, *, #4436, .T. ) ;
#6758 = ORIENTED_EDGE ( 'NONE', *, *, #2541, .F. ) ;
#6759 = DIRECTION ( 'NONE',  ( -1.000000000000000000, 0.000000000000000000, 0.000000000000000000 ) ) ;
#6760 = CARTESIAN_POINT ( 'NONE',  ( -0.4000000000000000222, 0.2250000000000024758, 1.199999999999999956 ) ) ;
#6761 = DIRECTION ( 'NONE',  ( -0.000000000000000000, -0.000000000000000000, -1.000000000000000000 ) ) ;
#6762 = DIRECTION ( 'NONE',  ( -1.000000000000000000, 0.000000000000000000, 0.000000000000000000 ) ) ;
#6763 = AXIS2_PLACEMENT_3D ( 'NONE', #5383, #1390, #2084 ) ;
#6764 = FACE_OUTER_BOUND ( 'NONE', #797, .T. ) ;
#6765 = AXIS2_PLACEMENT_3D ( 'NONE', #2040, #429, #1564 ) ;
#6766 = FACE_OUTER_BOUND ( 'NONE', #141, .T. ) ;
#6767 = DIRECTION ( 'NONE',  ( -0.000000000000000000, -0.000000000000000000, -1.000000000000000000 ) ) ;
#6768 = ORIENTED_EDGE ( 'NONE', *, *, #5190, .F. ) ;
#6769 = CIRCLE ( 'NONE', #3032, 0.1870828693386989983 ) ;
#6770 = DIRECTION ( 'NONE',  ( -1.000000000000000000, 0.000000000000000000, 0.000000000000000000 ) ) ;
#6771 = DIRECTION ( 'NONE',  ( 0.000000000000000000, 0.000000000000000000, 1.000000000000000000 ) ) ;
#6772 = DIRECTION ( 'NONE',  ( 6.918242433955120338E-16, -1.000000000000000000, 0.000000000000000000 ) ) ;
#6773 = CIRCLE ( 'NONE', #3723, 0.2249999999999999500 ) ;
#6774 = CIRCLE ( 'NONE', #6917, 0.2249999999999999500 ) ;
#6775 =( NAMED_UNIT ( * ) PLANE_ANGLE_UNIT ( ) SI_UNIT ( $, .RADIAN. ) );
#6776 = ADVANCED_FACE ( 'NONE', ( #4157 ), #760, .F. ) ;
#6777 = ORIENTED_EDGE ( 'NONE', *, *, #3120, .T. ) ;
#6778 = FACE_OUTER_BOUND ( 'NONE', #3662, .T. ) ;
#6779 = ORIENTED_EDGE ( 'NONE', *, *, #3447, .T. ) ;
#6780 = VECTOR ( 'NONE', #51, 1000.000000000000000 ) ;
#6781 = AXIS2_PLACEMENT_3D ( 'NONE', #8459, #8272, #4995 ) ;
#6782 =( NAMED_UNIT ( * ) SI_UNIT ( $, .STERADIAN. ) SOLID_ANGLE_UNIT ( ) );
#6783 = EDGE_CURVE ( 'NONE', #1171, #268, #7949, .T. ) ;
#6784 = CARTESIAN_POINT ( 'NONE',  ( 3.787082869338699531, 0.3500000000000000888, 3.600000000000000089 ) ) ;
#6785 = SURFACE_SIDE_STYLE ('',( #3567 ) ) ;
#6786 = EDGE_CURVE ( 'NONE', #4207, #4486, #6005, .T. ) ;
#6787 = SURFACE_STYLE_USAGE ( .BOTH. , #4642 ) ;
#6788 = STYLED_ITEM ( 'NONE', ( #5841 ), #8056 ) ;
#6789 = AXIS2_PLACEMENT_3D ( 'NONE', #2903, #6273, #7580 ) ;
#6790 = DIRECTION ( 'NONE',  ( 0.000000000000000000, 0.000000000000000000, -1.000000000000000000 ) ) ;
#6791 = ADVANCED_FACE ( 'NONE', ( #7467 ), #853, .T. ) ;
#6792 = CARTESIAN_POINT ( 'NONE',  ( -2.000000000000000000, 0.2250000000000000056, -2.000000000000000000 ) ) ;
#6793 = ORIENTED_EDGE ( 'NONE', *, *, #2541, .T. ) ;
#6794 = EDGE_CURVE ( 'NONE', #7628, #2971, #2254, .T. ) ;
#6795 = VERTEX_POINT ( 'NONE', #2695 ) ;
#6796 = EDGE_LOOP ( 'NONE', ( #8503, #1852, #926, #4246 ) ) ;
#6797 = SURFACE_SIDE_STYLE ('',( #1534 ) ) ;
#6798 = CIRCLE ( 'NONE', #2642, 0.2250000000000000056 ) ;
#6799 = DIRECTION ( 'NONE',  ( -1.000000000000000000, 0.000000000000000000, 0.000000000000000000 ) ) ;
#6800 = DIRECTION ( 'NONE',  ( 0.000000000000000000, 0.000000000000000000, 1.000000000000000000 ) ) ;
#6801 = DIRECTION ( 'NONE',  ( 0.000000000000000000, 1.000000000000000000, 0.000000000000000000 ) ) ;
#6802 = MECHANICAL_DESIGN_GEOMETRIC_PRESENTATION_REPRESENTATION (  '', ( #688 ), #4026 ) ;
#6803 = CIRCLE ( 'NONE', #7368, 0.2249999999999999500 ) ;
#6804 = EDGE_LOOP ( 'NONE', ( #8620, #2676 ) ) ;
#6805 = VERTEX_POINT ( 'NONE', #6721 ) ;
#6806 = ORIENTED_EDGE ( 'NONE', *, *, #74, .F. ) ;
#6807 = CARTESIAN_POINT ( 'NONE',  ( 1.199999999999999956, 0.3499999999999999778, -2.000000000000000000 ) ) ;
#6808 = CARTESIAN_POINT ( 'NONE',  ( -2.000000000000000000, 0.2250000000000000056, -1.199999999999999956 ) ) ;
#6809 = EDGE_LOOP ( 'NONE', ( #8290, #3544, #5548, #1495 ) ) ;
#6810 = DIRECTION ( 'NONE',  ( 5.795304382052420359E-16, -1.000000000000000000, 0.000000000000000000 ) ) ;
#6811 = CARTESIAN_POINT ( 'NONE',  ( -1.387082869338698954, 0.3499999999999998668, 0.4000000000000000222 ) ) ;
#6812 = DIRECTION ( 'NONE',  ( 5.795304382052420359E-16, -1.000000000000000000, 0.000000000000000000 ) ) ;
#6813 = DIRECTION ( 'NONE',  ( 1.000000000000000000, 0.000000000000000000, 0.000000000000000000 ) ) ;
#6814 = COLOUR_RGB ( '',0.7921568627450980005, 0.8196078431372548767, 0.9333333333333333481 ) ;
#6815 =( LENGTH_UNIT ( ) NAMED_UNIT ( * ) SI_UNIT ( .MILLI., .METRE. ) );
#6816 = VERTEX_POINT ( 'NONE', #2021 ) ;
#6817 = CARTESIAN_POINT ( 'NONE',  ( 2.000000000000000000, 0.2250000000000040024, 2.000000000000000000 ) ) ;
#6818 = ORIENTED_EDGE ( 'NONE', *, *, #4717, .F. ) ;
#6819 = FILL_AREA_STYLE_COLOUR ( '', #5929 ) ;
#6820 = DIRECTION ( 'NONE',  ( 0.000000000000000000, 0.000000000000000000, -1.000000000000000000 ) ) ;
#6821 = PRESENTATION_STYLE_ASSIGNMENT (( #7525 ) ) ;
#6822 = ADVANCED_FACE ( 'NONE', ( #4113 ), #3514, .T. ) ;
#6823 = DIRECTION ( 'NONE',  ( -1.000000000000000000, 0.000000000000000000, 0.000000000000000000 ) ) ;
#6824 =( NAMED_UNIT ( * ) SI_UNIT ( $, .STERADIAN. ) SOLID_ANGLE_UNIT ( ) );
#6825 = FACE_OUTER_BOUND ( 'NONE', #3480, .T. ) ;
#6826 = PLANE ( 'NONE',  #1929 ) ;
#6827 = VERTEX_POINT ( 'NONE', #8162 ) ;
#6828 = AXIS2_PLACEMENT_3D ( 'NONE', #5901, #3252, #6589 ) ;
#6829 = MECHANICAL_DESIGN_GEOMETRIC_PRESENTATION_REPRESENTATION (  '', ( #860 ), #3358 ) ;
#6830 = ORIENTED_EDGE ( 'NONE', *, *, #2038, .T. ) ;
#6831 = EDGE_LOOP ( 'NONE', ( #1837, #5305 ) ) ;
#6832 = DIRECTION ( 'NONE',  ( -0.000000000000000000, -0.000000000000000000, -1.000000000000000000 ) ) ;
#6833 = EDGE_CURVE ( 'NONE', #8452, #8305, #5294, .T. ) ;
#6834 = SPHERICAL_SURFACE ( 'NONE', #4142, 0.2250000000000000056 ) ;
#6835 = EDGE_CURVE ( 'NONE', #6147, #4966, #5035, .T. ) ;
#6836 = EDGE_CURVE ( 'NONE', #752, #1757, #4059, .T. ) ;
#6837 = UNCERTAINTY_MEASURE_WITH_UNIT (LENGTH_MEASURE( 1.000000000000000082E-05 ), #5735, 'distance_accuracy_value', 'NONE');
#6838 = CIRCLE ( 'NONE', #4752, 0.2249999999999999500 ) ;
#6839 = ADVANCED_FACE ( 'NONE', ( #809 ), #2070, .F. ) ;
#6840 = PRESENTATION_LAYER_ASSIGNMENT (  '', '', ( #1974 ) ) ;
#6841 = CARTESIAN_POINT ( 'NONE',  ( 1.199999999999999956, 0.3499999999999999778, -0.4000000000000000222 ) ) ;
#6842 = DIRECTION ( 'NONE',  ( -1.000000000000000000, 0.000000000000000000, 0.000000000000000000 ) ) ;
#6843 = ORIENTED_EDGE ( 'NONE', *, *, #8012, .T. ) ;
#6844 = EDGE_CURVE ( 'NONE', #4486, #3643, #5167, .T. ) ;
#6845 = ORIENTED_EDGE ( 'NONE', *, *, #5519, .F. ) ;
#6846 = EDGE_LOOP ( 'NONE', ( #6533, #4446, #4229, #7017 ) ) ;
#6847 = AXIS2_PLACEMENT_3D ( 'NONE', #7981, #2693, #2737 ) ;
#6848 = FACE_OUTER_BOUND ( 'NONE', #2045, .T. ) ;
#6849 = DIRECTION ( 'NONE',  ( 6.918242433955120338E-16, -1.000000000000000000, 0.000000000000000000 ) ) ;
#6850 = EDGE_CURVE ( 'NONE', #4180, #6656, #4978, .T. ) ;
#6851 = DIRECTION ( 'NONE',  ( 1.000000000000000000, 0.000000000000000000, 0.000000000000000000 ) ) ;
#6852 = SURFACE_SIDE_STYLE ('',( #4154 ) ) ;
#6853 = CARTESIAN_POINT ( 'NONE',  ( -0.4000000000000000222, 0.2250000000000024758, -2.799999999999999822 ) ) ;
#6854 = ORIENTED_EDGE ( 'NONE', *, *, #6360, .T. ) ;
#6855 = DIRECTION ( 'NONE',  ( -1.000000000000000000, 0.000000000000000000, 0.000000000000000000 ) ) ;
#6856 = SPHERICAL_SURFACE ( 'NONE', #1491, 0.2250000000000000056 ) ;
#6857 = CLOSED_SHELL ( 'NONE', ( #4864, #1563, #6464, #7480, #1350 ) ) ;
#6858 = CARTESIAN_POINT ( 'NONE',  ( 3.375000000000000000, 0.2250000000000049738, 4.400000000000000355 ) ) ;
#6859 = SURFACE_STYLE_FILL_AREA ( #8216 ) ;
#6860 = CLOSED_SHELL ( 'NONE', ( #8567, #7048, #3709, #4552, #5401 ) ) ;
#6861 = ORIENTED_EDGE ( 'NONE', *, *, #4988, .F. ) ;
#6862 = CARTESIAN_POINT ( 'NONE',  ( 1.199999999999999956, 0.3499999999999999778, -2.000000000000000000 ) ) ;
#6863 = ORIENTED_EDGE ( 'NONE', *, *, #5686, .T. ) ;
#6864 = SPHERICAL_SURFACE ( 'NONE', #6763, 0.2250000000000000056 ) ;
#6865 = CARTESIAN_POINT ( 'NONE',  ( -2.000000000000000000, 0.2250000000000000056, 1.199999999999999956 ) ) ;
#6866 = SPHERICAL_SURFACE ( 'NONE', #7906, 0.2250000000000000056 ) ;
#6867 = AXIS2_PLACEMENT_3D ( 'NONE', #734, #2082, #37 ) ;
#6868 = SURFACE_SIDE_STYLE ('',( #6418 ) ) ;
#6869 = DIRECTION ( 'NONE',  ( -1.224646799147353207E-16, -0.000000000000000000, -1.000000000000000000 ) ) ;
#6870 = SPHERICAL_SURFACE ( 'NONE', #3516, 0.2250000000000000056 ) ;
#6871 = DIRECTION ( 'NONE',  ( -0.000000000000000000, -0.000000000000000000, -1.000000000000000000 ) ) ;
#6872 = ORIENTED_EDGE ( 'NONE', *, *, #6884, .T. ) ;
#6873 = AXIS2_PLACEMENT_3D ( 'NONE', #683, #4546, #7220 ) ;
#6874 = ORIENTED_EDGE ( 'NONE', *, *, #465, .F. ) ;
#6875 = ORIENTED_EDGE ( 'NONE', *, *, #148, .T. ) ;
#6876 = SURFACE_STYLE_FILL_AREA ( #5489 ) ;
#6877 = CARTESIAN_POINT ( 'NONE',  ( 0.4000000000000000222, 0.3499999999999999778, 1.199999999999999956 ) ) ;
#6878 = DIRECTION ( 'NONE',  ( 0.000000000000000000, 0.000000000000000000, 1.000000000000000000 ) ) ;
#6879 = AXIS2_PLACEMENT_3D ( 'NONE', #7706, #6349, #1750 ) ;
#6880 = SPHERICAL_SURFACE ( 'NONE', #1429, 0.2250000000000000056 ) ;
#6881 = CARTESIAN_POINT ( 'NONE',  ( 5.599999999999999645, 0.3499999999999999778, 4.799999999999999822 ) ) ;
#6882 = EDGE_CURVE ( 'NONE', #4041, #5752, #8243, .T. ) ;
#6883 = ORIENTED_EDGE ( 'NONE', *, *, #6557, .T. ) ;
#6884 = EDGE_CURVE ( 'NONE', #7379, #197, #2839, .T. ) ;
#6885 = EDGE_LOOP ( 'NONE', ( #3615, #3669, #4786, #3605 ) ) ;
#6886 = ORIENTED_EDGE ( 'NONE', *, *, #3908, .T. ) ;
#6887 = SURFACE_STYLE_USAGE ( .BOTH. , #3419 ) ;
#6888 = AXIS2_PLACEMENT_3D ( 'NONE', #1645, #1688, #4325 ) ;
#6889 = CARTESIAN_POINT ( 'NONE',  ( -3.600000000000000089, 0.2250000000000000056, -3.600000000000000089 ) ) ;
#6890 = CARTESIAN_POINT ( 'NONE',  ( -1.199999999999999956, 0.3499999999999999778, -0.4000000000000000222 ) ) ;
#6891 = CARTESIAN_POINT ( 'NONE',  ( 2.000000000000000000, 0.2250000000000040024, -1.199999999999999956 ) ) ;
#6892 =( LENGTH_UNIT ( ) NAMED_UNIT ( * ) SI_UNIT ( .MILLI., .METRE. ) );
#6893 = ADVANCED_FACE ( 'NONE', ( #3034 ), #8304, .T. ) ;
#6894 = AXIS2_PLACEMENT_3D ( 'NONE', #3620, #6832, #4829 ) ;
#6895 = AXIS2_PLACEMENT_3D ( 'NONE', #497, #4489, #5146 ) ;
#6896 = EDGE_CURVE ( 'NONE', #2401, #7766, #3650, .T. ) ;
#6897 = EDGE_CURVE ( 'NONE', #1059, #6041, #8539, .T. ) ;
#6898 = FACE_OUTER_BOUND ( 'NONE', #4429, .T. ) ;
#6899 = DIRECTION ( 'NONE',  ( 1.000000000000000000, 5.795304382052431206E-16, 0.000000000000000000 ) ) ;
#6900 = AXIS2_PLACEMENT_3D ( 'NONE', #7282, #2450, #6578 ) ;
#6901 = SPHERICAL_SURFACE ( 'NONE', #3689, 0.2250000000000000056 ) ;
#6902 = DIRECTION ( 'NONE',  ( 0.000000000000000000, 0.000000000000000000, -1.000000000000000000 ) ) ;
#6903 = EDGE_CURVE ( 'NONE', #5342, #6338, #1012, .T. ) ;
#6904 = ORIENTED_EDGE ( 'NONE', *, *, #156, .T. ) ;
#6905 = VERTEX_POINT ( 'NONE', #5557 ) ;
#6906 = FACE_OUTER_BOUND ( 'NONE', #7649, .T. ) ;
#6907 = ORIENTED_EDGE ( 'NONE', *, *, #6663, .F. ) ;
#6908 = CARTESIAN_POINT ( 'NONE',  ( 3.600000000000000089, 4.987329993433320396E-15, 3.600000000000000089 ) ) ;
#6909 = AXIS2_PLACEMENT_3D ( 'NONE', #3928, #546, #5931 ) ;
#6910 = FACE_OUTER_BOUND ( 'NONE', #6700, .T. ) ;
#6911 = AXIS2_PLACEMENT_3D ( 'NONE', #4035, #7518, #2795 ) ;
#6912 = CARTESIAN_POINT ( 'NONE',  ( 1.775000000000000133, 0.2250000000000040024, -1.199999999999999956 ) ) ;
#6913 =( NAMED_UNIT ( * ) PLANE_ANGLE_UNIT ( ) SI_UNIT ( $, .RADIAN. ) );
#6914 = DIRECTION ( 'NONE',  ( -1.000000000000000000, -6.195440985631453345E-16, 0.000000000000000000 ) ) ;
#6915 = CIRCLE ( 'NONE', #8029, 0.2249999999999999500 ) ;
#6916 = FACE_OUTER_BOUND ( 'NONE', #5665, .T. ) ;
#6917 = AXIS2_PLACEMENT_3D ( 'NONE', #61, #8156, #6714 ) ;
#6918 = ORIENTED_EDGE ( 'NONE', *, *, #7434, .T. ) ;
#6919 = EDGE_LOOP ( 'NONE', ( #2359, #3315, #1516 ) ) ;
#6920 = ORIENTED_EDGE ( 'NONE', *, *, #1289, .F. ) ;
#6921 = FACE_OUTER_BOUND ( 'NONE', #5910, .T. ) ;
#6922 = CARTESIAN_POINT ( 'NONE',  ( -2.799999999999999822, 0.2250000000000000056, 4.400000000000000355 ) ) ;
#6923 = CIRCLE ( 'NONE', #5680, 0.2249999999999999500 ) ;
#6924 = AXIS2_PLACEMENT_3D ( 'NONE', #2667, #7153, #7070 ) ;
#6925 = CARTESIAN_POINT ( 'NONE',  ( 1.199999999999999956, 0.2250000000000035028, 1.199999999999999956 ) ) ;
#6926 = VERTEX_POINT ( 'NONE', #3552 ) ;
#6927 = ORIENTED_EDGE ( 'NONE', *, *, #5989, .F. ) ;
#6928 = VERTEX_POINT ( 'NONE', #2990 ) ;
#6929 = AXIS2_PLACEMENT_3D ( 'NONE', #8550, #1052, #3182 ) ;
#6930 = AXIS2_PLACEMENT_3D ( 'NONE', #3985, #6638, #560 ) ;
#6931 = DIRECTION ( 'NONE',  ( -1.000000000000000000, 0.000000000000000000, 0.000000000000000000 ) ) ;
#6932 = DIRECTION ( 'NONE',  ( -0.000000000000000000, -0.000000000000000000, -1.000000000000000000 ) ) ;
#6933 = CARTESIAN_POINT ( 'NONE',  ( -0.4000000000000000222, 0.2250000000000024758, -0.4000000000000000222 ) ) ;
#6934 = ADVANCED_FACE ( 'NONE', ( #5018 ), #4282, .T. ) ;
#6935 = CARTESIAN_POINT ( 'NONE',  ( 1.424999999999999822, 0.2250000000000035028, -2.000000000000000000 ) ) ;
#6936 = CIRCLE ( 'NONE', #5556, 0.2249999999999999500 ) ;
#6937 = DIRECTION ( 'NONE',  ( 1.000000000000000000, 5.795304382052429234E-16, 0.000000000000000000 ) ) ;
#6938 = DIRECTION ( 'NONE',  ( -1.000000000000000000, 0.000000000000000000, 0.000000000000000000 ) ) ;
#6939 = ORIENTED_EDGE ( 'NONE', *, *, #2054, .F. ) ;
#6940 = DIRECTION ( 'NONE',  ( 0.000000000000000000, 0.000000000000000000, 1.000000000000000000 ) ) ;
#6941 = EDGE_CURVE ( 'NONE', #3561, #2464, #5871, .T. ) ;
#6942 = AXIS2_PLACEMENT_3D ( 'NONE', #627, #7864, #8615 ) ;
#6943 = AXIS2_PLACEMENT_3D ( 'NONE', #4413, #3860, #7084 ) ;
#6944 = FACE_OUTER_BOUND ( 'NONE', #8335, .T. ) ;
#6945 = CARTESIAN_POINT ( 'NONE',  ( -1.199999999999999956, 0.2250000000000000056, -2.000000000000000000 ) ) ;
#6946 =( NAMED_UNIT ( * ) PLANE_ANGLE_UNIT ( ) SI_UNIT ( $, .RADIAN. ) );
#6947 = ADVANCED_FACE ( 'NONE', ( #1070 ), #3634, .T. ) ;
#6948 = DIRECTION ( 'NONE',  ( 0.000000000000000000, 1.000000000000000000, 0.000000000000000000 ) ) ;
#6949 = ADVANCED_FACE ( 'NONE', ( #6370 ), #4892, .F. ) ;
#6950 = STYLED_ITEM ( 'NONE', ( #1833 ), #8421 ) ;
#6951 = CIRCLE ( 'NONE', #4576, 0.2249999999999999500 ) ;
#6952 = VERTEX_POINT ( 'NONE', #242 ) ;
#6953 = ORIENTED_EDGE ( 'NONE', *, *, #7491, .F. ) ;
#6954 = DIRECTION ( 'NONE',  ( -1.000000000000000000, 0.000000000000000000, 0.000000000000000000 ) ) ;
#6955 = ORIENTED_EDGE ( 'NONE', *, *, #413, .F. ) ;
#6956 = SPHERICAL_SURFACE ( 'NONE', #6205, 0.2250000000000000056 ) ;
#6957 = CIRCLE ( 'NONE', #4310, 0.1870828693386989983 ) ;
#6958 = CARTESIAN_POINT ( 'NONE',  ( 4.000000000000000000, 0.3499999999999999778, 4.799999999999999822 ) ) ;
#6959 = CARTESIAN_POINT ( 'NONE',  ( 4.799999999999999822, 0.3499999999999999778, 4.799999999999999822 ) ) ;
#6960 = DIRECTION ( 'NONE',  ( 1.000000000000000000, 0.000000000000000000, 0.000000000000000000 ) ) ;
#6961 = CARTESIAN_POINT ( 'NONE',  ( 0.2129171306613010239, 0.3499999999999998668, -2.799999999999999822 ) ) ;
#6962 = DIRECTION ( 'NONE',  ( 6.918242433955120338E-16, -1.000000000000000000, 0.000000000000000000 ) ) ;
#6963 = DIRECTION ( 'NONE',  ( 6.918242433955120338E-16, -1.000000000000000000, 0.000000000000000000 ) ) ;
#6964 = EDGE_LOOP ( 'NONE', ( #3802, #6904, #4617 ) ) ;
#6965 = VERTEX_POINT ( 'NONE', #5727 ) ;
#6966 = ORIENTED_EDGE ( 'NONE', *, *, #1301, .T. ) ;
#6967 = DIRECTION ( 'NONE',  ( -0.000000000000000000, -0.000000000000000000, -1.000000000000000000 ) ) ;
#6968 = CARTESIAN_POINT ( 'NONE',  ( 1.199999999999999956, 0.2250000000000035028, -0.4000000000000000222 ) ) ;
#6969 = DIRECTION ( 'NONE',  ( -1.000000000000000000, 0.000000000000000000, 0.000000000000000000 ) ) ;
#6970 = CIRCLE ( 'NONE', #7685, 0.2249999999999999500 ) ;
#6971 = SPHERICAL_SURFACE ( 'NONE', #547, 0.2250000000000000056 ) ;
#6972 = ORIENTED_EDGE ( 'NONE', *, *, #5928, .T. ) ;
#6973 = ADVANCED_FACE ( 'NONE', ( #6237 ), #2951, .T. ) ;
#6974 = EDGE_LOOP ( 'NONE', ( #1267, #7974, #3305, #3532 ) ) ;
#6975 = ORIENTED_EDGE ( 'NONE', *, *, #6620, .F. ) ;
#6976 = DIRECTION ( 'NONE',  ( 5.795304382052420359E-16, -1.000000000000000000, 0.000000000000000000 ) ) ;
#6977 = DIRECTION ( 'NONE',  ( -1.000000000000000000, 0.000000000000000000, 0.000000000000000000 ) ) ;
#6978 = AXIS2_PLACEMENT_3D ( 'NONE', #3355, #6569, #1264 ) ;
#6979 = CARTESIAN_POINT ( 'NONE',  ( 2.000000000000000000, 0.3499999999999999778, -2.000000000000000000 ) ) ;
#6980 = CARTESIAN_POINT ( 'NONE',  ( 2.000000000000000000, 0.3499999999999999778, -2.000000000000000000 ) ) ;
#6981 = CARTESIAN_POINT ( 'NONE',  ( -3.600000000000000089, 0.2250000000000000056, 4.400000000000000355 ) ) ;
#6982 = ORIENTED_EDGE ( 'NONE', *, *, #5231, .T. ) ;
#6983 = AXIS2_PLACEMENT_3D ( 'NONE', #2199, #1323, #1375 ) ;
#6984 = AXIS2_PLACEMENT_3D ( 'NONE', #795, #6057, #2055 ) ;
#6985 = DIRECTION ( 'NONE',  ( -1.224646799147353207E-16, -0.000000000000000000, -1.000000000000000000 ) ) ;
#6986 = DIRECTION ( 'NONE',  ( -1.224646799147353207E-16, -0.000000000000000000, -1.000000000000000000 ) ) ;
#6987 = CARTESIAN_POINT ( 'NONE',  ( 2.000000000000000000, 0.2250000000000040024, 1.199999999999999956 ) ) ;
#6988 = AXIS2_PLACEMENT_3D ( 'NONE', #8521, #7803, #7761 ) ;
#6989 = FILL_AREA_STYLE ('',( #2955 ) ) ;
#6990 = VERTEX_POINT ( 'NONE', #1549 ) ;
#6991 = ORIENTED_EDGE ( 'NONE', *, *, #5084, .T. ) ;
#6992 = ADVANCED_FACE ( 'NONE', ( #4238 ), #4320, .T. ) ;
#6993 = ADVANCED_FACE ( 'NONE', ( #2286 ), #584, .T. ) ;
#6994 = DIRECTION ( 'NONE',  ( -1.000000000000000000, 0.000000000000000000, 0.000000000000000000 ) ) ;
#6995 = VERTEX_POINT ( 'NONE', #5893 ) ;
#6996 = CARTESIAN_POINT ( 'NONE',  ( -1.199999999999999956, 0.2250000000000000056, 1.199999999999999956 ) ) ;
#6997 = SPHERICAL_SURFACE ( 'NONE', #1784, 0.2250000000000000056 ) ;
#6998 =( NAMED_UNIT ( * ) PLANE_ANGLE_UNIT ( ) SI_UNIT ( $, .RADIAN. ) );
#6999 = SURFACE_SIDE_STYLE ('',( #7790 ) ) ;
#7000 =( LENGTH_UNIT ( ) NAMED_UNIT ( * ) SI_UNIT ( .MILLI., .METRE. ) );
#7001 = CLOSED_SHELL ( 'NONE', ( #7439, #763, #7276, #2419, #7210 ) ) ;
#7002 = EDGE_CURVE ( 'NONE', #4750, #4827, #8398, .T. ) ;
#7003 = CARTESIAN_POINT ( 'NONE',  ( -1.199999999999999956, 0.2250000000000000056, 0.4000000000000000222 ) ) ;
#7004 = CARTESIAN_POINT ( 'NONE',  ( -1.199999999999999956, 0.3499999999999999778, 1.199999999999999956 ) ) ;
#7005 = ORIENTED_EDGE ( 'NONE', *, *, #6304, .F. ) ;
#7006 = EDGE_CURVE ( 'NONE', #6383, #6008, #4603, .T. ) ;
#7007 = ORIENTED_EDGE ( 'NONE', *, *, #3287, .T. ) ;
#7008 = ORIENTED_EDGE ( 'NONE', *, *, #7762, .F. ) ;
#7009 = AXIS2_PLACEMENT_3D ( 'NONE', #2215, #2252, #1600 ) ;
#7010 = DIRECTION ( 'NONE',  ( -1.000000000000000000, 0.000000000000000000, 0.000000000000000000 ) ) ;
#7011 = UNCERTAINTY_MEASURE_WITH_UNIT (LENGTH_MEASURE( 1.000000000000000082E-05 ), #3609, 'distance_accuracy_value', 'NONE');
#7012 = DIRECTION ( 'NONE',  ( 0.000000000000000000, 1.000000000000000000, 0.000000000000000000 ) ) ;
#7013 =( NAMED_UNIT ( * ) SI_UNIT ( $, .STERADIAN. ) SOLID_ANGLE_UNIT ( ) );
#7014 = SPHERICAL_SURFACE ( 'NONE', #6280, 0.2250000000000000056 ) ;
#7015 = DIRECTION ( 'NONE',  ( -1.000000000000000000, 0.000000000000000000, 0.000000000000000000 ) ) ;
#7016 = VERTEX_POINT ( 'NONE', #1153 ) ;
#7017 = ORIENTED_EDGE ( 'NONE', *, *, #7687, .F. ) ;
#7018 = VERTEX_POINT ( 'NONE', #7205 ) ;
#7019 = CARTESIAN_POINT ( 'NONE',  ( 2.799999999999999822, 0.2250000000000045020, 4.400000000000000355 ) ) ;
#7020 = CARTESIAN_POINT ( 'NONE',  ( -2.000000000000000000, 0.000000000000000000, -1.199999999999999956 ) ) ;
#7021 = PLANE ( 'NONE',  #532 ) ;
#7022 = CIRCLE ( 'NONE', #1874, 0.2249999999999999500 ) ;
#7023 = CARTESIAN_POINT ( 'NONE',  ( 0.5870828693386989094, 0.3500000000000000888, -0.4000000000000000777 ) ) ;
#7024 =( LENGTH_UNIT ( ) NAMED_UNIT ( * ) SI_UNIT ( .MILLI., .METRE. ) );
#7025 = DIRECTION ( 'NONE',  ( 1.000000000000000000, 5.795304382052429234E-16, 0.000000000000000000 ) ) ;
#7026 = ORIENTED_EDGE ( 'NONE', *, *, #5890, .F. ) ;
#7027 = AXIS2_PLACEMENT_3D ( 'NONE', #3156, #4537, #1320 ) ;
#7028 = CARTESIAN_POINT ( 'NONE',  ( 1.812917130661300558, 0.3499999999999998668, -0.4000000000000000222 ) ) ;
#7029 = CARTESIAN_POINT ( 'NONE',  ( 0.4000000000000000222, 0.3499999999999999778, 2.799999999999999822 ) ) ;
#7030 = DIRECTION ( 'NONE',  ( 6.918242433955120338E-16, -1.000000000000000000, 0.000000000000000000 ) ) ;
#7031 = CIRCLE ( 'NONE', #5209, 0.2250000000000000056 ) ;
#7032 = FILL_AREA_STYLE ('',( #7646 ) ) ;
#7033 = AXIS2_PLACEMENT_3D ( 'NONE', #6155, #201, #2194 ) ;
#7034 = FILL_AREA_STYLE ('',( #5028 ) ) ;
#7035 = PLANE ( 'NONE',  #6239 ) ;
#7036 = ORIENTED_EDGE ( 'NONE', *, *, #4748, .T. ) ;
#7037 = ORIENTED_EDGE ( 'NONE', *, *, #8284, .T. ) ;
#7038 = AXIS2_PLACEMENT_3D ( 'NONE', #6659, #4788, #2137 ) ;
#7039 = CARTESIAN_POINT ( 'NONE',  ( -3.600000000000000089, 0.3499999999999999778, 3.600000000000000089 ) ) ;
#7040 = CARTESIAN_POINT ( 'NONE',  ( 2.799999999999999822, 4.499439015814843401E-15, 4.400000000000000355 ) ) ;
#7041 =( NAMED_UNIT ( * ) PLANE_ANGLE_UNIT ( ) SI_UNIT ( $, .RADIAN. ) );
#7042 = CIRCLE ( 'NONE', #5799, 0.2249999999999999500 ) ;
#7043 = CIRCLE ( 'NONE', #6765, 0.1870828693386994146 ) ;
#7044 = EDGE_CURVE ( 'NONE', #2464, #3561, #7549, .T. ) ;
#7045 = DIRECTION ( 'NONE',  ( -1.000000000000000000, 0.000000000000000000, 0.000000000000000000 ) ) ;
#7046 = CARTESIAN_POINT ( 'NONE',  ( -0.4000000000000000222, 0.2250000000000024758, -0.4000000000000000222 ) ) ;
#7047 = VERTEX_POINT ( 'NONE', #3769 ) ;
#7048 = ADVANCED_FACE ( 'NONE', ( #3202 ), #5855, .T. ) ;
#7049 = CARTESIAN_POINT ( 'NONE',  ( 5.599999999999999645, 0.3499999999999999778, 1.600000000000000089 ) ) ;
#7050 = ORIENTED_EDGE ( 'NONE', *, *, #1096, .F. ) ;
#7051 = AXIS2_PLACEMENT_3D ( 'NONE', #1116, #1813, #500 ) ;
#7052 = AXIS2_PLACEMENT_3D ( 'NONE', #2289, #2993, #1594 ) ;
#7053 = FILL_AREA_STYLE_COLOUR ( '', #1196 ) ;
#7054 = DIRECTION ( 'NONE',  ( -1.000000000000000000, 0.000000000000000000, 0.000000000000000000 ) ) ;
#7055 = EDGE_CURVE ( 'NONE', #4017, #1154, #1640, .T. ) ;
#7056 = DIRECTION ( 'NONE',  ( -0.000000000000000000, -0.000000000000000000, -1.000000000000000000 ) ) ;
#7057 = CARTESIAN_POINT ( 'NONE',  ( 0.4000000000000000222, 0.2250000000000030032, 2.000000000000000000 ) ) ;
#7058 = CARTESIAN_POINT ( 'NONE',  ( -2.225000000000000089, 0.2250000000000000056, -1.199999999999999956 ) ) ;
#7059 = ADVANCED_FACE ( 'NONE', ( #463 ), #1928, .T. ) ;
#7060 = CIRCLE ( 'NONE', #3306, 0.1870828693386989983 ) ;
#7061 = AXIS2_PLACEMENT_3D ( 'NONE', #6889, #5594, #5721 ) ;
#7062 = SPHERICAL_SURFACE ( 'NONE', #3636, 0.2250000000000000056 ) ;
#7063 = EDGE_CURVE ( 'NONE', #1921, #1291, #7751, .T. ) ;
#7064 = CARTESIAN_POINT ( 'NONE',  ( -0.4000000000000000222, 0.3499999999999999778, -2.000000000000000000 ) ) ;
#7065 = ORIENTED_EDGE ( 'NONE', *, *, #769, .F. ) ;
#7066 = EDGE_LOOP ( 'NONE', ( #6096, #4049, #1582, #3672 ) ) ;
#7067 = ORIENTED_EDGE ( 'NONE', *, *, #5015, .F. ) ;
#7068 = CIRCLE ( 'NONE', #4414, 0.1870828693386989428 ) ;
#7069 = CIRCLE ( 'NONE', #4971, 0.2249999999999999500 ) ;
#7070 = DIRECTION ( 'NONE',  ( -1.000000000000000000, 0.000000000000000000, 0.000000000000000000 ) ) ;
#7071 = DIRECTION ( 'NONE',  ( 1.000000000000000000, 0.000000000000000000, 0.000000000000000000 ) ) ;
#7072 = CARTESIAN_POINT ( 'NONE',  ( -1.812917130661301002, 0.3500000000000000888, 0.3999999999999999667 ) ) ;
#7073 =( NAMED_UNIT ( * ) PLANE_ANGLE_UNIT ( ) SI_UNIT ( $, .RADIAN. ) );
#7074 = CARTESIAN_POINT ( 'NONE',  ( -0.4000000000000000222, 0.2250000000000024758, -1.199999999999999956 ) ) ;
#7075 = AXIS2_PLACEMENT_3D ( 'NONE', #1913, #4561, #2625 ) ;
#7076 = DIRECTION ( 'NONE',  ( -1.000000000000000000, 0.000000000000000000, 0.000000000000000000 ) ) ;
#7077 = AXIS2_PLACEMENT_3D ( 'NONE', #3191, #3755, #2400 ) ;
#7078 = SPHERICAL_SURFACE ( 'NONE', #6591, 0.2250000000000000056 ) ;
#7079 = CARTESIAN_POINT ( 'NONE',  ( 2.000000000000000000, 0.2250000000000040024, 2.799999999999999822 ) ) ;
#7080 = CARTESIAN_POINT ( 'NONE',  ( -0.4000000000000000222, 0.2250000000000024758, 0.4000000000000000222 ) ) ;
#7081 = AXIS2_PLACEMENT_3D ( 'NONE', #6473, #2573, #5165 ) ;
#7082 = CARTESIAN_POINT ( 'NONE',  ( -1.775000000000000133, 0.2250000000000000056, -1.199999999999999956 ) ) ;
#7083 = FILL_AREA_STYLE ('',( #7728 ) ) ;
#7084 = DIRECTION ( 'NONE',  ( -1.000000000000000000, 0.000000000000000000, 2.409338161078898687E-16 ) ) ;
#7085 = ORIENTED_EDGE ( 'NONE', *, *, #1420, .F. ) ;
#7086 = STYLED_ITEM ( 'NONE', ( #2605 ), #8365 ) ;
#7087 = AXIS2_PLACEMENT_3D ( 'NONE', #5899, #4460, #5860 ) ;
#7088 = VERTEX_POINT ( 'NONE', #4454 ) ;
#7089 = DIRECTION ( 'NONE',  ( -1.000000000000000000, 0.000000000000000000, 0.000000000000000000 ) ) ;
#7090 = FACE_OUTER_BOUND ( 'NONE', #4189, .T. ) ;
#7091 = FACE_OUTER_BOUND ( 'NONE', #1359, .T. ) ;
#7092 = FACE_OUTER_BOUND ( 'NONE', #6124, .T. ) ;
#7093 = AXIS2_PLACEMENT_3D ( 'NONE', #7758, #7961, #8594 ) ;
#7094 = COLOUR_RGB ( '',0.7921568627450980005, 0.8196078431372548767, 0.9333333333333333481 ) ;
#7095 = DIRECTION ( 'NONE',  ( 0.000000000000000000, 0.000000000000000000, -1.000000000000000000 ) ) ;
#7096 = EDGE_LOOP ( 'NONE', ( #1398, #5728, #6540, #1867 ) ) ;
#7097 = DIRECTION ( 'NONE',  ( -1.000000000000000000, 0.000000000000000000, 0.000000000000000000 ) ) ;
#7098 = ORIENTED_EDGE ( 'NONE', *, *, #8344, .T. ) ;
#7099 = FACE_OUTER_BOUND ( 'NONE', #336, .T. ) ;
#7100 = EDGE_CURVE ( 'NONE', #4524, #258, #378, .T. ) ;
#7101 = CARTESIAN_POINT ( 'NONE',  ( -2.000000000000000000, 0.2250000000000000056, -2.000000000000000000 ) ) ;
#7102 = DIRECTION ( 'NONE',  ( -1.000000000000000000, 0.000000000000000000, 0.000000000000000000 ) ) ;
#7103 = DIRECTION ( 'NONE',  ( -0.000000000000000000, -0.000000000000000000, -1.000000000000000000 ) ) ;
#7104 = CARTESIAN_POINT ( 'NONE',  ( -2.225000000000000089, 0.2250000000000000056, -2.799999999999999822 ) ) ;
#7105 = VERTEX_POINT ( 'NONE', #6496 ) ;
#7106 = EDGE_LOOP ( 'NONE', ( #3357, #2391, #2974, #3326 ) ) ;
#7107 = EDGE_LOOP ( 'NONE', ( #440, #8177, #3722, #5524 ) ) ;
#7108 = ADVANCED_FACE ( 'NONE', ( #3150 ), #7897, .T. ) ;
#7109 = EDGE_CURVE ( 'NONE', #5752, #4179, #2042, .T. ) ;
#7110 = EDGE_CURVE ( 'NONE', #6905, #1921, #2182, .T. ) ;
#7111 = DIRECTION ( 'NONE',  ( -1.000000000000000000, 0.000000000000000000, 0.000000000000000000 ) ) ;
#7112 = CARTESIAN_POINT ( 'NONE',  ( 1.199999999999999956, 0.2250000000000035028, -2.799999999999999822 ) ) ;
#7113 = EDGE_CURVE ( 'NONE', #5924, #2303, #6492, .T. ) ;
#7114 = CARTESIAN_POINT ( 'NONE',  ( -0.9749999999999999778, 0.2250000000000000056, 2.000000000000000000 ) ) ;
#7115 = DIRECTION ( 'NONE',  ( 0.000000000000000000, 1.000000000000000000, 0.000000000000000000 ) ) ;
#7116 = CIRCLE ( 'NONE', #1556, 0.1870828693386989428 ) ;
#7117 = CARTESIAN_POINT ( 'NONE',  ( 1.199999999999999956, 0.2250000000000035028, -2.000000000000000000 ) ) ;
#7118 = EDGE_CURVE ( 'NONE', #5117, #5610, #1343, .T. ) ;
#7119 = CARTESIAN_POINT ( 'NONE',  ( 2.000000000000000000, 0.2250000000000040024, -2.000000000000000000 ) ) ;
#7120 = ORIENTED_EDGE ( 'NONE', *, *, #3916, .T. ) ;
#7121 = ADVANCED_FACE ( 'NONE', ( #1190 ), #5188, .F. ) ;
#7122 = AXIS2_PLACEMENT_3D ( 'NONE', #8575, #7909, #4626 ) ;
#7123 = SPHERICAL_SURFACE ( 'NONE', #4093, 0.2250000000000000056 ) ;
#7124 = MECHANICAL_DESIGN_GEOMETRIC_PRESENTATION_REPRESENTATION (  '', ( #5295 ), #5868 ) ;
#7125 = DIRECTION ( 'NONE',  ( 5.795304382052420359E-16, -1.000000000000000000, 0.000000000000000000 ) ) ;
#7126 = DIRECTION ( 'NONE',  ( -0.000000000000000000, -0.000000000000000000, -1.000000000000000000 ) ) ;
#7127 = DIRECTION ( 'NONE',  ( -1.000000000000000000, 0.000000000000000000, 0.000000000000000000 ) ) ;
#7128 = CARTESIAN_POINT ( 'NONE',  ( -0.4000000000000000222, 0.2250000000000024758, 2.799999999999999822 ) ) ;
#7129 = SURFACE_STYLE_USAGE ( .BOTH. , #2609 ) ;
#7130 = AXIS2_PLACEMENT_3D ( 'NONE', #3416, #6072, #2739 ) ;
#7131 = MECHANICAL_DESIGN_GEOMETRIC_PRESENTATION_REPRESENTATION (  '', ( #729 ), #1979 ) ;
#7132 = ORIENTED_EDGE ( 'NONE', *, *, #7313, .F. ) ;
#7133 = ORIENTED_EDGE ( 'NONE', *, *, #3770, .T. ) ;
#7134 = DIRECTION ( 'NONE',  ( -1.000000000000000000, 0.000000000000000000, 2.409338161078898687E-16 ) ) ;
#7135 = CIRCLE ( 'NONE', #5862, 0.1870828693386989983 ) ;
#7136 = FACE_OUTER_BOUND ( 'NONE', #4802, .T. ) ;
#7137 = SURFACE_STYLE_FILL_AREA ( #8325 ) ;
#7138 = SHAPE_DEFINITION_REPRESENTATION ( #4350, #1467 ) ;
#7139 = DIRECTION ( 'NONE',  ( 0.000000000000000000, 0.000000000000000000, 1.000000000000000000 ) ) ;
#7140 = ORIENTED_EDGE ( 'NONE', *, *, #1254, .T. ) ;
#7141 = ORIENTED_EDGE ( 'NONE', *, *, #3387, .F. ) ;
#7142 = ORIENTED_EDGE ( 'NONE', *, *, #6850, .F. ) ;
#7143 = CARTESIAN_POINT ( 'NONE',  ( 2.187082869338699442, 0.3500000000000000888, -0.4000000000000000777 ) ) ;
#7144 = CLOSED_SHELL ( 'NONE', ( #1005, #6570, #3225, #7640, #3218 ) ) ;
#7145 = FACE_OUTER_BOUND ( 'NONE', #3663, .T. ) ;
#7146 = FACE_OUTER_BOUND ( 'NONE', #7280, .T. ) ;
#7147 = DIRECTION ( 'NONE',  ( 1.000000000000000000, 5.795304382052416415E-16, 0.000000000000000000 ) ) ;
#7148 = ORIENTED_EDGE ( 'NONE', *, *, #7170, .T. ) ;
#7149 = AXIS2_PLACEMENT_3D ( 'NONE', #6032, #8622, #7986 ) ;
#7150 = VERTEX_POINT ( 'NONE', #7374 ) ;
#7151 = EDGE_LOOP ( 'NONE', ( #3523, #7928, #5976 ) ) ;
#7152 = DIRECTION ( 'NONE',  ( -1.000000000000000000, 0.000000000000000000, 0.000000000000000000 ) ) ;
#7153 = DIRECTION ( 'NONE',  ( -0.000000000000000000, -0.000000000000000000, -1.000000000000000000 ) ) ;
#7154 = DIRECTION ( 'NONE',  ( 5.795304382052420359E-16, -1.000000000000000000, 0.000000000000000000 ) ) ;
#7155 = DIRECTION ( 'NONE',  ( -1.224646799147353207E-16, -0.000000000000000000, -1.000000000000000000 ) ) ;
#7156 = AXIS2_PLACEMENT_3D ( 'NONE', #5559, #8083, #4766 ) ;
#7157 = ADVANCED_FACE ( 'NONE', ( #6708 ), #3324, .T. ) ;
#7158 = DIRECTION ( 'NONE',  ( -1.000000000000000000, 0.000000000000000000, 0.000000000000000000 ) ) ;
#7159 = EDGE_CURVE ( 'NONE', #1757, #5298, #3578, .T. ) ;
#7160 = DIRECTION ( 'NONE',  ( -1.000000000000000000, -6.195440985631453345E-16, 0.000000000000000000 ) ) ;
#7161 = EDGE_CURVE ( 'NONE', #5031, #8233, #3855, .T. ) ;
#7162 = AXIS2_PLACEMENT_3D ( 'NONE', #159, #7381, #6713 ) ;
#7163 = CARTESIAN_POINT ( 'NONE',  ( 3.200000000000000178, 0.3499999999999999778, 2.399999999999999911 ) ) ;
#7164 = DIRECTION ( 'NONE',  ( -0.000000000000000000, -0.000000000000000000, -1.000000000000000000 ) ) ;
#7165 = EDGE_CURVE ( 'NONE', #8100, #4207, #1217, .T. ) ;
#7166 = FACE_OUTER_BOUND ( 'NONE', #1599, .T. ) ;
#7167 = SPHERICAL_SURFACE ( 'NONE', #6382, 0.2250000000000000056 ) ;
#7168 = EDGE_CURVE ( 'NONE', #1877, #1820, #4963, .T. ) ;
#7169 = ORIENTED_EDGE ( 'NONE', *, *, #4516, .F. ) ;
#7170 = EDGE_CURVE ( 'NONE', #5069, #2633, #8322, .T. ) ;
#7171 = DIRECTION ( 'NONE',  ( 1.000000000000000000, 5.795304382052416415E-16, 0.000000000000000000 ) ) ;
#7172 =( GEOMETRIC_REPRESENTATION_CONTEXT ( 3 ) GLOBAL_UNCERTAINTY_ASSIGNED_CONTEXT ( ( #6047 ) ) GLOBAL_UNIT_ASSIGNED_CONTEXT ( ( #657, #1922, #7243 ) ) REPRESENTATION_CONTEXT ( 'NONE', 'WORKASPACE' ) );
#7173 = CARTESIAN_POINT ( 'NONE',  ( 2.799999999999999822, 0.2250000000000045020, 3.600000000000000089 ) ) ;
#7174 = CIRCLE ( 'NONE', #3415, 0.2249999999999999500 ) ;
#7175 = CARTESIAN_POINT ( 'NONE',  ( 0.4000000000000000222, 0.2250000000000030032, 0.4000000000000000222 ) ) ;
#7176 = DIRECTION ( 'NONE',  ( -1.224646799147353207E-16, -0.000000000000000000, -1.000000000000000000 ) ) ;
#7177 = EDGE_CURVE ( 'NONE', #2464, #2134, #252, .T. ) ;
#7178 = DIRECTION ( 'NONE',  ( 1.000000000000000000, 0.000000000000000000, 0.000000000000000000 ) ) ;
#7179 = CARTESIAN_POINT ( 'NONE',  ( -3.600000000000000089, 0.2250000000000000056, -3.600000000000000089 ) ) ;
#7180 = STYLED_ITEM ( 'NONE', ( #7186 ), #2687 ) ;
#7181 = CIRCLE ( 'NONE', #1330, 0.2250000000000000056 ) ;
#7182 = DIRECTION ( 'NONE',  ( 1.000000000000000000, 5.795304382052416415E-16, 0.000000000000000000 ) ) ;
#7183 = VERTEX_POINT ( 'NONE', #154 ) ;
#7184 = DIRECTION ( 'NONE',  ( -0.000000000000000000, -0.000000000000000000, -1.000000000000000000 ) ) ;
#7185 = VERTEX_POINT ( 'NONE', #2099 ) ;
#7186 = PRESENTATION_STYLE_ASSIGNMENT (( #1294 ) ) ;
#7187 = FACE_OUTER_BOUND ( 'NONE', #7411, .T. ) ;
#7188 =( GEOMETRIC_REPRESENTATION_CONTEXT ( 3 ) GLOBAL_UNCERTAINTY_ASSIGNED_CONTEXT ( ( #740 ) ) GLOBAL_UNIT_ASSIGNED_CONTEXT ( ( #4208, #5432, #6210 ) ) REPRESENTATION_CONTEXT ( 'NONE', 'WORKASPACE' ) );
#7189 = DIRECTION ( 'NONE',  ( -1.000000000000000000, 0.000000000000000000, 0.000000000000000000 ) ) ;
#7190 = MECHANICAL_DESIGN_GEOMETRIC_PRESENTATION_REPRESENTATION (  '', ( #103 ), #3428 ) ;
#7191 = UNCERTAINTY_MEASURE_WITH_UNIT (LENGTH_MEASURE( 1.000000000000000082E-05 ), #2035, 'distance_accuracy_value', 'NONE');
#7192 = SPHERICAL_SURFACE ( 'NONE', #935, 0.2250000000000000056 ) ;
#7193 = CARTESIAN_POINT ( 'NONE',  ( 2.000000000000000000, 0.2250000000000040024, -1.199999999999999956 ) ) ;
#7194 = AXIS2_PLACEMENT_3D ( 'NONE', #4897, #332, #8308 ) ;
#7195 = EDGE_LOOP ( 'NONE', ( #107, #3043, #7008 ) ) ;
#7196 =( GEOMETRIC_REPRESENTATION_CONTEXT ( 3 ) GLOBAL_UNCERTAINTY_ASSIGNED_CONTEXT ( ( #43 ) ) GLOBAL_UNIT_ASSIGNED_CONTEXT ( ( #7960, #8048, #2808 ) ) REPRESENTATION_CONTEXT ( 'NONE', 'WORKASPACE' ) );
#7197 = EDGE_LOOP ( 'NONE', ( #6461, #4729, #6292, #4230 ) ) ;
#7198 = VERTEX_POINT ( 'NONE', #4055 ) ;
#7199 = FACE_OUTER_BOUND ( 'NONE', #5479, .T. ) ;
#7200 = PLANE ( 'NONE',  #3703 ) ;
#7201 = CIRCLE ( 'NONE', #3993, 0.2249999999999999500 ) ;
#7202 = CIRCLE ( 'NONE', #1084, 0.1870828693386989983 ) ;
#7203 = SURFACE_STYLE_FILL_AREA ( #4528 ) ;
#7204 = DIRECTION ( 'NONE',  ( 0.000000000000000000, 0.000000000000000000, 1.000000000000000000 ) ) ;
#7205 = CARTESIAN_POINT ( 'NONE',  ( -0.5870828693386994646, 0.3499999999999998668, 0.4000000000000000222 ) ) ;
#7206 = AXIS2_PLACEMENT_3D ( 'NONE', #6535, #541, #1879 ) ;
#7207 = CIRCLE ( 'NONE', #8179, 0.2249999999999999500 ) ;
#7208 = FACE_OUTER_BOUND ( 'NONE', #538, .T. ) ;
#7209 = DIRECTION ( 'NONE',  ( 1.000000000000000000, 5.795304382052431206E-16, 0.000000000000000000 ) ) ;
#7210 = ADVANCED_FACE ( 'NONE', ( #3458 ), #5353, .T. ) ;
#7211 = CARTESIAN_POINT ( 'NONE',  ( -2.799999999999999822, 0.3499999999999999778, -4.400000000000000355 ) ) ;
#7212 = SURFACE_STYLE_USAGE ( .BOTH. , #1279 ) ;
#7213 = FACE_OUTER_BOUND ( 'NONE', #4522, .T. ) ;
#7214 = CIRCLE ( 'NONE', #2488, 0.2249999999999999500 ) ;
#7215 = AXIS2_PLACEMENT_3D ( 'NONE', #6317, #970, #231 ) ;
#7216 = DIRECTION ( 'NONE',  ( -1.000000000000000000, 0.000000000000000000, 0.000000000000000000 ) ) ;
#7217 = CARTESIAN_POINT ( 'NONE',  ( 1.775000000000000133, 0.2250000000000040024, -2.799999999999999822 ) ) ;
#7218 = VERTEX_POINT ( 'NONE', #4708 ) ;
#7219 = ADVANCED_FACE ( 'NONE', ( #1969 ), #7973, .T. ) ;
#7220 = DIRECTION ( 'NONE',  ( 0.000000000000000000, 0.000000000000000000, -1.000000000000000000 ) ) ;
#7221 = AXIS2_PLACEMENT_3D ( 'NONE', #6417, #1161, #5065 ) ;
#7222 = CIRCLE ( 'NONE', #6377, 0.2249999999999999500 ) ;
#7223 = CARTESIAN_POINT ( 'NONE',  ( -0.4000000000000000222, 0.2250000000000024758, 2.799999999999999822 ) ) ;
#7224 = EDGE_CURVE ( 'NONE', #7561, #1033, #7475, .T. ) ;
#7225 = DIRECTION ( 'NONE',  ( 1.000000000000000000, 0.000000000000000000, 0.000000000000000000 ) ) ;
#7226 =( NAMED_UNIT ( * ) SI_UNIT ( $, .STERADIAN. ) SOLID_ANGLE_UNIT ( ) );
#7227 = STYLED_ITEM ( 'NONE', ( #335 ), #8299 ) ;
#7228 = AXIS2_PLACEMENT_3D ( 'NONE', #3776, #3251, #7782 ) ;
#7229 = EDGE_CURVE ( 'NONE', #789, #4455, #3167, .T. ) ;
#7230 = DIRECTION ( 'NONE',  ( -1.000000000000000000, 0.000000000000000000, 0.000000000000000000 ) ) ;
#7231 = ORIENTED_EDGE ( 'NONE', *, *, #1416, .F. ) ;
#7232 = CARTESIAN_POINT ( 'NONE',  ( 2.799999999999999822, 0.2250000000000045020, 3.600000000000000089 ) ) ;
#7233 = ORIENTED_EDGE ( 'NONE', *, *, #5236, .T. ) ;
#7234 = AXIS2_PLACEMENT_3D ( 'NONE', #6980, #2196, #3677 ) ;
#7235 = CARTESIAN_POINT ( 'NONE',  ( -3.699999999999998845, 1.000000000000000444, -4.699999999999999289 ) ) ;
#7236 = SURFACE_STYLE_FILL_AREA ( #2489 ) ;
#7237 = DIRECTION ( 'NONE',  ( 1.000000000000000000, 0.000000000000000000, 0.000000000000000000 ) ) ;
#7238 = PRESENTATION_LAYER_ASSIGNMENT (  '', '', ( #5704 ) ) ;
#7239 = DIRECTION ( 'NONE',  ( -0.000000000000000000, -0.000000000000000000, -1.000000000000000000 ) ) ;
#7240 = ORIENTED_EDGE ( 'NONE', *, *, #7804, .T. ) ;
#7241 = ORIENTED_EDGE ( 'NONE', *, *, #5190, .T. ) ;
#7242 = ORIENTED_EDGE ( 'NONE', *, *, #4115, .T. ) ;
#7243 =( NAMED_UNIT ( * ) SI_UNIT ( $, .STERADIAN. ) SOLID_ANGLE_UNIT ( ) );
#7244 = DIRECTION ( 'NONE',  ( 0.000000000000000000, 0.000000000000000000, 1.000000000000000000 ) ) ;
#7245 = AXIS2_PLACEMENT_3D ( 'NONE', #958, #4174, #5483 ) ;
#7246 = DIRECTION ( 'NONE',  ( 5.795304382052420359E-16, -1.000000000000000000, 0.000000000000000000 ) ) ;
#7247 = DIRECTION ( 'NONE',  ( -1.000000000000000000, 0.000000000000000000, 2.409338161078899180E-16 ) ) ;
#7248 = DIRECTION ( 'NONE',  ( -0.000000000000000000, -0.000000000000000000, -1.000000000000000000 ) ) ;
#7249 = VERTEX_POINT ( 'NONE', #4100 ) ;
#7250 = DIRECTION ( 'NONE',  ( -0.000000000000000000, -0.000000000000000000, -1.000000000000000000 ) ) ;
#7251 = CARTESIAN_POINT ( 'NONE',  ( -2.000000000000000000, 0.2250000000000000056, -2.799999999999999822 ) ) ;
#7252 = CARTESIAN_POINT ( 'NONE',  ( 0.1750000000000000167, 0.2250000000000030032, -2.799999999999999822 ) ) ;
#7253 = DIRECTION ( 'NONE',  ( 0.000000000000000000, 0.000000000000000000, 1.000000000000000000 ) ) ;
#7254 = CARTESIAN_POINT ( 'NONE',  ( -2.000000000000000000, 0.3499999999999999778, -2.000000000000000000 ) ) ;
#7255 = DIRECTION ( 'NONE',  ( -1.000000000000000000, 0.000000000000000000, 0.000000000000000000 ) ) ;
#7256 = ORIENTED_EDGE ( 'NONE', *, *, #6087, .T. ) ;
#7257 = AXIS2_PLACEMENT_3D ( 'NONE', #2308, #2978, #3580 ) ;
#7258 =( GEOMETRIC_REPRESENTATION_CONTEXT ( 3 ) GLOBAL_UNCERTAINTY_ASSIGNED_CONTEXT ( ( #4641 ) ) GLOBAL_UNIT_ASSIGNED_CONTEXT ( ( #3279, #2722, #6824 ) ) REPRESENTATION_CONTEXT ( 'NONE', 'WORKASPACE' ) );
#7259 = DIRECTION ( 'NONE',  ( -0.000000000000000000, -0.000000000000000000, -1.000000000000000000 ) ) ;
#7260 = DIRECTION ( 'NONE',  ( -1.224646799147353207E-16, -0.000000000000000000, -1.000000000000000000 ) ) ;
#7261 = DIRECTION ( 'NONE',  ( 1.000000000000000000, 5.795304382052429234E-16, 0.000000000000000000 ) ) ;
#7262 = CIRCLE ( 'NONE', #4745, 0.3500000000000000333 ) ;
#7263 = MECHANICAL_DESIGN_GEOMETRIC_PRESENTATION_REPRESENTATION (  '', ( #177 ), #3101 ) ;
#7264 = EDGE_CURVE ( 'NONE', #8332, #6120, #2325, .T. ) ;
#7265 = ADVANCED_FACE ( 'NONE', ( #3366 ), #6145, .T. ) ;
#7266 = LINE ( 'NONE', #3302, #5260 ) ;
#7267 = ORIENTED_EDGE ( 'NONE', *, *, #8360, .T. ) ;
#7268 = CIRCLE ( 'NONE', #4894, 0.2249999999999999500 ) ;
#7269 = AXIS2_PLACEMENT_3D ( 'NONE', #4068, #4111, #5366 ) ;
#7270 = ORIENTED_EDGE ( 'NONE', *, *, #3190, .F. ) ;
#7271 = SURFACE_STYLE_USAGE ( .BOTH. , #1869 ) ;
#7272 = CARTESIAN_POINT ( 'NONE',  ( 2.000000000000000000, 0.2250000000000040024, -1.199999999999999956 ) ) ;
#7273 = EDGE_CURVE ( 'NONE', #4901, #4501, #4409, .T. ) ;
#7274 = UNCERTAINTY_MEASURE_WITH_UNIT (LENGTH_MEASURE( 1.000000000000000082E-05 ), #5701, 'distance_accuracy_value', 'NONE');
#7275 = DIRECTION ( 'NONE',  ( -1.000000000000000000, 0.000000000000000000, 0.000000000000000000 ) ) ;
#7276 = ADVANCED_FACE ( 'NONE', ( #4014 ), #6016, .F. ) ;
#7277 = DIRECTION ( 'NONE',  ( -1.000000000000000000, 0.000000000000000000, 0.000000000000000000 ) ) ;
#7278 = ORIENTED_EDGE ( 'NONE', *, *, #6624, .F. ) ;
#7279 = ORIENTED_EDGE ( 'NONE', *, *, #7378, .F. ) ;
#7280 = EDGE_LOOP ( 'NONE', ( #3495, #6327, #1802 ) ) ;
#7281 = FACE_OUTER_BOUND ( 'NONE', #6488, .T. ) ;
#7282 = CARTESIAN_POINT ( 'NONE',  ( 1.199999999999999956, 0.2250000000000035028, -0.4000000000000000222 ) ) ;
#7283 = DIRECTION ( 'NONE',  ( 1.000000000000000000, 0.000000000000000000, 0.000000000000000000 ) ) ;
#7284 = CLOSED_SHELL ( 'NONE', ( #737, #1105, #2824, #3964, #7696 ) ) ;
#7285 = DIRECTION ( 'NONE',  ( 0.000000000000000000, 1.000000000000000000, 0.000000000000000000 ) ) ;
#7286 = ORIENTED_EDGE ( 'NONE', *, *, #6567, .T. ) ;
#7287 = ORIENTED_EDGE ( 'NONE', *, *, #6663, .T. ) ;
#7288 = CARTESIAN_POINT ( 'NONE',  ( -2.000000000000000000, 0.3499999999999999778, 2.799999999999999822 ) ) ;
#7289 = CARTESIAN_POINT ( 'NONE',  ( 2.799999999999999822, 0.3499999999999999778, -3.600000000000000089 ) ) ;
#7290 = DIRECTION ( 'NONE',  ( 1.000000000000000000, 0.000000000000000000, 0.000000000000000000 ) ) ;
#7291 = AXIS2_PLACEMENT_3D ( 'NONE', #8176, #5523, #2844 ) ;
#7292 = CARTESIAN_POINT ( 'NONE',  ( -2.000000000000000000, 0.000000000000000000, -2.000000000000000000 ) ) ;
#7293 = SURFACE_STYLE_FILL_AREA ( #3249 ) ;
#7294 = SURFACE_SIDE_STYLE ('',( #2066 ) ) ;
#7295 = CARTESIAN_POINT ( 'NONE',  ( -1.812917130661301002, 0.3500000000000000888, 1.199999999999999956 ) ) ;
#7296 = EDGE_LOOP ( 'NONE', ( #6735, #2304, #8219, #5178 ) ) ;
#7297 = PRESENTATION_STYLE_ASSIGNMENT (( #4034 ) ) ;
#7298 = CARTESIAN_POINT ( 'NONE',  ( -1.199999999999999956, 0.2250000000000000056, 2.799999999999999822 ) ) ;
#7299 = DIRECTION ( 'NONE',  ( -1.224646799147353207E-16, -0.000000000000000000, -1.000000000000000000 ) ) ;
#7300 = DIRECTION ( 'NONE',  ( -0.000000000000000000, -0.000000000000000000, -1.000000000000000000 ) ) ;
#7301 = AXIS2_PLACEMENT_3D ( 'NONE', #7163, #7333, #3371 ) ;
#7302 = CARTESIAN_POINT ( 'NONE',  ( 0.8000000000000000444, 0.3499999999999999778, 8.000000000000000000 ) ) ;
#7303 = EDGE_LOOP ( 'NONE', ( #363, #4048, #7849 ) ) ;
#7304 = AXIS2_PLACEMENT_3D ( 'NONE', #6162, #7393, #1423 ) ;
#7305 = FACE_OUTER_BOUND ( 'NONE', #875, .T. ) ;
#7306 = VERTEX_POINT ( 'NONE', #2691 ) ;
#7307 = DIRECTION ( 'NONE',  ( 0.000000000000000000, 1.000000000000000000, 0.000000000000000000 ) ) ;
#7308 = EDGE_CURVE ( 'NONE', #5750, #7556, #4542, .T. ) ;
#7309 = DIRECTION ( 'NONE',  ( 0.000000000000000000, 1.000000000000000000, 0.000000000000000000 ) ) ;
#7310 = STYLED_ITEM ( 'NONE', ( #8103 ), #2599 ) ;
#7311 = VECTOR ( 'NONE', #7464, 1000.000000000000000 ) ;
#7312 = DIRECTION ( 'NONE',  ( -1.000000000000000000, 0.000000000000000000, 0.000000000000000000 ) ) ;
#7313 = EDGE_CURVE ( 'NONE', #4041, #4179, #7201, .T. ) ;
#7314 = SPHERICAL_SURFACE ( 'NONE', #7361, 0.2250000000000000056 ) ;
#7315 = ORIENTED_EDGE ( 'NONE', *, *, #241, .T. ) ;
#7316 = EDGE_CURVE ( 'NONE', #7966, #491, #801, .T. ) ;
#7317 = ORIENTED_EDGE ( 'NONE', *, *, #3809, .F. ) ;
#7318 = ORIENTED_EDGE ( 'NONE', *, *, #1797, .T. ) ;
#7319 = PRESENTATION_LAYER_ASSIGNMENT (  '', '', ( #7180 ) ) ;
#7320 = COLOUR_RGB ( '',0.7921568627450980005, 0.8196078431372548767, 0.9333333333333333481 ) ;
#7321 = DIRECTION ( 'NONE',  ( -1.000000000000000000, 0.000000000000000000, 0.000000000000000000 ) ) ;
#7322 = EDGE_CURVE ( 'NONE', #2401, #5861, #1775, .T. ) ;
#7323 = FACE_OUTER_BOUND ( 'NONE', #833, .T. ) ;
#7324 = SPHERICAL_SURFACE ( 'NONE', #1412, 0.2250000000000000056 ) ;
#7325 = EDGE_CURVE ( 'NONE', #4945, #916, #7759, .T. ) ;
#7326 = AXIS2_PLACEMENT_3D ( 'NONE', #4297, #3649, #6297 ) ;
#7327 = CARTESIAN_POINT ( 'NONE',  ( 2.575000000000000178, 0.2250000000000045020, -4.400000000000000355 ) ) ;
#7328 = AXIS2_PLACEMENT_3D ( 'NONE', #86, #1340, #6650 ) ;
#7329 = CARTESIAN_POINT ( 'NONE',  ( 3.600000000000000089, 0.3499999999999999778, 4.400000000000000355 ) ) ;
#7330 = VERTEX_POINT ( 'NONE', #4621 ) ;
#7331 = ORIENTED_EDGE ( 'NONE', *, *, #1411, .F. ) ;
#7332 = EDGE_LOOP ( 'NONE', ( #4681, #6060, #396, #4523 ) ) ;
#7333 = DIRECTION ( 'NONE',  ( 6.918242433955120338E-16, -1.000000000000000000, 0.000000000000000000 ) ) ;
#7334 = CIRCLE ( 'NONE', #8470, 0.2250000000000000056 ) ;
#7335 = DIRECTION ( 'NONE',  ( 0.000000000000000000, 0.000000000000000000, 1.000000000000000000 ) ) ;
#7336 = CARTESIAN_POINT ( 'NONE',  ( 0.4000000000000000222, 0.2250000000000030032, 2.000000000000000000 ) ) ;
#7337 = SURFACE_STYLE_USAGE ( .BOTH. , #6118 ) ;
#7338 = AXIS2_PLACEMENT_3D ( 'NONE', #707, #104, #5974 ) ;
#7339 = CARTESIAN_POINT ( 'NONE',  ( 0.4000000000000000222, 0.2250000000000030032, -2.000000000000000000 ) ) ;
#7340 = AXIS2_PLACEMENT_3D ( 'NONE', #8444, #2458, #504 ) ;
#7341 = ORIENTED_EDGE ( 'NONE', *, *, #7313, .T. ) ;
#7342 = SURFACE_STYLE_FILL_AREA ( #5319 ) ;
#7343 = FACE_OUTER_BOUND ( 'NONE', #5043, .T. ) ;
#7344 = AXIS2_PLACEMENT_3D ( 'NONE', #6187, #890, #8351 ) ;
#7345 = CARTESIAN_POINT ( 'NONE',  ( 4.799999999999999822, 0.3499999999999999778, 5.599999999999999645 ) ) ;
#7346 = AXIS2_PLACEMENT_3D ( 'NONE', #2339, #2964, #5746 ) ;
#7347 = SURFACE_SIDE_STYLE ('',( #5376 ) ) ;
#7348 = COLOUR_RGB ( '',0.7921568627450980005, 0.8196078431372548767, 0.9333333333333333481 ) ;
#7349 = CARTESIAN_POINT ( 'NONE',  ( 0.6250000000000000000, 0.2250000000000030032, -1.199999999999999956 ) ) ;
#7350 = AXIS2_PLACEMENT_3D ( 'NONE', #6925, #3542, #2185 ) ;
#7351 = EDGE_LOOP ( 'NONE', ( #1868, #3027 ) ) ;
#7352 = DIRECTION ( 'NONE',  ( 1.000000000000000000, 5.795304382052429234E-16, 0.000000000000000000 ) ) ;
#7353 = ORIENTED_EDGE ( 'NONE', *, *, #6087, .F. ) ;
#7354 = FILL_AREA_STYLE_COLOUR ( '', #6059 ) ;
#7355 = CARTESIAN_POINT ( 'NONE',  ( 2.000000000000000000, 0.3499999999999999778, -2.799999999999999822 ) ) ;
#7356 = CARTESIAN_POINT ( 'NONE',  ( 2.799999999999999822, 0.2250000000000045020, -3.600000000000000089 ) ) ;
#7357 = UNCERTAINTY_MEASURE_WITH_UNIT (LENGTH_MEASURE( 1.000000000000000082E-05 ), #2088, 'distance_accuracy_value', 'NONE');
#7358 = FILL_AREA_STYLE ('',( #3487 ) ) ;
#7359 = COLOUR_RGB ( '',0.7921568627450980005, 0.8196078431372548767, 0.9333333333333333481 ) ;
#7360 = CARTESIAN_POINT ( 'NONE',  ( 1.775000000000000133, 0.2250000000000040024, 1.199999999999999956 ) ) ;
#7361 = AXIS2_PLACEMENT_3D ( 'NONE', #7363, #1959, #5255 ) ;
#7362 = CARTESIAN_POINT ( 'NONE',  ( -1.424999999999999822, 0.2250000000000000056, 2.000000000000000000 ) ) ;
#7363 = CARTESIAN_POINT ( 'NONE',  ( 0.4000000000000000222, 0.2250000000000030032, 2.799999999999999822 ) ) ;
#7364 = VERTEX_POINT ( 'NONE', #112 ) ;
#7365 = ORIENTED_EDGE ( 'NONE', *, *, #2279, .F. ) ;
#7366 = ORIENTED_EDGE ( 'NONE', *, *, #671, .T. ) ;
#7367 =( GEOMETRIC_REPRESENTATION_CONTEXT ( 3 ) GLOBAL_UNCERTAINTY_ASSIGNED_CONTEXT ( ( #6837 ) ) GLOBAL_UNIT_ASSIGNED_CONTEXT ( ( #5735, #5983, #3375 ) ) REPRESENTATION_CONTEXT ( 'NONE', 'WORKASPACE' ) );
#7368 = AXIS2_PLACEMENT_3D ( 'NONE', #469, #5774, #8448 ) ;
#7369 = FILL_AREA_STYLE_COLOUR ( '', #7993 ) ;
#7370 = DIRECTION ( 'NONE',  ( 1.000000000000000000, 0.000000000000000000, 0.000000000000000000 ) ) ;
#7371 = CARTESIAN_POINT ( 'NONE',  ( 3.200000000000000178, 0.3499999999999999778, 6.400000000000000355 ) ) ;
#7372 = CIRCLE ( 'NONE', #1816, 0.1870828693386994146 ) ;
#7373 = CARTESIAN_POINT ( 'NONE',  ( -0.4000000000000000222, 0.2250000000000024758, 1.199999999999999956 ) ) ;
#7374 = CARTESIAN_POINT ( 'NONE',  ( -2.000000000000000000, 0.000000000000000000, 2.000000000000000000 ) ) ;
#7375 = EDGE_CURVE ( 'NONE', #5440, #5987, #5107, .T. ) ;
#7376 = ORIENTED_EDGE ( 'NONE', *, *, #5334, .T. ) ;
#7377 = EDGE_CURVE ( 'NONE', #2916, #6344, #1353, .T. ) ;
#7378 = EDGE_CURVE ( 'NONE', #4047, #5214, #4684, .T. ) ;
#7379 = VERTEX_POINT ( 'NONE', #4667 ) ;
#7380 = ORIENTED_EDGE ( 'NONE', *, *, #3281, .T. ) ;
#7381 = DIRECTION ( 'NONE',  ( 5.795304382052420359E-16, -1.000000000000000000, 0.000000000000000000 ) ) ;
#7382 = FACE_OUTER_BOUND ( 'NONE', #6701, .T. ) ;
#7383 = DIRECTION ( 'NONE',  ( -1.000000000000000000, 0.000000000000000000, 2.409338161078899180E-16 ) ) ;
#7384 = DIRECTION ( 'NONE',  ( 0.000000000000000000, 1.000000000000000000, 0.000000000000000000 ) ) ;
#7385 = FILL_AREA_STYLE ('',( #8571 ) ) ;
#7386 = DIRECTION ( 'NONE',  ( -0.000000000000000000, -0.000000000000000000, -1.000000000000000000 ) ) ;
#7387 = ADVANCED_FACE ( 'NONE', ( #8075 ), #4107, .T. ) ;
#7388 = DIRECTION ( 'NONE',  ( 6.918242433955120338E-16, -1.000000000000000000, 0.000000000000000000 ) ) ;
#7389 = ORIENTED_EDGE ( 'NONE', *, *, #1941, .T. ) ;
#7390 = EDGE_CURVE ( 'NONE', #2251, #3938, #5671, .T. ) ;
#7391 = DIRECTION ( 'NONE',  ( 0.000000000000000000, 0.000000000000000000, -1.000000000000000000 ) ) ;
#7392 = CARTESIAN_POINT ( 'NONE',  ( 2.000000000000000000, 4.011548038196366406E-15, -0.4000000000000000222 ) ) ;
#7393 = DIRECTION ( 'NONE',  ( -0.000000000000000000, -0.000000000000000000, -1.000000000000000000 ) ) ;
#7394 = DIRECTION ( 'NONE',  ( 0.000000000000000000, 0.000000000000000000, -1.000000000000000000 ) ) ;
#7395 = AXIS2_PLACEMENT_3D ( 'NONE', #4481, #5136, #1138 ) ;
#7396 = AXIS2_PLACEMENT_3D ( 'NONE', #3052, #8276, #3092 ) ;
#7397 = EDGE_LOOP ( 'NONE', ( #4148, #4190 ) ) ;
#7398 = CARTESIAN_POINT ( 'NONE',  ( -2.000000000000000000, 0.3499999999999999778, -2.799999999999999822 ) ) ;
#7399 = ORIENTED_EDGE ( 'NONE', *, *, #4644, .T. ) ;
#7400 = CIRCLE ( 'NONE', #8533, 0.2250000000000000056 ) ;
#7401 = PRESENTATION_LAYER_ASSIGNMENT (  '', '', ( #8095 ) ) ;
#7402 = DIRECTION ( 'NONE',  ( 6.918242433955120338E-16, -1.000000000000000000, 0.000000000000000000 ) ) ;
#7403 = SURFACE_STYLE_FILL_AREA ( #7358 ) ;
#7404 = DIRECTION ( 'NONE',  ( -1.000000000000000000, 0.000000000000000000, 0.000000000000000000 ) ) ;
#7405 = CARTESIAN_POINT ( 'NONE',  ( 0.4000000000000000222, 0.2250000000000030032, 2.000000000000000000 ) ) ;
#7406 = ORIENTED_EDGE ( 'NONE', *, *, #7375, .T. ) ;
#7407 = VECTOR ( 'NONE', #2243, 1000.000000000000000 ) ;
#7408 = AXIS2_PLACEMENT_3D ( 'NONE', #3148, #5147, #5891 ) ;
#7409 = DIRECTION ( 'NONE',  ( -1.000000000000000000, 0.000000000000000000, 0.000000000000000000 ) ) ;
#7410 = ORIENTED_EDGE ( 'NONE', *, *, #7804, .F. ) ;
#7411 = EDGE_LOOP ( 'NONE', ( #2434, #8212, #4469, #1439 ) ) ;
#7412 = VERTEX_POINT ( 'NONE', #3410 ) ;
#7413 =( LENGTH_UNIT ( ) NAMED_UNIT ( * ) SI_UNIT ( .MILLI., .METRE. ) );
#7414 = FACE_OUTER_BOUND ( 'NONE', #6489, .T. ) ;
#7415 = CIRCLE ( 'NONE', #2843, 0.2249999999999999500 ) ;
#7416 = FACE_OUTER_BOUND ( 'NONE', #2862, .T. ) ;
#7417 = CARTESIAN_POINT ( 'NONE',  ( -0.9749999999999999778, 0.2250000000000000056, 2.799999999999999822 ) ) ;
#7418 = DIRECTION ( 'NONE',  ( -1.000000000000000000, 0.000000000000000000, 0.000000000000000000 ) ) ;
#7419 = EDGE_LOOP ( 'NONE', ( #2445, #1303, #6081 ) ) ;
#7420 = ORIENTED_EDGE ( 'NONE', *, *, #2163, .F. ) ;
#7421 = VERTEX_POINT ( 'NONE', #5462 ) ;
#7422 = DIRECTION ( 'NONE',  ( 1.000000000000000000, 0.000000000000000000, 0.000000000000000000 ) ) ;
#7423 = CARTESIAN_POINT ( 'NONE',  ( -1.199999999999999956, 0.2250000000000000056, -0.4000000000000000222 ) ) ;
#7424 = DIRECTION ( 'NONE',  ( 1.000000000000000000, 0.000000000000000000, 0.000000000000000000 ) ) ;
#7425 = FILL_AREA_STYLE ('',( #1055 ) ) ;
#7426 = EDGE_CURVE ( 'NONE', #1079, #6521, #948, .T. ) ;
#7427 = CIRCLE ( 'NONE', #6302, 0.2249999999999999500 ) ;
#7428 =( NAMED_UNIT ( * ) PLANE_ANGLE_UNIT ( ) SI_UNIT ( $, .RADIAN. ) );
#7429 = DIRECTION ( 'NONE',  ( 1.000000000000000000, 5.795304382052431206E-16, 0.000000000000000000 ) ) ;
#7430 = ORIENTED_EDGE ( 'NONE', *, *, #8517, .F. ) ;
#7431 = EDGE_CURVE ( 'NONE', #8452, #3671, #2052, .T. ) ;
#7432 = CIRCLE ( 'NONE', #5057, 0.2250000000000000056 ) ;
#7433 = SPHERICAL_SURFACE ( 'NONE', #1739, 0.2250000000000000056 ) ;
#7434 = EDGE_CURVE ( 'NONE', #7379, #1079, #6773, .T. ) ;
#7435 = DIRECTION ( 'NONE',  ( -0.000000000000000000, -0.000000000000000000, -1.000000000000000000 ) ) ;
#7436 = DIRECTION ( 'NONE',  ( -1.000000000000000000, 0.000000000000000000, 0.000000000000000000 ) ) ;
#7437 = EDGE_CURVE ( 'NONE', #2821, #6344, #6915, .T. ) ;
#7438 = CIRCLE ( 'NONE', #7567, 0.2249999999999999500 ) ;
#7439 = ADVANCED_FACE ( 'NONE', ( #1319 ), #5980, .T. ) ;
#7440 = EDGE_LOOP ( 'NONE', ( #2576, #6009, #1164, #6597 ) ) ;
#7441 = CARTESIAN_POINT ( 'NONE',  ( 0.5870828693386989094, 0.3500000000000000888, -2.799999999999999822 ) ) ;
#7442 = ORIENTED_EDGE ( 'NONE', *, *, #5280, .F. ) ;
#7443 = AXIS2_PLACEMENT_3D ( 'NONE', #2508, #1931, #4579 ) ;
#7444 = DIRECTION ( 'NONE',  ( 0.000000000000000000, 1.000000000000000000, 0.000000000000000000 ) ) ;
#7445 = DIRECTION ( 'NONE',  ( 6.918242433955120338E-16, -1.000000000000000000, 0.000000000000000000 ) ) ;
#7446 =( NAMED_UNIT ( * ) SI_UNIT ( $, .STERADIAN. ) SOLID_ANGLE_UNIT ( ) );
#7447 = AXIS2_PLACEMENT_3D ( 'NONE', #3384, #3424, #2796 ) ;
#7448 = CARTESIAN_POINT ( 'NONE',  ( -0.4000000000000000222, 0.3499999999999999778, 2.000000000000000000 ) ) ;
#7449 = EDGE_LOOP ( 'NONE', ( #3971, #4127, #1184, #6092 ) ) ;
#7450 = ORIENTED_EDGE ( 'NONE', *, *, #8291, .F. ) ;
#7451 = ORIENTED_EDGE ( 'NONE', *, *, #2769, .T. ) ;
#7452 = DIRECTION ( 'NONE',  ( 1.000000000000000000, 0.000000000000000000, 0.000000000000000000 ) ) ;
#7453 = AXIS2_PLACEMENT_3D ( 'NONE', #1270, #7246, #5927 ) ;
#7454 = UNCERTAINTY_MEASURE_WITH_UNIT (LENGTH_MEASURE( 1.000000000000000082E-05 ), #1769, 'distance_accuracy_value', 'NONE');
#7455 = DIRECTION ( 'NONE',  ( -0.000000000000000000, -0.000000000000000000, -1.000000000000000000 ) ) ;
#7456 = DIRECTION ( 'NONE',  ( -1.000000000000000000, 0.000000000000000000, 0.000000000000000000 ) ) ;
#7457 = CARTESIAN_POINT ( 'NONE',  ( -1.199999999999999956, 0.2250000000000000056, 2.799999999999999822 ) ) ;
#7458 = ORIENTED_EDGE ( 'NONE', *, *, #1254, .F. ) ;
#7459 = CIRCLE ( 'NONE', #4806, 0.2249999999999999500 ) ;
#7460 = ORIENTED_EDGE ( 'NONE', *, *, #7944, .F. ) ;
#7461 = EDGE_LOOP ( 'NONE', ( #2814, #6793, #7406, #95 ) ) ;
#7462 = DIRECTION ( 'NONE',  ( 5.795304382052420359E-16, -1.000000000000000000, 0.000000000000000000 ) ) ;
#7463 = DIRECTION ( 'NONE',  ( 0.000000000000000000, 0.000000000000000000, 1.000000000000000000 ) ) ;
#7464 = DIRECTION ( 'NONE',  ( -0.000000000000000000, 0.000000000000000000, 1.000000000000000000 ) ) ;
#7465 = AXIS2_PLACEMENT_3D ( 'NONE', #4478, #7883, #7757 ) ;
#7466 = DIRECTION ( 'NONE',  ( 5.795304382052420359E-16, -1.000000000000000000, 0.000000000000000000 ) ) ;
#7467 = FACE_OUTER_BOUND ( 'NONE', #492, .T. ) ;
#7468 = ORIENTED_EDGE ( 'NONE', *, *, #8465, .F. ) ;
#7469 = AXIS2_PLACEMENT_3D ( 'NONE', #4532, #1274, #1885 ) ;
#7470 = CIRCLE ( 'NONE', #7194, 0.2249999999999999500 ) ;
#7471 = ADVANCED_FACE ( 'NONE', ( #6627 ), #713, .T. ) ;
#7472 = CARTESIAN_POINT ( 'NONE',  ( -0.4000000000000000222, 0.2250000000000024758, -2.000000000000000000 ) ) ;
#7473 = CARTESIAN_POINT ( 'NONE',  ( 0.4000000000000000222, 0.2250000000000030032, 0.4000000000000000222 ) ) ;
#7474 = DIRECTION ( 'NONE',  ( -0.000000000000000000, -0.000000000000000000, -1.000000000000000000 ) ) ;
#7475 = CIRCLE ( 'NONE', #6077, 0.2249999999999999500 ) ;
#7476 = AXIS2_PLACEMENT_3D ( 'NONE', #4457, #7125, #7209 ) ;
#7477 = PLANE ( 'NONE',  #2835 ) ;
#7478 = ADVANCED_FACE ( 'NONE', ( #6670 ), #3549, .F. ) ;
#7479 = ORIENTED_EDGE ( 'NONE', *, *, #3646, .F. ) ;
#7480 = ADVANCED_FACE ( 'NONE', ( #932 ), #6233, .T. ) ;
#7481 = ADVANCED_FACE ( 'NONE', ( #2867 ), #4317, .T. ) ;
#7482 = ORIENTED_EDGE ( 'NONE', *, *, #7543, .T. ) ;
#7483 = AXIS2_PLACEMENT_3D ( 'NONE', #3621, #272, #6525 ) ;
#7484 = AXIS2_PLACEMENT_3D ( 'NONE', #2218, #7402, #6820 ) ;
#7485 = DIRECTION ( 'NONE',  ( -1.224646799147353207E-16, -0.000000000000000000, -1.000000000000000000 ) ) ;
#7486 = ADVANCED_FACE ( 'NONE', ( #1720 ), #7021, .F. ) ;
#7487 = CARTESIAN_POINT ( 'NONE',  ( -2.799999999999999822, 0.2250000000000000056, 4.400000000000000355 ) ) ;
#7488 =( NAMED_UNIT ( * ) PLANE_ANGLE_UNIT ( ) SI_UNIT ( $, .RADIAN. ) );
#7489 = CARTESIAN_POINT ( 'NONE',  ( 0.9749999999999999778, 0.2250000000000035028, -2.000000000000000000 ) ) ;
#7490 = PRESENTATION_STYLE_ASSIGNMENT (( #4821 ) ) ;
#7491 = EDGE_CURVE ( 'NONE', #2123, #642, #1498, .T. ) ;
#7492 = PRESENTATION_LAYER_ASSIGNMENT (  '', '', ( #2205 ) ) ;
#7493 = AXIS2_PLACEMENT_3D ( 'NONE', #7627, #8246, #2273 ) ;
#7494 = DIRECTION ( 'NONE',  ( -0.000000000000000000, -0.000000000000000000, -1.000000000000000000 ) ) ;
#7495 = ORIENTED_EDGE ( 'NONE', *, *, #518, .F. ) ;
#7496 = ORIENTED_EDGE ( 'NONE', *, *, #7762, .T. ) ;
#7497 = VERTEX_POINT ( 'NONE', #5683 ) ;
#7498 =( LENGTH_UNIT ( ) NAMED_UNIT ( * ) SI_UNIT ( .MILLI., .METRE. ) );
#7499 = AXIS2_PLACEMENT_3D ( 'NONE', #523, #1045, #7182 ) ;
#7500 = CARTESIAN_POINT ( 'NONE',  ( 2.799999999999999822, 0.3499999999999999778, 3.600000000000000089 ) ) ;
#7501 = SPHERICAL_SURFACE ( 'NONE', #8544, 0.2250000000000000056 ) ;
#7502 = AXIS2_PLACEMENT_3D ( 'NONE', #552, #6502, #1977 ) ;
#7503 = FACE_OUTER_BOUND ( 'NONE', #2346, .T. ) ;
#7504 = CIRCLE ( 'NONE', #7087, 0.1870828693386989428 ) ;
#7505 = ORIENTED_EDGE ( 'NONE', *, *, #2426, .T. ) ;
#7506 = ORIENTED_EDGE ( 'NONE', *, *, #2879, .T. ) ;
#7507 = VERTEX_POINT ( 'NONE', #2280 ) ;
#7508 = CARTESIAN_POINT ( 'NONE',  ( -2.799999999999999822, 0.2250000000000000056, 4.400000000000000355 ) ) ;
#7509 = DIRECTION ( 'NONE',  ( -1.000000000000000000, 0.000000000000000000, 0.000000000000000000 ) ) ;
#7510 = CARTESIAN_POINT ( 'NONE',  ( -0.6250000000000000000, 0.2250000000000024758, -1.199999999999999956 ) ) ;
#7511 = CARTESIAN_POINT ( 'NONE',  ( 0.9749999999999999778, 0.2250000000000035028, 0.4000000000000000222 ) ) ;
#7512 = COLOUR_RGB ( '',0.7921568627450980005, 0.8196078431372548767, 0.9333333333333333481 ) ;
#7513 = FACE_OUTER_BOUND ( 'NONE', #3235, .T. ) ;
#7514 = CARTESIAN_POINT ( 'NONE',  ( 1.812917130661300558, 0.3499999999999998668, 1.199999999999999956 ) ) ;
#7515 = DIRECTION ( 'NONE',  ( -0.000000000000000000, -0.000000000000000000, -1.000000000000000000 ) ) ;
#7516 = ORIENTED_EDGE ( 'NONE', *, *, #8071, .F. ) ;
#7517 = DIRECTION ( 'NONE',  ( -0.000000000000000000, -0.000000000000000000, -1.000000000000000000 ) ) ;
#7518 = DIRECTION ( 'NONE',  ( 5.795304382052420359E-16, -1.000000000000000000, 0.000000000000000000 ) ) ;
#7519 = DIRECTION ( 'NONE',  ( -6.938893903907230350E-16, 1.000000000000000000, 0.000000000000000000 ) ) ;
#7520 = ORIENTED_EDGE ( 'NONE', *, *, #1986, .T. ) ;
#7521 = DIRECTION ( 'NONE',  ( 0.000000000000000000, 1.000000000000000000, 0.000000000000000000 ) ) ;
#7522 = ORIENTED_EDGE ( 'NONE', *, *, #2485, .T. ) ;
#7523 = SURFACE_STYLE_USAGE ( .BOTH. , #2803 ) ;
#7524 = DIRECTION ( 'NONE',  ( 0.000000000000000000, 0.000000000000000000, -1.000000000000000000 ) ) ;
#7525 = SURFACE_STYLE_USAGE ( .BOTH. , #6785 ) ;
#7526 = CARTESIAN_POINT ( 'NONE',  ( -2.000000000000000000, 0.2250000000000000056, 0.4000000000000000222 ) ) ;
#7527 = EDGE_CURVE ( 'NONE', #4315, #7249, #5381, .T. ) ;
#7528 = ADVANCED_FACE ( 'NONE', ( #7674 ), #3029, .F. ) ;
#7529 = DIRECTION ( 'NONE',  ( -0.000000000000000000, -0.000000000000000000, -1.000000000000000000 ) ) ;
#7530 = ORIENTED_EDGE ( 'NONE', *, *, #2816, .T. ) ;
#7531 = CIRCLE ( 'NONE', #7122, 0.2249999999999999500 ) ;
#7532 = CIRCLE ( 'NONE', #8227, 0.2250000000000000056 ) ;
#7533 = ORIENTED_EDGE ( 'NONE', *, *, #7687, .T. ) ;
#7534 = VERTEX_POINT ( 'NONE', #7553 ) ;
#7535 = CARTESIAN_POINT ( 'NONE',  ( 2.000000000000000000, 0.2250000000000040024, 0.4000000000000000222 ) ) ;
#7536 = ADVANCED_FACE ( 'NONE', ( #5595 ), #1631, .T. ) ;
#7537 = DIRECTION ( 'NONE',  ( 0.000000000000000000, 0.000000000000000000, 1.000000000000000000 ) ) ;
#7538 = DIRECTION ( 'NONE',  ( 1.000000000000000000, 0.000000000000000000, 0.000000000000000000 ) ) ;
#7539 = ADVANCED_FACE ( 'NONE', ( #6366 ), #2949, .T. ) ;
#7540 = AXIS2_PLACEMENT_3D ( 'NONE', #1980, #6303, #3008 ) ;
#7541 = CIRCLE ( 'NONE', #5741, 0.2249999999999999500 ) ;
#7542 = DIRECTION ( 'NONE',  ( 1.000000000000000000, 5.795304382052429234E-16, 0.000000000000000000 ) ) ;
#7543 = EDGE_CURVE ( 'NONE', #2863, #1919, #7060, .T. ) ;
#7544 = CARTESIAN_POINT ( 'NONE',  ( 2.000000000000000000, 0.2250000000000040024, -0.4000000000000000222 ) ) ;
#7545 = VERTEX_POINT ( 'NONE', #2317 ) ;
#7546 = ORIENTED_EDGE ( 'NONE', *, *, #4643, .T. ) ;
#7547 = ORIENTED_EDGE ( 'NONE', *, *, #4018, .T. ) ;
#7548 = SPHERICAL_SURFACE ( 'NONE', #8294, 0.2250000000000000056 ) ;
#7549 = CIRCLE ( 'NONE', #7051, 0.1870828693386989983 ) ;
#7550 = FACE_OUTER_BOUND ( 'NONE', #4039, .T. ) ;
#7551 = AXIS2_PLACEMENT_3D ( 'NONE', #1023, #369, #6937 ) ;
#7552 = SPHERICAL_SURFACE ( 'NONE', #533, 0.2250000000000000056 ) ;
#7553 = CARTESIAN_POINT ( 'NONE',  ( -3.412917130661300646, 0.3500000000000000888, 4.400000000000000355 ) ) ;
#7554 = DIRECTION ( 'NONE',  ( -1.000000000000000000, 0.000000000000000000, 0.000000000000000000 ) ) ;
#7555 = DIRECTION ( 'NONE',  ( -1.000000000000000000, 0.000000000000000000, 0.000000000000000000 ) ) ;
#7556 = VERTEX_POINT ( 'NONE', #2361 ) ;
#7557 = CARTESIAN_POINT ( 'NONE',  ( 4.799999999999999822, 0.3499999999999999778, 3.200000000000000178 ) ) ;
#7558 = DIRECTION ( 'NONE',  ( 0.000000000000000000, 0.000000000000000000, 1.000000000000000000 ) ) ;
#7559 = CLOSED_SHELL ( 'NONE', ( #7539, #360, #5573, #3115, #2080 ) ) ;
#7560 = DIRECTION ( 'NONE',  ( 0.000000000000000000, 1.000000000000000000, 0.000000000000000000 ) ) ;
#7561 = VERTEX_POINT ( 'NONE', #367 ) ;
#7562 = AXIS2_PLACEMENT_3D ( 'NONE', #3045, #8457, #3647 ) ;
#7563 = VERTEX_POINT ( 'NONE', #7510 ) ;
#7564 = DIRECTION ( 'NONE',  ( 1.000000000000000000, 5.795304382052429234E-16, 0.000000000000000000 ) ) ;
#7565 = EDGE_LOOP ( 'NONE', ( #321, #106, #7522, #8143 ) ) ;
#7566 = SPHERICAL_SURFACE ( 'NONE', #3455, 0.2250000000000000056 ) ;
#7567 = AXIS2_PLACEMENT_3D ( 'NONE', #5062, #2992, #4983 ) ;
#7568 =( LENGTH_UNIT ( ) NAMED_UNIT ( * ) SI_UNIT ( .MILLI., .METRE. ) );
#7569 = ORIENTED_EDGE ( 'NONE', *, *, #7375, .F. ) ;
#7570 = CIRCLE ( 'NONE', #1603, 0.1870828693386989428 ) ;
#7571 = ORIENTED_EDGE ( 'NONE', *, *, #4645, .T. ) ;
#7572 = EDGE_LOOP ( 'NONE', ( #5718, #3648, #1092 ) ) ;
#7573 = SURFACE_SIDE_STYLE ('',( #6876 ) ) ;
#7574 = EDGE_CURVE ( 'NONE', #6689, #3151, #660, .T. ) ;
#7575 = SPHERICAL_SURFACE ( 'NONE', #669, 0.2250000000000000056 ) ;
#7576 = CARTESIAN_POINT ( 'NONE',  ( -3.600000000000000089, 0.2250000000000000056, -4.400000000000000355 ) ) ;
#7577 = CIRCLE ( 'NONE', #4098, 0.2249999999999999500 ) ;
#7578 = DIRECTION ( 'NONE',  ( 0.000000000000000000, 1.000000000000000000, 0.000000000000000000 ) ) ;
#7579 = EDGE_CURVE ( 'NONE', #5440, #5096, #259, .T. ) ;
#7580 = DIRECTION ( 'NONE',  ( -1.000000000000000000, 0.000000000000000000, 0.000000000000000000 ) ) ;
#7581 = EDGE_LOOP ( 'NONE', ( #5947, #4231, #5585, #8069 ) ) ;
#7582 = ORIENTED_EDGE ( 'NONE', *, *, #7113, .T. ) ;
#7583 = ORIENTED_EDGE ( 'NONE', *, *, #7316, .T. ) ;
#7584 = MECHANICAL_DESIGN_GEOMETRIC_PRESENTATION_REPRESENTATION (  '', ( #2736 ), #7172 ) ;
#7585 = CARTESIAN_POINT ( 'NONE',  ( 1.199999999999999956, 0.2250000000000035028, -1.199999999999999956 ) ) ;
#7586 = CIRCLE ( 'NONE', #78, 0.2249999999999999500 ) ;
#7587 = ADVANCED_FACE ( 'NONE', ( #238 ), #416, .T. ) ;
#7588 = DIRECTION ( 'NONE',  ( -1.000000000000000000, 0.000000000000000000, 0.000000000000000000 ) ) ;
#7589 = DIRECTION ( 'NONE',  ( 0.000000000000000000, 0.000000000000000000, 1.000000000000000000 ) ) ;
#7590 = EDGE_CURVE ( 'NONE', #158, #1315, #8035, .T. ) ;
#7591 = FACE_OUTER_BOUND ( 'NONE', #5086, .T. ) ;
#7592 = FACE_OUTER_BOUND ( 'NONE', #3846, .T. ) ;
#7593 = COLOUR_RGB ( '',0.7921568627450980005, 0.8196078431372548767, 0.9333333333333333481 ) ;
#7594 = AXIS2_PLACEMENT_3D ( 'NONE', #113, #5463, #2733 ) ;
#7595 = DIRECTION ( 'NONE',  ( -1.000000000000000000, 0.000000000000000000, 0.000000000000000000 ) ) ;
#7596 = FACE_OUTER_BOUND ( 'NONE', #7604, .T. ) ;
#7597 = AXIS2_PLACEMENT_3D ( 'NONE', #6996, #3737, #1602 ) ;
#7598 = CARTESIAN_POINT ( 'NONE',  ( 1.199999999999999956, 0.2250000000000035028, -2.000000000000000000 ) ) ;
#7599 = AXIS2_PLACEMENT_3D ( 'NONE', #581, #5806, #1847 ) ;
#7600 = DIRECTION ( 'NONE',  ( 0.000000000000000000, 0.000000000000000000, -1.000000000000000000 ) ) ;
#7601 =( NAMED_UNIT ( * ) SI_UNIT ( $, .STERADIAN. ) SOLID_ANGLE_UNIT ( ) );
#7602 = FACE_OUTER_BOUND ( 'NONE', #903, .T. ) ;
#7603 = AXIS2_PLACEMENT_3D ( 'NONE', #3518, #2118, #2158 ) ;
#7604 = EDGE_LOOP ( 'NONE', ( #3391, #3407, #4005 ) ) ;
#7605 = ORIENTED_EDGE ( 'NONE', *, *, #3109, .T. ) ;
#7606 = CARTESIAN_POINT ( 'NONE',  ( 2.000000000000000000, 0.2250000000000040024, 1.199999999999999956 ) ) ;
#7607 = ORIENTED_EDGE ( 'NONE', *, *, #8005, .F. ) ;
#7608 = DIRECTION ( 'NONE',  ( -1.000000000000000000, 0.000000000000000000, 0.000000000000000000 ) ) ;
#7609 = AXIS2_PLACEMENT_3D ( 'NONE', #5148, #5059, #7160 ) ;
#7610 = DIRECTION ( 'NONE',  ( -0.000000000000000000, -0.000000000000000000, -1.000000000000000000 ) ) ;
#7611 = CIRCLE ( 'NONE', #6356, 0.2250000000000000056 ) ;
#7612 = CARTESIAN_POINT ( 'NONE',  ( 1.199999999999999956, 0.2250000000000035028, -1.199999999999999956 ) ) ;
#7613 = EDGE_CURVE ( 'NONE', #3012, #8452, #2476, .T. ) ;
#7614 = DIRECTION ( 'NONE',  ( -0.000000000000000000, -0.000000000000000000, -1.000000000000000000 ) ) ;
#7615 = AXIS2_PLACEMENT_3D ( 'NONE', #6715, #757, #2732 ) ;
#7616 = FACE_OUTER_BOUND ( 'NONE', #8068, .T. ) ;
#7617 = CIRCLE ( 'NONE', #3592, 0.1870828693386994146 ) ;
#7618 = ORIENTED_EDGE ( 'NONE', *, *, #6614, .T. ) ;
#7619 = ORIENTED_EDGE ( 'NONE', *, *, #7055, .F. ) ;
#7620 = ORIENTED_EDGE ( 'NONE', *, *, #6896, .F. ) ;
#7621 = SURFACE_SIDE_STYLE ('',( #2483 ) ) ;
#7622 = DIRECTION ( 'NONE',  ( -1.000000000000000000, 0.000000000000000000, 0.000000000000000000 ) ) ;
#7623 = DIRECTION ( 'NONE',  ( 5.795304382052420359E-16, -1.000000000000000000, 0.000000000000000000 ) ) ;
#7624 = AXIS2_PLACEMENT_3D ( 'NONE', #2180, #1669, #7622 ) ;
#7625 = VECTOR ( 'NONE', #535, 1000.000000000000000 ) ;
#7626 = DIRECTION ( 'NONE',  ( -1.000000000000000000, 0.000000000000000000, 0.000000000000000000 ) ) ;
#7627 = CARTESIAN_POINT ( 'NONE',  ( 0.4000000000000000222, 0.2250000000000030032, 0.4000000000000000222 ) ) ;
#7628 = VERTEX_POINT ( 'NONE', #5853 ) ;
#7629 = EDGE_LOOP ( 'NONE', ( #2727, #8523, #5010, #7389 ) ) ;
#7630 = ORIENTED_EDGE ( 'NONE', *, *, #2323, .F. ) ;
#7631 = CIRCLE ( 'NONE', #264, 0.2249999999999999500 ) ;
#7632 = CIRCLE ( 'NONE', #4156, 0.1870828693386994979 ) ;
#7633 = SPHERICAL_SURFACE ( 'NONE', #661, 0.2250000000000000056 ) ;
#7634 = DIRECTION ( 'NONE',  ( 0.000000000000000000, 0.000000000000000000, -1.000000000000000000 ) ) ;
#7635 = SPHERICAL_SURFACE ( 'NONE', #1327, 0.2250000000000000056 ) ;
#7636 = CARTESIAN_POINT ( 'NONE',  ( -0.4000000000000000222, 0.2250000000000024758, 0.4000000000000000222 ) ) ;
#7637 = CIRCLE ( 'NONE', #3887, 0.2250000000000000056 ) ;
#7638 = CIRCLE ( 'NONE', #1513, 0.2249999999999999500 ) ;
#7639 = ADVANCED_FACE ( 'NONE', ( #7199 ), #1111, .T. ) ;
#7640 = ADVANCED_FACE ( 'NONE', ( #5056 ), #4572, .T. ) ;
#7641 = DIRECTION ( 'NONE',  ( 0.000000000000000000, 0.000000000000000000, 1.000000000000000000 ) ) ;
#7642 = AXIS2_PLACEMENT_3D ( 'NONE', #5363, #6315, #8160 ) ;
#7643 = AXIS2_PLACEMENT_3D ( 'NONE', #7302, #1906, #1951 ) ;
#7644 = ADVANCED_FACE ( 'NONE', ( #1844 ), #7717, .T. ) ;
#7645 = DIRECTION ( 'NONE',  ( -1.000000000000000000, 0.000000000000000000, 0.000000000000000000 ) ) ;
#7646 = FILL_AREA_STYLE_COLOUR ( '', #2647 ) ;
#7647 = ADVANCED_FACE ( 'NONE', ( #6490 ), #5217, .F. ) ;
#7648 = AXIS2_PLACEMENT_3D ( 'NONE', #1502, #446, #4564 ) ;
#7649 = EDGE_LOOP ( 'NONE', ( #7976, #4944 ) ) ;
#7650 = ORIENTED_EDGE ( 'NONE', *, *, #1151, .T. ) ;
#7651 = DIRECTION ( 'NONE',  ( -1.000000000000000000, 0.000000000000000000, 0.000000000000000000 ) ) ;
#7652 = ORIENTED_EDGE ( 'NONE', *, *, #1517, .T. ) ;
#7653 = DIRECTION ( 'NONE',  ( -1.000000000000000000, 0.000000000000000000, 0.000000000000000000 ) ) ;
#7654 = PRESENTATION_LAYER_ASSIGNMENT (  '', '', ( #2 ) ) ;
#7655 = DIRECTION ( 'NONE',  ( 1.000000000000000000, 0.000000000000000000, 0.000000000000000000 ) ) ;
#7656 = DIRECTION ( 'NONE',  ( 0.000000000000000000, 1.000000000000000000, 0.000000000000000000 ) ) ;
#7657 = FACE_OUTER_BOUND ( 'NONE', #8541, .T. ) ;
#7658 = DIRECTION ( 'NONE',  ( 1.000000000000000000, 0.000000000000000000, 0.000000000000000000 ) ) ;
#7659 = SPHERICAL_SURFACE ( 'NONE', #6524, 0.2250000000000000056 ) ;
#7660 = ORIENTED_EDGE ( 'NONE', *, *, #1209, .T. ) ;
#7661 = EDGE_LOOP ( 'NONE', ( #292, #4092, #1268, #3446 ) ) ;
#7662 = EDGE_LOOP ( 'NONE', ( #6574, #1612, #4775 ) ) ;
#7663 = FACE_OUTER_BOUND ( 'NONE', #3222, .T. ) ;
#7664 = CARTESIAN_POINT ( 'NONE',  ( -1.199999999999999956, 0.2250000000000000056, 2.799999999999999822 ) ) ;
#7665 = CARTESIAN_POINT ( 'NONE',  ( 2.000000000000000000, 0.3499999999999999778, 2.799999999999999822 ) ) ;
#7666 = FACE_OUTER_BOUND ( 'NONE', #4749, .T. ) ;
#7667 = AXIS2_PLACEMENT_3D ( 'NONE', #6527, #2353, #6484 ) ;
#7668 = DIRECTION ( 'NONE',  ( 0.000000000000000000, 0.000000000000000000, -1.000000000000000000 ) ) ;
#7669 = ORIENTED_EDGE ( 'NONE', *, *, #1997, .T. ) ;
#7670 = ORIENTED_EDGE ( 'NONE', *, *, #5568, .T. ) ;
#7671 = VERTEX_POINT ( 'NONE', #2589 ) ;
#7672 =( LENGTH_UNIT ( ) NAMED_UNIT ( * ) SI_UNIT ( .MILLI., .METRE. ) );
#7673 = DIRECTION ( 'NONE',  ( -0.000000000000000000, -0.000000000000000000, -1.000000000000000000 ) ) ;
#7674 = FACE_OUTER_BOUND ( 'NONE', #4557, .T. ) ;
#7675 = AXIS2_PLACEMENT_3D ( 'NONE', #2810, #5580, #2130 ) ;
#7676 = CIRCLE ( 'NONE', #3231, 0.2249999999999999500 ) ;
#7677 = PLANE ( 'NONE',  #89 ) ;
#7678 = DIRECTION ( 'NONE',  ( -0.000000000000000000, -0.000000000000000000, -1.000000000000000000 ) ) ;
#7679 = ORIENTED_EDGE ( 'NONE', *, *, #987, .T. ) ;
#7680 = AXIS2_PLACEMENT_3D ( 'NONE', #329, #3076, #6195 ) ;
#7681 = DIRECTION ( 'NONE',  ( -0.000000000000000000, -0.000000000000000000, -1.000000000000000000 ) ) ;
#7682 = ADVANCED_FACE ( 'NONE', ( #7771 ), #8527, .F. ) ;
#7683 = PLANE ( 'NONE',  #72 ) ;
#7684 = FILL_AREA_STYLE_COLOUR ( '', #7741 ) ;
#7685 = AXIS2_PLACEMENT_3D ( 'NONE', #8341, #8288, #8245 ) ;
#7687 = EDGE_CURVE ( 'NONE', #158, #7563, #4691, .T. ) ;
#7686 =( NAMED_UNIT ( * ) SI_UNIT ( $, .STERADIAN. ) SOLID_ANGLE_UNIT ( ) );
#7688 = ORIENTED_EDGE ( 'NONE', *, *, #7426, .F. ) ;
#7689 = EDGE_CURVE ( 'NONE', #700, #185, #955, .T. ) ;
#7690 = EDGE_LOOP ( 'NONE', ( #5811, #5836, #4649 ) ) ;
#7691 = CLOSED_SHELL ( 'NONE', ( #2593, #354, #5021, #8511, #1884 ) ) ;
#7692 = FACE_OUTER_BOUND ( 'NONE', #2093, .T. ) ;
#7693 = EDGE_CURVE ( 'NONE', #693, #3660, #3999, .T. ) ;
#7694 = DIRECTION ( 'NONE',  ( 5.795304382052420359E-16, -1.000000000000000000, 0.000000000000000000 ) ) ;
#7695 =( LENGTH_UNIT ( ) NAMED_UNIT ( * ) SI_UNIT ( .MILLI., .METRE. ) );
#7696 = ADVANCED_FACE ( 'NONE', ( #5887 ), #456, .T. ) ;
#7697 =( NAMED_UNIT ( * ) SI_UNIT ( $, .STERADIAN. ) SOLID_ANGLE_UNIT ( ) );
#7698 = PLANE ( 'NONE',  #3784 ) ;
#7699 = CLOSED_SHELL ( 'NONE', ( #730, #2473, #7478, #5617, #4373 ) ) ;
#7700 = DIRECTION ( 'NONE',  ( -0.000000000000000000, -0.000000000000000000, -1.000000000000000000 ) ) ;
#7701 = VERTEX_POINT ( 'NONE', #6404 ) ;
#7702 = ORIENTED_EDGE ( 'NONE', *, *, #1642, .T. ) ;
#7703 = ORIENTED_EDGE ( 'NONE', *, *, #613, .T. ) ;
#7704 = DIRECTION ( 'NONE',  ( -0.000000000000000000, -0.000000000000000000, -1.000000000000000000 ) ) ;
#7705 = AXIS2_PLACEMENT_3D ( 'NONE', #6562, #6599, #3390 ) ;
#7706 = CARTESIAN_POINT ( 'NONE',  ( -2.799999999999999822, 0.2250000000000000056, 4.400000000000000355 ) ) ;
#7707 = DIRECTION ( 'NONE',  ( 1.000000000000000000, 0.000000000000000000, 0.000000000000000000 ) ) ;
#7708 = DIRECTION ( 'NONE',  ( -1.000000000000000000, 0.000000000000000000, 0.000000000000000000 ) ) ;
#7709 = SURFACE_STYLE_FILL_AREA ( #488 ) ;
#7710 = DIRECTION ( 'NONE',  ( 0.000000000000000000, 0.000000000000000000, 1.000000000000000000 ) ) ;
#7711 = AXIS2_PLACEMENT_3D ( 'NONE', #6160, #6238, #3557 ) ;
#7712 = DIRECTION ( 'NONE',  ( 1.000000000000000000, 0.000000000000000000, 0.000000000000000000 ) ) ;
#7713 = VERTEX_POINT ( 'NONE', #8436 ) ;
#7714 = ORIENTED_EDGE ( 'NONE', *, *, #6794, .F. ) ;
#7715 = VERTEX_POINT ( 'NONE', #5101 ) ;
#7716 = DIRECTION ( 'NONE',  ( -1.000000000000000000, 0.000000000000000000, 0.000000000000000000 ) ) ;
#7717 = SPHERICAL_SURFACE ( 'NONE', #8483, 0.2250000000000000056 ) ;
#7718 = AXIS2_PLACEMENT_3D ( 'NONE', #2865, #4753, #6759 ) ;
#7719 = DIRECTION ( 'NONE',  ( -1.000000000000000000, 0.000000000000000000, 0.000000000000000000 ) ) ;
#7720 = CARTESIAN_POINT ( 'NONE',  ( 1.600000000000000089, 0.3499999999999999778, 2.399999999999999911 ) ) ;
#7721 = ORIENTED_EDGE ( 'NONE', *, *, #3418, .F. ) ;
#7722 = AXIS2_PLACEMENT_3D ( 'NONE', #123, #815, #2076 ) ;
#7723 = CARTESIAN_POINT ( 'NONE',  ( 1.199999999999999956, 0.2250000000000035028, -2.799999999999999822 ) ) ;
#7724 = CARTESIAN_POINT ( 'NONE',  ( -3.600000000000000089, 0.2250000000000000056, 3.600000000000000089 ) ) ;
#7725 = FACE_OUTER_BOUND ( 'NONE', #5126, .T. ) ;
#7726 = AXIS2_PLACEMENT_3D ( 'NONE', #1730, #8082, #8250 ) ;
#7727 = AXIS2_PLACEMENT_3D ( 'NONE', #6188, #2147, #715 ) ;
#7728 = FILL_AREA_STYLE_COLOUR ( '', #8461 ) ;
#7729 = DIRECTION ( 'NONE',  ( -0.000000000000000000, -0.000000000000000000, -1.000000000000000000 ) ) ;
#7730 = CARTESIAN_POINT ( 'NONE',  ( -1.199999999999999956, 0.2250000000000000056, -2.000000000000000000 ) ) ;
#7731 = ORIENTED_EDGE ( 'NONE', *, *, #5123, .T. ) ;
#7732 = EDGE_CURVE ( 'NONE', #8248, #7105, #4281, .T. ) ;
#7733 = VERTEX_POINT ( 'NONE', #6446 ) ;
#7734 = STYLED_ITEM ( 'NONE', ( #4686 ), #2673 ) ;
#7735 = AXIS2_PLACEMENT_3D ( 'NONE', #8381, #2396, #5047 ) ;
#7736 = DIRECTION ( 'NONE',  ( -1.000000000000000000, 0.000000000000000000, 0.000000000000000000 ) ) ;
#7737 = CARTESIAN_POINT ( 'NONE',  ( -0.4000000000000000222, 2.493664996716660198E-15, 1.199999999999999956 ) ) ;
#7738 = CARTESIAN_POINT ( 'NONE',  ( -0.4000000000000000222, 0.2250000000000024758, -2.799999999999999822 ) ) ;
#7739 = CIRCLE ( 'NONE', #3981, 0.2250000000000000056 ) ;
#7740 = SPHERICAL_SURFACE ( 'NONE', #6685, 0.2250000000000000056 ) ;
#7741 = COLOUR_RGB ( '',0.7921568627450980005, 0.8196078431372548767, 0.9333333333333333481 ) ;
#7742 = EDGE_CURVE ( 'NONE', #6110, #2526, #2780, .T. ) ;
#7743 = DIRECTION ( 'NONE',  ( 0.000000000000000000, 1.000000000000000000, 0.000000000000000000 ) ) ;
#7744 = EDGE_CURVE ( 'NONE', #5031, #2251, #703, .T. ) ;
#7745 = EDGE_CURVE ( 'NONE', #3697, #3192, #1444, .T. ) ;
#7746 = DIRECTION ( 'NONE',  ( -1.000000000000000000, 0.000000000000000000, 2.409338161078898687E-16 ) ) ;
#7747 = ORIENTED_EDGE ( 'NONE', *, *, #203, .T. ) ;
#7748 = ADVANCED_FACE ( 'NONE', ( #7414 ), #8104, .T. ) ;
#7749 = DIRECTION ( 'NONE',  ( 1.000000000000000000, 5.795304382052429234E-16, 0.000000000000000000 ) ) ;
#7750 = ORIENTED_EDGE ( 'NONE', *, *, #3014, .T. ) ;
#7751 = CIRCLE ( 'NONE', #8314, 0.2250000000000000056 ) ;
#7752 = CIRCLE ( 'NONE', #3154, 0.2249999999999999500 ) ;
#7753 = FILL_AREA_STYLE_COLOUR ( '', #7593 ) ;
#7754 = DIRECTION ( 'NONE',  ( 5.795304382052420359E-16, -1.000000000000000000, 0.000000000000000000 ) ) ;
#7755 = CARTESIAN_POINT ( 'NONE',  ( 0.6250000000000000000, 0.2250000000000030032, -2.000000000000000000 ) ) ;
#7756 = EDGE_CURVE ( 'NONE', #512, #3098, #6223, .T. ) ;
#7757 = DIRECTION ( 'NONE',  ( -1.000000000000000000, 0.000000000000000000, 0.000000000000000000 ) ) ;
#7758 = CARTESIAN_POINT ( 'NONE',  ( 2.000000000000000000, 0.2250000000000040024, -0.4000000000000000222 ) ) ;
#7759 = CIRCLE ( 'NONE', #2772, 0.2249999999999999500 ) ;
#7760 = AXIS2_PLACEMENT_3D ( 'NONE', #5150, #1855, #4497 ) ;
#7761 = DIRECTION ( 'NONE',  ( -1.000000000000000000, 0.000000000000000000, 0.000000000000000000 ) ) ;
#7762 = EDGE_CURVE ( 'NONE', #5396, #2276, #3311, .T. ) ;
#7763 = CARTESIAN_POINT ( 'NONE',  ( 1.424999999999999822, 0.2250000000000035028, 1.199999999999999956 ) ) ;
#7764 = EDGE_LOOP ( 'NONE', ( #510, #1314, #7546, #2211 ) ) ;
#7765 = ORIENTED_EDGE ( 'NONE', *, *, #7161, .T. ) ;
#7766 = VERTEX_POINT ( 'NONE', #1401 ) ;
#7767 =( NAMED_UNIT ( * ) PLANE_ANGLE_UNIT ( ) SI_UNIT ( $, .RADIAN. ) );
#7768 = AXIS2_PLACEMENT_3D ( 'NONE', #3197, #2406, #8561 ) ;
#7769 = AXIS2_PLACEMENT_3D ( 'NONE', #3996, #4687, #7958 ) ;
#7770 = SPHERICAL_SURFACE ( 'NONE', #6924, 0.2250000000000000056 ) ;
#7771 = FACE_OUTER_BOUND ( 'NONE', #3161, .T. ) ;
#7772 = DIRECTION ( 'NONE',  ( -0.000000000000000000, -0.000000000000000000, -1.000000000000000000 ) ) ;
#7773 = CARTESIAN_POINT ( 'NONE',  ( -1.199999999999999956, 0.2250000000000000056, 1.199999999999999956 ) ) ;
#7774 = MECHANICAL_DESIGN_GEOMETRIC_PRESENTATION_REPRESENTATION (  '', ( #4554 ), #3596 ) ;
#7775 = CARTESIAN_POINT ( 'NONE',  ( -2.799999999999999822, 0.2250000000000000056, 4.400000000000000355 ) ) ;
#7776 = AXIS2_PLACEMENT_3D ( 'NONE', #3021, #276, #4353 ) ;
#7777 = CARTESIAN_POINT ( 'NONE',  ( -3.787082869338699531, 0.3499999999999998668, 4.400000000000000355 ) ) ;
#7778 = DIRECTION ( 'NONE',  ( -0.000000000000000000, -0.000000000000000000, -1.000000000000000000 ) ) ;
#7779 = DIRECTION ( 'NONE',  ( -0.000000000000000000, -0.000000000000000000, -1.000000000000000000 ) ) ;
#7780 = AXIS2_PLACEMENT_3D ( 'NONE', #3614, #4913, #4178 ) ;
#7781 = FILL_AREA_STYLE_COLOUR ( '', #4707 ) ;
#7782 = DIRECTION ( 'NONE',  ( -1.000000000000000000, 0.000000000000000000, 0.000000000000000000 ) ) ;
#7783 = EDGE_LOOP ( 'NONE', ( #4876, #7583, #4773 ) ) ;
#7784 = AXIS2_PLACEMENT_3D ( 'NONE', #392, #480, #1213 ) ;
#7785 = VERTEX_POINT ( 'NONE', #2049 ) ;
#7786 = DIRECTION ( 'NONE',  ( -0.000000000000000000, -0.000000000000000000, -1.000000000000000000 ) ) ;
#7787 = DIRECTION ( 'NONE',  ( -1.000000000000000000, 0.000000000000000000, 0.000000000000000000 ) ) ;
#7788 = PRESENTATION_STYLE_ASSIGNMENT (( #1038 ) ) ;
#7789 = COLOUR_RGB ( '',0.7921568627450980005, 0.8196078431372548767, 0.9333333333333333481 ) ;
#7790 = SURFACE_STYLE_FILL_AREA ( #2570 ) ;
#7791 = CIRCLE ( 'NONE', #5004, 0.1870828693386989983 ) ;
#7792 = DIRECTION ( 'NONE',  ( 0.000000000000000000, 0.000000000000000000, -1.000000000000000000 ) ) ;
#7793 = CARTESIAN_POINT ( 'NONE',  ( 2.000000000000000000, 0.2250000000000040024, 1.199999999999999956 ) ) ;
#7794 = ORIENTED_EDGE ( 'NONE', *, *, #1842, .T. ) ;
#7795 = ORIENTED_EDGE ( 'NONE', *, *, #1891, .T. ) ;
#7796 = ORIENTED_EDGE ( 'NONE', *, *, #7990, .T. ) ;
#7797 = SURFACE_SIDE_STYLE ('',( #5753 ) ) ;
#7798 = EDGE_CURVE ( 'NONE', #5169, #3573, #5239, .T. ) ;
#7799 = FACE_OUTER_BOUND ( 'NONE', #4483, .T. ) ;
#7800 = EDGE_CURVE ( 'NONE', #1970, #8600, #4833, .T. ) ;
#7801 = UNCERTAINTY_MEASURE_WITH_UNIT (LENGTH_MEASURE( 1.000000000000000082E-05 ), #6514, 'distance_accuracy_value', 'NONE');
#7802 = FILL_AREA_STYLE ('',( #2487 ) ) ;
#7803 = DIRECTION ( 'NONE',  ( 0.000000000000000000, 1.000000000000000000, 0.000000000000000000 ) ) ;
#7804 = EDGE_CURVE ( 'NONE', #2294, #4711, #1087, .T. ) ;
#7805 = DIRECTION ( 'NONE',  ( 0.000000000000000000, 0.000000000000000000, 1.000000000000000000 ) ) ;
#7806 = EDGE_LOOP ( 'NONE', ( #6655, #1003 ) ) ;
#7807 = ADVANCED_FACE ( 'NONE', ( #7281 ), #658, .T. ) ;
#7808 = VERTEX_POINT ( 'NONE', #3319 ) ;
#7809 = EDGE_LOOP ( 'NONE', ( #5410, #362 ) ) ;
#7810 =( NAMED_UNIT ( * ) PLANE_ANGLE_UNIT ( ) SI_UNIT ( $, .RADIAN. ) );
#7811 = FACE_OUTER_BOUND ( 'NONE', #3482, .T. ) ;
#7812 = CARTESIAN_POINT ( 'NONE',  ( 4.000000000000000000, 0.3499999999999999778, 1.600000000000000089 ) ) ;
#7813 = EDGE_CURVE ( 'NONE', #8467, #6296, #6923, .T. ) ;
#7814 = DIRECTION ( 'NONE',  ( 0.000000000000000000, 0.000000000000000000, 1.000000000000000000 ) ) ;
#7815 = ADVANCED_FACE ( 'NONE', ( #6577 ), #8061, .T. ) ;
#7816 = CARTESIAN_POINT ( 'NONE',  ( 2.000000000000000000, 0.3499999999999999778, -1.199999999999999956 ) ) ;
#7817 = DIRECTION ( 'NONE',  ( 0.000000000000000000, 0.000000000000000000, 1.000000000000000000 ) ) ;
#7818 = ADVANCED_FACE ( 'NONE', ( #7968 ), #4266, .T. ) ;
#7819 = AXIS2_PLACEMENT_3D ( 'NONE', #1713, #7710, #6396 ) ;
#7820 = EDGE_CURVE ( 'NONE', #8464, #6521, #3041, .T. ) ;
#7821 = CARTESIAN_POINT ( 'NONE',  ( 3.024999999999999911, 0.2250000000000045020, -4.400000000000000355 ) ) ;
#7822 =( GEOMETRIC_REPRESENTATION_CONTEXT ( 3 ) GLOBAL_UNCERTAINTY_ASSIGNED_CONTEXT ( ( #2128 ) ) GLOBAL_UNIT_ASSIGNED_CONTEXT ( ( #2374, #8312, #7686 ) ) REPRESENTATION_CONTEXT ( 'NONE', 'WORKASPACE' ) );
#7823 = DIRECTION ( 'NONE',  ( -0.000000000000000000, -0.000000000000000000, -1.000000000000000000 ) ) ;
#7824 = SPHERICAL_SURFACE ( 'NONE', #2160, 0.2250000000000000056 ) ;
#7825 = DIRECTION ( 'NONE',  ( 0.000000000000000000, 0.000000000000000000, -1.000000000000000000 ) ) ;
#7826 = CIRCLE ( 'NONE', #30, 0.2250000000000000056 ) ;
#7827 = EDGE_LOOP ( 'NONE', ( #905, #611, #2938 ) ) ;
#7828 = DIRECTION ( 'NONE',  ( -1.000000000000000000, 0.000000000000000000, 0.000000000000000000 ) ) ;
#7829 = CARTESIAN_POINT ( 'NONE',  ( 2.225000000000000089, 0.2250000000000040024, -0.4000000000000000777 ) ) ;
#7830 = AXIS2_PLACEMENT_3D ( 'NONE', #6618, #4615, #1402 ) ;
#7831 = FACE_OUTER_BOUND ( 'NONE', #4569, .T. ) ;
#7832 =( NAMED_UNIT ( * ) SI_UNIT ( $, .STERADIAN. ) SOLID_ANGLE_UNIT ( ) );
#7833 = FILL_AREA_STYLE ('',( #2523 ) ) ;
#7834 = SPHERICAL_SURFACE ( 'NONE', #2934, 0.2250000000000000056 ) ;
#7835 = ORIENTED_EDGE ( 'NONE', *, *, #3274, .T. ) ;
#7836 = DIRECTION ( 'NONE',  ( 5.795304382052420359E-16, -1.000000000000000000, 0.000000000000000000 ) ) ;
#7837 = ORIENTED_EDGE ( 'NONE', *, *, #5982, .T. ) ;
#7838 = FILL_AREA_STYLE_COLOUR ( '', #3569 ) ;
#7839 = SPHERICAL_SURFACE ( 'NONE', #6879, 0.2250000000000000056 ) ;
#7840 =( NAMED_UNIT ( * ) SI_UNIT ( $, .STERADIAN. ) SOLID_ANGLE_UNIT ( ) );
#7841 = CLOSED_SHELL ( 'NONE', ( #6412, #2660, #8220, #2706, #5071 ) ) ;
#7842 = SURFACE_SIDE_STYLE ('',( #7709 ) ) ;
#7843 = SPHERICAL_SURFACE ( 'NONE', #3245, 0.2250000000000000056 ) ;
#7844 = SPHERICAL_SURFACE ( 'NONE', #4289, 0.2250000000000000056 ) ;
#7845 = ORIENTED_EDGE ( 'NONE', *, *, #7063, .F. ) ;
#7846 = EDGE_CURVE ( 'NONE', #131, #2401, #8178, .T. ) ;
#7847 = CIRCLE ( 'NONE', #2572, 0.1870828693386989983 ) ;
#7848 = ORIENTED_EDGE ( 'NONE', *, *, #2202, .T. ) ;
#7849 = ORIENTED_EDGE ( 'NONE', *, *, #3017, .F. ) ;
#7850 = SURFACE_STYLE_FILL_AREA ( #616 ) ;
#7851 = DIRECTION ( 'NONE',  ( 5.795304382052420359E-16, -1.000000000000000000, 0.000000000000000000 ) ) ;
#7852 = DIRECTION ( 'NONE',  ( -1.000000000000000000, 0.000000000000000000, 0.000000000000000000 ) ) ;
#7853 = AXIS2_PLACEMENT_3D ( 'NONE', #3111, #3771, #1765 ) ;
#7854 = EDGE_CURVE ( 'NONE', #8100, #1293, #6363, .T. ) ;
#7855 = CARTESIAN_POINT ( 'NONE',  ( -2.000000000000000000, 0.2250000000000000056, -1.199999999999999956 ) ) ;
#7856 = DIRECTION ( 'NONE',  ( 0.000000000000000000, 0.000000000000000000, -1.000000000000000000 ) ) ;
#7857 = EDGE_CURVE ( 'NONE', #579, #1170, #1782, .T. ) ;
#7858 = EDGE_LOOP ( 'NONE', ( #5637, #1306, #7132 ) ) ;
#7859 = CIRCLE ( 'NONE', #7162, 0.1870828693386989983 ) ;
#7860 = EDGE_CURVE ( 'NONE', #3471, #2596, #7068, .T. ) ;
#7861 = CARTESIAN_POINT ( 'NONE',  ( 3.600000000000000089, 0.3499999999999999778, 3.600000000000000089 ) ) ;
#7862 = DIRECTION ( 'NONE',  ( -1.000000000000000000, 0.000000000000000000, 0.000000000000000000 ) ) ;
#7863 = DIRECTION ( 'NONE',  ( 1.000000000000000000, 5.795304382052429234E-16, 0.000000000000000000 ) ) ;
#7864 = DIRECTION ( 'NONE',  ( -1.224646799147353207E-16, -0.000000000000000000, -1.000000000000000000 ) ) ;
#7865 = DIRECTION ( 'NONE',  ( 0.000000000000000000, 1.000000000000000000, 0.000000000000000000 ) ) ;
#7866 = EDGE_CURVE ( 'NONE', #4512, #7047, #4549, .T. ) ;
#7867 = AXIS2_PLACEMENT_3D ( 'NONE', #290, #2290, #7645 ) ;
#7868 = ORIENTED_EDGE ( 'NONE', *, *, #2163, .T. ) ;
#7869 = DIRECTION ( 'NONE',  ( -1.000000000000000000, 0.000000000000000000, 0.000000000000000000 ) ) ;
#7870 = CARTESIAN_POINT ( 'NONE',  ( -3.600000000000000089, 0.2250000000000000056, -3.600000000000000089 ) ) ;
#7871 = AXIS2_PLACEMENT_3D ( 'NONE', #1456, #4758, #6851 ) ;
#7872 = CARTESIAN_POINT ( 'NONE',  ( -1.199999999999999956, 0.2250000000000000056, 1.199999999999999956 ) ) ;
#7873 =( LENGTH_UNIT ( ) NAMED_UNIT ( * ) SI_UNIT ( .MILLI., .METRE. ) );
#7874 = SURFACE_STYLE_USAGE ( .BOTH. , #8327 ) ;
#7875 = CIRCLE ( 'NONE', #4954, 0.2249999999999999500 ) ;
#7876 = DIRECTION ( 'NONE',  ( 0.000000000000000000, 0.000000000000000000, 1.000000000000000000 ) ) ;
#7877 = ORIENTED_EDGE ( 'NONE', *, *, #2281, .F. ) ;
#7878 = ORIENTED_EDGE ( 'NONE', *, *, #7264, .T. ) ;
#7879 = CARTESIAN_POINT ( 'NONE',  ( 1.775000000000000133, 0.2250000000000040024, 2.799999999999999822 ) ) ;
#7880 = FACE_OUTER_BOUND ( 'NONE', #8247, .T. ) ;
#7881 = ADVANCED_FACE ( 'NONE', ( #919 ), #8240, .T. ) ;
#7882 = UNCERTAINTY_MEASURE_WITH_UNIT (LENGTH_MEASURE( 1.000000000000000082E-05 ), #8590, 'distance_accuracy_value', 'NONE');
#7883 = DIRECTION ( 'NONE',  ( -0.000000000000000000, -0.000000000000000000, -1.000000000000000000 ) ) ;
#7884 = CARTESIAN_POINT ( 'NONE',  ( 0.4000000000000000222, 0.2250000000000030032, -2.799999999999999822 ) ) ;
#7885 = DIRECTION ( 'NONE',  ( -0.000000000000000000, -0.000000000000000000, -1.000000000000000000 ) ) ;
#7886 = CIRCLE ( 'NONE', #520, 0.2250000000000000056 ) ;
#7887 = VERTEX_POINT ( 'NONE', #5628 ) ;
#7888 = ORIENTED_EDGE ( 'NONE', *, *, #3646, .T. ) ;
#7889 = ORIENTED_EDGE ( 'NONE', *, *, #4066, .T. ) ;
#7890 = SURFACE_STYLE_USAGE ( .BOTH. , #1963 ) ;
#7891 = DIRECTION ( 'NONE',  ( -0.000000000000000000, -0.000000000000000000, -1.000000000000000000 ) ) ;
#7892 = DIRECTION ( 'NONE',  ( 1.000000000000000000, 0.000000000000000000, 0.000000000000000000 ) ) ;
#7893 = AXIS2_PLACEMENT_3D ( 'NONE', #4974, #6932, #1546 ) ;
#7894 = AXIS2_PLACEMENT_3D ( 'NONE', #5552, #6976, #2448 ) ;
#7895 = PRESENTATION_STYLE_ASSIGNMENT (( #662 ) ) ;
#7896 = DIRECTION ( 'NONE',  ( 0.000000000000000000, 1.000000000000000000, 0.000000000000000000 ) ) ;
#7897 = SPHERICAL_SURFACE ( 'NONE', #7469, 0.2250000000000000056 ) ;
#7898 = ORIENTED_EDGE ( 'NONE', *, *, #2816, .F. ) ;
#7899 = AXIS2_PLACEMENT_3D ( 'NONE', #837, #314, #5539 ) ;
#7900 = AXIS2_PLACEMENT_3D ( 'NONE', #8323, #4338, #7655 ) ;
#7901 = CARTESIAN_POINT ( 'NONE',  ( -0.4000000000000000222, 0.2250000000000024758, -1.199999999999999956 ) ) ;
#7902 = DIRECTION ( 'NONE',  ( -1.000000000000000000, 0.000000000000000000, 0.000000000000000000 ) ) ;
#7903 = ADVANCED_FACE ( 'NONE', ( #8196 ), #2232, .T. ) ;
#7904 = EDGE_CURVE ( 'NONE', #3192, #4180, #8285, .T. ) ;
#7905 = FACE_OUTER_BOUND ( 'NONE', #5955, .T. ) ;
#7906 = AXIS2_PLACEMENT_3D ( 'NONE', #1657, #4867, #4907 ) ;
#7907 = AXIS2_PLACEMENT_3D ( 'NONE', #3232, #1918, #6358 ) ;
#7908 = DIRECTION ( 'NONE',  ( 0.000000000000000000, 1.000000000000000000, 0.000000000000000000 ) ) ;
#7909 = DIRECTION ( 'NONE',  ( 0.000000000000000000, 0.000000000000000000, 1.000000000000000000 ) ) ;
#7910 = ORIENTED_EDGE ( 'NONE', *, *, #7745, .F. ) ;
#7911 = PLANE ( 'NONE',  #6873 ) ;
#7912 = EDGE_LOOP ( 'NONE', ( #4883, #615, #4873 ) ) ;
#7913 = ADVANCED_FACE ( 'NONE', ( #6921 ), #1009, .T. ) ;
#7914 = AXIS2_PLACEMENT_3D ( 'NONE', #2520, #6428, #3051 ) ;
#7915 = AXIS2_PLACEMENT_3D ( 'NONE', #786, #743, #2631 ) ;
#7916 = CARTESIAN_POINT ( 'NONE',  ( -2.000000000000000000, 0.3499999999999999778, 1.199999999999999956 ) ) ;
#7917 = FILL_AREA_STYLE_COLOUR ( '', #6235 ) ;
#7918 = ADVANCED_FACE ( 'NONE', ( #6138 ), #7575, .T. ) ;
#7919 = AXIS2_PLACEMENT_3D ( 'NONE', #1415, #628, #2019 ) ;
#7920 = EDGE_LOOP ( 'NONE', ( #5635, #4372, #11, #1514 ) ) ;
#7921 = CARTESIAN_POINT ( 'NONE',  ( -1.199999999999999956, 0.2250000000000000056, 0.4000000000000000222 ) ) ;
#7922 = EDGE_LOOP ( 'NONE', ( #1482, #6095, #4651 ) ) ;
#7923 = DIRECTION ( 'NONE',  ( -1.000000000000000000, 0.000000000000000000, 0.000000000000000000 ) ) ;
#7924 = CARTESIAN_POINT ( 'NONE',  ( 1.424999999999999822, 0.2250000000000035028, -0.4000000000000000777 ) ) ;
#7925 = SURFACE_STYLE_FILL_AREA ( #3954 ) ;
#7926 = CARTESIAN_POINT ( 'NONE',  ( 1.012917130661300957, 0.3499999999999998668, 2.799999999999999822 ) ) ;
#7927 = CIRCLE ( 'NONE', #847, 0.2249999999999999500 ) ;
#7928 = ORIENTED_EDGE ( 'NONE', *, *, #1512, .T. ) ;
#7929 = ORIENTED_EDGE ( 'NONE', *, *, #5627, .F. ) ;
#7930 = ORIENTED_EDGE ( 'NONE', *, *, #5084, .F. ) ;
#7931 = DIRECTION ( 'NONE',  ( -1.000000000000000000, 0.000000000000000000, 0.000000000000000000 ) ) ;
#7932 = SPHERICAL_SURFACE ( 'NONE', #2553, 0.2250000000000000056 ) ;
#7933 = DIRECTION ( 'NONE',  ( -0.000000000000000000, -0.000000000000000000, -1.000000000000000000 ) ) ;
#7934 = ORIENTED_EDGE ( 'NONE', *, *, #563, .F. ) ;
#7935 = EDGE_LOOP ( 'NONE', ( #1839, #3844, #7376, #433 ) ) ;
#7936 = DIRECTION ( 'NONE',  ( 0.000000000000000000, 0.000000000000000000, 1.000000000000000000 ) ) ;
#7937 = DIRECTION ( 'NONE',  ( -1.224646799147353207E-16, -0.000000000000000000, -1.000000000000000000 ) ) ;
#7938 = DIRECTION ( 'NONE',  ( 0.000000000000000000, 0.000000000000000000, 1.000000000000000000 ) ) ;
#7939 = DIRECTION ( 'NONE',  ( -1.000000000000000000, 0.000000000000000000, 0.000000000000000000 ) ) ;
#7940 = FACE_OUTER_BOUND ( 'NONE', #4296, .T. ) ;
#7941 = VERTEX_POINT ( 'NONE', #227 ) ;
#7942 = AXIS2_PLACEMENT_3D ( 'NONE', #7884, #1342, #7275 ) ;
#7943 = STYLED_ITEM ( 'NONE', ( #4910 ), #5433 ) ;
#7944 = EDGE_CURVE ( 'NONE', #962, #2779, #6082, .T. ) ;
#7945 = DIRECTION ( 'NONE',  ( -0.000000000000000000, -0.000000000000000000, -1.000000000000000000 ) ) ;
#7946 = SPHERICAL_SURFACE ( 'NONE', #5529, 0.2250000000000000056 ) ;
#7947 = CARTESIAN_POINT ( 'NONE',  ( 2.575000000000000178, 0.2250000000000045020, 3.600000000000000089 ) ) ;
#7948 = ADVANCED_FACE ( 'NONE', ( #1535 ), #6834, .T. ) ;
#7949 = CIRCLE ( 'NONE', #2962, 0.2249999999999999500 ) ;
#7950 = EDGE_CURVE ( 'NONE', #7713, #4138, #5541, .T. ) ;
#7951 = CARTESIAN_POINT ( 'NONE',  ( -2.000000000000000000, 0.2250000000000000056, 2.799999999999999822 ) ) ;
#7952 = ORIENTED_EDGE ( 'NONE', *, *, #7820, .T. ) ;
#7953 = AXIS2_PLACEMENT_3D ( 'NONE', #5017, #4849, #4935 ) ;
#7954 = CARTESIAN_POINT ( 'NONE',  ( -1.012917130661300957, 0.3500000000000000888, -2.799999999999999822 ) ) ;
#7955 = ORIENTED_EDGE ( 'NONE', *, *, #5785, .F. ) ;
#7956 = FILL_AREA_STYLE ('',( #7838 ) ) ;
#7957 = ADVANCED_FACE ( 'NONE', ( #2484 ), #1751, .T. ) ;
#7958 = DIRECTION ( 'NONE',  ( -1.000000000000000000, 0.000000000000000000, 0.000000000000000000 ) ) ;
#7959 = UNCERTAINTY_MEASURE_WITH_UNIT (LENGTH_MEASURE( 1.000000000000000082E-05 ), #6815, 'distance_accuracy_value', 'NONE');
#7960 =( LENGTH_UNIT ( ) NAMED_UNIT ( * ) SI_UNIT ( .MILLI., .METRE. ) );
#7961 = DIRECTION ( 'NONE',  ( -1.224646799147353207E-16, -0.000000000000000000, -1.000000000000000000 ) ) ;
#7962 = PLANE ( 'NONE',  #1139 ) ;
#7963 = CARTESIAN_POINT ( 'NONE',  ( -3.600000000000000089, 0.2250000000000000056, -4.400000000000000355 ) ) ;
#7964 = ORIENTED_EDGE ( 'NONE', *, *, #1206, .T. ) ;
#7965 = VERTEX_POINT ( 'NONE', #8380 ) ;
#7966 = VERTEX_POINT ( 'NONE', #7755 ) ;
#7967 = CLOSED_SHELL ( 'NONE', ( #3496, #1621, #7647, #517, #4286 ) ) ;
#7968 = FACE_OUTER_BOUND ( 'NONE', #1821, .T. ) ;
#7969 = CARTESIAN_POINT ( 'NONE',  ( -3.600000000000000089, 0.2250000000000000056, -3.600000000000000089 ) ) ;
#7970 = DIRECTION ( 'NONE',  ( 0.000000000000000000, 0.000000000000000000, -1.000000000000000000 ) ) ;
#7971 = FACE_OUTER_BOUND ( 'NONE', #3959, .T. ) ;
#7972 = AXIS2_PLACEMENT_3D ( 'NONE', #3946, #2621, #7995 ) ;
#7973 = SPHERICAL_SURFACE ( 'NONE', #8170, 0.2250000000000000056 ) ;
#7974 = ORIENTED_EDGE ( 'NONE', *, *, #5350, .T. ) ;
#7975 = ORIENTED_EDGE ( 'NONE', *, *, #8167, .F. ) ;
#7976 = ORIENTED_EDGE ( 'NONE', *, *, #4115, .F. ) ;
#7977 = CARTESIAN_POINT ( 'NONE',  ( -0.6250000000000000000, 0.2250000000000024758, 1.199999999999999956 ) ) ;
#7978 = AXIS2_PLACEMENT_3D ( 'NONE', #4206, #6252, #297 ) ;
#7979 = DIRECTION ( 'NONE',  ( -1.000000000000000000, 0.000000000000000000, 0.000000000000000000 ) ) ;
#7980 =( NAMED_UNIT ( * ) SI_UNIT ( $, .STERADIAN. ) SOLID_ANGLE_UNIT ( ) );
#7981 = CARTESIAN_POINT ( 'NONE',  ( 7.200000000000000178, 0.3500000000000049738, 8.800000000000000711 ) ) ;
#7982 = CARTESIAN_POINT ( 'NONE',  ( 2.799999999999999822, 0.3499999999999999778, 3.600000000000000089 ) ) ;
#7983 = EDGE_LOOP ( 'NONE', ( #1428, #5001, #2708, #7547 ) ) ;
#7984 = AXIS2_PLACEMENT_3D ( 'NONE', #8213, #855, #2880 ) ;
#7985 = FACE_OUTER_BOUND ( 'NONE', #3684, .T. ) ;
#7986 = DIRECTION ( 'NONE',  ( -1.000000000000000000, 0.000000000000000000, 0.000000000000000000 ) ) ;
#7987 = DIRECTION ( 'NONE',  ( 1.000000000000000000, 0.000000000000000000, 0.000000000000000000 ) ) ;
#7988 = FACE_OUTER_BOUND ( 'NONE', #4356, .T. ) ;
#7989 = CIRCLE ( 'NONE', #906, 0.2249999999999999500 ) ;
#7990 = EDGE_CURVE ( 'NONE', #4966, #6008, #6369, .T. ) ;
#7991 = DIRECTION ( 'NONE',  ( -1.224646799147353207E-16, -0.000000000000000000, -1.000000000000000000 ) ) ;
#7992 = EDGE_LOOP ( 'NONE', ( #2540, #6275 ) ) ;
#7993 = COLOUR_RGB ( '',0.7921568627450980005, 0.8196078431372548767, 0.9333333333333333481 ) ;
#7994 = AXIS2_PLACEMENT_3D ( 'NONE', #5897, #3290, #3248 ) ;
#7995 = DIRECTION ( 'NONE',  ( -1.000000000000000000, 0.000000000000000000, 0.000000000000000000 ) ) ;
#7996 = ORIENTED_EDGE ( 'NONE', *, *, #2038, .F. ) ;
#7997 = SURFACE_STYLE_USAGE ( .BOTH. , #5958 ) ;
#7998 = CARTESIAN_POINT ( 'NONE',  ( 0.1750000000000000167, 0.2250000000000030032, -0.4000000000000000222 ) ) ;
#7999 = FACE_OUTER_BOUND ( 'NONE', #7783, .T. ) ;
#8000 = DIRECTION ( 'NONE',  ( 5.795304382052420359E-16, -1.000000000000000000, 0.000000000000000000 ) ) ;
#8001 = SURFACE_STYLE_FILL_AREA ( #2758 ) ;
#8002 = ADVANCED_FACE ( 'NONE', ( #3226 ), #3702, .T. ) ;
#8003 = AXIS2_PLACEMENT_3D ( 'NONE', #4844, #2870, #6762 ) ;
#8004 = EDGE_CURVE ( 'NONE', #1531, #6110, #4007, .T. ) ;
#8005 = EDGE_CURVE ( 'NONE', #4966, #6383, #7631, .T. ) ;
#8006 = CARTESIAN_POINT ( 'NONE',  ( 3.600000000000000089, 0.2250000000000049738, -4.400000000000000355 ) ) ;
#8007 = EDGE_LOOP ( 'NONE', ( #3213, #3584, #6582, #5495 ) ) ;
#8008 = ORIENTED_EDGE ( 'NONE', *, *, #1357, .F. ) ;
#8009 = ORIENTED_EDGE ( 'NONE', *, *, #8066, .F. ) ;
#8010 = CIRCLE ( 'NONE', #4254, 0.2249999999999999500 ) ;
#8011 = CIRCLE ( 'NONE', #7599, 0.2249999999999999500 ) ;
#8012 = EDGE_CURVE ( 'NONE', #8332, #6285, #7214, .T. ) ;
#8013 = CARTESIAN_POINT ( 'NONE',  ( -0.4000000000000000222, 0.2250000000000024758, -0.4000000000000000222 ) ) ;
#8014 = DIRECTION ( 'NONE',  ( -1.000000000000000000, 0.000000000000000000, 0.000000000000000000 ) ) ;
#8015 = ADVANCED_FACE ( 'NONE', ( #4476 ), #400, .T. ) ;
#8016 = CIRCLE ( 'NONE', #3579, 0.2249999999999999500 ) ;
#8017 = CARTESIAN_POINT ( 'NONE',  ( -2.000000000000000000, 0.2250000000000000056, 1.199999999999999956 ) ) ;
#8018 =( GEOMETRIC_REPRESENTATION_CONTEXT ( 3 ) GLOBAL_UNCERTAINTY_ASSIGNED_CONTEXT ( ( #647 ) ) GLOBAL_UNIT_ASSIGNED_CONTEXT ( ( #5336, #4689, #5437 ) ) REPRESENTATION_CONTEXT ( 'NONE', 'WORKASPACE' ) );
#8019 = CARTESIAN_POINT ( 'NONE',  ( -1.199999999999999956, 0.2250000000000000056, -2.000000000000000000 ) ) ;
#8020 = ORIENTED_EDGE ( 'NONE', *, *, #6144, .T. ) ;
#8021 = ORIENTED_EDGE ( 'NONE', *, *, #4029, .T. ) ;
#8022 = ORIENTED_EDGE ( 'NONE', *, *, #6039, .T. ) ;
#8023 = FACE_OUTER_BOUND ( 'NONE', #1007, .T. ) ;
#8024 = AXIS2_PLACEMENT_3D ( 'NONE', #7029, #1726, #427 ) ;
#8025 = CARTESIAN_POINT ( 'NONE',  ( -1.199999999999999956, 0.2250000000000000056, 2.000000000000000000 ) ) ;
#8026 = FACE_OUTER_BOUND ( 'NONE', #1748, .T. ) ;
#8027 = FILL_AREA_STYLE ('',( #2110 ) ) ;
#8028 = CARTESIAN_POINT ( 'NONE',  ( 2.399999999999999911, 0.3499999999999999778, 3.200000000000000178 ) ) ;
#8029 = AXIS2_PLACEMENT_3D ( 'NONE', #5272, #7938, #7290 ) ;
#8030 = DIRECTION ( 'NONE',  ( 5.795304382052420359E-16, -1.000000000000000000, 0.000000000000000000 ) ) ;
#8031 = AXIS2_PLACEMENT_3D ( 'NONE', #931, #6278, #7588 ) ;
#8032 = VERTEX_POINT ( 'NONE', #444 ) ;
#8033 = DIRECTION ( 'NONE',  ( 0.000000000000000000, 0.000000000000000000, 1.000000000000000000 ) ) ;
#8034 = DIRECTION ( 'NONE',  ( 5.795304382052420359E-16, -1.000000000000000000, 0.000000000000000000 ) ) ;
#8035 = CIRCLE ( 'NONE', #2330, 0.1870828693386994979 ) ;
#8036 = DIRECTION ( 'NONE',  ( -1.000000000000000000, 0.000000000000000000, 0.000000000000000000 ) ) ;
#8037 = CIRCLE ( 'NONE', #6224, 0.2249999999999999500 ) ;
#8038 = FILL_AREA_STYLE ('',( #7917 ) ) ;
#8039 = AXIS2_PLACEMENT_3D ( 'NONE', #570, #5090, #3839 ) ;
#8040 = AXIS2_PLACEMENT_3D ( 'NONE', #3581, #5494, #6226 ) ;
#8041 = ORIENTED_EDGE ( 'NONE', *, *, #2968, .T. ) ;
#8042 = DIRECTION ( 'NONE',  ( 0.000000000000000000, 0.000000000000000000, -1.000000000000000000 ) ) ;
#8043 = ORIENTED_EDGE ( 'NONE', *, *, #40, .F. ) ;
#8044 = DIRECTION ( 'NONE',  ( -1.000000000000000000, 0.000000000000000000, 0.000000000000000000 ) ) ;
#8045 = DIRECTION ( 'NONE',  ( -1.000000000000000000, 0.000000000000000000, 0.000000000000000000 ) ) ;
#8046 = PLANE ( 'NONE',  #5399 ) ;
#8047 = UNCERTAINTY_MEASURE_WITH_UNIT (LENGTH_MEASURE( 1.000000000000000082E-05 ), #3117, 'distance_accuracy_value', 'NONE');
#8048 =( NAMED_UNIT ( * ) PLANE_ANGLE_UNIT ( ) SI_UNIT ( $, .RADIAN. ) );
#8049 = STYLED_ITEM ( 'NONE', ( #4942 ), #8281 ) ;
#8050 = SURFACE_SIDE_STYLE ('',( #7925 ) ) ;
#8051 = AXIS2_PLACEMENT_3D ( 'NONE', #4694, #5393, #1302 ) ;
#8052 = CARTESIAN_POINT ( 'NONE',  ( -1.199999999999999956, 0.2250000000000000056, -1.199999999999999956 ) ) ;
#8053 = EDGE_LOOP ( 'NONE', ( #3316, #2266, #1675 ) ) ;
#8054 = DIRECTION ( 'NONE',  ( 0.000000000000000000, 0.000000000000000000, -1.000000000000000000 ) ) ;
#8055 = ORIENTED_EDGE ( 'NONE', *, *, #7055, .T. ) ;
#8056 = MANIFOLD_SOLID_BREP ( 'NONE', #2981 ) ;
#8057 = ORIENTED_EDGE ( 'NONE', *, *, #7177, .T. ) ;
#8058 = VERTEX_POINT ( 'NONE', #7143 ) ;
#8059 = VECTOR ( 'NONE', #2417, 1000.000000000000000 ) ;
#8060 = ADVANCED_FACE ( 'NONE', ( #1872 ), #696, .T. ) ;
#8061 = SPHERICAL_SURFACE ( 'NONE', #1504, 0.2250000000000000056 ) ;
#8062 = CARTESIAN_POINT ( 'NONE',  ( 1.012917130661300957, 0.3499999999999998668, -2.799999999999999822 ) ) ;
#8063 = ADVANCED_FACE ( 'NONE', ( #7799 ), #5293, .T. ) ;
#8064 =( GEOMETRIC_REPRESENTATION_CONTEXT ( 3 ) GLOBAL_UNCERTAINTY_ASSIGNED_CONTEXT ( ( #2856 ) ) GLOBAL_UNIT_ASSIGNED_CONTEXT ( ( #2533, #4479, #3227 ) ) REPRESENTATION_CONTEXT ( 'NONE', 'WORKASPACE' ) );
#8065 = DIRECTION ( 'NONE',  ( -1.000000000000000000, 0.000000000000000000, 0.000000000000000000 ) ) ;
#8066 = EDGE_CURVE ( 'NONE', #7701, #2403, #1509, .T. ) ;
#8067 = DIRECTION ( 'NONE',  ( -6.938893903907230350E-16, 1.000000000000000000, 0.000000000000000000 ) ) ;
#8068 = EDGE_LOOP ( 'NONE', ( #1058, #5141, #235 ) ) ;
#8069 = ORIENTED_EDGE ( 'NONE', *, *, #413, .T. ) ;
#8070 = VERTEX_POINT ( 'NONE', #4732 ) ;
#8071 = EDGE_CURVE ( 'NONE', #1665, #1030, #678, .T. ) ;
#8072 = CARTESIAN_POINT ( 'NONE',  ( 0.2129171306613010239, 0.3499999999999998668, 0.4000000000000000222 ) ) ;
#8073 = MECHANICAL_DESIGN_GEOMETRIC_PRESENTATION_REPRESENTATION (  '', ( #2 ), #2515 ) ;
#8074 = SPHERICAL_SURFACE ( 'NONE', #4825, 0.2250000000000000056 ) ;
#8075 = FACE_OUTER_BOUND ( 'NONE', #4260, .T. ) ;
#8076 = EDGE_CURVE ( 'NONE', #4524, #962, #5825, .T. ) ;
#8077 =( NAMED_UNIT ( * ) PLANE_ANGLE_UNIT ( ) SI_UNIT ( $, .RADIAN. ) );
#8078 =( LENGTH_UNIT ( ) NAMED_UNIT ( * ) SI_UNIT ( .MILLI., .METRE. ) );
#8079 = DIRECTION ( 'NONE',  ( -0.000000000000000000, -0.000000000000000000, -1.000000000000000000 ) ) ;
#8080 = ORIENTED_EDGE ( 'NONE', *, *, #4019, .T. ) ;
#8081 = ADVANCED_FACE ( 'NONE', ( #2807 ), #8046, .F. ) ;
#8082 = DIRECTION ( 'NONE',  ( 5.795304382052420359E-16, -1.000000000000000000, 0.000000000000000000 ) ) ;
#8083 = DIRECTION ( 'NONE',  ( 0.000000000000000000, 0.000000000000000000, 1.000000000000000000 ) ) ;
#8084 = DIRECTION ( 'NONE',  ( -1.000000000000000000, 0.000000000000000000, 0.000000000000000000 ) ) ;
#8085 = CARTESIAN_POINT ( 'NONE',  ( 0.4000000000000000222, 0.2250000000000030032, -2.000000000000000000 ) ) ;
#8086 =( LENGTH_UNIT ( ) NAMED_UNIT ( * ) SI_UNIT ( .MILLI., .METRE. ) );
#8087 = FILL_AREA_STYLE ('',( #5427 ) ) ;
#8088 = AXIS2_PLACEMENT_3D ( 'NONE', #274, #3624, #4225 ) ;
#8089 =( GEOMETRIC_REPRESENTATION_CONTEXT ( 3 ) GLOBAL_UNCERTAINTY_ASSIGNED_CONTEXT ( ( #3438 ) ) GLOBAL_UNIT_ASSIGNED_CONTEXT ( ( #4255, #6913, #2966 ) ) REPRESENTATION_CONTEXT ( 'NONE', 'WORKASPACE' ) );
#8090 = EDGE_LOOP ( 'NONE', ( #4291, #5011, #205 ) ) ;
#8091 = CARTESIAN_POINT ( 'NONE',  ( -0.2129171306613005243, 0.3500000000000000888, 1.199999999999999956 ) ) ;
#8092 = EDGE_LOOP ( 'NONE', ( #6173, #5051, #8141 ) ) ;
#8093 = SURFACE_STYLE_FILL_AREA ( #4863 ) ;
#8094 = CIRCLE ( 'NONE', #7819, 0.2249999999999999500 ) ;
#8095 = STYLED_ITEM ( 'NONE', ( #817 ), #5510 ) ;
#8096 = FACE_OUTER_BOUND ( 'NONE', #1569, .T. ) ;
#8097 = DIRECTION ( 'NONE',  ( 0.000000000000000000, 1.000000000000000000, 0.000000000000000000 ) ) ;
#8098 = AXIS2_PLACEMENT_3D ( 'NONE', #102, #2138, #2098 ) ;
#8099 = CARTESIAN_POINT ( 'NONE',  ( -3.699999999999998845, 0.9500000000000003997, -4.699999999999999289 ) ) ;
#8100 = VERTEX_POINT ( 'NONE', #3950 ) ;
#8101 = EDGE_LOOP ( 'NONE', ( #1431, #1981, #5538, #7410 ) ) ;
#8102 = ORIENTED_EDGE ( 'NONE', *, *, #6728, .T. ) ;
#8103 = PRESENTATION_STYLE_ASSIGNMENT (( #3535 ) ) ;
#8104 = SPHERICAL_SURFACE ( 'NONE', #5820, 0.2250000000000000056 ) ;
#8105 = CIRCLE ( 'NONE', #448, 0.1870828693386989983 ) ;
#8106 = DIRECTION ( 'NONE',  ( 1.000000000000000000, 0.000000000000000000, 0.000000000000000000 ) ) ;
#8107 = EDGE_CURVE ( 'NONE', #5610, #5117, #1234, .T. ) ;
#8108 = EDGE_LOOP ( 'NONE', ( #7765, #7098 ) ) ;
#8109 = ORIENTED_EDGE ( 'NONE', *, *, #2102, .T. ) ;
#8110 = ORIENTED_EDGE ( 'NONE', *, *, #4029, .F. ) ;
#8111 = SPHERICAL_SURFACE ( 'NONE', #1316, 0.2250000000000000056 ) ;
#8112 = CARTESIAN_POINT ( 'NONE',  ( -2.000000000000000000, 0.000000000000000000, -0.4000000000000000222 ) ) ;
#8113 = CARTESIAN_POINT ( 'NONE',  ( -1.199999999999999956, 0.2250000000000000056, -2.799999999999999822 ) ) ;
#8114 = ADVANCED_FACE ( 'NONE', ( #7880 ), #645, .F. ) ;
#8115 = DIRECTION ( 'NONE',  ( 1.000000000000000000, 5.795304382052416415E-16, 0.000000000000000000 ) ) ;
#8116 = SURFACE_STYLE_FILL_AREA ( #7425 ) ;
#8117 = AXIS2_PLACEMENT_3D ( 'NONE', #7049, #1091, #8422 ) ;
#8118 = FILL_AREA_STYLE ('',( #4196 ) ) ;
#8119 = ADVANCED_FACE ( 'NONE', ( #7999 ), #4599, .T. ) ;
#8120 = DIRECTION ( 'NONE',  ( -1.000000000000000000, 0.000000000000000000, 0.000000000000000000 ) ) ;
#8121 = ORIENTED_EDGE ( 'NONE', *, *, #6512, .T. ) ;
#8122 = EDGE_CURVE ( 'NONE', #8557, #3233, #5549, .T. ) ;
#8123 = AXIS2_PLACEMENT_3D ( 'NONE', #1693, #4419, #7089 ) ;
#8124 = DIRECTION ( 'NONE',  ( -0.000000000000000000, -0.000000000000000000, -1.000000000000000000 ) ) ;
#8125 = ADVANCED_FACE ( 'NONE', ( #5249 ), #2037, .T. ) ;
#8126 = CARTESIAN_POINT ( 'NONE',  ( -0.4000000000000000222, 0.2250000000000024758, -2.000000000000000000 ) ) ;
#8127 = FILL_AREA_STYLE ('',( #250 ) ) ;
#8128 = SURFACE_STYLE_USAGE ( .BOTH. , #211 ) ;
#8129 = CIRCLE ( 'NONE', #7156, 0.2249999999999999500 ) ;
#8130 = ORIENTED_EDGE ( 'NONE', *, *, #5686, .F. ) ;
#8131 = FACE_OUTER_BOUND ( 'NONE', #1611, .T. ) ;
#8132 = VERTEX_POINT ( 'NONE', #1337 ) ;
#8133 = DIRECTION ( 'NONE',  ( 0.000000000000000000, 1.000000000000000000, 0.000000000000000000 ) ) ;
#8134 = SURFACE_STYLE_FILL_AREA ( #1477 ) ;
#8135 = SURFACE_STYLE_FILL_AREA ( #7083 ) ;
#8136 = CARTESIAN_POINT ( 'NONE',  ( 4.000000000000000000, 0.3499999999999999778, 7.200000000000000178 ) ) ;
#8137 = DIRECTION ( 'NONE',  ( -1.000000000000000000, 0.000000000000000000, 0.000000000000000000 ) ) ;
#8138 = DIRECTION ( 'NONE',  ( 1.000000000000000000, 5.795304382052416415E-16, 0.000000000000000000 ) ) ;
#8139 = CIRCLE ( 'NONE', #502, 0.2249999999999999500 ) ;
#8140 = CARTESIAN_POINT ( 'NONE',  ( 3.600000000000000089, 0.2250000000000049738, 4.400000000000000355 ) ) ;
#8141 = ORIENTED_EDGE ( 'NONE', *, *, #7527, .T. ) ;
#8142 = ORIENTED_EDGE ( 'NONE', *, *, #5334, .F. ) ;
#8143 = ORIENTED_EDGE ( 'NONE', *, *, #5890, .T. ) ;
#8144 = FACE_OUTER_BOUND ( 'NONE', #6398, .T. ) ;
#8145 = MECHANICAL_DESIGN_GEOMETRIC_PRESENTATION_REPRESENTATION (  '', ( #6465 ), #633 ) ;
#8146 = DIRECTION ( 'NONE',  ( 1.000000000000000000, 5.795304382052431206E-16, 0.000000000000000000 ) ) ;
#8147 = CIRCLE ( 'NONE', #7871, 0.2250000000000000056 ) ;
#8148 = DIRECTION ( 'NONE',  ( -1.000000000000000000, 0.000000000000000000, 0.000000000000000000 ) ) ;
#8149 = CARTESIAN_POINT ( 'NONE',  ( -0.4000000000000000222, 0.2250000000000024758, -2.000000000000000000 ) ) ;
#8150 =( GEOMETRIC_REPRESENTATION_CONTEXT ( 3 ) GLOBAL_UNCERTAINTY_ASSIGNED_CONTEXT ( ( #7191 ) ) GLOBAL_UNIT_ASSIGNED_CONTEXT ( ( #2035, #5289, #603 ) ) REPRESENTATION_CONTEXT ( 'NONE', 'WORKASPACE' ) );
#8151 = ORIENTED_EDGE ( 'NONE', *, *, #8107, .F. ) ;
#8152 = CIRCLE ( 'NONE', #1763, 0.1870828693386994979 ) ;
#8153 = ORIENTED_EDGE ( 'NONE', *, *, #2305, .F. ) ;
#8154 = EDGE_LOOP ( 'NONE', ( #1126, #6563, #4402, #2497 ) ) ;
#8155 = DIRECTION ( 'NONE',  ( -1.000000000000000000, 0.000000000000000000, 0.000000000000000000 ) ) ;
#8156 = DIRECTION ( 'NONE',  ( 0.000000000000000000, 0.000000000000000000, 1.000000000000000000 ) ) ;
#8157 = DIRECTION ( 'NONE',  ( 6.918242433955120338E-16, -1.000000000000000000, 0.000000000000000000 ) ) ;
#8158 = PLANE ( 'NONE',  #772 ) ;
#8159 = CIRCLE ( 'NONE', #3711, 0.2249999999999999500 ) ;
#8160 = DIRECTION ( 'NONE',  ( -1.000000000000000000, 0.000000000000000000, 0.000000000000000000 ) ) ;
#8161 = AXIS2_PLACEMENT_3D ( 'NONE', #2220, #4819, #4211 ) ;
#8162 = CARTESIAN_POINT ( 'NONE',  ( 0.2129171306613010239, 0.3499999999999998668, 2.000000000000000000 ) ) ;
#8163 = ORIENTED_EDGE ( 'NONE', *, *, #1841, .T. ) ;
#8164 = AXIS2_PLACEMENT_3D ( 'NONE', #7720, #1764, #7856 ) ;
#8165 = CIRCLE ( 'NONE', #6911, 0.1870828693386989983 ) ;
#8166 = ADVANCED_FACE ( 'NONE', ( #3394 ), #2219, .F. ) ;
#8167 = EDGE_CURVE ( 'NONE', #5861, #7766, #2336, .T. ) ;
#8168 = FACE_OUTER_BOUND ( 'NONE', #4618, .T. ) ;
#8169 =( NAMED_UNIT ( * ) SI_UNIT ( $, .STERADIAN. ) SOLID_ANGLE_UNIT ( ) );
#8170 = AXIS2_PLACEMENT_3D ( 'NONE', #6621, #2009, #2683 ) ;
#8171 = AXIS2_PLACEMENT_3D ( 'NONE', #8349, #2316, #3028 ) ;
#8172 =( NAMED_UNIT ( * ) PLANE_ANGLE_UNIT ( ) SI_UNIT ( $, .RADIAN. ) );
#8173 = MANIFOLD_SOLID_BREP ( 'NONE', #3536 ) ;
#8174 = EDGE_CURVE ( 'NONE', #5885, #6573, #814, .T. ) ;
#8175 = EDGE_LOOP ( 'NONE', ( #7571, #972, #7652, #4606 ) ) ;
#8176 = CARTESIAN_POINT ( 'NONE',  ( 1.199999999999999956, 0.2250000000000035028, -2.000000000000000000 ) ) ;
#8177 = ORIENTED_EDGE ( 'NONE', *, *, #5278, .T. ) ;
#8178 = CIRCLE ( 'NONE', #7899, 0.2249999999999999500 ) ;
#8179 = AXIS2_PLACEMENT_3D ( 'NONE', #261, #2888, #4906 ) ;
#8180 = DIRECTION ( 'NONE',  ( 1.000000000000000000, 5.795304382052429234E-16, 0.000000000000000000 ) ) ;
#8181 = ADVANCED_FACE ( 'NONE', ( #4210 ), #6866, .T. ) ;
#8182 = CARTESIAN_POINT ( 'NONE',  ( -3.699999999999998845, 0.9500000000000003997, -4.699999999999999289 ) ) ;
#8183 = FACE_OUTER_BOUND ( 'NONE', #5299, .T. ) ;
#8184 =( NAMED_UNIT ( * ) SI_UNIT ( $, .STERADIAN. ) SOLID_ANGLE_UNIT ( ) );
#8185 =( NAMED_UNIT ( * ) SI_UNIT ( $, .STERADIAN. ) SOLID_ANGLE_UNIT ( ) );
#8186 = AXIS2_PLACEMENT_3D ( 'NONE', #3216, #5906, #5991 ) ;
#8187 = CARTESIAN_POINT ( 'NONE',  ( -3.600000000000000089, 0.3499999999999999778, 4.400000000000000355 ) ) ;
#8188 = CARTESIAN_POINT ( 'NONE',  ( -2.000000000000000000, 0.2250000000000000056, -1.199999999999999956 ) ) ;
#8189 = ORIENTED_EDGE ( 'NONE', *, *, #5982, .F. ) ;
#8190 = MANIFOLD_SOLID_BREP ( 'NONE', #1443 ) ;
#8191 = ORIENTED_EDGE ( 'NONE', *, *, #839, .F. ) ;
#8192 = ORIENTED_EDGE ( 'NONE', *, *, #7100, .F. ) ;
#8193 = PRESENTATION_STYLE_ASSIGNMENT (( #2135 ) ) ;
#8194 = COLOUR_RGB ( '',0.7921568627450980005, 0.8196078431372548767, 0.9333333333333333481 ) ;
#8195 = AXIS2_PLACEMENT_3D ( 'NONE', #5439, #651, #8054 ) ;
#8196 = FACE_OUTER_BOUND ( 'NONE', #8101, .T. ) ;
#8197 = CARTESIAN_POINT ( 'NONE',  ( -0.5870828693386994646, 0.3499999999999998668, 2.000000000000000000 ) ) ;
#8198 = CARTESIAN_POINT ( 'NONE',  ( -4.499999999999998224, 0.3499999999999961475, 5.500000000000000000 ) ) ;
#8199 = COLOUR_RGB ( '',0.7921568627450980005, 0.8196078431372548767, 0.9333333333333333481 ) ;
#8200 = DIRECTION ( 'NONE',  ( 0.000000000000000000, 0.000000000000000000, 1.000000000000000000 ) ) ;
#8201 = CIRCLE ( 'NONE', #4433, 0.1870828693386989428 ) ;
#8202 = ORIENTED_EDGE ( 'NONE', *, *, #2426, .F. ) ;
#8203 = VERTEX_POINT ( 'NONE', #2298 ) ;
#8204 = ORIENTED_EDGE ( 'NONE', *, *, #5928, .F. ) ;
#8205 = CARTESIAN_POINT ( 'NONE',  ( 2.000000000000000000, 0.2250000000000040024, -2.000000000000000000 ) ) ;
#8206 = CARTESIAN_POINT ( 'NONE',  ( 0.4000000000000000222, 0.3499999999999999778, 0.4000000000000000222 ) ) ;
#8207 = CARTESIAN_POINT ( 'NONE',  ( 1.600000000000000089, 0.3499999999999999778, 4.799999999999999822 ) ) ;
#8208 = MANIFOLD_SOLID_BREP ( 'NONE', #1993 ) ;
#8209 = CARTESIAN_POINT ( 'NONE',  ( -1.199999999999999956, 0.2250000000000000056, -2.799999999999999822 ) ) ;
#8210 = PRESENTATION_LAYER_ASSIGNMENT (  '', '', ( #5705 ) ) ;
#8211 = DIRECTION ( 'NONE',  ( 5.795304382052420359E-16, -1.000000000000000000, 0.000000000000000000 ) ) ;
#8212 = ORIENTED_EDGE ( 'NONE', *, *, #4927, .T. ) ;
#8213 = CARTESIAN_POINT ( 'NONE',  ( 0.4000000000000000222, 0.2250000000000030032, -1.199999999999999956 ) ) ;
#8214 = FACE_OUTER_BOUND ( 'NONE', #5368, .T. ) ;
#8215 = FACE_OUTER_BOUND ( 'NONE', #2643, .T. ) ;
#8216 = FILL_AREA_STYLE ('',( #2120 ) ) ;
#8217 = DIRECTION ( 'NONE',  ( 6.918242433955120338E-16, -1.000000000000000000, 0.000000000000000000 ) ) ;
#8218 = MANIFOLD_SOLID_BREP ( 'NONE', #328 ) ;
#8219 = ORIENTED_EDGE ( 'NONE', *, *, #2492, .T. ) ;
#8220 = ADVANCED_FACE ( 'NONE', ( #8183 ), #1168, .F. ) ;
#8221 = ORIENTED_EDGE ( 'NONE', *, *, #6528, .T. ) ;
#8222 = CARTESIAN_POINT ( 'NONE',  ( 0.4000000000000000222, 3.008661028647274804E-15, 2.000000000000000000 ) ) ;
#8223 = ORIENTED_EDGE ( 'NONE', *, *, #6611, .T. ) ;
#8224 = CARTESIAN_POINT ( 'NONE',  ( 1.600000000000000089, 0.3499999999999999778, 6.400000000000000355 ) ) ;
#8225 = FILL_AREA_STYLE ('',( #908 ) ) ;
#8226 = EDGE_CURVE ( 'NONE', #6926, #7016, #4292, .T. ) ;
#8227 = AXIS2_PLACEMENT_3D ( 'NONE', #5578, #1780, #4423 ) ;
#8228 = CARTESIAN_POINT ( 'NONE',  ( -2.000000000000000000, 0.3499999999999999778, -2.000000000000000000 ) ) ;
#8229 = SPHERICAL_SURFACE ( 'NONE', #7396, 0.2250000000000000056 ) ;
#8230 = SPHERICAL_SURFACE ( 'NONE', #2388, 0.2250000000000000056 ) ;
#8231 = EDGE_CURVE ( 'NONE', #8032, #5885, #2640, .T. ) ;
#8232 = CARTESIAN_POINT ( 'NONE',  ( -2.799999999999999822, 0.2250000000000000056, -4.400000000000000355 ) ) ;
#8233 = VERTEX_POINT ( 'NONE', #4996 ) ;
#8234 = CIRCLE ( 'NONE', #6978, 0.2249999999999999500 ) ;
#8235 = MANIFOLD_SOLID_BREP ( 'NONE', #5306 ) ;
#8236 = ADVANCED_FACE ( 'NONE', ( #7092 ), #2077, .T. ) ;
#8237 = COLOUR_RGB ( '',0.7921568627450980005, 0.8196078431372548767, 0.9333333333333333481 ) ;
#8238 = EDGE_LOOP ( 'NONE', ( #2896, #7889, #775, #5356 ) ) ;
#8239 = VERTEX_POINT ( 'NONE', #3345 ) ;
#8240 = SPHERICAL_SURFACE ( 'NONE', #4970, 0.2250000000000000056 ) ;
#8241 = UNCERTAINTY_MEASURE_WITH_UNIT (LENGTH_MEASURE( 1.000000000000000082E-05 ), #8582, 'distance_accuracy_value', 'NONE');
#8242 = FILL_AREA_STYLE ('',( #5587 ) ) ;
#8243 = CIRCLE ( 'NONE', #3926, 0.2249999999999999500 ) ;
#8244 = CIRCLE ( 'NONE', #7953, 0.2249999999999999500 ) ;
#8245 = DIRECTION ( 'NONE',  ( 1.000000000000000000, 0.000000000000000000, 0.000000000000000000 ) ) ;
#8246 = DIRECTION ( 'NONE',  ( -1.224646799147353207E-16, -0.000000000000000000, -1.000000000000000000 ) ) ;
#8247 = EDGE_LOOP ( 'NONE', ( #3369, #7495 ) ) ;
#8248 = VERTEX_POINT ( 'NONE', #2568 ) ;
#8249 = VERTEX_POINT ( 'NONE', #1424 ) ;
#8250 = DIRECTION ( 'NONE',  ( 1.000000000000000000, 5.795304382052414442E-16, 0.000000000000000000 ) ) ;
#8251 = AXIS2_PLACEMENT_3D ( 'NONE', #4790, #5589, #1576 ) ;
#8252 = DIRECTION ( 'NONE',  ( 5.795304382052420359E-16, -1.000000000000000000, 0.000000000000000000 ) ) ;
#8253 = CARTESIAN_POINT ( 'NONE',  ( 5.599999999999999645, 0.3499999999999999778, 2.399999999999999911 ) ) ;
#8254 = MANIFOLD_SOLID_BREP ( 'NONE', #50 ) ;
#8255 = DIRECTION ( 'NONE',  ( -1.000000000000000000, 0.000000000000000000, 0.000000000000000000 ) ) ;
#8256 = DIRECTION ( 'NONE',  ( 5.795304382052420359E-16, -1.000000000000000000, 0.000000000000000000 ) ) ;
#8257 = CARTESIAN_POINT ( 'NONE',  ( 2.000000000000000000, 0.2250000000000040024, 2.000000000000000000 ) ) ;
#8258 = VERTEX_POINT ( 'NONE', #3598 ) ;
#8259 = PLANE ( 'NONE',  #1870 ) ;
#8260 = DIRECTION ( 'NONE',  ( -0.000000000000000000, -0.000000000000000000, -1.000000000000000000 ) ) ;
#8261 = CLOSED_SHELL ( 'NONE', ( #8015, #6242, #609, #5343, #3543 ) ) ;
#8262 = EDGE_CURVE ( 'NONE', #4683, #5169, #2926, .T. ) ;
#8263 = DIRECTION ( 'NONE',  ( -1.000000000000000000, 0.000000000000000000, 2.409338161078898687E-16 ) ) ;
#8264 =( NAMED_UNIT ( * ) PLANE_ANGLE_UNIT ( ) SI_UNIT ( $, .RADIAN. ) );
#8265 = MANIFOLD_SOLID_BREP ( 'NONE', #893 ) ;
#8266 = EDGE_LOOP ( 'NONE', ( #4262, #1387, #7341 ) ) ;
#8267 = AXIS2_PLACEMENT_3D ( 'NONE', #5824, #8504, #7828 ) ;
#8268 = ORIENTED_EDGE ( 'NONE', *, *, #4177, .F. ) ;
#8269 = SPHERICAL_SURFACE ( 'NONE', #1169, 0.2250000000000000056 ) ;
#8270 = EDGE_LOOP ( 'NONE', ( #1567, #338, #473, #223 ) ) ;
#8271 = DIRECTION ( 'NONE',  ( -6.938893903907230350E-16, 1.000000000000000000, 0.000000000000000000 ) ) ;
#8272 = DIRECTION ( 'NONE',  ( 0.000000000000000000, 1.000000000000000000, 0.000000000000000000 ) ) ;
#8273 = DIRECTION ( 'NONE',  ( 0.000000000000000000, 1.000000000000000000, 0.000000000000000000 ) ) ;
#8274 = AXIS2_PLACEMENT_3D ( 'NONE', #6509, #3904, #5320 ) ;
#8275 = DIRECTION ( 'NONE',  ( -1.000000000000000000, 0.000000000000000000, 0.000000000000000000 ) ) ;
#8276 = DIRECTION ( 'NONE',  ( -0.000000000000000000, -0.000000000000000000, -1.000000000000000000 ) ) ;
#8277 = SPHERICAL_SURFACE ( 'NONE', #4888, 0.2250000000000000056 ) ;
#8278 = DIRECTION ( 'NONE',  ( 0.000000000000000000, 0.000000000000000000, 1.000000000000000000 ) ) ;
#8279 = ORIENTED_EDGE ( 'NONE', *, *, #251, .F. ) ;
#8280 = CIRCLE ( 'NONE', #5491, 0.2249999999999999500 ) ;
#8281 = MANIFOLD_SOLID_BREP ( 'NONE', #1165 ) ;
#8282 = ORIENTED_EDGE ( 'NONE', *, *, #1298, .F. ) ;
#8283 = ORIENTED_EDGE ( 'NONE', *, *, #91, .F. ) ;
#8284 = EDGE_CURVE ( 'NONE', #6995, #3824, #4013, .T. ) ;
#8285 = LINE ( 'NONE', #4920, #3873 ) ;
#8286 = ADVANCED_FACE ( 'NONE', ( #5517 ), #5112, .T. ) ;
#8287 = AXIS2_PLACEMENT_3D ( 'NONE', #901, #7519, #249 ) ;
#8288 = DIRECTION ( 'NONE',  ( 0.000000000000000000, 0.000000000000000000, 1.000000000000000000 ) ) ;
#8289 = FACE_OUTER_BOUND ( 'NONE', #6051, .T. ) ;
#8290 = ORIENTED_EDGE ( 'NONE', *, *, #5222, .F. ) ;
#8291 = EDGE_CURVE ( 'NONE', #7088, #2779, #7637, .T. ) ;
#8292 = ORIENTED_EDGE ( 'NONE', *, *, #2774, .F. ) ;
#8293 = EDGE_LOOP ( 'NONE', ( #7050, #2767, #3679, #2768 ) ) ;
#8294 = AXIS2_PLACEMENT_3D ( 'NONE', #2315, #1628, #2984 ) ;
#8295 = AXIS2_PLACEMENT_3D ( 'NONE', #4613, #5854, #8528 ) ;
#8296 = DIRECTION ( 'NONE',  ( -0.000000000000000000, -0.000000000000000000, -1.000000000000000000 ) ) ;
#8297 = DIRECTION ( 'NONE',  ( 1.000000000000000000, 0.000000000000000000, 0.000000000000000000 ) ) ;
#8298 = EDGE_CURVE ( 'NONE', #4711, #8258, #8495, .T. ) ;
#8299 = MANIFOLD_SOLID_BREP ( 'NONE', #1856 ) ;
#8300 = FACE_OUTER_BOUND ( 'NONE', #2895, .T. ) ;
#8301 = DIRECTION ( 'NONE',  ( -1.224646799147353207E-16, -0.000000000000000000, -1.000000000000000000 ) ) ;
#8302 = CIRCLE ( 'NONE', #2604, 0.1870828693386994146 ) ;
#8303 = AXIS2_PLACEMENT_3D ( 'NONE', #6968, #1752, #1054 ) ;
#8304 = PLANE ( 'NONE',  #1560 ) ;
#8305 = VERTEX_POINT ( 'NONE', #7082 ) ;
#8306 = DIRECTION ( 'NONE',  ( -0.000000000000000000, -0.000000000000000000, -1.000000000000000000 ) ) ;
#8307 = CIRCLE ( 'NONE', #6341, 0.2249999999999999500 ) ;
#8308 = DIRECTION ( 'NONE',  ( 1.000000000000000000, 0.000000000000000000, 0.000000000000000000 ) ) ;
#8309 = STYLED_ITEM ( 'NONE', ( #4173 ), #2507 ) ;
#8310 = DIRECTION ( 'NONE',  ( 6.918242433955120338E-16, -1.000000000000000000, 0.000000000000000000 ) ) ;
#8311 = SURFACE_SIDE_STYLE ('',( #1729 ) ) ;
#8312 =( NAMED_UNIT ( * ) PLANE_ANGLE_UNIT ( ) SI_UNIT ( $, .RADIAN. ) );
#8313 = MANIFOLD_SOLID_BREP ( 'NONE', #6718 ) ;
#8314 = AXIS2_PLACEMENT_3D ( 'NONE', #5106, #8531, #1851 ) ;
#8315 = CIRCLE ( 'NONE', #652, 0.2249999999999999500 ) ;
#8316 = EDGE_LOOP ( 'NONE', ( #1400, #8441, #3459, #7569 ) ) ;
#8317 = CIRCLE ( 'NONE', #6191, 0.2249999999999999500 ) ;
#8318 = ORIENTED_EDGE ( 'NONE', *, *, #6330, .T. ) ;
#8319 = DIRECTION ( 'NONE',  ( 6.918242433955120338E-16, -1.000000000000000000, 0.000000000000000000 ) ) ;
#8320 = ORIENTED_EDGE ( 'NONE', *, *, #4538, .F. ) ;
#8321 = CARTESIAN_POINT ( 'NONE',  ( 1.600000000000000089, 0.3499999999999999778, 1.600000000000000089 ) ) ;
#8322 = CIRCLE ( 'NONE', #6631, 0.2250000000000000056 ) ;
#8323 = CARTESIAN_POINT ( 'NONE',  ( 2.000000000000000000, 0.2250000000000040024, 2.000000000000000000 ) ) ;
#8324 = CIRCLE ( 'NONE', #8171, 0.2249999999999999500 ) ;
#8325 = FILL_AREA_STYLE ('',( #6387 ) ) ;
#8326 = DIRECTION ( 'NONE',  ( 0.000000000000000000, 0.000000000000000000, -1.000000000000000000 ) ) ;
#8327 = SURFACE_SIDE_STYLE ('',( #6301 ) ) ;
#8328 = CARTESIAN_POINT ( 'NONE',  ( 2.000000000000000000, 4.011548038196366406E-15, 2.799999999999999822 ) ) ;
#8329 = AXIS2_PLACEMENT_3D ( 'NONE', #4009, #1488, #3276 ) ;
#8330 = DIRECTION ( 'NONE',  ( -1.000000000000000000, 0.000000000000000000, 0.000000000000000000 ) ) ;
#8331 = AXIS2_PLACEMENT_3D ( 'NONE', #7487, #2169, #4252 ) ;
#8332 = VERTEX_POINT ( 'NONE', #3040 ) ;
#8333 = MANIFOLD_SOLID_BREP ( 'NONE', #2849 ) ;
#8334 = DIRECTION ( 'NONE',  ( 0.000000000000000000, 1.000000000000000000, 0.000000000000000000 ) ) ;
#8335 = EDGE_LOOP ( 'NONE', ( #1348, #7520, #4584 ) ) ;
#8336 = FILL_AREA_STYLE ('',( #7753 ) ) ;
#8337 = DIRECTION ( 'NONE',  ( -1.000000000000000000, 0.000000000000000000, 0.000000000000000000 ) ) ;
#8338 = AXIS2_PLACEMENT_3D ( 'NONE', #6693, #1434, #1394 ) ;
#8339 = SURFACE_STYLE_USAGE ( .BOTH. , #3666 ) ;
#8340 = CIRCLE ( 'NONE', #6090, 0.2249999999999999500 ) ;
#8341 = CARTESIAN_POINT ( 'NONE',  ( 1.199999999999999956, 0.2250000000000035028, 0.4000000000000000222 ) ) ;
#8342 = DIRECTION ( 'NONE',  ( -1.224646799147353207E-16, -0.000000000000000000, -1.000000000000000000 ) ) ;
#8343 = EDGE_LOOP ( 'NONE', ( #5032, #3244, #2141, #6320 ) ) ;
#8344 = EDGE_CURVE ( 'NONE', #8233, #5031, #5560, .T. ) ;
#8345 = ORIENTED_EDGE ( 'NONE', *, *, #563, .T. ) ;
#8346 = ORIENTED_EDGE ( 'NONE', *, *, #5725, .F. ) ;
#8347 = COLOUR_RGB ( '',0.7921568627450980005, 0.8196078431372548767, 0.9333333333333333481 ) ;
#8348 = AXIS2_PLACEMENT_3D ( 'NONE', #2225, #4135, #2175 ) ;
#8349 = CARTESIAN_POINT ( 'NONE',  ( 2.799999999999999822, 0.2250000000000045020, -3.600000000000000089 ) ) ;
#8350 = EDGE_CURVE ( 'NONE', #7016, #1216, #4718, .T. ) ;
#8351 = DIRECTION ( 'NONE',  ( 1.000000000000000000, 5.795304382052416415E-16, 0.000000000000000000 ) ) ;
#8352 = DIRECTION ( 'NONE',  ( -0.000000000000000000, -0.000000000000000000, -1.000000000000000000 ) ) ;
#8353 =( LENGTH_UNIT ( ) NAMED_UNIT ( * ) SI_UNIT ( .MILLI., .METRE. ) );
#8354 = EDGE_CURVE ( 'NONE', #3821, #2132, #2503, .T. ) ;
#8355 = CIRCLE ( 'NONE', #5968, 0.2250000000000000056 ) ;
#8356 = AXIS2_PLACEMENT_3D ( 'NONE', #3118, #5194, #1819 ) ;
#8357 = DIRECTION ( 'NONE',  ( 0.000000000000000000, 0.000000000000000000, 1.000000000000000000 ) ) ;
#8358 = ORIENTED_EDGE ( 'NONE', *, *, #1945, .F. ) ;
#8359 = ADVANCED_FACE ( 'NONE', ( #1894 ), #5940, .F. ) ;
#8360 = EDGE_CURVE ( 'NONE', #5060, #491, #8355, .T. ) ;
#8361 = COLOUR_RGB ( '',0.7921568627450980005, 0.8196078431372548767, 0.9333333333333333481 ) ;
#8362 = DIRECTION ( 'NONE',  ( 1.000000000000000000, 0.000000000000000000, 0.000000000000000000 ) ) ;
#8363 = CARTESIAN_POINT ( 'NONE',  ( 4.500000000000007105, 0.3500000000000030864, -5.500000000000000000 ) ) ;
#8364 =( NAMED_UNIT ( * ) SI_UNIT ( $, .STERADIAN. ) SOLID_ANGLE_UNIT ( ) );
#8365 = MANIFOLD_SOLID_BREP ( 'Boss-Extrude1', #6710 ) ;
#8366 = MECHANICAL_DESIGN_GEOMETRIC_PRESENTATION_REPRESENTATION (  '', ( #5704 ), #3340 ) ;
#8367 = EDGE_LOOP ( 'NONE', ( #7479, #2815, #4793 ) ) ;
#8368 = ORIENTED_EDGE ( 'NONE', *, *, #7798, .T. ) ;
#8369 = SPHERICAL_SURFACE ( 'NONE', #2711, 0.2250000000000000056 ) ;
#8370 = SPHERICAL_SURFACE ( 'NONE', #1622, 0.2250000000000000056 ) ;
#8371 = DIRECTION ( 'NONE',  ( -0.000000000000000000, -0.000000000000000000, -1.000000000000000000 ) ) ;
#8372 = SURFACE_STYLE_USAGE ( .BOTH. , #1085 ) ;
#8373 = SPHERICAL_SURFACE ( 'NONE', #316, 0.2250000000000000056 ) ;
#8374 = CARTESIAN_POINT ( 'NONE',  ( 0.4000000000000000222, 0.2250000000000030032, -0.4000000000000000222 ) ) ;
#8375 = VERTEX_POINT ( 'NONE', #3934 ) ;
#8376 = MANIFOLD_SOLID_BREP ( 'NONE', #3810 ) ;
#8377 = CARTESIAN_POINT ( 'NONE',  ( 2.799999999999999822, 4.499439015814843401E-15, 3.600000000000000089 ) ) ;
#8378 = VERTEX_POINT ( 'NONE', #675 ) ;
#8379 = DIRECTION ( 'NONE',  ( -1.000000000000000000, -6.938893903907230350E-16, 0.000000000000000000 ) ) ;
#8380 = CARTESIAN_POINT ( 'NONE',  ( 4.500000000000001776, 0.3499999999999996447, 5.500000000000000000 ) ) ;
#8381 = CARTESIAN_POINT ( 'NONE',  ( 0.4000000000000000222, 0.2250000000000030032, 0.4000000000000000222 ) ) ;
#8382 = FACE_OUTER_BOUND ( 'NONE', #831, .T. ) ;
#8383 = AXIS2_PLACEMENT_3D ( 'NONE', #2089, #1436, #4089 ) ;
#8384 = AXIS2_PLACEMENT_3D ( 'NONE', #6325, #5058, #2451 ) ;
#8385 = CARTESIAN_POINT ( 'NONE',  ( -3.824999999999999734, 0.2250000000000000056, -3.600000000000000089 ) ) ;
#8386 = ORIENTED_EDGE ( 'NONE', *, *, #4380, .F. ) ;
#8387 = ORIENTED_EDGE ( 'NONE', *, *, #827, .T. ) ;
#8388 = ORIENTED_EDGE ( 'NONE', *, *, #3493, .F. ) ;
#8389 = CARTESIAN_POINT ( 'NONE',  ( -1.199999999999999956, 0.000000000000000000, 2.000000000000000000 ) ) ;
#8390 = CARTESIAN_POINT ( 'NONE',  ( -1.199999999999999956, 0.2250000000000000056, 2.000000000000000000 ) ) ;
#8391 = AXIS2_PLACEMENT_3D ( 'NONE', #5484, #2300, #3530 ) ;
#8392 = MANIFOLD_SOLID_BREP ( 'NONE', #5886 ) ;
#8393 = CARTESIAN_POINT ( 'NONE',  ( -2.799999999999999822, 0.2250000000000000056, -4.400000000000000355 ) ) ;
#8394 = EDGE_CURVE ( 'NONE', #3685, #2506, #2798, .T. ) ;
#8395 = PRESENTATION_STYLE_ASSIGNMENT (( #5724 ) ) ;
#8396 = DIRECTION ( 'NONE',  ( -1.000000000000000000, 0.000000000000000000, 2.409338161078899180E-16 ) ) ;
#8397 = ORIENTED_EDGE ( 'NONE', *, *, #6352, .F. ) ;
#8398 = CIRCLE ( 'NONE', #871, 0.2249999999999999500 ) ;
#8399 = AXIS2_PLACEMENT_3D ( 'NONE', #6538, #1883, #7158 ) ;
#8400 = CARTESIAN_POINT ( 'NONE',  ( 2.799999999999999822, 0.2250000000000045020, -4.400000000000000355 ) ) ;
#8401 = DIRECTION ( 'NONE',  ( -1.224646799147353207E-16, -0.000000000000000000, -1.000000000000000000 ) ) ;
#8402 = EDGE_CURVE ( 'NONE', #4968, #3573, #3891, .T. ) ;
#8403 = ADVANCED_FACE ( 'NONE', ( #7513 ), #403, .T. ) ;
#8404 =( LENGTH_UNIT ( ) NAMED_UNIT ( * ) SI_UNIT ( .MILLI., .METRE. ) );
#8405 = DIRECTION ( 'NONE',  ( 1.000000000000000000, 5.795304382052431206E-16, 0.000000000000000000 ) ) ;
#8406 = MANIFOLD_SOLID_BREP ( 'NONE', #333 ) ;
#8407 = ADVANCED_FACE ( 'NONE', ( #6117 ), #3467, .T. ) ;
#8408 = ORIENTED_EDGE ( 'NONE', *, *, #14, .T. ) ;
#8409 = VERTEX_POINT ( 'NONE', #2148 ) ;
#8410 = CLOSED_SHELL ( 'NONE', ( #2918, #2154, #3831, #5509, #3599 ) ) ;
#8411 = DIRECTION ( 'NONE',  ( 0.000000000000000000, 0.000000000000000000, -1.000000000000000000 ) ) ;
#8412 = ADVANCED_FACE ( 'NONE', ( #6764 ), #2065, .T. ) ;
#8413 = FACE_OUTER_BOUND ( 'NONE', #928, .T. ) ;
#8414 = DIRECTION ( 'NONE',  ( 5.795304382052420359E-16, -1.000000000000000000, 0.000000000000000000 ) ) ;
#8415 = ADVANCED_FACE ( 'NONE', ( #4352 ), #4153, .T. ) ;
#8416 = FILL_AREA_STYLE_COLOUR ( '', #2681 ) ;
#8417 = CIRCLE ( 'NONE', #3254, 0.2249999999999999500 ) ;
#8418 = CARTESIAN_POINT ( 'NONE',  ( 3.412917130661300646, 0.3499999999999998668, 3.600000000000000089 ) ) ;
#8419 = DIRECTION ( 'NONE',  ( -1.000000000000000000, 0.000000000000000000, 0.000000000000000000 ) ) ;
#8420 = ORIENTED_EDGE ( 'NONE', *, *, #2485, .F. ) ;
#8421 = MANIFOLD_SOLID_BREP ( 'NONE', #6025 ) ;
#8422 = DIRECTION ( 'NONE',  ( 0.000000000000000000, 0.000000000000000000, -1.000000000000000000 ) ) ;
#8423 = VERTEX_POINT ( 'NONE', #6566 ) ;
#8424 =( NAMED_UNIT ( * ) SI_UNIT ( $, .STERADIAN. ) SOLID_ANGLE_UNIT ( ) );
#8425 = CIRCLE ( 'NONE', #1447, 0.2249999999999999500 ) ;
#8426 = CARTESIAN_POINT ( 'NONE',  ( -0.4000000000000000222, 0.2250000000000024758, 0.4000000000000000222 ) ) ;
#8427 =( NAMED_UNIT ( * ) SI_UNIT ( $, .STERADIAN. ) SOLID_ANGLE_UNIT ( ) );
#8428 = DIRECTION ( 'NONE',  ( 1.000000000000000000, 5.795304382052429234E-16, 0.000000000000000000 ) ) ;
#8429 = FACE_OUTER_BOUND ( 'NONE', #5933, .T. ) ;
#8430 = CIRCLE ( 'NONE', #4502, 0.2249999999999999500 ) ;
#8431 = DIRECTION ( 'NONE',  ( -1.000000000000000000, 0.000000000000000000, 0.000000000000000000 ) ) ;
#8432 = ORIENTED_EDGE ( 'NONE', *, *, #1289, .T. ) ;
#8433 = ORIENTED_EDGE ( 'NONE', *, *, #6726, .F. ) ;
#8434 = EDGE_LOOP ( 'NONE', ( #2201, #4166, #311, #2928 ) ) ;
#8435 = CARTESIAN_POINT ( 'NONE',  ( 0.4000000000000000222, 0.2250000000000030032, -2.799999999999999822 ) ) ;
#8436 = CARTESIAN_POINT ( 'NONE',  ( -2.987082869338699265, 0.3499999999999998668, 3.600000000000000089 ) ) ;
#8437 = AXIS2_PLACEMENT_3D ( 'NONE', #4105, #6151, #755 ) ;
#8438 = MANIFOLD_SOLID_BREP ( 'NONE', #7001 ) ;
#8439 = DIRECTION ( 'NONE',  ( -1.000000000000000000, 0.000000000000000000, 0.000000000000000000 ) ) ;
#8440 = CARTESIAN_POINT ( 'NONE',  ( -1.199999999999999956, 0.2250000000000000056, -2.799999999999999822 ) ) ;
#8441 = ORIENTED_EDGE ( 'NONE', *, *, #3820, .T. ) ;
#8442 = AXIS2_PLACEMENT_3D ( 'NONE', #1768, #5605, #3114 ) ;
#8443 = FACE_OUTER_BOUND ( 'NONE', #753, .T. ) ;
#8444 = CARTESIAN_POINT ( 'NONE',  ( 2.000000000000000000, 0.3499999999999999778, -2.799999999999999822 ) ) ;
#8445 = DIRECTION ( 'NONE',  ( -1.000000000000000000, 0.000000000000000000, 0.000000000000000000 ) ) ;
#8446 = AXIS2_PLACEMENT_3D ( 'NONE', #3633, #3031, #6234 ) ;
#8447 = DIRECTION ( 'NONE',  ( 5.795304382052420359E-16, -1.000000000000000000, 0.000000000000000000 ) ) ;
#8448 = DIRECTION ( 'NONE',  ( -1.000000000000000000, 0.000000000000000000, 0.000000000000000000 ) ) ;
#8449 = CARTESIAN_POINT ( 'NONE',  ( -4.049999999999998934, 1.000000000000000222, -4.699999999999999289 ) ) ;
#8450 = MANIFOLD_SOLID_BREP ( 'NONE', #1579 ) ;
#8451 = ORIENTED_EDGE ( 'NONE', *, *, #5726, .F. ) ;
#8452 = VERTEX_POINT ( 'NONE', #7058 ) ;
#8453 = EDGE_CURVE ( 'NONE', #3660, #693, #1532, .T. ) ;
#8454 = COLOUR_RGB ( '',0.7921568627450980005, 0.8196078431372548767, 0.9333333333333333481 ) ;
#8455 = AXIS2_PLACEMENT_3D ( 'NONE', #2181, #6800, #4832 ) ;
#8456 = EDGE_CURVE ( 'NONE', #821, #1940, #4440, .T. ) ;
#8457 = DIRECTION ( 'NONE',  ( 6.918242433955120338E-16, -1.000000000000000000, 0.000000000000000000 ) ) ;
#8458 = SURFACE_STYLE_USAGE ( .BOTH. , #1737 ) ;
#8459 = CARTESIAN_POINT ( 'NONE',  ( 1.199999999999999956, 0.2250000000000035028, -2.000000000000000000 ) ) ;
#8460 = CARTESIAN_POINT ( 'NONE',  ( 3.824999999999999734, 0.2250000000000049738, -3.600000000000000089 ) ) ;
#8461 = COLOUR_RGB ( '',0.7921568627450980005, 0.8196078431372548767, 0.9333333333333333481 ) ;
#8462 = EDGE_CURVE ( 'NONE', #8058, #2904, #840, .T. ) ;
#8463 = CARTESIAN_POINT ( 'NONE',  ( -1.775000000000000133, 0.2250000000000000056, -2.799999999999999822 ) ) ;
#8464 = VERTEX_POINT ( 'NONE', #5388 ) ;
#8465 = EDGE_CURVE ( 'NONE', #2253, #5342, #5263, .T. ) ;
#8466 = MANIFOLD_SOLID_BREP ( 'NONE', #1727 ) ;
#8467 = VERTEX_POINT ( 'NONE', #7360 ) ;
#8468 = ORIENTED_EDGE ( 'NONE', *, *, #8560, .T. ) ;
#8469 = AXIS2_PLACEMENT_3D ( 'NONE', #3110, #3895, #5767 ) ;
#8470 = AXIS2_PLACEMENT_3D ( 'NONE', #1975, #1890, #7902 ) ;
#8471 = FACE_OUTER_BOUND ( 'NONE', #6711, .T. ) ;
#8472 = EDGE_CURVE ( 'NONE', #7185, #3836, #4857, .T. ) ;
#8473 = CARTESIAN_POINT ( 'NONE',  ( -2.799999999999999822, 0.2250000000000000056, -4.400000000000000355 ) ) ;
#8474 = DIRECTION ( 'NONE',  ( -1.000000000000000000, 0.000000000000000000, 0.000000000000000000 ) ) ;
#8475 = AXIS2_PLACEMENT_3D ( 'NONE', #3374, #4716, #7383 ) ;
#8476 = CIRCLE ( 'NONE', #7340, 0.1870828693386994146 ) ;
#8477 = DIRECTION ( 'NONE',  ( -1.000000000000000000, 0.000000000000000000, 0.000000000000000000 ) ) ;
#8478 = ADVANCED_FACE ( 'NONE', ( #6003 ), #4690, .T. ) ;
#8479 = FACE_OUTER_BOUND ( 'NONE', #6053, .T. ) ;
#8480 = ORIENTED_EDGE ( 'NONE', *, *, #5934, .F. ) ;
#8481 = VERTEX_POINT ( 'NONE', #1957 ) ;
#8482 = EDGE_LOOP ( 'NONE', ( #5180, #1450, #5497, #1649 ) ) ;
#8483 = AXIS2_PLACEMENT_3D ( 'NONE', #8390, #7891, #5145 ) ;
#8484 = AXIS2_PLACEMENT_3D ( 'NONE', #8224, #217, #132 ) ;
#8485 = FACE_OUTER_BOUND ( 'NONE', #6125, .T. ) ;
#8486 = DIRECTION ( 'NONE',  ( -0.000000000000000000, -0.000000000000000000, -1.000000000000000000 ) ) ;
#8487 = CARTESIAN_POINT ( 'NONE',  ( 2.187082869338699442, 0.3500000000000000888, -2.799999999999999822 ) ) ;
#8488 = CARTESIAN_POINT ( 'NONE',  ( -0.2129171306613005243, 0.3500000000000000888, 2.799999999999999822 ) ) ;
#8489 = AXIS2_PLACEMENT_3D ( 'NONE', #7356, #4043, #133 ) ;
#8490 = DIRECTION ( 'NONE',  ( 0.000000000000000000, 1.000000000000000000, 0.000000000000000000 ) ) ;
#8491 = AXIS2_PLACEMENT_3D ( 'NONE', #5161, #636, #4036 ) ;
#8492 = ORIENTED_EDGE ( 'NONE', *, *, #5778, .F. ) ;
#8493 = CARTESIAN_POINT ( 'NONE',  ( 1.424999999999999822, 0.2250000000000035028, -2.799999999999999822 ) ) ;
#8494 = DIRECTION ( 'NONE',  ( -1.000000000000000000, 0.000000000000000000, 0.000000000000000000 ) ) ;
#8495 = CIRCLE ( 'NONE', #7221, 0.2249999999999999500 ) ;
#8496 = DIRECTION ( 'NONE',  ( 5.795304382052420359E-16, -1.000000000000000000, 0.000000000000000000 ) ) ;
#8497 = AXIS2_PLACEMENT_3D ( 'NONE', #2812, #5341, #2043 ) ;
#8498 = CARTESIAN_POINT ( 'NONE',  ( 0.5870828693386989094, 0.3500000000000000888, 0.3999999999999999667 ) ) ;
#8499 = MANIFOLD_SOLID_BREP ( 'NONE', #3113 ) ;
#8500 = ORIENTED_EDGE ( 'NONE', *, *, #398, .T. ) ;
#8501 = COLOUR_RGB ( '',0.7921568627450980005, 0.8196078431372548767, 0.9333333333333333481 ) ;
#8502 = AXIS2_PLACEMENT_3D ( 'NONE', #3292, #4671, #1457 ) ;
#8503 = ORIENTED_EDGE ( 'NONE', *, *, #2879, .F. ) ;
#8504 = DIRECTION ( 'NONE',  ( -1.224646799147353207E-16, -0.000000000000000000, -1.000000000000000000 ) ) ;
#8505 = CARTESIAN_POINT ( 'NONE',  ( 2.799999999999999822, 0.2250000000000045020, 3.600000000000000089 ) ) ;
#8506 =( NAMED_UNIT ( * ) PLANE_ANGLE_UNIT ( ) SI_UNIT ( $, .RADIAN. ) );
#8507 = COLOUR_RGB ( '',0.7921568627450980005, 0.8196078431372548767, 0.9333333333333333481 ) ;
#8508 = APPLICATION_PROTOCOL_DEFINITION ( 'draft international standard', 'automotive_design', 1998, #4781 ) ;
#8509 = COLOUR_RGB ( '',0.7921568627450980005, 0.8196078431372548767, 0.9333333333333333481 ) ;
#8510 = FILL_AREA_STYLE ('',( #4590 ) ) ;
#8511 = ADVANCED_FACE ( 'NONE', ( #87 ), #3354, .T. ) ;
#8512 = DIRECTION ( 'NONE',  ( 1.000000000000000000, 0.000000000000000000, 0.000000000000000000 ) ) ;
#8513 = ORIENTED_EDGE ( 'NONE', *, *, #2761, .F. ) ;
#8514 = MANIFOLD_SOLID_BREP ( 'NONE', #7284 ) ;
#8515 = ORIENTED_EDGE ( 'NONE', *, *, #1786, .T. ) ;
#8516 = ORIENTED_EDGE ( 'NONE', *, *, #6528, .F. ) ;
#8517 = EDGE_CURVE ( 'NONE', #7713, #4041, #4033, .T. ) ;
#8518 = UNCERTAINTY_MEASURE_WITH_UNIT (LENGTH_MEASURE( 1.000000000000000082E-05 ), #6084, 'distance_accuracy_value', 'NONE');
#8519 = SURFACE_SIDE_STYLE ('',( #5843 ) ) ;
#8520 = EDGE_CURVE ( 'NONE', #821, #4315, #284, .T. ) ;
#8521 = CARTESIAN_POINT ( 'NONE',  ( 1.199999999999999956, 0.2250000000000035028, 0.4000000000000000222 ) ) ;
#8522 = EDGE_CURVE ( 'NONE', #1496, #8248, #6957, .T. ) ;
#8523 = ORIENTED_EDGE ( 'NONE', *, *, #1580, .T. ) ;
#8524 = ORIENTED_EDGE ( 'NONE', *, *, #3017, .T. ) ;
#8525 = EDGE_LOOP ( 'NONE', ( #1557, #5053 ) ) ;
#8526 = SURFACE_STYLE_FILL_AREA ( #1145 ) ;
#8527 = PLANE ( 'NONE',  #1915 ) ;
#8528 = DIRECTION ( 'NONE',  ( 1.000000000000000000, 5.795304382052429234E-16, 0.000000000000000000 ) ) ;
#8529 = CIRCLE ( 'NONE', #5019, 0.2249999999999999500 ) ;
#8530 = PRESENTATION_LAYER_ASSIGNMENT (  '', '', ( #583 ) ) ;
#8531 = DIRECTION ( 'NONE',  ( 0.000000000000000000, 0.000000000000000000, 1.000000000000000000 ) ) ;
#8532 = ORIENTED_EDGE ( 'NONE', *, *, #6313, .F. ) ;
#8533 = AXIS2_PLACEMENT_3D ( 'NONE', #7405, #6048, #5338 ) ;
#8534 = DIRECTION ( 'NONE',  ( -1.000000000000000000, 0.000000000000000000, 0.000000000000000000 ) ) ;
#8535 = DIRECTION ( 'NONE',  ( -1.224646799147353207E-16, -0.000000000000000000, -1.000000000000000000 ) ) ;
#8536 = DIRECTION ( 'NONE',  ( -1.000000000000000000, 0.000000000000000000, 0.000000000000000000 ) ) ;
#8537 =( NAMED_UNIT ( * ) PLANE_ANGLE_UNIT ( ) SI_UNIT ( $, .RADIAN. ) );
#8538 = DIRECTION ( 'NONE',  ( -1.000000000000000000, 0.000000000000000000, 0.000000000000000000 ) ) ;
#8539 = CIRCLE ( 'NONE', #1845, 0.2250000000000000056 ) ;
#8540 = AXIS2_PLACEMENT_3D ( 'NONE', #1189, #6495, #543 ) ;
#8541 = EDGE_LOOP ( 'NONE', ( #7442, #8009, #4057 ) ) ;
#8542 = EDGE_CURVE ( 'NONE', #4315, #5996, #4865, .T. ) ;
#8543 = DIRECTION ( 'NONE',  ( -1.000000000000000000, 0.000000000000000000, 0.000000000000000000 ) ) ;
#8544 = AXIS2_PLACEMENT_3D ( 'NONE', #969, #5673, #7626 ) ;
#8545 = CARTESIAN_POINT ( 'NONE',  ( -0.1750000000000000167, 0.2250000000000024758, 0.3999999999999999667 ) ) ;
#8546 = DIRECTION ( 'NONE',  ( 0.000000000000000000, 1.000000000000000000, 0.000000000000000000 ) ) ;
#8547 = ORIENTED_EDGE ( 'NONE', *, *, #7689, .T. ) ;
#8548 = FACE_OUTER_BOUND ( 'NONE', #3013, .T. ) ;
#8549 = VERTEX_POINT ( 'NONE', #7489 ) ;
#8550 = CARTESIAN_POINT ( 'NONE',  ( -2.000000000000000000, 0.2250000000000000056, 2.799999999999999822 ) ) ;
#8551 = CLOSED_SHELL ( 'NONE', ( #505, #3075, #1526, #2556, #5465 ) ) ;
#8552 =( NAMED_UNIT ( * ) SI_UNIT ( $, .STERADIAN. ) SOLID_ANGLE_UNIT ( ) );
#8553 = DIRECTION ( 'NONE',  ( -1.000000000000000000, 0.000000000000000000, 0.000000000000000000 ) ) ;
#8554 = DIRECTION ( 'NONE',  ( 5.795304382052420359E-16, -1.000000000000000000, 0.000000000000000000 ) ) ;
#8555 = ORIENTED_EDGE ( 'NONE', *, *, #6036, .T. ) ;
#8556 = CIRCLE ( 'NONE', #337, 0.2250000000000000056 ) ;
#8557 = VERTEX_POINT ( 'NONE', #6912 ) ;
#8558 = ORIENTED_EDGE ( 'NONE', *, *, #2465, .T. ) ;
#8559 = EDGE_CURVE ( 'NONE', #2854, #8239, #3765, .T. ) ;
#8560 = EDGE_CURVE ( 'NONE', #5996, #4315, #4170, .T. ) ;
#8561 = DIRECTION ( 'NONE',  ( -1.000000000000000000, 0.000000000000000000, 0.000000000000000000 ) ) ;
#8562 = CARTESIAN_POINT ( 'NONE',  ( -3.412917130661300646, 0.3500000000000000888, -4.400000000000000355 ) ) ;
#8563 = AXIS2_PLACEMENT_3D ( 'NONE', #7723, #7250, #4619 ) ;
#8564 = EDGE_CURVE ( 'NONE', #2904, #512, #431, .T. ) ;
#8565 = DIRECTION ( 'NONE',  ( -1.224646799147353207E-16, -0.000000000000000000, -1.000000000000000000 ) ) ;
#8566 = AXIS2_PLACEMENT_3D ( 'NONE', #6499, #5856, #8534 ) ;
#8567 = ADVANCED_FACE ( 'NONE', ( #5530 ), #4212, .T. ) ;
#8568 = DIRECTION ( 'NONE',  ( -1.000000000000000000, 0.000000000000000000, 0.000000000000000000 ) ) ;
#8569 = CARTESIAN_POINT ( 'NONE',  ( 3.200000000000000178, 0.3499999999999999778, 7.200000000000000178 ) ) ;
#8570 = SPHERICAL_SURFACE ( 'NONE', #5650, 0.2250000000000000056 ) ;
#8571 = FILL_AREA_STYLE_COLOUR ( '', #8501 ) ;
#8572 = CARTESIAN_POINT ( 'NONE',  ( 0.4000000000000000222, 0.2250000000000030032, -0.4000000000000000222 ) ) ;
#8573 = FACE_OUTER_BOUND ( 'NONE', #6974, .T. ) ;
#8574 = AXIS2_PLACEMENT_3D ( 'NONE', #5734, #3681, #375 ) ;
#8575 = CARTESIAN_POINT ( 'NONE',  ( 1.199999999999999956, 0.2250000000000035028, 1.199999999999999956 ) ) ;
#8576 = ORIENTED_EDGE ( 'NONE', *, *, #6726, .T. ) ;
#8577 = DIRECTION ( 'NONE',  ( -1.000000000000000000, 0.000000000000000000, 0.000000000000000000 ) ) ;
#8578 =( GEOMETRIC_REPRESENTATION_CONTEXT ( 3 ) GLOBAL_UNCERTAINTY_ASSIGNED_CONTEXT ( ( #3183 ) ) GLOBAL_UNIT_ASSIGNED_CONTEXT ( ( #454, #7767, #2677 ) ) REPRESENTATION_CONTEXT ( 'NONE', 'WORKASPACE' ) );
#8579 = FACE_OUTER_BOUND ( 'NONE', #4727, .T. ) ;
#8580 = AXIS2_PLACEMENT_3D ( 'NONE', #6933, #1022, #1113 ) ;
#8581 = DIRECTION ( 'NONE',  ( -1.224646799147353207E-16, -0.000000000000000000, -1.000000000000000000 ) ) ;
#8582 =( LENGTH_UNIT ( ) NAMED_UNIT ( * ) SI_UNIT ( .MILLI., .METRE. ) );
#8583 =( NAMED_UNIT ( * ) SI_UNIT ( $, .STERADIAN. ) SOLID_ANGLE_UNIT ( ) );
#8584 = COLOUR_RGB ( '',0.7921568627450980005, 0.8196078431372548767, 0.9333333333333333481 ) ;
#8585 = AXIS2_PLACEMENT_3D ( 'NONE', #5447, #1537, #4703 ) ;
#8586 = DIRECTION ( 'NONE',  ( -0.000000000000000000, -0.000000000000000000, -1.000000000000000000 ) ) ;
#8587 = ORIENTED_EDGE ( 'NONE', *, *, #7744, .T. ) ;
#8588 = FACE_OUTER_BOUND ( 'NONE', #4661, .T. ) ;
#8589 = VERTEX_POINT ( 'NONE', #5577 ) ;
#8590 =( LENGTH_UNIT ( ) NAMED_UNIT ( * ) SI_UNIT ( .MILLI., .METRE. ) );
#8591 = CARTESIAN_POINT ( 'NONE',  ( 0.4000000000000000222, 0.2250000000000030032, -2.000000000000000000 ) ) ;
#8592 = CIRCLE ( 'NONE', #2755, 0.1870828693386989983 ) ;
#8593 = SPHERICAL_SURFACE ( 'NONE', #7465, 0.2250000000000000056 ) ;
#8594 = DIRECTION ( 'NONE',  ( -1.000000000000000000, 0.000000000000000000, 2.409338161078899180E-16 ) ) ;
#8595 = FACE_OUTER_BOUND ( 'NONE', #6400, .T. ) ;
#8596 = DIRECTION ( 'NONE',  ( -1.000000000000000000, -6.195440985631453345E-16, 0.000000000000000000 ) ) ;
#8597 = CIRCLE ( 'NONE', #7603, 0.2249999999999999500 ) ;
#8598 = ORIENTED_EDGE ( 'NONE', *, *, #4872, .F. ) ;
#8599 = ORIENTED_EDGE ( 'NONE', *, *, #3125, .F. ) ;
#8600 = VERTEX_POINT ( 'NONE', #909 ) ;
#8601 = DIRECTION ( 'NONE',  ( -1.224646799147353207E-16, -0.000000000000000000, -1.000000000000000000 ) ) ;
#8602 = AXIS2_PLACEMENT_3D ( 'NONE', #8207, #6849, #4887 ) ;
#8603 = CIRCLE ( 'NONE', #1641, 0.1870828693386989983 ) ;
#8604 =( LENGTH_UNIT ( ) NAMED_UNIT ( * ) SI_UNIT ( .MILLI., .METRE. ) );
#8605 = DIRECTION ( 'NONE',  ( -1.224646799147353207E-16, -0.000000000000000000, -1.000000000000000000 ) ) ;
#8606 = EDGE_CURVE ( 'NONE', #6805, #7421, #7927, .T. ) ;
#8607 = DIRECTION ( 'NONE',  ( 1.000000000000000000, 0.000000000000000000, 0.000000000000000000 ) ) ;
#8608 = ORIENTED_EDGE ( 'NONE', *, *, #462, .F. ) ;
#8609 = AXIS2_PLACEMENT_3D ( 'NONE', #1925, #7851, #3889 ) ;
#8610 = AXIS2_PLACEMENT_3D ( 'NONE', #5762, #1295, #1392 ) ;
#8611 = ADVANCED_FACE ( 'NONE', ( #6260 ), #2933, .T. ) ;
#8612 = CARTESIAN_POINT ( 'NONE',  ( -1.424999999999999822, 0.2250000000000000056, 0.4000000000000000222 ) ) ;
#8613 = CARTESIAN_POINT ( 'NONE',  ( 1.199999999999999956, 0.2250000000000035028, 2.799999999999999822 ) ) ;
#8614 = ADVANCED_FACE ( 'NONE', ( #6300 ), #345, .T. ) ;
#8615 = DIRECTION ( 'NONE',  ( -1.000000000000000000, 0.000000000000000000, 0.000000000000000000 ) ) ;
#8616 =( NAMED_UNIT ( * ) PLANE_ANGLE_UNIT ( ) SI_UNIT ( $, .RADIAN. ) );
#8617 = CIRCLE ( 'NONE', #5400, 0.1870828693386994146 ) ;
#8618 = EDGE_CURVE ( 'NONE', #1293, #4486, #568, .T. ) ;
#8619 = CARTESIAN_POINT ( 'NONE',  ( -0.4000000000000000222, 0.2250000000000024758, -1.199999999999999956 ) ) ;
#8620 = ORIENTED_EDGE ( 'NONE', *, *, #3486, .F. ) ;
#8621 = ADVANCED_FACE ( 'NONE', ( #4341 ), #3488, .F. ) ;
#8622 = DIRECTION ( 'NONE',  ( -0.000000000000000000, -0.000000000000000000, -1.000000000000000000 ) ) ;
#8623 = MECHANICAL_DESIGN_GEOMETRIC_PRESENTATION_REPRESENTATION (  '', ( #5692 ), #6516 ) ;
#8624 = AXIS2_PLACEMENT_3D ( 'NONE', #3744, #4509, #2524 ) ;
#8625 = CARTESIAN_POINT ( 'NONE',  ( -1.775000000000000133, 0.2250000000000000056, 1.199999999999999956 ) ) ;
#8626 = DIRECTION ( 'NONE',  ( -1.000000000000000000, 0.000000000000000000, 2.409338161078899180E-16 ) ) ;
#8627 =( NAMED_UNIT ( * ) PLANE_ANGLE_UNIT ( ) SI_UNIT ( $, .RADIAN. ) );
#8628 = PRESENTATION_LAYER_ASSIGNMENT (  '', '', ( #2354 ) ) ;
#8629 = CIRCLE ( 'NONE', #2350, 0.2249999999999999500 ) ;
#8630 = CARTESIAN_POINT ( 'NONE',  ( 2.000000000000000000, 0.2250000000000040024, -2.799999999999999822 ) ) ;
#8631 = ORIENTED_EDGE ( 'NONE', *, *, #6576, .T. ) ;
#8632 = EDGE_LOOP ( 'NONE', ( #8480, #2620, #2003 ) ) ;
#8633 = STYLED_ITEM ( 'NONE', ( #3841 ), #8438 ) ;
#8634 = FACE_OUTER_BOUND ( 'NONE', #2010, .T. ) ;
#8635 = PRESENTATION_LAYER_ASSIGNMENT (  '', '', ( #3756 ) ) ;
#8636 = DIRECTION ( 'NONE',  ( -0.000000000000000000, -0.000000000000000000, -1.000000000000000000 ) ) ;
#8637 =( NAMED_UNIT ( * ) PLANE_ANGLE_UNIT ( ) SI_UNIT ( $, .RADIAN. ) );
#8638 = DIRECTION ( 'NONE',  ( 0.000000000000000000, 0.000000000000000000, 1.000000000000000000 ) ) ;
ENDSEC;
END-ISO-10303-21;
